schema,source_revision,source_path,release_path,sha256,bytes,snapshot_sha256,snapshot_schema
qce-aqce-materials-v1,527ecf88b003455be226e3fa5c8c104046acd4c1,src/DFMMonteCarlo.jl,src/DFMMonteCarlo.jl,da82f69bdca41048e8875931d4050c3b46df2fa5c7be1fd9abca4f0a53b4e8ca,1415983,da82f69bdca41048e8875931d4050c3b46df2fa5c7be1fd9abca4f0a53b4e8ca,bvk2-manuscript-reproducibility-v1
qce-aqce-materials-v1,527ecf88b003455be226e3fa5c8c104046acd4c1,src/burp_bvk2_hybrid.jl,src/burp_bvk2_hybrid.jl,53cc10a4412f7ffa0be352cb0295595a41db9af33cebdceb9646c20a3ddb3c45,22516,53cc10a4412f7ffa0be352cb0295595a41db9af33cebdceb9646c20a3ddb3c45,bvk2-manuscript-reproducibility-v1
qce-aqce-materials-v1,527ecf88b003455be226e3fa5c8c104046acd4c1,src/burp_ti_newton_gmres.jl,src/burp_ti_newton_gmres.jl,db71002d2638abb64030b248eeedc19a54fa8a83b0419a435a262fa2aa1cadd1,49631,db71002d2638abb64030b248eeedc19a54fa8a83b0419a435a262fa2aa1cadd1,bvk2-manuscript-reproducibility-v1
qce-aqce-materials-v1,527ecf88b003455be226e3fa5c8c104046acd4c1,src/bvk1_spectral.jl,src/bvk1_spectral.jl,8a0a43d854c7526279fd59a32cda0a25481a1e00ec308171b8d15eb866b628a5,35796,8a0a43d854c7526279fd59a32cda0a25481a1e00ec308171b8d15eb866b628a5,bvk2-manuscript-reproducibility-v1
qce-aqce-materials-v1,527ecf88b003455be226e3fa5c8c104046acd4c1,src/bvk2.jl,src/bvk2.jl,0d50dd31147feb53b11aeaf974c6317f263109346a81698054ab9bf0ff0a908b,65428,0d50dd31147feb53b11aeaf974c6317f263109346a81698054ab9bf0ff0a908b,bvk2-manuscript-reproducibility-v1
qce-aqce-materials-v1,527ecf88b003455be226e3fa5c8c104046acd4c1,src/bvk2_morphology.jl,src/bvk2_morphology.jl,ef06b67c32a0e9103f0551e38d5144732c3d2dfdfa51ec3c0f265bf55048d394,95631,ef06b67c32a0e9103f0551e38d5144732c3d2dfdfa51ec3c0f265bf55048d394,bvk2-manuscript-reproducibility-v1
qce-aqce-materials-v1,527ecf88b003455be226e3fa5c8c104046acd4c1,src/bvk2_oversample.jl,src/bvk2_oversample.jl,cb6c7d6e390d439b088aaa9856c1360566907b74d806f563ab2a3a4eb9e92676,65234,cb6c7d6e390d439b088aaa9856c1360566907b74d806f563ab2a3a4eb9e92676,bvk2-manuscript-reproducibility-v1
qce-aqce-materials-v1,working-tree,src/opf.jl,src/opf.jl,5da63d2343c1a530b26f03cdad840486e85b8c81622f3a315c12b4a0ae4ad322,29067,28df6452c7c60da4f10788b98c95b316bdcbc8ce84cf59facf78d9cd9ca1149c,bvk2-manuscript-reproducibility-v1
qce-aqce-materials-v1,527ecf88b003455be226e3fa5c8c104046acd4c1,Project.toml,Project.toml,54adf0aad881fb38db113704bb8b115df277410fc536d0b396dee3d6ce6e2933,1369,54adf0aad881fb38db113704bb8b115df277410fc536d0b396dee3d6ce6e2933,bvk2-manuscript-reproducibility-v1
qce-aqce-materials-v1,527ecf88b003455be226e3fa5c8c104046acd4c1,Manifest.toml,Manifest.toml,7761021c4ac919980d11cdfac7829ea9dc89c10a38f8a91c23ce7fb7151eef78,45557,7761021c4ac919980d11cdfac7829ea9dc89c10a38f8a91c23ce7fb7151eef78,bvk2-manuscript-reproducibility-v1
qce-aqce-materials-v1,527ecf88b003455be226e3fa5c8c104046acd4c1,pyproject.toml,pyproject.toml,421fd9fcff144ed69074cd3ee283fe7e8625c89da051f7ab1e0be379a6c79bfc,586,421fd9fcff144ed69074cd3ee283fe7e8625c89da051f7ab1e0be379a6c79bfc,bvk2-manuscript-reproducibility-v1
qce-aqce-materials-v1,527ecf88b003455be226e3fa5c8c104046acd4c1,uv.lock,uv.lock,a2786e213dd0d7ec9a59a14f307c0e1d82b9064362898bfa7490dc63d05599f9,239799,a2786e213dd0d7ec9a59a14f307c0e1d82b9064362898bfa7490dc63d05599f9,bvk2-manuscript-reproducibility-v1
qce-aqce-materials-v1,527ecf88b003455be226e3fa5c8c104046acd4c1,reproducibility/polyorder/Project.toml,reproducibility/polyorder/Project.toml,9b6d991c824a80a308eb222f2db15a39dc3e5f2c854913d027e5dad5847322a4,152,9b6d991c824a80a308eb222f2db15a39dc3e5f2c854913d027e5dad5847322a4,bvk2-manuscript-reproducibility-v1
qce-aqce-materials-v1,527ecf88b003455be226e3fa5c8c104046acd4c1,reproducibility/polyorder/Manifest.toml,reproducibility/polyorder/Manifest.toml,9a2997c56b085c29924fe33e38c337478d3ce522afc713fc0015b790032ad429,60201,9a2997c56b085c29924fe33e38c337478d3ce522afc713fc0015b790032ad429,bvk2-manuscript-reproducibility-v1
qce-aqce-materials-v1,527ecf88b003455be226e3fa5c8c104046acd4c1,reproducibility/requirements.txt,reproducibility/requirements.txt,dd711cdeda3faab8cdfb502fff9b39cc1e5960051f9d9fbf717465dff42ea039,14,dd711cdeda3faab8cdfb502fff9b39cc1e5960051f9d9fbf717465dff42ea039,bvk2-manuscript-reproducibility-v1
qce-aqce-materials-v1,527ecf88b003455be226e3fa5c8c104046acd4c1,scripts/write_diblock_kernel_comparison.jl,scripts/write_diblock_kernel_comparison.jl,58dcd516772419da073bfe3990dc6afd589b84ed85748ebe4d0e5e2c8d69a945,18833,58dcd516772419da073bfe3990dc6afd589b84ed85748ebe4d0e5e2c8d69a945,bvk2-manuscript-reproducibility-v1
qce-aqce-materials-v1,527ecf88b003455be226e3fa5c8c104046acd4c1,scripts/write_diblock_weak_response_map.jl,scripts/write_diblock_weak_response_map.jl,8f0eff6dff960504e5d687f557896abd5a9c57548ad8995adc26076359a12ee4,18385,8f0eff6dff960504e5d687f557896abd5a9c57548ad8995adc26076359a12ee4,bvk2-manuscript-reproducibility-v1
qce-aqce-materials-v1,527ecf88b003455be226e3fa5c8c104046acd4c1,scripts/write_unified_lamellar_benchmark.jl,scripts/write_unified_lamellar_benchmark.jl,b82b915bfc74ded26048acf92636036d5aad77deba8700fd7a2851edbef7bc93,37319,b82b915bfc74ded26048acf92636036d5aad77deba8700fd7a2851edbef7bc93,bvk2-manuscript-reproducibility-v1
qce-aqce-materials-v1,527ecf88b003455be226e3fa5c8c104046acd4c1,scripts/write_liu2019_stress_free_period_map.jl,scripts/write_liu2019_stress_free_period_map.jl,db3c676e33be576b8d3a028b62948b52617a8f9b9f221503cbf59ca572e91a71,81640,db3c676e33be576b8d3a028b62948b52617a8f9b9f221503cbf59ca572e91a71,bvk2-manuscript-reproducibility-v1
qce-aqce-materials-v1,527ecf88b003455be226e3fa5c8c104046acd4c1,scripts/validate_liu2019_stress_free_period_map.py,scripts/validate_liu2019_stress_free_period_map.py,f0775923d774ffa02322460cc2a78d891d0722475052d002399053bfd6b709d4,36146,f0775923d774ffa02322460cc2a78d891d0722475052d002399053bfd6b709d4,bvk2-manuscript-reproducibility-v1
qce-aqce-materials-v1,527ecf88b003455be226e3fa5c8c104046acd4c1,scripts/run_scft_low_fa_resolution_audit_case.jl,scripts/run_scft_low_fa_resolution_audit_case.jl,754fdc2343f6be6f842c04fa102c8b9fac25a33d2396323b82ffd9ef0619a0ef,6635,754fdc2343f6be6f842c04fa102c8b9fac25a33d2396323b82ffd9ef0619a0ef,bvk2-manuscript-reproducibility-v1
qce-aqce-materials-v1,527ecf88b003455be226e3fa5c8c104046acd4c1,scripts/assemble_scft_low_fa_resolution_audit.py,scripts/assemble_scft_low_fa_resolution_audit.py,9880c847efec1d2161d783f96aa97ea73e85825a737b8913ac1b62ee9a18cf35,13382,9880c847efec1d2161d783f96aa97ea73e85825a737b8913ac1b62ee9a18cf35,bvk2-manuscript-reproducibility-v1
qce-aqce-materials-v1,527ecf88b003455be226e3fa5c8c104046acd4c1,scripts/promote_scft_low_fa_resolution_audit.py,scripts/promote_scft_low_fa_resolution_audit.py,1b54099db2c98a24a01c45a79b0d99dbc5393c7a9022f0b7fc1155a1427502f1,18167,1b54099db2c98a24a01c45a79b0d99dbc5393c7a9022f0b7fc1155a1427502f1,bvk2-manuscript-reproducibility-v1
qce-aqce-materials-v1,527ecf88b003455be226e3fa5c8c104046acd4c1,scripts/validate_promoted_opf_resolution.py,scripts/validate_promoted_opf_resolution.py,bda7a464b54dc720f2484c03ac11a4958dc20affd9c0c7cf1aae2ed5c523f925,8139,bda7a464b54dc720f2484c03ac11a4958dc20affd9c0c7cf1aae2ed5c523f925,bvk2-manuscript-reproducibility-v1
qce-aqce-materials-v1,527ecf88b003455be226e3fa5c8c104046acd4c1,scripts/write_lamellar_cell_stress_mechanism.jl,scripts/write_lamellar_cell_stress_mechanism.jl,b1a391b68aa0ff2f317fa1291fdb99f708db5f9879e52f8265383a3bde1c66be,47515,b1a391b68aa0ff2f317fa1291fdb99f708db5f9879e52f8265383a3bde1c66be,bvk2-manuscript-reproducibility-v1
qce-aqce-materials-v1,527ecf88b003455be226e3fa5c8c104046acd4c1,scripts/run_bvk2_fixed_stiffness_figure6_root.jl,scripts/run_bvk2_fixed_stiffness_figure6_root.jl,7874b2b7f94cea76beb366daed55e55aa4a38d4b4738b09c42b33c4384c2df5f,18468,7874b2b7f94cea76beb366daed55e55aa4a38d4b4738b09c42b33c4384c2df5f,bvk2-manuscript-reproducibility-v1
qce-aqce-materials-v1,527ecf88b003455be226e3fa5c8c104046acd4c1,scripts/run_bvk2_fixed_stiffness_profile_audit_case.jl,scripts/run_bvk2_fixed_stiffness_profile_audit_case.jl,81fcca6b6d004135fe254bb974851d7deac5b978d9eec2b387fbb32221408e60,906,81fcca6b6d004135fe254bb974851d7deac5b978d9eec2b387fbb32221408e60,bvk2-manuscript-reproducibility-v1
qce-aqce-materials-v1,527ecf88b003455be226e3fa5c8c104046acd4c1,scripts/run_bvk2_fixed_stiffness_profile_audit_batch.jl,scripts/run_bvk2_fixed_stiffness_profile_audit_batch.jl,5d88028bb20b3d5476bb36285f972418ae7654f6726e97f7519b997108ca98c1,2582,5d88028bb20b3d5476bb36285f972418ae7654f6726e97f7519b997108ca98c1,bvk2-manuscript-reproducibility-v1
qce-aqce-materials-v1,527ecf88b003455be226e3fa5c8c104046acd4c1,scripts/assemble_bvk2_fixed_stiffness_period_map.py,scripts/assemble_bvk2_fixed_stiffness_period_map.py,ee73f82f81f02058ed9997572870a8c437225f3536fa7e190dc8764a4d3828bf,13857,ee73f82f81f02058ed9997572870a8c437225f3536fa7e190dc8764a4d3828bf,bvk2-manuscript-reproducibility-v1
qce-aqce-materials-v1,527ecf88b003455be226e3fa5c8c104046acd4c1,scripts/assemble_bvk_strong_segregation_extension.py,scripts/assemble_bvk_strong_segregation_extension.py,41f64eb8003987bf03b1cac6e6dde0a7a9230442570f9ed86d005186b542ba48,13446,41f64eb8003987bf03b1cac6e6dde0a7a9230442570f9ed86d005186b542ba48,bvk2-manuscript-reproducibility-v1
qce-aqce-materials-v1,527ecf88b003455be226e3fa5c8c104046acd4c1,scripts/assemble_burp_ti_publication_phase_diagram.py,scripts/assemble_burp_ti_publication_phase_diagram.py,bcf62d15735885c78ae2f22454c91332d8411df4bc5cccb02050ed6c251870b1,51337,bcf62d15735885c78ae2f22454c91332d8411df4bc5cccb02050ed6c251870b1,bvk2-manuscript-reproducibility-v1
qce-aqce-materials-v1,527ecf88b003455be226e3fa5c8c104046acd4c1,scripts/assemble_bvk2_publication_phase_diagram.py,scripts/assemble_bvk2_publication_phase_diagram.py,068c671d3416b9834b485789e5c101d45ddf10ca49dd97ea1620b42482edff08,110828,068c671d3416b9834b485789e5c101d45ddf10ca49dd97ea1620b42482edff08,bvk2-manuscript-reproducibility-v1
qce-aqce-materials-v1,527ecf88b003455be226e3fa5c8c104046acd4c1,scripts/render_bvk2_fcc_zoom.py,scripts/render_bvk2_fcc_zoom.py,9adbbe67eb30248e0d6ef8e9b3b95edf4a9fcf7459b421fa9966617f51be2863,22369,9adbbe67eb30248e0d6ef8e9b3b95edf4a9fcf7459b421fa9966617f51be2863,bvk2-manuscript-reproducibility-v1
qce-aqce-materials-v1,527ecf88b003455be226e3fa5c8c104046acd4c1,scripts/render_bvk2_o70_zoom.py,scripts/render_bvk2_o70_zoom.py,e9ae57fb1838e79fcde507e18cef3af15239ef5efc481145d973766be406b69d,14159,e9ae57fb1838e79fcde507e18cef3af15239ef5efc481145d973766be406b69d,bvk2-manuscript-reproducibility-v1
qce-aqce-materials-v1,527ecf88b003455be226e3fa5c8c104046acd4c1,scripts/scft_display.py,scripts/scft_display.py,b4e8b012e79ca1ed17100a9cbd2dc2966d154d9ac9754c8ab03bf3ae2cf3f576,4293,b4e8b012e79ca1ed17100a9cbd2dc2966d154d9ac9754c8ab03bf3ae2cf3f576,bvk2-manuscript-reproducibility-v1
qce-aqce-materials-v1,527ecf88b003455be226e3fa5c8c104046acd4c1,scripts/write_bvk2_rpa_stability_limit.jl,scripts/write_bvk2_rpa_stability_limit.jl,1b728dcd8abe5d9999bc0a8d18f9be32fd8ff9352cb0e84b38aaa54072cb7bb8,3185,1b728dcd8abe5d9999bc0a8d18f9be32fd8ff9352cb0e84b38aaa54072cb7bb8,bvk2-manuscript-reproducibility-v1
qce-aqce-materials-v1,527ecf88b003455be226e3fa5c8c104046acd4c1,scripts/render_bvk2_phase_diagram_snapshot.py,scripts/render_bvk2_phase_diagram_snapshot.py,4d30dd0668384b7a8ed5871e570d7188b314fd42cf88cf0bdad6fb2fc29dd107,2808,4d30dd0668384b7a8ed5871e570d7188b314fd42cf88cf0bdad6fb2fc29dd107,bvk2-manuscript-reproducibility-v1
qce-aqce-materials-v1,527ecf88b003455be226e3fa5c8c104046acd4c1,scripts/render_macromolecules_figures.py,scripts/render_macromolecules_figures.py,9debaaff844880ba0409a5d4e4288303e78f15275c48402f3d941048ef936a92,97240,9debaaff844880ba0409a5d4e4288303e78f15275c48402f3d941048ef936a92,bvk2-manuscript-reproducibility-v1
qce-aqce-materials-v1,527ecf88b003455be226e3fa5c8c104046acd4c1,scripts/render_macromolecules_figure8.py,scripts/render_macromolecules_figure8.py,df37361dd9cbc19703bca619affc99a9dab33a60fe2230df4f58502461899aed,20093,df37361dd9cbc19703bca619affc99a9dab33a60fe2230df4f58502461899aed,bvk2-manuscript-reproducibility-v1
qce-aqce-materials-v1,527ecf88b003455be226e3fa5c8c104046acd4c1,scripts/assemble_bvk2_aba_fixed_stiffness_validation.py,scripts/assemble_bvk2_aba_fixed_stiffness_validation.py,db95ec64f4ff6dffbc0f51c81d230095b5c1282cc52a17586b2a6a18fcc77d19,5115,db95ec64f4ff6dffbc0f51c81d230095b5c1282cc52a17586b2a6a18fcc77d19,bvk2-manuscript-reproducibility-v1
qce-aqce-materials-v1,527ecf88b003455be226e3fa5c8c104046acd4c1,scripts/run_bvk2_aba_fixed_stiffness_case.jl,scripts/run_bvk2_aba_fixed_stiffness_case.jl,e846bbf22890baa8a54b5953eda48ae21593ce90b55480d0a887ebdc69a22be3,9696,e846bbf22890baa8a54b5953eda48ae21593ce90b55480d0a887ebdc69a22be3,bvk2-manuscript-reproducibility-v1
qce-aqce-materials-v1,527ecf88b003455be226e3fa5c8c104046acd4c1,scripts/run_bvk2_aba_ldis_point.jl,scripts/run_bvk2_aba_ldis_point.jl,4af43af0621959f230a0f80709da35d58a6f261bbfc8d5758ff16b957ce77fa0,2930,4af43af0621959f230a0f80709da35d58a6f261bbfc8d5758ff16b957ce77fa0,bvk2-manuscript-reproducibility-v1
qce-aqce-materials-v1,527ecf88b003455be226e3fa5c8c104046acd4c1,results/jcp2021_ab_phase_diagram_digitization/extract_from_eps.py,results/jcp2021_ab_phase_diagram_digitization/extract_from_eps.py,69ce5a349b2a4dafc60e8d95a8940e797800e980dc6cad3ed5022b1b1dfabefe,22628,69ce5a349b2a4dafc60e8d95a8940e797800e980dc6cad3ed5022b1b1dfabefe,bvk2-manuscript-reproducibility-v1
qce-aqce-materials-v1,527ecf88b003455be226e3fa5c8c104046acd4c1,scripts/phase_boundary_acceptance.py,scripts/phase_boundary_acceptance.py,178f8388bc56cb9da3ca732e97b7145f86c21c814b99b7bade529679505b82da,6064,178f8388bc56cb9da3ca732e97b7145f86c21c814b99b7bade529679505b82da,bvk2-manuscript-reproducibility-v1
qce-aqce-materials-v1,527ecf88b003455be226e3fa5c8c104046acd4c1,scripts/write_bvk2_boundary_crossing_panels.py,scripts/write_bvk2_boundary_crossing_panels.py,a3c72a26bde1cbe18a0ccf6697b760f6bf0b8f526b375f20871b40bd162225f1,29294,a3c72a26bde1cbe18a0ccf6697b760f6bf0b8f526b375f20871b40bd162225f1,bvk2-manuscript-reproducibility-v1
qce-aqce-materials-v1,527ecf88b003455be226e3fa5c8c104046acd4c1,scripts/write_bvk2_resolution_uncertainty_table.py,scripts/write_bvk2_resolution_uncertainty_table.py,9ed5daecf548382a0c5411f0a9b43a3559b86b98b1bb7198b137798687d03323,76183,9ed5daecf548382a0c5411f0a9b43a3559b86b98b1bb7198b137798687d03323,bvk2-manuscript-reproducibility-v1
qce-aqce-materials-v1,527ecf88b003455be226e3fa5c8c104046acd4c1,scripts/write_bvk2_aba_no_refit_validation.jl,scripts/write_bvk2_aba_no_refit_validation.jl,11ecb115d7393a4c2fb57d20bff56e28d8036a50bd8e4afa084a70be344d7db4,16187,11ecb115d7393a4c2fb57d20bff56e28d8036a50bd8e4afa084a70be344d7db4,bvk2-manuscript-reproducibility-v1
qce-aqce-materials-v1,527ecf88b003455be226e3fa5c8c104046acd4c1,scripts/write_bvk2_aba_comprehensive_validation.jl,scripts/write_bvk2_aba_comprehensive_validation.jl,d80805f474eba6ab7a73d7a2df06a2486b2416c9424615faff3db016e42c7eb0,61697,d80805f474eba6ab7a73d7a2df06a2486b2416c9424615faff3db016e42c7eb0,bvk2-manuscript-reproducibility-v1
qce-aqce-materials-v1,527ecf88b003455be226e3fa5c8c104046acd4c1,scripts/run_bvk2_scft_cost_case.jl,scripts/run_bvk2_scft_cost_case.jl,40db4fc7204ff6fe84c9296fb7efb6191b848df15123a787e14fe19b1e2022d4,9630,40db4fc7204ff6fe84c9296fb7efb6191b848df15123a787e14fe19b1e2022d4,bvk2-manuscript-reproducibility-v1
qce-aqce-materials-v1,527ecf88b003455be226e3fa5c8c104046acd4c1,scripts/write_bvk2_scft_cost_benchmark.jl,scripts/write_bvk2_scft_cost_benchmark.jl,aed132058e8ac3692d115480e99f448236a2ee168d0f4710c10ae73bc97d00ba,19869,aed132058e8ac3692d115480e99f448236a2ee168d0f4710c10ae73bc97d00ba,bvk2-manuscript-reproducibility-v1
qce-aqce-materials-v1,527ecf88b003455be226e3fa5c8c104046acd4c1,scripts/write_bvk2_scft_fixedcell_performance_benchmark.jl,scripts/write_bvk2_scft_fixedcell_performance_benchmark.jl,a2873f5595f77e384b384ae39f72cd71ebcaa66e780695bd34bc8a42c9b1eba1,30531,a2873f5595f77e384b384ae39f72cd71ebcaa66e780695bd34bc8a42c9b1eba1,bvk2-manuscript-reproducibility-v1
qce-aqce-materials-v1,527ecf88b003455be226e3fa5c8c104046acd4c1,scripts/write_bvk2_figure1_and_toc.py,scripts/write_bvk2_figure1_and_toc.py,743c04a42d3155b415cdba1413004d05f36b58f4226c2881e010b25d9b8b02aa,31963,743c04a42d3155b415cdba1413004d05f36b58f4226c2881e010b25d9b8b02aa,bvk2-manuscript-reproducibility-v1
qce-aqce-materials-v1,527ecf88b003455be226e3fa5c8c104046acd4c1,scripts/prepare_homopolymer_urp_vk1_figures.py,scripts/prepare_homopolymer_urp_vk1_figures.py,b98ea5814e68608f0494c5b0a3761e3dcad33cd3125d76f611832972c3a35740,3563,b98ea5814e68608f0494c5b0a3761e3dcad33cd3125d76f611832972c3a35740,bvk2-manuscript-reproducibility-v1
qce-aqce-materials-v1,527ecf88b003455be226e3fa5c8c104046acd4c1,scripts/write_bvk2_si_convergence_morphology.py,scripts/write_bvk2_si_convergence_morphology.py,e9fece5b84226ccd5e6d1672f7399ffb93687e83093e86b30607b35a96d687aa,42727,e9fece5b84226ccd5e6d1672f7399ffb93687e83093e86b30607b35a96d687aa,bvk2-manuscript-reproducibility-v1
qce-aqce-materials-v1,527ecf88b003455be226e3fa5c8c104046acd4c1,scripts/generate_bvk_contribution_claim_evidence.py,scripts/generate_bvk_contribution_claim_evidence.py,7d63c7bc6414a4cf490ac3a8530834a5c7448dd7bdb250ae40271125735679ed,88130,7d63c7bc6414a4cf490ac3a8530834a5c7448dd7bdb250ae40271125735679ed,bvk2-manuscript-reproducibility-v1
qce-aqce-materials-v1,working-tree,test/runtests.jl,test/runtests.jl,c3b079b32453b813ca648bfb610500b4d02012c3bd49f691ba89933d852ceb24,560057,9617fc1141fb5b57ee181fef6c8c85416653fbbb6d2f7d2d0176656743f5046a,bvk2-manuscript-reproducibility-v1
qce-aqce-materials-v1,527ecf88b003455be226e3fa5c8c104046acd4c1,test/test_write_bvk2_boundary_crossing_panels.py,test/test_write_bvk2_boundary_crossing_panels.py,a7912b3203b840428b2f763a868585a9de3ce5205c81a257ce1897772111aff3,3515,a7912b3203b840428b2f763a868585a9de3ce5205c81a257ce1897772111aff3,bvk2-manuscript-reproducibility-v1
qce-aqce-materials-v1,527ecf88b003455be226e3fa5c8c104046acd4c1,test/test_write_bvk2_resolution_uncertainty_table.py,test/test_write_bvk2_resolution_uncertainty_table.py,11bb5143a9854736f9b0a99525a47e210b9c9ffbf4b7e8e859790ba1554c482b,21294,11bb5143a9854736f9b0a99525a47e210b9c9ffbf4b7e8e859790ba1554c482b,bvk2-manuscript-reproducibility-v1
qce-aqce-materials-v1,527ecf88b003455be226e3fa5c8c104046acd4c1,test/test_generate_bvk_contribution_claim_evidence.py,test/test_generate_bvk_contribution_claim_evidence.py,a2f3587d1d90e75085b599c3c8ff4c38590018a0f01f119ce5410bfe21d8ccaf,25934,a2f3587d1d90e75085b599c3c8ff4c38590018a0f01f119ce5410bfe21d8ccaf,bvk2-manuscript-reproducibility-v1
qce-aqce-materials-v1,527ecf88b003455be226e3fa5c8c104046acd4c1,test/test_render_macromolecules_aggregate_errors.py,test/test_render_macromolecules_aggregate_errors.py,5d6c48b017d96f2c7ab8dd6c454ff56b6a985959b5e54b56bc4ff13678dff07d,8557,5d6c48b017d96f2c7ab8dd6c454ff56b6a985959b5e54b56bc4ff13678dff07d,bvk2-manuscript-reproducibility-v1
qce-aqce-materials-v1,527ecf88b003455be226e3fa5c8c104046acd4c1,test/test_render_macromolecules_cell_stress.py,test/test_render_macromolecules_cell_stress.py,123f63e88708b90761297503b7061dfd8d088d3943a5cca4e9bf848843e370ee,6915,123f63e88708b90761297503b7061dfd8d088d3943a5cca4e9bf848843e370ee,bvk2-manuscript-reproducibility-v1
qce-aqce-materials-v1,527ecf88b003455be226e3fa5c8c104046acd4c1,test/test_macromolecules_figure4_6_layout.py,test/test_macromolecules_figure4_6_layout.py,854d28a998fa34e8c261ea45f5ac7dbeda6d64ac0ae65dfd455df084f9657085,10497,854d28a998fa34e8c261ea45f5ac7dbeda6d64ac0ae65dfd455df084f9657085,bvk2-manuscript-reproducibility-v1
qce-aqce-materials-v1,527ecf88b003455be226e3fa5c8c104046acd4c1,test/test_write_bvk2_figure1_and_toc.py,test/test_write_bvk2_figure1_and_toc.py,899d31ed0dc50ac993c9c0fb6849bdd28deb87faa7fbb9c6e2dc247b5fc6991a,16855,899d31ed0dc50ac993c9c0fb6849bdd28deb87faa7fbb9c6e2dc247b5fc6991a,bvk2-manuscript-reproducibility-v1
qce-aqce-materials-v1,527ecf88b003455be226e3fa5c8c104046acd4c1,test/test_extract_jcp2021_ab_phase_diagram.py,test/test_extract_jcp2021_ab_phase_diagram.py,e28e1a2d5f06fcc5177e2fe400c868eaf6eb67100f0097f4d6f19340f0eec41c,2009,e28e1a2d5f06fcc5177e2fe400c868eaf6eb67100f0097f4d6f19340f0eec41c,bvk2-manuscript-reproducibility-v1
qce-aqce-materials-v1,527ecf88b003455be226e3fa5c8c104046acd4c1,test/test_prepare_homopolymer_urp_vk1_figures.py,test/test_prepare_homopolymer_urp_vk1_figures.py,79091ee2bd74bff17f6b37f1ce477ad3a20129ba3ccd8159bd41615d59d889a5,1515,79091ee2bd74bff17f6b37f1ce477ad3a20129ba3ccd8159bd41615d59d889a5,bvk2-manuscript-reproducibility-v1
qce-aqce-materials-v1,527ecf88b003455be226e3fa5c8c104046acd4c1,test/test_render_macromolecules_figure8.py,test/test_render_macromolecules_figure8.py,92c1d50889de2dd05f482cdb55958fd5c9988a83f46ae57428589425ad325950,5934,92c1d50889de2dd05f482cdb55958fd5c9988a83f46ae57428589425ad325950,bvk2-manuscript-reproducibility-v1
qce-aqce-materials-v1,527ecf88b003455be226e3fa5c8c104046acd4c1,test/test_scft_low_fa_resolution_audit.py,test/test_scft_low_fa_resolution_audit.py,193d8874a239dca018a0b1823a9c45c7423681d5501a8e816829e424f0fadcc7,2200,193d8874a239dca018a0b1823a9c45c7423681d5501a8e816829e424f0fadcc7,bvk2-manuscript-reproducibility-v1
qce-aqce-materials-v1,527ecf88b003455be226e3fa5c8c104046acd4c1,test/test_liu2019_stress_free_period_map.py,test/test_liu2019_stress_free_period_map.py,518a94763b5a2ff4c8171f2f371b30459dc1a8acc46320773b90ad88b51bf204,17981,518a94763b5a2ff4c8171f2f371b30459dc1a8acc46320773b90ad88b51bf204,bvk2-manuscript-reproducibility-v1
qce-aqce-materials-v1,527ecf88b003455be226e3fa5c8c104046acd4c1,test/test_write_bvk2_si_convergence_morphology.py,test/test_write_bvk2_si_convergence_morphology.py,744c97882399225aeaba1766356db53f18f634c443479f38c99e37f7fec576f8,4060,744c97882399225aeaba1766356db53f18f634c443479f38c99e37f7fec576f8,bvk2-manuscript-reproducibility-v1
qce-aqce-materials-v1,527ecf88b003455be226e3fa5c8c104046acd4c1,test/bvk2_aba_comprehensive_validation_tests.jl,test/bvk2_aba_comprehensive_validation_tests.jl,1b27aca4f770c81bde302c452a8a339bdbabbef2721bdf726eccf70b749c2f88,4438,1b27aca4f770c81bde302c452a8a339bdbabbef2721bdf726eccf70b749c2f88,bvk2-manuscript-reproducibility-v1
qce-aqce-materials-v1,527ecf88b003455be226e3fa5c8c104046acd4c1,test/bvk2_scft_cost_benchmark_tests.jl,test/bvk2_scft_cost_benchmark_tests.jl,68feb21db6083f9cfd1469e7ff3ba4d59ff5357a98e427b845bd19c795c02888,1945,68feb21db6083f9cfd1469e7ff3ba4d59ff5357a98e427b845bd19c795c02888,bvk2-manuscript-reproducibility-v1
qce-aqce-materials-v1,527ecf88b003455be226e3fa5c8c104046acd4c1,test/bvk2_scft_fixedcell_performance_tests.jl,test/bvk2_scft_fixedcell_performance_tests.jl,1e0b67349e5f75acb6f0ad3824bcf1f7b2dd4e5e494072a193a741942817add3,3042,1e0b67349e5f75acb6f0ad3824bcf1f7b2dd4e5e494072a193a741942817add3,bvk2-manuscript-reproducibility-v1
qce-aqce-materials-v1,527ecf88b003455be226e3fa5c8c104046acd4c1,results/homopolymer_urp_vk1_validation/README.md,results/homopolymer_urp_vk1_validation/README.md,2615673fb996e38b4a7f288c8eaf39f09a7ae5c8a180bb90bfffad7868b6a29c,940,2615673fb996e38b4a7f288c8eaf39f09a7ae5c8a180bb90bfffad7868b6a29c,bvk2-manuscript-reproducibility-v1
qce-aqce-materials-v1,527ecf88b003455be226e3fa5c8c104046acd4c1,results/homopolymer_urp_vk1_validation/urp_vk1_error_map.svg,results/homopolymer_urp_vk1_validation/urp_vk1_error_map.svg,5c7d84fc2923968541f9df8a744d6de3c1a5f14d7a72d8e833c3bdecfaf0f0ca,713307,5c7d84fc2923968541f9df8a744d6de3c1a5f14d7a72d8e833c3bdecfaf0f0ca,bvk2-manuscript-reproducibility-v1
qce-aqce-materials-v1,527ecf88b003455be226e3fa5c8c104046acd4c1,results/homopolymer_urp_vk1_validation/source/accuracy_saddle_approx/accuracy_saddle_approx-eps-converted-to.pdf,results/homopolymer_urp_vk1_validation/source/accuracy_saddle_approx/accuracy_saddle_approx-eps-converted-to.pdf,4fabfc895825632cd44ec4d6cdec203531ca4e71ca0a493e090ee267bbd7fb24,26932,4fabfc895825632cd44ec4d6cdec203531ca4e71ca0a493e090ee267bbd7fb24,bvk2-manuscript-reproducibility-v1
qce-aqce-materials-v1,527ecf88b003455be226e3fa5c8c104046acd4c1,results/homopolymer_urp_vk1_validation/source/accuracy_saddle_approx/error_K_L_a0.01.dat,results/homopolymer_urp_vk1_validation/source/accuracy_saddle_approx/error_K_L_a0.01.dat,1d959b2c6b4a27ff051838b69338471846d30a7864df44753d1f56fe5a635b1c,2593,1d959b2c6b4a27ff051838b69338471846d30a7864df44753d1f56fe5a635b1c,bvk2-manuscript-reproducibility-v1
qce-aqce-materials-v1,527ecf88b003455be226e3fa5c8c104046acd4c1,results/homopolymer_urp_vk1_validation/source/accuracy_saddle_approx/error_K_L_a0.8.dat,results/homopolymer_urp_vk1_validation/source/accuracy_saddle_approx/error_K_L_a0.8.dat,17c32c3b0823fe7ae2f11bc13c3a46d953efc449b81655a0e74c8f83dd364e4b,2479,17c32c3b0823fe7ae2f11bc13c3a46d953efc449b81655a0e74c8f83dd364e4b,bvk2-manuscript-reproducibility-v1
qce-aqce-materials-v1,527ecf88b003455be226e3fa5c8c104046acd4c1,results/homopolymer_urp_vk1_validation/source/accuracy_saddle_approx/error_K_a_L0.5.dat,results/homopolymer_urp_vk1_validation/source/accuracy_saddle_approx/error_K_a_L0.5.dat,673c69f6b51e1488c3916f1ca452a41e24c1549d11ba89adbb1b88bfcb0086bd,1626,673c69f6b51e1488c3916f1ca452a41e24c1549d11ba89adbb1b88bfcb0086bd,bvk2-manuscript-reproducibility-v1
qce-aqce-materials-v1,527ecf88b003455be226e3fa5c8c104046acd4c1,results/homopolymer_urp_vk1_validation/source/accuracy_saddle_approx/error_K_a_L8.dat,results/homopolymer_urp_vk1_validation/source/accuracy_saddle_approx/error_K_a_L8.dat,ea51fcaba8ac76f8a169876d5ee5ca3f8a7b7682ca0f50d15a2c89165a2bbdbf,1594,ea51fcaba8ac76f8a169876d5ee5ca3f8a7b7682ca0f50d15a2c89165a2bbdbf,bvk2-manuscript-reproducibility-v1
qce-aqce-materials-v1,527ecf88b003455be226e3fa5c8c104046acd4c1,results/homopolymer_urp_vk1_validation/source/accuracy_saddle_approx/data_source.txt,results/homopolymer_urp_vk1_validation/source/accuracy_saddle_approx/data_source.txt,66868838ef24d29f904e0773fadf343316c2a3e97822988f82b07c238d667a71,51,66868838ef24d29f904e0773fadf343316c2a3e97822988f82b07c238d667a71,bvk2-manuscript-reproducibility-v1
qce-aqce-materials-v1,527ecf88b003455be226e3fa5c8c104046acd4c1,results/homopolymer_urp_vk1_validation/source/accuracy_saddle_approx/plot.py,results/homopolymer_urp_vk1_validation/source/accuracy_saddle_approx/plot.py,a1c62ee5ddd746fa7ae245574778fdb2d83dbc29809ab761aefecbe8a76b743c,7396,a1c62ee5ddd746fa7ae245574778fdb2d83dbc29809ab761aefecbe8a76b743c,bvk2-manuscript-reproducibility-v1
qce-aqce-materials-v1,527ecf88b003455be226e3fa5c8c104046acd4c1,results/homopolymer_urp_vk1_validation/urp_vk1_saddle_profile.svg,results/homopolymer_urp_vk1_validation/urp_vk1_saddle_profile.svg,b749684abab792d004dbedfe71476cd62324738ae1c78b4fefe81a77c10de083,763347,b749684abab792d004dbedfe71476cd62324738ae1c78b4fefe81a77c10de083,bvk2-manuscript-reproducibility-v1
qce-aqce-materials-v1,527ecf88b003455be226e3fa5c8c104046acd4c1,results/homopolymer_urp_vk1_validation/source/iw_saddle_approx/iw_saddle_approx-eps-converted-to.pdf,results/homopolymer_urp_vk1_validation/source/iw_saddle_approx/iw_saddle_approx-eps-converted-to.pdf,2192f6c0a645db4396624ae8dc89e319fd0c19d7a9dd41e716bb5b777e2dff5a,23709,2192f6c0a645db4396624ae8dc89e319fd0c19d7a9dd41e716bb5b777e2dff5a,bvk2-manuscript-reproducibility-v1
qce-aqce-materials-v1,527ecf88b003455be226e3fa5c8c104046acd4c1,results/homopolymer_urp_vk1_validation/source/iw_saddle_approx/phitype5_L3_a0.5_b1_c1.mat,results/homopolymer_urp_vk1_validation/source/iw_saddle_approx/phitype5_L3_a0.5_b1_c1.mat,d6314655ee093227ab0ac57b6f83e08d3bd29898f2a137e2a2521727e1923c94,17104,d6314655ee093227ab0ac57b6f83e08d3bd29898f2a137e2a2521727e1923c94,bvk2-manuscript-reproducibility-v1
qce-aqce-materials-v1,527ecf88b003455be226e3fa5c8c104046acd4c1,results/homopolymer_urp_vk1_validation/source/iw_saddle_approx/input_phitype5.txt,results/homopolymer_urp_vk1_validation/source/iw_saddle_approx/input_phitype5.txt,db1ace0ddbea769facf356509b44e82897c8d8510d5b23dafcb71ac1017a9a47,81797,db1ace0ddbea769facf356509b44e82897c8d8510d5b23dafcb71ac1017a9a47,bvk2-manuscript-reproducibility-v1
qce-aqce-materials-v1,527ecf88b003455be226e3fa5c8c104046acd4c1,results/homopolymer_urp_vk1_validation/source/iw_saddle_approx/data_source.txt,results/homopolymer_urp_vk1_validation/source/iw_saddle_approx/data_source.txt,48cf11aa40b54088f98e30e988ee22870299abdf1b6a0828b703a6d2b8923117,73,48cf11aa40b54088f98e30e988ee22870299abdf1b6a0828b703a6d2b8923117,bvk2-manuscript-reproducibility-v1
qce-aqce-materials-v1,527ecf88b003455be226e3fa5c8c104046acd4c1,results/homopolymer_urp_vk1_validation/source/iw_saddle_approx/plot.py,results/homopolymer_urp_vk1_validation/source/iw_saddle_approx/plot.py,eb0c83e589f8455d0e5c93401f0fcdf23c07af7b55c5127b5235330b87e9d6ae,8121,eb0c83e589f8455d0e5c93401f0fcdf23c07af7b55c5127b5235330b87e9d6ae,bvk2-manuscript-reproducibility-v1
qce-aqce-materials-v1,527ecf88b003455be226e3fa5c8c104046acd4c1,results/diblock_kernel_comparison/kernel_comparison.md,results/diblock_kernel_comparison/kernel_comparison.md,cf38f43966d85208c6d7913dcafeb7b83134574444439fdd4c2ad827e66bb606,4220,cf38f43966d85208c6d7913dcafeb7b83134574444439fdd4c2ad827e66bb606,bvk2-manuscript-reproducibility-v1
qce-aqce-materials-v1,527ecf88b003455be226e3fa5c8c104046acd4c1,results/diblock_kernel_comparison/kernel_minima.csv,results/diblock_kernel_comparison/kernel_minima.csv,cb1df0c463896d4a0a3cebc6df423daeec3f7f9d55fec0d689674baa04d45ae6,4299,cb1df0c463896d4a0a3cebc6df423daeec3f7f9d55fec0d689674baa04d45ae6,bvk2-manuscript-reproducibility-v1
qce-aqce-materials-v1,527ecf88b003455be226e3fa5c8c104046acd4c1,results/diblock_kernel_comparison/kernel_samples.csv,results/diblock_kernel_comparison/kernel_samples.csv,59613f3dc55fcad5df29d7c008aeb50a238b8655b0532425b2c9ab7335386a31,1696198,59613f3dc55fcad5df29d7c008aeb50a238b8655b0532425b2c9ab7335386a31,bvk2-manuscript-reproducibility-v1
qce-aqce-materials-v1,527ecf88b003455be226e3fa5c8c104046acd4c1,results/diblock_kernel_comparison/diblock_kernel_comparison.svg,results/diblock_kernel_comparison/diblock_kernel_comparison.svg,d52b8ec7485f7e59c10c5dd9adfb3a2c12add58abf2e4ed6941e2239cef8e460,45205,d52b8ec7485f7e59c10c5dd9adfb3a2c12add58abf2e4ed6941e2239cef8e460,bvk2-manuscript-reproducibility-v1
qce-aqce-materials-v1,527ecf88b003455be226e3fa5c8c104046acd4c1,results/diblock_weak_response_map/weak_response_map.md,results/diblock_weak_response_map/weak_response_map.md,b0001b12da5c32c2f522e71f64f7f15258bb0cfcb5d949bce540eed0395d928f,2251,b0001b12da5c32c2f522e71f64f7f15258bb0cfcb5d949bce540eed0395d928f,bvk2-manuscript-reproducibility-v1
qce-aqce-materials-v1,527ecf88b003455be226e3fa5c8c104046acd4c1,results/diblock_weak_response_map/weak_response_map.csv,results/diblock_weak_response_map/weak_response_map.csv,810739a293c8430459e5fd53030d4645f75445a475d6832c64349e4c3b98a635,79940,810739a293c8430459e5fd53030d4645f75445a475d6832c64349e4c3b98a635,bvk2-manuscript-reproducibility-v1
qce-aqce-materials-v1,527ecf88b003455be226e3fa5c8c104046acd4c1,results/diblock_weak_response_map/weak_response_summary.csv,results/diblock_weak_response_map/weak_response_summary.csv,21867021623242f22b8038c8b58f49ffbe2b7cd312c243cbd208b45e21af66f3,611,21867021623242f22b8038c8b58f49ffbe2b7cd312c243cbd208b45e21af66f3,bvk2-manuscript-reproducibility-v1
qce-aqce-materials-v1,527ecf88b003455be226e3fa5c8c104046acd4c1,results/diblock_weak_response_map/diblock_weak_response_map.svg,results/diblock_weak_response_map/diblock_weak_response_map.svg,76daa609c2f3345654f543fdb49eba7e8b49dbfb7e233ca2c067a786b7499e88,61705,76daa609c2f3345654f543fdb49eba7e8b49dbfb7e233ca2c067a786b7499e88,bvk2-manuscript-reproducibility-v1
qce-aqce-materials-v1,527ecf88b003455be226e3fa5c8c104046acd4c1,results/bvk2_model_hierarchy_graphics/README.md,results/bvk2_model_hierarchy_graphics/README.md,b7ae1ded216a9c48322a93d31b7c2e77dc4cb298ad13bd189cd2ec1345c54b0b,3045,b7ae1ded216a9c48322a93d31b7c2e77dc4cb298ad13bd189cd2ec1345c54b0b,bvk2-manuscript-reproducibility-v1
qce-aqce-materials-v1,527ecf88b003455be226e3fa5c8c104046acd4c1,results/bvk2_model_hierarchy_graphics/source_manifest.csv,results/bvk2_model_hierarchy_graphics/source_manifest.csv,cf45ba924880939075357ef462f73b49ce30fac35b9367cd2216982a115c702c,1561,cf45ba924880939075357ef462f73b49ce30fac35b9367cd2216982a115c702c,bvk2-manuscript-reproducibility-v1
qce-aqce-materials-v1,527ecf88b003455be226e3fa5c8c104046acd4c1,results/bvk2_model_hierarchy_graphics/bvk2_model_hierarchy_weak_response.svg,results/bvk2_model_hierarchy_graphics/bvk2_model_hierarchy_weak_response.svg,e711c02dad32a659f1c92eeb4826f7ca6dc515833e29083ca028434a385bb6b4,91274,e711c02dad32a659f1c92eeb4826f7ca6dc515833e29083ca028434a385bb6b4,bvk2-manuscript-reproducibility-v1
qce-aqce-materials-v1,527ecf88b003455be226e3fa5c8c104046acd4c1,results/bvk2_model_hierarchy_graphics/bvk2_model_hierarchy_weak_response.png,results/bvk2_model_hierarchy_graphics/bvk2_model_hierarchy_weak_response.png,d7282765f289e0514e275aa4dbfee9c134c983a763b5e2b7e02de7a506bf7532,391271,d7282765f289e0514e275aa4dbfee9c134c983a763b5e2b7e02de7a506bf7532,bvk2-manuscript-reproducibility-v1
qce-aqce-materials-v1,527ecf88b003455be226e3fa5c8c104046acd4c1,results/bvk2_model_hierarchy_graphics/bvk2_macromolecules_toc.svg,results/bvk2_model_hierarchy_graphics/bvk2_macromolecules_toc.svg,270a962b2f847ae730d0da0024958c67dd11aec0c9b272890c8df7e07f1685fe,98219,270a962b2f847ae730d0da0024958c67dd11aec0c9b272890c8df7e07f1685fe,bvk2-manuscript-reproducibility-v1
qce-aqce-materials-v1,527ecf88b003455be226e3fa5c8c104046acd4c1,results/bvk2_model_hierarchy_graphics/bvk2_macromolecules_toc.png,results/bvk2_model_hierarchy_graphics/bvk2_macromolecules_toc.png,9d57d5ef9d029c9bc619ea3077a35fe4dae7b6c459051720dcd2d3d9eb3972b1,112202,9d57d5ef9d029c9bc619ea3077a35fe4dae7b6c459051720dcd2d3d9eb3972b1,bvk2-manuscript-reproducibility-v1
qce-aqce-materials-v1,527ecf88b003455be226e3fa5c8c104046acd4c1,results/liu2019_stress_free_period_map/README.md,results/liu2019_stress_free_period_map/README.md,0a3209c8a76892ebeae43f1f021def36f0e6d60decf914029a6aa178f40401e8,5642,0a3209c8a76892ebeae43f1f021def36f0e6d60decf914029a6aa178f40401e8,bvk2-manuscript-reproducibility-v1
qce-aqce-materials-v1,527ecf88b003455be226e3fa5c8c104046acd4c1,results/liu2019_stress_free_period_map/summary.csv,results/liu2019_stress_free_period_map/summary.csv,b935ea1ca7cf3624d2e3b232706ffb763793c087b4a986a95efdfc2bc0fb3536,749006,b935ea1ca7cf3624d2e3b232706ffb763793c087b4a986a95efdfc2bc0fb3536,bvk2-manuscript-reproducibility-v1
qce-aqce-materials-v1,527ecf88b003455be226e3fa5c8c104046acd4c1,results/liu2019_stress_free_period_map/validation_report.json,results/liu2019_stress_free_period_map/validation_report.json,b18441ace13cdbcb72ff05ea2fddc048556d1ee225db17a03a11e3081299fc64,4701,b18441ace13cdbcb72ff05ea2fddc048556d1ee225db17a03a11e3081299fc64,bvk2-manuscript-reproducibility-v1
qce-aqce-materials-v1,527ecf88b003455be226e3fa5c8c104046acd4c1,results/liu2019_stress_free_period_map/liu2019_stress_free_period_comparison.svg,results/liu2019_stress_free_period_map/liu2019_stress_free_period_comparison.svg,3b4f9ac84211b18cfe52b78e9a632e67cb9f363ab8a31b2385c85511c0b61e57,343545,3b4f9ac84211b18cfe52b78e9a632e67cb9f363ab8a31b2385c85511c0b61e57,bvk2-manuscript-reproducibility-v1
qce-aqce-materials-v1,527ecf88b003455be226e3fa5c8c104046acd4c1,results/liu2019_stress_free_period_map/profiles.csv,results/liu2019_stress_free_period_map/profiles.csv,8e4184730eda7a65585f01d646041ec0f82c6ecacb4666f13d8212cdecdbb587,67392031,8e4184730eda7a65585f01d646041ec0f82c6ecacb4666f13d8212cdecdbb587,bvk2-manuscript-reproducibility-v1
qce-aqce-materials-v1,527ecf88b003455be226e3fa5c8c104046acd4c1,results/liu2019_stress_free_period_map/liu2019_stress_free_profile_comparison.svg,results/liu2019_stress_free_period_map/liu2019_stress_free_profile_comparison.svg,f324d58e640e46418b176721549ba5e28b458a4990be26c3a3e1253066c831b9,338151,f324d58e640e46418b176721549ba5e28b458a4990be26c3a3e1253066c831b9,bvk2-manuscript-reproducibility-v1
qce-aqce-materials-v1,527ecf88b003455be226e3fa5c8c104046acd4c1,results/liu2019_stress_free_period_map/aggregate_error_bars.svg,results/liu2019_stress_free_period_map/aggregate_error_bars.svg,452e2f49a079bf439b2aee696d33320e9bbc84e4b0221040b54c7a6d737a0932,40545,452e2f49a079bf439b2aee696d33320e9bbc84e4b0221040b54c7a6d737a0932,bvk2-manuscript-reproducibility-v1
qce-aqce-materials-v1,527ecf88b003455be226e3fa5c8c104046acd4c1,results/bvk_strong_segregation_extension/campaign_contract.md,results/bvk_strong_segregation_extension/campaign_contract.md,4486b8b95c353cfbaa1db7efe3a296c0aa2bb2a27907bf9bb51eae487533f2ca,16157,4486b8b95c353cfbaa1db7efe3a296c0aa2bb2a27907bf9bb51eae487533f2ca,bvk2-manuscript-reproducibility-v1
qce-aqce-materials-v1,527ecf88b003455be226e3fa5c8c104046acd4c1,results/bvk_strong_segregation_extension/integer_campaign_contract.md,results/bvk_strong_segregation_extension/integer_campaign_contract.md,3f146f1b150d072f0881393efa52664a0395ecf3d03c6615f3f808a259e5de1f,7091,3f146f1b150d072f0881393efa52664a0395ecf3d03c6615f3f808a259e5de1f,bvk2-manuscript-reproducibility-v1
qce-aqce-materials-v1,527ecf88b003455be226e3fa5c8c104046acd4c1,results/bvk_strong_segregation_extension/summary.csv,results/bvk_strong_segregation_extension/summary.csv,ca9b605df17673344ee93b48b2f2e04aba25feecb6d5cd0883b11dcff8d2fc66,543471,ca9b605df17673344ee93b48b2f2e04aba25feecb6d5cd0883b11dcff8d2fc66,bvk2-manuscript-reproducibility-v1
qce-aqce-materials-v1,527ecf88b003455be226e3fa5c8c104046acd4c1,results/bvk_strong_segregation_extension/fixed_stiffness_summary.csv,results/bvk_strong_segregation_extension/fixed_stiffness_summary.csv,c65d57a2cb39583507adbb39d5a110d3a75eaaf342f61f5bca870804f5e58fc6,30752,c65d57a2cb39583507adbb39d5a110d3a75eaaf342f61f5bca870804f5e58fc6,bvk2-manuscript-reproducibility-v1
qce-aqce-materials-v1,527ecf88b003455be226e3fa5c8c104046acd4c1,results/bvk_strong_segregation_extension/aggregate.csv,results/bvk_strong_segregation_extension/aggregate.csv,f54c7cb930acca1ad35e8673ed79eb6a51d59faf0cd17b2dcf1819a093385398,764,f54c7cb930acca1ad35e8673ed79eb6a51d59faf0cd17b2dcf1819a093385398,bvk2-manuscript-reproducibility-v1
qce-aqce-materials-v1,527ecf88b003455be226e3fa5c8c104046acd4c1,results/bvk_strong_segregation_extension/validation_report.json,results/bvk_strong_segregation_extension/validation_report.json,3bac9fb4b59497f9ea3df35a91b7295cbecc5ff1a09a3e3d02d7fc39ef5df8f4,305,3bac9fb4b59497f9ea3df35a91b7295cbecc5ff1a09a3e3d02d7fc39ef5df8f4,bvk2-manuscript-reproducibility-v1
qce-aqce-materials-v1,527ecf88b003455be226e3fa5c8c104046acd4c1,results/bvk_fixed_stiffness_period_map_nx256/README.md,results/bvk_fixed_stiffness_period_map_nx256/README.md,9bf9c9deec78e37ca574e73e2f53769cf15d18dd80d21781a062742844975dfb,1331,9bf9c9deec78e37ca574e73e2f53769cf15d18dd80d21781a062742844975dfb,bvk2-manuscript-reproducibility-v1
qce-aqce-materials-v1,527ecf88b003455be226e3fa5c8c104046acd4c1,results/bvk_fixed_stiffness_period_map_nx256/summary.csv,results/bvk_fixed_stiffness_period_map_nx256/summary.csv,23075cb6ee7ec4d14e48b42089bd29f26f68a9237724783667f5f729b26a6d82,110106,23075cb6ee7ec4d14e48b42089bd29f26f68a9237724783667f5f729b26a6d82,bvk2-manuscript-reproducibility-v1
qce-aqce-materials-v1,527ecf88b003455be226e3fa5c8c104046acd4c1,results/bvk_fixed_stiffness_period_map_nx256/profiles.csv,results/bvk_fixed_stiffness_period_map_nx256/profiles.csv,5c535974fccc90f6a8173543efe938d778089ccbfa62de371b38f509a8d9671c,18226259,5c535974fccc90f6a8173543efe938d778089ccbfa62de371b38f509a8d9671c,bvk2-manuscript-reproducibility-v1
qce-aqce-materials-v1,527ecf88b003455be226e3fa5c8c104046acd4c1,results/bvk_fixed_stiffness_period_map_nx256/validation_report.json,results/bvk_fixed_stiffness_period_map_nx256/validation_report.json,d650e02df843e256ce13aaf06bd5f34b6c6d3f974f4a7fa7bb3e4c34c571563f,557,d650e02df843e256ce13aaf06bd5f34b6c6d3f974f4a7fa7bb3e4c34c571563f,bvk2-manuscript-reproducibility-v1
qce-aqce-materials-v1,527ecf88b003455be226e3fa5c8c104046acd4c1,results/bvk_fixed_stiffness_period_map_nx256/cases/f0.2_chiN25/root.csv,results/bvk_fixed_stiffness_period_map_nx256/cases/f0.2_chiN25/root.csv,560a64971e735c1cb8ac3bd89480ff5e3c954d72d634e2772bcb6de3d0b2632d,1766,560a64971e735c1cb8ac3bd89480ff5e3c954d72d634e2772bcb6de3d0b2632d,bvk2-manuscript-reproducibility-v1
qce-aqce-materials-v1,527ecf88b003455be226e3fa5c8c104046acd4c1,results/bvk_fixed_stiffness_period_map_nx256/cases/f0.2_chiN25/profile.csv,results/bvk_fixed_stiffness_period_map_nx256/cases/f0.2_chiN25/profile.csv,c3e1d0d3f962ac1d0c9467d7073baa478ddecd537dcf34609a4aea65174f379c,37011,c3e1d0d3f962ac1d0c9467d7073baa478ddecd537dcf34609a4aea65174f379c,bvk2-manuscript-reproducibility-v1
qce-aqce-materials-v1,527ecf88b003455be226e3fa5c8c104046acd4c1,results/bvk_fixed_stiffness_period_map_nx256/cases/f0.2_chiN26/root.csv,results/bvk_fixed_stiffness_period_map_nx256/cases/f0.2_chiN26/root.csv,8803a6ca4f8408ff3cbac5016b9e72530f3559803c76aa6948ab12da673b33f6,1762,8803a6ca4f8408ff3cbac5016b9e72530f3559803c76aa6948ab12da673b33f6,bvk2-manuscript-reproducibility-v1
qce-aqce-materials-v1,527ecf88b003455be226e3fa5c8c104046acd4c1,results/bvk_fixed_stiffness_period_map_nx256/cases/f0.2_chiN26/profile.csv,results/bvk_fixed_stiffness_period_map_nx256/cases/f0.2_chiN26/profile.csv,1bf42fbcba71a1a15fa0613ddf940bb15bb7c23b4116393f6e4fadb2f9e22d47,36781,1bf42fbcba71a1a15fa0613ddf940bb15bb7c23b4116393f6e4fadb2f9e22d47,bvk2-manuscript-reproducibility-v1
qce-aqce-materials-v1,527ecf88b003455be226e3fa5c8c104046acd4c1,results/bvk_fixed_stiffness_period_map_nx256/cases/f0.2_chiN27/root.csv,results/bvk_fixed_stiffness_period_map_nx256/cases/f0.2_chiN27/root.csv,2823294172c6e72c0ceb19d045c12b96a71c3c3918b15d3504e231cce0a3cac2,1764,2823294172c6e72c0ceb19d045c12b96a71c3c3918b15d3504e231cce0a3cac2,bvk2-manuscript-reproducibility-v1
qce-aqce-materials-v1,527ecf88b003455be226e3fa5c8c104046acd4c1,results/bvk_fixed_stiffness_period_map_nx256/cases/f0.2_chiN27/profile.csv,results/bvk_fixed_stiffness_period_map_nx256/cases/f0.2_chiN27/profile.csv,9d50307aacd20fe31e03a5511901b45b6a24bcad047ac4bad845edd534f42403,37341,9d50307aacd20fe31e03a5511901b45b6a24bcad047ac4bad845edd534f42403,bvk2-manuscript-reproducibility-v1
qce-aqce-materials-v1,527ecf88b003455be226e3fa5c8c104046acd4c1,results/bvk_fixed_stiffness_period_map_nx256/cases/f0.2_chiN28/root.csv,results/bvk_fixed_stiffness_period_map_nx256/cases/f0.2_chiN28/root.csv,1285c8aa03f4d8cef186573cd61571da93e3dada5e588d251bcbf358f62c17d5,1763,1285c8aa03f4d8cef186573cd61571da93e3dada5e588d251bcbf358f62c17d5,bvk2-manuscript-reproducibility-v1
qce-aqce-materials-v1,527ecf88b003455be226e3fa5c8c104046acd4c1,results/bvk_fixed_stiffness_period_map_nx256/cases/f0.2_chiN28/profile.csv,results/bvk_fixed_stiffness_period_map_nx256/cases/f0.2_chiN28/profile.csv,161c5222dfc25e36f3cb38f72580988d5dad42aafe064d11aaea9800ebf45dea,37360,161c5222dfc25e36f3cb38f72580988d5dad42aafe064d11aaea9800ebf45dea,bvk2-manuscript-reproducibility-v1
qce-aqce-materials-v1,527ecf88b003455be226e3fa5c8c104046acd4c1,results/bvk_fixed_stiffness_period_map_nx256/cases/f0.2_chiN29/root.csv,results/bvk_fixed_stiffness_period_map_nx256/cases/f0.2_chiN29/root.csv,211ca415e65a81f571635a361691ebc1080a3ac6e65b6c40f8af2ad5c153fb7f,1743,211ca415e65a81f571635a361691ebc1080a3ac6e65b6c40f8af2ad5c153fb7f,bvk2-manuscript-reproducibility-v1
qce-aqce-materials-v1,527ecf88b003455be226e3fa5c8c104046acd4c1,results/bvk_fixed_stiffness_period_map_nx256/cases/f0.2_chiN29/profile.csv,results/bvk_fixed_stiffness_period_map_nx256/cases/f0.2_chiN29/profile.csv,022b28db8b55ff5e5b6f618b7b291f1c540b2faa2a9d10769d394e48079911b2,37111,022b28db8b55ff5e5b6f618b7b291f1c540b2faa2a9d10769d394e48079911b2,bvk2-manuscript-reproducibility-v1
qce-aqce-materials-v1,527ecf88b003455be226e3fa5c8c104046acd4c1,results/bvk_fixed_stiffness_period_map_nx256/cases/f0.2_chiN30/root.csv,results/bvk_fixed_stiffness_period_map_nx256/cases/f0.2_chiN30/root.csv,ae30f6952173ff166766c06d1c4a4a03ba6341879488b1606b78396d978fde0b,1758,ae30f6952173ff166766c06d1c4a4a03ba6341879488b1606b78396d978fde0b,bvk2-manuscript-reproducibility-v1
qce-aqce-materials-v1,527ecf88b003455be226e3fa5c8c104046acd4c1,results/bvk_fixed_stiffness_period_map_nx256/cases/f0.2_chiN30/profile.csv,results/bvk_fixed_stiffness_period_map_nx256/cases/f0.2_chiN30/profile.csv,6bcfcbe31d36c5bd51efac7b8cb4fdcfb75b6ab3d212cba40fc74e03bd484f3a,37143,6bcfcbe31d36c5bd51efac7b8cb4fdcfb75b6ab3d212cba40fc74e03bd484f3a,bvk2-manuscript-reproducibility-v1
qce-aqce-materials-v1,527ecf88b003455be226e3fa5c8c104046acd4c1,results/bvk_fixed_stiffness_period_map_nx256/cases/f0.2_chiN31/root.csv,results/bvk_fixed_stiffness_period_map_nx256/cases/f0.2_chiN31/root.csv,1d3d15333e0f029eb0a25d41411b87f0ef65720e599eab40a1d1eda5bab820de,1760,1d3d15333e0f029eb0a25d41411b87f0ef65720e599eab40a1d1eda5bab820de,bvk2-manuscript-reproducibility-v1
qce-aqce-materials-v1,527ecf88b003455be226e3fa5c8c104046acd4c1,results/bvk_fixed_stiffness_period_map_nx256/cases/f0.2_chiN31/profile.csv,results/bvk_fixed_stiffness_period_map_nx256/cases/f0.2_chiN31/profile.csv,d0b58608ad2de61f7e169c1196b6ff2e5e730c6384c0405a4a1c8def2bc5bcff,37403,d0b58608ad2de61f7e169c1196b6ff2e5e730c6384c0405a4a1c8def2bc5bcff,bvk2-manuscript-reproducibility-v1
qce-aqce-materials-v1,527ecf88b003455be226e3fa5c8c104046acd4c1,results/bvk_fixed_stiffness_period_map_nx256/cases/f0.2_chiN32/root.csv,results/bvk_fixed_stiffness_period_map_nx256/cases/f0.2_chiN32/root.csv,79c2389d4f579fd88cb3799dfdc0553f9f40bd35fb8d1090da34468028fb8ebd,1758,79c2389d4f579fd88cb3799dfdc0553f9f40bd35fb8d1090da34468028fb8ebd,bvk2-manuscript-reproducibility-v1
qce-aqce-materials-v1,527ecf88b003455be226e3fa5c8c104046acd4c1,results/bvk_fixed_stiffness_period_map_nx256/cases/f0.2_chiN32/profile.csv,results/bvk_fixed_stiffness_period_map_nx256/cases/f0.2_chiN32/profile.csv,275ded718cae5e2087dbd291d41b13f60130f3d3c686ed81526d8d1c388f39c1,37137,275ded718cae5e2087dbd291d41b13f60130f3d3c686ed81526d8d1c388f39c1,bvk2-manuscript-reproducibility-v1
qce-aqce-materials-v1,527ecf88b003455be226e3fa5c8c104046acd4c1,results/bvk_fixed_stiffness_period_map_nx256/cases/f0.2_chiN33/root.csv,results/bvk_fixed_stiffness_period_map_nx256/cases/f0.2_chiN33/root.csv,b8f46e78486a312901724eb444ec9ce27bf959045282f047a6be613b9ba1b8fd,1757,b8f46e78486a312901724eb444ec9ce27bf959045282f047a6be613b9ba1b8fd,bvk2-manuscript-reproducibility-v1
qce-aqce-materials-v1,527ecf88b003455be226e3fa5c8c104046acd4c1,results/bvk_fixed_stiffness_period_map_nx256/cases/f0.2_chiN33/profile.csv,results/bvk_fixed_stiffness_period_map_nx256/cases/f0.2_chiN33/profile.csv,6d232f3c3880a97ac217f97be392ae2a7506e20c6cc65d44882f7e46ca45b7f2,37426,6d232f3c3880a97ac217f97be392ae2a7506e20c6cc65d44882f7e46ca45b7f2,bvk2-manuscript-reproducibility-v1
qce-aqce-materials-v1,527ecf88b003455be226e3fa5c8c104046acd4c1,results/bvk_fixed_stiffness_period_map_nx256/cases/f0.2_chiN34/root.csv,results/bvk_fixed_stiffness_period_map_nx256/cases/f0.2_chiN34/root.csv,abd4036a314a9002159dbdc0f2503dbfee4e3b8e8cb2989c93aa05956c3927f0,1753,abd4036a314a9002159dbdc0f2503dbfee4e3b8e8cb2989c93aa05956c3927f0,bvk2-manuscript-reproducibility-v1
qce-aqce-materials-v1,527ecf88b003455be226e3fa5c8c104046acd4c1,results/bvk_fixed_stiffness_period_map_nx256/cases/f0.2_chiN34/profile.csv,results/bvk_fixed_stiffness_period_map_nx256/cases/f0.2_chiN34/profile.csv,3f7246a3bdbde22c0fac7457c7eecb7d0a5ee7e56cae84f36fa07906b8101510,37434,3f7246a3bdbde22c0fac7457c7eecb7d0a5ee7e56cae84f36fa07906b8101510,bvk2-manuscript-reproducibility-v1
qce-aqce-materials-v1,527ecf88b003455be226e3fa5c8c104046acd4c1,results/bvk_fixed_stiffness_period_map_nx256/cases/f0.2_chiN35/root.csv,results/bvk_fixed_stiffness_period_map_nx256/cases/f0.2_chiN35/root.csv,9a75d7f1fe44bbeb60aa6ca7e09a5ed4d13adeda632ba306495a8dfdf1ec957b,1758,9a75d7f1fe44bbeb60aa6ca7e09a5ed4d13adeda632ba306495a8dfdf1ec957b,bvk2-manuscript-reproducibility-v1
qce-aqce-materials-v1,527ecf88b003455be226e3fa5c8c104046acd4c1,results/bvk_fixed_stiffness_period_map_nx256/cases/f0.2_chiN35/profile.csv,results/bvk_fixed_stiffness_period_map_nx256/cases/f0.2_chiN35/profile.csv,dccbad1a30b6420ccd268fc84604b239a518b985a49ff76a8d2310da76a37662,37182,dccbad1a30b6420ccd268fc84604b239a518b985a49ff76a8d2310da76a37662,bvk2-manuscript-reproducibility-v1
qce-aqce-materials-v1,527ecf88b003455be226e3fa5c8c104046acd4c1,results/bvk_fixed_stiffness_period_map_nx256/cases/f0.25_chiN19/root.csv,results/bvk_fixed_stiffness_period_map_nx256/cases/f0.25_chiN19/root.csv,08e8ec97d7f54748d4b43f00c4a3fbfde4593c5cd9e66440fd7859c5c566992c,1766,08e8ec97d7f54748d4b43f00c4a3fbfde4593c5cd9e66440fd7859c5c566992c,bvk2-manuscript-reproducibility-v1
qce-aqce-materials-v1,527ecf88b003455be226e3fa5c8c104046acd4c1,results/bvk_fixed_stiffness_period_map_nx256/cases/f0.25_chiN19/profile.csv,results/bvk_fixed_stiffness_period_map_nx256/cases/f0.25_chiN19/profile.csv,f8d8bb65ad533e9debd961373e318f6b0b65513fe80e5b7a593c8cadeb7cf642,37513,f8d8bb65ad533e9debd961373e318f6b0b65513fe80e5b7a593c8cadeb7cf642,bvk2-manuscript-reproducibility-v1
qce-aqce-materials-v1,527ecf88b003455be226e3fa5c8c104046acd4c1,results/bvk_fixed_stiffness_period_map_nx256/cases/f0.25_chiN20/root.csv,results/bvk_fixed_stiffness_period_map_nx256/cases/f0.25_chiN20/root.csv,6bc2ccc9ca272e13d711ebb5a54fe5303083f245b5521989ce6f19f7889ea3c2,1766,6bc2ccc9ca272e13d711ebb5a54fe5303083f245b5521989ce6f19f7889ea3c2,bvk2-manuscript-reproducibility-v1
qce-aqce-materials-v1,527ecf88b003455be226e3fa5c8c104046acd4c1,results/bvk_fixed_stiffness_period_map_nx256/cases/f0.25_chiN20/profile.csv,results/bvk_fixed_stiffness_period_map_nx256/cases/f0.25_chiN20/profile.csv,741918188de639246aaafc1d01020729ff2467f1917a444d34c5a0e3894014de,37797,741918188de639246aaafc1d01020729ff2467f1917a444d34c5a0e3894014de,bvk2-manuscript-reproducibility-v1
qce-aqce-materials-v1,527ecf88b003455be226e3fa5c8c104046acd4c1,results/bvk_fixed_stiffness_period_map_nx256/cases/f0.25_chiN21/root.csv,results/bvk_fixed_stiffness_period_map_nx256/cases/f0.25_chiN21/root.csv,b17f4d32cd2da31ca6d881626c7f8d2ecc5deb19bd513efc2ed3a18af8cd4232,1763,b17f4d32cd2da31ca6d881626c7f8d2ecc5deb19bd513efc2ed3a18af8cd4232,bvk2-manuscript-reproducibility-v1
qce-aqce-materials-v1,527ecf88b003455be226e3fa5c8c104046acd4c1,results/bvk_fixed_stiffness_period_map_nx256/cases/f0.25_chiN21/profile.csv,results/bvk_fixed_stiffness_period_map_nx256/cases/f0.25_chiN21/profile.csv,2e6018ca24ba6a780a35318db4e9b68f2fde7631ec33cdb12971d4ba7d2ec545,37811,2e6018ca24ba6a780a35318db4e9b68f2fde7631ec33cdb12971d4ba7d2ec545,bvk2-manuscript-reproducibility-v1
qce-aqce-materials-v1,527ecf88b003455be226e3fa5c8c104046acd4c1,results/bvk_fixed_stiffness_period_map_nx256/cases/f0.25_chiN22/root.csv,results/bvk_fixed_stiffness_period_map_nx256/cases/f0.25_chiN22/root.csv,386917fe80cdfd5af4c9b66bd71deaf0ce9f1f6908212065cf61bfd876645493,1762,386917fe80cdfd5af4c9b66bd71deaf0ce9f1f6908212065cf61bfd876645493,bvk2-manuscript-reproducibility-v1
qce-aqce-materials-v1,527ecf88b003455be226e3fa5c8c104046acd4c1,results/bvk_fixed_stiffness_period_map_nx256/cases/f0.25_chiN22/profile.csv,results/bvk_fixed_stiffness_period_map_nx256/cases/f0.25_chiN22/profile.csv,8971eca154245cbf7bc7ae39775f8ee20d4b137b2c4d560517b062bff475a477,37567,8971eca154245cbf7bc7ae39775f8ee20d4b137b2c4d560517b062bff475a477,bvk2-manuscript-reproducibility-v1
qce-aqce-materials-v1,527ecf88b003455be226e3fa5c8c104046acd4c1,results/bvk_fixed_stiffness_period_map_nx256/cases/f0.25_chiN23/root.csv,results/bvk_fixed_stiffness_period_map_nx256/cases/f0.25_chiN23/root.csv,967436165e23f6ef1e9eef548527b4559465d798ec99e6adfae1a1d600607cd5,1747,967436165e23f6ef1e9eef548527b4559465d798ec99e6adfae1a1d600607cd5,bvk2-manuscript-reproducibility-v1
qce-aqce-materials-v1,527ecf88b003455be226e3fa5c8c104046acd4c1,results/bvk_fixed_stiffness_period_map_nx256/cases/f0.25_chiN23/profile.csv,results/bvk_fixed_stiffness_period_map_nx256/cases/f0.25_chiN23/profile.csv,4a5c4652e82409600b58936aac0bbf55c7677bd046f2413c61a0331cb313ae5a,37850,4a5c4652e82409600b58936aac0bbf55c7677bd046f2413c61a0331cb313ae5a,bvk2-manuscript-reproducibility-v1
qce-aqce-materials-v1,527ecf88b003455be226e3fa5c8c104046acd4c1,results/bvk_fixed_stiffness_period_map_nx256/cases/f0.25_chiN24/root.csv,results/bvk_fixed_stiffness_period_map_nx256/cases/f0.25_chiN24/root.csv,08c54061c8dedcf75a44dd90628a6e2ac18bd9552d7d755cfc5c62189b080320,1763,08c54061c8dedcf75a44dd90628a6e2ac18bd9552d7d755cfc5c62189b080320,bvk2-manuscript-reproducibility-v1
qce-aqce-materials-v1,527ecf88b003455be226e3fa5c8c104046acd4c1,results/bvk_fixed_stiffness_period_map_nx256/cases/f0.25_chiN24/profile.csv,results/bvk_fixed_stiffness_period_map_nx256/cases/f0.25_chiN24/profile.csv,eed19c1bae21971a10e9758f08bdcaa641ed64ab0d917829856ffc1ecac2acfd,37868,eed19c1bae21971a10e9758f08bdcaa641ed64ab0d917829856ffc1ecac2acfd,bvk2-manuscript-reproducibility-v1
qce-aqce-materials-v1,527ecf88b003455be226e3fa5c8c104046acd4c1,results/bvk_fixed_stiffness_period_map_nx256/cases/f0.25_chiN25/root.csv,results/bvk_fixed_stiffness_period_map_nx256/cases/f0.25_chiN25/root.csv,0ac5a5b0c394907688c1610b6deb914e9565f678087c5fd534a1fddd4542f6a1,1763,0ac5a5b0c394907688c1610b6deb914e9565f678087c5fd534a1fddd4542f6a1,bvk2-manuscript-reproducibility-v1
qce-aqce-materials-v1,527ecf88b003455be226e3fa5c8c104046acd4c1,results/bvk_fixed_stiffness_period_map_nx256/cases/f0.25_chiN25/profile.csv,results/bvk_fixed_stiffness_period_map_nx256/cases/f0.25_chiN25/profile.csv,1c986dc261a4aaafb07ff6da3e9070539546dc80da92bf51a32ecc8417275c34,37879,1c986dc261a4aaafb07ff6da3e9070539546dc80da92bf51a32ecc8417275c34,bvk2-manuscript-reproducibility-v1
qce-aqce-materials-v1,527ecf88b003455be226e3fa5c8c104046acd4c1,results/bvk_fixed_stiffness_period_map_nx256/cases/f0.25_chiN26/root.csv,results/bvk_fixed_stiffness_period_map_nx256/cases/f0.25_chiN26/root.csv,8b5c6bdd400a56331f88b1a4cb13cb7f6a008c1e6a0301df34bf9f39a0dbb21d,1760,8b5c6bdd400a56331f88b1a4cb13cb7f6a008c1e6a0301df34bf9f39a0dbb21d,bvk2-manuscript-reproducibility-v1
qce-aqce-materials-v1,527ecf88b003455be226e3fa5c8c104046acd4c1,results/bvk_fixed_stiffness_period_map_nx256/cases/f0.25_chiN26/profile.csv,results/bvk_fixed_stiffness_period_map_nx256/cases/f0.25_chiN26/profile.csv,c15634670a71127dd4234dfc30412b8c1375cf67b5d37aa987cd29770a58a7f5,37632,c15634670a71127dd4234dfc30412b8c1375cf67b5d37aa987cd29770a58a7f5,bvk2-manuscript-reproducibility-v1
qce-aqce-materials-v1,527ecf88b003455be226e3fa5c8c104046acd4c1,results/bvk_fixed_stiffness_period_map_nx256/cases/f0.25_chiN27/root.csv,results/bvk_fixed_stiffness_period_map_nx256/cases/f0.25_chiN27/root.csv,1ab5c8240cb00853ee9bcc091b9f6cf42a48c4778c628428406f849cd21bd14a,1760,1ab5c8240cb00853ee9bcc091b9f6cf42a48c4778c628428406f849cd21bd14a,bvk2-manuscript-reproducibility-v1
qce-aqce-materials-v1,527ecf88b003455be226e3fa5c8c104046acd4c1,results/bvk_fixed_stiffness_period_map_nx256/cases/f0.25_chiN27/profile.csv,results/bvk_fixed_stiffness_period_map_nx256/cases/f0.25_chiN27/profile.csv,0edca5c98e0f4a55961047fd513cc9bcb65a6ce6c56e9596b402c0c5b1f3776a,37905,0edca5c98e0f4a55961047fd513cc9bcb65a6ce6c56e9596b402c0c5b1f3776a,bvk2-manuscript-reproducibility-v1
qce-aqce-materials-v1,527ecf88b003455be226e3fa5c8c104046acd4c1,results/bvk_fixed_stiffness_period_map_nx256/cases/f0.25_chiN28/root.csv,results/bvk_fixed_stiffness_period_map_nx256/cases/f0.25_chiN28/root.csv,f5d3618c44ee96da6aa99b9c3354baf58c41d0a0170f7dde34fc1b2b90095f1e,1758,f5d3618c44ee96da6aa99b9c3354baf58c41d0a0170f7dde34fc1b2b90095f1e,bvk2-manuscript-reproducibility-v1
qce-aqce-materials-v1,527ecf88b003455be226e3fa5c8c104046acd4c1,results/bvk_fixed_stiffness_period_map_nx256/cases/f0.25_chiN28/profile.csv,results/bvk_fixed_stiffness_period_map_nx256/cases/f0.25_chiN28/profile.csv,a1230af5a96341d0ea0d2126d05844c6d21d6c247613bca7507e16fafec05abe,37661,a1230af5a96341d0ea0d2126d05844c6d21d6c247613bca7507e16fafec05abe,bvk2-manuscript-reproducibility-v1
qce-aqce-materials-v1,527ecf88b003455be226e3fa5c8c104046acd4c1,results/bvk_fixed_stiffness_period_map_nx256/cases/f0.25_chiN29/root.csv,results/bvk_fixed_stiffness_period_map_nx256/cases/f0.25_chiN29/root.csv,517eca267d0dd5e2f68dd29cff5d9c2ef6bdc996db05d7f956e6aaa201813097,1763,517eca267d0dd5e2f68dd29cff5d9c2ef6bdc996db05d7f956e6aaa201813097,bvk2-manuscript-reproducibility-v1
qce-aqce-materials-v1,527ecf88b003455be226e3fa5c8c104046acd4c1,results/bvk_fixed_stiffness_period_map_nx256/cases/f0.25_chiN29/profile.csv,results/bvk_fixed_stiffness_period_map_nx256/cases/f0.25_chiN29/profile.csv,1e74a6be1f3710553d629777364903110ba49cc942d293465284274a60a61c42,37944,1e74a6be1f3710553d629777364903110ba49cc942d293465284274a60a61c42,bvk2-manuscript-reproducibility-v1
qce-aqce-materials-v1,527ecf88b003455be226e3fa5c8c104046acd4c1,results/bvk_fixed_stiffness_period_map_nx256/cases/f0.25_chiN30/root.csv,results/bvk_fixed_stiffness_period_map_nx256/cases/f0.25_chiN30/root.csv,f0e1dbfd6ebf31e37a9a35ab41efa5598a84d9bde7a5955c1889b8849cb2d498,1760,f0e1dbfd6ebf31e37a9a35ab41efa5598a84d9bde7a5955c1889b8849cb2d498,bvk2-manuscript-reproducibility-v1
qce-aqce-materials-v1,527ecf88b003455be226e3fa5c8c104046acd4c1,results/bvk_fixed_stiffness_period_map_nx256/cases/f0.25_chiN30/profile.csv,results/bvk_fixed_stiffness_period_map_nx256/cases/f0.25_chiN30/profile.csv,d538b8f459db8fc6eb16e35f7f1d79e42dfa8bb284e41aa9f1447ed8f23fabb5,37701,d538b8f459db8fc6eb16e35f7f1d79e42dfa8bb284e41aa9f1447ed8f23fabb5,bvk2-manuscript-reproducibility-v1
qce-aqce-materials-v1,527ecf88b003455be226e3fa5c8c104046acd4c1,results/bvk_fixed_stiffness_period_map_nx256/cases/f0.25_chiN31/root.csv,results/bvk_fixed_stiffness_period_map_nx256/cases/f0.25_chiN31/root.csv,049967d873647df55eb4f1b35dee7f90cb0e34d83726261f5dc439d177366624,1748,049967d873647df55eb4f1b35dee7f90cb0e34d83726261f5dc439d177366624,bvk2-manuscript-reproducibility-v1
qce-aqce-materials-v1,527ecf88b003455be226e3fa5c8c104046acd4c1,results/bvk_fixed_stiffness_period_map_nx256/cases/f0.25_chiN31/profile.csv,results/bvk_fixed_stiffness_period_map_nx256/cases/f0.25_chiN31/profile.csv,2603d1651b617e42b5ce9ca3576d8d7d38525a22422e0b152dd112aeba8ae1b7,37721,2603d1651b617e42b5ce9ca3576d8d7d38525a22422e0b152dd112aeba8ae1b7,bvk2-manuscript-reproducibility-v1
qce-aqce-materials-v1,527ecf88b003455be226e3fa5c8c104046acd4c1,results/bvk_fixed_stiffness_period_map_nx256/cases/f0.25_chiN32/root.csv,results/bvk_fixed_stiffness_period_map_nx256/cases/f0.25_chiN32/root.csv,218612e3e80d8442dc653b39e317a7662ecf254def588f8935207b24dae08d4e,1760,218612e3e80d8442dc653b39e317a7662ecf254def588f8935207b24dae08d4e,bvk2-manuscript-reproducibility-v1
qce-aqce-materials-v1,527ecf88b003455be226e3fa5c8c104046acd4c1,results/bvk_fixed_stiffness_period_map_nx256/cases/f0.25_chiN32/profile.csv,results/bvk_fixed_stiffness_period_map_nx256/cases/f0.25_chiN32/profile.csv,9782c67fcfcf145dde1b73cae4a04656dcacb3c84001ccfea64218b838d676c4,37729,9782c67fcfcf145dde1b73cae4a04656dcacb3c84001ccfea64218b838d676c4,bvk2-manuscript-reproducibility-v1
qce-aqce-materials-v1,527ecf88b003455be226e3fa5c8c104046acd4c1,results/bvk_fixed_stiffness_period_map_nx256/cases/f0.25_chiN33/root.csv,results/bvk_fixed_stiffness_period_map_nx256/cases/f0.25_chiN33/root.csv,08c84c2374269311dbd4f1082ef7b5f746c7800a25e75da8c83bdb655e6a303c,1757,08c84c2374269311dbd4f1082ef7b5f746c7800a25e75da8c83bdb655e6a303c,bvk2-manuscript-reproducibility-v1
qce-aqce-materials-v1,527ecf88b003455be226e3fa5c8c104046acd4c1,results/bvk_fixed_stiffness_period_map_nx256/cases/f0.25_chiN33/profile.csv,results/bvk_fixed_stiffness_period_map_nx256/cases/f0.25_chiN33/profile.csv,0d779f1e59870a94419ff71e0165975854bf7da388c765a68a282db51b75a654,37740,0d779f1e59870a94419ff71e0165975854bf7da388c765a68a282db51b75a654,bvk2-manuscript-reproducibility-v1
qce-aqce-materials-v1,527ecf88b003455be226e3fa5c8c104046acd4c1,results/bvk_fixed_stiffness_period_map_nx256/cases/f0.25_chiN34/root.csv,results/bvk_fixed_stiffness_period_map_nx256/cases/f0.25_chiN34/root.csv,6c6194f87db4762371d027d72e2a3fabb4a94cf5fd73d17126c76cd84890deea,1766,6c6194f87db4762371d027d72e2a3fabb4a94cf5fd73d17126c76cd84890deea,bvk2-manuscript-reproducibility-v1
qce-aqce-materials-v1,527ecf88b003455be226e3fa5c8c104046acd4c1,results/bvk_fixed_stiffness_period_map_nx256/cases/f0.25_chiN34/profile.csv,results/bvk_fixed_stiffness_period_map_nx256/cases/f0.25_chiN34/profile.csv,9003a7eff85ce0c953bdb34c37081fae9e080ed797aeac9d24d8d0ff683adcd1,37507,9003a7eff85ce0c953bdb34c37081fae9e080ed797aeac9d24d8d0ff683adcd1,bvk2-manuscript-reproducibility-v1
qce-aqce-materials-v1,527ecf88b003455be226e3fa5c8c104046acd4c1,results/bvk_fixed_stiffness_period_map_nx256/cases/f0.25_chiN35/root.csv,results/bvk_fixed_stiffness_period_map_nx256/cases/f0.25_chiN35/root.csv,89d05f3a6585e767444ed0f796ad5fd315e848d4519cf301dd92c7fba91aafa9,1761,89d05f3a6585e767444ed0f796ad5fd315e848d4519cf301dd92c7fba91aafa9,bvk2-manuscript-reproducibility-v1
qce-aqce-materials-v1,527ecf88b003455be226e3fa5c8c104046acd4c1,results/bvk_fixed_stiffness_period_map_nx256/cases/f0.25_chiN35/profile.csv,results/bvk_fixed_stiffness_period_map_nx256/cases/f0.25_chiN35/profile.csv,00006aebc3557eedf83d4082475d42f2e744fcd7c075127820f29623e4df4e08,37767,00006aebc3557eedf83d4082475d42f2e744fcd7c075127820f29623e4df4e08,bvk2-manuscript-reproducibility-v1
qce-aqce-materials-v1,527ecf88b003455be226e3fa5c8c104046acd4c1,results/bvk_fixed_stiffness_period_map_nx256/cases/f0.3_chiN15/root.csv,results/bvk_fixed_stiffness_period_map_nx256/cases/f0.3_chiN15/root.csv,32e9a77975a10b76a0ac579b50250130f2cfa7ea937a915bc51a7ec88ffa1fb6,1764,32e9a77975a10b76a0ac579b50250130f2cfa7ea937a915bc51a7ec88ffa1fb6,bvk2-manuscript-reproducibility-v1
qce-aqce-materials-v1,527ecf88b003455be226e3fa5c8c104046acd4c1,results/bvk_fixed_stiffness_period_map_nx256/cases/f0.3_chiN15/profile.csv,results/bvk_fixed_stiffness_period_map_nx256/cases/f0.3_chiN15/profile.csv,29b05eb6719ce0f5ef0b31f69cb1ed2745d62a4032af9fd729ded14e3c532586,36737,29b05eb6719ce0f5ef0b31f69cb1ed2745d62a4032af9fd729ded14e3c532586,bvk2-manuscript-reproducibility-v1
qce-aqce-materials-v1,527ecf88b003455be226e3fa5c8c104046acd4c1,results/bvk_fixed_stiffness_period_map_nx256/cases/f0.3_chiN16/root.csv,results/bvk_fixed_stiffness_period_map_nx256/cases/f0.3_chiN16/root.csv,6f78e62962569b2ab1b9c11dfede0774a30536e0f49f2643a962fb12412e04fa,1760,6f78e62962569b2ab1b9c11dfede0774a30536e0f49f2643a962fb12412e04fa,bvk2-manuscript-reproducibility-v1
qce-aqce-materials-v1,527ecf88b003455be226e3fa5c8c104046acd4c1,results/bvk_fixed_stiffness_period_map_nx256/cases/f0.3_chiN16/profile.csv,results/bvk_fixed_stiffness_period_map_nx256/cases/f0.3_chiN16/profile.csv,106d40018eb5615736ba708e3a87b2c8edfa9390897950a9e95bba7137ba65c3,36976,106d40018eb5615736ba708e3a87b2c8edfa9390897950a9e95bba7137ba65c3,bvk2-manuscript-reproducibility-v1
qce-aqce-materials-v1,527ecf88b003455be226e3fa5c8c104046acd4c1,results/bvk_fixed_stiffness_period_map_nx256/cases/f0.3_chiN17/root.csv,results/bvk_fixed_stiffness_period_map_nx256/cases/f0.3_chiN17/root.csv,e630754bd033272c2c069105845b8059136640ce3ae778edf6a46f92d3e34db9,1753,e630754bd033272c2c069105845b8059136640ce3ae778edf6a46f92d3e34db9,bvk2-manuscript-reproducibility-v1
qce-aqce-materials-v1,527ecf88b003455be226e3fa5c8c104046acd4c1,results/bvk_fixed_stiffness_period_map_nx256/cases/f0.3_chiN17/profile.csv,results/bvk_fixed_stiffness_period_map_nx256/cases/f0.3_chiN17/profile.csv,178d54228637cb6e2863a83824105b8965f5bfa7428a76a3dcee0ad399848155,37257,178d54228637cb6e2863a83824105b8965f5bfa7428a76a3dcee0ad399848155,bvk2-manuscript-reproducibility-v1
qce-aqce-materials-v1,527ecf88b003455be226e3fa5c8c104046acd4c1,results/bvk_fixed_stiffness_period_map_nx256/cases/f0.3_chiN18/root.csv,results/bvk_fixed_stiffness_period_map_nx256/cases/f0.3_chiN18/root.csv,5188f229544d24b99b403ae2897f1733ae4177f5eb21bae1fc62e57a200ce54b,1759,5188f229544d24b99b403ae2897f1733ae4177f5eb21bae1fc62e57a200ce54b,bvk2-manuscript-reproducibility-v1
qce-aqce-materials-v1,527ecf88b003455be226e3fa5c8c104046acd4c1,results/bvk_fixed_stiffness_period_map_nx256/cases/f0.3_chiN18/profile.csv,results/bvk_fixed_stiffness_period_map_nx256/cases/f0.3_chiN18/profile.csv,f7ae3d32edb67393c9b7489dd66181432c2a86dfbed3079b46e6a54dbdd4e45c,37258,f7ae3d32edb67393c9b7489dd66181432c2a86dfbed3079b46e6a54dbdd4e45c,bvk2-manuscript-reproducibility-v1
qce-aqce-materials-v1,527ecf88b003455be226e3fa5c8c104046acd4c1,results/bvk_fixed_stiffness_period_map_nx256/cases/f0.3_chiN19/root.csv,results/bvk_fixed_stiffness_period_map_nx256/cases/f0.3_chiN19/root.csv,03a1882f179e56927372e2108445254722d9b9b7f8b20f6e4857e82a77f62948,1759,03a1882f179e56927372e2108445254722d9b9b7f8b20f6e4857e82a77f62948,bvk2-manuscript-reproducibility-v1
qce-aqce-materials-v1,527ecf88b003455be226e3fa5c8c104046acd4c1,results/bvk_fixed_stiffness_period_map_nx256/cases/f0.3_chiN19/profile.csv,results/bvk_fixed_stiffness_period_map_nx256/cases/f0.3_chiN19/profile.csv,a0cdbe7bce14a30a4418b3d0dcf1777f5486a7aabe036b9cf35b8d26ef45e200,37038,a0cdbe7bce14a30a4418b3d0dcf1777f5486a7aabe036b9cf35b8d26ef45e200,bvk2-manuscript-reproducibility-v1
qce-aqce-materials-v1,527ecf88b003455be226e3fa5c8c104046acd4c1,results/bvk_fixed_stiffness_period_map_nx256/cases/f0.3_chiN20/root.csv,results/bvk_fixed_stiffness_period_map_nx256/cases/f0.3_chiN20/root.csv,0a770e9eb532224836c9ef011e960350fa6c670511850f2d87a541c3d73aff12,1754,0a770e9eb532224836c9ef011e960350fa6c670511850f2d87a541c3d73aff12,bvk2-manuscript-reproducibility-v1
qce-aqce-materials-v1,527ecf88b003455be226e3fa5c8c104046acd4c1,results/bvk_fixed_stiffness_period_map_nx256/cases/f0.3_chiN20/profile.csv,results/bvk_fixed_stiffness_period_map_nx256/cases/f0.3_chiN20/profile.csv,e24b5f7d0eb46b4de79ba1ca5ce4e4dee41edf2556d53c16fd92e07c71a3feb1,37056,e24b5f7d0eb46b4de79ba1ca5ce4e4dee41edf2556d53c16fd92e07c71a3feb1,bvk2-manuscript-reproducibility-v1
qce-aqce-materials-v1,527ecf88b003455be226e3fa5c8c104046acd4c1,results/bvk_fixed_stiffness_period_map_nx256/cases/f0.3_chiN21/root.csv,results/bvk_fixed_stiffness_period_map_nx256/cases/f0.3_chiN21/root.csv,6bc040994134f8320b1b31755659b957b57bcaee83208c9dee19401ddd9dd0fe,1758,6bc040994134f8320b1b31755659b957b57bcaee83208c9dee19401ddd9dd0fe,bvk2-manuscript-reproducibility-v1
qce-aqce-materials-v1,527ecf88b003455be226e3fa5c8c104046acd4c1,results/bvk_fixed_stiffness_period_map_nx256/cases/f0.3_chiN21/profile.csv,results/bvk_fixed_stiffness_period_map_nx256/cases/f0.3_chiN21/profile.csv,9fea583af0a404fa0a7a12a77af8dc2720a2997db12425cb35c79173c025d555,37079,9fea583af0a404fa0a7a12a77af8dc2720a2997db12425cb35c79173c025d555,bvk2-manuscript-reproducibility-v1
qce-aqce-materials-v1,527ecf88b003455be226e3fa5c8c104046acd4c1,results/bvk_fixed_stiffness_period_map_nx256/cases/f0.3_chiN22/root.csv,results/bvk_fixed_stiffness_period_map_nx256/cases/f0.3_chiN22/root.csv,1498b5fde9f76cebab233002d91212ff2f17b2349b35404e3fe48d84ee96432f,1757,1498b5fde9f76cebab233002d91212ff2f17b2349b35404e3fe48d84ee96432f,bvk2-manuscript-reproducibility-v1
qce-aqce-materials-v1,527ecf88b003455be226e3fa5c8c104046acd4c1,results/bvk_fixed_stiffness_period_map_nx256/cases/f0.3_chiN22/profile.csv,results/bvk_fixed_stiffness_period_map_nx256/cases/f0.3_chiN22/profile.csv,b8e335a68e3230b68fb5281a368d992e3e345f7901628d71a0982b45f530c272,37091,b8e335a68e3230b68fb5281a368d992e3e345f7901628d71a0982b45f530c272,bvk2-manuscript-reproducibility-v1
qce-aqce-materials-v1,527ecf88b003455be226e3fa5c8c104046acd4c1,results/bvk_fixed_stiffness_period_map_nx256/cases/f0.3_chiN23/root.csv,results/bvk_fixed_stiffness_period_map_nx256/cases/f0.3_chiN23/root.csv,36d56aa9aa766a865aca57788cea017d7e8ca915dd3b8e7ff13bf3d5a9cdb24a,1741,36d56aa9aa766a865aca57788cea017d7e8ca915dd3b8e7ff13bf3d5a9cdb24a,bvk2-manuscript-reproducibility-v1
qce-aqce-materials-v1,527ecf88b003455be226e3fa5c8c104046acd4c1,results/bvk_fixed_stiffness_period_map_nx256/cases/f0.3_chiN23/profile.csv,results/bvk_fixed_stiffness_period_map_nx256/cases/f0.3_chiN23/profile.csv,0f8d5b735dc740b90c828dedbc9bf2553fc4ce6f15e5a66d542b1ee66a69f87a,37110,0f8d5b735dc740b90c828dedbc9bf2553fc4ce6f15e5a66d542b1ee66a69f87a,bvk2-manuscript-reproducibility-v1
qce-aqce-materials-v1,527ecf88b003455be226e3fa5c8c104046acd4c1,results/bvk_fixed_stiffness_period_map_nx256/cases/f0.3_chiN24/root.csv,results/bvk_fixed_stiffness_period_map_nx256/cases/f0.3_chiN24/root.csv,b8c6ab452ed96591a63b228b72e2d178a330c0d272cd9375a3c2ce521bd899da,1758,b8c6ab452ed96591a63b228b72e2d178a330c0d272cd9375a3c2ce521bd899da,bvk2-manuscript-reproducibility-v1
qce-aqce-materials-v1,527ecf88b003455be226e3fa5c8c104046acd4c1,results/bvk_fixed_stiffness_period_map_nx256/cases/f0.3_chiN24/profile.csv,results/bvk_fixed_stiffness_period_map_nx256/cases/f0.3_chiN24/profile.csv,2bc340ac61c20c8a2b5d412f8f7673e483f6257a9d058fba4c408dabb47b9239,37105,2bc340ac61c20c8a2b5d412f8f7673e483f6257a9d058fba4c408dabb47b9239,bvk2-manuscript-reproducibility-v1
qce-aqce-materials-v1,527ecf88b003455be226e3fa5c8c104046acd4c1,results/bvk_fixed_stiffness_period_map_nx256/cases/f0.3_chiN25/root.csv,results/bvk_fixed_stiffness_period_map_nx256/cases/f0.3_chiN25/root.csv,f881c6fa06a471f3a668589c9a7532fd5e1f11096ca88b49b00e1d53fb5d0fd5,1756,f881c6fa06a471f3a668589c9a7532fd5e1f11096ca88b49b00e1d53fb5d0fd5,bvk2-manuscript-reproducibility-v1
qce-aqce-materials-v1,527ecf88b003455be226e3fa5c8c104046acd4c1,results/bvk_fixed_stiffness_period_map_nx256/cases/f0.3_chiN25/profile.csv,results/bvk_fixed_stiffness_period_map_nx256/cases/f0.3_chiN25/profile.csv,b9150e40cb80a8f0e2f45bd5ded02f0d580d0dfbef5f50eec6e81a8024d9d2a2,37126,b9150e40cb80a8f0e2f45bd5ded02f0d580d0dfbef5f50eec6e81a8024d9d2a2,bvk2-manuscript-reproducibility-v1
qce-aqce-materials-v1,527ecf88b003455be226e3fa5c8c104046acd4c1,results/bvk_fixed_stiffness_period_map_nx256/cases/f0.3_chiN26/root.csv,results/bvk_fixed_stiffness_period_map_nx256/cases/f0.3_chiN26/root.csv,c724c09bceeeea54b9499e06fb990e5cebfff6ea98de156707b6373ae0871825,1753,c724c09bceeeea54b9499e06fb990e5cebfff6ea98de156707b6373ae0871825,bvk2-manuscript-reproducibility-v1
qce-aqce-materials-v1,527ecf88b003455be226e3fa5c8c104046acd4c1,results/bvk_fixed_stiffness_period_map_nx256/cases/f0.3_chiN26/profile.csv,results/bvk_fixed_stiffness_period_map_nx256/cases/f0.3_chiN26/profile.csv,b37d16b47f1e08cbdbd6ac0a199aceaa5f3f6b0585a63696beb5ad7056081f6c,37140,b37d16b47f1e08cbdbd6ac0a199aceaa5f3f6b0585a63696beb5ad7056081f6c,bvk2-manuscript-reproducibility-v1
qce-aqce-materials-v1,527ecf88b003455be226e3fa5c8c104046acd4c1,results/bvk_fixed_stiffness_period_map_nx256/cases/f0.3_chiN27/root.csv,results/bvk_fixed_stiffness_period_map_nx256/cases/f0.3_chiN27/root.csv,1fed154ae174818e9d7944dea8d7cae5501f9a33bea282cf4e4594aaba976271,1741,1fed154ae174818e9d7944dea8d7cae5501f9a33bea282cf4e4594aaba976271,bvk2-manuscript-reproducibility-v1
qce-aqce-materials-v1,527ecf88b003455be226e3fa5c8c104046acd4c1,results/bvk_fixed_stiffness_period_map_nx256/cases/f0.3_chiN27/profile.csv,results/bvk_fixed_stiffness_period_map_nx256/cases/f0.3_chiN27/profile.csv,c42d46361aaa53f639611714d6728e225b19e02b172447f9704652e642fd217f,37159,c42d46361aaa53f639611714d6728e225b19e02b172447f9704652e642fd217f,bvk2-manuscript-reproducibility-v1
qce-aqce-materials-v1,527ecf88b003455be226e3fa5c8c104046acd4c1,results/bvk_fixed_stiffness_period_map_nx256/cases/f0.3_chiN28/root.csv,results/bvk_fixed_stiffness_period_map_nx256/cases/f0.3_chiN28/root.csv,929ceec24242335898bdee93109445df4e76d6fc36fbd07d0b2b4409dfdc74af,1757,929ceec24242335898bdee93109445df4e76d6fc36fbd07d0b2b4409dfdc74af,bvk2-manuscript-reproducibility-v1
qce-aqce-materials-v1,527ecf88b003455be226e3fa5c8c104046acd4c1,results/bvk_fixed_stiffness_period_map_nx256/cases/f0.3_chiN28/profile.csv,results/bvk_fixed_stiffness_period_map_nx256/cases/f0.3_chiN28/profile.csv,2c1822a98255b40a3696d2c794ee149c5855944d8d22639e49bb4ab0c88260cc,36902,2c1822a98255b40a3696d2c794ee149c5855944d8d22639e49bb4ab0c88260cc,bvk2-manuscript-reproducibility-v1
qce-aqce-materials-v1,527ecf88b003455be226e3fa5c8c104046acd4c1,results/bvk_fixed_stiffness_period_map_nx256/cases/f0.3_chiN29/root.csv,results/bvk_fixed_stiffness_period_map_nx256/cases/f0.3_chiN29/root.csv,9159665cdfd61eb43ef8138f244fabcd6c7fd6ce0ccd07fb0caa54f8a50e8870,1757,9159665cdfd61eb43ef8138f244fabcd6c7fd6ce0ccd07fb0caa54f8a50e8870,bvk2-manuscript-reproducibility-v1
qce-aqce-materials-v1,527ecf88b003455be226e3fa5c8c104046acd4c1,results/bvk_fixed_stiffness_period_map_nx256/cases/f0.3_chiN29/profile.csv,results/bvk_fixed_stiffness_period_map_nx256/cases/f0.3_chiN29/profile.csv,c4325c6a8dfe0d8b0c06afc6fac55eb7b209cb8e3e0ea4e4abc2bf42cc3c4b0b,37423,c4325c6a8dfe0d8b0c06afc6fac55eb7b209cb8e3e0ea4e4abc2bf42cc3c4b0b,bvk2-manuscript-reproducibility-v1
qce-aqce-materials-v1,527ecf88b003455be226e3fa5c8c104046acd4c1,results/bvk_fixed_stiffness_period_map_nx256/cases/f0.3_chiN30/root.csv,results/bvk_fixed_stiffness_period_map_nx256/cases/f0.3_chiN30/root.csv,6f5c61971c22590254667849fc899a4b532d0b77ec18c45a8b9dfb4c873f4108,1757,6f5c61971c22590254667849fc899a4b532d0b77ec18c45a8b9dfb4c873f4108,bvk2-manuscript-reproducibility-v1
qce-aqce-materials-v1,527ecf88b003455be226e3fa5c8c104046acd4c1,results/bvk_fixed_stiffness_period_map_nx256/cases/f0.3_chiN30/profile.csv,results/bvk_fixed_stiffness_period_map_nx256/cases/f0.3_chiN30/profile.csv,f43c4e134baddb8685631f3b7ac60d22968064955517e4468a5fc36942c22895,37210,f43c4e134baddb8685631f3b7ac60d22968064955517e4468a5fc36942c22895,bvk2-manuscript-reproducibility-v1
qce-aqce-materials-v1,527ecf88b003455be226e3fa5c8c104046acd4c1,results/bvk_fixed_stiffness_period_map_nx256/cases/f0.3_chiN31/root.csv,results/bvk_fixed_stiffness_period_map_nx256/cases/f0.3_chiN31/root.csv,8afb0dd71991d08be4757bdbf5753be9471a3a3ce770e99d8ac4a40a6877538e,1753,8afb0dd71991d08be4757bdbf5753be9471a3a3ce770e99d8ac4a40a6877538e,bvk2-manuscript-reproducibility-v1
qce-aqce-materials-v1,527ecf88b003455be226e3fa5c8c104046acd4c1,results/bvk_fixed_stiffness_period_map_nx256/cases/f0.3_chiN31/profile.csv,results/bvk_fixed_stiffness_period_map_nx256/cases/f0.3_chiN31/profile.csv,07d17a69935b26b53e1bc283d36145bd845f3c2ded174fb4d8c4f7be9e523e88,37201,07d17a69935b26b53e1bc283d36145bd845f3c2ded174fb4d8c4f7be9e523e88,bvk2-manuscript-reproducibility-v1
qce-aqce-materials-v1,527ecf88b003455be226e3fa5c8c104046acd4c1,results/bvk_fixed_stiffness_period_map_nx256/cases/f0.3_chiN32/root.csv,results/bvk_fixed_stiffness_period_map_nx256/cases/f0.3_chiN32/root.csv,cdc6f018ff98ce44a1b64c9d6fb35d34ccddd36acf2ffd6b5773574bf035398a,1752,cdc6f018ff98ce44a1b64c9d6fb35d34ccddd36acf2ffd6b5773574bf035398a,bvk2-manuscript-reproducibility-v1
qce-aqce-materials-v1,527ecf88b003455be226e3fa5c8c104046acd4c1,results/bvk_fixed_stiffness_period_map_nx256/cases/f0.3_chiN32/profile.csv,results/bvk_fixed_stiffness_period_map_nx256/cases/f0.3_chiN32/profile.csv,e8b9015caddd3b9169617a5855182982b149bdf6ed48797cd2293b3f13d9fcc2,37221,e8b9015caddd3b9169617a5855182982b149bdf6ed48797cd2293b3f13d9fcc2,bvk2-manuscript-reproducibility-v1
qce-aqce-materials-v1,527ecf88b003455be226e3fa5c8c104046acd4c1,results/bvk_fixed_stiffness_period_map_nx256/cases/f0.3_chiN33/root.csv,results/bvk_fixed_stiffness_period_map_nx256/cases/f0.3_chiN33/root.csv,2d3ca16c836b254332f2338e3a46c8b8435c2ad9913118a2f7fe25fb255ee37d,1753,2d3ca16c836b254332f2338e3a46c8b8435c2ad9913118a2f7fe25fb255ee37d,bvk2-manuscript-reproducibility-v1
qce-aqce-materials-v1,527ecf88b003455be226e3fa5c8c104046acd4c1,results/bvk_fixed_stiffness_period_map_nx256/cases/f0.3_chiN33/profile.csv,results/bvk_fixed_stiffness_period_map_nx256/cases/f0.3_chiN33/profile.csv,93e860f551fd14d2dac7d7906925be7960d7ab95ca552b0bfe34d3efd5eba7fb,37240,93e860f551fd14d2dac7d7906925be7960d7ab95ca552b0bfe34d3efd5eba7fb,bvk2-manuscript-reproducibility-v1
qce-aqce-materials-v1,527ecf88b003455be226e3fa5c8c104046acd4c1,results/bvk_fixed_stiffness_period_map_nx256/cases/f0.3_chiN34/root.csv,results/bvk_fixed_stiffness_period_map_nx256/cases/f0.3_chiN34/root.csv,eb5c04cfbdc2847c865632af8ba8d6f80de114673540635b74ac8d67c5dcc222,1753,eb5c04cfbdc2847c865632af8ba8d6f80de114673540635b74ac8d67c5dcc222,bvk2-manuscript-reproducibility-v1
qce-aqce-materials-v1,527ecf88b003455be226e3fa5c8c104046acd4c1,results/bvk_fixed_stiffness_period_map_nx256/cases/f0.3_chiN34/profile.csv,results/bvk_fixed_stiffness_period_map_nx256/cases/f0.3_chiN34/profile.csv,039a57cfab65439ee006d68c6704c53a96d25f3510c6b51c058933519e01d114,37252,039a57cfab65439ee006d68c6704c53a96d25f3510c6b51c058933519e01d114,bvk2-manuscript-reproducibility-v1
qce-aqce-materials-v1,527ecf88b003455be226e3fa5c8c104046acd4c1,results/bvk_fixed_stiffness_period_map_nx256/cases/f0.3_chiN35/root.csv,results/bvk_fixed_stiffness_period_map_nx256/cases/f0.3_chiN35/root.csv,0fc04d7dbe1eeca981e8ac66ba9c98b4639ed4e81757b0e0bfc680c4e5e9dafd,1755,0fc04d7dbe1eeca981e8ac66ba9c98b4639ed4e81757b0e0bfc680c4e5e9dafd,bvk2-manuscript-reproducibility-v1
qce-aqce-materials-v1,527ecf88b003455be226e3fa5c8c104046acd4c1,results/bvk_fixed_stiffness_period_map_nx256/cases/f0.3_chiN35/profile.csv,results/bvk_fixed_stiffness_period_map_nx256/cases/f0.3_chiN35/profile.csv,f2192315ad78f7d033940022fa6e4d8fe6fd3d70eb421e7d39eb0eb0d70c59bb,37293,f2192315ad78f7d033940022fa6e4d8fe6fd3d70eb421e7d39eb0eb0d70c59bb,bvk2-manuscript-reproducibility-v1
qce-aqce-materials-v1,527ecf88b003455be226e3fa5c8c104046acd4c1,results/bvk_fixed_stiffness_period_map_nx256/cases/f0.35_chiN13/root.csv,results/bvk_fixed_stiffness_period_map_nx256/cases/f0.35_chiN13/root.csv,44d5165a294be10824a34b1991ece4569b7e1166755b299b68359bcd616615d6,1767,44d5165a294be10824a34b1991ece4569b7e1166755b299b68359bcd616615d6,bvk2-manuscript-reproducibility-v1
qce-aqce-materials-v1,527ecf88b003455be226e3fa5c8c104046acd4c1,results/bvk_fixed_stiffness_period_map_nx256/cases/f0.35_chiN13/profile.csv,results/bvk_fixed_stiffness_period_map_nx256/cases/f0.35_chiN13/profile.csv,0b9bfc04f4875712bc661f08415a83c6ce33594be3f1983a2819d4773e97cee8,37734,0b9bfc04f4875712bc661f08415a83c6ce33594be3f1983a2819d4773e97cee8,bvk2-manuscript-reproducibility-v1
qce-aqce-materials-v1,527ecf88b003455be226e3fa5c8c104046acd4c1,results/bvk_fixed_stiffness_period_map_nx256/cases/f0.35_chiN14/root.csv,results/bvk_fixed_stiffness_period_map_nx256/cases/f0.35_chiN14/root.csv,b711d0aca865806eda36e2461ece577b2df5047056018bb4117bb59149abfb53,1763,b711d0aca865806eda36e2461ece577b2df5047056018bb4117bb59149abfb53,bvk2-manuscript-reproducibility-v1
qce-aqce-materials-v1,527ecf88b003455be226e3fa5c8c104046acd4c1,results/bvk_fixed_stiffness_period_map_nx256/cases/f0.35_chiN14/profile.csv,results/bvk_fixed_stiffness_period_map_nx256/cases/f0.35_chiN14/profile.csv,0e95fd89c724a01479c59a781131442003abf3926994111c68e727c04b48573f,37704,0e95fd89c724a01479c59a781131442003abf3926994111c68e727c04b48573f,bvk2-manuscript-reproducibility-v1
qce-aqce-materials-v1,527ecf88b003455be226e3fa5c8c104046acd4c1,results/bvk_fixed_stiffness_period_map_nx256/cases/f0.35_chiN15/root.csv,results/bvk_fixed_stiffness_period_map_nx256/cases/f0.35_chiN15/root.csv,d7537124de037c61a2a1eba8fd52ef83e80dcac0cda16f12c1ca1f316e0d1104,1766,d7537124de037c61a2a1eba8fd52ef83e80dcac0cda16f12c1ca1f316e0d1104,bvk2-manuscript-reproducibility-v1
qce-aqce-materials-v1,527ecf88b003455be226e3fa5c8c104046acd4c1,results/bvk_fixed_stiffness_period_map_nx256/cases/f0.35_chiN15/profile.csv,results/bvk_fixed_stiffness_period_map_nx256/cases/f0.35_chiN15/profile.csv,de3e892bd5b27fd59f465fff41f74eec5f47c1858f4423f495010046d59aedac,37468,de3e892bd5b27fd59f465fff41f74eec5f47c1858f4423f495010046d59aedac,bvk2-manuscript-reproducibility-v1
qce-aqce-materials-v1,527ecf88b003455be226e3fa5c8c104046acd4c1,results/bvk_fixed_stiffness_period_map_nx256/cases/f0.35_chiN16/root.csv,results/bvk_fixed_stiffness_period_map_nx256/cases/f0.35_chiN16/root.csv,bf81e1cacc0bc691740ca06c1e2cac45e4e2c64b0aee1b7544f4b6b21bd033ca,1762,bf81e1cacc0bc691740ca06c1e2cac45e4e2c64b0aee1b7544f4b6b21bd033ca,bvk2-manuscript-reproducibility-v1
qce-aqce-materials-v1,527ecf88b003455be226e3fa5c8c104046acd4c1,results/bvk_fixed_stiffness_period_map_nx256/cases/f0.35_chiN16/profile.csv,results/bvk_fixed_stiffness_period_map_nx256/cases/f0.35_chiN16/profile.csv,bb1ed12e4bb56e2131e1956959bcea8754276a70d1f192c2f008626c7852d120,37774,bb1ed12e4bb56e2131e1956959bcea8754276a70d1f192c2f008626c7852d120,bvk2-manuscript-reproducibility-v1
qce-aqce-materials-v1,527ecf88b003455be226e3fa5c8c104046acd4c1,results/bvk_fixed_stiffness_period_map_nx256/cases/f0.35_chiN17/root.csv,results/bvk_fixed_stiffness_period_map_nx256/cases/f0.35_chiN17/root.csv,140b45c69fa09fb16d999e02b36500c9d720c2d42a2d3a68e14621e4d23840d4,1761,140b45c69fa09fb16d999e02b36500c9d720c2d42a2d3a68e14621e4d23840d4,bvk2-manuscript-reproducibility-v1
qce-aqce-materials-v1,527ecf88b003455be226e3fa5c8c104046acd4c1,results/bvk_fixed_stiffness_period_map_nx256/cases/f0.35_chiN17/profile.csv,results/bvk_fixed_stiffness_period_map_nx256/cases/f0.35_chiN17/profile.csv,046e4e05a776e9c1e0dc66533ff9aedfd720d786ff1fdc85b763b87c3882b9c6,37518,046e4e05a776e9c1e0dc66533ff9aedfd720d786ff1fdc85b763b87c3882b9c6,bvk2-manuscript-reproducibility-v1
qce-aqce-materials-v1,527ecf88b003455be226e3fa5c8c104046acd4c1,results/bvk_fixed_stiffness_period_map_nx256/cases/f0.35_chiN18/root.csv,results/bvk_fixed_stiffness_period_map_nx256/cases/f0.35_chiN18/root.csv,c7e234ab452384a4a1233f586602c4a35c788b46b76f9a1e3b1ca1a77d268fee,1767,c7e234ab452384a4a1233f586602c4a35c788b46b76f9a1e3b1ca1a77d268fee,bvk2-manuscript-reproducibility-v1
qce-aqce-materials-v1,527ecf88b003455be226e3fa5c8c104046acd4c1,results/bvk_fixed_stiffness_period_map_nx256/cases/f0.35_chiN18/profile.csv,results/bvk_fixed_stiffness_period_map_nx256/cases/f0.35_chiN18/profile.csv,aef549cb8d701c3245372687b8a670ae91bb68ab5767187841800d756ba10435,37805,aef549cb8d701c3245372687b8a670ae91bb68ab5767187841800d756ba10435,bvk2-manuscript-reproducibility-v1
qce-aqce-materials-v1,527ecf88b003455be226e3fa5c8c104046acd4c1,results/bvk_fixed_stiffness_period_map_nx256/cases/f0.35_chiN19/root.csv,results/bvk_fixed_stiffness_period_map_nx256/cases/f0.35_chiN19/root.csv,f39556be33e2c6a22864324592b01e3bffe9f3547d8f6e26061b77209df28079,1758,f39556be33e2c6a22864324592b01e3bffe9f3547d8f6e26061b77209df28079,bvk2-manuscript-reproducibility-v1
qce-aqce-materials-v1,527ecf88b003455be226e3fa5c8c104046acd4c1,results/bvk_fixed_stiffness_period_map_nx256/cases/f0.35_chiN19/profile.csv,results/bvk_fixed_stiffness_period_map_nx256/cases/f0.35_chiN19/profile.csv,66583c34f14d2f54f8cc26d8dc3049abd4ccd0d6f829dd000eb5c9d7aec2f081,37556,66583c34f14d2f54f8cc26d8dc3049abd4ccd0d6f829dd000eb5c9d7aec2f081,bvk2-manuscript-reproducibility-v1
qce-aqce-materials-v1,527ecf88b003455be226e3fa5c8c104046acd4c1,results/bvk_fixed_stiffness_period_map_nx256/cases/f0.35_chiN20/root.csv,results/bvk_fixed_stiffness_period_map_nx256/cases/f0.35_chiN20/root.csv,50501916229be9df656d0803a46e0b8be517800cab38e03ebecf0d4508647393,1759,50501916229be9df656d0803a46e0b8be517800cab38e03ebecf0d4508647393,bvk2-manuscript-reproducibility-v1
qce-aqce-materials-v1,527ecf88b003455be226e3fa5c8c104046acd4c1,results/bvk_fixed_stiffness_period_map_nx256/cases/f0.35_chiN20/profile.csv,results/bvk_fixed_stiffness_period_map_nx256/cases/f0.35_chiN20/profile.csv,1482686daa1480ce92dea8d7fb5703de831f1bb81edfd8926da23b92f4344960,37826,1482686daa1480ce92dea8d7fb5703de831f1bb81edfd8926da23b92f4344960,bvk2-manuscript-reproducibility-v1
qce-aqce-materials-v1,527ecf88b003455be226e3fa5c8c104046acd4c1,results/bvk_fixed_stiffness_period_map_nx256/cases/f0.35_chiN21/root.csv,results/bvk_fixed_stiffness_period_map_nx256/cases/f0.35_chiN21/root.csv,beac5dd8a028bd50c24bf89cf61747ade37521b6ddc6fbfb03bc6e1d6c0c3123,1764,beac5dd8a028bd50c24bf89cf61747ade37521b6ddc6fbfb03bc6e1d6c0c3123,bvk2-manuscript-reproducibility-v1
qce-aqce-materials-v1,527ecf88b003455be226e3fa5c8c104046acd4c1,results/bvk_fixed_stiffness_period_map_nx256/cases/f0.35_chiN21/profile.csv,results/bvk_fixed_stiffness_period_map_nx256/cases/f0.35_chiN21/profile.csv,55f79900249d1f6dcf6381145d4b58400e138ad8bc5cbe760ffc2af430e86970,37843,55f79900249d1f6dcf6381145d4b58400e138ad8bc5cbe760ffc2af430e86970,bvk2-manuscript-reproducibility-v1
qce-aqce-materials-v1,527ecf88b003455be226e3fa5c8c104046acd4c1,results/bvk_fixed_stiffness_period_map_nx256/cases/f0.35_chiN22/root.csv,results/bvk_fixed_stiffness_period_map_nx256/cases/f0.35_chiN22/root.csv,44d3e900bbf9795f8aff24326309446674f77919be909211397ef0e022c32e1f,1760,44d3e900bbf9795f8aff24326309446674f77919be909211397ef0e022c32e1f,bvk2-manuscript-reproducibility-v1
qce-aqce-materials-v1,527ecf88b003455be226e3fa5c8c104046acd4c1,results/bvk_fixed_stiffness_period_map_nx256/cases/f0.35_chiN22/profile.csv,results/bvk_fixed_stiffness_period_map_nx256/cases/f0.35_chiN22/profile.csv,41dcea5e8e2b83736e88ba66a5e097f06442ab4ae85ff925f6e21974b885f1a9,37854,41dcea5e8e2b83736e88ba66a5e097f06442ab4ae85ff925f6e21974b885f1a9,bvk2-manuscript-reproducibility-v1
qce-aqce-materials-v1,527ecf88b003455be226e3fa5c8c104046acd4c1,results/bvk_fixed_stiffness_period_map_nx256/cases/f0.35_chiN23/root.csv,results/bvk_fixed_stiffness_period_map_nx256/cases/f0.35_chiN23/root.csv,d0c87e2db8e3c51ce61cddcf9eb42509c756bcb0fd0c6593b5f018675cb9f308,1758,d0c87e2db8e3c51ce61cddcf9eb42509c756bcb0fd0c6593b5f018675cb9f308,bvk2-manuscript-reproducibility-v1
qce-aqce-materials-v1,527ecf88b003455be226e3fa5c8c104046acd4c1,results/bvk_fixed_stiffness_period_map_nx256/cases/f0.35_chiN23/profile.csv,results/bvk_fixed_stiffness_period_map_nx256/cases/f0.35_chiN23/profile.csv,6f3278db1964dda2026f33baa21f4c5fd3d4a8ed80adf137e9ddb1bff45f4d96,37592,6f3278db1964dda2026f33baa21f4c5fd3d4a8ed80adf137e9ddb1bff45f4d96,bvk2-manuscript-reproducibility-v1
qce-aqce-materials-v1,527ecf88b003455be226e3fa5c8c104046acd4c1,results/bvk_fixed_stiffness_period_map_nx256/cases/f0.35_chiN24/root.csv,results/bvk_fixed_stiffness_period_map_nx256/cases/f0.35_chiN24/root.csv,4f00348fc58522e4eeb00f6f95ae8b3201f34feb03ce53c337d797098a79e4a2,1759,4f00348fc58522e4eeb00f6f95ae8b3201f34feb03ce53c337d797098a79e4a2,bvk2-manuscript-reproducibility-v1
qce-aqce-materials-v1,527ecf88b003455be226e3fa5c8c104046acd4c1,results/bvk_fixed_stiffness_period_map_nx256/cases/f0.35_chiN24/profile.csv,results/bvk_fixed_stiffness_period_map_nx256/cases/f0.35_chiN24/profile.csv,22ccaabdffb41895edec5897c9f9e4501f56a874c4c395cf281ac0c2c2a28c3a,37624,22ccaabdffb41895edec5897c9f9e4501f56a874c4c395cf281ac0c2c2a28c3a,bvk2-manuscript-reproducibility-v1
qce-aqce-materials-v1,527ecf88b003455be226e3fa5c8c104046acd4c1,results/bvk_fixed_stiffness_period_map_nx256/cases/f0.35_chiN25/root.csv,results/bvk_fixed_stiffness_period_map_nx256/cases/f0.35_chiN25/root.csv,27f8104db2b9894161ca08f7d30ce066f3b8b30f59eb5085a72aa04f0f9391ad,1758,27f8104db2b9894161ca08f7d30ce066f3b8b30f59eb5085a72aa04f0f9391ad,bvk2-manuscript-reproducibility-v1
qce-aqce-materials-v1,527ecf88b003455be226e3fa5c8c104046acd4c1,results/bvk_fixed_stiffness_period_map_nx256/cases/f0.35_chiN25/profile.csv,results/bvk_fixed_stiffness_period_map_nx256/cases/f0.35_chiN25/profile.csv,0e6d5fd8d46bd0a043cab96ce6d1a40852f94c947dfb5327351ec9eaafb4a272,37640,0e6d5fd8d46bd0a043cab96ce6d1a40852f94c947dfb5327351ec9eaafb4a272,bvk2-manuscript-reproducibility-v1
qce-aqce-materials-v1,527ecf88b003455be226e3fa5c8c104046acd4c1,results/bvk_fixed_stiffness_period_map_nx256/cases/f0.35_chiN26/root.csv,results/bvk_fixed_stiffness_period_map_nx256/cases/f0.35_chiN26/root.csv,fc56d884e0eccd2144ff825ddc873c376a59d49dd70706661f7d3d5a69e62617,1760,fc56d884e0eccd2144ff825ddc873c376a59d49dd70706661f7d3d5a69e62617,bvk2-manuscript-reproducibility-v1
qce-aqce-materials-v1,527ecf88b003455be226e3fa5c8c104046acd4c1,results/bvk_fixed_stiffness_period_map_nx256/cases/f0.35_chiN26/profile.csv,results/bvk_fixed_stiffness_period_map_nx256/cases/f0.35_chiN26/profile.csv,0d8f4c807a52d4de9e83d2fa0c98c390b6d518082a1b67b7de67d0c7521c9c4d,37658,0d8f4c807a52d4de9e83d2fa0c98c390b6d518082a1b67b7de67d0c7521c9c4d,bvk2-manuscript-reproducibility-v1
qce-aqce-materials-v1,527ecf88b003455be226e3fa5c8c104046acd4c1,results/bvk_fixed_stiffness_period_map_nx256/cases/f0.35_chiN27/root.csv,results/bvk_fixed_stiffness_period_map_nx256/cases/f0.35_chiN27/root.csv,83c4c38afa44801a372949c2ac1469476267384bff6efab5105c08d7ffa6fbcc,1761,83c4c38afa44801a372949c2ac1469476267384bff6efab5105c08d7ffa6fbcc,bvk2-manuscript-reproducibility-v1
qce-aqce-materials-v1,527ecf88b003455be226e3fa5c8c104046acd4c1,results/bvk_fixed_stiffness_period_map_nx256/cases/f0.35_chiN27/profile.csv,results/bvk_fixed_stiffness_period_map_nx256/cases/f0.35_chiN27/profile.csv,ef24bed62ea93298bd96f19b7ebfe86af728d8f4a7395e8acbae707ae5e7bdc7,37662,ef24bed62ea93298bd96f19b7ebfe86af728d8f4a7395e8acbae707ae5e7bdc7,bvk2-manuscript-reproducibility-v1
qce-aqce-materials-v1,527ecf88b003455be226e3fa5c8c104046acd4c1,results/bvk_fixed_stiffness_period_map_nx256/cases/f0.35_chiN28/root.csv,results/bvk_fixed_stiffness_period_map_nx256/cases/f0.35_chiN28/root.csv,499c3ee1604a96964842e64fa0eeaf2ac45823fc8550945beb13f8c0a9c7f8e1,1758,499c3ee1604a96964842e64fa0eeaf2ac45823fc8550945beb13f8c0a9c7f8e1,bvk2-manuscript-reproducibility-v1
qce-aqce-materials-v1,527ecf88b003455be226e3fa5c8c104046acd4c1,results/bvk_fixed_stiffness_period_map_nx256/cases/f0.35_chiN28/profile.csv,results/bvk_fixed_stiffness_period_map_nx256/cases/f0.35_chiN28/profile.csv,e57e81ba9d0c195c4b17447e266a77a8291a5a9a5b4340a575e00737f35618e1,37673,e57e81ba9d0c195c4b17447e266a77a8291a5a9a5b4340a575e00737f35618e1,bvk2-manuscript-reproducibility-v1
qce-aqce-materials-v1,527ecf88b003455be226e3fa5c8c104046acd4c1,results/bvk_fixed_stiffness_period_map_nx256/cases/f0.35_chiN29/root.csv,results/bvk_fixed_stiffness_period_map_nx256/cases/f0.35_chiN29/root.csv,635c6c6091256082a4913ad580ef209a02f1a77228db7f18d6209cf2104f3b35,1763,635c6c6091256082a4913ad580ef209a02f1a77228db7f18d6209cf2104f3b35,bvk2-manuscript-reproducibility-v1
qce-aqce-materials-v1,527ecf88b003455be226e3fa5c8c104046acd4c1,results/bvk_fixed_stiffness_period_map_nx256/cases/f0.35_chiN29/profile.csv,results/bvk_fixed_stiffness_period_map_nx256/cases/f0.35_chiN29/profile.csv,5c1cff176897d385a612eed84e04e84c774f2ce6e6e72181686fe9797b16691a,37673,5c1cff176897d385a612eed84e04e84c774f2ce6e6e72181686fe9797b16691a,bvk2-manuscript-reproducibility-v1
qce-aqce-materials-v1,527ecf88b003455be226e3fa5c8c104046acd4c1,results/bvk_fixed_stiffness_period_map_nx256/cases/f0.35_chiN30/root.csv,results/bvk_fixed_stiffness_period_map_nx256/cases/f0.35_chiN30/root.csv,5d36e5c9c11ad763be043bcc99e262649dbe35370565a8a4fbe8b64296fe1493,1761,5d36e5c9c11ad763be043bcc99e262649dbe35370565a8a4fbe8b64296fe1493,bvk2-manuscript-reproducibility-v1
qce-aqce-materials-v1,527ecf88b003455be226e3fa5c8c104046acd4c1,results/bvk_fixed_stiffness_period_map_nx256/cases/f0.35_chiN30/profile.csv,results/bvk_fixed_stiffness_period_map_nx256/cases/f0.35_chiN30/profile.csv,33395902f4cdf2a455e1f2d72b1fd89bd65c5ff41a5668154462ebd169c4f566,37693,33395902f4cdf2a455e1f2d72b1fd89bd65c5ff41a5668154462ebd169c4f566,bvk2-manuscript-reproducibility-v1
qce-aqce-materials-v1,527ecf88b003455be226e3fa5c8c104046acd4c1,results/bvk_fixed_stiffness_period_map_nx256/cases/f0.35_chiN31/root.csv,results/bvk_fixed_stiffness_period_map_nx256/cases/f0.35_chiN31/root.csv,43d06300d5d9bcf756caa5e2b2e8c07a9ee0ddde3edabaffa33b6d54f8bb56e3,1762,43d06300d5d9bcf756caa5e2b2e8c07a9ee0ddde3edabaffa33b6d54f8bb56e3,bvk2-manuscript-reproducibility-v1
qce-aqce-materials-v1,527ecf88b003455be226e3fa5c8c104046acd4c1,results/bvk_fixed_stiffness_period_map_nx256/cases/f0.35_chiN31/profile.csv,results/bvk_fixed_stiffness_period_map_nx256/cases/f0.35_chiN31/profile.csv,511437551b06d740537dc5c53ca0c0ee101fdba17e3614fa82cca20adf3b7f94,37714,511437551b06d740537dc5c53ca0c0ee101fdba17e3614fa82cca20adf3b7f94,bvk2-manuscript-reproducibility-v1
qce-aqce-materials-v1,527ecf88b003455be226e3fa5c8c104046acd4c1,results/bvk_fixed_stiffness_period_map_nx256/cases/f0.35_chiN32/root.csv,results/bvk_fixed_stiffness_period_map_nx256/cases/f0.35_chiN32/root.csv,40554f8055b7fca741ff00a0b9ad3787b2442938cea60c48c61fd3079b83c06e,1741,40554f8055b7fca741ff00a0b9ad3787b2442938cea60c48c61fd3079b83c06e,bvk2-manuscript-reproducibility-v1
qce-aqce-materials-v1,527ecf88b003455be226e3fa5c8c104046acd4c1,results/bvk_fixed_stiffness_period_map_nx256/cases/f0.35_chiN32/profile.csv,results/bvk_fixed_stiffness_period_map_nx256/cases/f0.35_chiN32/profile.csv,3d6f44fa626e064c7d9eb56295a2d505933b141fcdd505871ffb12fb02d460be,37721,3d6f44fa626e064c7d9eb56295a2d505933b141fcdd505871ffb12fb02d460be,bvk2-manuscript-reproducibility-v1
qce-aqce-materials-v1,527ecf88b003455be226e3fa5c8c104046acd4c1,results/bvk_fixed_stiffness_period_map_nx256/cases/f0.35_chiN33/root.csv,results/bvk_fixed_stiffness_period_map_nx256/cases/f0.35_chiN33/root.csv,60bfea73c5cbbd1013dc38a2c4ef4b000dd290ccd3c52801eac0a8cee6e853b9,1758,60bfea73c5cbbd1013dc38a2c4ef4b000dd290ccd3c52801eac0a8cee6e853b9,bvk2-manuscript-reproducibility-v1
qce-aqce-materials-v1,527ecf88b003455be226e3fa5c8c104046acd4c1,results/bvk_fixed_stiffness_period_map_nx256/cases/f0.35_chiN33/profile.csv,results/bvk_fixed_stiffness_period_map_nx256/cases/f0.35_chiN33/profile.csv,5240f5d0115cd7b17c54784241516fa2a0d4be69f6e4370d3e37fd0c6f45f3ff,37713,5240f5d0115cd7b17c54784241516fa2a0d4be69f6e4370d3e37fd0c6f45f3ff,bvk2-manuscript-reproducibility-v1
qce-aqce-materials-v1,527ecf88b003455be226e3fa5c8c104046acd4c1,results/bvk_fixed_stiffness_period_map_nx256/cases/f0.35_chiN34/root.csv,results/bvk_fixed_stiffness_period_map_nx256/cases/f0.35_chiN34/root.csv,eb3448e8d778a8def196dc6c43fdf0c60d198fb2cd1977097a3bec13c6f646dc,1746,eb3448e8d778a8def196dc6c43fdf0c60d198fb2cd1977097a3bec13c6f646dc,bvk2-manuscript-reproducibility-v1
qce-aqce-materials-v1,527ecf88b003455be226e3fa5c8c104046acd4c1,results/bvk_fixed_stiffness_period_map_nx256/cases/f0.35_chiN34/profile.csv,results/bvk_fixed_stiffness_period_map_nx256/cases/f0.35_chiN34/profile.csv,befc8533a0e4909aba912c58ed6dc8eecd690ee55829bb894dc10a74b55eb324,37735,befc8533a0e4909aba912c58ed6dc8eecd690ee55829bb894dc10a74b55eb324,bvk2-manuscript-reproducibility-v1
qce-aqce-materials-v1,527ecf88b003455be226e3fa5c8c104046acd4c1,results/bvk_fixed_stiffness_period_map_nx256/cases/f0.35_chiN35/root.csv,results/bvk_fixed_stiffness_period_map_nx256/cases/f0.35_chiN35/root.csv,763fa2835c5942a4172b868b182a827ecb4d5694a3c5ac3448a45e6c024643c2,1758,763fa2835c5942a4172b868b182a827ecb4d5694a3c5ac3448a45e6c024643c2,bvk2-manuscript-reproducibility-v1
qce-aqce-materials-v1,527ecf88b003455be226e3fa5c8c104046acd4c1,results/bvk_fixed_stiffness_period_map_nx256/cases/f0.35_chiN35/profile.csv,results/bvk_fixed_stiffness_period_map_nx256/cases/f0.35_chiN35/profile.csv,fd78cf945619d4709609739579dc079425c65d8409250b05308a54e15e7ba676,37759,fd78cf945619d4709609739579dc079425c65d8409250b05308a54e15e7ba676,bvk2-manuscript-reproducibility-v1
qce-aqce-materials-v1,527ecf88b003455be226e3fa5c8c104046acd4c1,results/bvk_fixed_stiffness_period_map_nx256/cases/f0.4_chiN12/root.csv,results/bvk_fixed_stiffness_period_map_nx256/cases/f0.4_chiN12/root.csv,b3a2fed677397b2e26921f04ec2c5733169d7ff4892abdf2f6a3b50fb5e566b9,1761,b3a2fed677397b2e26921f04ec2c5733169d7ff4892abdf2f6a3b50fb5e566b9,bvk2-manuscript-reproducibility-v1
qce-aqce-materials-v1,527ecf88b003455be226e3fa5c8c104046acd4c1,results/bvk_fixed_stiffness_period_map_nx256/cases/f0.4_chiN12/profile.csv,results/bvk_fixed_stiffness_period_map_nx256/cases/f0.4_chiN12/profile.csv,00fd7e1d4ddcc0d52db99e69406da0b2d2a85a417e904a1709907de171a51031,36947,00fd7e1d4ddcc0d52db99e69406da0b2d2a85a417e904a1709907de171a51031,bvk2-manuscript-reproducibility-v1
qce-aqce-materials-v1,527ecf88b003455be226e3fa5c8c104046acd4c1,results/bvk_fixed_stiffness_period_map_nx256/cases/f0.4_chiN13/root.csv,results/bvk_fixed_stiffness_period_map_nx256/cases/f0.4_chiN13/root.csv,d47e569dace15af941d7a918dbd6ed1cd8e583995b0d6c5ee9da7dc90bf729c4,1762,d47e569dace15af941d7a918dbd6ed1cd8e583995b0d6c5ee9da7dc90bf729c4,bvk2-manuscript-reproducibility-v1
qce-aqce-materials-v1,527ecf88b003455be226e3fa5c8c104046acd4c1,results/bvk_fixed_stiffness_period_map_nx256/cases/f0.4_chiN13/profile.csv,results/bvk_fixed_stiffness_period_map_nx256/cases/f0.4_chiN13/profile.csv,e2ebc56df54b3de8461be71bd3cecb6d3c5ed5614ea5b2a00f40e00eb6440aff,37203,e2ebc56df54b3de8461be71bd3cecb6d3c5ed5614ea5b2a00f40e00eb6440aff,bvk2-manuscript-reproducibility-v1
qce-aqce-materials-v1,527ecf88b003455be226e3fa5c8c104046acd4c1,results/bvk_fixed_stiffness_period_map_nx256/cases/f0.4_chiN14/root.csv,results/bvk_fixed_stiffness_period_map_nx256/cases/f0.4_chiN14/root.csv,08435a56f871af396a21168cad147f91642099cb7008098576e0c1a263ba7237,1762,08435a56f871af396a21168cad147f91642099cb7008098576e0c1a263ba7237,bvk2-manuscript-reproducibility-v1
qce-aqce-materials-v1,527ecf88b003455be226e3fa5c8c104046acd4c1,results/bvk_fixed_stiffness_period_map_nx256/cases/f0.4_chiN14/profile.csv,results/bvk_fixed_stiffness_period_map_nx256/cases/f0.4_chiN14/profile.csv,37fe05667d8c06877c1dd9616b3d6381b5999e2a7a2d9f6b9122df94390614f3,37211,37fe05667d8c06877c1dd9616b3d6381b5999e2a7a2d9f6b9122df94390614f3,bvk2-manuscript-reproducibility-v1
qce-aqce-materials-v1,527ecf88b003455be226e3fa5c8c104046acd4c1,results/bvk_fixed_stiffness_period_map_nx256/cases/f0.4_chiN15/root.csv,results/bvk_fixed_stiffness_period_map_nx256/cases/f0.4_chiN15/root.csv,54483dac8b9c241a08d4034290fc24a0482a3e3330c27ce95425d338ee182aaa,1756,54483dac8b9c241a08d4034290fc24a0482a3e3330c27ce95425d338ee182aaa,bvk2-manuscript-reproducibility-v1
qce-aqce-materials-v1,527ecf88b003455be226e3fa5c8c104046acd4c1,results/bvk_fixed_stiffness_period_map_nx256/cases/f0.4_chiN15/profile.csv,results/bvk_fixed_stiffness_period_map_nx256/cases/f0.4_chiN15/profile.csv,8c9099e0302fef5ac200eb0dfb0f3be62cd708f7a544239092cd83f76dff03eb,36971,8c9099e0302fef5ac200eb0dfb0f3be62cd708f7a544239092cd83f76dff03eb,bvk2-manuscript-reproducibility-v1
qce-aqce-materials-v1,527ecf88b003455be226e3fa5c8c104046acd4c1,results/bvk_fixed_stiffness_period_map_nx256/cases/f0.4_chiN16/root.csv,results/bvk_fixed_stiffness_period_map_nx256/cases/f0.4_chiN16/root.csv,6b46dcc264ab87becad9afc37f7abaf9acc3617cfced370669abc77145ffd18f,1756,6b46dcc264ab87becad9afc37f7abaf9acc3617cfced370669abc77145ffd18f,bvk2-manuscript-reproducibility-v1
qce-aqce-materials-v1,527ecf88b003455be226e3fa5c8c104046acd4c1,results/bvk_fixed_stiffness_period_map_nx256/cases/f0.4_chiN16/profile.csv,results/bvk_fixed_stiffness_period_map_nx256/cases/f0.4_chiN16/profile.csv,c3c9b87db1b8ca547f768d28d8dd93d03063e7bba63119c0a2891e546e84ed5a,37228,c3c9b87db1b8ca547f768d28d8dd93d03063e7bba63119c0a2891e546e84ed5a,bvk2-manuscript-reproducibility-v1
qce-aqce-materials-v1,527ecf88b003455be226e3fa5c8c104046acd4c1,results/bvk_fixed_stiffness_period_map_nx256/cases/f0.4_chiN17/root.csv,results/bvk_fixed_stiffness_period_map_nx256/cases/f0.4_chiN17/root.csv,c965212cee333dcf74c3ed4bba2e69c37ea6c7f78ac28902b2c7ba3a7ce8daf8,1759,c965212cee333dcf74c3ed4bba2e69c37ea6c7f78ac28902b2c7ba3a7ce8daf8,bvk2-manuscript-reproducibility-v1
qce-aqce-materials-v1,527ecf88b003455be226e3fa5c8c104046acd4c1,results/bvk_fixed_stiffness_period_map_nx256/cases/f0.4_chiN17/profile.csv,results/bvk_fixed_stiffness_period_map_nx256/cases/f0.4_chiN17/profile.csv,5a0eff797c00e1870994af94cca60d884a6843ec7060b76ae1d1e544fea357d4,37005,5a0eff797c00e1870994af94cca60d884a6843ec7060b76ae1d1e544fea357d4,bvk2-manuscript-reproducibility-v1
qce-aqce-materials-v1,527ecf88b003455be226e3fa5c8c104046acd4c1,results/bvk_fixed_stiffness_period_map_nx256/cases/f0.4_chiN18/root.csv,results/bvk_fixed_stiffness_period_map_nx256/cases/f0.4_chiN18/root.csv,e60e2d8fb48aad7c569b0c21d18c3c049d5994e23934c3c341a0c9e68ed73c8f,1757,e60e2d8fb48aad7c569b0c21d18c3c049d5994e23934c3c341a0c9e68ed73c8f,bvk2-manuscript-reproducibility-v1
qce-aqce-materials-v1,527ecf88b003455be226e3fa5c8c104046acd4c1,results/bvk_fixed_stiffness_period_map_nx256/cases/f0.4_chiN18/profile.csv,results/bvk_fixed_stiffness_period_map_nx256/cases/f0.4_chiN18/profile.csv,fce0bb6fa8a092a92110547bf3160b1ac71be977f96986e127a357872f1fd046,37253,fce0bb6fa8a092a92110547bf3160b1ac71be977f96986e127a357872f1fd046,bvk2-manuscript-reproducibility-v1
qce-aqce-materials-v1,527ecf88b003455be226e3fa5c8c104046acd4c1,results/bvk_fixed_stiffness_period_map_nx256/cases/f0.4_chiN19/root.csv,results/bvk_fixed_stiffness_period_map_nx256/cases/f0.4_chiN19/root.csv,72e246656d7d9cb399c38ede5517a3b9cfe955c6fdccc4737ffa3753c3197ff9,1753,72e246656d7d9cb399c38ede5517a3b9cfe955c6fdccc4737ffa3753c3197ff9,bvk2-manuscript-reproducibility-v1
qce-aqce-materials-v1,527ecf88b003455be226e3fa5c8c104046acd4c1,results/bvk_fixed_stiffness_period_map_nx256/cases/f0.4_chiN19/profile.csv,results/bvk_fixed_stiffness_period_map_nx256/cases/f0.4_chiN19/profile.csv,caa7562671fb0ffca64c528e9a726961ebd018479dcc5e9d1078c4ab73db5507,37302,caa7562671fb0ffca64c528e9a726961ebd018479dcc5e9d1078c4ab73db5507,bvk2-manuscript-reproducibility-v1
qce-aqce-materials-v1,527ecf88b003455be226e3fa5c8c104046acd4c1,results/bvk_fixed_stiffness_period_map_nx256/cases/f0.4_chiN20/root.csv,results/bvk_fixed_stiffness_period_map_nx256/cases/f0.4_chiN20/root.csv,425a048c3e79db7051495fbbd326474757d13146433869fb8743f0541f253d95,1757,425a048c3e79db7051495fbbd326474757d13146433869fb8743f0541f253d95,bvk2-manuscript-reproducibility-v1
qce-aqce-materials-v1,527ecf88b003455be226e3fa5c8c104046acd4c1,results/bvk_fixed_stiffness_period_map_nx256/cases/f0.4_chiN20/profile.csv,results/bvk_fixed_stiffness_period_map_nx256/cases/f0.4_chiN20/profile.csv,5244fd40967e39868ed0569510a61c44bba0223f70cfa26767cef4c4663f08ee,37053,5244fd40967e39868ed0569510a61c44bba0223f70cfa26767cef4c4663f08ee,bvk2-manuscript-reproducibility-v1
qce-aqce-materials-v1,527ecf88b003455be226e3fa5c8c104046acd4c1,results/bvk_fixed_stiffness_period_map_nx256/cases/f0.4_chiN21/root.csv,results/bvk_fixed_stiffness_period_map_nx256/cases/f0.4_chiN21/root.csv,f127069ffa289db9140e86245caea4b070705933b5c6ba5bbad22442f03cddc5,1761,f127069ffa289db9140e86245caea4b070705933b5c6ba5bbad22442f03cddc5,bvk2-manuscript-reproducibility-v1
qce-aqce-materials-v1,527ecf88b003455be226e3fa5c8c104046acd4c1,results/bvk_fixed_stiffness_period_map_nx256/cases/f0.4_chiN21/profile.csv,results/bvk_fixed_stiffness_period_map_nx256/cases/f0.4_chiN21/profile.csv,d1ef118abc4409180e8b92255bed464febafdb3fee42cd734eedda2f103f996a,37283,d1ef118abc4409180e8b92255bed464febafdb3fee42cd734eedda2f103f996a,bvk2-manuscript-reproducibility-v1
qce-aqce-materials-v1,527ecf88b003455be226e3fa5c8c104046acd4c1,results/bvk_fixed_stiffness_period_map_nx256/cases/f0.4_chiN22/root.csv,results/bvk_fixed_stiffness_period_map_nx256/cases/f0.4_chiN22/root.csv,5680aa385447b5b64d7c367376a6d744ab27e47c43d47a9108a009c71cace28f,1756,5680aa385447b5b64d7c367376a6d744ab27e47c43d47a9108a009c71cace28f,bvk2-manuscript-reproducibility-v1
qce-aqce-materials-v1,527ecf88b003455be226e3fa5c8c104046acd4c1,results/bvk_fixed_stiffness_period_map_nx256/cases/f0.4_chiN22/profile.csv,results/bvk_fixed_stiffness_period_map_nx256/cases/f0.4_chiN22/profile.csv,941e35529ffcb609459ddf657e40a68ce515ffc01e1dcf9bc0fb9a347f9b5018,37323,941e35529ffcb609459ddf657e40a68ce515ffc01e1dcf9bc0fb9a347f9b5018,bvk2-manuscript-reproducibility-v1
qce-aqce-materials-v1,527ecf88b003455be226e3fa5c8c104046acd4c1,results/bvk_fixed_stiffness_period_map_nx256/cases/f0.4_chiN23/root.csv,results/bvk_fixed_stiffness_period_map_nx256/cases/f0.4_chiN23/root.csv,007cd034d25ec53084883ab3e3263ac43f52088d05d50f803407081adda960b3,1759,007cd034d25ec53084883ab3e3263ac43f52088d05d50f803407081adda960b3,bvk2-manuscript-reproducibility-v1
qce-aqce-materials-v1,527ecf88b003455be226e3fa5c8c104046acd4c1,results/bvk_fixed_stiffness_period_map_nx256/cases/f0.4_chiN23/profile.csv,results/bvk_fixed_stiffness_period_map_nx256/cases/f0.4_chiN23/profile.csv,96390b5b1bb89b9bc2cb798d9a1555753f8a62ac1a1aa5316554ac2a56c573be,37074,96390b5b1bb89b9bc2cb798d9a1555753f8a62ac1a1aa5316554ac2a56c573be,bvk2-manuscript-reproducibility-v1
qce-aqce-materials-v1,527ecf88b003455be226e3fa5c8c104046acd4c1,results/bvk_fixed_stiffness_period_map_nx256/cases/f0.4_chiN24/root.csv,results/bvk_fixed_stiffness_period_map_nx256/cases/f0.4_chiN24/root.csv,03d936eae79529f2b7d96ba65851301ad4b8d42cd90553997629f55df7420ba6,1758,03d936eae79529f2b7d96ba65851301ad4b8d42cd90553997629f55df7420ba6,bvk2-manuscript-reproducibility-v1
qce-aqce-materials-v1,527ecf88b003455be226e3fa5c8c104046acd4c1,results/bvk_fixed_stiffness_period_map_nx256/cases/f0.4_chiN24/profile.csv,results/bvk_fixed_stiffness_period_map_nx256/cases/f0.4_chiN24/profile.csv,62d6de8bbbeaab5859e53cddc1a14e24a01048ef84f7e4bb7eca5a2f3dbea80f,37089,62d6de8bbbeaab5859e53cddc1a14e24a01048ef84f7e4bb7eca5a2f3dbea80f,bvk2-manuscript-reproducibility-v1
qce-aqce-materials-v1,527ecf88b003455be226e3fa5c8c104046acd4c1,results/bvk_fixed_stiffness_period_map_nx256/cases/f0.4_chiN25/root.csv,results/bvk_fixed_stiffness_period_map_nx256/cases/f0.4_chiN25/root.csv,ef13800ee4feec801360f0d0fd8e295f068823769423b4e6766cccb4d3733c1c,1756,ef13800ee4feec801360f0d0fd8e295f068823769423b4e6766cccb4d3733c1c,bvk2-manuscript-reproducibility-v1
qce-aqce-materials-v1,527ecf88b003455be226e3fa5c8c104046acd4c1,results/bvk_fixed_stiffness_period_map_nx256/cases/f0.4_chiN25/profile.csv,results/bvk_fixed_stiffness_period_map_nx256/cases/f0.4_chiN25/profile.csv,119d57956b13663ea2b301c678bd913a8fd9d4f8029b9900d28d8b371ea2c418,37360,119d57956b13663ea2b301c678bd913a8fd9d4f8029b9900d28d8b371ea2c418,bvk2-manuscript-reproducibility-v1
qce-aqce-materials-v1,527ecf88b003455be226e3fa5c8c104046acd4c1,results/bvk_fixed_stiffness_period_map_nx256/cases/f0.4_chiN26/root.csv,results/bvk_fixed_stiffness_period_map_nx256/cases/f0.4_chiN26/root.csv,a9dc127465c69d9f90872defa9f24c555b5db673188649d795dc93d7a025dc05,1744,a9dc127465c69d9f90872defa9f24c555b5db673188649d795dc93d7a025dc05,bvk2-manuscript-reproducibility-v1
qce-aqce-materials-v1,527ecf88b003455be226e3fa5c8c104046acd4c1,results/bvk_fixed_stiffness_period_map_nx256/cases/f0.4_chiN26/profile.csv,results/bvk_fixed_stiffness_period_map_nx256/cases/f0.4_chiN26/profile.csv,5741594cc882d35ff8c711786acee0712cb90a4366345a5f5025a4f2ab9ade24,37121,5741594cc882d35ff8c711786acee0712cb90a4366345a5f5025a4f2ab9ade24,bvk2-manuscript-reproducibility-v1
qce-aqce-materials-v1,527ecf88b003455be226e3fa5c8c104046acd4c1,results/bvk_fixed_stiffness_period_map_nx256/cases/f0.4_chiN27/root.csv,results/bvk_fixed_stiffness_period_map_nx256/cases/f0.4_chiN27/root.csv,e23e3e83c1e705f6e6725f16a290d95079e27905900ef6c3bdc1a4eb09132d91,1752,e23e3e83c1e705f6e6725f16a290d95079e27905900ef6c3bdc1a4eb09132d91,bvk2-manuscript-reproducibility-v1
qce-aqce-materials-v1,527ecf88b003455be226e3fa5c8c104046acd4c1,results/bvk_fixed_stiffness_period_map_nx256/cases/f0.4_chiN27/profile.csv,results/bvk_fixed_stiffness_period_map_nx256/cases/f0.4_chiN27/profile.csv,34630370cc401858d7b9e6d56c0aea45fb0f0febceda8eea98e420588976ab4e,37126,34630370cc401858d7b9e6d56c0aea45fb0f0febceda8eea98e420588976ab4e,bvk2-manuscript-reproducibility-v1
qce-aqce-materials-v1,527ecf88b003455be226e3fa5c8c104046acd4c1,results/bvk_fixed_stiffness_period_map_nx256/cases/f0.4_chiN28/root.csv,results/bvk_fixed_stiffness_period_map_nx256/cases/f0.4_chiN28/root.csv,18908dc55d00fa8640bbca1344add65cf97329c13ffd9981daa7be7a56c97c28,1752,18908dc55d00fa8640bbca1344add65cf97329c13ffd9981daa7be7a56c97c28,bvk2-manuscript-reproducibility-v1
qce-aqce-materials-v1,527ecf88b003455be226e3fa5c8c104046acd4c1,results/bvk_fixed_stiffness_period_map_nx256/cases/f0.4_chiN28/profile.csv,results/bvk_fixed_stiffness_period_map_nx256/cases/f0.4_chiN28/profile.csv,0498709dcb6f6b82d986b7ef5b9730822d648351f37c9d4a6c09c8dbb157721c,36862,0498709dcb6f6b82d986b7ef5b9730822d648351f37c9d4a6c09c8dbb157721c,bvk2-manuscript-reproducibility-v1
qce-aqce-materials-v1,527ecf88b003455be226e3fa5c8c104046acd4c1,results/bvk_fixed_stiffness_period_map_nx256/cases/f0.4_chiN29/root.csv,results/bvk_fixed_stiffness_period_map_nx256/cases/f0.4_chiN29/root.csv,156e4e695812397e00a8c0b267c297142bb0b964eb62f896d3ea00fcc15243bf,1755,156e4e695812397e00a8c0b267c297142bb0b964eb62f896d3ea00fcc15243bf,bvk2-manuscript-reproducibility-v1
qce-aqce-materials-v1,527ecf88b003455be226e3fa5c8c104046acd4c1,results/bvk_fixed_stiffness_period_map_nx256/cases/f0.4_chiN29/profile.csv,results/bvk_fixed_stiffness_period_map_nx256/cases/f0.4_chiN29/profile.csv,cb8f01f8c678cdb1ec1eed913ca03f06bfb49722b466c2551776f81fbc061b3a,37150,cb8f01f8c678cdb1ec1eed913ca03f06bfb49722b466c2551776f81fbc061b3a,bvk2-manuscript-reproducibility-v1
qce-aqce-materials-v1,527ecf88b003455be226e3fa5c8c104046acd4c1,results/bvk_fixed_stiffness_period_map_nx256/cases/f0.4_chiN30/root.csv,results/bvk_fixed_stiffness_period_map_nx256/cases/f0.4_chiN30/root.csv,38392a624c85798f1590572c4ba0581ff01b2383d092615425cb14eb1a21b711,1753,38392a624c85798f1590572c4ba0581ff01b2383d092615425cb14eb1a21b711,bvk2-manuscript-reproducibility-v1
qce-aqce-materials-v1,527ecf88b003455be226e3fa5c8c104046acd4c1,results/bvk_fixed_stiffness_period_map_nx256/cases/f0.4_chiN30/profile.csv,results/bvk_fixed_stiffness_period_map_nx256/cases/f0.4_chiN30/profile.csv,118557079ce8a9c64999a34dc900c1312f142b5f648ae853dc2f552d48147ec7,37152,118557079ce8a9c64999a34dc900c1312f142b5f648ae853dc2f552d48147ec7,bvk2-manuscript-reproducibility-v1
qce-aqce-materials-v1,527ecf88b003455be226e3fa5c8c104046acd4c1,results/bvk_fixed_stiffness_period_map_nx256/cases/f0.4_chiN31/root.csv,results/bvk_fixed_stiffness_period_map_nx256/cases/f0.4_chiN31/root.csv,1f1f2511de8f5883a44733538dd3f4d111f3e7c0a93f91709b5679c0fe5b867c,1740,1f1f2511de8f5883a44733538dd3f4d111f3e7c0a93f91709b5679c0fe5b867c,bvk2-manuscript-reproducibility-v1
qce-aqce-materials-v1,527ecf88b003455be226e3fa5c8c104046acd4c1,results/bvk_fixed_stiffness_period_map_nx256/cases/f0.4_chiN31/profile.csv,results/bvk_fixed_stiffness_period_map_nx256/cases/f0.4_chiN31/profile.csv,094ccab69a0b8705a28fe91b34417c61d468c4ddcd8745ecfa8eb32b3ea9391f,37160,094ccab69a0b8705a28fe91b34417c61d468c4ddcd8745ecfa8eb32b3ea9391f,bvk2-manuscript-reproducibility-v1
qce-aqce-materials-v1,527ecf88b003455be226e3fa5c8c104046acd4c1,results/bvk_fixed_stiffness_period_map_nx256/cases/f0.4_chiN32/root.csv,results/bvk_fixed_stiffness_period_map_nx256/cases/f0.4_chiN32/root.csv,9287a713012d247bcc977129b39e4c3335ca8c9f384cf526c541b73d5a8d5982,1750,9287a713012d247bcc977129b39e4c3335ca8c9f384cf526c541b73d5a8d5982,bvk2-manuscript-reproducibility-v1
qce-aqce-materials-v1,527ecf88b003455be226e3fa5c8c104046acd4c1,results/bvk_fixed_stiffness_period_map_nx256/cases/f0.4_chiN32/profile.csv,results/bvk_fixed_stiffness_period_map_nx256/cases/f0.4_chiN32/profile.csv,2bed57e48747328cbaa2b1b5edfe119da6e497bf5ae998456dd8e4ad27d806dc,37180,2bed57e48747328cbaa2b1b5edfe119da6e497bf5ae998456dd8e4ad27d806dc,bvk2-manuscript-reproducibility-v1
qce-aqce-materials-v1,527ecf88b003455be226e3fa5c8c104046acd4c1,results/bvk_fixed_stiffness_period_map_nx256/cases/f0.4_chiN33/root.csv,results/bvk_fixed_stiffness_period_map_nx256/cases/f0.4_chiN33/root.csv,7a74b652d14b66411d8511d5db96e3ffca64fe93a5e8d198f183b4abba2d7204,1759,7a74b652d14b66411d8511d5db96e3ffca64fe93a5e8d198f183b4abba2d7204,bvk2-manuscript-reproducibility-v1
qce-aqce-materials-v1,527ecf88b003455be226e3fa5c8c104046acd4c1,results/bvk_fixed_stiffness_period_map_nx256/cases/f0.4_chiN33/profile.csv,results/bvk_fixed_stiffness_period_map_nx256/cases/f0.4_chiN33/profile.csv,91a5ce0d42f8eed8955e2c15d0aff8bbabaa74ba0b5720e354bd7817fb7ad9bb,37195,91a5ce0d42f8eed8955e2c15d0aff8bbabaa74ba0b5720e354bd7817fb7ad9bb,bvk2-manuscript-reproducibility-v1
qce-aqce-materials-v1,527ecf88b003455be226e3fa5c8c104046acd4c1,results/bvk_fixed_stiffness_period_map_nx256/cases/f0.4_chiN34/root.csv,results/bvk_fixed_stiffness_period_map_nx256/cases/f0.4_chiN34/root.csv,01c595d3a168b48f65f37b31d3ca6029719354bb618125fa6e392ef2e21ea338,1754,01c595d3a168b48f65f37b31d3ca6029719354bb618125fa6e392ef2e21ea338,bvk2-manuscript-reproducibility-v1
qce-aqce-materials-v1,527ecf88b003455be226e3fa5c8c104046acd4c1,results/bvk_fixed_stiffness_period_map_nx256/cases/f0.4_chiN34/profile.csv,results/bvk_fixed_stiffness_period_map_nx256/cases/f0.4_chiN34/profile.csv,d8a78e4abe7a10078a89ac851b7fce431eab8802d8f8143c7878536a3efdae9f,37187,d8a78e4abe7a10078a89ac851b7fce431eab8802d8f8143c7878536a3efdae9f,bvk2-manuscript-reproducibility-v1
qce-aqce-materials-v1,527ecf88b003455be226e3fa5c8c104046acd4c1,results/bvk_fixed_stiffness_period_map_nx256/cases/f0.4_chiN35/root.csv,results/bvk_fixed_stiffness_period_map_nx256/cases/f0.4_chiN35/root.csv,6568838cbd8f93b25f7d0a54bf2dd1d70f54dd144a09854b77b4005a225197d9,1742,6568838cbd8f93b25f7d0a54bf2dd1d70f54dd144a09854b77b4005a225197d9,bvk2-manuscript-reproducibility-v1
qce-aqce-materials-v1,527ecf88b003455be226e3fa5c8c104046acd4c1,results/bvk_fixed_stiffness_period_map_nx256/cases/f0.4_chiN35/profile.csv,results/bvk_fixed_stiffness_period_map_nx256/cases/f0.4_chiN35/profile.csv,689b2d4ec65ec70257ea8c20dbfe017c86fc097bfb66887dfbb7d16cab7f01d0,36938,689b2d4ec65ec70257ea8c20dbfe017c86fc097bfb66887dfbb7d16cab7f01d0,bvk2-manuscript-reproducibility-v1
qce-aqce-materials-v1,527ecf88b003455be226e3fa5c8c104046acd4c1,results/bvk_fixed_stiffness_period_map_nx256/cases/f0.45_chiN11/root.csv,results/bvk_fixed_stiffness_period_map_nx256/cases/f0.45_chiN11/root.csv,9689c8f390e7ea8c609af13627d57bf075847371ebd013e96ee1cdc61e303812,1771,9689c8f390e7ea8c609af13627d57bf075847371ebd013e96ee1cdc61e303812,bvk2-manuscript-reproducibility-v1
qce-aqce-materials-v1,527ecf88b003455be226e3fa5c8c104046acd4c1,results/bvk_fixed_stiffness_period_map_nx256/cases/f0.45_chiN11/profile.csv,results/bvk_fixed_stiffness_period_map_nx256/cases/f0.45_chiN11/profile.csv,a389690461cd76fc1c4a23184ace89f6047750013ef9c90b2779b2204f29dad8,37433,a389690461cd76fc1c4a23184ace89f6047750013ef9c90b2779b2204f29dad8,bvk2-manuscript-reproducibility-v1
qce-aqce-materials-v1,527ecf88b003455be226e3fa5c8c104046acd4c1,results/bvk_fixed_stiffness_period_map_nx256/cases/f0.45_chiN12/root.csv,results/bvk_fixed_stiffness_period_map_nx256/cases/f0.45_chiN12/root.csv,65abf263ecb55706de98b4a2573f4f19163a9d972ffb13ed3a6ac6fabc3c6f2c,1764,65abf263ecb55706de98b4a2573f4f19163a9d972ffb13ed3a6ac6fabc3c6f2c,bvk2-manuscript-reproducibility-v1
qce-aqce-materials-v1,527ecf88b003455be226e3fa5c8c104046acd4c1,results/bvk_fixed_stiffness_period_map_nx256/cases/f0.45_chiN12/profile.csv,results/bvk_fixed_stiffness_period_map_nx256/cases/f0.45_chiN12/profile.csv,1fda3eb9efee9e7fd8d59f400ff0d8ab72734ab282aaef0a9e88262f4ae50f0c,37428,1fda3eb9efee9e7fd8d59f400ff0d8ab72734ab282aaef0a9e88262f4ae50f0c,bvk2-manuscript-reproducibility-v1
qce-aqce-materials-v1,527ecf88b003455be226e3fa5c8c104046acd4c1,results/bvk_fixed_stiffness_period_map_nx256/cases/f0.45_chiN13/root.csv,results/bvk_fixed_stiffness_period_map_nx256/cases/f0.45_chiN13/root.csv,40f0682c98b2841384dbad9f4bd94e4ef2881f814bebe1a9816574505d409a2d,1764,40f0682c98b2841384dbad9f4bd94e4ef2881f814bebe1a9816574505d409a2d,bvk2-manuscript-reproducibility-v1
qce-aqce-materials-v1,527ecf88b003455be226e3fa5c8c104046acd4c1,results/bvk_fixed_stiffness_period_map_nx256/cases/f0.45_chiN13/profile.csv,results/bvk_fixed_stiffness_period_map_nx256/cases/f0.45_chiN13/profile.csv,52798c311baba8e0960537656e4bcd1e7014fd9985f4dfea5ae449f83326e436,37431,52798c311baba8e0960537656e4bcd1e7014fd9985f4dfea5ae449f83326e436,bvk2-manuscript-reproducibility-v1
qce-aqce-materials-v1,527ecf88b003455be226e3fa5c8c104046acd4c1,results/bvk_fixed_stiffness_period_map_nx256/cases/f0.45_chiN14/root.csv,results/bvk_fixed_stiffness_period_map_nx256/cases/f0.45_chiN14/root.csv,3dba3f5ce307c5e189cab742410acc132d4e34b412c23c19181797f238158f7b,1761,3dba3f5ce307c5e189cab742410acc132d4e34b412c23c19181797f238158f7b,bvk2-manuscript-reproducibility-v1
qce-aqce-materials-v1,527ecf88b003455be226e3fa5c8c104046acd4c1,results/bvk_fixed_stiffness_period_map_nx256/cases/f0.45_chiN14/profile.csv,results/bvk_fixed_stiffness_period_map_nx256/cases/f0.45_chiN14/profile.csv,5618e0ee857c03c738cc4ab04e4e403b9dd299d475cabbbd5b39bec458db5550,37723,5618e0ee857c03c738cc4ab04e4e403b9dd299d475cabbbd5b39bec458db5550,bvk2-manuscript-reproducibility-v1
qce-aqce-materials-v1,527ecf88b003455be226e3fa5c8c104046acd4c1,results/bvk_fixed_stiffness_period_map_nx256/cases/f0.45_chiN15/root.csv,results/bvk_fixed_stiffness_period_map_nx256/cases/f0.45_chiN15/root.csv,be056948a0a5ad977f1055b1d8461c44f6b5f39137f6d0fcda3e04e6c3d2bce8,1757,be056948a0a5ad977f1055b1d8461c44f6b5f39137f6d0fcda3e04e6c3d2bce8,bvk2-manuscript-reproducibility-v1
qce-aqce-materials-v1,527ecf88b003455be226e3fa5c8c104046acd4c1,results/bvk_fixed_stiffness_period_map_nx256/cases/f0.45_chiN15/profile.csv,results/bvk_fixed_stiffness_period_map_nx256/cases/f0.45_chiN15/profile.csv,fdee90623e726908ee1c85d0cf38b11acc4d6abd8a32e8c464e2fd27ea88f219,37478,fdee90623e726908ee1c85d0cf38b11acc4d6abd8a32e8c464e2fd27ea88f219,bvk2-manuscript-reproducibility-v1
qce-aqce-materials-v1,527ecf88b003455be226e3fa5c8c104046acd4c1,results/bvk_fixed_stiffness_period_map_nx256/cases/f0.45_chiN16/root.csv,results/bvk_fixed_stiffness_period_map_nx256/cases/f0.45_chiN16/root.csv,1915f830c1c7942d0260096b5a61f9d23edba8d22851f813a30473de5074aae0,1763,1915f830c1c7942d0260096b5a61f9d23edba8d22851f813a30473de5074aae0,bvk2-manuscript-reproducibility-v1
qce-aqce-materials-v1,527ecf88b003455be226e3fa5c8c104046acd4c1,results/bvk_fixed_stiffness_period_map_nx256/cases/f0.45_chiN16/profile.csv,results/bvk_fixed_stiffness_period_map_nx256/cases/f0.45_chiN16/profile.csv,e089753fa60bf95de5a4e1948f537f136afffadc83e6e7b781e991be3d631f5a,37731,e089753fa60bf95de5a4e1948f537f136afffadc83e6e7b781e991be3d631f5a,bvk2-manuscript-reproducibility-v1
qce-aqce-materials-v1,527ecf88b003455be226e3fa5c8c104046acd4c1,results/bvk_fixed_stiffness_period_map_nx256/cases/f0.45_chiN17/root.csv,results/bvk_fixed_stiffness_period_map_nx256/cases/f0.45_chiN17/root.csv,8e8f96871af7fc22cbdee3313582aed92b92ff7a7763c6d0af58d215d52707d3,1760,8e8f96871af7fc22cbdee3313582aed92b92ff7a7763c6d0af58d215d52707d3,bvk2-manuscript-reproducibility-v1
qce-aqce-materials-v1,527ecf88b003455be226e3fa5c8c104046acd4c1,results/bvk_fixed_stiffness_period_map_nx256/cases/f0.45_chiN17/profile.csv,results/bvk_fixed_stiffness_period_map_nx256/cases/f0.45_chiN17/profile.csv,e3ca3f5b6294d9fc8d2361b7801cc9c2bf9a45f140bf988b94d96d475277ddd3,37749,e3ca3f5b6294d9fc8d2361b7801cc9c2bf9a45f140bf988b94d96d475277ddd3,bvk2-manuscript-reproducibility-v1
qce-aqce-materials-v1,527ecf88b003455be226e3fa5c8c104046acd4c1,results/bvk_fixed_stiffness_period_map_nx256/cases/f0.45_chiN18/root.csv,results/bvk_fixed_stiffness_period_map_nx256/cases/f0.45_chiN18/root.csv,2f5322ca1043658ca66c9f17e5c429cf41d64381cdde47886791fa95d8f37952,1760,2f5322ca1043658ca66c9f17e5c429cf41d64381cdde47886791fa95d8f37952,bvk2-manuscript-reproducibility-v1
qce-aqce-materials-v1,527ecf88b003455be226e3fa5c8c104046acd4c1,results/bvk_fixed_stiffness_period_map_nx256/cases/f0.45_chiN18/profile.csv,results/bvk_fixed_stiffness_period_map_nx256/cases/f0.45_chiN18/profile.csv,cf5e59869f50cc768d8a7be4ecc554126c5c217e1d84110f22137f8d734476f5,37497,cf5e59869f50cc768d8a7be4ecc554126c5c217e1d84110f22137f8d734476f5,bvk2-manuscript-reproducibility-v1
qce-aqce-materials-v1,527ecf88b003455be226e3fa5c8c104046acd4c1,results/bvk_fixed_stiffness_period_map_nx256/cases/f0.45_chiN19/root.csv,results/bvk_fixed_stiffness_period_map_nx256/cases/f0.45_chiN19/root.csv,e433b43ad75cd4ada3f7a68d1e66abf61013fbf7c1d306c81fd01b858eb277ee,1761,e433b43ad75cd4ada3f7a68d1e66abf61013fbf7c1d306c81fd01b858eb277ee,bvk2-manuscript-reproducibility-v1
qce-aqce-materials-v1,527ecf88b003455be226e3fa5c8c104046acd4c1,results/bvk_fixed_stiffness_period_map_nx256/cases/f0.45_chiN19/profile.csv,results/bvk_fixed_stiffness_period_map_nx256/cases/f0.45_chiN19/profile.csv,94cecd4aebb60a2ffbe7d57575b0249c3505aa7fddddd3a6e990a718fe44bf42,37264,94cecd4aebb60a2ffbe7d57575b0249c3505aa7fddddd3a6e990a718fe44bf42,bvk2-manuscript-reproducibility-v1
qce-aqce-materials-v1,527ecf88b003455be226e3fa5c8c104046acd4c1,results/bvk_fixed_stiffness_period_map_nx256/cases/f0.45_chiN20/root.csv,results/bvk_fixed_stiffness_period_map_nx256/cases/f0.45_chiN20/root.csv,aa910c9c8a588eb529926d08a73f46226003df00e3b93180a88eaa163c44dda3,1761,aa910c9c8a588eb529926d08a73f46226003df00e3b93180a88eaa163c44dda3,bvk2-manuscript-reproducibility-v1
qce-aqce-materials-v1,527ecf88b003455be226e3fa5c8c104046acd4c1,results/bvk_fixed_stiffness_period_map_nx256/cases/f0.45_chiN20/profile.csv,results/bvk_fixed_stiffness_period_map_nx256/cases/f0.45_chiN20/profile.csv,5c15e0769a70331fa241e6c7cb513134edf43d488065fcf47528a460674ca185,37529,5c15e0769a70331fa241e6c7cb513134edf43d488065fcf47528a460674ca185,bvk2-manuscript-reproducibility-v1
qce-aqce-materials-v1,527ecf88b003455be226e3fa5c8c104046acd4c1,results/bvk_fixed_stiffness_period_map_nx256/cases/f0.45_chiN21/root.csv,results/bvk_fixed_stiffness_period_map_nx256/cases/f0.45_chiN21/root.csv,eb72b93b574e276bde3a1c5db89984de837c0b2ac630e4868551dbda3981fe46,1763,eb72b93b574e276bde3a1c5db89984de837c0b2ac630e4868551dbda3981fe46,bvk2-manuscript-reproducibility-v1
qce-aqce-materials-v1,527ecf88b003455be226e3fa5c8c104046acd4c1,results/bvk_fixed_stiffness_period_map_nx256/cases/f0.45_chiN21/profile.csv,results/bvk_fixed_stiffness_period_map_nx256/cases/f0.45_chiN21/profile.csv,e932a033b1d7d6d41d6a401e033313f2ab011920acd113f8818f041cd24e143c,37803,e932a033b1d7d6d41d6a401e033313f2ab011920acd113f8818f041cd24e143c,bvk2-manuscript-reproducibility-v1
qce-aqce-materials-v1,527ecf88b003455be226e3fa5c8c104046acd4c1,results/bvk_fixed_stiffness_period_map_nx256/cases/f0.45_chiN22/root.csv,results/bvk_fixed_stiffness_period_map_nx256/cases/f0.45_chiN22/root.csv,76171002753ce8c51a7f813334ac88e9935a3900012361b3d79321a0f9334da6,1757,76171002753ce8c51a7f813334ac88e9935a3900012361b3d79321a0f9334da6,bvk2-manuscript-reproducibility-v1
qce-aqce-materials-v1,527ecf88b003455be226e3fa5c8c104046acd4c1,results/bvk_fixed_stiffness_period_map_nx256/cases/f0.45_chiN22/profile.csv,results/bvk_fixed_stiffness_period_map_nx256/cases/f0.45_chiN22/profile.csv,d3942b64f0475cea45a335b67c3f693f472b153c903f1767ddff0b67ea5a11f5,37556,d3942b64f0475cea45a335b67c3f693f472b153c903f1767ddff0b67ea5a11f5,bvk2-manuscript-reproducibility-v1
qce-aqce-materials-v1,527ecf88b003455be226e3fa5c8c104046acd4c1,results/bvk_fixed_stiffness_period_map_nx256/cases/f0.45_chiN23/root.csv,results/bvk_fixed_stiffness_period_map_nx256/cases/f0.45_chiN23/root.csv,393933130ad0172d808bfb10813f5c47df98675b925e1c9ee956d4d57bcedda1,1760,393933130ad0172d808bfb10813f5c47df98675b925e1c9ee956d4d57bcedda1,bvk2-manuscript-reproducibility-v1
qce-aqce-materials-v1,527ecf88b003455be226e3fa5c8c104046acd4c1,results/bvk_fixed_stiffness_period_map_nx256/cases/f0.45_chiN23/profile.csv,results/bvk_fixed_stiffness_period_map_nx256/cases/f0.45_chiN23/profile.csv,523d4bbd71a3f7a7e8afcd1c30d9273afafb05a66ea68f5dc79e41ec6e64e7b8,37542,523d4bbd71a3f7a7e8afcd1c30d9273afafb05a66ea68f5dc79e41ec6e64e7b8,bvk2-manuscript-reproducibility-v1
qce-aqce-materials-v1,527ecf88b003455be226e3fa5c8c104046acd4c1,results/bvk_fixed_stiffness_period_map_nx256/cases/f0.45_chiN24/root.csv,results/bvk_fixed_stiffness_period_map_nx256/cases/f0.45_chiN24/root.csv,aaa119d39abb91a20aa03436386865e88d68abe7cd4c53e84454847bc60bc0bd,1750,aaa119d39abb91a20aa03436386865e88d68abe7cd4c53e84454847bc60bc0bd,bvk2-manuscript-reproducibility-v1
qce-aqce-materials-v1,527ecf88b003455be226e3fa5c8c104046acd4c1,results/bvk_fixed_stiffness_period_map_nx256/cases/f0.45_chiN24/profile.csv,results/bvk_fixed_stiffness_period_map_nx256/cases/f0.45_chiN24/profile.csv,975164ae75731705da9173d78ea79d6e67f3a19cbfea6faf5faea88c2ca5f0cb,37838,975164ae75731705da9173d78ea79d6e67f3a19cbfea6faf5faea88c2ca5f0cb,bvk2-manuscript-reproducibility-v1
qce-aqce-materials-v1,527ecf88b003455be226e3fa5c8c104046acd4c1,results/bvk_fixed_stiffness_period_map_nx256/cases/f0.45_chiN25/root.csv,results/bvk_fixed_stiffness_period_map_nx256/cases/f0.45_chiN25/root.csv,ed908be93bebcf2272fe68bbc7ea8bae5f226a81a0b1606c09690c646d217dd4,1761,ed908be93bebcf2272fe68bbc7ea8bae5f226a81a0b1606c09690c646d217dd4,bvk2-manuscript-reproducibility-v1
qce-aqce-materials-v1,527ecf88b003455be226e3fa5c8c104046acd4c1,results/bvk_fixed_stiffness_period_map_nx256/cases/f0.45_chiN25/profile.csv,results/bvk_fixed_stiffness_period_map_nx256/cases/f0.45_chiN25/profile.csv,a84a55923553ebc932ed713e9595bb929be7ed632d6226296620e7a32710dff4,37561,a84a55923553ebc932ed713e9595bb929be7ed632d6226296620e7a32710dff4,bvk2-manuscript-reproducibility-v1
qce-aqce-materials-v1,527ecf88b003455be226e3fa5c8c104046acd4c1,results/bvk_fixed_stiffness_period_map_nx256/cases/f0.45_chiN26/root.csv,results/bvk_fixed_stiffness_period_map_nx256/cases/f0.45_chiN26/root.csv,849a30d0a728c8a4caac26d2fa8df6ffff117960e6963ddc9e1bf677ddff4561,1760,849a30d0a728c8a4caac26d2fa8df6ffff117960e6963ddc9e1bf677ddff4561,bvk2-manuscript-reproducibility-v1
qce-aqce-materials-v1,527ecf88b003455be226e3fa5c8c104046acd4c1,results/bvk_fixed_stiffness_period_map_nx256/cases/f0.45_chiN26/profile.csv,results/bvk_fixed_stiffness_period_map_nx256/cases/f0.45_chiN26/profile.csv,ea1e35aef1d54bdc925c9c9ac5fa07e614380e11ffdd2ef6a1013a2174a29743,37347,ea1e35aef1d54bdc925c9c9ac5fa07e614380e11ffdd2ef6a1013a2174a29743,bvk2-manuscript-reproducibility-v1
qce-aqce-materials-v1,527ecf88b003455be226e3fa5c8c104046acd4c1,results/bvk_fixed_stiffness_period_map_nx256/cases/f0.45_chiN27/root.csv,results/bvk_fixed_stiffness_period_map_nx256/cases/f0.45_chiN27/root.csv,f01a305e25393453b4f95b07bdf5f1fa6792c1e3098f0a68a275439c888c18e0,1757,f01a305e25393453b4f95b07bdf5f1fa6792c1e3098f0a68a275439c888c18e0,bvk2-manuscript-reproducibility-v1
qce-aqce-materials-v1,527ecf88b003455be226e3fa5c8c104046acd4c1,results/bvk_fixed_stiffness_period_map_nx256/cases/f0.45_chiN27/profile.csv,results/bvk_fixed_stiffness_period_map_nx256/cases/f0.45_chiN27/profile.csv,d1408308479c3428d4b5036a239b7318eba1f2a8e3ed80da723740f0fe57a2af,37613,d1408308479c3428d4b5036a239b7318eba1f2a8e3ed80da723740f0fe57a2af,bvk2-manuscript-reproducibility-v1
qce-aqce-materials-v1,527ecf88b003455be226e3fa5c8c104046acd4c1,results/bvk_fixed_stiffness_period_map_nx256/cases/f0.45_chiN28/root.csv,results/bvk_fixed_stiffness_period_map_nx256/cases/f0.45_chiN28/root.csv,2543aeedd4a4d32e62f13ab74160e8e5a100c6feb5d982bbffe3010a4d9d6df8,1742,2543aeedd4a4d32e62f13ab74160e8e5a100c6feb5d982bbffe3010a4d9d6df8,bvk2-manuscript-reproducibility-v1
qce-aqce-materials-v1,527ecf88b003455be226e3fa5c8c104046acd4c1,results/bvk_fixed_stiffness_period_map_nx256/cases/f0.45_chiN28/profile.csv,results/bvk_fixed_stiffness_period_map_nx256/cases/f0.45_chiN28/profile.csv,e17e3b4b5feaaf45b12c8a4b0de24e385cecf7b41dd4d001285dc8cc14dc5336,37346,e17e3b4b5feaaf45b12c8a4b0de24e385cecf7b41dd4d001285dc8cc14dc5336,bvk2-manuscript-reproducibility-v1
qce-aqce-materials-v1,527ecf88b003455be226e3fa5c8c104046acd4c1,results/bvk_fixed_stiffness_period_map_nx256/cases/f0.45_chiN29/root.csv,results/bvk_fixed_stiffness_period_map_nx256/cases/f0.45_chiN29/root.csv,3964fcea30245fb6fa778b6f92b1d28ddc2b883127949b2cfcdb5fc8e8db1d69,1755,3964fcea30245fb6fa778b6f92b1d28ddc2b883127949b2cfcdb5fc8e8db1d69,bvk2-manuscript-reproducibility-v1
qce-aqce-materials-v1,527ecf88b003455be226e3fa5c8c104046acd4c1,results/bvk_fixed_stiffness_period_map_nx256/cases/f0.45_chiN29/profile.csv,results/bvk_fixed_stiffness_period_map_nx256/cases/f0.45_chiN29/profile.csv,62b9a4828c914fdc231ad857a4d4ababd39da1c201a5ec31ac8c1b76cb8a7d9d,37865,62b9a4828c914fdc231ad857a4d4ababd39da1c201a5ec31ac8c1b76cb8a7d9d,bvk2-manuscript-reproducibility-v1
qce-aqce-materials-v1,527ecf88b003455be226e3fa5c8c104046acd4c1,results/bvk_fixed_stiffness_period_map_nx256/cases/f0.45_chiN30/root.csv,results/bvk_fixed_stiffness_period_map_nx256/cases/f0.45_chiN30/root.csv,0781a3cab9ad4c468a772addd7af18ab9b5b17f26674258500c307a5682ea4d4,1755,0781a3cab9ad4c468a772addd7af18ab9b5b17f26674258500c307a5682ea4d4,bvk2-manuscript-reproducibility-v1
qce-aqce-materials-v1,527ecf88b003455be226e3fa5c8c104046acd4c1,results/bvk_fixed_stiffness_period_map_nx256/cases/f0.45_chiN30/profile.csv,results/bvk_fixed_stiffness_period_map_nx256/cases/f0.45_chiN30/profile.csv,3bc539d916fb496ae3dda17e18c5f3f935446facb0d351690ec0891d81dbf859,37624,3bc539d916fb496ae3dda17e18c5f3f935446facb0d351690ec0891d81dbf859,bvk2-manuscript-reproducibility-v1
qce-aqce-materials-v1,527ecf88b003455be226e3fa5c8c104046acd4c1,results/bvk_fixed_stiffness_period_map_nx256/cases/f0.45_chiN31/root.csv,results/bvk_fixed_stiffness_period_map_nx256/cases/f0.45_chiN31/root.csv,8f17b7bd9e8a475e96fd6d2a4a0ab1954d6ecf02ac2770a4de235d6901b4852a,1759,8f17b7bd9e8a475e96fd6d2a4a0ab1954d6ecf02ac2770a4de235d6901b4852a,bvk2-manuscript-reproducibility-v1
qce-aqce-materials-v1,527ecf88b003455be226e3fa5c8c104046acd4c1,results/bvk_fixed_stiffness_period_map_nx256/cases/f0.45_chiN31/profile.csv,results/bvk_fixed_stiffness_period_map_nx256/cases/f0.45_chiN31/profile.csv,392b1d8b556088b8ac5a8b11dc3c1c1b5728f6c24c456ccbc342cc33dffee2e7,37652,392b1d8b556088b8ac5a8b11dc3c1c1b5728f6c24c456ccbc342cc33dffee2e7,bvk2-manuscript-reproducibility-v1
qce-aqce-materials-v1,527ecf88b003455be226e3fa5c8c104046acd4c1,results/bvk_fixed_stiffness_period_map_nx256/cases/f0.45_chiN32/root.csv,results/bvk_fixed_stiffness_period_map_nx256/cases/f0.45_chiN32/root.csv,0d8d5971a259c364174d59bb28d65271ea7cea1f3edb8780da95596542b0bb99,1756,0d8d5971a259c364174d59bb28d65271ea7cea1f3edb8780da95596542b0bb99,bvk2-manuscript-reproducibility-v1
qce-aqce-materials-v1,527ecf88b003455be226e3fa5c8c104046acd4c1,results/bvk_fixed_stiffness_period_map_nx256/cases/f0.45_chiN32/profile.csv,results/bvk_fixed_stiffness_period_map_nx256/cases/f0.45_chiN32/profile.csv,f0b193f65ec9a143f76d9fdd269f4272cc2344fe0dd17d4b7899d56e7504f0e0,37651,f0b193f65ec9a143f76d9fdd269f4272cc2344fe0dd17d4b7899d56e7504f0e0,bvk2-manuscript-reproducibility-v1
qce-aqce-materials-v1,527ecf88b003455be226e3fa5c8c104046acd4c1,results/bvk_fixed_stiffness_period_map_nx256/cases/f0.45_chiN33/root.csv,results/bvk_fixed_stiffness_period_map_nx256/cases/f0.45_chiN33/root.csv,32ec7a9dc4089972ac32186ed6644c662bce8814ee2884b08791c43bfaf780ee,1745,32ec7a9dc4089972ac32186ed6644c662bce8814ee2884b08791c43bfaf780ee,bvk2-manuscript-reproducibility-v1
qce-aqce-materials-v1,527ecf88b003455be226e3fa5c8c104046acd4c1,results/bvk_fixed_stiffness_period_map_nx256/cases/f0.45_chiN33/profile.csv,results/bvk_fixed_stiffness_period_map_nx256/cases/f0.45_chiN33/profile.csv,57702163f60a5f1d75a1671d72c7d711512b9bb72c3e6355e43ab69f69051969,37650,57702163f60a5f1d75a1671d72c7d711512b9bb72c3e6355e43ab69f69051969,bvk2-manuscript-reproducibility-v1
qce-aqce-materials-v1,527ecf88b003455be226e3fa5c8c104046acd4c1,results/bvk_fixed_stiffness_period_map_nx256/cases/f0.45_chiN34/root.csv,results/bvk_fixed_stiffness_period_map_nx256/cases/f0.45_chiN34/root.csv,bc856fa78727c9ca54a9a0844e8228d2661c074b8a681a656b7138109ce6012f,1759,bc856fa78727c9ca54a9a0844e8228d2661c074b8a681a656b7138109ce6012f,bvk2-manuscript-reproducibility-v1
qce-aqce-materials-v1,527ecf88b003455be226e3fa5c8c104046acd4c1,results/bvk_fixed_stiffness_period_map_nx256/cases/f0.45_chiN34/profile.csv,results/bvk_fixed_stiffness_period_map_nx256/cases/f0.45_chiN34/profile.csv,f322644a83e646ff6455cb2855e599bb5cc12c2a4671ac298a2d9c56541555ca,37665,f322644a83e646ff6455cb2855e599bb5cc12c2a4671ac298a2d9c56541555ca,bvk2-manuscript-reproducibility-v1
qce-aqce-materials-v1,527ecf88b003455be226e3fa5c8c104046acd4c1,results/bvk_fixed_stiffness_period_map_nx256/cases/f0.45_chiN35/root.csv,results/bvk_fixed_stiffness_period_map_nx256/cases/f0.45_chiN35/root.csv,53f6084de711043ab7b4f442fb7c700ea6000e2cbf4f21801e06afd8e55bc521,1763,53f6084de711043ab7b4f442fb7c700ea6000e2cbf4f21801e06afd8e55bc521,bvk2-manuscript-reproducibility-v1
qce-aqce-materials-v1,527ecf88b003455be226e3fa5c8c104046acd4c1,results/bvk_fixed_stiffness_period_map_nx256/cases/f0.45_chiN35/profile.csv,results/bvk_fixed_stiffness_period_map_nx256/cases/f0.45_chiN35/profile.csv,dab523fdb20fbbc5a67dc111552aca26da7860d83b4ea7782c42b59b3a3b1ef6,37670,dab523fdb20fbbc5a67dc111552aca26da7860d83b4ea7782c42b59b3a3b1ef6,bvk2-manuscript-reproducibility-v1
qce-aqce-materials-v1,527ecf88b003455be226e3fa5c8c104046acd4c1,results/bvk_fixed_stiffness_period_map_nx256/cases/f0.5_chiN11/root.csv,results/bvk_fixed_stiffness_period_map_nx256/cases/f0.5_chiN11/root.csv,c2a3bce46761614d84735e1eb80e9fba951f9fe2198b17f952574ffeedf5ac89,1763,c2a3bce46761614d84735e1eb80e9fba951f9fe2198b17f952574ffeedf5ac89,bvk2-manuscript-reproducibility-v1
qce-aqce-materials-v1,527ecf88b003455be226e3fa5c8c104046acd4c1,results/bvk_fixed_stiffness_period_map_nx256/cases/f0.5_chiN11/profile.csv,results/bvk_fixed_stiffness_period_map_nx256/cases/f0.5_chiN11/profile.csv,bb6dd5be8ca173b8f735f5783057cc31e952641c282c3bc90341a4be640e0972,36893,bb6dd5be8ca173b8f735f5783057cc31e952641c282c3bc90341a4be640e0972,bvk2-manuscript-reproducibility-v1
qce-aqce-materials-v1,527ecf88b003455be226e3fa5c8c104046acd4c1,results/bvk_fixed_stiffness_period_map_nx256/cases/f0.5_chiN12/root.csv,results/bvk_fixed_stiffness_period_map_nx256/cases/f0.5_chiN12/root.csv,f397730eeec0b8be114bed40aa3a21a393835313e2dbc53c2b1d0f5046b26059,1760,f397730eeec0b8be114bed40aa3a21a393835313e2dbc53c2b1d0f5046b26059,bvk2-manuscript-reproducibility-v1
qce-aqce-materials-v1,527ecf88b003455be226e3fa5c8c104046acd4c1,results/bvk_fixed_stiffness_period_map_nx256/cases/f0.5_chiN12/profile.csv,results/bvk_fixed_stiffness_period_map_nx256/cases/f0.5_chiN12/profile.csv,a0fbdfd4e5c753eb84179d8b9f8f7684e4e4eed1c92929f3717f5a1fb8b101a8,37184,a0fbdfd4e5c753eb84179d8b9f8f7684e4e4eed1c92929f3717f5a1fb8b101a8,bvk2-manuscript-reproducibility-v1
qce-aqce-materials-v1,527ecf88b003455be226e3fa5c8c104046acd4c1,results/bvk_fixed_stiffness_period_map_nx256/cases/f0.5_chiN13/root.csv,results/bvk_fixed_stiffness_period_map_nx256/cases/f0.5_chiN13/root.csv,c146ded4a1e8091eea73c316c352a4648e2e5460352ff25134f8ccef5d006ebd,1765,c146ded4a1e8091eea73c316c352a4648e2e5460352ff25134f8ccef5d006ebd,bvk2-manuscript-reproducibility-v1
qce-aqce-materials-v1,527ecf88b003455be226e3fa5c8c104046acd4c1,results/bvk_fixed_stiffness_period_map_nx256/cases/f0.5_chiN13/profile.csv,results/bvk_fixed_stiffness_period_map_nx256/cases/f0.5_chiN13/profile.csv,da23884f2957c44780eb85e31ae2fb4984c69bf96c4c6a0a676a2d7e88de7d50,37177,da23884f2957c44780eb85e31ae2fb4984c69bf96c4c6a0a676a2d7e88de7d50,bvk2-manuscript-reproducibility-v1
qce-aqce-materials-v1,527ecf88b003455be226e3fa5c8c104046acd4c1,results/bvk_fixed_stiffness_period_map_nx256/cases/f0.5_chiN14/root.csv,results/bvk_fixed_stiffness_period_map_nx256/cases/f0.5_chiN14/root.csv,abc4ab233fd4c287c549b46d51fd10c0ad9a63fcab4f24461297ff57fdff72d4,1764,abc4ab233fd4c287c549b46d51fd10c0ad9a63fcab4f24461297ff57fdff72d4,bvk2-manuscript-reproducibility-v1
qce-aqce-materials-v1,527ecf88b003455be226e3fa5c8c104046acd4c1,results/bvk_fixed_stiffness_period_map_nx256/cases/f0.5_chiN14/profile.csv,results/bvk_fixed_stiffness_period_map_nx256/cases/f0.5_chiN14/profile.csv,727db879977afa60dc5322954af230ac93ec46bb14b217f8b3f6bf243676a9b9,37199,727db879977afa60dc5322954af230ac93ec46bb14b217f8b3f6bf243676a9b9,bvk2-manuscript-reproducibility-v1
qce-aqce-materials-v1,527ecf88b003455be226e3fa5c8c104046acd4c1,results/bvk_fixed_stiffness_period_map_nx256/cases/f0.5_chiN15/root.csv,results/bvk_fixed_stiffness_period_map_nx256/cases/f0.5_chiN15/root.csv,b62805af323863de83c4c477ad2f6cac678b2ebf8fb094e4ca75196cbd0ad4cf,1759,b62805af323863de83c4c477ad2f6cac678b2ebf8fb094e4ca75196cbd0ad4cf,bvk2-manuscript-reproducibility-v1
qce-aqce-materials-v1,527ecf88b003455be226e3fa5c8c104046acd4c1,results/bvk_fixed_stiffness_period_map_nx256/cases/f0.5_chiN15/profile.csv,results/bvk_fixed_stiffness_period_map_nx256/cases/f0.5_chiN15/profile.csv,942184e8cf3894a84d2a6f638eef891e1ad37aeb1db25a07c54e76aac404dec3,37194,942184e8cf3894a84d2a6f638eef891e1ad37aeb1db25a07c54e76aac404dec3,bvk2-manuscript-reproducibility-v1
qce-aqce-materials-v1,527ecf88b003455be226e3fa5c8c104046acd4c1,results/bvk_fixed_stiffness_period_map_nx256/cases/f0.5_chiN16/root.csv,results/bvk_fixed_stiffness_period_map_nx256/cases/f0.5_chiN16/root.csv,d42f09fa17b607b475ceca3bd4889b570e53858322261c8e332af05156a09e03,1758,d42f09fa17b607b475ceca3bd4889b570e53858322261c8e332af05156a09e03,bvk2-manuscript-reproducibility-v1
qce-aqce-materials-v1,527ecf88b003455be226e3fa5c8c104046acd4c1,results/bvk_fixed_stiffness_period_map_nx256/cases/f0.5_chiN16/profile.csv,results/bvk_fixed_stiffness_period_map_nx256/cases/f0.5_chiN16/profile.csv,43ee1719e1a375374ba8db360dffd9483f47e9332faf6ca55b1f2125b14080b1,37218,43ee1719e1a375374ba8db360dffd9483f47e9332faf6ca55b1f2125b14080b1,bvk2-manuscript-reproducibility-v1
qce-aqce-materials-v1,527ecf88b003455be226e3fa5c8c104046acd4c1,results/bvk_fixed_stiffness_period_map_nx256/cases/f0.5_chiN17/root.csv,results/bvk_fixed_stiffness_period_map_nx256/cases/f0.5_chiN17/root.csv,a362685fa353628bbf7f83e5c6a839da27e1effa8334d32f7ee21d63b9f5e834,1758,a362685fa353628bbf7f83e5c6a839da27e1effa8334d32f7ee21d63b9f5e834,bvk2-manuscript-reproducibility-v1
qce-aqce-materials-v1,527ecf88b003455be226e3fa5c8c104046acd4c1,results/bvk_fixed_stiffness_period_map_nx256/cases/f0.5_chiN17/profile.csv,results/bvk_fixed_stiffness_period_map_nx256/cases/f0.5_chiN17/profile.csv,3daafb9ffdf84f64e03e33580bf067b314f9bf9eebf5518912f8d001790d62df,37229,3daafb9ffdf84f64e03e33580bf067b314f9bf9eebf5518912f8d001790d62df,bvk2-manuscript-reproducibility-v1
qce-aqce-materials-v1,527ecf88b003455be226e3fa5c8c104046acd4c1,results/bvk_fixed_stiffness_period_map_nx256/cases/f0.5_chiN18/root.csv,results/bvk_fixed_stiffness_period_map_nx256/cases/f0.5_chiN18/root.csv,806e32721fdb018d7851885e7eaf3b169402c70c9f8a494337ee9f08ab51c1d0,1760,806e32721fdb018d7851885e7eaf3b169402c70c9f8a494337ee9f08ab51c1d0,bvk2-manuscript-reproducibility-v1
qce-aqce-materials-v1,527ecf88b003455be226e3fa5c8c104046acd4c1,results/bvk_fixed_stiffness_period_map_nx256/cases/f0.5_chiN18/profile.csv,results/bvk_fixed_stiffness_period_map_nx256/cases/f0.5_chiN18/profile.csv,21b0649598bd24f04ff4042aef7188284a196c32dd9f58fa850f8e7a9b421252,36960,21b0649598bd24f04ff4042aef7188284a196c32dd9f58fa850f8e7a9b421252,bvk2-manuscript-reproducibility-v1
qce-aqce-materials-v1,527ecf88b003455be226e3fa5c8c104046acd4c1,results/bvk_fixed_stiffness_period_map_nx256/cases/f0.5_chiN19/root.csv,results/bvk_fixed_stiffness_period_map_nx256/cases/f0.5_chiN19/root.csv,eae6aed3ca34fc6b2bbe7f712360d3038c0844588a900f5430f16de823036172,1754,eae6aed3ca34fc6b2bbe7f712360d3038c0844588a900f5430f16de823036172,bvk2-manuscript-reproducibility-v1
qce-aqce-materials-v1,527ecf88b003455be226e3fa5c8c104046acd4c1,results/bvk_fixed_stiffness_period_map_nx256/cases/f0.5_chiN19/profile.csv,results/bvk_fixed_stiffness_period_map_nx256/cases/f0.5_chiN19/profile.csv,e6e2f04cafe7c8f992e60e0cb12863cd34993d8ceaacc1254e067201a47f1827,37227,e6e2f04cafe7c8f992e60e0cb12863cd34993d8ceaacc1254e067201a47f1827,bvk2-manuscript-reproducibility-v1
qce-aqce-materials-v1,527ecf88b003455be226e3fa5c8c104046acd4c1,results/bvk_fixed_stiffness_period_map_nx256/cases/f0.5_chiN20/root.csv,results/bvk_fixed_stiffness_period_map_nx256/cases/f0.5_chiN20/root.csv,577f0f5acff6150b457bf4660f2744410fcc4e3df53a295109b35181a231135d,1755,577f0f5acff6150b457bf4660f2744410fcc4e3df53a295109b35181a231135d,bvk2-manuscript-reproducibility-v1
qce-aqce-materials-v1,527ecf88b003455be226e3fa5c8c104046acd4c1,results/bvk_fixed_stiffness_period_map_nx256/cases/f0.5_chiN20/profile.csv,results/bvk_fixed_stiffness_period_map_nx256/cases/f0.5_chiN20/profile.csv,347f4f3f68f758f72bb14ace6fe0731ad44b108be02b06fb54fe3fb19cd2d93d,36996,347f4f3f68f758f72bb14ace6fe0731ad44b108be02b06fb54fe3fb19cd2d93d,bvk2-manuscript-reproducibility-v1
qce-aqce-materials-v1,527ecf88b003455be226e3fa5c8c104046acd4c1,results/bvk_fixed_stiffness_period_map_nx256/cases/f0.5_chiN21/root.csv,results/bvk_fixed_stiffness_period_map_nx256/cases/f0.5_chiN21/root.csv,a7281b4c9c770ac8f0ac8304ed28fcd344c2083a308b186482b0abab3863b237,1753,a7281b4c9c770ac8f0ac8304ed28fcd344c2083a308b186482b0abab3863b237,bvk2-manuscript-reproducibility-v1
qce-aqce-materials-v1,527ecf88b003455be226e3fa5c8c104046acd4c1,results/bvk_fixed_stiffness_period_map_nx256/cases/f0.5_chiN21/profile.csv,results/bvk_fixed_stiffness_period_map_nx256/cases/f0.5_chiN21/profile.csv,91528468ccc91071fdaa3ec3181e323dbe46f5ce7903f4a9aab3c4f3272cc5c5,37001,91528468ccc91071fdaa3ec3181e323dbe46f5ce7903f4a9aab3c4f3272cc5c5,bvk2-manuscript-reproducibility-v1
qce-aqce-materials-v1,527ecf88b003455be226e3fa5c8c104046acd4c1,results/bvk_fixed_stiffness_period_map_nx256/cases/f0.5_chiN22/root.csv,results/bvk_fixed_stiffness_period_map_nx256/cases/f0.5_chiN22/root.csv,97d56b7296ef837f1fdb83437ea8abf6c670ae66871ea01ab3bbe74ae8c81c19,1757,97d56b7296ef837f1fdb83437ea8abf6c670ae66871ea01ab3bbe74ae8c81c19,bvk2-manuscript-reproducibility-v1
qce-aqce-materials-v1,527ecf88b003455be226e3fa5c8c104046acd4c1,results/bvk_fixed_stiffness_period_map_nx256/cases/f0.5_chiN22/profile.csv,results/bvk_fixed_stiffness_period_map_nx256/cases/f0.5_chiN22/profile.csv,48c108c091c972a179dc0610a0c129c5c199eaa223284b9ab928ce7e32d44025,37268,48c108c091c972a179dc0610a0c129c5c199eaa223284b9ab928ce7e32d44025,bvk2-manuscript-reproducibility-v1
qce-aqce-materials-v1,527ecf88b003455be226e3fa5c8c104046acd4c1,results/bvk_fixed_stiffness_period_map_nx256/cases/f0.5_chiN23/root.csv,results/bvk_fixed_stiffness_period_map_nx256/cases/f0.5_chiN23/root.csv,c3562440b89e82102d59d7999604de4b36e4b7f766fa1cb9a7e39913c077aca4,1756,c3562440b89e82102d59d7999604de4b36e4b7f766fa1cb9a7e39913c077aca4,bvk2-manuscript-reproducibility-v1
qce-aqce-materials-v1,527ecf88b003455be226e3fa5c8c104046acd4c1,results/bvk_fixed_stiffness_period_map_nx256/cases/f0.5_chiN23/profile.csv,results/bvk_fixed_stiffness_period_map_nx256/cases/f0.5_chiN23/profile.csv,51bc9d3b22fc9b1caf32bd1c7c7c1f05737a368b750e2c8ebf5c6f27c032b42c,37017,51bc9d3b22fc9b1caf32bd1c7c7c1f05737a368b750e2c8ebf5c6f27c032b42c,bvk2-manuscript-reproducibility-v1
qce-aqce-materials-v1,527ecf88b003455be226e3fa5c8c104046acd4c1,results/bvk_fixed_stiffness_period_map_nx256/cases/f0.5_chiN24/root.csv,results/bvk_fixed_stiffness_period_map_nx256/cases/f0.5_chiN24/root.csv,6bf35f38833fadbd036becbb49ca1ca738e939ebea866164e9b457cca3503814,1757,6bf35f38833fadbd036becbb49ca1ca738e939ebea866164e9b457cca3503814,bvk2-manuscript-reproducibility-v1
qce-aqce-materials-v1,527ecf88b003455be226e3fa5c8c104046acd4c1,results/bvk_fixed_stiffness_period_map_nx256/cases/f0.5_chiN24/profile.csv,results/bvk_fixed_stiffness_period_map_nx256/cases/f0.5_chiN24/profile.csv,b4d3bd005cc4bee56735751e44371a76582cdbb244dcf513564edc8cab862672,37017,b4d3bd005cc4bee56735751e44371a76582cdbb244dcf513564edc8cab862672,bvk2-manuscript-reproducibility-v1
qce-aqce-materials-v1,527ecf88b003455be226e3fa5c8c104046acd4c1,results/bvk_fixed_stiffness_period_map_nx256/cases/f0.5_chiN25/root.csv,results/bvk_fixed_stiffness_period_map_nx256/cases/f0.5_chiN25/root.csv,ac6a821c0ded497dbf1fdf9b3b35817abe32dbfc05cfbef0171d79be3e0d76c4,1755,ac6a821c0ded497dbf1fdf9b3b35817abe32dbfc05cfbef0171d79be3e0d76c4,bvk2-manuscript-reproducibility-v1
qce-aqce-materials-v1,527ecf88b003455be226e3fa5c8c104046acd4c1,results/bvk_fixed_stiffness_period_map_nx256/cases/f0.5_chiN25/profile.csv,results/bvk_fixed_stiffness_period_map_nx256/cases/f0.5_chiN25/profile.csv,416a57e651b58399ac591b8822808371ee44f7a761283be828e831baa6b3b56f,37032,416a57e651b58399ac591b8822808371ee44f7a761283be828e831baa6b3b56f,bvk2-manuscript-reproducibility-v1
qce-aqce-materials-v1,527ecf88b003455be226e3fa5c8c104046acd4c1,results/bvk_fixed_stiffness_period_map_nx256/cases/f0.5_chiN26/root.csv,results/bvk_fixed_stiffness_period_map_nx256/cases/f0.5_chiN26/root.csv,5d15b9b1e610f40359e97e1793d5be34262d21336e6b11784fceb66d7b1b19ea,1753,5d15b9b1e610f40359e97e1793d5be34262d21336e6b11784fceb66d7b1b19ea,bvk2-manuscript-reproducibility-v1
qce-aqce-materials-v1,527ecf88b003455be226e3fa5c8c104046acd4c1,results/bvk_fixed_stiffness_period_map_nx256/cases/f0.5_chiN26/profile.csv,results/bvk_fixed_stiffness_period_map_nx256/cases/f0.5_chiN26/profile.csv,f044361cbb1e484d3b0f0f3e29cefa2731325619817492370f3cccf28bbc04b4,37046,f044361cbb1e484d3b0f0f3e29cefa2731325619817492370f3cccf28bbc04b4,bvk2-manuscript-reproducibility-v1
qce-aqce-materials-v1,527ecf88b003455be226e3fa5c8c104046acd4c1,results/bvk_fixed_stiffness_period_map_nx256/cases/f0.5_chiN27/root.csv,results/bvk_fixed_stiffness_period_map_nx256/cases/f0.5_chiN27/root.csv,f0bda799344e8f112defbd3d9d10898e1fc0948ebada201fcd1379c9def0f463,1754,f0bda799344e8f112defbd3d9d10898e1fc0948ebada201fcd1379c9def0f463,bvk2-manuscript-reproducibility-v1
qce-aqce-materials-v1,527ecf88b003455be226e3fa5c8c104046acd4c1,results/bvk_fixed_stiffness_period_map_nx256/cases/f0.5_chiN27/profile.csv,results/bvk_fixed_stiffness_period_map_nx256/cases/f0.5_chiN27/profile.csv,96c549f84d3a72ad01e74a3d305378e7b319b2f016e6fa032b1854ebd736d4bb,36794,96c549f84d3a72ad01e74a3d305378e7b319b2f016e6fa032b1854ebd736d4bb,bvk2-manuscript-reproducibility-v1
qce-aqce-materials-v1,527ecf88b003455be226e3fa5c8c104046acd4c1,results/bvk_fixed_stiffness_period_map_nx256/cases/f0.5_chiN28/root.csv,results/bvk_fixed_stiffness_period_map_nx256/cases/f0.5_chiN28/root.csv,be61ade74a9c4d7cdc71551711b8e76207baf619d3e7fa847020396b51e434bd,1755,be61ade74a9c4d7cdc71551711b8e76207baf619d3e7fa847020396b51e434bd,bvk2-manuscript-reproducibility-v1
qce-aqce-materials-v1,527ecf88b003455be226e3fa5c8c104046acd4c1,results/bvk_fixed_stiffness_period_map_nx256/cases/f0.5_chiN28/profile.csv,results/bvk_fixed_stiffness_period_map_nx256/cases/f0.5_chiN28/profile.csv,129f88dd67978b83a8dcfb5cb20f83101fd06298a5d4f408485472751834af48,37050,129f88dd67978b83a8dcfb5cb20f83101fd06298a5d4f408485472751834af48,bvk2-manuscript-reproducibility-v1
qce-aqce-materials-v1,527ecf88b003455be226e3fa5c8c104046acd4c1,results/bvk_fixed_stiffness_period_map_nx256/cases/f0.5_chiN29/root.csv,results/bvk_fixed_stiffness_period_map_nx256/cases/f0.5_chiN29/root.csv,8010e7de570a0eee7dead2b80b75c3d641fe4de40434d877f813b0a2594d0b6f,1757,8010e7de570a0eee7dead2b80b75c3d641fe4de40434d877f813b0a2594d0b6f,bvk2-manuscript-reproducibility-v1
qce-aqce-materials-v1,527ecf88b003455be226e3fa5c8c104046acd4c1,results/bvk_fixed_stiffness_period_map_nx256/cases/f0.5_chiN29/profile.csv,results/bvk_fixed_stiffness_period_map_nx256/cases/f0.5_chiN29/profile.csv,37ad392a3f5fba97625778fb7e68e1cdb3228beaaf682e6c6a38d6f7bcd9452f,37064,37ad392a3f5fba97625778fb7e68e1cdb3228beaaf682e6c6a38d6f7bcd9452f,bvk2-manuscript-reproducibility-v1
qce-aqce-materials-v1,527ecf88b003455be226e3fa5c8c104046acd4c1,results/bvk_fixed_stiffness_period_map_nx256/cases/f0.5_chiN30/root.csv,results/bvk_fixed_stiffness_period_map_nx256/cases/f0.5_chiN30/root.csv,724fe397a82f612b33aacae6c327cc104bb416d66b38b18ae6c1ad70527cb951,1752,724fe397a82f612b33aacae6c327cc104bb416d66b38b18ae6c1ad70527cb951,bvk2-manuscript-reproducibility-v1
qce-aqce-materials-v1,527ecf88b003455be226e3fa5c8c104046acd4c1,results/bvk_fixed_stiffness_period_map_nx256/cases/f0.5_chiN30/profile.csv,results/bvk_fixed_stiffness_period_map_nx256/cases/f0.5_chiN30/profile.csv,d5b0aff3d22921332885ea291b0d1e62c88c59379236a10d6b4f702a8658ff94,37086,d5b0aff3d22921332885ea291b0d1e62c88c59379236a10d6b4f702a8658ff94,bvk2-manuscript-reproducibility-v1
qce-aqce-materials-v1,527ecf88b003455be226e3fa5c8c104046acd4c1,results/bvk_fixed_stiffness_period_map_nx256/cases/f0.5_chiN31/root.csv,results/bvk_fixed_stiffness_period_map_nx256/cases/f0.5_chiN31/root.csv,3d5245b5db54f14aae59a6d8d3ba88eabc495840ffe76119296c7a472d623ce7,1756,3d5245b5db54f14aae59a6d8d3ba88eabc495840ffe76119296c7a472d623ce7,bvk2-manuscript-reproducibility-v1
qce-aqce-materials-v1,527ecf88b003455be226e3fa5c8c104046acd4c1,results/bvk_fixed_stiffness_period_map_nx256/cases/f0.5_chiN31/profile.csv,results/bvk_fixed_stiffness_period_map_nx256/cases/f0.5_chiN31/profile.csv,de5d447d167d7361cdf0da2dddd3a1f8dffeb49cece9d270fc261607451c67cc,37072,de5d447d167d7361cdf0da2dddd3a1f8dffeb49cece9d270fc261607451c67cc,bvk2-manuscript-reproducibility-v1
qce-aqce-materials-v1,527ecf88b003455be226e3fa5c8c104046acd4c1,results/bvk_fixed_stiffness_period_map_nx256/cases/f0.5_chiN32/root.csv,results/bvk_fixed_stiffness_period_map_nx256/cases/f0.5_chiN32/root.csv,9d7476e3485d277770cf00d2c744b245d58c7e48a2b12184fb9c4b753b9015b7,1753,9d7476e3485d277770cf00d2c744b245d58c7e48a2b12184fb9c4b753b9015b7,bvk2-manuscript-reproducibility-v1
qce-aqce-materials-v1,527ecf88b003455be226e3fa5c8c104046acd4c1,results/bvk_fixed_stiffness_period_map_nx256/cases/f0.5_chiN32/profile.csv,results/bvk_fixed_stiffness_period_map_nx256/cases/f0.5_chiN32/profile.csv,5efb775d9a745390d276abfc441c2bc063e4b6fcffb768ceb30d56bcb67bee28,37082,5efb775d9a745390d276abfc441c2bc063e4b6fcffb768ceb30d56bcb67bee28,bvk2-manuscript-reproducibility-v1
qce-aqce-materials-v1,527ecf88b003455be226e3fa5c8c104046acd4c1,results/bvk_fixed_stiffness_period_map_nx256/cases/f0.5_chiN33/root.csv,results/bvk_fixed_stiffness_period_map_nx256/cases/f0.5_chiN33/root.csv,bbfe63dd4d36d2b003a110e05074561cb7dd41ea5336105d465791ae0e2fe5eb,1750,bbfe63dd4d36d2b003a110e05074561cb7dd41ea5336105d465791ae0e2fe5eb,bvk2-manuscript-reproducibility-v1
qce-aqce-materials-v1,527ecf88b003455be226e3fa5c8c104046acd4c1,results/bvk_fixed_stiffness_period_map_nx256/cases/f0.5_chiN33/profile.csv,results/bvk_fixed_stiffness_period_map_nx256/cases/f0.5_chiN33/profile.csv,3d4e2f3be926fa460a9aa5f1819a04c313dbf3b3174c1e5d36986d2a1035abc0,37350,3d4e2f3be926fa460a9aa5f1819a04c313dbf3b3174c1e5d36986d2a1035abc0,bvk2-manuscript-reproducibility-v1
qce-aqce-materials-v1,527ecf88b003455be226e3fa5c8c104046acd4c1,results/bvk_fixed_stiffness_period_map_nx256/cases/f0.5_chiN34/root.csv,results/bvk_fixed_stiffness_period_map_nx256/cases/f0.5_chiN34/root.csv,f063d49b78dc070b7308f04c7fb38d176c1db6353872769130b61dcfabc6b3ae,1760,f063d49b78dc070b7308f04c7fb38d176c1db6353872769130b61dcfabc6b3ae,bvk2-manuscript-reproducibility-v1
qce-aqce-materials-v1,527ecf88b003455be226e3fa5c8c104046acd4c1,results/bvk_fixed_stiffness_period_map_nx256/cases/f0.5_chiN34/profile.csv,results/bvk_fixed_stiffness_period_map_nx256/cases/f0.5_chiN34/profile.csv,e1cb090dbfb5d89fb54d40e1c0c1a54c7259ff451f33b7f9498ca531e04ad89a,37103,e1cb090dbfb5d89fb54d40e1c0c1a54c7259ff451f33b7f9498ca531e04ad89a,bvk2-manuscript-reproducibility-v1
qce-aqce-materials-v1,527ecf88b003455be226e3fa5c8c104046acd4c1,results/bvk_fixed_stiffness_period_map_nx256/cases/f0.5_chiN35/root.csv,results/bvk_fixed_stiffness_period_map_nx256/cases/f0.5_chiN35/root.csv,b6bc175ce457829f01e57adb795b52446657e230e3aa3812405925ea66ebfd2f,1751,b6bc175ce457829f01e57adb795b52446657e230e3aa3812405925ea66ebfd2f,bvk2-manuscript-reproducibility-v1
qce-aqce-materials-v1,527ecf88b003455be226e3fa5c8c104046acd4c1,results/bvk_fixed_stiffness_period_map_nx256/cases/f0.5_chiN35/profile.csv,results/bvk_fixed_stiffness_period_map_nx256/cases/f0.5_chiN35/profile.csv,cfb07cfc972270472e192c374172b1ca9e2e5359e92d4ad11bf3f79c16672009,37098,cfb07cfc972270472e192c374172b1ca9e2e5359e92d4ad11bf3f79c16672009,bvk2-manuscript-reproducibility-v1
qce-aqce-materials-v1,527ecf88b003455be226e3fa5c8c104046acd4c1,results/lamellar_cell_stress_mechanism/README.md,results/lamellar_cell_stress_mechanism/README.md,1c7e6da147ec1f0f33c0c8f185b6f4bd26bdbcb875e3270721461c30bb3a3079,3706,1c7e6da147ec1f0f33c0c8f185b6f4bd26bdbcb875e3270721461c30bb3a3079,bvk2-manuscript-reproducibility-v1
qce-aqce-materials-v1,527ecf88b003455be226e3fa5c8c104046acd4c1,results/lamellar_cell_stress_mechanism/scan.csv,results/lamellar_cell_stress_mechanism/scan.csv,27046fce1fda3b7c1a78000fcdaa0d6e85094e54fa1a774bcc096abd862cb0df,84447,27046fce1fda3b7c1a78000fcdaa0d6e85094e54fa1a774bcc096abd862cb0df,bvk2-manuscript-reproducibility-v1
qce-aqce-materials-v1,527ecf88b003455be226e3fa5c8c104046acd4c1,results/lamellar_cell_stress_mechanism/summary.csv,results/lamellar_cell_stress_mechanism/summary.csv,65518c4e9af4aab889321913e9a2faa6fa8849509a6157967b361028af26c0fc,5898,65518c4e9af4aab889321913e9a2faa6fa8849509a6157967b361028af26c0fc,bvk2-manuscript-reproducibility-v1
qce-aqce-materials-v1,527ecf88b003455be226e3fa5c8c104046acd4c1,results/lamellar_cell_stress_mechanism/generation_manifest.csv,results/lamellar_cell_stress_mechanism/generation_manifest.csv,d115e8d36f297108e47ef0f3e1f65c272d3fa3de1e7f8ced74861ef77f6e6f37,403,d115e8d36f297108e47ef0f3e1f65c272d3fa3de1e7f8ced74861ef77f6e6f37,bvk2-manuscript-reproducibility-v1
qce-aqce-materials-v1,527ecf88b003455be226e3fa5c8c104046acd4c1,results/lamellar_cell_stress_mechanism/lamellar_cell_stress_mechanism.svg,results/lamellar_cell_stress_mechanism/lamellar_cell_stress_mechanism.svg,fd0df39992cc0a7057011c175cca5ab5e1f0f22efb768893d512fadc8b50013b,93994,fd0df39992cc0a7057011c175cca5ab5e1f0f22efb768893d512fadc8b50013b,bvk2-manuscript-reproducibility-v1
qce-aqce-materials-v1,527ecf88b003455be226e3fa5c8c104046acd4c1,results/bvk2_publication_phase_diagram/phase_diagram.md,results/bvk2_publication_phase_diagram/phase_diagram.md,0e4efb7ccb7973c594150a70d7ba36de4bae7e84e2f6fc63fb46e889ade26908,5452,0e4efb7ccb7973c594150a70d7ba36de4bae7e84e2f6fc63fb46e889ade26908,bvk2-manuscript-reproducibility-v1
qce-aqce-materials-v1,527ecf88b003455be226e3fa5c8c104046acd4c1,results/bvk2_publication_phase_diagram/accepted_phase_boundaries.csv,results/bvk2_publication_phase_diagram/accepted_phase_boundaries.csv,e1bd7408c4c65a3f6d001f7515557b75904676198c86dcb7c81553f1e700c454,45090,e1bd7408c4c65a3f6d001f7515557b75904676198c86dcb7c81553f1e700c454,bvk2-manuscript-reproducibility-v1
qce-aqce-materials-v1,527ecf88b003455be226e3fa5c8c104046acd4c1,results/bvk2_publication_phase_diagram/phase_diagram_plot_data.csv,results/bvk2_publication_phase_diagram/phase_diagram_plot_data.csv,a17b49cdbb2bace48abc46c2258acc3e67b0a4272e80ede8b4e9565cd11a50c6,42894,a17b49cdbb2bace48abc46c2258acc3e67b0a4272e80ede8b4e9565cd11a50c6,bvk2-manuscript-reproducibility-v1
qce-aqce-materials-v1,527ecf88b003455be226e3fa5c8c104046acd4c1,results/bvk2_publication_phase_diagram/boundary_candidates.csv,results/bvk2_publication_phase_diagram/boundary_candidates.csv,e1bd7408c4c65a3f6d001f7515557b75904676198c86dcb7c81553f1e700c454,45090,e1bd7408c4c65a3f6d001f7515557b75904676198c86dcb7c81553f1e700c454,bvk2-manuscript-reproducibility-v1
qce-aqce-materials-v1,527ecf88b003455be226e3fa5c8c104046acd4c1,results/bvk2_publication_phase_diagram/boundary_diagnostics.csv,results/bvk2_publication_phase_diagram/boundary_diagnostics.csv,e97bb35670cf405ece4106ecb721854a11f383bf395901857d9f1d120edd3c86,61154,e97bb35670cf405ece4106ecb721854a11f383bf395901857d9f1d120edd3c86,bvk2-manuscript-reproducibility-v1
qce-aqce-materials-v1,527ecf88b003455be226e3fa5c8c104046acd4c1,results/bvk2_publication_phase_diagram/boundary_provenance.csv,results/bvk2_publication_phase_diagram/boundary_provenance.csv,bfa334cc2a0b30ab0968ef46bdbf4b7591a6764f75b7fbfc0acc16f8d0f812c0,15240,bfa334cc2a0b30ab0968ef46bdbf4b7591a6764f75b7fbfc0acc16f8d0f812c0,bvk2-manuscript-reproducibility-v1
qce-aqce-materials-v1,527ecf88b003455be226e3fa5c8c104046acd4c1,results/bvk2_publication_phase_diagram/rejected_points.csv,results/bvk2_publication_phase_diagram/rejected_points.csv,b217134253ed4f52945528c47a4fdee9e4f6037b968f30b1c5b18dbfbc3bb396,1495,b217134253ed4f52945528c47a4fdee9e4f6037b968f30b1c5b18dbfbc3bb396,bvk2-manuscript-reproducibility-v1
qce-aqce-materials-v1,527ecf88b003455be226e3fa5c8c104046acd4c1,results/bvk2_publication_phase_diagram/scft_reference_boundaries.csv,results/bvk2_publication_phase_diagram/scft_reference_boundaries.csv,c2130bd398e7342c73536b6c5069b1ad371ce6bf3d81d367b8abc7a4f33d5620,430725,c2130bd398e7342c73536b6c5069b1ad371ce6bf3d81d367b8abc7a4f33d5620,bvk2-manuscript-reproducibility-v1
qce-aqce-materials-v1,527ecf88b003455be226e3fa5c8c104046acd4c1,results/bvk2_publication_phase_diagram/rpa_stability_limit.csv,results/bvk2_publication_phase_diagram/rpa_stability_limit.csv,3810d46e2fcfddafd748eb1204ec9cf03e619a22bf5eae5d6a21391379aec898,19412,3810d46e2fcfddafd748eb1204ec9cf03e619a22bf5eae5d6a21391379aec898,bvk2-manuscript-reproducibility-v1
qce-aqce-materials-v1,527ecf88b003455be226e3fa5c8c104046acd4c1,results/bvk2_publication_phase_diagram/fcc_region_zoom_triple_point.csv,results/bvk2_publication_phase_diagram/fcc_region_zoom_triple_point.csv,cd75f3839354d635210bf876d549f7f27b42797d3a32042635de84f509097a52,582,cd75f3839354d635210bf876d549f7f27b42797d3a32042635de84f509097a52,bvk2-manuscript-reproducibility-v1
qce-aqce-materials-v1,527ecf88b003455be226e3fa5c8c104046acd4c1,results/bvk2_publication_phase_diagram/estimated_g_c_o70_triple_point.csv,results/bvk2_publication_phase_diagram/estimated_g_c_o70_triple_point.csv,f1a6c7ce77821801ad34c4c77f7578ad30a0bff7ad8f871353731130b798b376,310,f1a6c7ce77821801ad34c4c77f7578ad30a0bff7ad8f871353731130b798b376,bvk2-manuscript-reproducibility-v1
qce-aqce-materials-v1,527ecf88b003455be226e3fa5c8c104046acd4c1,results/bvk2_publication_phase_diagram/estimated_g_o70_l_triple_point.csv,results/bvk2_publication_phase_diagram/estimated_g_o70_l_triple_point.csv,385687512e7977fd8384eda6ec82a5ab72853ad74b642d6292af0bd0b4e75417,403,385687512e7977fd8384eda6ec82a5ab72853ad74b642d6292af0bd0b4e75417,bvk2-manuscript-reproducibility-v1
qce-aqce-materials-v1,527ecf88b003455be226e3fa5c8c104046acd4c1,results/bvk2_publication_phase_diagram/phase_diagram.svg,results/bvk2_publication_phase_diagram/phase_diagram.svg,7d8bcb7fa7f44ecfb71defae704461172f6c699fb37b2a5596db699522783e08,117659,7d8bcb7fa7f44ecfb71defae704461172f6c699fb37b2a5596db699522783e08,bvk2-manuscript-reproducibility-v1
qce-aqce-materials-v1,527ecf88b003455be226e3fa5c8c104046acd4c1,results/bvk2_aba_comprehensive_validation/README.md,results/bvk2_aba_comprehensive_validation/README.md,d4ca8d6442bbbec3570225b5010fce5446932fe333acd83005b41942025877c3,4168,d4ca8d6442bbbec3570225b5010fce5446932fe333acd83005b41942025877c3,bvk2-manuscript-reproducibility-v1
qce-aqce-materials-v1,527ecf88b003455be226e3fa5c8c104046acd4c1,results/bvk2_aba_comprehensive_validation/benchmark_profiles.csv,results/bvk2_aba_comprehensive_validation/benchmark_profiles.csv,0f206c11c4664a719a5fc4ab9ad5442a9e0d47bc34703a3347be0cbdf8debf74,854734,0f206c11c4664a719a5fc4ab9ad5442a9e0d47bc34703a3347be0cbdf8debf74,bvk2-manuscript-reproducibility-v1
qce-aqce-materials-v1,527ecf88b003455be226e3fa5c8c104046acd4c1,results/bvk2_aba_comprehensive_validation/benchmark_summary.csv,results/bvk2_aba_comprehensive_validation/benchmark_summary.csv,fe890e94ed44ee5a1cbe5dd8608d583e3f9f63e4066d08f2a1c213c83f636e4b,7922,fe890e94ed44ee5a1cbe5dd8608d583e3f9f63e4066d08f2a1c213c83f636e4b,bvk2-manuscript-reproducibility-v1
qce-aqce-materials-v1,527ecf88b003455be226e3fa5c8c104046acd4c1,results/bvk2_aba_comprehensive_validation/cell_stress_scan.csv,results/bvk2_aba_comprehensive_validation/cell_stress_scan.csv,5f36f9c0e4bcd86a64b146e5c457bdd9ae56a3fa5940568c0c5a1f6c42f77697,25879,5f36f9c0e4bcd86a64b146e5c457bdd9ae56a3fa5940568c0c5a1f6c42f77697,bvk2-manuscript-reproducibility-v1
qce-aqce-materials-v1,527ecf88b003455be226e3fa5c8c104046acd4c1,results/bvk2_aba_comprehensive_validation/cell_stress_summary.csv,results/bvk2_aba_comprehensive_validation/cell_stress_summary.csv,baf8e011319efeb41c8fc62a68f4c8dc97b78a4bc18477c78a3248ebb4f8ceee,1466,baf8e011319efeb41c8fc62a68f4c8dc97b78a4bc18477c78a3248ebb4f8ceee,bvk2-manuscript-reproducibility-v1
qce-aqce-materials-v1,527ecf88b003455be226e3fa5c8c104046acd4c1,results/bvk2_aba_comprehensive_validation/scft_reference_profiles.csv,results/bvk2_aba_comprehensive_validation/scft_reference_profiles.csv,4c9ac30144a8aafb1520c2dce2b6e00884c8a6bb9ef269fd7429ff6cc4992eb5,158374,4c9ac30144a8aafb1520c2dce2b6e00884c8a6bb9ef269fd7429ff6cc4992eb5,bvk2-manuscript-reproducibility-v1
qce-aqce-materials-v1,527ecf88b003455be226e3fa5c8c104046acd4c1,results/bvk2_aba_comprehensive_validation/scft_reference_summary.csv,results/bvk2_aba_comprehensive_validation/scft_reference_summary.csv,f2792ceb7700169fb4e0cded7f41fec838e59ed88ce143199186df20f91b0d78,2121,f2792ceb7700169fb4e0cded7f41fec838e59ed88ce143199186df20f91b0d78,bvk2-manuscript-reproducibility-v1
qce-aqce-materials-v1,527ecf88b003455be226e3fa5c8c104046acd4c1,results/bvk2_aba_comprehensive_validation/aba_unified_benchmark.svg,results/bvk2_aba_comprehensive_validation/aba_unified_benchmark.svg,3df20fc7840e4a52941971dbfe1ffec2e8735fe6e647f806a210d14be35a2692,161342,3df20fc7840e4a52941971dbfe1ffec2e8735fe6e647f806a210d14be35a2692,bvk2-manuscript-reproducibility-v1
qce-aqce-materials-v1,527ecf88b003455be226e3fa5c8c104046acd4c1,results/bvk2_aba_comprehensive_validation/aba_cell_stress_mechanism.svg,results/bvk2_aba_comprehensive_validation/aba_cell_stress_mechanism.svg,454916ede5913ee1bcac7755e07edc0ddd0523004cff7442f5e5dd5d82059f69,94373,454916ede5913ee1bcac7755e07edc0ddd0523004cff7442f5e5dd5d82059f69,bvk2-manuscript-reproducibility-v1
qce-aqce-materials-v1,527ecf88b003455be226e3fa5c8c104046acd4c1,results/bvk2_aba_comprehensive_validation/macromolecules_figure7.svg,results/bvk2_aba_comprehensive_validation/macromolecules_figure7.svg,3f35cc1a751eae78426a7ef6be37346f3a6506b311259f24be91539f944a05ec,125194,3f35cc1a751eae78426a7ef6be37346f3a6506b311259f24be91539f944a05ec,bvk2-manuscript-reproducibility-v1
qce-aqce-materials-v1,527ecf88b003455be226e3fa5c8c104046acd4c1,results/bvk2_aba_comprehensive_validation/ldis_crossing.csv,results/bvk2_aba_comprehensive_validation/ldis_crossing.csv,8d73746ba9dc434fdf110fe859a4255e14cd49bf2f38ccb83f2f5fa912c30476,1849,8d73746ba9dc434fdf110fe859a4255e14cd49bf2f38ccb83f2f5fa912c30476,bvk2-manuscript-reproducibility-v1
qce-aqce-materials-v1,527ecf88b003455be226e3fa5c8c104046acd4c1,results/bvk2_aba_comprehensive_validation/ldis_crossing_summary.csv,results/bvk2_aba_comprehensive_validation/ldis_crossing_summary.csv,ef23212c5e9bbd33a4e9d12952b258135b060e927719c447df4533df79c345b3,325,ef23212c5e9bbd33a4e9d12952b258135b060e927719c447df4533df79c345b3,bvk2-manuscript-reproducibility-v1
qce-aqce-materials-v1,527ecf88b003455be226e3fa5c8c104046acd4c1,results/bvk2_aba_comprehensive_validation/aba_ldis_crossing.svg,results/bvk2_aba_comprehensive_validation/aba_ldis_crossing.svg,6eb3d8ce1d958b3ecaf4c421044f59f636a243726ece77b43031b69f2286e83c,61836,6eb3d8ce1d958b3ecaf4c421044f59f636a243726ece77b43031b69f2286e83c,bvk2-manuscript-reproducibility-v1
qce-aqce-materials-v1,527ecf88b003455be226e3fa5c8c104046acd4c1,results/bvk2_aba_comprehensive_validation/macromolecules_figure8.svg,results/bvk2_aba_comprehensive_validation/macromolecules_figure8.svg,0342af0211cd66e0e69abdcafc1c96bf4e9225bfe43a3700483b9131eb0c48ce,32588,0342af0211cd66e0e69abdcafc1c96bf4e9225bfe43a3700483b9131eb0c48ce,bvk2-manuscript-reproducibility-v1
qce-aqce-materials-v1,527ecf88b003455be226e3fa5c8c104046acd4c1,results/bvk2_aba_ldis_chi21/campaign_contract.md,results/bvk2_aba_ldis_chi21/campaign_contract.md,57c271db49de327440ade04b6f14b0d2ad27fc0506a1fe10efcf15e7772ef487,1170,57c271db49de327440ade04b6f14b0d2ad27fc0506a1fe10efcf15e7772ef487,bvk2-manuscript-reproducibility-v1
qce-aqce-materials-v1,527ecf88b003455be226e3fa5c8c104046acd4c1,results/bvk2_aba_ldis_chi21/ldis_crossing.csv,results/bvk2_aba_ldis_chi21/ldis_crossing.csv,843f500d4966ee4a1bb37d335741ff4352e43f92f53e343dcfb2e005479d68bc,383,843f500d4966ee4a1bb37d335741ff4352e43f92f53e343dcfb2e005479d68bc,bvk2-manuscript-reproducibility-v1
qce-aqce-materials-v1,527ecf88b003455be226e3fa5c8c104046acd4c1,results/bvk2_aba_ldis_chi21/ldis_crossing_summary.csv,results/bvk2_aba_ldis_chi21/ldis_crossing_summary.csv,ef23212c5e9bbd33a4e9d12952b258135b060e927719c447df4533df79c345b3,325,ef23212c5e9bbd33a4e9d12952b258135b060e927719c447df4533df79c345b3,bvk2-manuscript-reproducibility-v1
qce-aqce-materials-v1,527ecf88b003455be226e3fa5c8c104046acd4c1,results/bvk2_aba_ldis_chi21/decision.csv,results/bvk2_aba_ldis_chi21/decision.csv,e4119afd2ded39261f78f20eebc8791fbe35613b07b89ea5ad30b5cde46817f6,255,e4119afd2ded39261f78f20eebc8791fbe35613b07b89ea5ad30b5cde46817f6,bvk2-manuscript-reproducibility-v1
qce-aqce-materials-v1,527ecf88b003455be226e3fa5c8c104046acd4c1,results/bvk2_aba_fixed_stiffness_validation/README.md,results/bvk2_aba_fixed_stiffness_validation/README.md,e0168470bc7a52b689ae7c3f3fecf0f0f28d49a6edd6167aab92581748cfbc24,1172,e0168470bc7a52b689ae7c3f3fecf0f0f28d49a6edd6167aab92581748cfbc24,bvk2-manuscript-reproducibility-v1
qce-aqce-materials-v1,527ecf88b003455be226e3fa5c8c104046acd4c1,results/bvk2_aba_fixed_stiffness_validation/campaign_contract.md,results/bvk2_aba_fixed_stiffness_validation/campaign_contract.md,9297cda5e51a509ae34975aa8262c6db412db546fc0af62c7d11a65e8d0638d2,1582,9297cda5e51a509ae34975aa8262c6db412db546fc0af62c7d11a65e8d0638d2,bvk2-manuscript-reproducibility-v1
qce-aqce-materials-v1,527ecf88b003455be226e3fa5c8c104046acd4c1,results/bvk2_aba_fixed_stiffness_validation/summary.csv,results/bvk2_aba_fixed_stiffness_validation/summary.csv,e32430a11351d713672aa3fd5615d7b46985554f7551c2a72509299be474aaec,5391,e32430a11351d713672aa3fd5615d7b46985554f7551c2a72509299be474aaec,bvk2-manuscript-reproducibility-v1
qce-aqce-materials-v1,527ecf88b003455be226e3fa5c8c104046acd4c1,results/bvk2_aba_fixed_stiffness_validation/profiles.csv,results/bvk2_aba_fixed_stiffness_validation/profiles.csv,c58ba77ad042a2a5e208cc0c8bc5be58ff8e46e3fd1bea3b91301df08b0f5096,248148,c58ba77ad042a2a5e208cc0c8bc5be58ff8e46e3fd1bea3b91301df08b0f5096,bvk2-manuscript-reproducibility-v1
qce-aqce-materials-v1,527ecf88b003455be226e3fa5c8c104046acd4c1,results/bvk2_aba_fixed_stiffness_validation/cases/f0.50_chiN20/root.csv,results/bvk2_aba_fixed_stiffness_validation/cases/f0.50_chiN20/root.csv,34174ee8fba796df86ab5227214691d4226e42243e45fbf9e432897f89c4011b,1190,34174ee8fba796df86ab5227214691d4226e42243e45fbf9e432897f89c4011b,bvk2-manuscript-reproducibility-v1
qce-aqce-materials-v1,527ecf88b003455be226e3fa5c8c104046acd4c1,results/bvk2_aba_fixed_stiffness_validation/cases/f0.50_chiN20/profile.csv,results/bvk2_aba_fixed_stiffness_validation/cases/f0.50_chiN20/profile.csv,e6cfa767a4d0ccedcc96b161fa69b41d4b01aba2974b67675c691e95879fe3b6,35605,e6cfa767a4d0ccedcc96b161fa69b41d4b01aba2974b67675c691e95879fe3b6,bvk2-manuscript-reproducibility-v1
qce-aqce-materials-v1,527ecf88b003455be226e3fa5c8c104046acd4c1,results/bvk2_aba_fixed_stiffness_validation/cases/f0.50_chiN22/root.csv,results/bvk2_aba_fixed_stiffness_validation/cases/f0.50_chiN22/root.csv,d0b07410cb170c8570a800d4d5e280ef32495cb1cce26cda566cc27900e5c68b,1186,d0b07410cb170c8570a800d4d5e280ef32495cb1cce26cda566cc27900e5c68b,bvk2-manuscript-reproducibility-v1
qce-aqce-materials-v1,527ecf88b003455be226e3fa5c8c104046acd4c1,results/bvk2_aba_fixed_stiffness_validation/cases/f0.50_chiN22/profile.csv,results/bvk2_aba_fixed_stiffness_validation/cases/f0.50_chiN22/profile.csv,18bdae5c793c283ca0e1d5830a05e670e81dc98ba04f1894517a73cd8d6a2eaa,35341,18bdae5c793c283ca0e1d5830a05e670e81dc98ba04f1894517a73cd8d6a2eaa,bvk2-manuscript-reproducibility-v1
qce-aqce-materials-v1,527ecf88b003455be226e3fa5c8c104046acd4c1,results/bvk2_aba_fixed_stiffness_validation/cases/f0.50_chiN25/root.csv,results/bvk2_aba_fixed_stiffness_validation/cases/f0.50_chiN25/root.csv,fd9d893fad605ce23b5237acbadbd6a111fce067a2969ed9c69f271de26a997f,1182,fd9d893fad605ce23b5237acbadbd6a111fce067a2969ed9c69f271de26a997f,bvk2-manuscript-reproducibility-v1
qce-aqce-materials-v1,527ecf88b003455be226e3fa5c8c104046acd4c1,results/bvk2_aba_fixed_stiffness_validation/cases/f0.50_chiN25/profile.csv,results/bvk2_aba_fixed_stiffness_validation/cases/f0.50_chiN25/profile.csv,2dd7846b7ff6f9e8a76cd4cb6fc11e488b963a9bcaa06bdb5277941b3bba7081,35366,2dd7846b7ff6f9e8a76cd4cb6fc11e488b963a9bcaa06bdb5277941b3bba7081,bvk2-manuscript-reproducibility-v1
qce-aqce-materials-v1,527ecf88b003455be226e3fa5c8c104046acd4c1,results/bvk2_aba_fixed_stiffness_validation/cases/f0.50_chiN30/root.csv,results/bvk2_aba_fixed_stiffness_validation/cases/f0.50_chiN30/root.csv,c0d94e19547266a29a111d11abdc34655074a4bc3bbf9497dbd03e2b015adc07,1183,c0d94e19547266a29a111d11abdc34655074a4bc3bbf9497dbd03e2b015adc07,bvk2-manuscript-reproducibility-v1
qce-aqce-materials-v1,527ecf88b003455be226e3fa5c8c104046acd4c1,results/bvk2_aba_fixed_stiffness_validation/cases/f0.50_chiN30/profile.csv,results/bvk2_aba_fixed_stiffness_validation/cases/f0.50_chiN30/profile.csv,60a970d282bdd6bada908a4d5fb1d41c3c021dd096f67949bd7194d63fc53fa7,35396,60a970d282bdd6bada908a4d5fb1d41c3c021dd096f67949bd7194d63fc53fa7,bvk2-manuscript-reproducibility-v1
qce-aqce-materials-v1,527ecf88b003455be226e3fa5c8c104046acd4c1,results/bvk2_aba_fixed_stiffness_validation/cases/f0.50_chiN35/root.csv,results/bvk2_aba_fixed_stiffness_validation/cases/f0.50_chiN35/root.csv,2add5b0ba1ed3a5a0623c7bc88bb5b6e78c31504dfa0d357c4d0a01733789707,1188,2add5b0ba1ed3a5a0623c7bc88bb5b6e78c31504dfa0d357c4d0a01733789707,bvk2-manuscript-reproducibility-v1
qce-aqce-materials-v1,527ecf88b003455be226e3fa5c8c104046acd4c1,results/bvk2_aba_fixed_stiffness_validation/cases/f0.50_chiN35/profile.csv,results/bvk2_aba_fixed_stiffness_validation/cases/f0.50_chiN35/profile.csv,f14777890240d3aa68192d73b30fa8998ad79dc32154e4d51bb9fe55e1ca478e,35663,f14777890240d3aa68192d73b30fa8998ad79dc32154e4d51bb9fe55e1ca478e,bvk2-manuscript-reproducibility-v1
qce-aqce-materials-v1,527ecf88b003455be226e3fa5c8c104046acd4c1,results/bvk2_aba_fixed_stiffness_validation/cases/f0.50_chiN40/root.csv,results/bvk2_aba_fixed_stiffness_validation/cases/f0.50_chiN40/root.csv,da7c0c68192041d49295834d1b49534cc5cab1f2948ce2a6d0d99d79a536471f,1171,da7c0c68192041d49295834d1b49534cc5cab1f2948ce2a6d0d99d79a536471f,bvk2-manuscript-reproducibility-v1
qce-aqce-materials-v1,527ecf88b003455be226e3fa5c8c104046acd4c1,results/bvk2_aba_fixed_stiffness_validation/cases/f0.50_chiN40/profile.csv,results/bvk2_aba_fixed_stiffness_validation/cases/f0.50_chiN40/profile.csv,2b4ca9d3a6451358e82d16704e03cc942d0c7b7cb5506aa2dfbacf9d0ca6c6ef,35700,2b4ca9d3a6451358e82d16704e03cc942d0c7b7cb5506aa2dfbacf9d0ca6c6ef,bvk2-manuscript-reproducibility-v1
qce-aqce-materials-v1,527ecf88b003455be226e3fa5c8c104046acd4c1,results/bvk2_aba_fixed_stiffness_validation/cases/f0.50_chiN45/root.csv,results/bvk2_aba_fixed_stiffness_validation/cases/f0.50_chiN45/root.csv,2fe465ee13dfca676fafac70d6bd0f59c891903b60aa00765ad63a1c533c95d1,1189,2fe465ee13dfca676fafac70d6bd0f59c891903b60aa00765ad63a1c533c95d1,bvk2-manuscript-reproducibility-v1
qce-aqce-materials-v1,527ecf88b003455be226e3fa5c8c104046acd4c1,results/bvk2_aba_fixed_stiffness_validation/cases/f0.50_chiN45/profile.csv,results/bvk2_aba_fixed_stiffness_validation/cases/f0.50_chiN45/profile.csv,72fd0d959e13f2ce2a199b3110ee8f3765c80349886c30a909609cabf2a688b4,35485,72fd0d959e13f2ce2a199b3110ee8f3765c80349886c30a909609cabf2a688b4,bvk2-manuscript-reproducibility-v1
qce-aqce-materials-v1,527ecf88b003455be226e3fa5c8c104046acd4c1,results/bvk2_si_convergence_morphology/README.md,results/bvk2_si_convergence_morphology/README.md,28f3d7d0026d7506ed709adb6c0423cba7552dc5f3cea757b4003ab9e5c2f534,3135,28f3d7d0026d7506ed709adb6c0423cba7552dc5f3cea757b4003ab9e5c2f534,bvk2-manuscript-reproducibility-v1
qce-aqce-materials-v1,527ecf88b003455be226e3fa5c8c104046acd4c1,results/bvk2_si_convergence_morphology/representative_states.csv,results/bvk2_si_convergence_morphology/representative_states.csv,458c954c33f2a2b3d980191bfa385766806f32e7103b89f932fa569feb243931,4425,458c954c33f2a2b3d980191bfa385766806f32e7103b89f932fa569feb243931,bvk2-manuscript-reproducibility-v1
qce-aqce-materials-v1,527ecf88b003455be226e3fa5c8c104046acd4c1,results/bvk2_si_convergence_morphology/convergence_traces.csv,results/bvk2_si_convergence_morphology/convergence_traces.csv,1b280dd34673395f2b740f5688c0b40c4b70e17a9c12506ba18e797a467edc6b,22936,1b280dd34673395f2b740f5688c0b40c4b70e17a9c12506ba18e797a467edc6b,bvk2-manuscript-reproducibility-v1
qce-aqce-materials-v1,527ecf88b003455be226e3fa5c8c104046acd4c1,results/bvk2_si_convergence_morphology/morphology_sections.csv,results/bvk2_si_convergence_morphology/morphology_sections.csv,c854445e2cdac438cb9527710cb5eea4c0e2cb62756c7ee2e97e2959efef3bba,4342715,c854445e2cdac438cb9527710cb5eea4c0e2cb62756c7ee2e97e2959efef3bba,bvk2-manuscript-reproducibility-v1
qce-aqce-materials-v1,527ecf88b003455be226e3fa5c8c104046acd4c1,results/bvk2_si_convergence_morphology/bvk2_si_convergence_morphology.svg,results/bvk2_si_convergence_morphology/bvk2_si_convergence_morphology.svg,c2c1a67411a5a5a7b99b17ad4be2a9ab12e9beda2f40d67fd834c9d4d814b19e,135474,c2c1a67411a5a5a7b99b17ad4be2a9ab12e9beda2f40d67fd834c9d4d814b19e,bvk2-manuscript-reproducibility-v1
qce-aqce-materials-v1,527ecf88b003455be226e3fa5c8c104046acd4c1,results/bvk2_si_convergence_morphology/bvk2_si_convergence_morphology.png,results/bvk2_si_convergence_morphology/bvk2_si_convergence_morphology.png,d94a577423fe77f9f2ada07b14566e49be6804a0a4a56bd7c4a3ca9a4161f91c,154117,d94a577423fe77f9f2ada07b14566e49be6804a0a4a56bd7c4a3ca9a4161f91c,bvk2-manuscript-reproducibility-v1
qce-aqce-materials-v1,527ecf88b003455be226e3fa5c8c104046acd4c1,results/bvk2_resolution_uncertainty_table/README.md,results/bvk2_resolution_uncertainty_table/README.md,dae9ad01dc5df83fb5139b2694c3f8a4f6845a21bf2de537d9931fa8613139c8,6151,dae9ad01dc5df83fb5139b2694c3f8a4f6845a21bf2de537d9931fa8613139c8,bvk2-manuscript-reproducibility-v1
qce-aqce-materials-v1,527ecf88b003455be226e3fa5c8c104046acd4c1,results/bvk2_resolution_uncertainty_table/phase_boundary_resolution_uncertainty.csv,results/bvk2_resolution_uncertainty_table/phase_boundary_resolution_uncertainty.csv,df10b5758ae1741b936d4ef6c249d26eee4c2ba59d5a69019aad8d9e6e8a8398,110955,df10b5758ae1741b936d4ef6c249d26eee4c2ba59d5a69019aad8d9e6e8a8398,bvk2-manuscript-reproducibility-v1
qce-aqce-materials-v1,527ecf88b003455be226e3fa5c8c104046acd4c1,results/bvk2_resolution_uncertainty_table/resolution_contracts.csv,results/bvk2_resolution_uncertainty_table/resolution_contracts.csv,af40f0f279bd148af3c9d48784ce3cd57921ff9c73861e817b1862178f353cc8,21117,af40f0f279bd148af3c9d48784ce3cd57921ff9c73861e817b1862178f353cc8,bvk2-manuscript-reproducibility-v1
qce-aqce-materials-v1,527ecf88b003455be226e3fa5c8c104046acd4c1,results/bvk2_resolution_uncertainty_table/resolution_contract_map.svg,results/bvk2_resolution_uncertainty_table/resolution_contract_map.svg,efb2124491c549782c05f69f26242d02c2c93c69afb738f8005fa6e99e227027,89574,efb2124491c549782c05f69f26242d02c2c93c69afb738f8005fa6e99e227027,bvk2-manuscript-reproducibility-v1
qce-aqce-materials-v1,527ecf88b003455be226e3fa5c8c104046acd4c1,results/bvk2_resolution_uncertainty_table/acceptance_rejection_audit.svg,results/bvk2_resolution_uncertainty_table/acceptance_rejection_audit.svg,66b3531ef5dc30c105ac952ab009963d01f8c4c0ad226341352b285fd6dd6c5d,97671,66b3531ef5dc30c105ac952ab009963d01f8c4c0ad226341352b285fd6dd6c5d,bvk2-manuscript-reproducibility-v1
qce-aqce-materials-v1,527ecf88b003455be226e3fa5c8c104046acd4c1,results/bvk2_boundary_crossing_panels/README.md,results/bvk2_boundary_crossing_panels/README.md,388402cc211bed3177e4d3995683988658567b08e41272ea0e22a3e2e0188670,2357,388402cc211bed3177e4d3995683988658567b08e41272ea0e22a3e2e0188670,bvk2-manuscript-reproducibility-v1
qce-aqce-materials-v1,527ecf88b003455be226e3fa5c8c104046acd4c1,results/bvk2_boundary_crossing_panels/crossing_summary.csv,results/bvk2_boundary_crossing_panels/crossing_summary.csv,12bdbea525f74b5af592b58cacca088905f3ca96de9c8a026001bfba2910b392,3137,12bdbea525f74b5af592b58cacca088905f3ca96de9c8a026001bfba2910b392,bvk2-manuscript-reproducibility-v1
qce-aqce-materials-v1,527ecf88b003455be226e3fa5c8c104046acd4c1,results/bvk2_boundary_crossing_panels/crossing_endpoints.csv,results/bvk2_boundary_crossing_panels/crossing_endpoints.csv,6d95775e5ccf42c7197aff3237364b5bff31d2e15653aea284617f95ab930b8d,4940,6d95775e5ccf42c7197aff3237364b5bff31d2e15653aea284617f95ab930b8d,bvk2-manuscript-reproducibility-v1
qce-aqce-materials-v1,527ecf88b003455be226e3fa5c8c104046acd4c1,results/bvk2_boundary_crossing_panels/bvk2_boundary_crossings.svg,results/bvk2_boundary_crossing_panels/bvk2_boundary_crossings.svg,67abefb5e86ec3e0b572bf7a9d70473fe850061bc41fd1759f15c67d3bd84664,90239,67abefb5e86ec3e0b572bf7a9d70473fe850061bc41fd1759f15c67d3bd84664,bvk2-manuscript-reproducibility-v1
qce-aqce-materials-v1,527ecf88b003455be226e3fa5c8c104046acd4c1,results/bvk2_aba_no_refit_validation/README.md,results/bvk2_aba_no_refit_validation/README.md,a7a78882c6f356d094098b7bd71871b2fb340440bbb6255e75f526cb9ea85ade,1503,a7a78882c6f356d094098b7bd71871b2fb340440bbb6255e75f526cb9ea85ade,bvk2-manuscript-reproducibility-v1
qce-aqce-materials-v1,527ecf88b003455be226e3fa5c8c104046acd4c1,results/bvk2_aba_no_refit_validation/summary.csv,results/bvk2_aba_no_refit_validation/summary.csv,6141b59364b431217b74431815a3f633bbc3f180407a0ef19782957979191224,1516,6141b59364b431217b74431815a3f633bbc3f180407a0ef19782957979191224,bvk2-manuscript-reproducibility-v1
qce-aqce-materials-v1,527ecf88b003455be226e3fa5c8c104046acd4c1,results/bvk2_aba_no_refit_validation/profiles.csv,results/bvk2_aba_no_refit_validation/profiles.csv,edfa46926ffc717d0e369255b4f254e7f3afe72422338438a0f58c069fb128b9,36356,edfa46926ffc717d0e369255b4f254e7f3afe72422338438a0f58c069fb128b9,bvk2-manuscript-reproducibility-v1
qce-aqce-materials-v1,527ecf88b003455be226e3fa5c8c104046acd4c1,results/bvk2_aba_no_refit_validation/aba_no_refit_validation.svg,results/bvk2_aba_no_refit_validation/aba_no_refit_validation.svg,8ad74bf3cf17b4ff45d7c8a3326c0c332c7af7b70b4903fdcaf91c21be3891e9,19856,8ad74bf3cf17b4ff45d7c8a3326c0c332c7af7b70b4903fdcaf91c21be3891e9,bvk2-manuscript-reproducibility-v1
qce-aqce-materials-v1,527ecf88b003455be226e3fa5c8c104046acd4c1,results/bvk2_scft_cost_benchmark/README.md,results/bvk2_scft_cost_benchmark/README.md,fd688ec87112ecc2702a0eacb0ab926f2bb3fad0b3689e9d99a01097ed0c096b,2919,fd688ec87112ecc2702a0eacb0ab926f2bb3fad0b3689e9d99a01097ed0c096b,bvk2-manuscript-reproducibility-v1
qce-aqce-materials-v1,527ecf88b003455be226e3fa5c8c104046acd4c1,results/bvk2_scft_cost_benchmark/raw_runs.csv,results/bvk2_scft_cost_benchmark/raw_runs.csv,37441cd014cb7a0fe97a0fc551493aa5266189b452592d1960343636034e7002,4135,37441cd014cb7a0fe97a0fc551493aa5266189b452592d1960343636034e7002,bvk2-manuscript-reproducibility-v1
qce-aqce-materials-v1,527ecf88b003455be226e3fa5c8c104046acd4c1,results/bvk2_scft_cost_benchmark/summary.csv,results/bvk2_scft_cost_benchmark/summary.csv,e6382a9984517b6b68c9a4ecee38f6afc399fb3de366a6579138a4c2b5f572f4,2398,e6382a9984517b6b68c9a4ecee38f6afc399fb3de366a6579138a4c2b5f572f4,bvk2-manuscript-reproducibility-v1
qce-aqce-materials-v1,527ecf88b003455be226e3fa5c8c104046acd4c1,results/bvk2_scft_cost_benchmark/comparison.csv,results/bvk2_scft_cost_benchmark/comparison.csv,ba72bd6c82d2d3e683c5475378dec9fff66641f975acb47d567b8d1ed60cf0be,1102,ba72bd6c82d2d3e683c5475378dec9fff66641f975acb47d567b8d1ed60cf0be,bvk2-manuscript-reproducibility-v1
qce-aqce-materials-v1,527ecf88b003455be226e3fa5c8c104046acd4c1,results/bvk2_scft_cost_benchmark/environment.toml,results/bvk2_scft_cost_benchmark/environment.toml,ba5ae451880500b87566e39ac6551c5f84dd61640a7eb86ef9039fb80e520a3b,520,ba5ae451880500b87566e39ac6551c5f84dd61640a7eb86ef9039fb80e520a3b,bvk2-manuscript-reproducibility-v1
qce-aqce-materials-v1,527ecf88b003455be226e3fa5c8c104046acd4c1,results/bvk2_scft_cost_benchmark/cost_memory_benchmark.svg,results/bvk2_scft_cost_benchmark/cost_memory_benchmark.svg,5e31fb945057887bc3b969403fd70e1163f02906c28b218a42b486ac39a70965,50138,5e31fb945057887bc3b969403fd70e1163f02906c28b218a42b486ac39a70965,bvk2-manuscript-reproducibility-v1
qce-aqce-materials-v1,527ecf88b003455be226e3fa5c8c104046acd4c1,results/bvk2_scft_fixedcell_performance/README.md,results/bvk2_scft_fixedcell_performance/README.md,2322e43c86b374415c71719b65922341ec5a8e3a62a9f68277643e0c9dc46c78,2386,2322e43c86b374415c71719b65922341ec5a8e3a62a9f68277643e0c9dc46c78,bvk2-manuscript-reproducibility-v1
qce-aqce-materials-v1,527ecf88b003455be226e3fa5c8c104046acd4c1,results/bvk2_scft_fixedcell_performance/kernel_raw.csv,results/bvk2_scft_fixedcell_performance/kernel_raw.csv,91aa6d74f46c8defb240033bf52a749b7e109a3e962f38a2eaafbf0d227e7620,18121,91aa6d74f46c8defb240033bf52a749b7e109a3e962f38a2eaafbf0d227e7620,bvk2-manuscript-reproducibility-v1
qce-aqce-materials-v1,527ecf88b003455be226e3fa5c8c104046acd4c1,results/bvk2_scft_fixedcell_performance/kernel_summary.csv,results/bvk2_scft_fixedcell_performance/kernel_summary.csv,1cf6cc0a31f6f46f364b4a4afc49648f2b9afb61a7b4567cd0fb9e5d101b534a,1589,1cf6cc0a31f6f46f364b4a4afc49648f2b9afb61a7b4567cd0fb9e5d101b534a,bvk2-manuscript-reproducibility-v1
qce-aqce-materials-v1,527ecf88b003455be226e3fa5c8c104046acd4c1,results/bvk2_scft_fixedcell_performance/kernel_ratios.csv,results/bvk2_scft_fixedcell_performance/kernel_ratios.csv,aca3684afc76fc210f6845dc37555e091ee0bd2774f28273853d70481655256a,1139,aca3684afc76fc210f6845dc37555e091ee0bd2774f28273853d70481655256a,bvk2-manuscript-reproducibility-v1
qce-aqce-materials-v1,527ecf88b003455be226e3fa5c8c104046acd4c1,results/bvk2_scft_fixedcell_performance/continuation_raw.csv,results/bvk2_scft_fixedcell_performance/continuation_raw.csv,5d141333fed9667c11b5cdc3803e8fb285cb6f246d16e4cb143c12832c2dc5bd,21523,5d141333fed9667c11b5cdc3803e8fb285cb6f246d16e4cb143c12832c2dc5bd,bvk2-manuscript-reproducibility-v1
qce-aqce-materials-v1,527ecf88b003455be226e3fa5c8c104046acd4c1,results/bvk2_scft_fixedcell_performance/continuation_summary.csv,results/bvk2_scft_fixedcell_performance/continuation_summary.csv,593c00209e3d758fd6dc9dcaa68821f9005685dd67c54aab8b91cfaa730b59a5,3954,593c00209e3d758fd6dc9dcaa68821f9005685dd67c54aab8b91cfaa730b59a5,bvk2-manuscript-reproducibility-v1
qce-aqce-materials-v1,527ecf88b003455be226e3fa5c8c104046acd4c1,results/bvk2_scft_fixedcell_performance/continuation_ratios.csv,results/bvk2_scft_fixedcell_performance/continuation_ratios.csv,297f15971da1cdc820eb90b3e82c4d764eab0f1202a34ef2f1101525b6049381,1918,297f15971da1cdc820eb90b3e82c4d764eab0f1202a34ef2f1101525b6049381,bvk2-manuscript-reproducibility-v1
qce-aqce-materials-v1,527ecf88b003455be226e3fa5c8c104046acd4c1,results/bvk2_scft_fixedcell_performance/continuation_accuracy_audit.csv,results/bvk2_scft_fixedcell_performance/continuation_accuracy_audit.csv,c791994e7fe72a658330564880100b0a77aa206b5e6adc05d2171969664a1141,663,c791994e7fe72a658330564880100b0a77aa206b5e6adc05d2171969664a1141,bvk2-manuscript-reproducibility-v1
qce-aqce-materials-v1,527ecf88b003455be226e3fa5c8c104046acd4c1,results/bvk2_scft_fixedcell_performance/environment.toml,results/bvk2_scft_fixedcell_performance/environment.toml,999fff65a5018049929f93ca8f8eb1c0c1b3a6e4ccbee7b445c6f6f9cb88e441,297,999fff65a5018049929f93ca8f8eb1c0c1b3a6e4ccbee7b445c6f6f9cb88e441,bvk2-manuscript-reproducibility-v1
qce-aqce-materials-v1,527ecf88b003455be226e3fa5c8c104046acd4c1,results/bvk2_scft_fixedcell_performance/kernel_benchmark.svg,results/bvk2_scft_fixedcell_performance/kernel_benchmark.svg,645eb22c1ca4cb9a167b08102a3a43fa0492ef3ed7263b6abceeafd4215633f8,78627,645eb22c1ca4cb9a167b08102a3a43fa0492ef3ed7263b6abceeafd4215633f8,bvk2-manuscript-reproducibility-v1
qce-aqce-materials-v1,527ecf88b003455be226e3fa5c8c104046acd4c1,results/bvk2_scft_fixedcell_performance/warm_continuation_benchmark.svg,results/bvk2_scft_fixedcell_performance/warm_continuation_benchmark.svg,84a03e46ba19126aad8889f3ef8e604a57db8e4081855d5dd2c2b06c7097a19b,55284,84a03e46ba19126aad8889f3ef8e604a57db8e4081855d5dd2c2b06c7097a19b,bvk2-manuscript-reproducibility-v1
qce-aqce-materials-v1,527ecf88b003455be226e3fa5c8c104046acd4c1,results/unified_lamellar_benchmark/bvk2_profiles_nx128.csv,results/unified_lamellar_benchmark/bvk2_profiles_nx128.csv,7022b01402a05d3827ee7fed3f4d5958c2fc8a0e35b1419cd416412308ca9f88,205024,7022b01402a05d3827ee7fed3f4d5958c2fc8a0e35b1419cd416412308ca9f88,bvk2-manuscript-reproducibility-v1
qce-aqce-materials-v1,527ecf88b003455be226e3fa5c8c104046acd4c1,results/unified_lamellar_benchmark/profiles.csv,results/unified_lamellar_benchmark/profiles.csv,705bdcc8dbb5aa02a276652b17311421b16c14d818d6c3c3943defd4de93ae58,1046834,705bdcc8dbb5aa02a276652b17311421b16c14d818d6c3c3943defd4de93ae58,bvk2-manuscript-reproducibility-v1
qce-aqce-materials-v1,527ecf88b003455be226e3fa5c8c104046acd4c1,results/unified_lamellar_benchmark/summary.csv,results/unified_lamellar_benchmark/summary.csv,ec3a6711e313b17c81fed19e3086456c8805df94a0777d60d008e2b51e0b890b,16389,ec3a6711e313b17c81fed19e3086456c8805df94a0777d60d008e2b51e0b890b,bvk2-manuscript-reproducibility-v1
qce-aqce-materials-v1,527ecf88b003455be226e3fa5c8c104046acd4c1,results/bvk_contribution_claim_evidence/claim_evidence.json,results/bvk_contribution_claim_evidence/claim_evidence.json,db0779a5e77e0741c0bebc9aa9b2885303debf3ea30d27b3cb04f800e4fecd11,96075,db0779a5e77e0741c0bebc9aa9b2885303debf3ea30d27b3cb04f800e4fecd11,bvk2-manuscript-reproducibility-v1
qce-aqce-materials-v1,527ecf88b003455be226e3fa5c8c104046acd4c1,results/bvk2_c2_calibration_nx128/selected_model.toml,results/bvk2_c2_calibration_nx128/selected_model.toml,40fa193841459cd042398c6d8f945be61f13447e6114e3f7d129a3d7764ce821,1628,40fa193841459cd042398c6d8f945be61f13447e6114e3f7d129a3d7764ce821,bvk2-manuscript-reproducibility-v1
qce-aqce-materials-v1,527ecf88b003455be226e3fa5c8c104046acd4c1,results/bvk2_c2_calibration_nx128/manifest.toml,results/bvk2_c2_calibration_nx128/manifest.toml,8f6af7294bf92708648b35977f20d33caa2a3a57c50bd389168c72fb71df4bc6,925,8f6af7294bf92708648b35977f20d33caa2a3a57c50bd389168c72fb71df4bc6,bvk2-manuscript-reproducibility-v1
qce-aqce-materials-v1,527ecf88b003455be226e3fa5c8c104046acd4c1,results/bvk2_c2_calibration_nx128/stage2_rows.csv,results/bvk2_c2_calibration_nx128/stage2_rows.csv,9e3ef075fb5edbf78423bcf310b8e40692cde582ed2971f056e52c4a33575825,6680,9e3ef075fb5edbf78423bcf310b8e40692cde582ed2971f056e52c4a33575825,bvk2-manuscript-reproducibility-v1
qce-aqce-materials-v1,527ecf88b003455be226e3fa5c8c104046acd4c1,results/bvk2_c2_calibration_nx128/stage2_ranking.csv,results/bvk2_c2_calibration_nx128/stage2_ranking.csv,e224894e7f416c1f610c2acada8f36baa27663aacb5157bda5dfeaf692936078,134,e224894e7f416c1f610c2acada8f36baa27663aacb5157bda5dfeaf692936078,bvk2-manuscript-reproducibility-v1
qce-aqce-materials-v1,527ecf88b003455be226e3fa5c8c104046acd4c1,results/bvk2_c2_calibration_holdout_nx128/manifest.toml,results/bvk2_c2_calibration_holdout_nx128/manifest.toml,f477bb7c7c669a332cd19adb53be464bbecabd17dadeb607d66f720bcc3426b3,919,f477bb7c7c669a332cd19adb53be464bbecabd17dadeb607d66f720bcc3426b3,bvk2-manuscript-reproducibility-v1
qce-aqce-materials-v1,527ecf88b003455be226e3fa5c8c104046acd4c1,results/bvk2_c2_calibration_holdout_nx128/stage2_rows.csv,results/bvk2_c2_calibration_holdout_nx128/stage2_rows.csv,a3b777ca21e74545591bbedddea24254a18e759d33debeba5fa678e8b0d867d2,3634,a3b777ca21e74545591bbedddea24254a18e759d33debeba5fa678e8b0d867d2,bvk2-manuscript-reproducibility-v1
qce-aqce-materials-v1,527ecf88b003455be226e3fa5c8c104046acd4c1,results/bvk2_c2_calibration_holdout_nx128/stage2_ranking.csv,results/bvk2_c2_calibration_holdout_nx128/stage2_ranking.csv,e3b0c44298fc1c149afbf4c8996fb92427ae41e4649b934ca495991b7852b855,0,e3b0c44298fc1c149afbf4c8996fb92427ae41e4649b934ca495991b7852b855,bvk2-manuscript-reproducibility-v1
qce-aqce-materials-v1,527ecf88b003455be226e3fa5c8c104046acd4c1,results/diblock_stress_free_lamella_comparison/summary.csv,results/diblock_stress_free_lamella_comparison/summary.csv,9b96f70af6a437e876b5531930860e29d946b3e143bf5f4915b65fd10c2bd529,23749,9b96f70af6a437e876b5531930860e29d946b3e143bf5f4915b65fd10c2bd529,bvk2-manuscript-reproducibility-v1
qce-aqce-materials-v1,527ecf88b003455be226e3fa5c8c104046acd4c1,results/diblock_stress_free_lamella_comparison/profiles.csv,results/diblock_stress_free_lamella_comparison/profiles.csv,22dbf905fbfa0d0f1a25dd59e0550aab515033993047311d595ffba8c7c35aac,1086346,22dbf905fbfa0d0f1a25dd59e0550aab515033993047311d595ffba8c7c35aac,bvk2-manuscript-reproducibility-v1
qce-aqce-materials-v1,527ecf88b003455be226e3fa5c8c104046acd4c1,results/scft_low_fa_low_chi_resolution_audit/campaign_contract.md,results/scft_low_fa_low_chi_resolution_audit/campaign_contract.md,13a13d6e6b2605186b3a52312ee7db956b4cbfd5e38f4f9e400d93a3994d4413,3225,13a13d6e6b2605186b3a52312ee7db956b4cbfd5e38f4f9e400d93a3994d4413,bvk2-manuscript-reproducibility-v1
qce-aqce-materials-v1,527ecf88b003455be226e3fa5c8c104046acd4c1,results/scft_low_fa_low_chi_resolution_audit/comparison.csv,results/scft_low_fa_low_chi_resolution_audit/comparison.csv,72e93cc727723c8bc3b503f76f125e82dd82fd146d1a49539cd35af4991cb332,2848,72e93cc727723c8bc3b503f76f125e82dd82fd146d1a49539cd35af4991cb332,bvk2-manuscript-reproducibility-v1
qce-aqce-materials-v1,527ecf88b003455be226e3fa5c8c104046acd4c1,results/scft_low_fa_low_chi_resolution_audit/resolution_decomposition.csv,results/scft_low_fa_low_chi_resolution_audit/resolution_decomposition.csv,f423a923b7e88da50ab54f745548bf5cc3e71ac202fa5057a0459cab6887cc39,1768,f423a923b7e88da50ab54f745548bf5cc3e71ac202fa5057a0459cab6887cc39,bvk2-manuscript-reproducibility-v1
qce-aqce-materials-v1,527ecf88b003455be226e3fa5c8c104046acd4c1,results/scft_low_fa_low_chi_resolution_audit/validation_report.json,results/scft_low_fa_low_chi_resolution_audit/validation_report.json,bb012ad31b5376a322116c4cf940e34acc13ee7f76556184c3455805999e58ef,1236,bb012ad31b5376a322116c4cf940e34acc13ee7f76556184c3455805999e58ef,bvk2-manuscript-reproducibility-v1
qce-aqce-materials-v1,527ecf88b003455be226e3fa5c8c104046acd4c1,results/scft_low_fa_low_chi_resolution_audit/promotion_manifest.json,results/scft_low_fa_low_chi_resolution_audit/promotion_manifest.json,7440b35c9cc068ce83caba1dc068db551dcfb1178042e43683bf67d2843eb4b4,2469,7440b35c9cc068ce83caba1dc068db551dcfb1178042e43683bf67d2843eb4b4,bvk2-manuscript-reproducibility-v1
qce-aqce-materials-v1,527ecf88b003455be226e3fa5c8c104046acd4c1,results/scft_low_fa_low_chi_resolution_audit/cases/f0.20_chiN25/root.csv,results/scft_low_fa_low_chi_resolution_audit/cases/f0.20_chiN25/root.csv,8fdea2669504538e81e29023e0b661bc4f3344784cd8171c0eada62a2c7f5c76,745,8fdea2669504538e81e29023e0b661bc4f3344784cd8171c0eada62a2c7f5c76,bvk2-manuscript-reproducibility-v1
qce-aqce-materials-v1,527ecf88b003455be226e3fa5c8c104046acd4c1,results/scft_low_fa_low_chi_resolution_audit/cases/f0.20_chiN25/profile.csv,results/scft_low_fa_low_chi_resolution_audit/cases/f0.20_chiN25/profile.csv,03a631ad81907ce951f6fd4127cb27bde4897f21ad77e2f9e997e7eba02bf999,4124,03a631ad81907ce951f6fd4127cb27bde4897f21ad77e2f9e997e7eba02bf999,bvk2-manuscript-reproducibility-v1
qce-aqce-materials-v1,527ecf88b003455be226e3fa5c8c104046acd4c1,results/scft_low_fa_low_chi_resolution_audit/cases/f0.20_chiN26/root.csv,results/scft_low_fa_low_chi_resolution_audit/cases/f0.20_chiN26/root.csv,e35d37ec3014b1eac79d818a49a983da30edd5420efb7394e8415f87134b28d9,704,e35d37ec3014b1eac79d818a49a983da30edd5420efb7394e8415f87134b28d9,bvk2-manuscript-reproducibility-v1
qce-aqce-materials-v1,527ecf88b003455be226e3fa5c8c104046acd4c1,results/scft_low_fa_low_chi_resolution_audit/cases/f0.20_chiN26/profile.csv,results/scft_low_fa_low_chi_resolution_audit/cases/f0.20_chiN26/profile.csv,6ba6fae58d2f610b7cf4194f82a245dbea8ecc40677e6be7f866ce441979231c,4287,6ba6fae58d2f610b7cf4194f82a245dbea8ecc40677e6be7f866ce441979231c,bvk2-manuscript-reproducibility-v1
qce-aqce-materials-v1,527ecf88b003455be226e3fa5c8c104046acd4c1,results/scft_low_fa_low_chi_resolution_audit/cases/f0.20_chiN27/root.csv,results/scft_low_fa_low_chi_resolution_audit/cases/f0.20_chiN27/root.csv,003f56302eb60832c86c056b4f6b13e2b3b3e6661a5fb964fc9c7086144d5feb,710,003f56302eb60832c86c056b4f6b13e2b3b3e6661a5fb964fc9c7086144d5feb,bvk2-manuscript-reproducibility-v1
qce-aqce-materials-v1,527ecf88b003455be226e3fa5c8c104046acd4c1,results/scft_low_fa_low_chi_resolution_audit/cases/f0.20_chiN27/profile.csv,results/scft_low_fa_low_chi_resolution_audit/cases/f0.20_chiN27/profile.csv,77c8071be8aed6e0489d91390b0c6ad2e23c2c681325b49bf585b12c901c9ae2,3849,77c8071be8aed6e0489d91390b0c6ad2e23c2c681325b49bf585b12c901c9ae2,bvk2-manuscript-reproducibility-v1
qce-aqce-materials-v1,527ecf88b003455be226e3fa5c8c104046acd4c1,results/scft_low_fa_low_chi_promotion/campaign_contract.md,results/scft_low_fa_low_chi_promotion/campaign_contract.md,473a67a536990b585ff79d6d27a0382a366726aaaec5dbaf9614b07b94f1be7d,2004,473a67a536990b585ff79d6d27a0382a366726aaaec5dbaf9614b07b94f1be7d,bvk2-manuscript-reproducibility-v1
qce-aqce-materials-v1,527ecf88b003455be226e3fa5c8c104046acd4c1,results/scft_low_fa_low_chi_promotion/opf_nx256_comparison.csv,results/scft_low_fa_low_chi_promotion/opf_nx256_comparison.csv,5c77391d2f4a5c8207f9da359d984fe85c7e29440efbe99030e5f295a402747c,841,5c77391d2f4a5c8207f9da359d984fe85c7e29440efbe99030e5f295a402747c,bvk2-manuscript-reproducibility-v1
qce-aqce-materials-v1,527ecf88b003455be226e3fa5c8c104046acd4c1,results/scft_low_fa_low_chi_promotion/opf_nx256_validation.json,results/scft_low_fa_low_chi_promotion/opf_nx256_validation.json,1b6ab25fd3038c2eb86c9b5976e53d817b1701655d2fe1fa7f650bbfcac1bdbe,453,1b6ab25fd3038c2eb86c9b5976e53d817b1701655d2fe1fa7f650bbfcac1bdbe,bvk2-manuscript-reproducibility-v1
qce-aqce-materials-v1,527ecf88b003455be226e3fa5c8c104046acd4c1,results/scft_low_fa_low_chi_promotion/opf_nx256/cases/f0.2_chiN25/summary.csv,results/scft_low_fa_low_chi_promotion/opf_nx256/cases/f0.2_chiN25/summary.csv,93abfd73f93110fd4dcf3f246124cb5117bfc0dcee053959e076d26b8587b4a6,6012,93abfd73f93110fd4dcf3f246124cb5117bfc0dcee053959e076d26b8587b4a6,bvk2-manuscript-reproducibility-v1
qce-aqce-materials-v1,527ecf88b003455be226e3fa5c8c104046acd4c1,results/scft_low_fa_low_chi_promotion/opf_nx256/cases/f0.2_chiN25/native_profiles.csv,results/scft_low_fa_low_chi_promotion/opf_nx256/cases/f0.2_chiN25/native_profiles.csv,9b49876b1a0d24b3028c6eda002cc5f3a79dcb0c753dcb99ce0d957b1eb46ff5,149076,9b49876b1a0d24b3028c6eda002cc5f3a79dcb0c753dcb99ce0d957b1eb46ff5,bvk2-manuscript-reproducibility-v1
qce-aqce-materials-v1,527ecf88b003455be226e3fa5c8c104046acd4c1,results/scft_low_fa_low_chi_promotion/opf_nx256/cases/f0.2_chiN26/summary.csv,results/scft_low_fa_low_chi_promotion/opf_nx256/cases/f0.2_chiN26/summary.csv,ec83f4806ffa629f12623e9e6823af868a759143d0165fdaa9f4a1d4216aea3b,5999,ec83f4806ffa629f12623e9e6823af868a759143d0165fdaa9f4a1d4216aea3b,bvk2-manuscript-reproducibility-v1
qce-aqce-materials-v1,527ecf88b003455be226e3fa5c8c104046acd4c1,results/scft_low_fa_low_chi_promotion/opf_nx256/cases/f0.2_chiN26/native_profiles.csv,results/scft_low_fa_low_chi_promotion/opf_nx256/cases/f0.2_chiN26/native_profiles.csv,848096918c314c8b0ca716c398dd00074cfe2bfd1cf436fe8d06dde83e13250b,149014,848096918c314c8b0ca716c398dd00074cfe2bfd1cf436fe8d06dde83e13250b,bvk2-manuscript-reproducibility-v1
qce-aqce-materials-v1,527ecf88b003455be226e3fa5c8c104046acd4c1,results/scft_low_fa_low_chi_promotion/opf_nx256/cases/f0.2_chiN27/summary.csv,results/scft_low_fa_low_chi_promotion/opf_nx256/cases/f0.2_chiN27/summary.csv,da0798ec658ec39c4a730fb477376ad9b8e54cc4eae9e2ccc2574f6df18a2e6c,5999,da0798ec658ec39c4a730fb477376ad9b8e54cc4eae9e2ccc2574f6df18a2e6c,bvk2-manuscript-reproducibility-v1
qce-aqce-materials-v1,527ecf88b003455be226e3fa5c8c104046acd4c1,results/scft_low_fa_low_chi_promotion/opf_nx256/cases/f0.2_chiN27/native_profiles.csv,results/scft_low_fa_low_chi_promotion/opf_nx256/cases/f0.2_chiN27/native_profiles.csv,ec8060b94a8d71296f9a55a5f7bff0383e3c5e6395d0e50b0d6fd0c31a881f59,149042,ec8060b94a8d71296f9a55a5f7bff0383e3c5e6395d0e50b0d6fd0c31a881f59,bvk2-manuscript-reproducibility-v1
qce-aqce-materials-v1,527ecf88b003455be226e3fa5c8c104046acd4c1,results/bvk2_global_c2_refit/candidate_rows.csv,results/bvk2_global_c2_refit/candidate_rows.csv,be6516ec4739c697d7e6e1925f82e224cc85db1537795546b17723cc445e452a,1160544,be6516ec4739c697d7e6e1925f82e224cc85db1537795546b17723cc445e452a,bvk2-manuscript-reproducibility-v1
qce-aqce-materials-v1,527ecf88b003455be226e3fa5c8c104046acd4c1,results/bvk2_global_c2_refit/stage2_rows.csv,results/bvk2_global_c2_refit/stage2_rows.csv,ed717613233f083702da39da7ab9ae53555913d45f7c8f305f91cb8f3f40b33d,1021775,ed717613233f083702da39da7ab9ae53555913d45f7c8f305f91cb8f3f40b33d,bvk2-manuscript-reproducibility-v1
qce-aqce-materials-v1,527ecf88b003455be226e3fa5c8c104046acd4c1,results/bvk2_global_c2_refit/candidate_ranking.csv,results/bvk2_global_c2_refit/candidate_ranking.csv,1b680d640ea0a0674414f8cd753697f783a62169b79714d6cc18c7c39ecaa358,2813,1b680d640ea0a0674414f8cd753697f783a62169b79714d6cc18c7c39ecaa358,bvk2-manuscript-reproducibility-v1
qce-aqce-materials-v1,527ecf88b003455be226e3fa5c8c104046acd4c1,results/bvk_fixed_low_fa_profile_rms_audit/campaign_contract.md,results/bvk_fixed_low_fa_profile_rms_audit/campaign_contract.md,6b024e258769acef605b38b427cbf9296719d86c8dc6117bb1af7deeccc192ff,4766,6b024e258769acef605b38b427cbf9296719d86c8dc6117bb1af7deeccc192ff,bvk2-manuscript-reproducibility-v1
qce-aqce-materials-v1,527ecf88b003455be226e3fa5c8c104046acd4c1,results/bvk_fixed_low_fa_profile_rms_audit/README.md,results/bvk_fixed_low_fa_profile_rms_audit/README.md,cfa55a815dfa86930f2d141626fe5a2fd1ed1f7bbe8640bff21961ac93b9e3f0,2595,cfa55a815dfa86930f2d141626fe5a2fd1ed1f7bbe8640bff21961ac93b9e3f0,bvk2-manuscript-reproducibility-v1
qce-aqce-materials-v1,527ecf88b003455be226e3fa5c8c104046acd4c1,results/bvk_fixed_low_fa_profile_rms_audit/resolution_summary.csv,results/bvk_fixed_low_fa_profile_rms_audit/resolution_summary.csv,6ed45c35cdaf2e2579c929d779de060d74032b87b00b6e46b58cf0f32de20e33,2057,6ed45c35cdaf2e2579c929d779de060d74032b87b00b6e46b58cf0f32de20e33,bvk2-manuscript-reproducibility-v1
qce-aqce-materials-v1,527ecf88b003455be226e3fa5c8c104046acd4c1,results/bvk_fixed_low_fa_profile_rms_audit/nx128/f020-chi25/candidate_rows.csv,results/bvk_fixed_low_fa_profile_rms_audit/nx128/f020-chi25/candidate_rows.csv,487c9f96d01bab66b66bfba27f5f0dd98980c01ff721329f58f92140b5735548,1598,487c9f96d01bab66b66bfba27f5f0dd98980c01ff721329f58f92140b5735548,bvk2-manuscript-reproducibility-v1
qce-aqce-materials-v1,527ecf88b003455be226e3fa5c8c104046acd4c1,results/bvk_fixed_low_fa_profile_rms_audit/nx128/f020-chi26/candidate_rows.csv,results/bvk_fixed_low_fa_profile_rms_audit/nx128/f020-chi26/candidate_rows.csv,52e600ba6527ae30d88289652f134ecb84f5eb0a253075b6703e594be9fa6f01,1593,52e600ba6527ae30d88289652f134ecb84f5eb0a253075b6703e594be9fa6f01,bvk2-manuscript-reproducibility-v1
qce-aqce-materials-v1,527ecf88b003455be226e3fa5c8c104046acd4c1,results/bvk_fixed_low_fa_profile_rms_audit/nx128/f020-chi27/candidate_rows.csv,results/bvk_fixed_low_fa_profile_rms_audit/nx128/f020-chi27/candidate_rows.csv,a97d6e07b866b1adf12dd425b09751954daf19e71c634c07a6e14b90e9406ad2,1598,a97d6e07b866b1adf12dd425b09751954daf19e71c634c07a6e14b90e9406ad2,bvk2-manuscript-reproducibility-v1
qce-aqce-materials-v1,527ecf88b003455be226e3fa5c8c104046acd4c1,results/bvk_fixed_low_fa_profile_rms_audit/nx128/f025-chi26/candidate_rows.csv,results/bvk_fixed_low_fa_profile_rms_audit/nx128/f025-chi26/candidate_rows.csv,b92b7a548e53e4b194f7c380a80464ee8983125ac80f8ef5c16b5d8ce0bd790d,1584,b92b7a548e53e4b194f7c380a80464ee8983125ac80f8ef5c16b5d8ce0bd790d,bvk2-manuscript-reproducibility-v1
qce-aqce-materials-v1,527ecf88b003455be226e3fa5c8c104046acd4c1,results/bvk_fixed_low_fa_profile_rms_audit/nx128/f025-chi27/candidate_rows.csv,results/bvk_fixed_low_fa_profile_rms_audit/nx128/f025-chi27/candidate_rows.csv,19f1cca8778eb64fd07d92b41927d1a7a83b5fb7487b51e115c710df95635318,1575,19f1cca8778eb64fd07d92b41927d1a7a83b5fb7487b51e115c710df95635318,bvk2-manuscript-reproducibility-v1
qce-aqce-materials-v1,527ecf88b003455be226e3fa5c8c104046acd4c1,results/bvk_fixed_low_fa_profile_rms_audit/nx128/f025-chi28/candidate_rows.csv,results/bvk_fixed_low_fa_profile_rms_audit/nx128/f025-chi28/candidate_rows.csv,3d013a527c941ef7445a4c2047ec33140375bb326b052ae8265303286813195e,1584,3d013a527c941ef7445a4c2047ec33140375bb326b052ae8265303286813195e,bvk2-manuscript-reproducibility-v1
qce-aqce-materials-v1,527ecf88b003455be226e3fa5c8c104046acd4c1,results/bvk_fixed_low_fa_profile_rms_audit/nx128/f030-chi28/candidate_rows.csv,results/bvk_fixed_low_fa_profile_rms_audit/nx128/f030-chi28/candidate_rows.csv,3de541db6f5e323ce48114386a807d87cef1da03cfcbc92707e03b736b42b31a,1599,3de541db6f5e323ce48114386a807d87cef1da03cfcbc92707e03b736b42b31a,bvk2-manuscript-reproducibility-v1
qce-aqce-materials-v1,527ecf88b003455be226e3fa5c8c104046acd4c1,results/bvk_fixed_low_fa_profile_rms_audit/nx128/f030-chi29/candidate_rows.csv,results/bvk_fixed_low_fa_profile_rms_audit/nx128/f030-chi29/candidate_rows.csv,d860ba8534cb3f58f662e304bc0c10f30705cdf25866fb8ba658bb2a6fda7c2d,1593,d860ba8534cb3f58f662e304bc0c10f30705cdf25866fb8ba658bb2a6fda7c2d,bvk2-manuscript-reproducibility-v1
qce-aqce-materials-v1,527ecf88b003455be226e3fa5c8c104046acd4c1,results/bvk_fixed_low_fa_profile_rms_audit/nx128/f030-chi30/candidate_rows.csv,results/bvk_fixed_low_fa_profile_rms_audit/nx128/f030-chi30/candidate_rows.csv,3669a409aa6f82828a7e665536db9280733a1f9ccaeb79f6c9ecd1d38974385b,1598,3669a409aa6f82828a7e665536db9280733a1f9ccaeb79f6c9ecd1d38974385b,bvk2-manuscript-reproducibility-v1
qce-aqce-materials-v1,527ecf88b003455be226e3fa5c8c104046acd4c1,results/bvk_fixed_low_fa_profile_rms_audit/nx256/f020-chi25/candidate_rows.csv,results/bvk_fixed_low_fa_profile_rms_audit/nx256/f020-chi25/candidate_rows.csv,0a9e1eaad1ed976332637004c18b1956948ec15d3a66f1aaef04d766040968c1,1588,0a9e1eaad1ed976332637004c18b1956948ec15d3a66f1aaef04d766040968c1,bvk2-manuscript-reproducibility-v1
qce-aqce-materials-v1,527ecf88b003455be226e3fa5c8c104046acd4c1,results/bvk_fixed_low_fa_profile_rms_audit/nx256/f020-chi26/candidate_rows.csv,results/bvk_fixed_low_fa_profile_rms_audit/nx256/f020-chi26/candidate_rows.csv,4dacf51b1b6b414ada28c09d0b50459c0c570125e39b7a6b309cf613fa2f4b1c,1594,4dacf51b1b6b414ada28c09d0b50459c0c570125e39b7a6b309cf613fa2f4b1c,bvk2-manuscript-reproducibility-v1
qce-aqce-materials-v1,527ecf88b003455be226e3fa5c8c104046acd4c1,results/bvk_fixed_low_fa_profile_rms_audit/nx256/f020-chi27/candidate_rows.csv,results/bvk_fixed_low_fa_profile_rms_audit/nx256/f020-chi27/candidate_rows.csv,a0b53c27715dde7c2b55912f6f5836a8b58a459813361ada00285440201a83b6,1592,a0b53c27715dde7c2b55912f6f5836a8b58a459813361ada00285440201a83b6,bvk2-manuscript-reproducibility-v1
qce-aqce-materials-v1,527ecf88b003455be226e3fa5c8c104046acd4c1,results/bvk_fixed_low_fa_profile_rms_audit/nx256/f025-chi26/candidate_rows.csv,results/bvk_fixed_low_fa_profile_rms_audit/nx256/f025-chi26/candidate_rows.csv,d61c1da0b6b0c963aefbbdce2ea42724a0a5cff3ea844292d9dadea243c137df,1580,d61c1da0b6b0c963aefbbdce2ea42724a0a5cff3ea844292d9dadea243c137df,bvk2-manuscript-reproducibility-v1
qce-aqce-materials-v1,527ecf88b003455be226e3fa5c8c104046acd4c1,results/bvk_fixed_low_fa_profile_rms_audit/nx256/f025-chi27/candidate_rows.csv,results/bvk_fixed_low_fa_profile_rms_audit/nx256/f025-chi27/candidate_rows.csv,ae7a70ab16812a15152ea8b82c0102b05cc385edc3666bd7707a7240abbd94a7,1577,ae7a70ab16812a15152ea8b82c0102b05cc385edc3666bd7707a7240abbd94a7,bvk2-manuscript-reproducibility-v1
qce-aqce-materials-v1,527ecf88b003455be226e3fa5c8c104046acd4c1,results/bvk_fixed_low_fa_profile_rms_audit/nx256/f025-chi28/candidate_rows.csv,results/bvk_fixed_low_fa_profile_rms_audit/nx256/f025-chi28/candidate_rows.csv,a9cabcaf9ad6d48757a2918f75bafe4035c3b9924339faa0f28e74c9a154e60b,1572,a9cabcaf9ad6d48757a2918f75bafe4035c3b9924339faa0f28e74c9a154e60b,bvk2-manuscript-reproducibility-v1
qce-aqce-materials-v1,527ecf88b003455be226e3fa5c8c104046acd4c1,results/bvk_fixed_low_fa_profile_rms_audit/nx256/f030-chi28/candidate_rows.csv,results/bvk_fixed_low_fa_profile_rms_audit/nx256/f030-chi28/candidate_rows.csv,40ad703b2b996445ac861dccee92660dd2967ba1a07b01e09b9714b3f5b64f2a,1597,40ad703b2b996445ac861dccee92660dd2967ba1a07b01e09b9714b3f5b64f2a,bvk2-manuscript-reproducibility-v1
qce-aqce-materials-v1,527ecf88b003455be226e3fa5c8c104046acd4c1,results/bvk_fixed_low_fa_profile_rms_audit/nx256/f030-chi29/candidate_rows.csv,results/bvk_fixed_low_fa_profile_rms_audit/nx256/f030-chi29/candidate_rows.csv,ee12dcf7cb6a3518941aa7adba0ead2336d5509c85f7c7e62df13c08e5f6e498,1589,ee12dcf7cb6a3518941aa7adba0ead2336d5509c85f7c7e62df13c08e5f6e498,bvk2-manuscript-reproducibility-v1
qce-aqce-materials-v1,527ecf88b003455be226e3fa5c8c104046acd4c1,results/bvk_fixed_low_fa_profile_rms_audit/nx256/f030-chi30/candidate_rows.csv,results/bvk_fixed_low_fa_profile_rms_audit/nx256/f030-chi30/candidate_rows.csv,beb215b0a47b7cdbfe33a5b7c8cc5397b9f565c1d32dbd416232efaae9ec966a,1602,beb215b0a47b7cdbfe33a5b7c8cc5397b9f565c1d32dbd416232efaae9ec966a,bvk2-manuscript-reproducibility-v1
qce-aqce-materials-v1,527ecf88b003455be226e3fa5c8c104046acd4c1,results/bvk2_fixed_stiffness_figure6_nx256/campaign_contract.md,results/bvk2_fixed_stiffness_figure6_nx256/campaign_contract.md,a2a8e2492cee2d598424117306dd0ef0b1484a2de650054f20cce86c74d9f9c3,6188,a2a8e2492cee2d598424117306dd0ef0b1484a2de650054f20cce86c74d9f9c3,bvk2-manuscript-reproducibility-v1
qce-aqce-materials-v1,527ecf88b003455be226e3fa5c8c104046acd4c1,results/bvk2_fixed_stiffness_figure6_nx256/f0.5_chiN20/root.csv,results/bvk2_fixed_stiffness_figure6_nx256/f0.5_chiN20/root.csv,6b49ad2145cc770032af01e14b1831c249a89377f7b77f1411c102c251db47fe,1755,6b49ad2145cc770032af01e14b1831c249a89377f7b77f1411c102c251db47fe,bvk2-manuscript-reproducibility-v1
qce-aqce-materials-v1,527ecf88b003455be226e3fa5c8c104046acd4c1,results/bvk2_fixed_stiffness_figure6_nx256/f0.5_chiN20/profile.csv,results/bvk2_fixed_stiffness_figure6_nx256/f0.5_chiN20/profile.csv,347f4f3f68f758f72bb14ace6fe0731ad44b108be02b06fb54fe3fb19cd2d93d,36996,347f4f3f68f758f72bb14ace6fe0731ad44b108be02b06fb54fe3fb19cd2d93d,bvk2-manuscript-reproducibility-v1
qce-aqce-materials-v1,527ecf88b003455be226e3fa5c8c104046acd4c1,results/bvk2_fixed_stiffness_figure6_nx256/f0.35_chiN30/root.csv,results/bvk2_fixed_stiffness_figure6_nx256/f0.35_chiN30/root.csv,6bc2f707ae953fa41d3d1a66d9d99963be0c69e265467fe37e51cae6e4725574,1761,6bc2f707ae953fa41d3d1a66d9d99963be0c69e265467fe37e51cae6e4725574,bvk2-manuscript-reproducibility-v1
qce-aqce-materials-v1,527ecf88b003455be226e3fa5c8c104046acd4c1,results/bvk2_fixed_stiffness_figure6_nx256/f0.35_chiN30/profile.csv,results/bvk2_fixed_stiffness_figure6_nx256/f0.35_chiN30/profile.csv,33395902f4cdf2a455e1f2d72b1fd89bd65c5ff41a5668154462ebd169c4f566,37693,33395902f4cdf2a455e1f2d72b1fd89bd65c5ff41a5668154462ebd169c4f566,bvk2-manuscript-reproducibility-v1
qce-aqce-materials-v1,working-tree,results/liu2019_opf_baseline/README.md,results/liu2019_opf_baseline/README.md,492581331829fed5d25a8bac9f16fcc637d61b148f7e8f6020f1a6d548a4d1bc,2418,309e22248812fa3a11a4061ef781b6a835ebacee27e7c6c5b92e0317804d1598,bvk2-manuscript-reproducibility-v1
qce-aqce-materials-v1,527ecf88b003455be226e3fa5c8c104046acd4c1,results/liu2019_opf_baseline/coefficients.csv,results/liu2019_opf_baseline/coefficients.csv,bd1fa1fd289f2f4319600f30b38d949bc0e92dfb68d5df23dfd1c4676ed442a8,1142,bd1fa1fd289f2f4319600f30b38d949bc0e92dfb68d5df23dfd1c4676ed442a8,bvk2-manuscript-reproducibility-v1
qce-aqce-materials-v1,527ecf88b003455be226e3fa5c8c104046acd4c1,results/liu2019_opf_baseline/summary.csv,results/liu2019_opf_baseline/summary.csv,c2d4f67174e67a953dcc9ca1de619600af1052fff5f312befe3d889c9271a9e0,2548,c2d4f67174e67a953dcc9ca1de619600af1052fff5f312befe3d889c9271a9e0,bvk2-manuscript-reproducibility-v1
qce-aqce-materials-v1,527ecf88b003455be226e3fa5c8c104046acd4c1,results/liu2019_opf_baseline/profiles.csv,results/liu2019_opf_baseline/profiles.csv,ad01dd64c90efecdaabc3a599a56b286d460fc76aaed6bb25a2aa5608e07ccd2,238817,ad01dd64c90efecdaabc3a599a56b286d460fc76aaed6bb25a2aa5608e07ccd2,bvk2-manuscript-reproducibility-v1
qce-aqce-materials-v1,527ecf88b003455be226e3fa5c8c104046acd4c1,results/jcp2021_ab_phase_diagram_digitization/README.md,results/jcp2021_ab_phase_diagram_digitization/README.md,9943ed7760605ff5d49e6de1c3475ce8720ae16f7dc81271f43d318a3551b5ae,2118,9943ed7760605ff5d49e6de1c3475ce8720ae16f7dc81271f43d318a3551b5ae,bvk2-manuscript-reproducibility-v1
qce-aqce-materials-v1,527ecf88b003455be226e3fa5c8c104046acd4c1,results/jcp2021_ab_phase_diagram_digitization/jcp2021_ab_phase_boundaries.csv,results/jcp2021_ab_phase_diagram_digitization/jcp2021_ab_phase_boundaries.csv,353677eed2abbe30687d9757a631cdc0ea811e4663987c6bd59c0073ee993510,179738,353677eed2abbe30687d9757a631cdc0ea811e4663987c6bd59c0073ee993510,bvk2-manuscript-reproducibility-v1
qce-aqce-materials-v1,527ecf88b003455be226e3fa5c8c104046acd4c1,results/jcp2021_ab_phase_diagram_digitization/jcp2021_ab_topology_nodes.csv,results/jcp2021_ab_phase_diagram_digitization/jcp2021_ab_topology_nodes.csv,6ff4569147c4f37c579e3370b9f99103e686c2137fc344b61d7750043fae2e34,607,6ff4569147c4f37c579e3370b9f99103e686c2137fc344b61d7750043fae2e34,bvk2-manuscript-reproducibility-v1
qce-aqce-materials-v1,527ecf88b003455be226e3fa5c8c104046acd4c1,results/jcp2021_ab_phase_diagram_digitization/jcp2021_ab_extraction_audit.csv,results/jcp2021_ab_phase_diagram_digitization/jcp2021_ab_extraction_audit.csv,6523416a7414e40f80ebda0d555744020707e4f86bcac99f4e453a1dc498b484,1460,6523416a7414e40f80ebda0d555744020707e4f86bcac99f4e453a1dc498b484,bvk2-manuscript-reproducibility-v1
qce-aqce-materials-v1,527ecf88b003455be226e3fa5c8c104046acd4c1,results/bvk2_publication_phase_diagram/accepted_phase_boundaries.csv,accepted_roots/accepted_phase_boundaries.csv,e1bd7408c4c65a3f6d001f7515557b75904676198c86dcb7c81553f1e700c454,45090,e1bd7408c4c65a3f6d001f7515557b75904676198c86dcb7c81553f1e700c454,bvk2-manuscript-reproducibility-v1
qce-aqce-materials-v1,527ecf88b003455be226e3fa5c8c104046acd4c1,results/bvk2_resolution_uncertainty_table/phase_boundary_resolution_uncertainty.csv,accepted_roots/phase_boundary_resolution_uncertainty.csv,df10b5758ae1741b936d4ef6c249d26eee4c2ba59d5a69019aad8d9e6e8a8398,110955,df10b5758ae1741b936d4ef6c249d26eee4c2ba59d5a69019aad8d9e6e8a8398,bvk2-manuscript-reproducibility-v1
qce-aqce-materials-v1,527ecf88b003455be226e3fa5c8c104046acd4c1,results/bvk2_resolution_uncertainty_table/resolution_contracts.csv,accepted_roots/resolution_contracts.csv,af40f0f279bd148af3c9d48784ce3cd57921ff9c73861e817b1862178f353cc8,21117,af40f0f279bd148af3c9d48784ce3cd57921ff9c73861e817b1862178f353cc8,bvk2-manuscript-reproducibility-v1
qce-aqce-materials-v1,527ecf88b003455be226e3fa5c8c104046acd4c1,results/bvk2_publication_phase_diagram/boundary_provenance.csv,accepted_roots/boundary_provenance.csv,bfa334cc2a0b30ab0968ef46bdbf4b7591a6764f75b7fbfc0acc16f8d0f812c0,15240,bfa334cc2a0b30ab0968ef46bdbf4b7591a6764f75b7fbfc0acc16f8d0f812c0,bvk2-manuscript-reproducibility-v1
qce-aqce-materials-v1,527ecf88b003455be226e3fa5c8c104046acd4c1,results/bvk2_boundary_crossing_panels/crossing_summary.csv,accepted_roots/boundary_crossing_summary.csv,12bdbea525f74b5af592b58cacca088905f3ca96de9c8a026001bfba2910b392,3137,12bdbea525f74b5af592b58cacca088905f3ca96de9c8a026001bfba2910b392,bvk2-manuscript-reproducibility-v1
qce-aqce-materials-v1,527ecf88b003455be226e3fa5c8c104046acd4c1,results/bvk2_boundary_crossing_panels/crossing_endpoints.csv,accepted_roots/boundary_crossing_endpoints.csv,6d95775e5ccf42c7197aff3237364b5bff31d2e15653aea284617f95ab930b8d,4940,6d95775e5ccf42c7197aff3237364b5bff31d2e15653aea284617f95ab930b8d,bvk2-manuscript-reproducibility-v1
qce-aqce-materials-v1,527ecf88b003455be226e3fa5c8c104046acd4c1,results/bvk2_publication_phase_diagram/rejected_points.csv,accepted_roots/rejected_points.csv,b217134253ed4f52945528c47a4fdee9e4f6037b968f30b1c5b18dbfbc3bb396,1495,b217134253ed4f52945528c47a4fdee9e4f6037b968f30b1c5b18dbfbc3bb396,bvk2-manuscript-reproducibility-v1
qce-aqce-materials-v1,working-tree,test/opf_coefficient_correction_tests.jl,test/opf_coefficient_correction_tests.jl,1f0621deb69048337d567ce970d4b587e9de00254fd09a0d8aec8fda7a4e7ce3,3835,,
qce-aqce-materials-v1,working-tree,test/opf_tests.jl,test/opf_tests.jl,e25b4e059cec8d7f8869172ffec67a69b2786cccd4de804893783b9b878ac6a2,9059,,
