schema,claim_kind,case_id,f,chiN,chiN_spinodal,model,model_label,calibration_role,period_rg,scft_period_rg,signed_period_error,abs_period_error,profile_rms,profile_r2,profile_correlation,alignment_shift_fraction,alignment_swapped,period_factor,period_optimizer,period_iterations,period_local_minimum_check_pass,period_boundary_limited,field_gate_pass,cell_gate_pass,resolution_gate_pass,composition_gate_pass,morphology_gate_pass,minimum_phi_a,maximum_phi_a,mean_phi_a,energy,reduced_field_residual_norm,reduced_field_residual_maxabs,reduced_field_protocol,stress_norm,scft_convergence,scft_residual_norm,scft_incompressibility_rms,scft_requested_spacing_rg,scft_actual_spacing_rg,scft_contour_step,scft_field_updater,scft_cell_updater,grid_count,quadrature_order,field_iteration_cap,branch_dominant_mode,c2,opf_c2,opf_c3,opf_c4,opf_c5,opf_c6,opf_mapping_residual,native_profile,status,status_reason,error_message,oversample_factor,sensor_filter_ratio,discretization_schema
liu2019-stress-free-period-map-v2,stress_free_lamellar_observable,f0.5_chiN11,0.5,11.0,10.495,scft,SCFT,reference,3.301997255827445,3.301997255827445,0.0,0.0,0.0,1.0,1.0,0.0,false,,Polyorder.cell_solve!,15,true,false,true,true,true,true,true,0.28678309729067863,0.7132166698824397,0.4999999999999996,1.7439435791262747,,,not_applicable,1.3683206715779435e-7,Polyorder.Successful(),8.336038894419942e-7,2.0810627795007964e-7,0.1,0.09172214599520681,0.01,"Anderson(SD(0.1); m=10, warmup=100, αw=0.2)","VariableCell(BB(1.0), field_updater)",36,,,,,,,,,,,cases/f0.5_chiN11/native_profiles.csv#model=scft,accepted,reference_gates_pass,,,,
liu2019-stress-free-period-map-v2,stress_free_lamellar_observable,f0.5_chiN11,0.5,11.0,10.495,liu2019_opf,OPF (force/stress mapped),per_state_force_stress_mapping,3.301994895244431,3.301997255827445,-7.148955105673593e-7,7.148955105673593e-7,0.00040838261057640296,0.9999928187333511,0.9999992949956568,0.0,false,1.0003955841064456,StressRootBisection,53,true,false,true,true,true,true,true,0.28680217727696367,0.7131977787974685,0.5000000000000001,-0.004899057814947719,7.792829463260871e-7,2.0022588167932713e-6,mean-constrained Fourier nonlinear conjugate gradient,7.037099744455626e-8,Polyorder.Successful(),8.336038894419942e-7,2.0810627795007964e-7,0.1,0.09172214599520681,0.01,"Anderson(SD(0.1); m=10, warmup=100, αw=0.2)","VariableCell(BB(1.0), field_updater)",128,,,,,-1.0,7.21382123680711e-7,1.8475608145882554,0.12036436419165845,1.580515915642508,0.0002747049302361318,cases/f0.5_chiN11/native_profiles.csv#model=liu2019_opf,accepted,model_gates_pass,,,,
liu2019-stress-free-period-map-v2,stress_free_lamellar_observable,f0.5_chiN11,0.5,11.0,10.495,ohta_kawasaki,Ohta-Kawasaki (recomputed),liu2019_ok_asymptotic_quadratic_mapped_c3_c4,3.376202589557615,3.301997255827445,0.02247286353712452,0.02247286353712452,0.031066329916841107,0.958442781579252,0.9999792938049958,0.0,false,1.0001011848449708,StressRootBisection,55,true,false,true,true,true,true,true,0.329528027463736,0.6704719697047203,0.49999999999999994,-0.012530696457148355,6.0008068700088565e-6,1.8240008239115568e-5,mean-constrained Fourier nonlinear conjugate gradient,5.567574276085542e-8,Polyorder.Successful(),8.336038894419942e-7,2.0810627795007964e-7,0.1,0.09172214599520681,0.01,"Anderson(SD(0.1); m=10, warmup=100, αw=0.2)","VariableCell(BB(1.0), field_updater)",128,,,,,-7.433334984911635,-0.0,11.50975098598178,1.0,12.0,,cases/f0.5_chiN11/native_profiles.csv#model=ohta_kawasaki,accepted,model_gates_pass,,,,
liu2019-stress-free-period-map-v2,stress_free_lamellar_observable,f0.5_chiN11,0.5,11.0,10.495,uneyama_doi,Uneyama-Doi,not_applicable,NaN,3.301997255827445,NaN,NaN,NaN,NaN,NaN,NaN,false,NaN,failed,,false,false,false,false,true,false,false,NaN,NaN,NaN,NaN,NaN,NaN,mean-constrained fused-spectral L-BFGS with profile continuation,,Polyorder.Successful(),8.336038894419942e-7,2.0810627795007964e-7,0.1,0.09172214599520681,0.01,"Anderson(SD(0.1); m=10, warmup=100, αw=0.2)","VariableCell(BB(1.0), field_updater)",,,,,,,,,,,,,rejected,solver_failure,all bootstrap-local Uneyama-Doi evaluations failed,,,
liu2019-stress-free-period-map-v2,stress_free_lamellar_observable,f0.5_chiN11,0.5,11.0,10.495,burp_ti,BURP-TI,not_applicable,3.229849183306288,3.301997255827445,-0.021849828128666204,0.021849828128666204,0.0030126647112292586,0.9996091877469362,0.9999949041560706,0.99609375,false,1.0001124460494129,BoundedKKTNewtonGMRES+AnalyticStressRoot,0,true,false,true,true,true,true,true,0.2908428364667018,0.7091571687325111,0.5000000000000001,-0.007610968740125179,0.0004906494952305844,0.0006677533701877033,bounded-KKT Newton-GMRES,2.587497201530893e-5,Polyorder.Successful(),8.336038894419942e-7,2.0810627795007964e-7,0.1,0.09172214599520681,0.01,"Anderson(SD(0.1); m=10, warmup=100, αw=0.2)","VariableCell(BB(1.0), field_updater)",128,64,256,1,,,,,,,,cases/f0.5_chiN11/native_profiles.csv#model=burp_ti,accepted,model_gates_pass,,,,
liu2019-stress-free-period-map-v2,stress_free_lamellar_observable,f0.5_chiN11,0.5,11.0,10.495,bvk2,BVK2,frozen_c2_evaluation,3.4279507273588417,3.301997255827445,0.03814463240667765,0.03814463240667765,0.02524860213928097,0.9725501458698249,0.9999703160497764,0.498046875,false,1.0614539541336239,FilteredUDThetaAnalyticCellStressRoot,13,true,false,true,true,true,true,true,0.32115364190263135,0.6788463580983803,0.50000000000057,-0.005112268316423585,7.2347637235112565e-12,2.2493241420198873e-11,oversampled filtered UD-theta L-BFGS with cosine-Newton polish,1.4697409955743979e-12,Polyorder.Successful(),8.336038894419942e-7,2.0810627795007964e-7,0.1,0.09172214599520681,0.01,"Anderson(SD(0.1); m=10, warmup=100, αw=0.2)","VariableCell(BB(1.0), field_updater)",256,,,,0.16,,,,,,,cases/f0.5_chiN11/native_profiles.csv#model=bvk2,accepted,model_gates_pass,,2,12.0,ud-theta-spectral-adaptive-k-physical-sensor-filter-oversampled-v2
liu2019-stress-free-period-map-v2,stress_free_lamellar_observable,f0.5_chiN12,0.5,12.0,10.495,scft,SCFT,reference,3.4267271859885864,3.4267271859885864,0.0,0.0,0.0,1.0,1.0,0.0,false,,Polyorder.cell_solve!,18,true,false,true,true,true,true,true,0.17123600448014684,0.8287640223762706,0.5000000000000004,1.9522748014864746,,,not_applicable,6.89866352321311e-9,Polyorder.Successful(),4.573281349489463e-8,2.1240016345161663e-8,0.1,0.09518686627746073,0.01,"Anderson(SD(0.1); m=10, warmup=100, αw=0.2)","VariableCell(BB(1.0), field_updater)",36,,,,,,,,,,,cases/f0.5_chiN12/native_profiles.csv#model=scft,accepted,reference_gates_pass,,,,
liu2019-stress-free-period-map-v2,stress_free_lamellar_observable,f0.5_chiN12,0.5,12.0,10.495,liu2019_opf,OPF (force/stress mapped),per_state_force_stress_mapping,3.4267847841797296,3.4267271859885864,1.6808513785049328e-5,1.6808513785049328e-5,0.0007166407433649299,0.9999911200176669,0.9999987256855039,0.0,false,1.0030752182006837,StressRootBisection,76,true,false,true,true,true,true,true,0.1714702010996328,0.8285298091594994,0.5,-0.029532383086850855,9.965865078705533e-7,3.6245887216997047e-6,mean-constrained Fourier nonlinear conjugate gradient,2.0565952838868226e-8,Polyorder.Successful(),4.573281349489463e-8,2.1240016345161663e-8,0.1,0.09518686627746073,0.01,"Anderson(SD(0.1); m=10, warmup=100, αw=0.2)","VariableCell(BB(1.0), field_updater)",128,,,,,-1.0,-9.199276620011105e-8,1.783117136008581,0.1034870819405475,1.184110682025875,0.002617037797922641,cases/f0.5_chiN12/native_profiles.csv#model=liu2019_opf,accepted,model_gates_pass,,,,
liu2019-stress-free-period-map-v2,stress_free_lamellar_observable,f0.5_chiN12,0.5,12.0,10.495,ohta_kawasaki,Ohta-Kawasaki (recomputed),liu2019_ok_asymptotic_quadratic_mapped_c3_c4,3.3787353883721805,3.4267271859885864,-0.014005141060729254,0.014005141060729254,0.05688379962997916,0.9440517758050142,0.9998587839566532,0.0,false,1.0008514523506162,StressRootBisection,55,true,false,true,true,true,true,true,0.24519218602372767,0.7548078161317495,0.49999999999999994,-0.08530737375498715,6.325164864582382e-6,1.6901690024122855e-5,mean-constrained Fourier nonlinear conjugate gradient,5.586994192921281e-8,Polyorder.Successful(),4.573281349489463e-8,2.1240016345161663e-8,0.1,0.09518686627746073,0.01,"Anderson(SD(0.1); m=10, warmup=100, αw=0.2)","VariableCell(BB(1.0), field_updater)",128,,,,,-8.433334984911635,-0.0,15.15132323535353,1.0,12.0,,cases/f0.5_chiN12/native_profiles.csv#model=ohta_kawasaki,accepted,model_gates_pass,,,,
liu2019-stress-free-period-map-v2,stress_free_lamellar_observable,f0.5_chiN12,0.5,12.0,10.495,uneyama_doi,Uneyama-Doi,not_applicable,3.384711539597175,3.4267271859885864,-0.012261158858285381,0.012261158858285381,0.1310446533658138,0.7030743448870196,0.9996558199582992,0.99609375,false,1.0480650782501861,BootstrapLocal,24,true,false,true,true,true,true,true,0.34669794530320724,0.6533020547629591,0.5000000000002057,-0.003755739864475041,8.083032217346859e-7,2.4298367827319464e-6,mean-constrained fused-spectral L-BFGS with profile continuation,,Polyorder.Successful(),4.573281349489463e-8,2.1240016345161663e-8,0.1,0.09518686627746073,0.01,"Anderson(SD(0.1); m=10, warmup=100, αw=0.2)","VariableCell(BB(1.0), field_updater)",128,,,1,,,,,,,,cases/f0.5_chiN12/native_profiles.csv#model=uneyama_doi,accepted,model_gates_pass,,,,
liu2019-stress-free-period-map-v2,stress_free_lamellar_observable,f0.5_chiN12,0.5,12.0,10.495,burp_ti,BURP-TI,not_applicable,3.231383208956032,3.4267271859885864,-0.05700599038968979,0.05700599038968979,0.001903302619436825,0.9999373638866783,0.9999715334672534,0.49609375,true,1.000587452174404,BoundedKKTNewtonGMRES+AnalyticStressRoot,0,true,false,true,true,true,true,true,0.17046776597648883,0.8295322338151722,0.5000000000000001,-0.061402734367506207,0.00046862387492080767,0.0006634913489096271,bounded-KKT Newton-GMRES,6.603042295758088e-5,Polyorder.Successful(),4.573281349489463e-8,2.1240016345161663e-8,0.1,0.09518686627746073,0.01,"Anderson(SD(0.1); m=10, warmup=100, αw=0.2)","VariableCell(BB(1.0), field_updater)",128,64,256,1,,,,,,,,cases/f0.5_chiN12/native_profiles.csv#model=burp_ti,accepted,model_gates_pass,,,,
liu2019-stress-free-period-map-v2,stress_free_lamellar_observable,f0.5_chiN12,0.5,12.0,10.495,bvk2,BVK2,holdout,3.5282306880475005,3.4267271859885864,0.029621121422781505,0.029621121422781505,0.022470090426726347,0.9912699866015792,0.9998929149739884,0.998046875,false,1.0925053225047652,FilteredUDThetaAnalyticCellStressRoot,15,true,false,true,true,true,true,true,0.19812109903660904,0.8018789009633913,0.5000000000000002,-0.05203466989022612,9.0735046564162e-12,2.92888598699003e-11,oversampled filtered UD-theta L-BFGS with cosine-Newton polish,5.625394594588329e-11,Polyorder.Successful(),4.573281349489463e-8,2.1240016345161663e-8,0.1,0.09518686627746073,0.01,"Anderson(SD(0.1); m=10, warmup=100, αw=0.2)","VariableCell(BB(1.0), field_updater)",256,,,,0.16,,,,,,,cases/f0.5_chiN12/native_profiles.csv#model=bvk2,accepted,model_gates_pass,,2,12.0,ud-theta-spectral-adaptive-k-physical-sensor-filter-oversampled-v2
liu2019-stress-free-period-map-v2,stress_free_lamellar_observable,f0.5_chiN13,0.5,13.0,10.495,scft,SCFT,reference,3.533957798736474,3.533957798736474,0.0,0.0,0.0,1.0,1.0,0.0,false,,Polyorder.cell_solve!,26,true,false,true,true,true,true,true,0.11487942060679637,0.8851201394264596,0.5000000000000002,2.1311497641074153,,,not_applicable,1.0160975727235476e-6,Polyorder.Successful(),5.907606841019595e-7,3.136978904949327e-7,0.1,0.0981654944093465,0.01,"Anderson(SD(0.1); m=10, warmup=100, αw=0.2)","VariableCell(BB(1.0), field_updater)",36,,,,,,,,,,,cases/f0.5_chiN13/native_profiles.csv#model=scft,accepted,reference_gates_pass,,,,
liu2019-stress-free-period-map-v2,stress_free_lamellar_observable,f0.5_chiN13,0.5,13.0,10.495,liu2019_opf,OPF (force/stress mapped),per_state_force_stress_mapping,3.534341743175485,3.533957798736474,0.00010864431916779438,0.00010864431916779438,0.0010788879300431885,0.9999859079504604,0.9999967917816813,0.0,false,1.007594347000122,StressRootBisection,73,true,false,true,true,true,true,true,0.11557603757993129,0.8844237566713037,0.5,-0.05966402519179288,1.0429311490962528e-6,2.940734915892313e-6,mean-constrained Fourier nonlinear conjugate gradient,8.46913777264802e-8,Polyorder.Successful(),5.907606841019595e-7,3.136978904949327e-7,0.1,0.0981654944093465,0.01,"Anderson(SD(0.1); m=10, warmup=100, αw=0.2)","VariableCell(BB(1.0), field_updater)",128,,,,,-1.0,1.0549480649236972e-6,1.755770296293213,0.09139568184809155,0.9409225554526132,0.006273971638294738,cases/f0.5_chiN13/native_profiles.csv#model=liu2019_opf,accepted,model_gates_pass,,,,
liu2019-stress-free-period-map-v2,stress_free_lamellar_observable,f0.5_chiN13,0.5,13.0,10.495,ohta_kawasaki,Ohta-Kawasaki (recomputed),liu2019_ok_asymptotic_quadratic_mapped_c3_c4,3.3834304046599106,3.533957798736474,-0.042594564691854186,0.042594564691854186,0.07381848809022261,0.9340291949002706,0.9996848829518751,0.0,false,1.0022422134876252,StressRootBisection,82,true,false,true,true,true,true,true,0.2070061930362319,0.7929938024088151,0.5,-0.19193812486144024,8.795791852681588e-6,2.05773234491943e-5,mean-constrained Fourier nonlinear conjugate gradient,6.748993950871418e-8,Polyorder.Successful(),5.907606841019595e-7,3.136978904949327e-7,0.1,0.0981654944093465,0.01,"Anderson(SD(0.1); m=10, warmup=100, αw=0.2)","VariableCell(BB(1.0), field_updater)",128,,,,,-9.433334984911635,-0.0,18.834255484725276,1.0,12.0,,cases/f0.5_chiN13/native_profiles.csv#model=ohta_kawasaki,accepted,model_gates_pass,,,,
liu2019-stress-free-period-map-v2,stress_free_lamellar_observable,f0.5_chiN13,0.5,13.0,10.495,uneyama_doi,Uneyama-Doi,not_applicable,3.39725588558387,3.533957798736474,-0.03868238415339309,0.03868238415339309,0.09986889558385245,0.8792514326603108,0.9996655622066661,0.99609375,false,1.0519493947729783,BootstrapLocal,24,true,false,true,true,true,true,true,0.24259790293928954,0.7574020969045702,0.5000000000002893,-0.03705870035329806,8.361625586900876e-7,2.2876329006816314e-6,mean-constrained fused-spectral L-BFGS with profile continuation,,Polyorder.Successful(),5.907606841019595e-7,3.136978904949327e-7,0.1,0.0981654944093465,0.01,"Anderson(SD(0.1); m=10, warmup=100, αw=0.2)","VariableCell(BB(1.0), field_updater)",128,,,1,,,,,,,,cases/f0.5_chiN13/native_profiles.csv#model=uneyama_doi,accepted,model_gates_pass,,,,
liu2019-stress-free-period-map-v2,stress_free_lamellar_observable,f0.5_chiN13,0.5,13.0,10.495,burp_ti,BURP-TI,not_applicable,3.234594969948766,3.533957798736474,-0.08471035757550405,0.08471035757550405,0.00397570119472854,0.9998086409682474,0.999944307593422,0.49609375,true,1.001581963670226,BoundedKKTNewtonGMRES+AnalyticStressRoot,0,true,false,true,true,true,true,true,0.10873725005101868,0.8912627523277066,0.4999999999999999,-0.15578044453107887,0.0004647451772920148,0.0006352271362170384,bounded-KKT Newton-GMRES,7.764002098386334e-5,Polyorder.Successful(),5.907606841019595e-7,3.136978904949327e-7,0.1,0.0981654944093465,0.01,"Anderson(SD(0.1); m=10, warmup=100, αw=0.2)","VariableCell(BB(1.0), field_updater)",128,64,256,1,,,,,,,,cases/f0.5_chiN13/native_profiles.csv#model=burp_ti,accepted,model_gates_pass,,,,
liu2019-stress-free-period-map-v2,stress_free_lamellar_observable,f0.5_chiN13,0.5,13.0,10.495,bvk2,BVK2,frozen_c2_evaluation,3.6146239756312517,3.533957798736474,0.02282601589742228,0.02282601589742228,0.018268273788618766,0.9959597262992025,0.9998479992099956,0.998046875,true,1.1192567270639056,FilteredUDThetaAnalyticCellStressRoot,16,true,false,true,true,true,true,true,0.13358270784581805,0.8664172921531227,0.4999999999990297,-0.14288618707835465,8.443205012272313e-8,1.6345536750046445e-7,oversampled filtered UD-theta L-BFGS with cosine-Newton polish,8.598049050512202e-9,Polyorder.Successful(),5.907606841019595e-7,3.136978904949327e-7,0.1,0.0981654944093465,0.01,"Anderson(SD(0.1); m=10, warmup=100, αw=0.2)","VariableCell(BB(1.0), field_updater)",256,,,,0.16,,,,,,,cases/f0.5_chiN13/native_profiles.csv#model=bvk2,accepted,model_gates_pass,,2,12.0,ud-theta-spectral-adaptive-k-physical-sensor-filter-oversampled-v2
liu2019-stress-free-period-map-v2,stress_free_lamellar_observable,f0.5_chiN14,0.5,14.0,10.495,scft,SCFT,reference,3.6286452385849293,3.6286452385849293,0.0,0.0,0.0,1.0,1.0,0.0,false,,Polyorder.cell_solve!,23,true,false,true,true,true,true,true,0.08136946710040054,0.9186297620406869,0.5000000000000002,2.2885052894410984,,,not_applicable,9.918333886028694e-6,Polyorder.Successful(),8.441738673253947e-7,4.855275195758885e-7,0.1,0.10079570107180359,0.01,"Anderson(SD(0.1); m=10, warmup=100, αw=0.2)","VariableCell(BB(1.0), field_updater)",36,,,,,,,,,,,cases/f0.5_chiN14/native_profiles.csv#model=scft,accepted,reference_gates_pass,,,,
liu2019-stress-free-period-map-v2,stress_free_lamellar_observable,f0.5_chiN14,0.5,14.0,10.495,liu2019_opf,OPF (force/stress mapped),per_state_force_stress_mapping,3.6298425607391662,3.6286452385849293,0.0003299639605176541,0.0003299639605176541,0.0015779890873413944,0.9999753634858471,0.9999925806821164,0.0,false,1.0134182453155518,StressRootBisection,73,true,false,true,true,true,true,true,0.08273199546557358,0.9172676978988393,0.5,-0.08936188328469999,7.487004843469515e-7,2.1275436430066035e-6,mean-constrained Fourier nonlinear conjugate gradient,9.18607512452882e-8,Polyorder.Successful(),8.441738673253947e-7,4.855275195758885e-7,0.1,0.10079570107180359,0.01,"Anderson(SD(0.1); m=10, warmup=100, αw=0.2)","VariableCell(BB(1.0), field_updater)",128,,,,,-1.0,1.3488378627180947e-6,1.7468453418888124,0.08208248440558578,0.7772731896316734,0.010248548821497287,cases/f0.5_chiN14/native_profiles.csv#model=liu2019_opf,accepted,model_gates_pass,,,,
liu2019-stress-free-period-map-v2,stress_free_lamellar_observable,f0.5_chiN14,0.5,14.0,10.495,ohta_kawasaki,Ohta-Kawasaki (recomputed),liu2019_ok_asymptotic_quadratic_mapped_c3_c4,3.3899660735396084,3.6286452385849293,-0.0657763846703292,0.0657763846703292,0.08593070574010206,0.9269419585698392,0.9994946516914717,0.5,true,1.0041782140731814,StressRootBisection,77,true,false,true,true,true,true,true,0.18523984435259794,0.8147601583247022,0.49999999999999994,-0.31679635644133897,7.568381821972752e-6,2.0217231173485316e-5,mean-constrained Fourier nonlinear conjugate gradient,5.00791539115105e-8,Polyorder.Successful(),8.441738673253947e-7,4.855275195758885e-7,0.1,0.10079570107180359,0.01,"Anderson(SD(0.1); m=10, warmup=100, αw=0.2)","VariableCell(BB(1.0), field_updater)",128,,,,,-10.433334984911635,-0.0,22.55854773409703,1.0,12.0,,cases/f0.5_chiN14/native_profiles.csv#model=ohta_kawasaki,accepted,model_gates_pass,,,,
liu2019-stress-free-period-map-v2,stress_free_lamellar_observable,f0.5_chiN14,0.5,14.0,10.495,uneyama_doi,Uneyama-Doi,not_applicable,3.4085610412973453,3.6286452385849293,-0.060651891495849486,0.060651891495849486,0.0848502568560261,0.9287675977618741,0.9996767983565295,0.99609375,false,1.05545,BootstrapLocal,24,true,false,true,true,true,true,true,0.18582690563787316,0.8141730909271203,0.4999999999995442,-0.10000808026332186,6.494702927284867e-7,2.5859898352820073e-6,mean-constrained fused-spectral L-BFGS with profile continuation,,Polyorder.Successful(),8.441738673253947e-7,4.855275195758885e-7,0.1,0.10079570107180359,0.01,"Anderson(SD(0.1); m=10, warmup=100, αw=0.2)","VariableCell(BB(1.0), field_updater)",128,,,1,,,,,,,,cases/f0.5_chiN14/native_profiles.csv#model=uneyama_doi,accepted,model_gates_pass,,,,
liu2019-stress-free-period-map-v2,stress_free_lamellar_observable,f0.5_chiN14,0.5,14.0,10.495,burp_ti,BURP-TI,not_applicable,3.239621869763047,3.6286452385849293,-0.10720898386131306,0.10720898386131306,0.006538633468072507,0.9995769952402332,0.9999215120791621,0.49609375,true,1.003138527083555,BoundedKKTNewtonGMRES+AnalyticStressRoot,0,true,false,true,true,true,true,true,0.07130494802366905,0.928695054175914,0.5000000000000002,-0.28124356004613627,0.0004484608555776275,0.0006847619281802951,bounded-KKT Newton-GMRES,1.5920431723064792e-5,Polyorder.Successful(),8.441738673253947e-7,4.855275195758885e-7,0.1,0.10079570107180359,0.01,"Anderson(SD(0.1); m=10, warmup=100, αw=0.2)","VariableCell(BB(1.0), field_updater)",128,64,256,1,,,,,,,,cases/f0.5_chiN14/native_profiles.csv#model=burp_ti,accepted,model_gates_pass,,,,
liu2019-stress-free-period-map-v2,stress_free_lamellar_observable,f0.5_chiN14,0.5,14.0,10.495,bvk2,BVK2,frozen_c2_evaluation,3.6920495438658874,3.6286452385849293,0.017473272009826957,0.017473272009826957,0.014500620868074085,0.9979196452896374,0.9998309221789762,0.998046875,true,1.1432313060733936,FilteredUDThetaAnalyticCellStressRoot,18,true,false,true,true,true,true,true,0.09354453948708744,0.906455460512935,0.4999999999999986,-0.2713058268723276,5.2685696353627985e-8,1.6705695106735176e-7,oversampled filtered UD-theta L-BFGS with cosine-Newton polish,2.0576305104214043e-9,Polyorder.Successful(),8.441738673253947e-7,4.855275195758885e-7,0.1,0.10079570107180359,0.01,"Anderson(SD(0.1); m=10, warmup=100, αw=0.2)","VariableCell(BB(1.0), field_updater)",256,,,,0.16,,,,,,,cases/f0.5_chiN14/native_profiles.csv#model=bvk2,accepted,model_gates_pass,,2,12.0,ud-theta-spectral-adaptive-k-physical-sensor-filter-oversampled-v2
liu2019-stress-free-period-map-v2,stress_free_lamellar_observable,f0.5_chiN15,0.5,15.0,10.495,scft,SCFT,reference,3.713530773826842,3.713530773826842,0.0,0.0,0.0,1.0,1.0,0.0,false,,Polyorder.cell_solve!,20,true,false,true,true,true,true,true,0.05970693628086975,0.9402926215582564,0.5000000000000001,2.429543050548605,,,not_applicable,6.901309655500327e-6,Polyorder.Successful(),5.372912156273174e-7,3.159841534667882e-7,0.1,0.10315363260630117,0.01,"Anderson(SD(0.1); m=10, warmup=100, αw=0.2)","VariableCell(BB(1.0), field_updater)",36,,,,,,,,,,,cases/f0.5_chiN15/native_profiles.csv#model=scft,accepted,reference_gates_pass,,,,
liu2019-stress-free-period-map-v2,stress_free_lamellar_observable,f0.5_chiN15,0.5,15.0,10.495,liu2019_opf,OPF (force/stress mapped),per_state_force_stress_mapping,3.716138184106742,3.713530773826842,0.0007021377871099244,0.0007021377871099244,0.0021926795479246565,0.9999583042032648,0.9999854464403041,0.0,false,1.0201754093170163,StressRootBisection,73,true,false,true,true,true,true,true,0.061875018434429496,0.9381247693734568,0.5,-0.1169637930737146,4.893043087332796e-7,1.343163873621834e-6,mean-constrained Fourier nonlinear conjugate gradient,5.627077834983205e-8,Polyorder.Successful(),5.372912156273174e-7,3.159841534667882e-7,0.1,0.10315363260630117,0.01,"Anderson(SD(0.1); m=10, warmup=100, αw=0.2)","VariableCell(BB(1.0), field_updater)",128,,,,,-1.0,8.485370604909055e-7,1.7475547633544626,0.07457303207869585,0.6601357600285053,0.014054661775777076,cases/f0.5_chiN15/native_profiles.csv#model=liu2019_opf,accepted,model_gates_pass,,,,
liu2019-stress-free-period-map-v2,stress_free_lamellar_observable,f0.5_chiN15,0.5,15.0,10.495,ohta_kawasaki,Ohta-Kawasaki (recomputed),liu2019_ok_asymptotic_quadratic_mapped_c3_c4,3.398065621033371,3.713530773826842,-0.08495019215052324,0.08495019215052324,0.09497055906167008,0.9217796176559037,0.9993079165384963,0.0,false,1.006577467918396,StressRootBisection,74,true,false,true,true,true,true,true,0.17158601332295043,0.8284139809670414,0.5000000000000001,-0.45292229771234227,9.031658215129825e-6,3.0153315644557767e-5,mean-constrained Fourier nonlinear conjugate gradient,4.813594146546889e-8,Polyorder.Successful(),5.372912156273174e-7,3.159841534667882e-7,0.1,0.10315363260630117,0.01,"Anderson(SD(0.1); m=10, warmup=100, αw=0.2)","VariableCell(BB(1.0), field_updater)",128,,,,,-11.433334984911635,-0.0,26.32419998346878,1.0,12.0,,cases/f0.5_chiN15/native_profiles.csv#model=ohta_kawasaki,accepted,model_gates_pass,,,,
liu2019-stress-free-period-map-v2,stress_free_lamellar_observable,f0.5_chiN15,0.5,15.0,10.495,uneyama_doi,Uneyama-Doi,not_applicable,3.4253817396816655,3.713530773826842,-0.07759435741749232,0.07759435741749232,0.07428351677395596,0.9521450510036958,0.9996917233128599,0.99609375,false,1.0606584753344988,BootstrapLocal,24,true,false,true,true,true,true,true,0.14817597374276123,0.851824019179028,0.49999999999996336,-0.1882603363143328,9.608412891846825e-7,2.2618526034186854e-6,mean-constrained fused-spectral L-BFGS with profile continuation,,Polyorder.Successful(),5.372912156273174e-7,3.159841534667882e-7,0.1,0.10315363260630117,0.01,"Anderson(SD(0.1); m=10, warmup=100, αw=0.2)","VariableCell(BB(1.0), field_updater)",128,,,1,,,,,,,,cases/f0.5_chiN15/native_profiles.csv#model=uneyama_doi,accepted,model_gates_pass,,,,
liu2019-stress-free-period-map-v2,stress_free_lamellar_observable,f0.5_chiN15,0.5,15.0,10.495,burp_ti,BURP-TI,not_applicable,3.246802438715618,3.713530773826842,-0.12568317419119024,0.12568317419119024,0.008525729735846527,0.9993696161645474,0.9999057716293617,0.49609375,true,1.0053619672417828,BoundedKKTNewtonGMRES+AnalyticStressRoot,1,true,false,true,true,true,true,true,0.047273634316553965,0.9527263687365074,0.49999999999999983,-0.4311550911510389,0.0003810246046724845,0.0007352278105342428,bounded-KKT Newton-GMRES,6.678505946767876e-6,Polyorder.Successful(),5.372912156273174e-7,3.159841534667882e-7,0.1,0.10315363260630117,0.01,"Anderson(SD(0.1); m=10, warmup=100, αw=0.2)","VariableCell(BB(1.0), field_updater)",128,64,256,1,,,,,,,,cases/f0.5_chiN15/native_profiles.csv#model=burp_ti,accepted,model_gates_pass,,,,
liu2019-stress-free-period-map-v2,stress_free_lamellar_observable,f0.5_chiN15,0.5,15.0,10.495,bvk2,BVK2,training,3.7628985281285185,3.713530773826842,0.013294020518053395,0.013294020518053395,0.01155012147883792,0.9988430700968922,0.9998297310910796,0.498046875,false,1.1651694669377601,FilteredUDThetaAnalyticCellStressRoot,19,true,false,true,true,true,true,true,0.06708715931870911,0.932912840681431,0.5000000000002163,-0.4317873868080363,1.343075476969288e-11,3.54371385926432e-11,oversampled filtered UD-theta L-BFGS with cosine-Newton polish,2.1094237467877974e-15,Polyorder.Successful(),5.372912156273174e-7,3.159841534667882e-7,0.1,0.10315363260630117,0.01,"Anderson(SD(0.1); m=10, warmup=100, αw=0.2)","VariableCell(BB(1.0), field_updater)",256,,,,0.16,,,,,,,cases/f0.5_chiN15/native_profiles.csv#model=bvk2,accepted,model_gates_pass,,2,12.0,ud-theta-spectral-adaptive-k-physical-sensor-filter-oversampled-v2
liu2019-stress-free-period-map-v2,stress_free_lamellar_observable,f0.5_chiN16,0.5,16.0,10.495,scft,SCFT,reference,3.7907808436420165,3.7907808436420165,0.0,0.0,0.0,1.0,1.0,0.0,false,,Polyorder.cell_solve!,51,true,false,true,true,true,true,true,0.04497076377939721,0.955028897009402,0.4999999999999991,2.5578267685265113,,,not_applicable,8.268654507973751e-6,Polyorder.Successful(),9.008375264897947e-7,5.996447964480517e-7,0.1,0.09476952109105041,0.01,"Anderson(SD(0.1); m=10, warmup=100, αw=0.2)","VariableCell(BB(1.0), field_updater)",40,,,,,,,,,,,cases/f0.5_chiN16/native_profiles.csv#model=scft,accepted,reference_gates_pass,,,,
liu2019-stress-free-period-map-v2,stress_free_lamellar_observable,f0.5_chiN16,0.5,16.0,10.495,liu2019_opf,OPF (force/stress mapped),per_state_force_stress_mapping,3.7954047005082394,3.7907808436420165,0.0012197636996025274,0.0012197636996025274,0.002746736504509151,0.9999404650843063,0.9999761666094164,0.0,false,1.0275954723358152,StressRootBisection,73,true,false,true,true,true,true,true,0.048019891494807065,0.9519799142478605,0.5,-0.14217361173453746,7.187149752536495e-7,2.008195409396107e-6,mean-constrained Fourier nonlinear conjugate gradient,6.108819760085939e-8,Polyorder.Successful(),9.008375264897947e-7,5.996447964480517e-7,0.1,0.09476952109105041,0.01,"Anderson(SD(0.1); m=10, warmup=100, αw=0.2)","VariableCell(BB(1.0), field_updater)",128,,,,,-1.0,7.337094080586884e-7,1.753380827461074,0.06833831084707441,0.5723215211759338,0.017496939141104687,cases/f0.5_chiN16/native_profiles.csv#model=liu2019_opf,accepted,model_gates_pass,,,,
liu2019-stress-free-period-map-v2,stress_free_lamellar_observable,f0.5_chiN16,0.5,16.0,10.495,ohta_kawasaki,Ohta-Kawasaki (recomputed),liu2019_ok_asymptotic_quadratic_mapped_c3_c4,3.4074881903970713,3.7907808436420165,-0.10111179439133555,0.10111179439133555,0.10216163649929515,0.9176405521247317,0.9991148391990641,0.5,true,1.0093686282634735,StressRootBisection,76,true,false,true,true,true,true,true,0.16257337864040455,0.8374266164922779,0.5,-0.5967443071946826,7.757043570843052e-6,2.0975499054435016e-5,mean-constrained Fourier nonlinear conjugate gradient,8.775787273630587e-8,Polyorder.Successful(),9.008375264897947e-7,5.996447964480517e-7,0.1,0.09476952109105041,0.01,"Anderson(SD(0.1); m=10, warmup=100, αw=0.2)","VariableCell(BB(1.0), field_updater)",128,,,,,-12.433334984911637,-0.0,30.131212232840532,1.0,12.0,,cases/f0.5_chiN16/native_profiles.csv#model=ohta_kawasaki,accepted,model_gates_pass,,,,
liu2019-stress-free-period-map-v2,stress_free_lamellar_observable,f0.5_chiN16,0.5,16.0,10.495,uneyama_doi,Uneyama-Doi,not_applicable,3.440036887832059,3.7907808436420165,-0.09252551658274655,0.09252551658274655,0.06618858937164185,0.9654296326072201,0.9996936799620166,0.99609375,false,1.0651963949809211,BootstrapLocal,24,true,false,true,true,true,true,true,0.12123032857090077,0.8787696713634158,0.49999999999915706,-0.2980668609121859,5.659548049965627e-7,1.6925433878601923e-6,mean-constrained fused-spectral L-BFGS with profile continuation,,Polyorder.Successful(),9.008375264897947e-7,5.996447964480517e-7,0.1,0.09476952109105041,0.01,"Anderson(SD(0.1); m=10, warmup=100, αw=0.2)","VariableCell(BB(1.0), field_updater)",128,,,1,,,,,,,,cases/f0.5_chiN16/native_profiles.csv#model=uneyama_doi,accepted,model_gates_pass,,,,
liu2019-stress-free-period-map-v2,stress_free_lamellar_observable,f0.5_chiN16,0.5,16.0,10.495,burp_ti,BURP-TI,not_applicable,3.256212115747159,3.7907808436420165,-0.14101810417013372,0.14101810417013372,0.009864171157309524,0.9992321808443417,0.9998894193875484,0.49609375,true,1.0082756435710647,BoundedKKTNewtonGMRES+AnalyticStressRoot,1,true,false,true,true,true,true,true,0.03147407871065101,0.9685259219692455,0.4999999999999999,-0.6008451674415003,0.0004767456765139416,0.001118396157466635,bounded-KKT Newton-GMRES,2.139769121554183e-5,Polyorder.Successful(),9.008375264897947e-7,5.996447964480517e-7,0.1,0.09476952109105041,0.01,"Anderson(SD(0.1); m=10, warmup=100, αw=0.2)","VariableCell(BB(1.0), field_updater)",128,64,256,1,,,,,,,,cases/f0.5_chiN16/native_profiles.csv#model=burp_ti,accepted,model_gates_pass,,,,
liu2019-stress-free-period-map-v2,stress_free_lamellar_observable,f0.5_chiN16,0.5,16.0,10.495,bvk2,BVK2,frozen_c2_evaluation,3.828547733415903,3.7907808436420165,0.009962825953716115,0.009962825953716115,0.009673477418299882,0.9992615791223411,0.9998269545064588,0.498046875,false,1.1854975329107837,FilteredUDThetaAnalyticCellStressRoot,19,true,false,true,true,true,true,true,0.04895189269935088,0.951048107300644,0.49999999999999023,-0.6198119975084689,1.6594418997066458e-11,4.982838836810112e-11,oversampled filtered UD-theta L-BFGS with cosine-Newton polish,4.699662214946443e-9,Polyorder.Successful(),9.008375264897947e-7,5.996447964480517e-7,0.1,0.09476952109105041,0.01,"Anderson(SD(0.1); m=10, warmup=100, αw=0.2)","VariableCell(BB(1.0), field_updater)",256,,,,0.16,,,,,,,cases/f0.5_chiN16/native_profiles.csv#model=bvk2,accepted,model_gates_pass,,2,12.0,ud-theta-spectral-adaptive-k-physical-sensor-filter-oversampled-v2
liu2019-stress-free-period-map-v2,stress_free_lamellar_observable,f0.5_chiN17,0.5,17.0,10.495,scft,SCFT,reference,3.861745005464054,3.861745005464054,0.0,0.0,0.0,1.0,1.0,0.0,false,,Polyorder.cell_solve!,19,true,false,true,true,true,true,true,0.034580263304164846,0.9654204586376912,0.499999999999999,2.6758819540365324,,,not_applicable,1.0326966864519293e-6,Polyorder.Successful(),6.034248409706274e-7,3.802036417764828e-7,0.1,0.09654362513660135,0.01,"Anderson(SD(0.1); m=10, warmup=100, αw=0.2)","VariableCell(BB(1.0), field_updater)",40,,,,,,,,,,,cases/f0.5_chiN17/native_profiles.csv#model=scft,accepted,reference_gates_pass,,,,
liu2019-stress-free-period-map-v2,stress_free_lamellar_observable,f0.5_chiN17,0.5,17.0,10.495,liu2019_opf,OPF (force/stress mapped),per_state_force_stress_mapping,3.8689186442472026,3.861745005464054,0.0018576158635534856,0.0018576158635534856,0.003444899287712282,0.9999126704821543,0.9999637970259725,0.0,false,1.0354671478271489,StressRootBisection,47,true,false,true,true,true,true,true,0.03853117754508417,0.9614688373334226,0.5,-0.1651153449889381,9.203724325371401e-7,3.478876418741913e-6,mean-constrained Fourier nonlinear conjugate gradient,5.3213792061534637e-8,Polyorder.Successful(),6.034248409706274e-7,3.802036417764828e-7,0.1,0.09654362513660135,0.01,"Anderson(SD(0.1); m=10, warmup=100, αw=0.2)","VariableCell(BB(1.0), field_updater)",128,,,,,-1.0,-7.485206803682704e-8,1.7618196184516082,0.06305096722957675,0.5041945365274895,0.02051879008010617,cases/f0.5_chiN17/native_profiles.csv#model=liu2019_opf,accepted,model_gates_pass,,,,
liu2019-stress-free-period-map-v2,stress_free_lamellar_observable,f0.5_chiN17,0.5,17.0,10.495,ohta_kawasaki,Ohta-Kawasaki (recomputed),liu2019_ok_asymptotic_quadratic_mapped_c3_c4,3.4180220812292923,3.861745005464054,-0.11490218116600914,0.11490218116600914,0.10773137039988055,0.9145932154522722,0.9989550111521323,0.0,false,1.0124889850616454,StressRootBisection,73,true,false,true,true,true,true,true,0.15645982861940638,0.8435401703817582,0.5000000000000001,-0.746231285774495,8.90735944935168e-6,2.342296775869183e-5,mean-constrained Fourier nonlinear conjugate gradient,5.998709308900237e-8,Polyorder.Successful(),6.034248409706274e-7,3.802036417764828e-7,0.1,0.09654362513660135,0.01,"Anderson(SD(0.1); m=10, warmup=100, αw=0.2)","VariableCell(BB(1.0), field_updater)",128,,,,,-13.433334984911637,-0.0,33.97958448221228,1.0,12.0,,cases/f0.5_chiN17/native_profiles.csv#model=ohta_kawasaki,accepted,model_gates_pass,,,,
liu2019-stress-free-period-map-v2,stress_free_lamellar_observable,f0.5_chiN17,0.5,17.0,10.495,uneyama_doi,Uneyama-Doi,not_applicable,3.4548574239240013,3.861745005464054,-0.10536365838871808,0.10536365838871808,0.05935931168840872,0.9740710031110597,0.9997061661627257,0.99609375,false,1.0697855264732785,BootstrapLocal,24,true,false,true,true,true,true,true,0.10107954189565373,0.8989204687086719,0.5000000000004179,-0.42670911549096635,9.532928162481469e-7,2.488909584127783e-6,mean-constrained fused-spectral L-BFGS with profile continuation,,Polyorder.Successful(),6.034248409706274e-7,3.802036417764828e-7,0.1,0.09654362513660135,0.01,"Anderson(SD(0.1); m=10, warmup=100, αw=0.2)","VariableCell(BB(1.0), field_updater)",128,,,1,,,,,,,,cases/f0.5_chiN17/native_profiles.csv#model=uneyama_doi,accepted,model_gates_pass,,,,
liu2019-stress-free-period-map-v2,stress_free_lamellar_observable,f0.5_chiN17,0.5,17.0,10.495,burp_ti,BURP-TI,not_applicable,3.2679137134632077,3.861745005464054,-0.15377278695528152,0.15377278695528152,0.010808952044687625,0.9991402440640407,0.9998848248237746,0.49609375,true,1.011899005793354,BoundedKKTNewtonGMRES+AnalyticStressRoot,1,true,false,true,true,true,true,true,0.021000327571933295,0.9789996731340617,0.5000000000000001,-0.7870435061376466,0.00041658925062619935,0.0006277799848643005,bounded-KKT Newton-GMRES,3.6658520906478e-5,Polyorder.Successful(),6.034248409706274e-7,3.802036417764828e-7,0.1,0.09654362513660135,0.01,"Anderson(SD(0.1); m=10, warmup=100, αw=0.2)","VariableCell(BB(1.0), field_updater)",128,64,256,1,,,,,,,,cases/f0.5_chiN17/native_profiles.csv#model=burp_ti,accepted,model_gates_pass,,,,
liu2019-stress-free-period-map-v2,stress_free_lamellar_observable,f0.5_chiN17,0.5,17.0,10.495,bvk2,BVK2,frozen_c2_evaluation,3.8898850641003295,3.861745005464054,0.00728687642411896,0.00728687642411896,0.008266912722781402,0.9994970840514745,0.9998351888982066,0.498046875,false,1.2044904407350887,FilteredUDThetaAnalyticCellStressRoot,22,true,false,true,true,true,true,true,0.03620383307901366,0.9637961669209776,0.49999999999999417,-0.8317187773248231,1.587884726180509e-8,3.4472341479044544e-8,oversampled filtered UD-theta L-BFGS with cosine-Newton polish,1.9292401010062576e-9,Polyorder.Successful(),6.034248409706274e-7,3.802036417764828e-7,0.1,0.09654362513660135,0.01,"Anderson(SD(0.1); m=10, warmup=100, αw=0.2)","VariableCell(BB(1.0), field_updater)",256,,,,0.16,,,,,,,cases/f0.5_chiN17/native_profiles.csv#model=bvk2,accepted,model_gates_pass,,2,12.0,ud-theta-spectral-adaptive-k-physical-sensor-filter-oversampled-v2
liu2019-stress-free-period-map-v2,stress_free_lamellar_observable,f0.5_chiN18,0.5,18.0,10.495,scft,SCFT,reference,3.9273596892514893,3.9273596892514893,0.0,0.0,0.0,1.0,1.0,0.0,false,,Polyorder.cell_solve!,22,true,false,true,true,true,true,true,0.027049373715355644,0.9729506976288014,0.499999999999999,2.7855494693169494,,,not_applicable,9.92499307171685e-7,Polyorder.Successful(),7.272160879433658e-8,5.020720780035646e-8,0.1,0.09818399223128724,0.01,"Anderson(SD(0.1); m=10, warmup=100, αw=0.2)","VariableCell(BB(1.0), field_updater)",40,,,,,,,,,,,cases/f0.5_chiN18/native_profiles.csv#model=scft,accepted,reference_gates_pass,,,,
liu2019-stress-free-period-map-v2,stress_free_lamellar_observable,f0.5_chiN18,0.5,18.0,10.495,liu2019_opf,OPF (force/stress mapped),per_state_force_stress_mapping,3.937509498458253,3.9273596892514893,0.002584384932844852,0.002584384932844852,0.004150779078457548,0.9998799237228805,0.9999490262010472,0.0,false,1.043627214431763,StressRootBisection,50,true,false,true,true,true,true,true,0.0318798041872187,0.9681202258288168,0.49999999999999994,-0.186031474886093,7.418662449292688e-7,1.7110921098310715e-6,mean-constrained Fourier nonlinear conjugate gradient,1.959346959643112e-9,Polyorder.Successful(),7.272160879433658e-8,5.020720780035646e-8,0.1,0.09818399223128724,0.01,"Anderson(SD(0.1); m=10, warmup=100, αw=0.2)","VariableCell(BB(1.0), field_updater)",128,,,,,-1.0,-9.764419504291348e-8,1.7714590510192372,0.05849406626465049,0.44991079200126705,0.02312840810307863,cases/f0.5_chiN18/native_profiles.csv#model=liu2019_opf,accepted,model_gates_pass,,,,
liu2019-stress-free-period-map-v2,stress_free_lamellar_observable,f0.5_chiN18,0.5,18.0,10.495,ohta_kawasaki,Ohta-Kawasaki (recomputed),liu2019_ok_asymptotic_quadratic_mapped_c3_c4,3.4294826366928692,3.9273596892514893,-0.12677144238181803,0.12677144238181803,0.11228069975805778,0.91213656103068,0.9988146901188567,0.5,true,1.0158838391304015,StressRootBisection,75,true,false,true,true,true,true,true,0.15226830292040405,0.8477316982562599,0.5,-0.9001306544720895,7.78708383218933e-6,1.8883542516163275e-5,mean-constrained Fourier nonlinear conjugate gradient,7.085283172604777e-8,Polyorder.Successful(),7.272160879433658e-8,5.020720780035646e-8,0.1,0.09818399223128724,0.01,"Anderson(SD(0.1); m=10, warmup=100, αw=0.2)","VariableCell(BB(1.0), field_updater)",128,,,,,-14.433334984911637,-0.0,37.86931673158403,1.0,12.0,,cases/f0.5_chiN18/native_profiles.csv#model=ohta_kawasaki,accepted,model_gates_pass,,,,
liu2019-stress-free-period-map-v2,stress_free_lamellar_observable,f0.5_chiN18,0.5,18.0,10.495,uneyama_doi,Uneyama-Doi,not_applicable,3.4697341094759233,3.9273596892514893,-0.11652245171941056,0.11652245171941056,0.053597459251835615,0.9799789715909202,0.9997183273814064,0.99609375,false,1.0743920444659267,BootstrapLocal,24,true,false,true,true,true,true,true,0.08555159309461297,0.9144484070771004,0.4999999999999913,-0.5719444676499166,6.867768122562232e-7,1.7813711375315024e-6,mean-constrained fused-spectral L-BFGS with profile continuation,,Polyorder.Successful(),7.272160879433658e-8,5.020720780035646e-8,0.1,0.09818399223128724,0.01,"Anderson(SD(0.1); m=10, warmup=100, αw=0.2)","VariableCell(BB(1.0), field_updater)",128,,,1,,,,,,,,cases/f0.5_chiN18/native_profiles.csv#model=uneyama_doi,accepted,model_gates_pass,,,,
liu2019-stress-free-period-map-v2,stress_free_lamellar_observable,f0.5_chiN18,0.5,18.0,10.495,burp_ti,BURP-TI,not_applicable,3.2819004122934246,3.9273596892514893,-0.16434941742783993,0.16434941742783993,0.0114462699077311,0.9990868840238145,0.999883517499943,0.49609375,true,1.0162299422505556,BoundedKKTNewtonGMRES+AnalyticStressRoot,1,true,false,true,true,true,true,true,0.014054161206106952,0.9859458390041872,0.5000000000000001,-0.987473957507766,0.000466395954061863,0.0007777979710352411,bounded-KKT Newton-GMRES,5.047516864241568e-5,Polyorder.Successful(),7.272160879433658e-8,5.020720780035646e-8,0.1,0.09818399223128724,0.01,"Anderson(SD(0.1); m=10, warmup=100, αw=0.2)","VariableCell(BB(1.0), field_updater)",128,64,256,1,,,,,,,,cases/f0.5_chiN18/native_profiles.csv#model=burp_ti,accepted,model_gates_pass,,,,
liu2019-stress-free-period-map-v2,stress_free_lamellar_observable,f0.5_chiN18,0.5,18.0,10.495,bvk2,BVK2,frozen_c2_evaluation,3.9475337983074255,3.9273596892514893,0.005136812172093386,0.005136812172093386,0.007401766124623534,0.9996181708481044,0.9998439356364224,0.498046875,false,1.2223411864843041,FilteredUDThetaAnalyticCellStressRoot,21,true,false,true,true,true,true,true,0.02707107221689412,0.9729289277831289,0.5000000000000693,-1.06454080785831,1.3016737726168556e-11,4.168897992207e-11,oversampled filtered UD-theta L-BFGS with cosine-Newton polish,1.3562484468820912e-12,Polyorder.Successful(),7.272160879433658e-8,5.020720780035646e-8,0.1,0.09818399223128724,0.01,"Anderson(SD(0.1); m=10, warmup=100, αw=0.2)","VariableCell(BB(1.0), field_updater)",256,,,,0.16,,,,,,,cases/f0.5_chiN18/native_profiles.csv#model=bvk2,accepted,model_gates_pass,,2,12.0,ud-theta-spectral-adaptive-k-physical-sensor-filter-oversampled-v2
liu2019-stress-free-period-map-v2,stress_free_lamellar_observable,f0.5_chiN19,0.5,19.0,10.495,scft,SCFT,reference,3.9884527636231617,3.9884527636231617,0.0,0.0,0.0,1.0,1.0,0.0,false,,Polyorder.cell_solve!,36,true,false,true,true,true,true,true,0.02146587934742087,0.9785345166029263,0.49999999999999967,2.8882036491480383,,,not_applicable,5.638969414007009e-6,Polyorder.Successful(),3.671291182222951e-7,2.2956285199194484e-7,0.1,0.09971131909057904,0.01,"Anderson(SD(0.1); m=10, warmup=100, αw=0.2)","VariableCell(BB(1.0), field_updater)",40,,,,,,,,,,,cases/f0.5_chiN19/native_profiles.csv#model=scft,accepted,reference_gates_pass,,,,
liu2019-stress-free-period-map-v2,stress_free_lamellar_observable,f0.5_chiN19,0.5,19.0,10.495,liu2019_opf,OPF (force/stress mapped),per_state_force_stress_mapping,4.001889509488098,3.9884527636231617,0.003368911871662883,0.003368911871662883,0.004792055100644698,0.9998467920883571,0.9999340579520976,0.0,false,1.0519515037536622,StressRootBisection,49,true,false,true,true,true,true,true,0.027124571225174032,0.9728755953826793,0.4999999999999999,-0.2051874060001273,7.700648808005154e-7,2.2086572457318783e-6,mean-constrained Fourier nonlinear conjugate gradient,3.913805630401326e-8,Polyorder.Successful(),3.671291182222951e-7,2.2956285199194484e-7,0.1,0.09971131909057904,0.01,"Anderson(SD(0.1); m=10, warmup=100, αw=0.2)","VariableCell(BB(1.0), field_updater)",128,,,,,-1.0,-5.90751319988755e-7,1.7814827679279854,0.0545188130576021,0.40568445389674446,0.025364559794367057,cases/f0.5_chiN19/native_profiles.csv#model=liu2019_opf,accepted,model_gates_pass,,,,
liu2019-stress-free-period-map-v2,stress_free_lamellar_observable,f0.5_chiN19,0.5,19.0,10.495,ohta_kawasaki,Ohta-Kawasaki (recomputed),liu2019_ok_asymptotic_quadratic_mapped_c3_c4,3.441707172846591,3.9884527636231617,-0.13708212762682948,0.13708212762682948,0.11608578738832849,0.9100925480489757,0.9986950646514371,0.0,false,1.0195050001144406,StressRootBisection,51,true,false,true,true,true,true,true,0.149405585349619,0.8505944162620699,0.5000000000000001,-1.0576146482707312,7.4519307214112105e-6,1.9597036638841445e-5,mean-constrained Fourier nonlinear conjugate gradient,9.469560130619338e-8,Polyorder.Successful(),3.671291182222951e-7,2.2956285199194484e-7,0.1,0.09971131909057904,0.01,"Anderson(SD(0.1); m=10, warmup=100, αw=0.2)","VariableCell(BB(1.0), field_updater)",128,,,,,-15.433334984911637,-0.0,41.80040898095578,1.0,12.0,,cases/f0.5_chiN19/native_profiles.csv#model=ohta_kawasaki,accepted,model_gates_pass,,,,
liu2019-stress-free-period-map-v2,stress_free_lamellar_observable,f0.5_chiN19,0.5,19.0,10.495,uneyama_doi,Uneyama-Doi,not_applicable,3.4845858329358332,3.9884527636231617,-0.12633142738529246,0.12633142738529246,0.04866778555251103,0.9841976834194707,0.9997315387978966,0.49609375,true,1.0789908330268017,BootstrapLocal,24,true,false,true,true,true,true,true,0.07331494483678802,0.9266850550145047,0.4999999999997798,-0.7319428426443468,9.740947906359075e-7,3.1755950744738762e-6,mean-constrained fused-spectral L-BFGS with profile continuation,,Polyorder.Successful(),3.671291182222951e-7,2.2956285199194484e-7,0.1,0.09971131909057904,0.01,"Anderson(SD(0.1); m=10, warmup=100, αw=0.2)","VariableCell(BB(1.0), field_updater)",128,,,1,,,,,,,,cases/f0.5_chiN19/native_profiles.csv#model=uneyama_doi,accepted,model_gates_pass,,,,
liu2019-stress-free-period-map-v2,stress_free_lamellar_observable,f0.5_chiN19,0.5,19.0,10.495,burp_ti,BURP-TI,not_applicable,3.298035452976552,3.9884527636231617,-0.1731040459958778,0.1731040459958778,0.011871303048018025,0.9990597694243005,0.999884834029536,0.99609375,false,1.0212261058758152,BoundedKKTNewtonGMRES+AnalyticStressRoot,1,true,false,true,true,true,true,true,0.009463205963048305,0.9905367945328909,0.5000000000000002,-1.2005404290562987,0.00040733608836007496,0.0006551622930653601,bounded-KKT Newton-GMRES,5.388936858329241e-5,Polyorder.Successful(),3.671291182222951e-7,2.2956285199194484e-7,0.1,0.09971131909057904,0.01,"Anderson(SD(0.1); m=10, warmup=100, αw=0.2)","VariableCell(BB(1.0), field_updater)",128,64,256,1,,,,,,,,cases/f0.5_chiN19/native_profiles.csv#model=burp_ti,accepted,model_gates_pass,,,,
liu2019-stress-free-period-map-v2,stress_free_lamellar_observable,f0.5_chiN19,0.5,19.0,10.495,bvk2,BVK2,frozen_c2_evaluation,4.001961121019015,3.9884527636231617,0.0033868665862253344,0.0033868665862253344,0.006886766431412722,0.9996835767786657,0.9998535562313363,0.998046875,false,1.2391944324904494,FilteredUDThetaAnalyticCellStressRoot,22,true,false,true,true,true,true,true,0.020428980588105897,0.979571019411877,0.4999999999999349,-1.315860374425981,1.1627403261598807e-11,5.3506500390724365e-11,oversampled filtered UD-theta L-BFGS with cosine-Newton polish,3.3306690738754696e-15,Polyorder.Successful(),3.671291182222951e-7,2.2956285199194484e-7,0.1,0.09971131909057904,0.01,"Anderson(SD(0.1); m=10, warmup=100, αw=0.2)","VariableCell(BB(1.0), field_updater)",256,,,,0.16,,,,,,,cases/f0.5_chiN19/native_profiles.csv#model=bvk2,accepted,model_gates_pass,,2,12.0,ud-theta-spectral-adaptive-k-physical-sensor-filter-oversampled-v2
liu2019-stress-free-period-map-v2,stress_free_lamellar_observable,f0.5_chiN20,0.5,20.0,10.495,scft,SCFT,reference,4.045704782755523,4.045704782755523,0.0,0.0,0.0,1.0,1.0,0.0,false,,Polyorder.cell_solve!,56,true,false,true,true,true,true,true,0.017246060090804333,0.9827538516536225,0.5000000000000006,2.984895018750862,,,not_applicable,5.401726250204554e-7,Polyorder.Successful(),8.23763900585958e-7,5.556852817671538e-7,0.1,0.09632630435132199,0.01,"Anderson(SD(0.1); m=10, warmup=100, αw=0.2)","VariableCell(BB(1.0), field_updater)",42,,,,,,,,,,,cases/f0.5_chiN20/native_profiles.csv#model=scft,accepted,reference_gates_pass,,,,
liu2019-stress-free-period-map-v2,stress_free_lamellar_observable,f0.5_chiN20,0.5,20.0,10.495,liu2019_opf,OPF (force/stress mapped),per_state_force_stress_mapping,4.0626397621480175,4.045704782755523,0.004185915755563263,0.004185915755563263,0.005362513542964134,0.9998150006594345,0.9999186375103515,0.0,false,1.0603498935699462,StressRootBisection,50,true,false,true,true,true,true,true,0.023663104887238495,0.9763367634669327,0.49999999999999994,-0.2228282904070253,8.977431333483836e-7,2.482234096143698e-6,mean-constrained Fourier nonlinear conjugate gradient,4.4332212778207356e-8,Polyorder.Successful(),8.23763900585958e-7,5.556852817671538e-7,0.1,0.09632630435132199,0.01,"Anderson(SD(0.1); m=10, warmup=100, αw=0.2)","VariableCell(BB(1.0), field_updater)",128,,,,,-1.0,4.3223424304794734e-7,1.7914349403960097,0.05101647629662514,0.3689720435123602,0.027274284100594664,cases/f0.5_chiN20/native_profiles.csv#model=liu2019_opf,accepted,model_gates_pass,,,,
liu2019-stress-free-period-map-v2,stress_free_lamellar_observable,f0.5_chiN20,0.5,20.0,10.495,ohta_kawasaki,Ohta-Kawasaki (recomputed),liu2019_ok_asymptotic_quadratic_mapped_c3_c4,3.4545532884224412,4.045704782755523,-0.1461182973243168,0.1461182973243168,0.11944065228300516,0.9082221859984899,0.9985770924947619,0.5,true,1.0233102858066556,StressRootBisection,53,true,false,true,true,true,true,true,0.14749094045063177,0.8525090597891868,0.5000000000000001,-1.218101954048504,6.998801905345685e-6,1.7653813577781786e-5,mean-constrained Fourier nonlinear conjugate gradient,6.753060543653501e-8,Polyorder.Successful(),8.23763900585958e-7,5.556852817671538e-7,0.1,0.09632630435132199,0.01,"Anderson(SD(0.1); m=10, warmup=100, αw=0.2)","VariableCell(BB(1.0), field_updater)",128,,,,,-16.433334984911635,-0.0,45.77286123032753,1.0,12.0,,cases/f0.5_chiN20/native_profiles.csv#model=ohta_kawasaki,accepted,model_gates_pass,,,,
liu2019-stress-free-period-map-v2,stress_free_lamellar_observable,f0.5_chiN20,0.5,20.0,10.495,uneyama_doi,Uneyama-Doi,not_applicable,3.501046387560143,4.045704782755523,-0.13462633198471152,0.13462633198471152,0.04450766311017419,0.9872560822288728,0.9997379073674147,0.49609375,true,1.0840877910004854,BootstrapLocal,28,true,false,true,true,true,true,true,0.06351020837958894,0.9364897917053747,0.49999999999942907,-0.9056279917405821,8.177156103082803e-7,2.183016435708768e-6,mean-constrained fused-spectral L-BFGS with profile continuation,,Polyorder.Successful(),8.23763900585958e-7,5.556852817671538e-7,0.1,0.09632630435132199,0.01,"Anderson(SD(0.1); m=10, warmup=100, αw=0.2)","VariableCell(BB(1.0), field_updater)",128,,,1,,,,,,,,cases/f0.5_chiN20/native_profiles.csv#model=uneyama_doi,accepted,model_gates_pass,,,,
liu2019-stress-free-period-map-v2,stress_free_lamellar_observable,f0.5_chiN20,0.5,20.0,10.495,burp_ti,BURP-TI,not_applicable,3.3160684371971723,4.045704782755523,-0.18034839038883033,0.18034839038883033,0.012185805778477277,0.9990446953753629,0.9998802372354668,0.99609375,false,1.026809961633437,BoundedKKTNewtonGMRES+AnalyticStressRoot,1,true,false,true,true,true,true,true,0.006428996399114004,0.9935710038748777,0.5000000000000002,-1.4250924245354768,0.0004026218950250744,0.0007026204107389699,bounded-KKT Newton-GMRES,5.149499830246997e-5,Polyorder.Successful(),8.23763900585958e-7,5.556852817671538e-7,0.1,0.09632630435132199,0.01,"Anderson(SD(0.1); m=10, warmup=100, αw=0.2)","VariableCell(BB(1.0), field_updater)",128,64,256,1,,,,,,,,cases/f0.5_chiN20/native_profiles.csv#model=burp_ti,accepted,model_gates_pass,,,,
liu2019-stress-free-period-map-v2,stress_free_lamellar_observable,f0.5_chiN20,0.5,20.0,10.495,bvk2,BVK2,holdout,4.053535160581758,4.045704782755523,0.0019354792914230146,0.0019354792914230146,0.006764473574711926,0.9997056308053569,0.9998560486959572,0.998046875,true,1.2551641685160009,FilteredUDThetaAnalyticCellStressRoot,24,true,false,true,true,true,true,true,0.01553803755066609,0.9844619624492781,0.49999999999992517,-1.5836925027931101,1.5965804525178095e-8,4.096814186075991e-8,oversampled filtered UD-theta L-BFGS with cosine-Newton polish,7.351514952347316e-10,Polyorder.Successful(),8.23763900585958e-7,5.556852817671538e-7,0.1,0.09632630435132199,0.01,"Anderson(SD(0.1); m=10, warmup=100, αw=0.2)","VariableCell(BB(1.0), field_updater)",256,,,,0.16,,,,,,,cases/f0.5_chiN20/native_profiles.csv#model=bvk2,accepted,model_gates_pass,,2,12.0,ud-theta-spectral-adaptive-k-physical-sensor-filter-oversampled-v2
liu2019-stress-free-period-map-v2,stress_free_lamellar_observable,f0.5_chiN21,0.5,21.0,10.495,scft,SCFT,reference,4.09952191906127,4.09952191906127,0.0,0.0,0.0,1.0,1.0,0.0,false,,Polyorder.cell_solve!,52,true,false,true,true,true,true,true,0.014004365140849668,0.9859956553091304,0.5000000000000016,3.0764377476401465,,,not_applicable,6.430489307320503e-6,Polyorder.Successful(),6.799135520521203e-7,4.920219998582934e-7,0.1,0.09760766473955404,0.01,"Anderson(SD(0.1); m=10, warmup=100, αw=0.2)","VariableCell(BB(1.0), field_updater)",42,,,,,,,,,,,cases/f0.5_chiN21/native_profiles.csv#model=scft,accepted,reference_gates_pass,,,,
liu2019-stress-free-period-map-v2,stress_free_lamellar_observable,f0.5_chiN21,0.5,21.0,10.495,liu2019_opf,OPF (force/stress mapped),per_state_force_stress_mapping,4.120074905055015,4.09952191906127,0.005013508013747003,0.005013508013747003,0.005981818242491499,0.9997766551136608,0.9999008387144548,0.0,false,1.0687502861022948,StressRootBisection,49,true,false,true,true,true,true,true,0.021099531376723546,0.9789005087215481,0.49999999999999994,-0.2391504143696516,7.538850306584109e-7,2.3756630928980183e-6,mean-constrained Fourier nonlinear conjugate gradient,2.2189935650512874e-8,Polyorder.Successful(),6.799135520521203e-7,4.920219998582934e-7,0.1,0.09760766473955404,0.01,"Anderson(SD(0.1); m=10, warmup=100, αw=0.2)","VariableCell(BB(1.0), field_updater)",128,,,,,-1.0,-1.4487230964759924e-7,1.8010395641200265,0.0479045587999331,0.33804992731706,0.02889966221636712,cases/f0.5_chiN21/native_profiles.csv#model=liu2019_opf,accepted,model_gates_pass,,,,
liu2019-stress-free-period-map-v2,stress_free_lamellar_observable,f0.5_chiN21,0.5,21.0,10.495,ohta_kawasaki,Ohta-Kawasaki (recomputed),liu2019_ok_asymptotic_quadratic_mapped_c3_c4,3.467896752047133,4.09952191906127,-0.15407288446911627,0.15407288446911627,0.12228234777395183,0.9066665919006489,0.9984881326954845,0.5,true,1.0272628962993626,StressRootBisection,53,true,false,true,true,true,true,true,0.14626849967176125,0.8537315020050473,0.5,-1.3811614869667856,4.4239927880438424e-6,1.1909213528262275e-5,mean-constrained Fourier nonlinear conjugate gradient,9.846806225790959e-9,Polyorder.Successful(),6.799135520521203e-7,4.920219998582934e-7,0.1,0.09760766473955404,0.01,"Anderson(SD(0.1); m=10, warmup=100, αw=0.2)","VariableCell(BB(1.0), field_updater)",128,,,,,-17.433334984911635,-0.0,49.78667347969928,1.0,12.0,,cases/f0.5_chiN21/native_profiles.csv#model=ohta_kawasaki,accepted,model_gates_pass,,,,
liu2019-stress-free-period-map-v2,stress_free_lamellar_observable,f0.5_chiN21,0.5,21.0,10.495,uneyama_doi,Uneyama-Doi,not_applicable,3.5174045680885526,4.09952191906127,-0.14199639920598683,0.14199639920598683,0.04080785448157877,0.9896056553842636,0.9997494806677408,0.49609375,true,1.0891530491635424,BootstrapLocal,28,true,false,true,true,true,true,true,0.055533126800095645,0.944466873123152,0.500000000000629,-1.0914784741468737,9.931137633244042e-7,3.076003663023792e-6,mean-constrained fused-spectral L-BFGS with profile continuation,,Polyorder.Successful(),6.799135520521203e-7,4.920219998582934e-7,0.1,0.09760766473955404,0.01,"Anderson(SD(0.1); m=10, warmup=100, αw=0.2)","VariableCell(BB(1.0), field_updater)",128,,,1,,,,,,,,cases/f0.5_chiN21/native_profiles.csv#model=uneyama_doi,accepted,model_gates_pass,,,,
liu2019-stress-free-period-map-v2,stress_free_lamellar_observable,f0.5_chiN21,0.5,21.0,10.495,burp_ti,BURP-TI,not_applicable,3.3356756096441686,4.09952191906127,-0.18632570443531393,0.18632570443531393,0.0124812901967908,0.9990276367210551,0.9998777604237622,0.99609375,false,1.0328812597291595,BoundedKKTNewtonGMRES+AnalyticStressRoot,1,true,false,true,true,true,true,true,0.004408254569597836,0.9955917452722852,0.5000000000000001,-1.6602550458619882,0.0004559427919706841,0.0006991162023870321,bounded-KKT Newton-GMRES,1.7585426314088345e-5,Polyorder.Successful(),6.799135520521203e-7,4.920219998582934e-7,0.1,0.09760766473955404,0.01,"Anderson(SD(0.1); m=10, warmup=100, αw=0.2)","VariableCell(BB(1.0), field_updater)",128,64,256,1,,,,,,,,cases/f0.5_chiN21/native_profiles.csv#model=burp_ti,accepted,model_gates_pass,,,,
liu2019-stress-free-period-map-v2,stress_free_lamellar_observable,f0.5_chiN21,0.5,21.0,10.495,bvk2,BVK2,frozen_c2_evaluation,4.10255695768739,4.09952191906127,0.0007403396508280924,0.0007403396508280924,0.006668879089526652,0.9997224082545607,0.9998614624685215,0.498046875,false,1.2703436108461421,FilteredUDThetaAnalyticCellStressRoot,22,true,false,true,true,true,true,true,0.011898721729897515,0.9881012782700691,0.4999999999998039,-1.8663941248111966,1.0882776303223275e-11,2.71525758864484e-11,oversampled filtered UD-theta L-BFGS with cosine-Newton polish,2.7000623958883807e-13,Polyorder.Successful(),6.799135520521203e-7,4.920219998582934e-7,0.1,0.09760766473955404,0.01,"Anderson(SD(0.1); m=10, warmup=100, αw=0.2)","VariableCell(BB(1.0), field_updater)",256,,,,0.16,,,,,,,cases/f0.5_chiN21/native_profiles.csv#model=bvk2,accepted,model_gates_pass,,2,12.0,ud-theta-spectral-adaptive-k-physical-sensor-filter-oversampled-v2
liu2019-stress-free-period-map-v2,stress_free_lamellar_observable,f0.5_chiN22,0.5,22.0,10.495,scft,SCFT,reference,4.150425150279517,4.150425150279517,0.0,0.0,0.0,1.0,1.0,0.0,false,,Polyorder.cell_solve!,62,true,false,true,true,true,true,true,0.011477097307488658,0.9885227966200133,0.4999999999999999,3.16348102500873,,,not_applicable,1.4454871808554965e-7,Polyorder.Successful(),6.669311911098587e-7,5.026407662397001e-7,0.1,0.0988196464352266,0.01,"Anderson(SD(0.1); m=10, warmup=100, αw=0.2)","VariableCell(BB(1.0), field_updater)",42,,,,,,,,,,,cases/f0.5_chiN22/native_profiles.csv#model=scft,accepted,reference_gates_pass,,,,
liu2019-stress-free-period-map-v2,stress_free_lamellar_observable,f0.5_chiN22,0.5,22.0,10.495,liu2019_opf,OPF (force/stress mapped),per_state_force_stress_mapping,4.174650051519038,4.150425150279517,0.005836727651356233,0.005836727651356233,0.0065754232312260465,0.9997370112062868,0.9998822954787149,0.0,false,1.077107620239258,StressRootBisection,47,true,false,true,true,true,true,true,0.019167699172699115,0.9808323460308233,0.49999999999999994,-0.2543392629555793,7.045461643740755e-7,2.0084216405764303e-6,mean-constrained Fourier nonlinear conjugate gradient,4.501759056555347e-8,Polyorder.Successful(),6.669311911098587e-7,5.026407662397001e-7,0.1,0.0988196464352266,0.01,"Anderson(SD(0.1); m=10, warmup=100, αw=0.2)","VariableCell(BB(1.0), field_updater)",128,,,,,-1.0,-1.5729820320418286e-7,1.8101825335214567,0.045119949530352775,0.3116335229779496,0.030287372787811045,cases/f0.5_chiN22/native_profiles.csv#model=liu2019_opf,accepted,model_gates_pass,,,,
liu2019-stress-free-period-map-v2,stress_free_lamellar_observable,f0.5_chiN22,0.5,22.0,10.495,ohta_kawasaki,Ohta-Kawasaki (recomputed),liu2019_ok_asymptotic_quadratic_mapped_c3_c4,3.48162981201934,4.150425150279517,-0.16113899517381636,0.16113899517381636,0.1248031951863275,0.9052582880384087,0.9984127551653463,0.5,true,1.0313309133052826,StressRootBisection,53,true,false,true,true,true,true,true,0.14556071274573484,0.85443928796019,0.5,-1.5464578883553937,3.225721261795853e-6,8.282052800095264e-6,mean-constrained Fourier nonlinear conjugate gradient,5.3449106089302755e-9,Polyorder.Successful(),6.669311911098587e-7,5.026407662397001e-7,0.1,0.0988196464352266,0.01,"Anderson(SD(0.1); m=10, warmup=100, αw=0.2)","VariableCell(BB(1.0), field_updater)",128,,,,,-18.433334984911635,-0.0,53.84184572907103,1.0,12.0,,cases/f0.5_chiN22/native_profiles.csv#model=ohta_kawasaki,accepted,model_gates_pass,,,,
liu2019-stress-free-period-map-v2,stress_free_lamellar_observable,f0.5_chiN22,0.5,22.0,10.495,uneyama_doi,Uneyama-Doi,not_applicable,3.5335541847694802,4.150425150279517,-0.14862837978622323,0.14862837978622323,0.03758034255135622,0.9914096414998927,0.9997596700480434,0.49609375,true,1.0941537261997962,BootstrapLocal,28,true,false,true,true,true,true,true,0.04896158292980905,0.9510384170973889,0.5000000000000654,-1.2884131845190638,9.257011155214377e-7,2.4151107450257387e-6,mean-constrained fused-spectral L-BFGS with profile continuation,,Polyorder.Successful(),6.669311911098587e-7,5.026407662397001e-7,0.1,0.0988196464352266,0.01,"Anderson(SD(0.1); m=10, warmup=100, αw=0.2)","VariableCell(BB(1.0), field_updater)",128,,,1,,,,,,,,cases/f0.5_chiN22/native_profiles.csv#model=uneyama_doi,accepted,model_gates_pass,,,,
liu2019-stress-free-period-map-v2,stress_free_lamellar_observable,f0.5_chiN22,0.5,22.0,10.495,burp_ti,BURP-TI,not_applicable,3.3564849557881744,4.150425150279517,-0.19129129323965122,0.19129129323965122,0.012759364790375673,0.9990097429845396,0.9998726027261374,0.99609375,false,1.0393248070564889,BoundedKKTNewtonGMRES+AnalyticStressRoot,1,true,false,true,true,true,true,true,0.003038239982600369,0.996961758934386,0.49999999999999983,-1.9053029767817105,0.0004653484118947987,0.0009566044287850472,bounded-KKT Newton-GMRES,3.3794752273159465e-5,Polyorder.Successful(),6.669311911098587e-7,5.026407662397001e-7,0.1,0.0988196464352266,0.01,"Anderson(SD(0.1); m=10, warmup=100, αw=0.2)","VariableCell(BB(1.0), field_updater)",128,64,256,1,,,,,,,,cases/f0.5_chiN22/native_profiles.csv#model=burp_ti,accepted,model_gates_pass,,,,
liu2019-stress-free-period-map-v2,stress_free_lamellar_observable,f0.5_chiN22,0.5,22.0,10.495,bvk2,BVK2,frozen_c2_evaluation,4.149279318075329,4.150425150279517,-0.00027607586276101603,0.00027607586276101603,0.0066652217664882295,0.9997297842242316,0.9998650341944997,0.998046875,true,1.2848110399676933,FilteredUDThetaAnalyticCellStressRoot,23,true,false,true,true,true,true,true,0.009166339441928004,0.9908336605580729,0.5000000000000066,-2.162593832522939,1.567121220768352e-11,5.265081789315571e-11,oversampled filtered UD-theta L-BFGS with cosine-Newton polish,7.536387514051057e-9,Polyorder.Successful(),6.669311911098587e-7,5.026407662397001e-7,0.1,0.0988196464352266,0.01,"Anderson(SD(0.1); m=10, warmup=100, αw=0.2)","VariableCell(BB(1.0), field_updater)",256,,,,0.16,,,,,,,cases/f0.5_chiN22/native_profiles.csv#model=bvk2,accepted,model_gates_pass,,2,12.0,ud-theta-spectral-adaptive-k-physical-sensor-filter-oversampled-v2
liu2019-stress-free-period-map-v2,stress_free_lamellar_observable,f0.5_chiN23,0.5,23.0,10.495,scft,SCFT,reference,4.198673813922832,4.198673813922832,0.0,0.0,0.0,1.0,1.0,0.0,false,,Polyorder.cell_solve!,99,true,false,true,true,true,true,true,0.00948185470252643,0.9905175750863594,0.5000000000000006,3.246546444767863,,,not_applicable,4.839643244541205e-7,Polyorder.Successful(),7.755656777843031e-7,5.524328006706574e-7,0.1,0.09996842414101981,0.01,"Anderson(SD(0.1); m=10, warmup=100, αw=0.2)","VariableCell(BB(1.0), field_updater)",42,,,,,,,,,,,cases/f0.5_chiN23/native_profiles.csv#model=scft,accepted,reference_gates_pass,,,,
liu2019-stress-free-period-map-v2,stress_free_lamellar_observable,f0.5_chiN23,0.5,23.0,10.495,liu2019_opf,OPF (force/stress mapped),per_state_force_stress_mapping,4.226572878249337,4.198673813922832,0.006644732494815786,0.006644732494815786,0.007101311577462667,0.9997000560618641,0.999864981952904,0.0,false,1.0853848457336426,StressRootBisection,49,true,false,true,true,true,true,true,0.01768632432932782,0.9823136958209084,0.49999999999999994,-0.26853082839115705,4.099790795060973e-7,1.2498519722427486e-6,mean-constrained Fourier nonlinear conjugate gradient,4.9670428111908575e-8,Polyorder.Successful(),7.755656777843031e-7,5.524328006706574e-7,0.1,0.09996842414101981,0.01,"Anderson(SD(0.1); m=10, warmup=100, αw=0.2)","VariableCell(BB(1.0), field_updater)",128,,,,,-1.0,-7.116560371874779e-8,1.8187952424738976,0.04261244039441445,0.28882677248109173,0.03147168889543686,cases/f0.5_chiN23/native_profiles.csv#model=liu2019_opf,accepted,model_gates_pass,,,,
liu2019-stress-free-period-map-v2,stress_free_lamellar_observable,f0.5_chiN23,0.5,23.0,10.495,ohta_kawasaki,Ohta-Kawasaki (recomputed),liu2019_ok_asymptotic_quadratic_mapped_c3_c4,3.4956582384198747,4.198673813922832,-0.16743753067260247,0.16743753067260247,0.1270699627368628,0.9039607504057325,0.9983507059301103,0.5,true,1.035486423969269,StressRootBisection,52,true,false,true,true,true,true,true,0.14524048268994455,0.8547595147221437,0.5,-1.7137187189097443,7.751774117507342e-6,2.1121753482504817e-5,mean-constrained Fourier nonlinear conjugate gradient,6.983090667823804e-8,Polyorder.Successful(),7.755656777843031e-7,5.524328006706574e-7,0.1,0.09996842414101981,0.01,"Anderson(SD(0.1); m=10, warmup=100, αw=0.2)","VariableCell(BB(1.0), field_updater)",128,,,,,-19.433334984911635,-0.0,57.93837797844278,1.0,12.0,,cases/f0.5_chiN23/native_profiles.csv#model=ohta_kawasaki,accepted,model_gates_pass,,,,
liu2019-stress-free-period-map-v2,stress_free_lamellar_observable,f0.5_chiN23,0.5,23.0,10.495,uneyama_doi,Uneyama-Doi,not_applicable,3.549474097056053,4.198673813922832,-0.15462018380995157,0.15462018380995157,0.034745178638276364,0.9928195435803073,0.9997700395717587,0.49609375,true,1.0990832760066753,BootstrapLocal,28,true,false,true,true,true,true,true,0.043489181163534105,0.9565108173516386,0.4999999999999687,-1.4955205763331225,7.195211226890795e-7,1.9536684110847904e-6,mean-constrained fused-spectral L-BFGS with profile continuation,,Polyorder.Successful(),7.755656777843031e-7,5.524328006706574e-7,0.1,0.09996842414101981,0.01,"Anderson(SD(0.1); m=10, warmup=100, αw=0.2)","VariableCell(BB(1.0), field_updater)",128,,,1,,,,,,,,cases/f0.5_chiN23/native_profiles.csv#model=uneyama_doi,accepted,model_gates_pass,,,,
liu2019-stress-free-period-map-v2,stress_free_lamellar_observable,f0.5_chiN23,0.5,23.0,10.495,burp_ti,BURP-TI,not_applicable,3.3781097224260215,4.198673813922832,-0.19543411273717282,0.19543411273717282,0.013006958126854066,0.9989937302040871,0.9998666377634279,0.49609375,true,1.0460208467258354,BoundedKKTNewtonGMRES+AnalyticStressRoot,1,true,false,true,true,true,true,true,0.002080337031344271,0.997919663037007,0.5000000000000002,-2.159581480390601,0.000416912684535027,0.0007053301179703649,bounded-KKT Newton-GMRES,7.171702648514306e-5,Polyorder.Successful(),7.755656777843031e-7,5.524328006706574e-7,0.1,0.09996842414101981,0.01,"Anderson(SD(0.1); m=10, warmup=100, αw=0.2)","VariableCell(BB(1.0), field_updater)",128,64,256,1,,,,,,,,cases/f0.5_chiN23/native_profiles.csv#model=burp_ti,accepted,model_gates_pass,,,,
liu2019-stress-free-period-map-v2,stress_free_lamellar_observable,f0.5_chiN23,0.5,23.0,10.495,bvk2,BVK2,frozen_c2_evaluation,4.193918591254673,4.198673813922832,-0.0011325534868630305,0.0011325534868630305,0.006675341682981151,0.9997349656818763,0.999868503406892,0.498046875,false,1.2986334478126196,FilteredUDThetaAnalyticCellStressRoot,24,true,false,true,true,true,true,true,0.00709881920015846,0.992901180799818,0.49999999999979244,-2.4711375625320655,1.1989219519639063e-11,3.3133572462774996e-11,oversampled filtered UD-theta L-BFGS with cosine-Newton polish,3.013145288832675e-13,Polyorder.Successful(),7.755656777843031e-7,5.524328006706574e-7,0.1,0.09996842414101981,0.01,"Anderson(SD(0.1); m=10, warmup=100, αw=0.2)","VariableCell(BB(1.0), field_updater)",256,,,,0.16,,,,,,,cases/f0.5_chiN23/native_profiles.csv#model=bvk2,accepted,model_gates_pass,,2,12.0,ud-theta-spectral-adaptive-k-physical-sensor-filter-oversampled-v2
liu2019-stress-free-period-map-v2,stress_free_lamellar_observable,f0.5_chiN24,0.5,24.0,10.495,scft,SCFT,reference,4.2445688692625305,4.2445688692625305,0.0,0.0,0.0,1.0,1.0,0.0,false,,Polyorder.cell_solve!,19,true,false,true,true,true,true,true,0.007888703499354775,0.9921119743108073,0.4999999999999995,3.326059496137532,,,not_applicable,4.347323152656251e-6,Polyorder.Successful(),8.141899832468665e-7,5.756959489689197e-7,0.1,0.10106116355386978,0.01,"Anderson(SD(0.1); m=10, warmup=100, αw=0.2)","VariableCell(BB(1.0), field_updater)",42,,,,,,,,,,,cases/f0.5_chiN24/native_profiles.csv#model=scft,accepted,reference_gates_pass,,,,
liu2019-stress-free-period-map-v2,stress_free_lamellar_observable,f0.5_chiN24,0.5,24.0,10.495,liu2019_opf,OPF (force/stress mapped),per_state_force_stress_mapping,4.276112710659651,4.2445688692625305,0.007431577238750542,0.007431577238750542,0.007593184173469831,0.9996637396836896,0.9998478834276587,0.0,false,1.09355993270874,StressRootBisection,49,true,false,true,true,true,true,true,0.01652936050403364,0.983470956820739,0.5000000000000001,-0.28184844205693066,6.953295740261396e-7,1.911100842971177e-6,mean-constrained Fourier nonlinear conjugate gradient,7.883703133369329e-9,Polyorder.Successful(),8.141899832468665e-7,5.756959489689197e-7,0.1,0.10106116355386978,0.01,"Anderson(SD(0.1); m=10, warmup=100, αw=0.2)","VariableCell(BB(1.0), field_updater)",128,,,,,-1.0,-1.1012137361429008e-6,1.8268654438443697,0.0403420151757809,0.26893717871407047,0.03248722728014979,cases/f0.5_chiN24/native_profiles.csv#model=liu2019_opf,accepted,model_gates_pass,,,,
liu2019-stress-free-period-map-v2,stress_free_lamellar_observable,f0.5_chiN24,0.5,24.0,10.495,ohta_kawasaki,Ohta-Kawasaki (recomputed),liu2019_ok_asymptotic_quadratic_mapped_c3_c4,3.5099017456673582,4.2445688692625305,-0.17308403897397862,0.17308403897397862,0.12913557361600342,0.9027432973287658,0.9982991164197926,0.0,false,1.0397056460380556,StressRootBisection,52,true,false,true,true,true,true,true,0.1452152779262018,0.85478472058626,0.49999999999999994,-1.8827156115893264,7.268214592790106e-6,2.0074414756241746e-5,mean-constrained Fourier nonlinear conjugate gradient,4.31854045694254e-8,Polyorder.Successful(),8.141899832468665e-7,5.756959489689197e-7,0.1,0.10106116355386978,0.01,"Anderson(SD(0.1); m=10, warmup=100, αw=0.2)","VariableCell(BB(1.0), field_updater)",128,,,,,-20.433334984911635,-0.0,62.07627022781453,1.0,12.0,,cases/f0.5_chiN24/native_profiles.csv#model=ohta_kawasaki,accepted,model_gates_pass,,,,
liu2019-stress-free-period-map-v2,stress_free_lamellar_observable,f0.5_chiN24,0.5,24.0,10.495,uneyama_doi,Uneyama-Doi,not_applicable,3.561946288155726,4.2445688692625305,-0.16082259521104358,0.16082259521104358,0.03228975614402609,0.9939192481610916,0.9997763652184116,0.99609375,false,1.1029452499999999,BootstrapLocal,28,true,false,true,true,true,true,true,0.038863803265031895,0.9611361966505613,0.49999999999900874,-1.7104779160595722,5.954054309222127e-7,1.4595139563550362e-6,mean-constrained fused-spectral L-BFGS with profile continuation,,Polyorder.Successful(),8.141899832468665e-7,5.756959489689197e-7,0.1,0.10106116355386978,0.01,"Anderson(SD(0.1); m=10, warmup=100, αw=0.2)","VariableCell(BB(1.0), field_updater)",128,,,1,,,,,,,,cases/f0.5_chiN24/native_profiles.csv#model=uneyama_doi,accepted,model_gates_pass,,,,
liu2019-stress-free-period-map-v2,stress_free_lamellar_observable,f0.5_chiN24,0.5,24.0,10.495,burp_ti,BURP-TI,not_applicable,3.400255811897217,4.2445688692625305,-0.19891609333505955,0.19891609333505955,0.013245600255671022,0.9989767752468278,0.9998593972276619,0.99609375,false,1.0528783123393826,BoundedKKTNewtonGMRES+AnalyticStressRoot,1,true,false,true,true,true,true,true,0.001384476220517419,0.9986155230362326,0.5000000000000002,-2.4225201298501817,0.0004836639855460017,0.0008914606983231217,bounded-KKT Newton-GMRES,5.363470310083475e-6,Polyorder.Successful(),8.141899832468665e-7,5.756959489689197e-7,0.1,0.10106116355386978,0.01,"Anderson(SD(0.1); m=10, warmup=100, αw=0.2)","VariableCell(BB(1.0), field_updater)",128,64,256,1,,,,,,,,cases/f0.5_chiN24/native_profiles.csv#model=burp_ti,accepted,model_gates_pass,,,,
liu2019-stress-free-period-map-v2,stress_free_lamellar_observable,f0.5_chiN24,0.5,24.0,10.495,bvk2,BVK2,frozen_c2_evaluation,4.236662288832361,4.2445688692625305,-0.0018627523015178893,0.0018627523015178893,0.006707912435887068,0.9997375810228823,0.9998708276917002,0.498046875,false,1.311868896748925,FilteredUDThetaAnalyticCellStressRoot,24,true,false,true,true,true,true,true,0.005523624236400473,0.9944763757635995,0.4999999999999996,-2.7910463284861073,1.4038395939045824e-11,4.0593710105387284e-11,oversampled filtered UD-theta L-BFGS with cosine-Newton polish,6.1667411177523945e-9,Polyorder.Successful(),8.141899832468665e-7,5.756959489689197e-7,0.1,0.10106116355386978,0.01,"Anderson(SD(0.1); m=10, warmup=100, αw=0.2)","VariableCell(BB(1.0), field_updater)",256,,,,0.16,,,,,,,cases/f0.5_chiN24/native_profiles.csv#model=bvk2,accepted,model_gates_pass,,2,12.0,ud-theta-spectral-adaptive-k-physical-sensor-filter-oversampled-v2
liu2019-stress-free-period-map-v2,stress_free_lamellar_observable,f0.5_chiN25,0.5,25.0,10.495,scft,SCFT,reference,4.288399242951865,4.288399242951865,0.0,0.0,0.0,1.0,1.0,0.0,false,,Polyorder.cell_solve!,206,true,false,true,true,true,true,true,0.006620847650107232,0.9933791124910251,0.5000000000000006,3.4023799470672556,,,not_applicable,1.189046383882431e-6,Polyorder.Successful(),8.31794698430983e-7,6.127476392088057e-7,0.1,0.10210474387980631,0.01,"Anderson(SD(0.1); m=10, warmup=100, αw=0.2)","VariableCell(BB(1.0), field_updater)",42,,,,,,,,,,,cases/f0.5_chiN25/native_profiles.csv#model=scft,accepted,reference_gates_pass,,,,
liu2019-stress-free-period-map-v2,stress_free_lamellar_observable,f0.5_chiN25,0.5,25.0,10.495,liu2019_opf,OPF (force/stress mapped),per_state_force_stress_mapping,4.3235293819787515,4.288399242951865,0.008191900295809518,0.008191900295809518,0.008058328196814313,0.999627822042763,0.9998308826811607,0.99609375,false,1.1016188621520993,StressRootBisection,49,true,false,true,true,true,true,true,0.015587752129985533,0.984412176054765,0.5,-0.29439662026796576,4.597714835807742e-7,1.52935386866395e-6,mean-constrained Fourier nonlinear conjugate gradient,4.615515888268775e-8,Polyorder.Successful(),8.31794698430983e-7,6.127476392088057e-7,0.1,0.10210474387980631,0.01,"Anderson(SD(0.1); m=10, warmup=100, αw=0.2)","VariableCell(BB(1.0), field_updater)",128,,,,,-1.0,2.5922944015584824e-7,1.8344112420255858,0.038276555151791694,0.2514340628035906,0.033356784589131716,cases/f0.5_chiN25/native_profiles.csv#model=liu2019_opf,accepted,model_gates_pass,,,,
liu2019-stress-free-period-map-v2,stress_free_lamellar_observable,f0.5_chiN25,0.5,25.0,10.495,ohta_kawasaki,Ohta-Kawasaki (recomputed),liu2019_ok_asymptotic_quadratic_mapped_c3_c4,3.5242912459062383,4.288399242951865,-0.17818023783617276,0.17818023783617276,0.13103916062459348,0.9015846252557582,0.9982558938238096,0.49609375,true,1.0439681142568589,StressRootBisection,54,true,false,true,true,true,true,true,0.14541596901891812,0.8545840310699641,0.5,-2.053251391683198,7.158110107130541e-6,1.7426023963018082e-5,mean-constrained Fourier nonlinear conjugate gradient,7.04161763753397e-8,Polyorder.Successful(),8.31794698430983e-7,6.127476392088057e-7,0.1,0.10210474387980631,0.01,"Anderson(SD(0.1); m=10, warmup=100, αw=0.2)","VariableCell(BB(1.0), field_updater)",128,,,,,-21.433334984911635,-0.0,66.25552247718628,1.0,12.0,,cases/f0.5_chiN25/native_profiles.csv#model=ohta_kawasaki,accepted,model_gates_pass,,,,
liu2019-stress-free-period-map-v2,stress_free_lamellar_observable,f0.5_chiN25,0.5,25.0,10.495,uneyama_doi,Uneyama-Doi,not_applicable,3.5805603662082652,4.288399242951865,-0.16505899675897895,0.16505899675897895,0.0300457805420069,0.9948259844811086,0.999787047198653,0.4921875,true,1.1087090395999288,BootstrapLocal,28,true,false,true,true,true,true,true,0.034987214448750116,0.9650127855566374,0.5000000000000644,-1.9372004220060917,8.76791236261425e-7,2.1324381552019226e-6,mean-constrained fused-spectral L-BFGS with profile continuation,,Polyorder.Successful(),8.31794698430983e-7,6.127476392088057e-7,0.1,0.10210474387980631,0.01,"Anderson(SD(0.1); m=10, warmup=100, αw=0.2)","VariableCell(BB(1.0), field_updater)",128,,,1,,,,,,,,cases/f0.5_chiN25/native_profiles.csv#model=uneyama_doi,accepted,model_gates_pass,,,,
liu2019-stress-free-period-map-v2,stress_free_lamellar_observable,f0.5_chiN25,0.5,25.0,10.495,burp_ti,BURP-TI,not_applicable,3.422737523180566,4.288399242951865,-0.20186127054146008,0.20186127054146008,0.01347060638429244,0.9989599959330542,0.9998505241807748,0.9921875,false,1.0598397021711983,BoundedKKTNewtonGMRES+AnalyticStressRoot,1,true,false,true,true,true,true,true,0.0008558526859698898,0.9991441466307154,0.49999999999999994,-2.693641415238696,0.00044838697459674293,0.0008608684592725235,bounded-KKT Newton-GMRES,5.2633168764964225e-5,Polyorder.Successful(),8.31794698430983e-7,6.127476392088057e-7,0.1,0.10210474387980631,0.01,"Anderson(SD(0.1); m=10, warmup=100, αw=0.2)","VariableCell(BB(1.0), field_updater)",128,64,256,1,,,,,,,,cases/f0.5_chiN25/native_profiles.csv#model=burp_ti,accepted,model_gates_pass,,,,
liu2019-stress-free-period-map-v2,stress_free_lamellar_observable,f0.5_chiN25,0.5,25.0,10.495,bvk2,BVK2,training,4.277674465408577,4.288399242951865,-0.00250088131624282,0.00250088131624282,0.0067659548600040404,0.9997376311029965,0.9998716605342547,0.494140625,false,1.324568185757665,FilteredUDThetaAnalyticCellStressRoot,25,true,false,true,true,true,true,true,0.0043162068908872515,0.9956837931091514,0.5000000000005105,-3.1214832239174624,9.541735673216643e-12,2.9891287442019663e-11,oversampled filtered UD-theta L-BFGS with cosine-Newton polish,7.622791287076325e-13,Polyorder.Successful(),8.31794698430983e-7,6.127476392088057e-7,0.1,0.10210474387980631,0.01,"Anderson(SD(0.1); m=10, warmup=100, αw=0.2)","VariableCell(BB(1.0), field_updater)",256,,,,0.16,,,,,,,cases/f0.5_chiN25/native_profiles.csv#model=bvk2,accepted,model_gates_pass,,2,12.0,ud-theta-spectral-adaptive-k-physical-sensor-filter-oversampled-v2
liu2019-stress-free-period-map-v2,stress_free_lamellar_observable,f0.5_chiN26,0.5,26.0,10.495,scft,SCFT,reference,4.330322942753145,4.330322942753145,0.0,0.0,0.0,1.0,1.0,0.0,false,,Polyorder.cell_solve!,80,true,false,true,true,true,true,true,0.0055578354124052026,0.9944426390768648,0.5000000000000006,3.4758006029574684,,,not_applicable,1.221994009898385e-6,Polyorder.Successful(),6.952383663874307e-7,4.1474573194568275e-7,0.1,0.09021506130735718,0.01,"Anderson(SD(0.1); m=10, warmup=100, αw=0.2)","VariableCell(BB(1.0), field_updater)",48,,,,,,,,,,,cases/f0.5_chiN26/native_profiles.csv#model=scft,accepted,reference_gates_pass,,,,
liu2019-stress-free-period-map-v2,stress_free_lamellar_observable,f0.5_chiN26,0.5,26.0,10.495,liu2019_opf,OPF (force/stress mapped),per_state_force_stress_mapping,4.368958038624893,4.330322942753145,0.0089219895103676,0.0089219895103676,0.008095075114584708,0.9996306856083432,0.9998295643097521,0.0,false,1.1095476150512695,StressRootBisection,48,true,false,true,true,true,true,true,0.014721783492144813,0.9852782837180083,0.5,-0.3062545429030254,5.551503031630667e-7,1.7960694133387208e-6,mean-constrained Fourier nonlinear conjugate gradient,6.915696464499496e-8,Polyorder.Successful(),6.952383663874307e-7,4.1474573194568275e-7,0.1,0.09021506130735718,0.01,"Anderson(SD(0.1); m=10, warmup=100, αw=0.2)","VariableCell(BB(1.0), field_updater)",128,,,,,-1.0,-2.3584458748147647e-7,1.8414445719670034,0.03638962643088365,0.2359224954919488,0.034104205720603444,cases/f0.5_chiN26/native_profiles.csv#model=liu2019_opf,accepted,model_gates_pass,,,,
liu2019-stress-free-period-map-v2,stress_free_lamellar_observable,f0.5_chiN26,0.5,26.0,10.495,ohta_kawasaki,Ohta-Kawasaki (recomputed),liu2019_ok_asymptotic_quadratic_mapped_c3_c4,3.5387677926175587,4.330322942753145,-0.1827935608036496,0.1827935608036496,0.13311834922366297,0.9001310893576531,0.9981659284635581,0.0,false,1.0482563674449925,StressRootBisection,53,true,false,true,true,true,true,true,0.14579069069218098,0.8542093087684901,0.49999999999999994,-2.2251522359847002,8.248009170130987e-6,1.9503197351600986e-5,mean-constrained Fourier nonlinear conjugate gradient,5.685640553203994e-8,Polyorder.Successful(),6.952383663874307e-7,4.1474573194568275e-7,0.1,0.09021506130735718,0.01,"Anderson(SD(0.1); m=10, warmup=100, αw=0.2)","VariableCell(BB(1.0), field_updater)",128,,,,,-22.433334984911635,-0.0,70.47613472655803,1.0,12.0,,cases/f0.5_chiN26/native_profiles.csv#model=ohta_kawasaki,accepted,model_gates_pass,,,,
liu2019-stress-free-period-map-v2,stress_free_lamellar_observable,f0.5_chiN26,0.5,26.0,10.495,uneyama_doi,Uneyama-Doi,not_applicable,3.5957037643798606,4.330322942753145,-0.1696453562667143,0.1696453562667143,0.028441470200897528,0.9954411159092968,0.9997771798904519,0.99609375,false,1.1133981443002887,BootstrapLocal,28,true,false,true,true,true,true,true,0.03165354752563436,0.9683464525280068,0.5000000000003785,-2.1704802797783618,9.4401314491877e-7,2.694700658633436e-6,mean-constrained fused-spectral L-BFGS with profile continuation,,Polyorder.Successful(),6.952383663874307e-7,4.1474573194568275e-7,0.1,0.09021506130735718,0.01,"Anderson(SD(0.1); m=10, warmup=100, αw=0.2)","VariableCell(BB(1.0), field_updater)",128,,,1,,,,,,,,cases/f0.5_chiN26/native_profiles.csv#model=uneyama_doi,accepted,model_gates_pass,,,,
liu2019-stress-free-period-map-v2,stress_free_lamellar_observable,f0.5_chiN26,0.5,26.0,10.495,burp_ti,BURP-TI,not_applicable,3.4452975111873014,4.330322942753145,-0.20437862100953597,0.20437862100953597,0.013494734957925575,0.9989736790728952,0.9998384562116478,0.99609375,false,1.0668253301394879,BoundedKKTNewtonGMRES+AnalyticStressRoot,1,true,false,true,true,true,true,true,0.0004009800830826551,0.9995990198398995,0.5000000000000001,-2.9724218154043447,0.0004727644765368596,0.0008629235237830723,bounded-KKT Newton-GMRES,7.857775316161255e-5,Polyorder.Successful(),6.952383663874307e-7,4.1474573194568275e-7,0.1,0.09021506130735718,0.01,"Anderson(SD(0.1); m=10, warmup=100, αw=0.2)","VariableCell(BB(1.0), field_updater)",128,64,256,1,,,,,,,,cases/f0.5_chiN26/native_profiles.csv#model=burp_ti,accepted,model_gates_pass,,,,
liu2019-stress-free-period-map-v2,stress_free_lamellar_observable,f0.5_chiN26,0.5,26.0,10.495,bvk2,BVK2,frozen_c2_evaluation,4.317099506319436,4.330322942753145,-0.003053683664826501,0.003053683664826501,0.007117662261128225,0.9997144816402266,0.9998592168343013,0.998046875,true,1.3367760232953283,FilteredUDThetaAnalyticCellStressRoot,25,true,false,true,true,true,true,true,0.0033856630181499205,0.9966143369818498,0.49999999999999556,-3.461727352040082,1.1503258059266186e-11,4.277493484957819e-11,oversampled filtered UD-theta L-BFGS with cosine-Newton polish,9.043453763624143e-9,Polyorder.Successful(),6.952383663874307e-7,4.1474573194568275e-7,0.1,0.09021506130735718,0.01,"Anderson(SD(0.1); m=10, warmup=100, αw=0.2)","VariableCell(BB(1.0), field_updater)",256,,,,0.16,,,,,,,cases/f0.5_chiN26/native_profiles.csv#model=bvk2,accepted,model_gates_pass,,2,12.0,ud-theta-spectral-adaptive-k-physical-sensor-filter-oversampled-v2
liu2019-stress-free-period-map-v2,stress_free_lamellar_observable,f0.5_chiN27,0.5,27.0,10.495,scft,SCFT,reference,4.3705610135122885,4.3705610135122885,0.0,0.0,0.0,1.0,1.0,0.0,false,,Polyorder.cell_solve!,26,true,false,true,true,true,true,true,0.004700006621369945,0.9953005186738968,0.5000000000000001,3.5465775225956335,,,not_applicable,5.61710310352792e-6,Polyorder.Successful(),7.785320759240295e-7,5.364171111647035e-7,0.1,0.09105335444817268,0.01,"Anderson(SD(0.1); m=10, warmup=100, αw=0.2)","VariableCell(BB(1.0), field_updater)",48,,,,,,,,,,,cases/f0.5_chiN27/native_profiles.csv#model=scft,accepted,reference_gates_pass,,,,
liu2019-stress-free-period-map-v2,stress_free_lamellar_observable,f0.5_chiN27,0.5,27.0,10.495,liu2019_opf,OPF (force/stress mapped),per_state_force_stress_mapping,4.412636551285395,4.3705610135122885,0.0096270336103359,0.0096270336103359,0.008456969572710254,0.9996025565759927,0.9998161214305323,0.0,false,1.117350196838379,StressRootBisection,48,true,false,true,true,true,true,true,0.01390601534225172,0.9860941731188333,0.5,-0.3175024826082191,4.4854121989821136e-7,1.2222685315527314e-6,mean-constrained Fourier nonlinear conjugate gradient,9.849484497236079e-8,Polyorder.Successful(),7.785320759240295e-7,5.364171111647035e-7,0.1,0.09105335444817268,0.01,"Anderson(SD(0.1); m=10, warmup=100, αw=0.2)","VariableCell(BB(1.0), field_updater)",128,,,,,-1.0,-6.90711338740077e-7,1.84801372312942,0.03465834949800685,0.22207105581591338,0.03475212996164642,cases/f0.5_chiN27/native_profiles.csv#model=liu2019_opf,accepted,model_gates_pass,,,,
liu2019-stress-free-period-map-v2,stress_free_lamellar_observable,f0.5_chiN27,0.5,27.0,10.495,ohta_kawasaki,Ohta-Kawasaki (recomputed),liu2019_ok_asymptotic_quadratic_mapped_c3_c4,3.5532821580632628,4.3705610135122885,-0.18699632676955602,0.18699632676955602,0.13478692491052757,0.8990418671422788,0.998134214778476,0.0,false,1.0525558233261112,StressRootBisection,51,true,false,true,true,true,true,true,0.14629956640735498,0.8537004344653546,0.5000000000000001,-2.3982629737692953,6.9544273711380614e-6,1.4430140739774526e-5,mean-constrained Fourier nonlinear conjugate gradient,6.923111551816486e-8,Polyorder.Successful(),7.785320759240295e-7,5.364171111647035e-7,0.1,0.09105335444817268,0.01,"Anderson(SD(0.1); m=10, warmup=100, αw=0.2)","VariableCell(BB(1.0), field_updater)",128,,,,,-23.43333498491163,-0.0,74.73810697592977,1.0,12.0,,cases/f0.5_chiN27/native_profiles.csv#model=ohta_kawasaki,accepted,model_gates_pass,,,,
liu2019-stress-free-period-map-v2,stress_free_lamellar_observable,f0.5_chiN27,0.5,27.0,10.495,uneyama_doi,Uneyama-Doi,not_applicable,3.610570655654834,4.3705610135122885,-0.1738885135129844,0.1738885135129844,0.026716016523715896,0.9960336668807297,0.9997837125256674,0.99609375,false,1.118001629526476,BootstrapLocal,28,true,false,true,true,true,true,true,0.028784636063823844,0.9712153639442355,0.5000000000001049,-2.411316226442673,9.873746874066157e-7,2.5345185933518105e-6,mean-constrained fused-spectral L-BFGS with profile continuation,,Polyorder.Successful(),7.785320759240295e-7,5.364171111647035e-7,0.1,0.09105335444817268,0.01,"Anderson(SD(0.1); m=10, warmup=100, αw=0.2)","VariableCell(BB(1.0), field_updater)",128,,,1,,,,,,,,cases/f0.5_chiN27/native_profiles.csv#model=uneyama_doi,accepted,model_gates_pass,,,,
liu2019-stress-free-period-map-v2,stress_free_lamellar_observable,f0.5_chiN27,0.5,27.0,10.495,burp_ti,BURP-TI,not_applicable,3.467736128566206,4.3705610135122885,-0.20656956444604135,0.20656956444604135,0.01363871718614906,0.9989663040199084,0.9998311220578514,0.99609375,false,1.0737733760819337,BoundedKKTNewtonGMRES+AnalyticStressRoot,2,true,false,true,true,true,true,true,1.000000000009324e-6,0.999999,0.5000000000000003,-3.2583696786239797,0.0004849347138703227,0.0008071981632605215,bounded-KKT Newton-GMRES,5.451008899788262e-6,Polyorder.Successful(),7.785320759240295e-7,5.364171111647035e-7,0.1,0.09105335444817268,0.01,"Anderson(SD(0.1); m=10, warmup=100, αw=0.2)","VariableCell(BB(1.0), field_updater)",128,64,256,1,,,,,,,,cases/f0.5_chiN27/native_profiles.csv#model=burp_ti,accepted,model_gates_pass,,,,
liu2019-stress-free-period-map-v2,stress_free_lamellar_observable,f0.5_chiN27,0.5,27.0,10.495,bvk2,BVK2,frozen_c2_evaluation,4.355065146628858,4.3705610135122885,-0.003545509795086388,0.003545509795086388,0.007174623346266934,0.9997139456311823,0.999859081296182,0.998046875,true,1.3485319621149918,FilteredUDThetaAnalyticCellStressRoot,25,true,false,true,true,true,true,true,0.0026649969187944027,0.9973350030812406,0.5000000000006842,-3.81115323612846,1.0649630389990232e-11,3.8815168534075965e-11,oversampled filtered UD-theta L-BFGS with cosine-Newton polish,9.316991622654314e-13,Polyorder.Successful(),7.785320759240295e-7,5.364171111647035e-7,0.1,0.09105335444817268,0.01,"Anderson(SD(0.1); m=10, warmup=100, αw=0.2)","VariableCell(BB(1.0), field_updater)",256,,,,0.16,,,,,,,cases/f0.5_chiN27/native_profiles.csv#model=bvk2,accepted,model_gates_pass,,2,12.0,ud-theta-spectral-adaptive-k-physical-sensor-filter-oversampled-v2
liu2019-stress-free-period-map-v2,stress_free_lamellar_observable,f0.5_chiN28,0.5,28.0,10.495,scft,SCFT,reference,4.409207206907475,4.409207206907475,0.0,0.0,0.0,1.0,1.0,0.0,false,,Polyorder.cell_solve!,245,true,false,true,true,true,true,true,0.004067638163964449,0.9959333080331153,0.49999999999999917,3.6149327031778364,,,not_applicable,2.6939912007684078e-6,Polyorder.Successful(),9.806061850496597e-7,6.566947488872005e-7,0.1,0.09185848347723906,0.01,"Anderson(SD(0.1); m=10, warmup=100, αw=0.2)","VariableCell(BB(1.0), field_updater)",48,,,,,,,,,,,cases/f0.5_chiN28/native_profiles.csv#model=scft,accepted,reference_gates_pass,,,,
liu2019-stress-free-period-map-v2,stress_free_lamellar_observable,f0.5_chiN28,0.5,28.0,10.495,liu2019_opf,OPF (force/stress mapped),per_state_force_stress_mapping,4.454642578362298,4.409207206907475,0.010304657804161454,0.010304657804161454,0.008791367805124852,0.9995759502957698,0.9998033675600895,0.98828125,false,1.1250205993652345,StressRootBisection,46,true,false,true,true,true,true,true,0.013150850273464132,0.9868492921755593,0.49999999999999994,-0.3281959490973947,3.685427274495029e-7,9.07218816527414e-7,mean-constrained Fourier nonlinear conjugate gradient,3.612594845963728e-8,Polyorder.Successful(),9.806061850496597e-7,6.566947488872005e-7,0.1,0.09185848347723906,0.01,"Anderson(SD(0.1); m=10, warmup=100, αw=0.2)","VariableCell(BB(1.0), field_updater)",128,,,,,-1.0,-5.140279667008715e-7,1.8541596383866599,0.03306325894372062,0.20963103315500992,0.03531909930535037,cases/f0.5_chiN28/native_profiles.csv#model=liu2019_opf,accepted,model_gates_pass,,,,
liu2019-stress-free-period-map-v2,stress_free_lamellar_observable,f0.5_chiN28,0.5,28.0,10.495,ohta_kawasaki,Ohta-Kawasaki (recomputed),liu2019_ok_asymptotic_quadratic_mapped_c3_c4,3.56779187539636,4.409207206907475,-0.19083143341346065,0.19083143341346065,0.13636259534994194,0.897977871174793,0.9981073903359075,0.98828125,false,1.0568539023399353,StressRootBisection,52,true,false,true,true,true,true,true,0.1469119212313904,0.8530880784573361,0.49999999999999983,-2.5724424032979596,6.1104472974123025e-6,1.4006448416852704e-5,mean-constrained Fourier nonlinear conjugate gradient,1.1401195038687934e-8,Polyorder.Successful(),9.806061850496597e-7,6.566947488872005e-7,0.1,0.09185848347723906,0.01,"Anderson(SD(0.1); m=10, warmup=100, αw=0.2)","VariableCell(BB(1.0), field_updater)",128,,,,,-24.43333498491163,-0.0,79.04143922530153,1.0,12.0,,cases/f0.5_chiN28/native_profiles.csv#model=ohta_kawasaki,accepted,model_gates_pass,,,,
liu2019-stress-free-period-map-v2,stress_free_lamellar_observable,f0.5_chiN28,0.5,28.0,10.495,uneyama_doi,Uneyama-Doi,not_applicable,3.625156803085654,4.409207206907475,-0.1778211744264423,0.1778211744264423,0.025179748617502933,0.9965213827634996,0.9997892922631845,0.984375,false,1.1225181833212703,BootstrapLocal,28,true,false,true,true,true,true,true,0.026299545448908883,0.9737004545604278,0.4999999999993419,-2.659230843783119,8.495836315274458e-7,1.886505181181654e-6,mean-constrained fused-spectral L-BFGS with profile continuation,,Polyorder.Successful(),9.806061850496597e-7,6.566947488872005e-7,0.1,0.09185848347723906,0.01,"Anderson(SD(0.1); m=10, warmup=100, αw=0.2)","VariableCell(BB(1.0), field_updater)",128,,,1,,,,,,,,cases/f0.5_chiN28/native_profiles.csv#model=uneyama_doi,accepted,model_gates_pass,,,,
liu2019-stress-free-period-map-v2,stress_free_lamellar_observable,f0.5_chiN28,0.5,28.0,10.495,burp_ti,BURP-TI,not_applicable,3.491798075767109,4.409207206907475,-0.20806668593463928,0.20806668593463928,0.013705401514782119,0.998969406519197,0.9998218334995261,0.484375,true,1.081224080900037,BoundedKKTNewtonGMRES+AnalyticStressRoot,1,true,false,true,true,true,true,true,1.0000000010279562e-6,0.999999,0.5000000000000001,-3.5528954270170097,0.00044807545119759397,0.0008140187788885215,bounded-KKT Newton-GMRES,8.609440924962593e-5,Polyorder.Successful(),9.806061850496597e-7,6.566947488872005e-7,0.1,0.09185848347723906,0.01,"Anderson(SD(0.1); m=10, warmup=100, αw=0.2)","VariableCell(BB(1.0), field_updater)",128,64,256,1,,,,,,,,cases/f0.5_chiN28/native_profiles.csv#model=burp_ti,accepted,model_gates_pass,,,,
liu2019-stress-free-period-map-v2,stress_free_lamellar_observable,f0.5_chiN28,0.5,28.0,10.495,bvk2,BVK2,frozen_c2_evaluation,4.391684729200255,4.409207206907475,-0.003974065378412828,0.003974065378412828,0.007232130953149405,0.9997130262254649,0.9998585760696381,0.486328125,false,1.3598710984709803,FilteredUDThetaAnalyticCellStressRoot,28,true,false,true,true,true,true,true,0.0021044070002622863,0.9978955929997361,0.4999999999999593,-4.169214278852401,9.922747024322213e-12,2.8998153495855667e-11,oversampled filtered UD-theta L-BFGS with cosine-Newton polish,4.440892098500626e-16,Polyorder.Successful(),9.806061850496597e-7,6.566947488872005e-7,0.1,0.09185848347723906,0.01,"Anderson(SD(0.1); m=10, warmup=100, αw=0.2)","VariableCell(BB(1.0), field_updater)",256,,,,0.16,,,,,,,cases/f0.5_chiN28/native_profiles.csv#model=bvk2,accepted,model_gates_pass,,2,12.0,ud-theta-spectral-adaptive-k-physical-sensor-filter-oversampled-v2
liu2019-stress-free-period-map-v2,stress_free_lamellar_observable,f0.5_chiN29,0.5,29.0,10.495,scft,SCFT,reference,4.446437015785745,4.446437015785745,0.0,0.0,0.0,1.0,1.0,0.0,false,,Polyorder.cell_solve!,72,true,false,true,true,true,true,true,0.003476584233191188,0.9965225914148627,0.5000000000000006,3.681051035426325,,,not_applicable,2.3318144670878953e-6,Polyorder.Successful(),7.018755648179026e-7,5.267167823614948e-7,0.1,0.09263410449553634,0.01,"Anderson(SD(0.1); m=10, warmup=100, αw=0.2)","VariableCell(BB(1.0), field_updater)",48,,,,,,,,,,,cases/f0.5_chiN29/native_profiles.csv#model=scft,accepted,reference_gates_pass,,,,
liu2019-stress-free-period-map-v2,stress_free_lamellar_observable,f0.5_chiN29,0.5,29.0,10.495,liu2019_opf,OPF (force/stress mapped),per_state_force_stress_mapping,4.495154358050738,4.446437015785745,0.010956489902372857,0.010956489902372857,0.009154317930306455,0.9995455341888341,0.999788672760009,0.98828125,false,1.1325608253479005,StressRootBisection,49,true,false,true,true,true,true,true,0.01244715906336602,0.9875527200590157,0.49999999999999994,-0.3383891727693844,5.411663282319938e-7,1.5408479961018362e-6,mean-constrained Fourier nonlinear conjugate gradient,4.972174995115237e-8,Polyorder.Successful(),7.018755648179026e-7,5.267167823614948e-7,0.1,0.09263410449553634,0.01,"Anderson(SD(0.1); m=10, warmup=100, αw=0.2)","VariableCell(BB(1.0), field_updater)",128,,,,,-1.0,4.2635860787505406e-7,1.859905156684413,0.03159007845838409,0.19839827065921814,0.03581122751555026,cases/f0.5_chiN29/native_profiles.csv#model=liu2019_opf,accepted,model_gates_pass,,,,
liu2019-stress-free-period-map-v2,stress_free_lamellar_observable,f0.5_chiN29,0.5,29.0,10.495,ohta_kawasaki,Ohta-Kawasaki (recomputed),liu2019_ok_asymptotic_quadratic_mapped_c3_c4,3.582262717605846,4.446437015785745,-0.1943520835023428,0.1943520835023428,0.137859456897326,0.8969323530819103,0.99808330214906,0.98828125,false,1.0611404657363894,StressRootBisection,51,true,false,true,true,true,true,true,0.1476040323313858,0.8523959665797987,0.49999999999999994,-2.7475625032036137,8.098770321170149e-6,2.3293039201908564e-5,mean-constrained Fourier nonlinear conjugate gradient,8.77316876673506e-8,Polyorder.Successful(),7.018755648179026e-7,5.267167823614948e-7,0.1,0.09263410449553634,0.01,"Anderson(SD(0.1); m=10, warmup=100, αw=0.2)","VariableCell(BB(1.0), field_updater)",128,,,,,-25.43333498491163,-0.0,83.38613147467329,1.0,12.0,,cases/f0.5_chiN29/native_profiles.csv#model=ohta_kawasaki,accepted,model_gates_pass,,,,
liu2019-stress-free-period-map-v2,stress_free_lamellar_observable,f0.5_chiN29,0.5,29.0,10.495,uneyama_doi,Uneyama-Doi,not_applicable,3.639460083686835,4.446437015785745,-0.18148844327131575,0.18148844327131575,0.023823666541561456,0.9969220154337396,0.9997918575938339,0.484375,true,1.1269471483090208,BootstrapLocal,28,true,false,true,true,true,true,true,0.02413398489616293,0.9758660150917047,0.49999999999900707,-2.913796066274584,6.871428232103341e-7,1.9789309439359243e-6,mean-constrained fused-spectral L-BFGS with profile continuation,,Polyorder.Successful(),7.018755648179026e-7,5.267167823614948e-7,0.1,0.09263410449553634,0.01,"Anderson(SD(0.1); m=10, warmup=100, αw=0.2)","VariableCell(BB(1.0), field_updater)",128,,,1,,,,,,,,cases/f0.5_chiN29/native_profiles.csv#model=uneyama_doi,accepted,model_gates_pass,,,,
liu2019-stress-free-period-map-v2,stress_free_lamellar_observable,f0.5_chiN29,0.5,29.0,10.495,burp_ti,BURP-TI,not_applicable,3.5157584077342574,4.446437015785745,-0.20930884767902735,0.20930884767902735,0.013769713522996205,0.9989717492277278,0.9998102298920613,0.984375,false,1.0886433208867445,BoundedKKTNewtonGMRES+AnalyticStressRoot,2,true,false,true,true,true,true,true,1.0e-6,0.9999989999999989,0.49999999999999983,-3.8541585042818713,0.00022027418162294838,0.0005863670232608031,bounded-KKT Newton-GMRES,2.4527150262662397e-5,Polyorder.Successful(),7.018755648179026e-7,5.267167823614948e-7,0.1,0.09263410449553634,0.01,"Anderson(SD(0.1); m=10, warmup=100, αw=0.2)","VariableCell(BB(1.0), field_updater)",128,64,256,1,,,,,,,,cases/f0.5_chiN29/native_profiles.csv#model=burp_ti,accepted,model_gates_pass,,,,
liu2019-stress-free-period-map-v2,stress_free_lamellar_observable,f0.5_chiN29,0.5,29.0,10.495,bvk2,BVK2,frozen_c2_evaluation,4.427059178066816,4.446437015785745,-0.004358059644190004,0.004358059644190004,0.007357845975632249,0.9997063998397725,0.9998550972608514,0.486328125,false,1.3708246831666504,FilteredUDThetaAnalyticCellStressRoot,25,true,false,true,true,true,true,true,0.0016665876856042355,0.9983334123143957,0.5000000000000008,-4.535429570967668,8.928401970784682e-12,2.7770485341760055e-11,oversampled filtered UD-theta L-BFGS with cosine-Newton polish,1.148888539859172e-9,Polyorder.Successful(),7.018755648179026e-7,5.267167823614948e-7,0.1,0.09263410449553634,0.01,"Anderson(SD(0.1); m=10, warmup=100, αw=0.2)","VariableCell(BB(1.0), field_updater)",256,,,,0.16,,,,,,,cases/f0.5_chiN29/native_profiles.csv#model=bvk2,accepted,model_gates_pass,,2,12.0,ud-theta-spectral-adaptive-k-physical-sensor-filter-oversampled-v2
liu2019-stress-free-period-map-v2,stress_free_lamellar_observable,f0.5_chiN30,0.5,30.0,10.495,scft,SCFT,reference,4.482353901352108,4.482353901352108,0.0,0.0,0.0,1.0,1.0,0.0,false,,Polyorder.cell_solve!,68,true,false,true,true,true,true,true,0.0029750420493459833,0.9970259590316446,0.5000000000000006,3.745100725385349,,,not_applicable,7.660330253562723e-7,Polyorder.Successful(),9.216891487155411e-7,6.301829110464261e-7,0.1,0.09338237294483559,0.01,"Anderson(SD(0.1); m=10, warmup=100, αw=0.2)","VariableCell(BB(1.0), field_updater)",48,,,,,,,,,,,cases/f0.5_chiN30/native_profiles.csv#model=scft,accepted,reference_gates_pass,,,,
liu2019-stress-free-period-map-v2,stress_free_lamellar_observable,f0.5_chiN30,0.5,30.0,10.495,liu2019_opf,OPF (force/stress mapped),per_state_force_stress_mapping,4.534272576495391,4.482353901352108,0.011582904046826936,0.011582904046826936,0.009389282134140774,0.9995269805585084,0.9997798323620688,0.98828125,false,1.139970874786377,StressRootBisection,49,true,false,true,true,true,true,true,0.011794656873214016,0.9882053929957544,0.49999999999999994,-0.3481275258876066,4.855115115699692e-7,1.1687929889594714e-6,mean-constrained Fourier nonlinear conjugate gradient,1.7679661985337937e-8,Polyorder.Successful(),9.216891487155411e-7,6.301829110464261e-7,0.1,0.09338237294483559,0.01,"Anderson(SD(0.1); m=10, warmup=100, αw=0.2)","VariableCell(BB(1.0), field_updater)",128,,,,,-1.0,-1.9280478051379754e-7,1.8652846467214483,0.03022504405225889,0.1882049069328756,0.03624339356672114,cases/f0.5_chiN30/native_profiles.csv#model=liu2019_opf,accepted,model_gates_pass,,,,
liu2019-stress-free-period-map-v2,stress_free_lamellar_observable,f0.5_chiN30,0.5,30.0,10.495,ohta_kawasaki,Ohta-Kawasaki (recomputed),liu2019_ok_asymptotic_quadratic_mapped_c3_c4,3.5966648945154676,4.482353901352108,-0.1975946179906659,0.1975946179906659,0.13928368345975048,0.8959086359714958,0.9980675708108069,0.98828125,false,1.065406689047813,StressRootBisection,54,true,false,true,true,true,true,true,0.1483571414608174,0.851642857523788,0.5,-2.92350465190881,6.6690975989676515e-6,1.4837360134970772e-5,mean-constrained Fourier nonlinear conjugate gradient,9.636037319062672e-8,Polyorder.Successful(),9.216891487155411e-7,6.301829110464261e-7,0.1,0.09338237294483559,0.01,"Anderson(SD(0.1); m=10, warmup=100, αw=0.2)","VariableCell(BB(1.0), field_updater)",128,,,,,-26.43333498491163,-0.0,87.77218372404504,1.0,12.0,,cases/f0.5_chiN30/native_profiles.csv#model=ohta_kawasaki,accepted,model_gates_pass,,,,
liu2019-stress-free-period-map-v2,stress_free_lamellar_observable,f0.5_chiN30,0.5,30.0,10.495,uneyama_doi,Uneyama-Doi,not_applicable,3.6548449359996895,4.482353901352108,-0.18461482148984254,0.18461482148984254,0.02255433174120627,0.9972705562999021,0.999799911874201,0.484375,true,1.1317110185102193,BootstrapLocal,32,true,false,true,true,true,true,true,0.022246610295052052,0.9777533880766741,0.500000000000147,-3.175811210551945,5.320916052812501e-7,1.7103383220110432e-6,mean-constrained fused-spectral L-BFGS with profile continuation,,Polyorder.Successful(),9.216891487155411e-7,6.301829110464261e-7,0.1,0.09338237294483559,0.01,"Anderson(SD(0.1); m=10, warmup=100, αw=0.2)","VariableCell(BB(1.0), field_updater)",128,,,1,,,,,,,,cases/f0.5_chiN30/native_profiles.csv#model=uneyama_doi,accepted,model_gates_pass,,,,
liu2019-stress-free-period-map-v2,stress_free_lamellar_observable,f0.5_chiN30,0.5,30.0,10.495,burp_ti,BURP-TI,not_applicable,3.539482908308776,4.482353901352108,-0.21035175128829375,0.21035175128829375,0.013736996974084462,0.9989874935049909,0.99980452459585,0.984375,false,1.0959895364387022,BoundedKKTNewtonGMRES+AnalyticStressRoot,2,true,false,true,true,true,true,true,1.0000000000555111e-6,0.9999989999999995,0.5000000000000006,-4.161755783220774,0.00023872243339590794,0.0006920692046992632,bounded-KKT Newton-GMRES,2.5589300645192256e-5,Polyorder.Successful(),9.216891487155411e-7,6.301829110464261e-7,0.1,0.09338237294483559,0.01,"Anderson(SD(0.1); m=10, warmup=100, αw=0.2)","VariableCell(BB(1.0), field_updater)",128,64,256,1,,,,,,,,cases/f0.5_chiN30/native_profiles.csv#model=burp_ti,accepted,model_gates_pass,,,,
liu2019-stress-free-period-map-v2,stress_free_lamellar_observable,f0.5_chiN30,0.5,30.0,10.495,bvk2,BVK2,holdout,4.461278573976207,4.482353901352108,-0.004701843682968443,0.004701843682968443,0.007359388514431443,0.9997093948299,0.9998563452942624,0.986328125,true,1.381420609416755,FilteredUDThetaAnalyticCellStressRoot,29,true,false,true,true,true,true,true,0.0013234008113978102,0.9986765991886255,0.5000000000008119,-4.909373174713359,7.797534272753422e-12,2.2520003147647563e-11,oversampled filtered UD-theta L-BFGS with cosine-Newton polish,8.881784197001252e-16,Polyorder.Successful(),9.216891487155411e-7,6.301829110464261e-7,0.1,0.09338237294483559,0.01,"Anderson(SD(0.1); m=10, warmup=100, αw=0.2)","VariableCell(BB(1.0), field_updater)",256,,,,0.16,,,,,,,cases/f0.5_chiN30/native_profiles.csv#model=bvk2,accepted,model_gates_pass,,2,12.0,ud-theta-spectral-adaptive-k-physical-sensor-filter-oversampled-v2
liu2019-stress-free-period-map-v2,stress_free_lamellar_observable,f0.5_chiN31,0.5,31.0,10.495,scft,SCFT,reference,4.517080641532651,4.517080641532651,0.0,0.0,0.0,1.0,1.0,0.0,false,,Polyorder.cell_solve!,215,true,false,true,true,true,true,true,0.0024985298756496624,0.9975010824600822,0.4999999999999994,3.807228961232685,,,not_applicable,3.4502851294844893e-6,Polyorder.Successful(),8.022797438229647e-7,6.139629394839854e-7,0.1,0.0941058466985969,0.01,"Anderson(SD(0.1); m=10, warmup=100, αw=0.2)","VariableCell(BB(1.0), field_updater)",48,,,,,,,,,,,cases/f0.5_chiN31/native_profiles.csv#model=scft,accepted,reference_gates_pass,,,,
liu2019-stress-free-period-map-v2,stress_free_lamellar_observable,f0.5_chiN31,0.5,31.0,10.495,liu2019_opf,OPF (force/stress mapped),per_state_force_stress_mapping,4.572063966639529,4.517080641532651,0.01217231426008425,0.01217231426008425,0.010734078439203211,0.9993878225970008,0.9997109770371252,0.0,false,1.1472387313842776,StressRootBisection,48,true,false,true,true,true,true,true,0.011194207423688596,0.9888058206135628,0.5,-0.35743760701422833,4.554556786034237e-7,1.5200617663100624e-6,mean-constrained Fourier nonlinear conjugate gradient,6.494868795708504e-8,Polyorder.Successful(),8.022797438229647e-7,6.139629394839854e-7,0.1,0.0941058466985969,0.01,"Anderson(SD(0.1); m=10, warmup=100, αw=0.2)","VariableCell(BB(1.0), field_updater)",128,,,,,-1.0,-1.0501346402750402e-7,1.8702931626464216,0.028960120897057042,0.17893110946830393,0.03659955552125227,cases/f0.5_chiN31/native_profiles.csv#model=liu2019_opf,accepted,model_gates_pass,,,,
liu2019-stress-free-period-map-v2,stress_free_lamellar_observable,f0.5_chiN31,0.5,31.0,10.495,ohta_kawasaki,Ohta-Kawasaki (recomputed),liu2019_ok_asymptotic_quadratic_mapped_c3_c4,3.6109757993957388,4.517080641532651,-0.20059523263889967,0.20059523263889967,0.1406939014335307,0.8948284411529853,0.9980034520171436,0.0,false,1.0696458756923675,StressRootBisection,53,true,false,true,true,true,true,true,0.14915662484030795,0.8508433757802725,0.4999999999999999,-3.1001610455523148,3.6826165689983826e-6,9.173468206508993e-6,mean-constrained Fourier nonlinear conjugate gradient,5.1634642630756336e-8,Polyorder.Successful(),8.022797438229647e-7,6.139629394839854e-7,0.1,0.0941058466985969,0.01,"Anderson(SD(0.1); m=10, warmup=100, αw=0.2)","VariableCell(BB(1.0), field_updater)",128,,,,,-27.43333498491163,-0.0,92.19959597341678,1.0,12.0,,cases/f0.5_chiN31/native_profiles.csv#model=ohta_kawasaki,accepted,model_gates_pass,,,,
liu2019-stress-free-period-map-v2,stress_free_lamellar_observable,f0.5_chiN31,0.5,31.0,10.495,uneyama_doi,Uneyama-Doi,not_applicable,3.670210465001779,4.517080641532651,-0.18748174844262422,0.18748174844262422,0.021874528507831573,0.9974577095432365,0.9997507293001888,0.99609375,false,1.1364689053101817,BootstrapLocal,32,true,false,true,true,true,true,true,0.020586890856308642,0.9794131091639872,0.49999999999997824,-3.444178086402914,9.936261911470074e-7,2.445950944634439e-6,mean-constrained fused-spectral L-BFGS with profile continuation,,Polyorder.Successful(),8.022797438229647e-7,6.139629394839854e-7,0.1,0.0941058466985969,0.01,"Anderson(SD(0.1); m=10, warmup=100, αw=0.2)","VariableCell(BB(1.0), field_updater)",128,,,1,,,,,,,,cases/f0.5_chiN31/native_profiles.csv#model=uneyama_doi,accepted,model_gates_pass,,,,
liu2019-stress-free-period-map-v2,stress_free_lamellar_observable,f0.5_chiN31,0.5,31.0,10.495,burp_ti,BURP-TI,not_applicable,3.562811095399221,4.517080641532651,-0.21125802744350508,0.21125802744350508,0.014491107361102913,0.998884291058478,0.9997410092295477,0.49609375,true,1.1032130347907336,BoundedKKTNewtonGMRES+AnalyticStressRoot,2,true,false,true,true,true,true,true,1.0e-6,0.9999989999999987,0.4999999999999998,-4.4752450558564325,0.00023715064668732646,0.0005093359089709846,bounded-KKT Newton-GMRES,2.426225937118814e-5,Polyorder.Successful(),8.022797438229647e-7,6.139629394839854e-7,0.1,0.0941058466985969,0.01,"Anderson(SD(0.1); m=10, warmup=100, αw=0.2)","VariableCell(BB(1.0), field_updater)",128,64,256,1,,,,,,,,cases/f0.5_chiN31/native_profiles.csv#model=burp_ti,accepted,model_gates_pass,,,,
liu2019-stress-free-period-map-v2,stress_free_lamellar_observable,f0.5_chiN31,0.5,31.0,10.495,bvk2,BVK2,frozen_c2_evaluation,4.494423509173311,4.517080641532651,-0.005015879537552892,0.005015879537552892,0.007518209609754222,0.9996996830066119,0.9998512173687762,0.4970703125,false,1.3916838323515768,FilteredUDThetaAnalyticCellStressRoot,27,true,false,true,true,true,true,true,0.0010534904898191492,0.9989465095101807,0.49999999999999134,-5.290665425579449,9.570510913398222e-12,2.6104415752357514e-11,oversampled filtered UD-theta L-BFGS with cosine-Newton polish,8.977408150201427e-9,Polyorder.Successful(),8.022797438229647e-7,6.139629394839854e-7,0.1,0.0941058466985969,0.01,"Anderson(SD(0.1); m=10, warmup=100, αw=0.2)","VariableCell(BB(1.0), field_updater)",256,,,,0.16,,,,,,,cases/f0.5_chiN31/native_profiles.csv#model=bvk2,accepted,model_gates_pass,,2,12.0,ud-theta-spectral-adaptive-k-physical-sensor-filter-oversampled-v2
liu2019-stress-free-period-map-v2,stress_free_lamellar_observable,f0.5_chiN32,0.5,32.0,10.495,scft,SCFT,reference,4.550661206230179,4.550661206230179,0.0,0.0,0.0,1.0,1.0,0.0,false,,Polyorder.cell_solve!,131,true,false,true,true,true,true,true,0.0021485978460744994,0.9978513750226393,0.5000000000000008,3.8675657202446914,,,not_applicable,3.194230799628528e-6,Polyorder.Successful(),8.685650053292746e-7,6.713668611615754e-7,0.1,0.09480544179646205,0.01,"Anderson(SD(0.1); m=10, warmup=100, αw=0.2)","VariableCell(BB(1.0), field_updater)",48,,,,,,,,,,,cases/f0.5_chiN32/native_profiles.csv#model=scft,accepted,reference_gates_pass,,,,
liu2019-stress-free-period-map-v2,stress_free_lamellar_observable,f0.5_chiN32,0.5,32.0,10.495,liu2019_opf,OPF (force/stress mapped),per_state_force_stress_mapping,4.608669982633429,4.550661206230179,0.012747329184565892,0.012747329184565892,0.00986909770139664,0.9994871899007148,0.9997606940200864,0.0,false,1.1543924331665039,StressRootBisection,48,true,false,true,true,true,true,true,0.01061287612152928,0.989386871695694,0.5,-0.3663718665018913,5.165880283409672e-7,1.2594640405134205e-6,mean-constrained Fourier nonlinear conjugate gradient,6.23460587155289e-8,Polyorder.Successful(),8.685650053292746e-7,6.713668611615754e-7,0.1,0.09480544179646205,0.01,"Anderson(SD(0.1); m=10, warmup=100, αw=0.2)","VariableCell(BB(1.0), field_updater)",128,,,,,-1.0,9.326146317557769e-7,1.8750239253985788,0.02777979381634845,0.17043545162397675,0.03692571806402586,cases/f0.5_chiN32/native_profiles.csv#model=liu2019_opf,accepted,model_gates_pass,,,,
liu2019-stress-free-period-map-v2,stress_free_lamellar_observable,f0.5_chiN32,0.5,32.0,10.495,ohta_kawasaki,Ohta-Kawasaki (recomputed),liu2019_ok_asymptotic_quadratic_mapped_c3_c4,3.625175413670772,4.550661206230179,-0.2033739165843308,0.2033739165843308,0.14196025784253097,0.8938951509675601,0.9980431868352508,0.0,false,1.0738520957529543,StressRootBisection,56,true,false,true,true,true,true,true,0.1499908823683947,0.8500091170833011,0.5,-3.2774306720678497,7.785498245012232e-6,1.936763648876329e-5,mean-constrained Fourier nonlinear conjugate gradient,8.149438077709392e-8,Polyorder.Successful(),8.685650053292746e-7,6.713668611615754e-7,0.1,0.09480544179646205,0.01,"Anderson(SD(0.1); m=10, warmup=100, αw=0.2)","VariableCell(BB(1.0), field_updater)",128,,,,,-28.43333498491163,-0.0,96.66836822278852,1.0,12.0,,cases/f0.5_chiN32/native_profiles.csv#model=ohta_kawasaki,accepted,model_gates_pass,,,,
liu2019-stress-free-period-map-v2,stress_free_lamellar_observable,f0.5_chiN32,0.5,32.0,10.495,uneyama_doi,Uneyama-Doi,not_applicable,3.6852455902401338,4.550661206230179,-0.1901735982466085,0.1901735982466085,0.020386625524264262,0.9978117730425193,0.9998116338495727,0.99609375,false,1.141124483643842,BootstrapLocal,32,true,false,true,true,true,true,true,0.019118214833866998,0.9808817850791194,0.49999999999997463,-3.7183233319533744,6.940077951933512e-7,2.0033968067790025e-6,mean-constrained fused-spectral L-BFGS with profile continuation,,Polyorder.Successful(),8.685650053292746e-7,6.713668611615754e-7,0.1,0.09480544179646205,0.01,"Anderson(SD(0.1); m=10, warmup=100, αw=0.2)","VariableCell(BB(1.0), field_updater)",128,,,1,,,,,,,,cases/f0.5_chiN32/native_profiles.csv#model=uneyama_doi,accepted,model_gates_pass,,,,
liu2019-stress-free-period-map-v2,stress_free_lamellar_observable,f0.5_chiN32,0.5,32.0,10.495,burp_ti,BURP-TI,not_applicable,3.58570445329579,4.550661206230179,-0.212047592471462,0.212047592471462,0.01367173510130626,0.9990158779946131,0.9997923850617885,0.99609375,false,1.1103018896767642,BoundedKKTNewtonGMRES+AnalyticStressRoot,2,true,false,true,true,true,true,true,1.0000000001110223e-6,0.9999989999999995,0.5000000000000007,-4.79432016824481,0.00024235394545077445,0.0004907555777776375,bounded-KKT Newton-GMRES,2.449496831140074e-5,Polyorder.Successful(),8.685650053292746e-7,6.713668611615754e-7,0.1,0.09480544179646205,0.01,"Anderson(SD(0.1); m=10, warmup=100, αw=0.2)","VariableCell(BB(1.0), field_updater)",128,64,256,1,,,,,,,,cases/f0.5_chiN32/native_profiles.csv#model=burp_ti,accepted,model_gates_pass,,,,
liu2019-stress-free-period-map-v2,stress_free_lamellar_observable,f0.5_chiN32,0.5,32.0,10.495,bvk2,BVK2,frozen_c2_evaluation,4.526566291451769,4.550661206230179,-0.005294816222623178,0.005294816222623178,0.00745329452144144,0.9997075167201642,0.9998548479104304,0.498046875,false,1.401636741847628,FilteredUDThetaAnalyticCellStressRoot,27,true,false,true,true,true,true,true,0.0008405567099574329,0.9991594432900468,0.5000000000001521,-5.678965877283511,1.7777593088658687e-11,6.187779528109656e-11,oversampled filtered UD-theta L-BFGS with cosine-Newton polish,4.418243548798273e-12,Polyorder.Successful(),8.685650053292746e-7,6.713668611615754e-7,0.1,0.09480544179646205,0.01,"Anderson(SD(0.1); m=10, warmup=100, αw=0.2)","VariableCell(BB(1.0), field_updater)",256,,,,0.16,,,,,,,cases/f0.5_chiN32/native_profiles.csv#model=bvk2,accepted,model_gates_pass,,2,12.0,ud-theta-spectral-adaptive-k-physical-sensor-filter-oversampled-v2
liu2019-stress-free-period-map-v2,stress_free_lamellar_observable,f0.5_chiN33,0.5,33.0,10.495,scft,SCFT,reference,4.583242749167421,4.583242749167421,0.0,0.0,0.0,1.0,1.0,0.0,false,,Polyorder.cell_solve!,80,true,false,true,true,true,true,true,0.0018532474323785628,0.9981472993526926,0.5000000000000006,3.9262244142721983,,,not_applicable,1.0342285688496065e-7,Polyorder.Successful(),8.825280113059363e-7,6.797645679302237e-7,0.1,0.09548422394098793,0.01,"Anderson(SD(0.1); m=10, warmup=100, αw=0.2)","VariableCell(BB(1.0), field_updater)",48,,,,,,,,,,,cases/f0.5_chiN33/native_profiles.csv#model=scft,accepted,reference_gates_pass,,,,
liu2019-stress-free-period-map-v2,stress_free_lamellar_observable,f0.5_chiN33,0.5,33.0,10.495,liu2019_opf,OPF (force/stress mapped),per_state_force_stress_mapping,4.64420307697116,4.583242749167421,0.013300698029754976,0.013300698029754976,0.01009359752145753,0.9994680993810631,0.9997514816578765,0.0,false,1.1614259719848632,StressRootBisection,48,true,false,true,true,true,true,true,0.010089296643175705,0.9899108202224801,0.4999999999999999,-0.3749591112156069,4.740910192732859e-7,1.3716100661524426e-6,mean-constrained Fourier nonlinear conjugate gradient,1.4605271645605491e-8,Polyorder.Successful(),8.825280113059363e-7,6.797645679302237e-7,0.1,0.09548422394098793,0.01,"Anderson(SD(0.1); m=10, warmup=100, αw=0.2)","VariableCell(BB(1.0), field_updater)",128,,,,,-1.0,-4.365753243351367e-7,1.8794715472901435,0.02667822319328283,0.16262889150531765,0.037213201281875746,cases/f0.5_chiN33/native_profiles.csv#model=liu2019_opf,accepted,model_gates_pass,,,,
liu2019-stress-free-period-map-v2,stress_free_lamellar_observable,f0.5_chiN33,0.5,33.0,10.495,ohta_kawasaki,Ohta-Kawasaki (recomputed),liu2019_ok_asymptotic_quadratic_mapped_c3_c4,3.63924857815514,4.583242749167421,-0.2059664352676419,0.2059664352676419,0.14322758479382772,0.8928994093172976,0.9980338730798702,0.0,false,1.0780208587646487,StressRootBisection,47,true,false,true,true,true,true,true,0.15085074628594336,0.8491492508733484,0.5,-3.4552208658314036,6.558666799516776e-6,1.4859005817924943e-5,mean-constrained Fourier nonlinear conjugate gradient,5.4644827840547406e-8,Polyorder.Successful(),8.825280113059363e-7,6.797645679302237e-7,0.1,0.09548422394098793,0.01,"Anderson(SD(0.1); m=10, warmup=100, αw=0.2)","VariableCell(BB(1.0), field_updater)",128,,,,,-29.43333498491163,-0.0,101.17850047216027,1.0,12.0,,cases/f0.5_chiN33/native_profiles.csv#model=ohta_kawasaki,accepted,model_gates_pass,,,,
liu2019-stress-free-period-map-v2,stress_free_lamellar_observable,f0.5_chiN33,0.5,33.0,10.495,uneyama_doi,Uneyama-Doi,not_applicable,3.6999568747560034,4.583242749167421,-0.1927207269507758,0.1927207269507758,0.019461581209698462,0.9980225988859597,0.9998160697574824,0.99609375,false,1.1456797857358838,BootstrapLocal,32,true,false,true,true,true,true,true,0.017812518788169706,0.9821874812350041,0.4999999999992002,-3.99795456849227,9.876733313887134e-7,3.022979897238187e-6,mean-constrained fused-spectral L-BFGS with profile continuation,,Polyorder.Successful(),8.825280113059363e-7,6.797645679302237e-7,0.1,0.09548422394098793,0.01,"Anderson(SD(0.1); m=10, warmup=100, αw=0.2)","VariableCell(BB(1.0), field_updater)",128,,,1,,,,,,,,cases/f0.5_chiN33/native_profiles.csv#model=uneyama_doi,accepted,model_gates_pass,,,,
liu2019-stress-free-period-map-v2,stress_free_lamellar_observable,f0.5_chiN33,0.5,33.0,10.495,burp_ti,BURP-TI,not_applicable,3.608054165116845,4.583242749167421,-0.2127726235377181,0.2127726235377181,0.013614306710082376,0.9990323248473834,0.9997873260413721,0.49609375,true,1.1172224062982163,BoundedKKTNewtonGMRES+AnalyticStressRoot,2,true,false,true,true,true,true,true,1.0000000000555111e-6,0.999998999999999,0.5000000000000006,-5.11858571823209,0.00030663281587962904,0.0005921763981913783,bounded-KKT Newton-GMRES,2.7250559058247475e-5,Polyorder.Successful(),8.825280113059363e-7,6.797645679302237e-7,0.1,0.09548422394098793,0.01,"Anderson(SD(0.1); m=10, warmup=100, αw=0.2)","VariableCell(BB(1.0), field_updater)",128,64,256,1,,,,,,,,cases/f0.5_chiN33/native_profiles.csv#model=burp_ti,accepted,model_gates_pass,,,,
liu2019-stress-free-period-map-v2,stress_free_lamellar_observable,f0.5_chiN33,0.5,33.0,10.495,bvk2,BVK2,frozen_c2_evaluation,4.557771898573972,4.583242749167421,-0.005557386328288061,0.005557386328288061,0.007509438428178826,0.9997055878148166,0.9998536206632784,0.998046875,false,1.4112994580607412,FilteredUDThetaAnalyticCellStressRoot,30,true,false,true,true,true,true,true,0.0006720944642598801,0.9993279055357394,0.49999999999999456,-6.073967414788116,3.093680895170475e-8,5.8008403951255857e-8,oversampled filtered UD-theta L-BFGS with cosine-Newton polish,5.544324999107175e-9,Polyorder.Successful(),8.825280113059363e-7,6.797645679302237e-7,0.1,0.09548422394098793,0.01,"Anderson(SD(0.1); m=10, warmup=100, αw=0.2)","VariableCell(BB(1.0), field_updater)",256,,,,0.16,,,,,,,cases/f0.5_chiN33/native_profiles.csv#model=bvk2,accepted,model_gates_pass,,2,12.0,ud-theta-spectral-adaptive-k-physical-sensor-filter-oversampled-v2
liu2019-stress-free-period-map-v2,stress_free_lamellar_observable,f0.5_chiN34,0.5,34.0,10.495,scft,SCFT,reference,4.614877598409775,4.614877598409775,0.0,0.0,0.0,1.0,1.0,0.0,false,,Polyorder.cell_solve!,94,true,false,true,true,true,true,true,0.001604786644236199,0.9983948552154597,0.5000000000000019,3.983315277409437,,,not_applicable,5.694469388308005e-6,Polyorder.Successful(),8.475901743050082e-7,4.747181034347467e-7,0.1,0.09614328330020365,0.01,"Anderson(SD(0.1); m=10, warmup=100, αw=0.2)","VariableCell(BB(1.0), field_updater)",48,,,,,,,,,,,cases/f0.5_chiN34/native_profiles.csv#model=scft,accepted,reference_gates_pass,,,,
liu2019-stress-free-period-map-v2,stress_free_lamellar_observable,f0.5_chiN34,0.5,34.0,10.495,liu2019_opf,OPF (force/stress mapped),per_state_force_stress_mapping,4.678759783729862,4.614877598409775,0.013842660819888275,0.013842660819888275,0.010876177256860759,0.9993872642279904,0.9997115057338256,0.98046875,false,1.1683553695678712,StressRootBisection,48,true,false,true,true,true,true,true,0.0095926615687979,0.9904072023417759,0.49999999999999994,-0.3832312268090306,7.17404258432012e-7,1.4821807494393078e-6,mean-constrained Fourier nonlinear conjugate gradient,5.0084864004451566e-8,Polyorder.Successful(),8.475901743050082e-7,4.747181034347467e-7,0.1,0.09614328330020365,0.01,"Anderson(SD(0.1); m=10, warmup=100, αw=0.2)","VariableCell(BB(1.0), field_updater)",128,,,,,-1.0,5.180396995673888e-7,1.8836852537491917,0.02564615815398149,0.15542419685317968,0.037477562974340094,cases/f0.5_chiN34/native_profiles.csv#model=liu2019_opf,accepted,model_gates_pass,,,,
liu2019-stress-free-period-map-v2,stress_free_lamellar_observable,f0.5_chiN34,0.5,34.0,10.495,ohta_kawasaki,Ohta-Kawasaki (recomputed),liu2019_ok_asymptotic_quadratic_mapped_c3_c4,3.653182352080787,4.614877598409775,-0.20839019580072404,0.20839019580072404,0.144484096382143,0.8918663720936586,0.9979968753740215,0.98046875,false,1.0821483314037321,StressRootBisection,53,true,false,true,true,true,true,true,0.15172893503248064,0.8482710643020418,0.5000000000000001,-3.6334448294729187,5.150307825017232e-6,1.5975963720268337e-5,mean-constrained Fourier nonlinear conjugate gradient,6.63218626097567e-8,Polyorder.Successful(),8.475901743050082e-7,4.747181034347467e-7,0.1,0.09614328330020365,0.01,"Anderson(SD(0.1); m=10, warmup=100, αw=0.2)","VariableCell(BB(1.0), field_updater)",128,,,,,-30.43333498491163,-0.0,105.72999272153204,1.0,12.0,,cases/f0.5_chiN34/native_profiles.csv#model=ohta_kawasaki,accepted,model_gates_pass,,,,
liu2019-stress-free-period-map-v2,stress_free_lamellar_observable,f0.5_chiN34,0.5,34.0,10.495,uneyama_doi,Uneyama-Doi,not_applicable,3.7143511826036963,4.614877598409775,-0.1951354931095871,0.1951354931095871,0.018927237431300998,0.998144353948547,0.999789656300211,0.4765625,true,1.150136937018721,BootstrapLocal,32,true,false,true,true,true,true,true,0.01664660191724269,0.9833533997586918,0.4999999999999889,-4.282803272658011,9.999028381661812e-7,2.2860718375968705e-6,mean-constrained fused-spectral L-BFGS with profile continuation,,Polyorder.Successful(),8.475901743050082e-7,4.747181034347467e-7,0.1,0.09614328330020365,0.01,"Anderson(SD(0.1); m=10, warmup=100, αw=0.2)","VariableCell(BB(1.0), field_updater)",128,,,1,,,,,,,,cases/f0.5_chiN34/native_profiles.csv#model=uneyama_doi,accepted,model_gates_pass,,,,
liu2019-stress-free-period-map-v2,stress_free_lamellar_observable,f0.5_chiN34,0.5,34.0,10.495,burp_ti,BURP-TI,not_applicable,3.629977410562948,4.614877598409775,-0.21341848550570675,0.21341848550570675,0.014002355393369898,0.9989843995745972,0.9997515150030524,0.9765625,false,1.1240108689737394,BoundedKKTNewtonGMRES+AnalyticStressRoot,2,true,false,true,true,true,true,true,1.0000000000555111e-6,0.999998999999999,0.5000000000000003,-5.447967431490936,0.00018742314405804185,0.0003453981537590023,bounded-KKT Newton-GMRES,2.0164794158836354e-5,Polyorder.Successful(),8.475901743050082e-7,4.747181034347467e-7,0.1,0.09614328330020365,0.01,"Anderson(SD(0.1); m=10, warmup=100, αw=0.2)","VariableCell(BB(1.0), field_updater)",128,64,256,1,,,,,,,,cases/f0.5_chiN34/native_profiles.csv#model=burp_ti,accepted,model_gates_pass,,,,
liu2019-stress-free-period-map-v2,stress_free_lamellar_observable,f0.5_chiN34,0.5,34.0,10.495,bvk2,BVK2,frozen_c2_evaluation,4.5880989073885985,4.614877598409775,-0.0058026871677818725,0.0058026871677818725,0.007560628054088548,0.9997038950593915,0.9998525425930109,0.9794921875,true,1.4206901191243357,FilteredUDThetaAnalyticCellStressRoot,28,true,false,true,true,true,true,true,0.0005384650500414008,0.9994615349499588,0.5000000000000108,-6.475391515664473,9.10792755969982e-12,2.9059668788328815e-11,oversampled filtered UD-theta L-BFGS with cosine-Newton polish,7.92061705112701e-9,Polyorder.Successful(),8.475901743050082e-7,4.747181034347467e-7,0.1,0.09614328330020365,0.01,"Anderson(SD(0.1); m=10, warmup=100, αw=0.2)","VariableCell(BB(1.0), field_updater)",256,,,,0.16,,,,,,,cases/f0.5_chiN34/native_profiles.csv#model=bvk2,accepted,model_gates_pass,,2,12.0,ud-theta-spectral-adaptive-k-physical-sensor-filter-oversampled-v2
liu2019-stress-free-period-map-v2,stress_free_lamellar_observable,f0.5_chiN35,0.5,35.0,10.495,scft,SCFT,reference,4.6455798982825875,4.6455798982825875,0.0,0.0,0.0,1.0,1.0,0.0,false,,Polyorder.cell_solve!,357,true,false,true,true,true,true,true,0.0013883851137877845,0.9986112459952865,0.5000000000000006,4.038926859324514,,,not_applicable,2.401220185487085e-6,Polyorder.Successful(),6.833489560248795e-7,4.985942026569537e-7,0.1,0.0967829145475539,0.01,"Anderson(SD(0.1); m=10, warmup=100, αw=0.2)","VariableCell(BB(1.0), field_updater)",48,,,,,,,,,,,cases/f0.5_chiN35/native_profiles.csv#model=scft,accepted,reference_gates_pass,,,,
liu2019-stress-free-period-map-v2,stress_free_lamellar_observable,f0.5_chiN35,0.5,35.0,10.495,liu2019_opf,OPF (force/stress mapped),per_state_force_stress_mapping,4.712251774415492,4.6455798982825875,0.014351680003943601,0.014351680003943601,0.010684057293524788,0.9994130411095462,0.9997245361035704,0.98046875,false,1.1751525878906248,StressRootBisection,43,true,false,true,true,true,true,true,0.009135135959536023,0.9908648625942373,0.5000000000000001,-0.39118538192335467,7.485250986961123e-7,2.0106520702688805e-6,mean-constrained Fourier nonlinear conjugate gradient,5.5916350794979035e-8,Polyorder.Successful(),6.833489560248795e-7,4.985942026569537e-7,0.1,0.0967829145475539,0.01,"Anderson(SD(0.1); m=10, warmup=100, αw=0.2)","VariableCell(BB(1.0), field_updater)",128,,,,,-1.0,-1.4766533341692332e-8,1.8876285635524732,0.0246812264647045,0.14878162886176316,0.03769377493926843,cases/f0.5_chiN35/native_profiles.csv#model=liu2019_opf,accepted,model_gates_pass,,,,
liu2019-stress-free-period-map-v2,stress_free_lamellar_observable,f0.5_chiN35,0.5,35.0,10.495,ohta_kawasaki,Ohta-Kawasaki (recomputed),liu2019_ok_asymptotic_quadratic_mapped_c3_c4,3.666968020236583,4.6455798982825875,-0.2106544068713112,0.2106544068713112,0.14565779226664718,0.8909055355372943,0.9980086202532376,0.98046875,false,1.0862319320440295,StressRootBisection,54,true,false,true,true,true,true,true,0.1526196891200926,0.8473803088642264,0.49999999999999994,-3.8120234452327915,9.120650843552252e-6,2.3686089534506575e-5,mean-constrained Fourier nonlinear conjugate gradient,9.070773669472444e-9,Polyorder.Successful(),6.833489560248795e-7,4.985942026569537e-7,0.1,0.0967829145475539,0.01,"Anderson(SD(0.1); m=10, warmup=100, αw=0.2)","VariableCell(BB(1.0), field_updater)",128,,,,,-31.43333498491163,-0.0,110.32284497090379,1.0,12.0,,cases/f0.5_chiN35/native_profiles.csv#model=ohta_kawasaki,accepted,model_gates_pass,,,,
liu2019-stress-free-period-map-v2,stress_free_lamellar_observable,f0.5_chiN35,0.5,35.0,10.495,uneyama_doi,Uneyama-Doi,not_applicable,3.7284356245122274,4.6455798982825875,-0.19742298999300756,0.19742298999300756,0.01798036055866723,0.9983376132784005,0.9998126800837064,0.4765625,true,1.154498139306799,BootstrapLocal,32,true,false,true,true,true,true,true,0.015601176326429912,0.9843988237295679,0.49999999999989403,-4.572622024479392,6.781432452491997e-7,1.9121415825780485e-6,mean-constrained fused-spectral L-BFGS with profile continuation,,Polyorder.Successful(),6.833489560248795e-7,4.985942026569537e-7,0.1,0.0967829145475539,0.01,"Anderson(SD(0.1); m=10, warmup=100, αw=0.2)","VariableCell(BB(1.0), field_updater)",128,,,1,,,,,,,,cases/f0.5_chiN35/native_profiles.csv#model=uneyama_doi,accepted,model_gates_pass,,,,
liu2019-stress-free-period-map-v2,stress_free_lamellar_observable,f0.5_chiN35,0.5,35.0,10.495,burp_ti,BURP-TI,not_applicable,3.6515079455139174,4.6455798982825875,-0.2139823175005915,0.2139823175005915,0.01365694808704346,0.9990409470496527,0.999767792715171,0.9765625,false,1.130677730103312,BoundedKKTNewtonGMRES+AnalyticStressRoot,2,true,false,true,true,true,true,true,1.0000000000555111e-6,0.999998999999999,0.5000000000000004,-5.782293619813564,0.00038534484333303625,0.0006857979608394585,bounded-KKT Newton-GMRES,2.71940647535182e-5,Polyorder.Successful(),6.833489560248795e-7,4.985942026569537e-7,0.1,0.0967829145475539,0.01,"Anderson(SD(0.1); m=10, warmup=100, αw=0.2)","VariableCell(BB(1.0), field_updater)",128,64,256,1,,,,,,,,cases/f0.5_chiN35/native_profiles.csv#model=burp_ti,accepted,model_gates_pass,,,,
liu2019-stress-free-period-map-v2,stress_free_lamellar_observable,f0.5_chiN35,0.5,35.0,10.495,bvk2,BVK2,frozen_c2_evaluation,4.617600255370743,4.6455798982825875,-0.006022852587722949,0.006022852587722949,0.007760508136813478,0.999690310810556,0.9998455621196259,0.9775390625,false,1.4298251169578802,FilteredUDThetaAnalyticCellStressRoot,28,true,false,true,true,true,true,true,0.0004322071545248899,0.9995677928454713,0.49999999999965405,-6.882984280122785,1.0361220412257927e-11,3.244819916822912e-11,oversampled filtered UD-theta L-BFGS with cosine-Newton polish,3.1530333899354446e-14,Polyorder.Successful(),6.833489560248795e-7,4.985942026569537e-7,0.1,0.0967829145475539,0.01,"Anderson(SD(0.1); m=10, warmup=100, αw=0.2)","VariableCell(BB(1.0), field_updater)",256,,,,0.16,,,,,,,cases/f0.5_chiN35/native_profiles.csv#model=bvk2,accepted,model_gates_pass,,2,12.0,ud-theta-spectral-adaptive-k-physical-sensor-filter-oversampled-v2
liu2019-stress-free-period-map-v2,stress_free_lamellar_observable,f0.45_chiN11,0.45,11.0,10.698,scft,SCFT,reference,3.268939968866941,3.268939968866941,0.0,0.0,0.0,1.0,1.0,0.0,false,,Polyorder.cell_solve!,18,true,false,true,true,true,true,true,0.28760058651169423,0.622756169170065,0.4500000000000004,1.7203259681203522,,,not_applicable,1.8110471391590858e-7,Polyorder.Successful(),2.3673687724194436e-7,5.2206211539854406e-8,0.1,0.0908038880240817,0.01,"Anderson(SD(0.1); m=10, warmup=100, αw=0.2)","VariableCell(BB(1.0), field_updater)",36,,,,,,,,,,,cases/f0.45_chiN11/native_profiles.csv#model=scft,accepted,reference_gates_pass,,,,
liu2019-stress-free-period-map-v2,stress_free_lamellar_observable,f0.45_chiN11,0.45,11.0,10.698,liu2019_opf,OPF (force/stress mapped),per_state_force_stress_mapping,3.264966213091021,3.268939968866941,-0.0012156098961025874,0.0012156098961025874,0.0025348490149480207,0.9995470889879554,0.9998119390167024,0.0,false,1.0002754211425782,StressRootBisection,49,true,false,true,true,true,true,true,0.28343517716263256,0.6204913340557672,0.44999999999999996,-0.0019169633066487626,8.426166954831387e-7,3.2109507428334377e-6,mean-constrained Fourier nonlinear conjugate gradient,2.5875673439051708e-8,Polyorder.Successful(),2.3673687724194436e-7,5.2206211539854406e-8,0.1,0.0908038880240817,0.01,"Anderson(SD(0.1); m=10, warmup=100, αw=0.2)","VariableCell(BB(1.0), field_updater)",128,,,,,-1.0,-0.10417990225971925,1.905268634113207,0.12393230549696527,1.7016397666926417,0.006347188594631345,cases/f0.45_chiN11/native_profiles.csv#model=liu2019_opf,accepted,model_gates_pass,,,,
liu2019-stress-free-period-map-v2,stress_free_lamellar_observable,f0.45_chiN11,0.45,11.0,10.698,ohta_kawasaki,Ohta-Kawasaki (recomputed),liu2019_ok_asymptotic_quadratic_mapped_c3_c4,3.367693153681455,3.268939968866941,0.030209543691542162,0.030209543691542162,0.022775999251876674,0.9634351692533792,0.9997213583897121,0.0,false,1.0000901699066163,StressRootBisection,55,true,false,true,true,true,true,true,0.3151305228339422,0.5869522726808702,0.44999999999999996,-0.004731786600618917,5.791628172108913e-6,1.3133451385351214e-5,mean-constrained Fourier nonlinear conjugate gradient,7.480158205042571e-8,Polyorder.Successful(),2.3673687724194436e-7,5.2206211539854406e-8,0.1,0.0908038880240817,0.01,"Anderson(SD(0.1); m=10, warmup=100, αw=0.2)","VariableCell(BB(1.0), field_updater)",128,,,,,-7.335646277502086,-0.6219688645413003,10.897180481581051,1.01010101010101,12.24364860728497,,cases/f0.45_chiN11/native_profiles.csv#model=ohta_kawasaki,accepted,model_gates_pass,,,,
liu2019-stress-free-period-map-v2,stress_free_lamellar_observable,f0.45_chiN11,0.45,11.0,10.698,uneyama_doi,Uneyama-Doi,not_applicable,NaN,3.268939968866941,NaN,NaN,NaN,NaN,NaN,NaN,false,NaN,failed,,false,false,false,false,true,false,false,NaN,NaN,NaN,NaN,NaN,NaN,mean-constrained fused-spectral L-BFGS with profile continuation,,Polyorder.Successful(),2.3673687724194436e-7,5.2206211539854406e-8,0.1,0.0908038880240817,0.01,"Anderson(SD(0.1); m=10, warmup=100, αw=0.2)","VariableCell(BB(1.0), field_updater)",,,,,,,,,,,,,rejected,solver_failure,all bootstrap-local Uneyama-Doi evaluations failed,,,
liu2019-stress-free-period-map-v2,stress_free_lamellar_observable,f0.45_chiN11,0.45,11.0,10.698,burp_ti,BURP-TI,not_applicable,3.224067580400082,3.268939968866941,-0.013726892783048616,0.013726892783048616,0.004353608540911467,0.9986639969776933,0.9998532378134473,0.99609375,false,1.0001948922705013,BoundedKKTNewtonGMRES+AnalyticStressRoot,0,true,false,true,true,true,true,true,0.29027431189225966,0.6142501789160308,0.45000000000000007,-0.002670513703534133,0.00040216565383872417,0.0005774475664821477,bounded-KKT Newton-GMRES,1.5808056420020974e-5,Polyorder.Successful(),2.3673687724194436e-7,5.2206211539854406e-8,0.1,0.0908038880240817,0.01,"Anderson(SD(0.1); m=10, warmup=100, αw=0.2)","VariableCell(BB(1.0), field_updater)",128,64,256,1,,,,,,,,cases/f0.45_chiN11/native_profiles.csv#model=burp_ti,accepted,model_gates_pass,,,,
liu2019-stress-free-period-map-v2,stress_free_lamellar_observable,f0.45_chiN11,0.45,11.0,10.698,bvk2,BVK2,frozen_c2_evaluation,3.397589044517339,3.268939968866941,0.03935498261688464,0.03935498261688464,0.024423264721237428,0.9579548671097977,0.9999611670106515,0.998046875,false,1.0540260474126781,FilteredUDThetaAnalyticCellStressRoot,14,true,false,true,true,true,true,true,0.3196098339122991,0.5867720301368106,0.4500000000000001,-0.001558646160315716,1.4813279489916078e-8,2.6098406668909783e-8,oversampled filtered UD-theta L-BFGS with cosine-Newton polish,3.6587149976341493e-10,Polyorder.Successful(),2.3673687724194436e-7,5.2206211539854406e-8,0.1,0.0908038880240817,0.01,"Anderson(SD(0.1); m=10, warmup=100, αw=0.2)","VariableCell(BB(1.0), field_updater)",256,,,,0.16,,,,,,,cases/f0.45_chiN11/native_profiles.csv#model=bvk2,accepted,model_gates_pass,,2,12.0,ud-theta-spectral-adaptive-k-physical-sensor-filter-oversampled-v2
liu2019-stress-free-period-map-v2,stress_free_lamellar_observable,f0.45_chiN12,0.45,12.0,10.698,scft,SCFT,reference,3.4011200033936277,3.4011200033936277,0.0,0.0,0.0,1.0,1.0,0.0,false,,Polyorder.cell_solve!,23,true,false,true,true,true,true,true,0.15780710138784274,0.7776188782424878,0.4499999999999998,1.9341543511898607,,,not_applicable,1.0459531021856785e-6,Polyorder.Successful(),3.539099726232193e-7,1.581322968957022e-7,0.1,0.09447555564982299,0.01,"Anderson(SD(0.1); m=10, warmup=100, αw=0.2)","VariableCell(BB(1.0), field_updater)",36,,,,,,,,,,,cases/f0.45_chiN12/native_profiles.csv#model=scft,accepted,reference_gates_pass,,,,
liu2019-stress-free-period-map-v2,stress_free_lamellar_observable,f0.45_chiN12,0.45,12.0,10.698,liu2019_opf,OPF (force/stress mapped),per_state_force_stress_mapping,3.3920337341190003,3.4011200033936277,-0.0026715520962392603,0.0026715520962392603,0.007494016743852406,0.9988944522483472,0.9994860429955114,0.0,false,1.0030461788177492,StressRootBisection,73,true,false,true,true,true,true,true,0.14733499913125497,0.7695155102239564,0.4499999999999999,-0.023530416994811232,1.0578609856124773e-6,2.6537927555053686e-6,mean-constrained Fourier nonlinear conjugate gradient,1.079275461658495e-8,Polyorder.Successful(),3.539099726232193e-7,1.581322968957022e-7,0.1,0.09447555564982299,0.01,"Anderson(SD(0.1); m=10, warmup=100, αw=0.2)","VariableCell(BB(1.0), field_updater)",128,,,,,-1.0,-0.13237921230656133,1.815441739830022,0.1055801500446444,1.2581858845640612,0.01902423563177565,cases/f0.45_chiN12/native_profiles.csv#model=liu2019_opf,accepted,model_gates_pass,,,,
liu2019-stress-free-period-map-v2,stress_free_lamellar_observable,f0.45_chiN12,0.45,12.0,10.698,ohta_kawasaki,Ohta-Kawasaki (recomputed),liu2019_ok_asymptotic_quadratic_mapped_c3_c4,3.3708821872536276,3.4011200033936277,-0.008890546675750621,0.008890546675750621,0.05124026007150167,0.9483142481438953,0.9991894068182088,0.0,false,1.0010372042655944,StressRootBisection,53,true,false,true,true,true,true,true,0.21202844970601561,0.6981810735564096,0.4499999999999999,-0.06673572400944638,9.691515038896517e-6,2.130654978677038e-5,mean-constrained Fourier nonlinear conjugate gradient,2.251764860774447e-8,Polyorder.Successful(),3.539099726232193e-7,1.581322968957022e-7,0.1,0.09447555564982299,0.01,"Anderson(SD(0.1); m=10, warmup=100, αw=0.2)","VariableCell(BB(1.0), field_updater)",128,,,,,-8.335646277502086,-1.0897571999161384,14.529398504768293,1.01010101010101,12.24364860728497,,cases/f0.45_chiN12/native_profiles.csv#model=ohta_kawasaki,accepted,model_gates_pass,,,,
liu2019-stress-free-period-map-v2,stress_free_lamellar_observable,f0.45_chiN12,0.45,12.0,10.698,uneyama_doi,Uneyama-Doi,not_applicable,3.376027444924139,3.4011200033936277,-0.007377733936012709,0.007377733936012709,0.1482682655226928,0.5672425015333546,0.9992566587068882,0.99609375,false,1.04733704315191,BootstrapLocal,24,true,false,true,true,true,true,true,0.34456636573902016,0.5618580224217486,0.45000000000053336,-0.0009041719777981849,8.528150247733553e-7,2.492896253425414e-6,mean-constrained fused-spectral L-BFGS with profile continuation,,Polyorder.Successful(),3.539099726232193e-7,1.581322968957022e-7,0.1,0.09447555564982299,0.01,"Anderson(SD(0.1); m=10, warmup=100, αw=0.2)","VariableCell(BB(1.0), field_updater)",128,,,1,,,,,,,,cases/f0.45_chiN12/native_profiles.csv#model=uneyama_doi,accepted,model_gates_pass,,,,
liu2019-stress-free-period-map-v2,stress_free_lamellar_observable,f0.45_chiN12,0.45,12.0,10.698,burp_ti,BURP-TI,not_applicable,3.2270414874687754,3.4011200033936277,-0.05118270327161567,0.05118270327161567,0.006853650670021896,0.9990753186105672,0.9996251301969699,0.99609375,false,1.0011174804563931,BoundedKKTNewtonGMRES+AnalyticStressRoot,0,true,false,true,true,true,true,true,0.15322770591428578,0.7665987210463803,0.45,-0.045087095033694125,0.00048273104146275984,0.0006713492070178351,bounded-KKT Newton-GMRES,5.389901406698155e-5,Polyorder.Successful(),3.539099726232193e-7,1.581322968957022e-7,0.1,0.09447555564982299,0.01,"Anderson(SD(0.1); m=10, warmup=100, αw=0.2)","VariableCell(BB(1.0), field_updater)",128,64,256,1,,,,,,,,cases/f0.45_chiN12/native_profiles.csv#model=burp_ti,accepted,model_gates_pass,,,,
liu2019-stress-free-period-map-v2,stress_free_lamellar_observable,f0.45_chiN12,0.45,12.0,10.698,bvk2,BVK2,frozen_c2_evaluation,3.5030348062340626,3.4011200033936277,0.02996507113502167,0.02996507113502167,0.02309277664741375,0.9895022155189175,0.9998589807798542,0.998046875,false,1.0867382377283512,FilteredUDThetaAnalyticCellStressRoot,16,true,false,true,true,true,true,true,0.18230273040565523,0.7452460279864671,0.4499999999999999,-0.03814815005785632,1.5145683968551973e-8,4.808695233920942e-8,oversampled filtered UD-theta L-BFGS with cosine-Newton polish,4.945340970063938e-9,Polyorder.Successful(),3.539099726232193e-7,1.581322968957022e-7,0.1,0.09447555564982299,0.01,"Anderson(SD(0.1); m=10, warmup=100, αw=0.2)","VariableCell(BB(1.0), field_updater)",256,,,,0.16,,,,,,,cases/f0.45_chiN12/native_profiles.csv#model=bvk2,accepted,model_gates_pass,,2,12.0,ud-theta-spectral-adaptive-k-physical-sensor-filter-oversampled-v2
liu2019-stress-free-period-map-v2,stress_free_lamellar_observable,f0.45_chiN13,0.45,13.0,10.698,scft,SCFT,reference,3.5134997595041466,3.5134997595041466,0.0,0.0,0.0,1.0,1.0,0.0,false,,Polyorder.cell_solve!,18,true,false,true,true,true,true,true,0.10214308256844797,0.849383836853055,0.4500000000000008,2.1169231104703448,,,not_applicable,5.613552189054855e-7,Polyorder.Successful(),4.6509440591602286e-7,2.5424159575133045e-7,0.1,0.09759721554178186,0.01,"Anderson(SD(0.1); m=10, warmup=100, αw=0.2)","VariableCell(BB(1.0), field_updater)",36,,,,,,,,,,,cases/f0.45_chiN13/native_profiles.csv#model=scft,accepted,reference_gates_pass,,,,
liu2019-stress-free-period-map-v2,stress_free_lamellar_observable,f0.45_chiN13,0.45,13.0,10.698,liu2019_opf,OPF (force/stress mapped),per_state_force_stress_mapping,3.502026717753931,3.5134997595041466,-0.0032654169732559968,0.0032654169732559968,0.010354496746859704,0.9986044470755397,0.999342426585802,0.0,false,1.0077896118164062,StressRootBisection,68,true,false,true,true,true,true,true,0.08943476113289534,0.8381893700736391,0.45,-0.052979845971046685,1.2863502096663703e-6,3.808928954591312e-6,mean-constrained Fourier nonlinear conjugate gradient,4.250100193392011e-8,Polyorder.Successful(),4.6509440591602286e-7,2.5424159575133045e-7,0.1,0.09759721554178186,0.01,"Anderson(SD(0.1); m=10, warmup=100, αw=0.2)","VariableCell(BB(1.0), field_updater)",128,,,,,-1.0,-0.15049680467132492,1.7779448708524608,0.09284750324678458,0.9924105952310512,0.025695578624700913,cases/f0.45_chiN13/native_profiles.csv#model=liu2019_opf,accepted,model_gates_pass,,,,
liu2019-stress-free-period-map-v2,stress_free_lamellar_observable,f0.45_chiN13,0.45,13.0,10.698,ohta_kawasaki,Ohta-Kawasaki (recomputed),liu2019_ok_asymptotic_quadratic_mapped_c3_c4,3.3767957665580943,3.5134997595041466,-0.03890821184098925,0.03890821184098925,0.06900162914615143,0.938026359505844,0.9989261258645108,0.0,false,1.0027933359146122,StressRootBisection,74,true,false,true,true,true,true,true,0.17183244285512778,0.746356809020199,0.45000000000000007,-0.16864497618457153,9.240167783066464e-6,2.5522473379946398e-5,mean-constrained Fourier nonlinear conjugate gradient,8.334522324690781e-8,Polyorder.Successful(),4.6509440591602286e-7,2.5424159575133045e-7,0.1,0.09759721554178186,0.01,"Anderson(SD(0.1); m=10, warmup=100, αw=0.2)","VariableCell(BB(1.0), field_updater)",128,,,,,-9.335646277502086,-1.563668097790976,18.201778329205542,1.01010101010101,12.24364860728497,,cases/f0.45_chiN13/native_profiles.csv#model=ohta_kawasaki,accepted,model_gates_pass,,,,
liu2019-stress-free-period-map-v2,stress_free_lamellar_observable,f0.45_chiN13,0.45,13.0,10.698,uneyama_doi,Uneyama-Doi,not_applicable,3.3941733890942225,3.5134997595041466,-0.03396225375770745,0.03396225375770745,0.10400752924290832,0.8591950643796054,0.9996458104128401,0.99609375,false,1.0529664166751818,BootstrapLocal,24,true,false,true,true,true,true,true,0.22594653874013418,0.7039286961547128,0.45000000000010965,-0.02642393726310832,8.672602289160883e-7,2.943659253018538e-6,mean-constrained fused-spectral L-BFGS with profile continuation,,Polyorder.Successful(),4.6509440591602286e-7,2.5424159575133045e-7,0.1,0.09759721554178186,0.01,"Anderson(SD(0.1); m=10, warmup=100, αw=0.2)","VariableCell(BB(1.0), field_updater)",128,,,1,,,,,,,,cases/f0.45_chiN13/native_profiles.csv#model=uneyama_doi,accepted,model_gates_pass,,,,
liu2019-stress-free-period-map-v2,stress_free_lamellar_observable,f0.45_chiN13,0.45,13.0,10.698,burp_ti,BURP-TI,not_applicable,3.2323064432790534,3.5134997595041466,-0.08003225714316753,0.08003225714316753,0.007837148239749774,0.9992005258200051,0.9996002211553136,0.99609375,false,1.002750815297599,BoundedKKTNewtonGMRES+AnalyticStressRoot,0,true,false,true,true,true,true,true,0.09187767261286502,0.8427785404996011,0.4500000000000002,-0.1291997972123604,0.00048665957391745096,0.0007230163217029073,bounded-KKT Newton-GMRES,4.768936846528503e-5,Polyorder.Successful(),4.6509440591602286e-7,2.5424159575133045e-7,0.1,0.09759721554178186,0.01,"Anderson(SD(0.1); m=10, warmup=100, αw=0.2)","VariableCell(BB(1.0), field_updater)",128,64,256,1,,,,,,,,cases/f0.45_chiN13/native_profiles.csv#model=burp_ti,accepted,model_gates_pass,,,,
liu2019-stress-free-period-map-v2,stress_free_lamellar_observable,f0.45_chiN13,0.45,13.0,10.698,bvk2,BVK2,frozen_c2_evaluation,3.5927737801477746,3.5134997595041466,0.022562694199476985,0.022562694199476985,0.019451331984053955,0.9950752708864453,0.9997948718084968,0.498046875,false,1.1145777482559043,FilteredUDThetaAnalyticCellStressRoot,16,true,false,true,true,true,true,true,0.11864583852926744,0.8246569653900193,0.4500000000000001,-0.11894614147286797,1.1820040480463697e-11,3.6454376510539693e-11,oversampled filtered UD-theta L-BFGS with cosine-Newton polish,3.240588797304156e-9,Polyorder.Successful(),4.6509440591602286e-7,2.5424159575133045e-7,0.1,0.09759721554178186,0.01,"Anderson(SD(0.1); m=10, warmup=100, αw=0.2)","VariableCell(BB(1.0), field_updater)",256,,,,0.16,,,,,,,cases/f0.45_chiN13/native_profiles.csv#model=bvk2,accepted,model_gates_pass,,2,12.0,ud-theta-spectral-adaptive-k-physical-sensor-filter-oversampled-v2
liu2019-stress-free-period-map-v2,stress_free_lamellar_observable,f0.45_chiN14,0.45,14.0,10.698,scft,SCFT,reference,3.6118328239572497,3.6118328239572497,0.0,0.0,0.0,1.0,1.0,0.0,false,,Polyorder.cell_solve!,27,true,false,true,true,true,true,true,0.070446284338515,0.8919498734625757,0.4500000000000007,2.2771272756882515,,,not_applicable,1.0629330648717927e-6,Polyorder.Successful(),9.061847291247245e-8,5.399089805967004e-8,0.1,0.10032868955436805,0.01,"Anderson(SD(0.1); m=10, warmup=100, αw=0.2)","VariableCell(BB(1.0), field_updater)",36,,,,,,,,,,,cases/f0.45_chiN14/native_profiles.csv#model=scft,accepted,reference_gates_pass,,,,
liu2019-stress-free-period-map-v2,stress_free_lamellar_observable,f0.45_chiN14,0.45,14.0,10.698,liu2019_opf,OPF (force/stress mapped),per_state_force_stress_mapping,3.5996359206069197,3.6118328239572497,-0.003376929095230574,0.003376929095230574,0.012284672537231367,0.9984303753363347,0.9992577906992952,0.0,false,1.0138358116149901,StressRootBisection,72,true,false,true,true,true,true,true,0.05719836044560328,0.8788025872787979,0.44999999999999996,-0.08275177215200837,5.969075427036557e-7,1.979544824275148e-6,mean-constrained Fourier nonlinear conjugate gradient,6.858420888743351e-8,Polyorder.Successful(),9.061847291247245e-8,5.399089805967004e-8,0.1,0.10032868955436805,0.01,"Anderson(SD(0.1); m=10, warmup=100, αw=0.2)","VariableCell(BB(1.0), field_updater)",128,,,,,-1.0,-0.16339929090734046,1.7639366640094631,0.08319494256806587,0.8159294384518269,0.029937017840698875,cases/f0.45_chiN14/native_profiles.csv#model=liu2019_opf,accepted,model_gates_pass,,,,
liu2019-stress-free-period-map-v2,stress_free_lamellar_observable,f0.45_chiN14,0.45,14.0,10.698,ohta_kawasaki,Ohta-Kawasaki (recomputed),liu2019_ok_asymptotic_quadratic_mapped_c3_c4,3.384788160768447,3.6118328239572497,-0.06286134332763627,0.06286134332763627,0.08148159523599545,0.9309461826869381,0.9987625407421692,0.0,false,1.0051668047904967,StressRootBisection,75,true,false,true,true,true,true,true,0.1507080932039711,0.7745276492436397,0.44999999999999996,-0.29185453934529515,6.553562495539518e-6,1.6410763415825036e-5,mean-constrained Fourier nonlinear conjugate gradient,4.95126793352198e-8,Polyorder.Successful(),9.061847291247245e-8,5.399089805967004e-8,0.1,0.10032868955436805,0.01,"Anderson(SD(0.1); m=10, warmup=100, αw=0.2)","VariableCell(BB(1.0), field_updater)",128,,,,,-10.335646277502086,-2.0437015581658144,21.91431995489279,1.01010101010101,12.24364860728497,,cases/f0.45_chiN14/native_profiles.csv#model=ohta_kawasaki,accepted,model_gates_pass,,,,
liu2019-stress-free-period-map-v2,stress_free_lamellar_observable,f0.45_chiN14,0.45,14.0,10.698,uneyama_doi,Uneyama-Doi,not_applicable,3.412340150323214,3.6118328239572497,-0.055233086180180635,0.055233086180180635,0.08703157889188645,0.9212188401615307,0.9996880528811106,0.99609375,false,1.058602248225611,BootstrapLocal,24,true,false,true,true,true,true,true,0.17087180089607698,0.7754864161938959,0.45000000000046647,-0.08266029903721561,6.61916462655922e-7,1.8483099518684654e-6,mean-constrained fused-spectral L-BFGS with profile continuation,,Polyorder.Successful(),9.061847291247245e-8,5.399089805967004e-8,0.1,0.10032868955436805,0.01,"Anderson(SD(0.1); m=10, warmup=100, αw=0.2)","VariableCell(BB(1.0), field_updater)",128,,,1,,,,,,,,cases/f0.45_chiN14/native_profiles.csv#model=uneyama_doi,accepted,model_gates_pass,,,,
liu2019-stress-free-period-map-v2,stress_free_lamellar_observable,f0.45_chiN14,0.45,14.0,10.698,burp_ti,BURP-TI,not_applicable,3.2397898941767473,3.6118328239572497,-0.1030066860549983,0.1030066860549983,0.00863939381191866,0.9992236899873961,0.9996482916630892,0.99609375,false,1.0050723886448618,BoundedKKTNewtonGMRES+AnalyticStressRoot,0,true,false,true,true,true,true,true,0.05732544731553746,0.8908945157030466,0.4500000000000001,-0.24546785777537816,0.0004746675224341811,0.0007221779421622276,bounded-KKT Newton-GMRES,6.821812361825549e-5,Polyorder.Successful(),9.061847291247245e-8,5.399089805967004e-8,0.1,0.10032868955436805,0.01,"Anderson(SD(0.1); m=10, warmup=100, αw=0.2)","VariableCell(BB(1.0), field_updater)",128,64,256,1,,,,,,,,cases/f0.45_chiN14/native_profiles.csv#model=burp_ti,accepted,model_gates_pass,,,,
liu2019-stress-free-period-map-v2,stress_free_lamellar_observable,f0.45_chiN14,0.45,14.0,10.698,bvk2,BVK2,frozen_c2_evaluation,3.6727179911814054,3.6118328239572497,0.016857138796763982,0.016857138796763982,0.015890838194999903,0.9973736278409926,0.9997681462710134,0.498046875,false,1.1393786525634095,FilteredUDThetaAnalyticCellStressRoot,19,true,false,true,true,true,true,true,0.08078731232616325,0.8743758025666599,0.44999999999999996,-0.2377783907393619,1.2577303937246634e-11,4.23807916798734e-11,oversampled filtered UD-theta L-BFGS with cosine-Newton polish,1.134939808800084e-9,Polyorder.Successful(),9.061847291247245e-8,5.399089805967004e-8,0.1,0.10032868955436805,0.01,"Anderson(SD(0.1); m=10, warmup=100, αw=0.2)","VariableCell(BB(1.0), field_updater)",256,,,,0.16,,,,,,,cases/f0.45_chiN14/native_profiles.csv#model=bvk2,accepted,model_gates_pass,,2,12.0,ud-theta-spectral-adaptive-k-physical-sensor-filter-oversampled-v2
liu2019-stress-free-period-map-v2,stress_free_lamellar_observable,f0.45_chiN15,0.45,15.0,10.698,scft,SCFT,reference,3.6995324507973533,3.6995324507973533,0.0,0.0,0.0,1.0,1.0,0.0,false,,Polyorder.cell_solve!,52,true,false,true,true,true,true,true,0.05046991503712615,0.9195800697952426,0.4499999999999998,2.4202974444744325,,,not_applicable,5.6438423531121e-7,Polyorder.Successful(),8.502708487693424e-7,4.7416780219378884e-7,0.1,0.10276479029992648,0.01,"Anderson(SD(0.1); m=10, warmup=100, αw=0.2)","VariableCell(BB(1.0), field_updater)",36,,,,,,,,,,,cases/f0.45_chiN15/native_profiles.csv#model=scft,accepted,reference_gates_pass,,,,
liu2019-stress-free-period-map-v2,stress_free_lamellar_observable,f0.45_chiN15,0.45,15.0,10.698,liu2019_opf,OPF (force/stress mapped),per_state_force_stress_mapping,3.6877849506472598,3.6995324507973533,-0.0031754012990375946,0.0031754012990375946,0.013757752313739496,0.9982944623466115,0.9991930067482926,0.0,false,1.0207782268524168,StressRootBisection,73,true,false,true,true,true,true,true,0.03746673247185467,0.9049585372126743,0.4500000000000001,-0.1106938052149187,7.717896835755072e-7,1.9969132667718714e-6,mean-constrained Fourier nonlinear conjugate gradient,3.2323605622593246e-8,Polyorder.Successful(),8.502708487693424e-7,4.7416780219378884e-7,0.1,0.10276479029992648,0.01,"Anderson(SD(0.1); m=10, warmup=100, αw=0.2)","VariableCell(BB(1.0), field_updater)",128,,,,,-1.0,-0.17325655726657724,1.7617657346591638,0.07548982256377867,0.69067083791458,0.03303427330031572,cases/f0.45_chiN15/native_profiles.csv#model=liu2019_opf,accepted,model_gates_pass,,,,
liu2019-stress-free-period-map-v2,stress_free_lamellar_observable,f0.45_chiN15,0.45,15.0,10.698,ohta_kawasaki,Ohta-Kawasaki (recomputed),liu2019_ok_asymptotic_quadratic_mapped_c3_c4,3.3944012044745726,3.6995324507973533,-0.08247832675640299,0.08247832675640299,0.09068301504335634,0.9258999943003422,0.9986416018657329,0.0,false,1.0080215513706205,StressRootBisection,76,true,false,true,true,true,true,true,0.13837675708065594,0.7928988372306431,0.44999999999999984,-0.4282364080837213,7.11444172022922e-6,2.0049777718300632e-5,mean-constrained Fourier nonlinear conjugate gradient,3.8522188688572015e-8,Polyorder.Successful(),8.502708487693424e-7,4.7416780219378884e-7,0.1,0.10276479029992648,0.01,"Anderson(SD(0.1); m=10, warmup=100, αw=0.2)","VariableCell(BB(1.0), field_updater)",128,,,,,-11.335646277502086,-2.5298575810406523,25.667023381830035,1.01010101010101,12.24364860728497,,cases/f0.45_chiN15/native_profiles.csv#model=ohta_kawasaki,accepted,model_gates_pass,,,,
liu2019-stress-free-period-map-v2,stress_free_lamellar_observable,f0.45_chiN15,0.45,15.0,10.698,uneyama_doi,Uneyama-Doi,not_applicable,3.4297396598489738,3.6995324507973533,-0.07292618581848942,0.07292618581848942,0.07576606246627686,0.9482731806845972,0.99969757871094,0.99609375,false,1.064000057087148,BootstrapLocal,24,true,false,true,true,true,true,true,0.13591221144887736,0.8223854195923477,0.45000000000035634,-0.16483286568958144,9.411959957202623e-7,2.4988334655362543e-6,mean-constrained fused-spectral L-BFGS with profile continuation,,Polyorder.Successful(),8.502708487693424e-7,4.7416780219378884e-7,0.1,0.10276479029992648,0.01,"Anderson(SD(0.1); m=10, warmup=100, αw=0.2)","VariableCell(BB(1.0), field_updater)",128,,,1,,,,,,,,cases/f0.45_chiN15/native_profiles.csv#model=uneyama_doi,accepted,model_gates_pass,,,,
liu2019-stress-free-period-map-v2,stress_free_lamellar_observable,f0.45_chiN15,0.45,15.0,10.698,burp_ti,BURP-TI,not_applicable,3.249817915363427,3.6995324507973533,-0.12155982990147851,0.12155982990147851,0.009377359920672538,0.999207630938831,0.9997103245261905,0.99609375,false,1.0081833580400048,BoundedKKTNewtonGMRES+AnalyticStressRoot,1,true,false,true,true,true,true,true,0.03656264663523185,0.9235404268361229,0.4500000000000002,-0.38725938507532764,0.00038335130206079086,0.0006487713052409916,bounded-KKT Newton-GMRES,1.258753784177601e-5,Polyorder.Successful(),8.502708487693424e-7,4.7416780219378884e-7,0.1,0.10276479029992648,0.01,"Anderson(SD(0.1); m=10, warmup=100, αw=0.2)","VariableCell(BB(1.0), field_updater)",128,64,256,1,,,,,,,,cases/f0.45_chiN15/native_profiles.csv#model=burp_ti,accepted,model_gates_pass,,,,
liu2019-stress-free-period-map-v2,stress_free_lamellar_observable,f0.45_chiN15,0.45,15.0,10.698,bvk2,BVK2,frozen_c2_evaluation,3.745612682315604,3.6995324507973533,0.012455690585527757,0.012455690585527757,0.013033203208076523,0.9984693998761786,0.9997628971447486,0.498046875,false,1.1619926009152657,FilteredUDThetaAnalyticCellStressRoot,18,true,false,true,true,true,true,true,0.05647108553221673,0.9077336787741677,0.45,-0.38915425812100224,1.3348816762201736e-11,4.0040459715711735e-11,oversampled filtered UD-theta L-BFGS with cosine-Newton polish,6.841194277740215e-13,Polyorder.Successful(),8.502708487693424e-7,4.7416780219378884e-7,0.1,0.10276479029992648,0.01,"Anderson(SD(0.1); m=10, warmup=100, αw=0.2)","VariableCell(BB(1.0), field_updater)",256,,,,0.16,,,,,,,cases/f0.45_chiN15/native_profiles.csv#model=bvk2,accepted,model_gates_pass,,2,12.0,ud-theta-spectral-adaptive-k-physical-sensor-filter-oversampled-v2
liu2019-stress-free-period-map-v2,stress_free_lamellar_observable,f0.45_chiN16,0.45,16.0,10.698,scft,SCFT,reference,3.778847677168882,3.778847677168882,0.0,0.0,0.0,1.0,1.0,0.0,false,,Polyorder.cell_solve!,22,true,false,true,true,true,true,true,0.037141440291200534,0.9385000020557678,0.45000000000000057,2.5502047265493384,,,not_applicable,6.03087442802016e-6,Polyorder.Successful(),8.440011319462172e-7,5.488715842951601e-7,0.1,0.10496799103246895,0.01,"Anderson(SD(0.1); m=10, warmup=100, αw=0.2)","VariableCell(BB(1.0), field_updater)",36,,,,,,,,,,,cases/f0.45_chiN16/native_profiles.csv#model=scft,accepted,reference_gates_pass,,,,
liu2019-stress-free-period-map-v2,stress_free_lamellar_observable,f0.45_chiN16,0.45,16.0,10.698,liu2019_opf,OPF (force/stress mapped),per_state_force_stress_mapping,3.768441412674482,3.778847677168882,-0.002753819519445866,0.002753819519445866,0.014989373647409035,0.9981686369692638,0.9991337731660721,0.0,false,1.0283394813537599,StressRootBisection,72,true,false,true,true,true,true,true,0.024741139857339,0.9226184630499801,0.4499999999999999,-0.13631074945887633,9.001705868690914e-7,2.0393168971913345e-6,mean-constrained Fourier nonlinear conjugate gradient,5.990217969148153e-8,Polyorder.Successful(),8.440011319462172e-7,5.488715842951601e-7,0.1,0.10496799103246895,0.01,"Anderson(SD(0.1); m=10, warmup=100, αw=0.2)","VariableCell(BB(1.0), field_updater)",128,,,,,-1.0,-0.18117767450265354,1.7658454612027679,0.06913007027332732,0.5974278186858697,0.03549469674149735,cases/f0.45_chiN16/native_profiles.csv#model=liu2019_opf,accepted,model_gates_pass,,,,
liu2019-stress-free-period-map-v2,stress_free_lamellar_observable,f0.45_chiN16,0.45,16.0,10.698,ohta_kawasaki,Ohta-Kawasaki (recomputed),liu2019_ok_asymptotic_quadratic_mapped_c3_c4,3.405302759366282,3.778847677168882,-0.09885154145256803,0.09885154145256803,0.09771554166147241,0.9221721990886269,0.9985432412543703,0.0,false,1.011258941888809,StressRootBisection,76,true,false,true,true,true,true,true,0.13081265342814807,0.8055972911756489,0.45,-0.5736449815686853,5.3173775084494275e-6,1.8843450257655103e-5,mean-constrained Fourier nonlinear conjugate gradient,3.94174120059131e-9,Polyorder.Successful(),8.440011319462172e-7,5.488715842951601e-7,0.1,0.10496799103246895,0.01,"Anderson(SD(0.1); m=10, warmup=100, αw=0.2)","VariableCell(BB(1.0), field_updater)",128,,,,,-12.335646277502086,-3.022136166415489,29.45988861001728,1.01010101010101,12.24364860728497,,cases/f0.45_chiN16/native_profiles.csv#model=ohta_kawasaki,accepted,model_gates_pass,,,,
liu2019-stress-free-period-map-v2,stress_free_lamellar_observable,f0.45_chiN16,0.45,16.0,10.698,uneyama_doi,Uneyama-Doi,not_applicable,3.446585851582115,3.778847677168882,-0.08792675809459949,0.08792675809459949,0.06710561320377109,0.9632950049163356,0.9997035650261031,0.99609375,false,1.0692262114730329,BootstrapLocal,24,true,false,true,true,true,true,true,0.11139962429742327,0.8557585766409613,0.4500000000002386,-0.2692369748743305,8.804941488939218e-7,2.1900273908248558e-6,mean-constrained fused-spectral L-BFGS with profile continuation,,Polyorder.Successful(),8.440011319462172e-7,5.488715842951601e-7,0.1,0.10496799103246895,0.01,"Anderson(SD(0.1); m=10, warmup=100, αw=0.2)","VariableCell(BB(1.0), field_updater)",128,,,1,,,,,,,,cases/f0.45_chiN16/native_profiles.csv#model=uneyama_doi,accepted,model_gates_pass,,,,
liu2019-stress-free-period-map-v2,stress_free_lamellar_observable,f0.45_chiN16,0.45,16.0,10.698,burp_ti,BURP-TI,not_applicable,3.261877938643265,3.778847677168882,-0.13680618608922912,0.13680618608922912,0.010063151873784587,0.999174578976804,0.9997632171798838,0.99609375,false,1.011924710658817,BoundedKKTNewtonGMRES+AnalyticStressRoot,1,true,false,true,true,true,true,true,0.023739130263816494,0.946389770706993,0.45,-0.5498278298275769,0.0003793019625333039,0.0006878329478263723,bounded-KKT Newton-GMRES,3.087940561865494e-5,Polyorder.Successful(),8.440011319462172e-7,5.488715842951601e-7,0.1,0.10496799103246895,0.01,"Anderson(SD(0.1); m=10, warmup=100, αw=0.2)","VariableCell(BB(1.0), field_updater)",128,64,256,1,,,,,,,,cases/f0.45_chiN16/native_profiles.csv#model=burp_ti,accepted,model_gates_pass,,,,
liu2019-stress-free-period-map-v2,stress_free_lamellar_observable,f0.45_chiN16,0.45,16.0,10.698,bvk2,BVK2,frozen_c2_evaluation,3.8129998378888463,3.778847677168882,0.009037718277533413,0.009037718277533413,0.010935359781568899,0.9990253109921223,0.9997683434655561,0.498046875,false,1.1828979594811773,FilteredUDThetaAnalyticCellStressRoot,20,true,false,true,true,true,true,true,0.04019181182405824,0.9309996742958222,0.4500000000000003,-0.568520786608296,1.7197305491431542e-8,3.070907753689432e-8,oversampled filtered UD-theta L-BFGS with cosine-Newton polish,7.419436620637043e-9,Polyorder.Successful(),8.440011319462172e-7,5.488715842951601e-7,0.1,0.10496799103246895,0.01,"Anderson(SD(0.1); m=10, warmup=100, αw=0.2)","VariableCell(BB(1.0), field_updater)",256,,,,0.16,,,,,,,cases/f0.45_chiN16/native_profiles.csv#model=bvk2,accepted,model_gates_pass,,2,12.0,ud-theta-spectral-adaptive-k-physical-sensor-filter-oversampled-v2
liu2019-stress-free-period-map-v2,stress_free_lamellar_observable,f0.45_chiN17,0.45,17.0,10.698,scft,SCFT,reference,3.851415506965689,3.851415506965689,0.0,0.0,0.0,1.0,1.0,0.0,false,,Polyorder.cell_solve!,56,true,false,true,true,true,true,true,0.027903774375164753,0.9519556557200785,0.4500000000000006,2.669511554888633,,,not_applicable,1.4189761638131173e-7,Polyorder.Successful(),6.320971114551015e-7,4.4998472971006863e-7,0.1,0.09628538767414221,0.01,"Anderson(SD(0.1); m=10, warmup=100, αw=0.2)","VariableCell(BB(1.0), field_updater)",40,,,,,,,,,,,cases/f0.45_chiN17/native_profiles.csv#model=scft,accepted,reference_gates_pass,,,,
liu2019-stress-free-period-map-v2,stress_free_lamellar_observable,f0.45_chiN17,0.45,17.0,10.698,liu2019_opf,OPF (force/stress mapped),per_state_force_stress_mapping,3.843023619922307,3.851415506965689,-0.0021789098133411233,0.0021789098133411233,0.016055725585658206,0.9980515097419073,0.9990734825318057,0.0,false,1.036314296722412,StressRootBisection,72,true,false,true,true,true,true,true,0.016244939760052812,0.9349286289217821,0.45,-0.1596600112437366,8.805672517416296e-7,2.0315472919890665e-6,mean-constrained Fourier nonlinear conjugate gradient,9.392471818020249e-8,Polyorder.Successful(),6.320971114551015e-7,4.4998472971006863e-7,0.1,0.09628538767414221,0.01,"Anderson(SD(0.1); m=10, warmup=100, αw=0.2)","VariableCell(BB(1.0), field_updater)",128,,,,,-1.0,-0.18778432022529046,1.773208973482987,0.06375848864955025,0.5254497997116331,0.03753312262778602,cases/f0.45_chiN17/native_profiles.csv#model=liu2019_opf,accepted,model_gates_pass,,,,
liu2019-stress-free-period-map-v2,stress_free_lamellar_observable,f0.45_chiN17,0.45,17.0,10.698,ohta_kawasaki,Ohta-Kawasaki (recomputed),liu2019_ok_asymptotic_quadratic_mapped_c3_c4,3.4172388745147866,3.851415506965689,-0.11273170388020926,0.11273170388020926,0.1034839136064122,0.9190561132353631,0.998435380685266,0.0,false,1.0148035615682602,StressRootBisection,77,true,false,true,true,true,true,true,0.1260868649384962,0.814683533300801,0.44999999999999996,-0.7257217849390704,8.841649929401532e-6,2.114267690389582e-5,mean-constrained Fourier nonlinear conjugate gradient,3.6757079798571195e-9,Polyorder.Successful(),6.320971114551015e-7,4.4998472971006863e-7,0.1,0.09628538767414221,0.01,"Anderson(SD(0.1); m=10, warmup=100, αw=0.2)","VariableCell(BB(1.0), field_updater)",128,,,,,-13.335646277502086,-3.520537314290328,33.29291563945453,1.01010101010101,12.24364860728497,,cases/f0.45_chiN17/native_profiles.csv#model=ohta_kawasaki,accepted,model_gates_pass,,,,
liu2019-stress-free-period-map-v2,stress_free_lamellar_observable,f0.45_chiN17,0.45,17.0,10.698,uneyama_doi,Uneyama-Doi,not_applicable,3.4630039690871035,3.851415506965689,-0.10084903516021637,0.10084903516021637,0.060265800219282156,0.9725476061957776,0.9997004688186655,0.99609375,false,1.0743195653993014,BootstrapLocal,24,true,false,true,true,true,true,true,0.09325873082086435,0.880607059182346,0.4500000000000217,-0.39294994167807284,8.785692200517118e-7,2.240705778644436e-6,mean-constrained fused-spectral L-BFGS with profile continuation,,Polyorder.Successful(),6.320971114551015e-7,4.4998472971006863e-7,0.1,0.09628538767414221,0.01,"Anderson(SD(0.1); m=10, warmup=100, αw=0.2)","VariableCell(BB(1.0), field_updater)",128,,,1,,,,,,,,cases/f0.45_chiN17/native_profiles.csv#model=uneyama_doi,accepted,model_gates_pass,,,,
liu2019-stress-free-period-map-v2,stress_free_lamellar_observable,f0.45_chiN17,0.45,17.0,10.698,burp_ti,BURP-TI,not_applicable,3.2758975280950033,3.851415506965689,-0.14943024917197345,0.14943024917197345,0.010644922982739634,0.9991435077998742,0.999793438355293,0.99609375,false,1.0162739748760448,BoundedKKTNewtonGMRES+AnalyticStressRoot,1,true,false,true,true,true,true,true,0.015711785600986298,0.9625781057245468,0.4500000000000002,-0.7297955530525937,0.0004623700142702272,0.0008481331732761443,bounded-KKT Newton-GMRES,4.248020077865149e-5,Polyorder.Successful(),6.320971114551015e-7,4.4998472971006863e-7,0.1,0.09628538767414221,0.01,"Anderson(SD(0.1); m=10, warmup=100, αw=0.2)","VariableCell(BB(1.0), field_updater)",128,64,256,1,,,,,,,,cases/f0.45_chiN17/native_profiles.csv#model=burp_ti,accepted,model_gates_pass,,,,
liu2019-stress-free-period-map-v2,stress_free_lamellar_observable,f0.45_chiN17,0.45,17.0,10.698,bvk2,BVK2,frozen_c2_evaluation,3.8758555048592234,3.851415506965689,0.006345718307809722,0.006345718307809722,0.009755106879476113,0.9992807101432821,0.9997684890335596,0.498046875,false,1.2023975250102055,FilteredUDThetaAnalyticCellStressRoot,22,true,false,true,true,true,true,true,0.02899483551505183,0.9476650214017325,0.4500000000000001,-0.7721701055765378,1.9080114417438704e-8,3.425145621796006e-8,oversampled filtered UD-theta L-BFGS with cosine-Newton polish,1.4654943925052066e-14,Polyorder.Successful(),6.320971114551015e-7,4.4998472971006863e-7,0.1,0.09628538767414221,0.01,"Anderson(SD(0.1); m=10, warmup=100, αw=0.2)","VariableCell(BB(1.0), field_updater)",256,,,,0.16,,,,,,,cases/f0.45_chiN17/native_profiles.csv#model=bvk2,accepted,model_gates_pass,,2,12.0,ud-theta-spectral-adaptive-k-physical-sensor-filter-oversampled-v2
liu2019-stress-free-period-map-v2,stress_free_lamellar_observable,f0.45_chiN18,0.45,18.0,10.698,scft,SCFT,reference,3.918280566069711,3.918280566069711,0.0,0.0,0.0,1.0,1.0,0.0,false,,Polyorder.cell_solve!,23,true,false,true,true,true,true,true,0.02132110988566041,0.961807552292759,0.4499999999999998,2.780156843216918,,,not_applicable,8.971078560249774e-6,Polyorder.Successful(),2.3606489852336524e-7,1.6618438986799623e-7,0.1,0.10884112683526975,0.01,"Anderson(SD(0.1); m=10, warmup=100, αw=0.2)","VariableCell(BB(1.0), field_updater)",36,,,,,,,,,,,cases/f0.45_chiN18/native_profiles.csv#model=scft,accepted,reference_gates_pass,,,,
liu2019-stress-free-period-map-v2,stress_free_lamellar_observable,f0.45_chiN18,0.45,18.0,10.698,liu2019_opf,OPF (force/stress mapped),per_state_force_stress_mapping,3.9124144228276743,3.918280566069711,-0.00149712179695205,0.00149712179695205,0.017093424389135515,0.9979124773675845,0.9990136917809501,0.0,false,1.0445504665374756,StressRootBisection,73,true,false,true,true,true,true,true,0.010426812706580746,0.9437150094189847,0.45,-0.1809561834749423,6.358250451879323e-7,1.563950402988512e-6,mean-constrained Fourier nonlinear conjugate gradient,4.085721999078175e-8,Polyorder.Successful(),2.3606489852336524e-7,1.6618438986799623e-7,0.1,0.10884112683526975,0.01,"Anderson(SD(0.1); m=10, warmup=100, αw=0.2)","VariableCell(BB(1.0), field_updater)",128,,,,,-1.0,-0.19343485696607113,1.7822127640687266,0.0591404810452749,0.4683199198396969,0.03925265264587039,cases/f0.45_chiN18/native_profiles.csv#model=liu2019_opf,accepted,model_gates_pass,,,,
liu2019-stress-free-period-map-v2,stress_free_lamellar_observable,f0.45_chiN18,0.45,18.0,10.698,ohta_kawasaki,Ohta-Kawasaki (recomputed),liu2019_ok_asymptotic_quadratic_mapped_c3_c4,3.4300070214200264,3.918280566069711,-0.12461423739736288,0.12461423739736288,0.10775033513060302,0.9170511629850406,0.9983895378630862,0.0,false,1.0185952663421631,StressRootBisection,73,true,false,true,true,true,true,true,0.12315823178728913,0.8213225090297657,0.4500000000000001,-0.8830073421459125,6.961701932067637e-6,1.7129036678942278e-5,mean-constrained Fourier nonlinear conjugate gradient,9.301098037780288e-8,Polyorder.Successful(),2.3606489852336524e-7,1.6618438986799623e-7,0.1,0.10884112683526975,0.01,"Anderson(SD(0.1); m=10, warmup=100, αw=0.2)","VariableCell(BB(1.0), field_updater)",128,,,,,-14.335646277502086,-4.025061024665165,37.16610447014177,1.01010101010101,12.24364860728497,,cases/f0.45_chiN18/native_profiles.csv#model=ohta_kawasaki,accepted,model_gates_pass,,,,
liu2019-stress-free-period-map-v2,stress_free_lamellar_observable,f0.45_chiN18,0.45,18.0,10.698,uneyama_doi,Uneyama-Doi,not_applicable,3.4791009826222234,3.918280566069711,-0.1120847718896284,0.1120847718896284,0.054118259651908064,0.9790752303301619,0.999720400344783,0.99609375,false,1.0793133039972493,BootstrapLocal,28,true,false,true,true,true,true,true,0.07935113429412484,0.8996779341340311,0.4499999999999131,-0.5336337342172519,7.412553940358079e-7,1.8885516394062662e-6,mean-constrained fused-spectral L-BFGS with profile continuation,,Polyorder.Successful(),2.3606489852336524e-7,1.6618438986799623e-7,0.1,0.10884112683526975,0.01,"Anderson(SD(0.1); m=10, warmup=100, αw=0.2)","VariableCell(BB(1.0), field_updater)",128,,,1,,,,,,,,cases/f0.45_chiN18/native_profiles.csv#model=uneyama_doi,accepted,model_gates_pass,,,,
liu2019-stress-free-period-map-v2,stress_free_lamellar_observable,f0.45_chiN18,0.45,18.0,10.698,burp_ti,BURP-TI,not_applicable,3.2916794027378016,3.918280566069711,-0.15991738028102231,0.15991738028102231,0.0112538583243107,0.9990951513784049,0.999825671957393,0.99609375,false,1.0211699486776302,BoundedKKTNewtonGMRES+AnalyticStressRoot,1,true,false,true,true,true,true,true,0.01063017411191608,0.9740524321159146,0.45,-0.9247053098205051,0.00045646579745047125,0.0008007267693614928,bounded-KKT Newton-GMRES,5.058559539419689e-5,Polyorder.Successful(),2.3606489852336524e-7,1.6618438986799623e-7,0.1,0.10884112683526975,0.01,"Anderson(SD(0.1); m=10, warmup=100, αw=0.2)","VariableCell(BB(1.0), field_updater)",128,64,256,1,,,,,,,,cases/f0.45_chiN18/native_profiles.csv#model=burp_ti,accepted,model_gates_pass,,,,
liu2019-stress-free-period-map-v2,stress_free_lamellar_observable,f0.45_chiN18,0.45,18.0,10.698,bvk2,BVK2,frozen_c2_evaluation,3.934854040070036,3.918280566069711,0.004229782355006151,0.004229782355006151,0.008584206025775355,0.999473540222002,0.9997894540824611,0.498046875,false,1.2207005016376287,FilteredUDThetaAnalyticCellStressRoot,20,true,false,true,true,true,true,true,0.021142439541307907,0.9598456374895276,0.4499999999999999,-0.9970871395603507,1.1623043992432369e-11,3.5490978511678425e-11,oversampled filtered UD-theta L-BFGS with cosine-Newton polish,1.17039711255984e-11,Polyorder.Successful(),2.3606489852336524e-7,1.6618438986799623e-7,0.1,0.10884112683526975,0.01,"Anderson(SD(0.1); m=10, warmup=100, αw=0.2)","VariableCell(BB(1.0), field_updater)",256,,,,0.16,,,,,,,cases/f0.45_chiN18/native_profiles.csv#model=bvk2,accepted,model_gates_pass,,2,12.0,ud-theta-spectral-adaptive-k-physical-sensor-filter-oversampled-v2
liu2019-stress-free-period-map-v2,stress_free_lamellar_observable,f0.45_chiN19,0.45,19.0,10.698,scft,SCFT,reference,3.9804882107330815,3.9804882107330815,0.0,0.0,0.0,1.0,1.0,0.0,false,,Polyorder.cell_solve!,26,true,false,true,true,true,true,true,0.01652515475529493,0.9691984738407816,0.44999999999999984,2.8835822306516237,,,not_applicable,8.689060711182973e-6,Polyorder.Successful(),5.323529975507078e-7,3.6311686064311726e-7,0.1,0.09951220526832703,0.01,"Anderson(SD(0.1); m=10, warmup=100, αw=0.2)","VariableCell(BB(1.0), field_updater)",40,,,,,,,,,,,cases/f0.45_chiN19/native_profiles.csv#model=scft,accepted,reference_gates_pass,,,,
liu2019-stress-free-period-map-v2,stress_free_lamellar_observable,f0.45_chiN19,0.45,19.0,10.698,liu2019_opf,OPF (force/stress mapped),per_state_force_stress_mapping,3.9775033094111114,3.9804882107330815,-0.0007498832213399531,0.0007498832213399531,0.01799540161049267,0.9977926898286398,0.998951375475189,0.0,false,1.052931833267212,StressRootBisection,73,true,false,true,true,true,true,true,0.0063558100462446365,0.9501139279900077,0.45,-0.20046721674006762,1.0510983322295045e-6,2.8035950496163586e-6,mean-constrained Fourier nonlinear conjugate gradient,6.922249355410711e-9,Polyorder.Successful(),5.323529975507078e-7,3.6311686064311726e-7,0.1,0.09951220526832703,0.01,"Anderson(SD(0.1); m=10, warmup=100, αw=0.2)","VariableCell(BB(1.0), field_updater)",128,,,,,-1.0,-0.19836380518483637,1.7918942038988421,0.05512021727040822,0.42188027376592935,0.04071377264029756,cases/f0.45_chiN19/native_profiles.csv#model=liu2019_opf,accepted,model_gates_pass,,,,
liu2019-stress-free-period-map-v2,stress_free_lamellar_observable,f0.45_chiN19,0.45,19.0,10.698,ohta_kawasaki,Ohta-Kawasaki (recomputed),liu2019_ok_asymptotic_quadratic_mapped_c3_c4,3.443441763169885,3.9804882107330815,-0.13491974329055711,0.13491974329055711,0.1117340472248419,0.9149035705844314,0.9982971732174026,0.0,false,1.0225849270820615,StressRootBisection,75,true,false,true,true,true,true,true,0.12141789889723836,0.8262290207317851,0.4499999999999998,-1.0445341164347397,9.272264096788962e-6,2.2000327208671067e-5,mean-constrained Fourier nonlinear conjugate gradient,5.8404195374518e-8,Polyorder.Successful(),5.323529975507078e-7,3.6311686064311726e-7,0.1,0.09951220526832703,0.01,"Anderson(SD(0.1); m=10, warmup=100, αw=0.2)","VariableCell(BB(1.0), field_updater)",128,,,,,-15.335646277502086,-4.535707297540003,41.079455102079,1.01010101010101,12.24364860728497,,cases/f0.45_chiN19/native_profiles.csv#model=ohta_kawasaki,accepted,model_gates_pass,,,,
liu2019-stress-free-period-map-v2,stress_free_lamellar_observable,f0.45_chiN19,0.45,19.0,10.698,uneyama_doi,Uneyama-Doi,not_applicable,3.496732004802031,3.9804882107330815,-0.12153187757889572,0.12153187757889572,0.04930315933044644,0.9834312487845487,0.9997198117446303,0.99609375,false,1.0847829344842017,BootstrapLocal,28,true,false,true,true,true,true,true,0.06844143108604614,0.9146580795826097,0.45000000000019713,-0.6897434138164598,9.3273484747283e-7,2.108775967735177e-6,mean-constrained fused-spectral L-BFGS with profile continuation,,Polyorder.Successful(),5.323529975507078e-7,3.6311686064311726e-7,0.1,0.09951220526832703,0.01,"Anderson(SD(0.1); m=10, warmup=100, αw=0.2)","VariableCell(BB(1.0), field_updater)",128,,,1,,,,,,,,cases/f0.45_chiN19/native_profiles.csv#model=uneyama_doi,accepted,model_gates_pass,,,,
liu2019-stress-free-period-map-v2,stress_free_lamellar_observable,f0.45_chiN19,0.45,19.0,10.698,burp_ti,BURP-TI,not_applicable,3.3090167751191446,3.9804882107330815,-0.1686907233648791,0.1686907233648791,0.01166979513996966,0.9990717461865173,0.999831438826727,0.99609375,false,1.0265484808791976,BoundedKKTNewtonGMRES+AnalyticStressRoot,1,true,false,true,true,true,true,true,0.007371062935506434,0.9821255742010856,0.45000000000000007,-1.1327500128922585,0.0004980866388656197,0.0008292606380533307,bounded-KKT Newton-GMRES,5.62337544689591e-5,Polyorder.Successful(),5.323529975507078e-7,3.6311686064311726e-7,0.1,0.09951220526832703,0.01,"Anderson(SD(0.1); m=10, warmup=100, αw=0.2)","VariableCell(BB(1.0), field_updater)",128,64,256,1,,,,,,,,cases/f0.45_chiN19/native_profiles.csv#model=burp_ti,accepted,model_gates_pass,,,,
liu2019-stress-free-period-map-v2,stress_free_lamellar_observable,f0.45_chiN19,0.45,19.0,10.698,bvk2,BVK2,frozen_c2_evaluation,3.9904940115011915,3.9804882107330815,0.002513711946471764,0.002513711946471764,0.00831501184402884,0.9995287326002745,0.9997888687800052,0.498046875,false,1.2379615589336463,FilteredUDThetaAnalyticCellStressRoot,21,true,false,true,true,true,true,true,0.015553049222822775,0.9688931241218907,0.44999999999999996,-1.2408085885735325,1.4099594254826798e-11,3.962704907370357e-11,oversampled filtered UD-theta L-BFGS with cosine-Newton polish,2.990918623879679e-11,Polyorder.Successful(),5.323529975507078e-7,3.6311686064311726e-7,0.1,0.09951220526832703,0.01,"Anderson(SD(0.1); m=10, warmup=100, αw=0.2)","VariableCell(BB(1.0), field_updater)",256,,,,0.16,,,,,,,cases/f0.45_chiN19/native_profiles.csv#model=bvk2,accepted,model_gates_pass,,2,12.0,ud-theta-spectral-adaptive-k-physical-sensor-filter-oversampled-v2
liu2019-stress-free-period-map-v2,stress_free_lamellar_observable,f0.45_chiN20,0.45,20.0,10.698,scft,SCFT,reference,4.038508659150438,4.038508659150438,0.0,0.0,0.0,1.0,1.0,0.0,false,,Polyorder.cell_solve!,70,true,false,true,true,true,true,true,0.012968454740389709,0.9748529033357748,0.4500000000000003,2.9808860760174873,,,not_applicable,2.8922662065282663e-7,Polyorder.Successful(),5.383443681448668e-7,3.825005289857356e-7,0.1,0.10096271647876096,0.01,"Anderson(SD(0.1); m=10, warmup=100, αw=0.2)","VariableCell(BB(1.0), field_updater)",40,,,,,,,,,,,cases/f0.45_chiN20/native_profiles.csv#model=scft,accepted,reference_gates_pass,,,,
liu2019-stress-free-period-map-v2,stress_free_lamellar_observable,f0.45_chiN20,0.45,20.0,10.698,liu2019_opf,OPF (force/stress mapped),per_state_force_stress_mapping,4.038644915440028,4.038508659150438,3.3739258991305476e-5,3.3739258991305476e-5,0.018886039390042166,0.9976585097524474,0.9988877774311985,0.0,false,1.061368274688721,StressRootBisection,49,true,false,true,true,true,true,true,0.0034530367949716645,0.9548533130607468,0.44999999999999984,-0.21841376188520534,5.503598150456991e-7,1.7767382283206956e-6,mean-constrained Fourier nonlinear conjugate gradient,6.047681499624534e-8,Polyorder.Successful(),5.383443681448668e-7,3.825005289857356e-7,0.1,0.10096271647876096,0.01,"Anderson(SD(0.1); m=10, warmup=100, αw=0.2)","VariableCell(BB(1.0), field_updater)",128,,,,,-1.0,-0.20271583340820112,1.8016913885576724,0.05158011635122068,0.38346304376525714,0.04195632636750378,cases/f0.45_chiN20/native_profiles.csv#model=liu2019_opf,accepted,model_gates_pass,,,,
liu2019-stress-free-period-map-v2,stress_free_lamellar_observable,f0.45_chiN20,0.45,20.0,10.698,ohta_kawasaki,Ohta-Kawasaki (recomputed),liu2019_ok_asymptotic_quadratic_mapped_c3_c4,3.4574040063095914,4.038508659150438,-0.14389090178726793,0.14389090178726793,0.11491326020181776,0.9133136207933392,0.9982442643800639,0.0,false,1.026731237769127,StressRootBisection,77,true,false,true,true,true,true,true,0.1204879599432001,0.8298693496639932,0.45,-1.2096212463244835,8.286738553770473e-6,1.962384808162909e-5,mean-constrained Fourier nonlinear conjugate gradient,9.391416065816809e-8,Polyorder.Successful(),5.383443681448668e-7,3.825005289857356e-7,0.1,0.10096271647876096,0.01,"Anderson(SD(0.1); m=10, warmup=100, αw=0.2)","VariableCell(BB(1.0), field_updater)",128,,,,,-16.335646277502086,-5.052476132914841,45.03296753526626,1.01010101010101,12.24364860728497,,cases/f0.45_chiN20/native_profiles.csv#model=ohta_kawasaki,accepted,model_gates_pass,,,,
liu2019-stress-free-period-map-v2,stress_free_lamellar_observable,f0.45_chiN20,0.45,20.0,10.698,uneyama_doi,Uneyama-Doi,not_applicable,3.5139610418115694,4.038508659150438,-0.12988646592359065,0.12988646592359065,0.04494586578360758,0.9867385787058215,0.999731767795907,0.99609375,false,1.0901278580585214,BootstrapLocal,28,true,false,true,true,true,true,true,0.059691807850428734,0.9266217581530645,0.45000000000064194,-0.8594912100399075,6.009015170602703e-7,1.9927014338061433e-6,mean-constrained fused-spectral L-BFGS with profile continuation,,Polyorder.Successful(),5.383443681448668e-7,3.825005289857356e-7,0.1,0.10096271647876096,0.01,"Anderson(SD(0.1); m=10, warmup=100, αw=0.2)","VariableCell(BB(1.0), field_updater)",128,,,1,,,,,,,,cases/f0.45_chiN20/native_profiles.csv#model=uneyama_doi,accepted,model_gates_pass,,,,
liu2019-stress-free-period-map-v2,stress_free_lamellar_observable,f0.45_chiN20,0.45,20.0,10.698,burp_ti,BURP-TI,not_applicable,3.3277038014227567,4.038508659150438,-0.17600676827005002,0.17600676827005002,0.01207488439969865,0.9990428576461605,0.9998387467622326,0.99609375,false,1.0323457130384186,BoundedKKTNewtonGMRES+AnalyticStressRoot,1,true,false,true,true,true,true,true,0.005234746726084589,0.9877496691510503,0.45000000000000007,-1.3525807887383294,0.0004148353422888,0.0006939947983817252,bounded-KKT Newton-GMRES,4.920953986071009e-5,Polyorder.Successful(),5.383443681448668e-7,3.825005289857356e-7,0.1,0.10096271647876096,0.01,"Anderson(SD(0.1); m=10, warmup=100, αw=0.2)","VariableCell(BB(1.0), field_updater)",128,64,256,1,,,,,,,,cases/f0.45_chiN20/native_profiles.csv#model=burp_ti,accepted,model_gates_pass,,,,
liu2019-stress-free-period-map-v2,stress_free_lamellar_observable,f0.45_chiN20,0.45,20.0,10.698,bvk2,BVK2,frozen_c2_evaluation,4.043164042643047,4.038508659150438,0.0011527481764983527,0.0011527481764983527,0.00801537912034391,0.9995782452028986,0.9997979456227826,0.498046875,false,1.2543012586484008,FilteredUDThetaAnalyticCellStressRoot,24,true,false,true,true,true,true,true,0.011526839541508089,0.9757035161811821,0.4500000000000001,-1.5013076301560777,1.3536571916907448e-11,3.6401482462799915e-11,oversampled filtered UD-theta L-BFGS with cosine-Newton polish,2.147872324442801e-9,Polyorder.Successful(),5.383443681448668e-7,3.825005289857356e-7,0.1,0.10096271647876096,0.01,"Anderson(SD(0.1); m=10, warmup=100, αw=0.2)","VariableCell(BB(1.0), field_updater)",256,,,,0.16,,,,,,,cases/f0.45_chiN20/native_profiles.csv#model=bvk2,accepted,model_gates_pass,,2,12.0,ud-theta-spectral-adaptive-k-physical-sensor-filter-oversampled-v2
liu2019-stress-free-period-map-v2,stress_free_lamellar_observable,f0.45_chiN21,0.45,21.0,10.698,scft,SCFT,reference,4.093030250062596,4.093030250062596,0.0,0.0,0.0,1.0,1.0,0.0,false,,Polyorder.cell_solve!,64,true,false,true,true,true,true,true,0.010288945133010216,0.9792558250442277,0.4500000000000002,3.0729225237811013,,,not_applicable,6.216646708144549e-8,Polyorder.Successful(),7.96783125340694e-7,5.074446764845967e-7,0.1,0.1023257562515649,0.01,"Anderson(SD(0.1); m=10, warmup=100, αw=0.2)","VariableCell(BB(1.0), field_updater)",40,,,,,,,,,,,cases/f0.45_chiN21/native_profiles.csv#model=scft,accepted,reference_gates_pass,,,,
liu2019-stress-free-period-map-v2,stress_free_lamellar_observable,f0.45_chiN21,0.45,21.0,10.698,liu2019_opf,OPF (force/stress mapped),per_state_force_stress_mapping,4.0964356431434155,4.093030250062596,0.0008319980241453528,0.0008319980241453528,0.019734847461278793,0.9975225051169545,0.9988230796948143,0.0,false,1.0697997093200682,StressRootBisection,49,true,false,true,true,true,true,true,0.0013439535555350157,0.9584204378459242,0.45000000000000007,-0.23501693158925296,7.167858081795549e-7,2.3297316838824522e-6,mean-constrained Fourier nonlinear conjugate gradient,6.549262602167045e-8,Polyorder.Successful(),7.96783125340694e-7,5.074446764845967e-7,0.1,0.1023257562515649,0.01,"Anderson(SD(0.1); m=10, warmup=100, αw=0.2)","VariableCell(BB(1.0), field_updater)",128,,,,,-1.0,-0.20659680985528034,1.8112938164908445,0.04843702579976719,0.35114161206669897,0.043011049891261866,cases/f0.45_chiN21/native_profiles.csv#model=liu2019_opf,accepted,model_gates_pass,,,,
liu2019-stress-free-period-map-v2,stress_free_lamellar_observable,f0.45_chiN21,0.45,21.0,10.698,ohta_kawasaki,Ohta-Kawasaki (recomputed),liu2019_ok_asymptotic_quadratic_mapped_c3_c4,3.4717759428979025,4.093030250062596,-0.1517834634022538,0.1517834634022538,0.11766860977188302,0.9119221990212416,0.9982008444696717,0.0,false,1.0309992134571075,StressRootBisection,76,true,false,true,true,true,true,true,0.12012325037867322,0.8325615291563258,0.44999999999999996,-1.3777640801373785,8.527616791189647e-6,2.0290008385548397e-5,mean-constrained Fourier nonlinear conjugate gradient,2.1626947478320788e-8,Polyorder.Successful(),7.96783125340694e-7,5.074446764845967e-7,0.1,0.1023257562515649,0.01,"Anderson(SD(0.1); m=10, warmup=100, αw=0.2)","VariableCell(BB(1.0), field_updater)",128,,,,,-17.335646277502086,-5.575367530789681,49.0266417697035,1.01010101010101,12.24364860728497,,cases/f0.45_chiN21/native_profiles.csv#model=ohta_kawasaki,accepted,model_gates_pass,,,,
liu2019-stress-free-period-map-v2,stress_free_lamellar_observable,f0.45_chiN21,0.45,21.0,10.698,uneyama_doi,Uneyama-Doi,not_applicable,3.530821710369276,4.093030250062596,-0.1373575335009367,0.1373575335009367,0.04116209042566673,0.9892219532469607,0.999744046075782,0.99609375,false,1.095358503555596,BootstrapLocal,28,true,false,true,true,true,true,true,0.05256058493574105,0.9363161526135477,0.45000000000003554,-1.0415717176016415,8.253877155104689e-7,2.1141454449868924e-6,mean-constrained fused-spectral L-BFGS with profile continuation,,Polyorder.Successful(),7.96783125340694e-7,5.074446764845967e-7,0.1,0.1023257562515649,0.01,"Anderson(SD(0.1); m=10, warmup=100, αw=0.2)","VariableCell(BB(1.0), field_updater)",128,,,1,,,,,,,,cases/f0.45_chiN21/native_profiles.csv#model=uneyama_doi,accepted,model_gates_pass,,,,
liu2019-stress-free-period-map-v2,stress_free_lamellar_observable,f0.45_chiN21,0.45,21.0,10.698,burp_ti,BURP-TI,not_applicable,3.3475440450246916,4.093030250062596,-0.18213552294818824,0.18213552294818824,0.012420998471005348,0.9990185724726834,0.9998417635974558,0.99609375,false,1.0385007050840864,BoundedKKTNewtonGMRES+AnalyticStressRoot,1,true,false,true,true,true,true,true,0.0037903989550622905,0.9916306495275665,0.45000000000000007,-1.583173625321721,0.00046073795758257873,0.0008667447706323106,bounded-KKT Newton-GMRES,1.1068133897679355e-5,Polyorder.Successful(),7.96783125340694e-7,5.074446764845967e-7,0.1,0.1023257562515649,0.01,"Anderson(SD(0.1); m=10, warmup=100, αw=0.2)","VariableCell(BB(1.0), field_updater)",128,64,256,1,,,,,,,,cases/f0.45_chiN21/native_profiles.csv#model=burp_ti,accepted,model_gates_pass,,,,
liu2019-stress-free-period-map-v2,stress_free_lamellar_observable,f0.45_chiN21,0.45,21.0,10.698,bvk2,BVK2,frozen_c2_evaluation,4.093179469930963,4.093030250062596,3.645706463184517e-5,3.645706463184517e-5,0.007861868014826133,0.999606814040306,0.999805726882381,0.498046875,false,1.2698174268615656,FilteredUDThetaAnalyticCellStressRoot,22,true,false,true,true,true,true,true,0.008597965943567912,0.98088794296431,0.44999999999999996,-1.7769033571044297,1.3681242323389725e-11,4.420731700156275e-11,oversampled filtered UD-theta L-BFGS with cosine-Newton polish,1.2658762926776035e-12,Polyorder.Successful(),7.96783125340694e-7,5.074446764845967e-7,0.1,0.1023257562515649,0.01,"Anderson(SD(0.1); m=10, warmup=100, αw=0.2)","VariableCell(BB(1.0), field_updater)",256,,,,0.16,,,,,,,cases/f0.45_chiN21/native_profiles.csv#model=bvk2,accepted,model_gates_pass,,2,12.0,ud-theta-spectral-adaptive-k-physical-sensor-filter-oversampled-v2
liu2019-stress-free-period-map-v2,stress_free_lamellar_observable,f0.45_chiN22,0.45,22.0,10.698,scft,SCFT,reference,4.144468459830745,4.144468459830745,0.0,0.0,0.0,1.0,1.0,0.0,false,,Polyorder.cell_solve!,121,true,false,true,true,true,true,true,0.008249662520807654,0.9827184108631245,0.4499999999999993,3.160366677415989,,,not_applicable,1.199460490299146e-6,Polyorder.Successful(),5.248190843787539e-7,3.9316153952633863e-7,0.1,0.09867782047216059,0.01,"Anderson(SD(0.1); m=10, warmup=100, αw=0.2)","VariableCell(BB(1.0), field_updater)",42,,,,,,,,,,,cases/f0.45_chiN22/native_profiles.csv#model=scft,accepted,reference_gates_pass,,,,
liu2019-stress-free-period-map-v2,stress_free_lamellar_observable,f0.45_chiN22,0.45,22.0,10.698,liu2019_opf,OPF (force/stress mapped),per_state_force_stress_mapping,4.151223320993383,4.144468459830745,0.0016298498174391884,0.0016298498174391884,0.02094658370845994,0.9972839956373999,0.9987047590146133,0.99609375,false,1.0781800746917722,StressRootBisection,50,true,false,true,true,true,true,true,-0.0002183352698477692,0.9611465265900636,0.45000000000000007,-0.25045223925897675,7.13727598446236e-7,2.288441904363392e-6,mean-constrained Fourier nonlinear conjugate gradient,3.181118489044449e-8,Polyorder.Successful(),5.248190843787539e-7,3.9316153952633863e-7,0.1,0.09867782047216059,0.01,"Anderson(SD(0.1); m=10, warmup=100, αw=0.2)","VariableCell(BB(1.0), field_updater)",128,,,,,-1.0,-0.21008202899688838,1.8205214717651952,0.04562540102861035,0.32358395922664923,0.043906260531871605,cases/f0.45_chiN22/native_profiles.csv#model=liu2019_opf,accepted,model_gates_pass,,,,
liu2019-stress-free-period-map-v2,stress_free_lamellar_observable,f0.45_chiN22,0.45,22.0,10.698,ohta_kawasaki,Ohta-Kawasaki (recomputed),liu2019_ok_asymptotic_quadratic_mapped_c3_c4,3.486457889292232,4.144468459830745,-0.15876838656539938,0.15876838656539938,0.12025658963688574,0.910479638576137,0.9980981507328293,0.99609375,false,1.035359251499176,StressRootBisection,75,true,false,true,true,true,true,true,0.12015900674078234,0.834530096716879,0.45,-1.548571456055256,7.534790350628672e-6,1.8435519147597113e-5,mean-constrained Fourier nonlinear conjugate gradient,3.992745253450737e-8,Polyorder.Successful(),5.248190843787539e-7,3.9316153952633863e-7,0.1,0.09867782047216059,0.01,"Anderson(SD(0.1); m=10, warmup=100, αw=0.2)","VariableCell(BB(1.0), field_updater)",128,,,,,-18.335646277502086,-6.104381491164516,53.06047780539075,1.01010101010101,12.24364860728497,,cases/f0.45_chiN22/native_profiles.csv#model=ohta_kawasaki,accepted,model_gates_pass,,,,
liu2019-stress-free-period-map-v2,stress_free_lamellar_observable,f0.45_chiN22,0.45,22.0,10.698,uneyama_doi,Uneyama-Doi,not_applicable,3.5473325114575887,4.144468459830745,-0.14408022504230678,0.14408022504230678,0.038172297579531916,0.9909801220405603,0.9996982454222325,0.9921875,false,1.1004806104916347,BootstrapLocal,28,true,false,true,true,true,true,true,0.046669428244910084,0.944269053551641,0.450000000000883,-1.2348808313782973,5.837817720020971e-7,1.6162966577359938e-6,mean-constrained fused-spectral L-BFGS with profile continuation,,Polyorder.Successful(),5.248190843787539e-7,3.9316153952633863e-7,0.1,0.09867782047216059,0.01,"Anderson(SD(0.1); m=10, warmup=100, αw=0.2)","VariableCell(BB(1.0), field_updater)",128,,,1,,,,,,,,cases/f0.45_chiN22/native_profiles.csv#model=uneyama_doi,accepted,model_gates_pass,,,,
liu2019-stress-free-period-map-v2,stress_free_lamellar_observable,f0.45_chiN22,0.45,22.0,10.698,burp_ti,BURP-TI,not_applicable,3.368329088005441,4.144468459830745,-0.18727114932779598,0.18727114932779598,0.013355970613096584,0.9988957816257767,0.999785362270243,0.9921875,false,1.0449488000158893,BoundedKKTNewtonGMRES+AnalyticStressRoot,1,true,false,true,true,true,true,true,0.002774196191958919,0.9942922231438549,0.4500000000000001,-1.8237211078054898,0.00047535072412686284,0.0009727887358319531,bounded-KKT Newton-GMRES,3.1698777911406177e-5,Polyorder.Successful(),5.248190843787539e-7,3.9316153952633863e-7,0.1,0.09867782047216059,0.01,"Anderson(SD(0.1); m=10, warmup=100, αw=0.2)","VariableCell(BB(1.0), field_updater)",128,64,256,1,,,,,,,,cases/f0.45_chiN22/native_profiles.csv#model=burp_ti,accepted,model_gates_pass,,,,
liu2019-stress-free-period-map-v2,stress_free_lamellar_observable,f0.45_chiN22,0.45,22.0,10.698,bvk2,BVK2,frozen_c2_evaluation,4.14080383363712,4.144468459830745,-0.0008842210356148072,0.0008842210356148072,0.008022027080351908,0.9996016502564548,0.9998012272002135,0.4951171875,false,1.284591821051101,FilteredUDThetaAnalyticCellStressRoot,23,true,false,true,true,true,true,true,0.006449525878159006,0.9848728477994833,0.45,-2.066190494156316,1.1169998445949566e-11,2.7342805763405155e-11,oversampled filtered UD-theta L-BFGS with cosine-Newton polish,7.831781889677814e-9,Polyorder.Successful(),5.248190843787539e-7,3.9316153952633863e-7,0.1,0.09867782047216059,0.01,"Anderson(SD(0.1); m=10, warmup=100, αw=0.2)","VariableCell(BB(1.0), field_updater)",256,,,,0.16,,,,,,,cases/f0.45_chiN22/native_profiles.csv#model=bvk2,accepted,model_gates_pass,,2,12.0,ud-theta-spectral-adaptive-k-physical-sensor-filter-oversampled-v2
liu2019-stress-free-period-map-v2,stress_free_lamellar_observable,f0.45_chiN23,0.45,23.0,10.698,scft,SCFT,reference,4.19316066732539,4.19316066732539,0.0,0.0,0.0,1.0,1.0,0.0,false,,Polyorder.cell_solve!,20,true,false,true,true,true,true,true,0.006661154990411848,0.985519831757653,0.4500000000000003,3.243760581963741,,,not_applicable,3.5904109867470536e-6,Polyorder.Successful(),7.773390577853506e-7,5.664538001011199e-7,0.1,0.09983715874584262,0.01,"Anderson(SD(0.1); m=10, warmup=100, αw=0.2)","VariableCell(BB(1.0), field_updater)",42,,,,,,,,,,,cases/f0.45_chiN23/native_profiles.csv#model=scft,accepted,reference_gates_pass,,,,
liu2019-stress-free-period-map-v2,stress_free_lamellar_observable,f0.45_chiN23,0.45,23.0,10.698,liu2019_opf,OPF (force/stress mapped),per_state_force_stress_mapping,4.20328975942135,4.19316066732539,0.002415622223800984,0.002415622223800984,0.021299258197269386,0.997256074909684,0.9986930110466468,0.0,false,1.0864763259887695,StressRootBisection,48,true,false,true,true,true,true,true,-0.0014287312595583357,0.9632602515219424,0.45,-0.2648660184410354,9.724410509499356e-7,2.7739750008068387e-6,mean-constrained Fourier nonlinear conjugate gradient,8.153190255637421e-8,Polyorder.Successful(),7.773390577853506e-7,5.664538001011199e-7,0.1,0.09983715874584262,0.01,"Anderson(SD(0.1); m=10, warmup=100, αw=0.2)","VariableCell(BB(1.0), field_updater)",128,,,,,-1.0,-0.21322745979617022,1.8292914366449744,0.04309353197352844,0.29981635200922235,0.044665440117773764,cases/f0.45_chiN23/native_profiles.csv#model=liu2019_opf,accepted,model_gates_pass,,,,
liu2019-stress-free-period-map-v2,stress_free_lamellar_observable,f0.45_chiN23,0.45,23.0,10.698,ohta_kawasaki,Ohta-Kawasaki (recomputed),liu2019_ok_asymptotic_quadratic_mapped_c3_c4,3.5013649141861043,4.19316066732539,-0.16498193320613885,0.16498193320613885,0.12239148890567066,0.9093963423346276,0.9981184514765882,0.0,false,1.0397861301898956,StressRootBisection,76,true,false,true,true,true,true,true,0.1204816334678,0.8359382960878132,0.45,-1.7217280494686533,9.186803120174093e-6,2.593698104524922e-5,mean-constrained Fourier nonlinear conjugate gradient,1.8138412847011787e-8,Polyorder.Successful(),7.773390577853506e-7,5.664538001011199e-7,0.1,0.09983715874584262,0.01,"Anderson(SD(0.1); m=10, warmup=100, αw=0.2)","VariableCell(BB(1.0), field_updater)",128,,,,,-19.335646277502086,-6.639518014039354,57.134475642328,1.01010101010101,12.24364860728497,,cases/f0.45_chiN23/native_profiles.csv#model=ohta_kawasaki,accepted,model_gates_pass,,,,
liu2019-stress-free-period-map-v2,stress_free_lamellar_observable,f0.45_chiN23,0.45,23.0,10.698,uneyama_doi,Uneyama-Doi,not_applicable,3.5635041946035453,4.19316066732539,-0.15016273467133123,0.15016273467133123,0.035076964449277846,0.9925580405454378,0.9997616480263282,0.99609375,false,1.1054975136670935,BootstrapLocal,28,true,false,true,true,true,true,true,0.041745980211876296,0.9508633785640268,0.45000000000058116,-1.438474880065991,7.705173525360505e-7,2.3119077724453874e-6,mean-constrained fused-spectral L-BFGS with profile continuation,,Polyorder.Successful(),7.773390577853506e-7,5.664538001011199e-7,0.1,0.09983715874584262,0.01,"Anderson(SD(0.1); m=10, warmup=100, αw=0.2)","VariableCell(BB(1.0), field_updater)",128,,,1,,,,,,,,cases/f0.45_chiN23/native_profiles.csv#model=uneyama_doi,accepted,model_gates_pass,,,,
liu2019-stress-free-period-map-v2,stress_free_lamellar_observable,f0.45_chiN23,0.45,23.0,10.698,burp_ti,BURP-TI,not_applicable,3.3897995613910914,4.19316066732539,-0.19158843881046017,0.19158843881046017,0.012937654778517209,0.9989875946970378,0.9998357054516622,0.99609375,false,1.0516095344079064,BoundedKKTNewtonGMRES+AnalyticStressRoot,1,true,false,true,true,true,true,true,0.001984850762191937,0.9961237606530319,0.4500000000000002,-2.0735306057522926,0.0004828636425555155,0.0008641071095825126,bounded-KKT Newton-GMRES,8.136759505424151e-5,Polyorder.Successful(),7.773390577853506e-7,5.664538001011199e-7,0.1,0.09983715874584262,0.01,"Anderson(SD(0.1); m=10, warmup=100, αw=0.2)","VariableCell(BB(1.0), field_updater)",128,64,256,1,,,,,,,,cases/f0.45_chiN23/native_profiles.csv#model=burp_ti,accepted,model_gates_pass,,,,
liu2019-stress-free-period-map-v2,stress_free_lamellar_observable,f0.45_chiN23,0.45,23.0,10.698,bvk2,BVK2,frozen_c2_evaluation,4.1862621387701715,4.19316066732539,-0.0016451858401168584,0.0016451858401168584,0.007886731569180648,0.9996237902732878,0.9998118852845891,0.998046875,false,1.298694243990917,FilteredUDThetaAnalyticCellStressRoot,23,true,false,true,true,true,true,true,0.004862188142044791,0.9879615060282431,0.4500000000000001,-2.367984909679277,1.1800358239366904e-11,4.596646665812199e-11,oversampled filtered UD-theta L-BFGS with cosine-Newton polish,2.4424906541753444e-13,Polyorder.Successful(),7.773390577853506e-7,5.664538001011199e-7,0.1,0.09983715874584262,0.01,"Anderson(SD(0.1); m=10, warmup=100, αw=0.2)","VariableCell(BB(1.0), field_updater)",256,,,,0.16,,,,,,,cases/f0.45_chiN23/native_profiles.csv#model=bvk2,accepted,model_gates_pass,,2,12.0,ud-theta-spectral-adaptive-k-physical-sensor-filter-oversampled-v2
liu2019-stress-free-period-map-v2,stress_free_lamellar_observable,f0.45_chiN24,0.45,24.0,10.698,scft,SCFT,reference,4.239471019371177,4.239471019371177,0.0,0.0,0.0,1.0,1.0,0.0,false,,Polyorder.cell_solve!,65,true,false,true,true,true,true,true,0.0054250162756322474,0.9877750270865142,0.4500000000000011,3.3235487366388448,,,not_applicable,6.113804377324943e-8,Polyorder.Successful(),9.875009820554517e-7,7.382414072714192e-7,0.1,0.08832231290356618,0.01,"Anderson(SD(0.1); m=10, warmup=100, αw=0.2)","VariableCell(BB(1.0), field_updater)",48,,,,,,,,,,,cases/f0.45_chiN24/native_profiles.csv#model=scft,accepted,reference_gates_pass,,,,
liu2019-stress-free-period-map-v2,stress_free_lamellar_observable,f0.45_chiN24,0.45,24.0,10.698,liu2019_opf,OPF (force/stress mapped),per_state_force_stress_mapping,4.25295449585617,4.239471019371177,0.0031804620018356378,0.0031804620018356378,0.021961052435192006,0.9971449143896144,0.9986329476126834,0.0,false,1.0946664333343505,StressRootBisection,50,true,false,true,true,true,true,true,-0.002512497832484195,0.9649239049310265,0.45000000000000007,-0.27838689761145985,7.712565071679014e-7,2.0666640272518078e-6,mean-constrained Fourier nonlinear conjugate gradient,2.2162688089053345e-9,Polyorder.Successful(),9.875009820554517e-7,7.382414072714192e-7,0.1,0.08832231290356618,0.01,"Anderson(SD(0.1); m=10, warmup=100, αw=0.2)","VariableCell(BB(1.0), field_updater)",128,,,,,-1.0,-0.2160797220076969,1.8375615922738175,0.040801834362370906,0.2791023044802716,0.045304401271055034,cases/f0.45_chiN24/native_profiles.csv#model=liu2019_opf,accepted,model_gates_pass,,,,
liu2019-stress-free-period-map-v2,stress_free_lamellar_observable,f0.45_chiN24,0.45,24.0,10.698,ohta_kawasaki,Ohta-Kawasaki (recomputed),liu2019_ok_asymptotic_quadratic_mapped_c3_c4,3.51642452038491,4.239471019371177,-0.17055111255212996,0.17055111255212996,0.12466607924872335,0.9079954215795196,0.9980465716082294,0.0,false,1.0442583203315736,StressRootBisection,75,true,false,true,true,true,true,true,0.1210106719773032,0.8369075644470285,0.4499999999999999,-1.8969711451702274,6.645421394515858e-6,1.5242580917007587e-5,mean-constrained Fourier nonlinear conjugate gradient,1.832681027060529e-9,Polyorder.Successful(),9.875009820554517e-7,7.382414072714192e-7,0.1,0.08832231290356618,0.01,"Anderson(SD(0.1); m=10, warmup=100, αw=0.2)","VariableCell(BB(1.0), field_updater)",128,,,,,-20.335646277502086,-7.180777099414193,61.248635280515245,1.01010101010101,12.24364860728497,,cases/f0.45_chiN24/native_profiles.csv#model=ohta_kawasaki,accepted,model_gates_pass,,,,
liu2019-stress-free-period-map-v2,stress_free_lamellar_observable,f0.45_chiN24,0.45,24.0,10.698,uneyama_doi,Uneyama-Doi,not_applicable,3.5793436192512353,4.239471019371177,-0.15570985085253752,0.15570985085253752,0.032845225839639496,0.9936135819728762,0.9997559688374399,0.99609375,false,1.110411341071157,BootstrapLocal,28,true,false,true,true,true,true,true,0.03758935609041426,0.9563830202164257,0.45000000000042417,-1.6515395965743815,8.138339960550703e-7,2.1936484792539623e-6,mean-constrained fused-spectral L-BFGS with profile continuation,,Polyorder.Successful(),9.875009820554517e-7,7.382414072714192e-7,0.1,0.08832231290356618,0.01,"Anderson(SD(0.1); m=10, warmup=100, αw=0.2)","VariableCell(BB(1.0), field_updater)",128,,,1,,,,,,,,cases/f0.45_chiN24/native_profiles.csv#model=uneyama_doi,accepted,model_gates_pass,,,,
liu2019-stress-free-period-map-v2,stress_free_lamellar_observable,f0.45_chiN24,0.45,24.0,10.698,burp_ti,BURP-TI,not_applicable,3.411735565315693,4.239471019371177,-0.1952449846392058,0.1952449846392058,0.013062077176486043,0.9989899628953343,0.9998245158890003,0.99609375,false,1.0584146892426227,BoundedKKTNewtonGMRES+AnalyticStressRoot,1,true,false,true,true,true,true,true,0.001303015162800966,0.997400752050775,0.45,-2.3320126439139854,0.00040208461277593496,0.0007744406070331333,bounded-KKT Newton-GMRES,5.684339664128737e-5,Polyorder.Successful(),9.875009820554517e-7,7.382414072714192e-7,0.1,0.08832231290356618,0.01,"Anderson(SD(0.1); m=10, warmup=100, αw=0.2)","VariableCell(BB(1.0), field_updater)",128,64,256,1,,,,,,,,cases/f0.45_chiN24/native_profiles.csv#model=burp_ti,accepted,model_gates_pass,,,,
liu2019-stress-free-period-map-v2,stress_free_lamellar_observable,f0.45_chiN24,0.45,24.0,10.698,bvk2,BVK2,frozen_c2_evaluation,4.229749298339916,4.239471019371177,-0.002293144825578297,0.002293144825578297,0.008190782564383698,0.9996028353889501,0.9998014367066895,0.498046875,false,1.312185163084993,FilteredUDThetaAnalyticCellStressRoot,24,true,false,true,true,true,true,true,0.003681996511659631,0.990373108680366,0.4500000000000002,-2.68128111084631,1.2716603421659537e-11,3.1014581333996835e-11,oversampled filtered UD-theta L-BFGS with cosine-Newton polish,5.556589632860209e-9,Polyorder.Successful(),9.875009820554517e-7,7.382414072714192e-7,0.1,0.08832231290356618,0.01,"Anderson(SD(0.1); m=10, warmup=100, αw=0.2)","VariableCell(BB(1.0), field_updater)",256,,,,0.16,,,,,,,cases/f0.45_chiN24/native_profiles.csv#model=bvk2,accepted,model_gates_pass,,2,12.0,ud-theta-spectral-adaptive-k-physical-sensor-filter-oversampled-v2
liu2019-stress-free-period-map-v2,stress_free_lamellar_observable,f0.45_chiN25,0.45,25.0,10.698,scft,SCFT,reference,4.283602381988025,4.283602381988025,0.0,0.0,0.0,1.0,1.0,0.0,false,,Polyorder.cell_solve!,116,true,false,true,true,true,true,true,0.004449274086347589,0.9896190783563412,0.44999999999999907,3.4000964795688375,,,not_applicable,6.956273087005653e-7,Polyorder.Successful(),9.667603568085226e-7,6.818384338070635e-7,0.1,0.0892417162914172,0.01,"Anderson(SD(0.1); m=10, warmup=100, αw=0.2)","VariableCell(BB(1.0), field_updater)",48,,,,,,,,,,,cases/f0.45_chiN25/native_profiles.csv#model=scft,accepted,reference_gates_pass,,,,
liu2019-stress-free-period-map-v2,stress_free_lamellar_observable,f0.45_chiN25,0.45,25.0,10.698,liu2019_opf,OPF (force/stress mapped),per_state_force_stress_mapping,4.300403990530687,4.283602381988025,0.003922308151968146,0.003922308151968146,0.02265986452688986,0.9970144103686426,0.9985697371641494,0.0,false,1.1027363777160644,StressRootBisection,49,true,false,true,true,true,true,true,-0.0035032168374416472,0.966252409982326,0.4499999999999999,-0.29111456327465485,6.263397924554347e-7,1.4141417643415144e-6,mean-constrained Fourier nonlinear conjugate gradient,3.184356110608075e-9,Polyorder.Successful(),9.667603568085226e-7,6.818384338070635e-7,0.1,0.0892417162914172,0.01,"Anderson(SD(0.1); m=10, warmup=100, αw=0.2)","VariableCell(BB(1.0), field_updater)",128,,,,,-1.0,-0.2186744154943189,1.8453266927063272,0.03871687669848792,0.26089729141265955,0.045842452916525105,cases/f0.45_chiN25/native_profiles.csv#model=liu2019_opf,accepted,model_gates_pass,,,,
liu2019-stress-free-period-map-v2,stress_free_lamellar_observable,f0.45_chiN25,0.45,25.0,10.698,ohta_kawasaki,Ohta-Kawasaki (recomputed),liu2019_ok_asymptotic_quadratic_mapped_c3_c4,3.5315751695722954,4.283602381988025,-0.17555952802199937,0.17555952802199937,0.12649647924675458,0.9069594279966485,0.9980267492752523,0.0,false,1.0487575471401218,StressRootBisection,76,true,false,true,true,true,true,true,0.12168858544457956,0.8375299182015996,0.44999999999999996,-2.0740760406418834,2.5596799692661664e-6,6.362087539013572e-6,mean-constrained Fourier nonlinear conjugate gradient,3.195989690268588e-8,Polyorder.Successful(),9.667603568085226e-7,6.818384338070635e-7,0.1,0.0892417162914172,0.01,"Anderson(SD(0.1); m=10, warmup=100, αw=0.2)","VariableCell(BB(1.0), field_updater)",128,,,,,-21.335646277502086,-7.728158747289029,65.4029567199525,1.01010101010101,12.24364860728497,,cases/f0.45_chiN25/native_profiles.csv#model=ohta_kawasaki,accepted,model_gates_pass,,,,
liu2019-stress-free-period-map-v2,stress_free_lamellar_observable,f0.45_chiN25,0.45,25.0,10.698,uneyama_doi,Uneyama-Doi,not_applicable,3.594855833102556,4.283602381988025,-0.16078676017679794,0.16078676017679794,0.030605969982300044,0.994553371031436,0.9997653255560425,0.99609375,false,1.1152236586404969,BootstrapLocal,28,true,false,true,true,true,true,true,0.03404839502359492,0.9610422499931557,0.45000000000000745,-1.8733662585151514,9.541423597345287e-7,2.544821567251887e-6,mean-constrained fused-spectral L-BFGS with profile continuation,,Polyorder.Successful(),9.667603568085226e-7,6.818384338070635e-7,0.1,0.0892417162914172,0.01,"Anderson(SD(0.1); m=10, warmup=100, αw=0.2)","VariableCell(BB(1.0), field_updater)",128,,,1,,,,,,,,cases/f0.45_chiN25/native_profiles.csv#model=uneyama_doi,accepted,model_gates_pass,,,,
liu2019-stress-free-period-map-v2,stress_free_lamellar_observable,f0.45_chiN25,0.45,25.0,10.698,burp_ti,BURP-TI,not_applicable,3.4339881410708433,4.283602381988025,-0.19834106089997905,0.19834106089997905,0.013247242191662149,0.9989796094019847,0.9998207113729324,0.99609375,false,1.0653180534107527,BoundedKKTNewtonGMRES+AnalyticStressRoot,1,true,false,true,true,true,true,true,0.0007179552463442447,0.9983102482690509,0.45000000000000007,-2.598677891630626,0.0004281299831613291,0.0008015201746411904,bounded-KKT Newton-GMRES,3.430443918309309e-5,Polyorder.Successful(),9.667603568085226e-7,6.818384338070635e-7,0.1,0.0892417162914172,0.01,"Anderson(SD(0.1); m=10, warmup=100, αw=0.2)","VariableCell(BB(1.0), field_updater)",128,64,256,1,,,,,,,,cases/f0.45_chiN25/native_profiles.csv#model=burp_ti,accepted,model_gates_pass,,,,
liu2019-stress-free-period-map-v2,stress_free_lamellar_observable,f0.45_chiN25,0.45,25.0,10.698,bvk2,BVK2,frozen_c2_evaluation,4.2714359627568905,4.283602381988025,-0.0028402307558453854,0.0028402307558453854,0.00821750601555325,0.9996073525026945,0.9998039407024262,0.998046875,false,1.3251175188082804,FilteredUDThetaAnalyticCellStressRoot,26,true,false,true,true,true,true,true,0.0027996007459264393,0.9922682997660283,0.45,-3.005218969901499,1.1735885964745885e-11,3.279061345329474e-11,oversampled filtered UD-theta L-BFGS with cosine-Newton polish,3.552713678800501e-15,Polyorder.Successful(),9.667603568085226e-7,6.818384338070635e-7,0.1,0.0892417162914172,0.01,"Anderson(SD(0.1); m=10, warmup=100, αw=0.2)","VariableCell(BB(1.0), field_updater)",256,,,,0.16,,,,,,,cases/f0.45_chiN25/native_profiles.csv#model=bvk2,accepted,model_gates_pass,,2,12.0,ud-theta-spectral-adaptive-k-physical-sensor-filter-oversampled-v2
liu2019-stress-free-period-map-v2,stress_free_lamellar_observable,f0.45_chiN26,0.45,26.0,10.698,scft,SCFT,reference,4.325769875698217,4.325769875698217,0.0,0.0,0.0,1.0,1.0,0.0,false,,Polyorder.cell_solve!,31,true,false,true,true,true,true,true,0.003672025535417911,0.9911397651967361,0.45000000000000046,3.4737130966345804,,,not_applicable,8.198477335600197e-6,Polyorder.Successful(),5.752252338560516e-7,3.862062212393983e-7,0.1,0.10299452084995755,0.01,"Anderson(SD(0.1); m=10, warmup=100, αw=0.2)","VariableCell(BB(1.0), field_updater)",42,,,,,,,,,,,cases/f0.45_chiN26/native_profiles.csv#model=scft,accepted,reference_gates_pass,,,,
liu2019-stress-free-period-map-v2,stress_free_lamellar_observable,f0.45_chiN26,0.45,26.0,10.698,liu2019_opf,OPF (force/stress mapped),per_state_force_stress_mapping,4.3458535996524645,4.325769875698217,0.00464280914874271,0.00464280914874271,0.023419682252350867,0.996857554115853,0.9985007798354072,0.0,false,1.1106841564178465,StressRootBisection,50,true,false,true,true,true,true,true,-0.004409575144558475,0.9673263232016449,0.44999999999999996,-0.3031420067963179,6.803407028020971e-7,1.4858307305284923e-6,mean-constrained Fourier nonlinear conjugate gradient,1.1567779387250148e-8,Polyorder.Successful(),5.752252338560516e-7,3.862062212393983e-7,0.1,0.10299452084995755,0.01,"Anderson(SD(0.1); m=10, warmup=100, αw=0.2)","VariableCell(BB(1.0), field_updater)",128,,,,,-1.0,-0.22104278292995552,1.8526301261984186,0.0368095395411904,0.2447607625465821,0.0463009032785492,cases/f0.45_chiN26/native_profiles.csv#model=liu2019_opf,accepted,model_gates_pass,,,,
liu2019-stress-free-period-map-v2,stress_free_lamellar_observable,f0.45_chiN26,0.45,26.0,10.698,ohta_kawasaki,Ohta-Kawasaki (recomputed),liu2019_ok_asymptotic_quadratic_mapped_c3_c4,3.5467654393195245,4.325769875698217,-0.18008457656406296,0.18008457656406296,0.12787882930531805,0.9063078696211506,0.9980688815843635,0.0,false,1.0532685399055484,StressRootBisection,75,true,false,true,true,true,true,true,0.12247339385701528,0.8378759112275638,0.45000000000000007,-2.2528468520578038,5.50895663056231e-6,1.252420020669831e-5,mean-constrained Fourier nonlinear conjugate gradient,8.54995011534727e-8,Polyorder.Successful(),5.752252338560516e-7,3.862062212393983e-7,0.1,0.10299452084995755,0.01,"Anderson(SD(0.1); m=10, warmup=100, αw=0.2)","VariableCell(BB(1.0), field_updater)",128,,,,,-22.335646277502086,-8.281662957663867,69.59743996063972,1.01010101010101,12.24364860728497,,cases/f0.45_chiN26/native_profiles.csv#model=ohta_kawasaki,accepted,model_gates_pass,,,,
liu2019-stress-free-period-map-v2,stress_free_lamellar_observable,f0.45_chiN26,0.45,26.0,10.698,uneyama_doi,Uneyama-Doi,not_applicable,3.6100451957080635,4.325769875698217,-0.16545602298703643,0.16545602298703643,0.028263071427818424,0.9954233834927299,0.9997919911532396,0.99609375,false,1.1199358188282147,BootstrapLocal,28,true,false,true,true,true,true,true,0.03100742659030952,0.9650053224372135,0.45000000000001883,-2.103333124418827,5.433581961699348e-7,1.3764509541047687e-6,mean-constrained fused-spectral L-BFGS with profile continuation,,Polyorder.Successful(),5.752252338560516e-7,3.862062212393983e-7,0.1,0.10299452084995755,0.01,"Anderson(SD(0.1); m=10, warmup=100, αw=0.2)","VariableCell(BB(1.0), field_updater)",128,,,1,,,,,,,,cases/f0.45_chiN26/native_profiles.csv#model=uneyama_doi,accepted,model_gates_pass,,,,
liu2019-stress-free-period-map-v2,stress_free_lamellar_observable,f0.45_chiN26,0.45,26.0,10.698,burp_ti,BURP-TI,not_applicable,3.4563591580382993,4.325769875698217,-0.20098404275830495,0.20098404275830495,0.013521901364880583,0.9989524341364696,0.9998233426443142,0.99609375,false,1.0722581613172284,BoundedKKTNewtonGMRES+AnalyticStressRoot,1,true,false,true,true,true,true,true,0.00022823128729765086,0.9989776933635576,0.45,-2.8730344568367654,0.000443764933643755,0.0008086942436453803,bounded-KKT Newton-GMRES,6.53725473432174e-5,Polyorder.Successful(),5.752252338560516e-7,3.862062212393983e-7,0.1,0.10299452084995755,0.01,"Anderson(SD(0.1); m=10, warmup=100, αw=0.2)","VariableCell(BB(1.0), field_updater)",128,64,256,1,,,,,,,,cases/f0.45_chiN26/native_profiles.csv#model=burp_ti,accepted,model_gates_pass,,,,
liu2019-stress-free-period-map-v2,stress_free_lamellar_observable,f0.45_chiN26,0.45,26.0,10.698,bvk2,BVK2,frozen_c2_evaluation,4.3114725449288125,4.325769875698217,-0.003305152881508122,0.003305152881508122,0.007917178120683679,0.9996408790224401,0.9998217838108986,0.998046875,false,1.3375379734028938,FilteredUDThetaAnalyticCellStressRoot,25,true,false,true,true,true,true,true,0.0021365467579880677,0.9937662568402547,0.45000000000000007,-3.339057365327456,1.729504551010039e-11,4.261653682946588e-11,oversampled filtered UD-theta L-BFGS with cosine-Newton polish,7.802184454064331e-9,Polyorder.Successful(),5.752252338560516e-7,3.862062212393983e-7,0.1,0.10299452084995755,0.01,"Anderson(SD(0.1); m=10, warmup=100, αw=0.2)","VariableCell(BB(1.0), field_updater)",256,,,,0.16,,,,,,,cases/f0.45_chiN26/native_profiles.csv#model=bvk2,accepted,model_gates_pass,,2,12.0,ud-theta-spectral-adaptive-k-physical-sensor-filter-oversampled-v2
liu2019-stress-free-period-map-v2,stress_free_lamellar_observable,f0.45_chiN27,0.45,27.0,10.698,scft,SCFT,reference,4.366235929895569,4.366235929895569,0.0,0.0,0.0,1.0,1.0,0.0,false,,Polyorder.cell_solve!,73,true,false,true,true,true,true,true,0.003047539724290002,0.9924048493242569,0.45000000000000057,3.544657851748922,,,not_applicable,7.796851223448597e-7,Polyorder.Successful(),5.576789108511331e-7,3.7888689633453057e-7,0.1,0.10395799833084689,0.01,"Anderson(SD(0.1); m=10, warmup=100, αw=0.2)","VariableCell(BB(1.0), field_updater)",42,,,,,,,,,,,cases/f0.45_chiN27/native_profiles.csv#model=scft,accepted,reference_gates_pass,,,,
liu2019-stress-free-period-map-v2,stress_free_lamellar_observable,f0.45_chiN27,0.45,27.0,10.698,liu2019_opf,OPF (force/stress mapped),per_state_force_stress_mapping,4.389534225328145,4.366235929895569,0.005336013858768585,0.005336013858768585,0.024069038335646914,0.9967283013627077,0.9984381595243362,0.0,false,1.118499755859375,StressRootBisection,43,true,false,true,true,true,true,true,-0.005239619653412297,0.9682102998609832,0.45000000000000007,-0.31454527256357667,5.335336574619388e-7,1.29777451175761e-6,mean-constrained Fourier nonlinear conjugate gradient,4.9129381561121094e-8,Polyorder.Successful(),5.576789108511331e-7,3.7888689633453057e-7,0.1,0.10395799833084689,0.01,"Anderson(SD(0.1); m=10, warmup=100, αw=0.2)","VariableCell(BB(1.0), field_updater)",128,,,,,-1.0,-0.22321312028855284,1.8594626260268907,0.03506042612688883,0.230359687068107,0.04668495571224223,cases/f0.45_chiN27/native_profiles.csv#model=liu2019_opf,accepted,model_gates_pass,,,,
liu2019-stress-free-period-map-v2,stress_free_lamellar_observable,f0.45_chiN27,0.45,27.0,10.698,ohta_kawasaki,Ohta-Kawasaki (recomputed),liu2019_ok_asymptotic_quadratic_mapped_c3_c4,3.5619514941135786,4.366235929895569,-0.18420544576509568,0.18420544576509568,0.12945778949842174,0.905351836822056,0.9980618242677991,0.0,false,1.0577782809734346,StressRootBisection,76,true,false,true,true,true,true,true,0.12333430605080498,0.8380006958711896,0.45,-2.433109379047062,2.376155548244486e-6,5.8571898378101395e-6,mean-constrained Fourier nonlinear conjugate gradient,4.655714957984104e-8,Polyorder.Successful(),5.576789108511331e-7,3.7888689633453057e-7,0.1,0.10395799833084689,0.01,"Anderson(SD(0.1); m=10, warmup=100, αw=0.2)","VariableCell(BB(1.0), field_updater)",128,,,,,-23.335646277502086,-8.841289730538708,73.83208500257699,1.01010101010101,12.24364860728497,,cases/f0.45_chiN27/native_profiles.csv#model=ohta_kawasaki,accepted,model_gates_pass,,,,
liu2019-stress-free-period-map-v2,stress_free_lamellar_observable,f0.45_chiN27,0.45,27.0,10.698,uneyama_doi,Uneyama-Doi,not_applicable,3.6249159740920645,4.366235929895569,-0.16978467671151143,0.16978467671151143,0.02647784441786765,0.9960406757695877,0.9998005412228759,0.99609375,false,1.1245491453832117,BootstrapLocal,28,true,false,true,true,true,true,true,0.028376630172211162,0.9683998285326157,0.4500000000002848,-2.34089083010174,8.574916249744258e-7,2.8312531649143935e-6,mean-constrained fused-spectral L-BFGS with profile continuation,,Polyorder.Successful(),5.576789108511331e-7,3.7888689633453057e-7,0.1,0.10395799833084689,0.01,"Anderson(SD(0.1); m=10, warmup=100, αw=0.2)","VariableCell(BB(1.0), field_updater)",128,,,1,,,,,,,,cases/f0.45_chiN27/native_profiles.csv#model=uneyama_doi,accepted,model_gates_pass,,,,
liu2019-stress-free-period-map-v2,stress_free_lamellar_observable,f0.45_chiN27,0.45,27.0,10.698,burp_ti,BURP-TI,not_applicable,3.478963997406117,4.366235929895569,-0.20321209085709524,0.20321209085709524,0.013643833826277468,0.9989486951729601,0.9998184929628167,0.99609375,false,1.079270807396279,BoundedKKTNewtonGMRES+AnalyticStressRoot,1,true,false,true,true,true,true,true,1.0e-6,0.9994834578596993,0.4499999999999999,-3.1548719479432448,0.0003606244140973052,0.0006548972257776065,bounded-KKT Newton-GMRES,8.508418304062332e-5,Polyorder.Successful(),5.576789108511331e-7,3.7888689633453057e-7,0.1,0.10395799833084689,0.01,"Anderson(SD(0.1); m=10, warmup=100, αw=0.2)","VariableCell(BB(1.0), field_updater)",128,64,256,1,,,,,,,,cases/f0.45_chiN27/native_profiles.csv#model=burp_ti,accepted,model_gates_pass,,,,
liu2019-stress-free-period-map-v2,stress_free_lamellar_observable,f0.45_chiN27,0.45,27.0,10.698,bvk2,BVK2,frozen_c2_evaluation,4.349992350315219,4.366235929895569,-0.003720270695665051,0.003720270695665051,0.00793680121561399,0.999644252748218,0.9998237667275355,0.998046875,false,1.34948788190759,FilteredUDThetaAnalyticCellStressRoot,24,true,false,true,true,true,true,true,0.0016360533698635102,0.9949563491917564,0.4500000000000001,-3.6821532900251777,1.1688143948159148e-11,3.2944962879446995e-11,oversampled filtered UD-theta L-BFGS with cosine-Newton polish,1.769679069951735e-9,Polyorder.Successful(),5.576789108511331e-7,3.7888689633453057e-7,0.1,0.10395799833084689,0.01,"Anderson(SD(0.1); m=10, warmup=100, αw=0.2)","VariableCell(BB(1.0), field_updater)",256,,,,0.16,,,,,,,cases/f0.45_chiN27/native_profiles.csv#model=bvk2,accepted,model_gates_pass,,2,12.0,ud-theta-spectral-adaptive-k-physical-sensor-filter-oversampled-v2
liu2019-stress-free-period-map-v2,stress_free_lamellar_observable,f0.45_chiN28,0.45,28.0,10.698,scft,SCFT,reference,4.405086087042031,4.405086087042031,0.0,0.0,0.0,1.0,1.0,0.0,false,,Polyorder.cell_solve!,204,true,false,true,true,true,true,true,0.0025498636245082423,0.9934421829477875,0.4499999999999999,3.6131567617102442,,,not_applicable,2.9942555369776996e-7,Polyorder.Successful(),8.450861086964248e-7,5.573210410919308e-7,0.1,0.10488300207242932,0.01,"Anderson(SD(0.1); m=10, warmup=100, αw=0.2)","VariableCell(BB(1.0), field_updater)",42,,,,,,,,,,,cases/f0.45_chiN28/native_profiles.csv#model=scft,accepted,reference_gates_pass,,,,
liu2019-stress-free-period-map-v2,stress_free_lamellar_observable,f0.45_chiN28,0.45,28.0,10.698,liu2019_opf,OPF (force/stress mapped),per_state_force_stress_mapping,4.43152449306058,4.405086087042031,0.006001790997075096,0.006001790997075096,0.02469967120044519,0.9965992160464373,0.9983754802882218,0.99609375,false,1.1261801719665527,StressRootBisection,49,true,false,true,true,true,true,true,-0.00600199134130891,0.9689810522019884,0.45000000000000007,-0.3253783856681892,5.56344336093923e-7,1.542540728538544e-6,mean-constrained Fourier nonlinear conjugate gradient,6.232157684209057e-8,Polyorder.Successful(),8.450861086964248e-7,5.573210410919308e-7,0.1,0.10488300207242932,0.01,"Anderson(SD(0.1); m=10, warmup=100, αw=0.2)","VariableCell(BB(1.0), field_updater)",128,,,,,-1.0,-0.22520477166104697,1.8658535672470622,0.03345035864370742,0.2174398514550958,0.04700164527941758,cases/f0.45_chiN28/native_profiles.csv#model=liu2019_opf,accepted,model_gates_pass,,,,
liu2019-stress-free-period-map-v2,stress_free_lamellar_observable,f0.45_chiN28,0.45,28.0,10.698,ohta_kawasaki,Ohta-Kawasaki (recomputed),liu2019_ok_asymptotic_quadratic_mapped_c3_c4,3.5770970853571527,4.405086087042031,-0.18796204780662173,0.18796204780662173,0.13094613682089212,0.9044166869954923,0.9980573791333297,0.99609375,false,1.062276005744934,StressRootBisection,51,true,false,true,true,true,true,true,0.12424824039556709,0.8379475012441343,0.45000000000000007,-2.6147073504441325,7.927125021070482e-6,2.6774416861607975e-5,mean-constrained Fourier nonlinear conjugate gradient,4.547781910449095e-8,Polyorder.Successful(),8.450861086964248e-7,5.573210410919308e-7,0.1,0.10488300207242932,0.01,"Anderson(SD(0.1); m=10, warmup=100, αw=0.2)","VariableCell(BB(1.0), field_updater)",128,,,,,-24.335646277502086,-9.407039065913544,78.10689184576424,1.01010101010101,12.24364860728497,,cases/f0.45_chiN28/native_profiles.csv#model=ohta_kawasaki,accepted,model_gates_pass,,,,
liu2019-stress-free-period-map-v2,stress_free_lamellar_observable,f0.45_chiN28,0.45,28.0,10.698,uneyama_doi,Uneyama-Doi,not_applicable,3.6399826331361878,4.405086087042031,-0.17368637951400456,0.17368637951400456,0.024885189019640652,0.9965479380057681,0.9998072967906514,0.9921875,false,1.129223239534068,BootstrapLocal,32,true,false,true,true,true,true,true,0.0260916475649442,0.9713245798463777,0.44999999999987467,-2.585912819218053,7.365276667273619e-7,1.6865486733297352e-6,mean-constrained fused-spectral L-BFGS with profile continuation,,Polyorder.Successful(),8.450861086964248e-7,5.573210410919308e-7,0.1,0.10488300207242932,0.01,"Anderson(SD(0.1); m=10, warmup=100, αw=0.2)","VariableCell(BB(1.0), field_updater)",128,,,1,,,,,,,,cases/f0.45_chiN28/native_profiles.csv#model=uneyama_doi,accepted,model_gates_pass,,,,
liu2019-stress-free-period-map-v2,stress_free_lamellar_observable,f0.45_chiN28,0.45,28.0,10.698,burp_ti,BURP-TI,not_applicable,3.501901531687286,4.405086087042031,-0.20503221446943942,0.20503221446943942,0.013727649274347562,0.9989495169516586,0.9998122841937557,0.9921875,false,1.0863866646347484,BoundedKKTNewtonGMRES+AnalyticStressRoot,2,true,false,true,true,true,true,true,1.0000000000555111e-6,0.999879915541498,0.44999999999999996,-3.444003658427766,0.00042037579975736245,0.0008318758993679509,bounded-KKT Newton-GMRES,3.409939019665562e-7,Polyorder.Successful(),8.450861086964248e-7,5.573210410919308e-7,0.1,0.10488300207242932,0.01,"Anderson(SD(0.1); m=10, warmup=100, αw=0.2)","VariableCell(BB(1.0), field_updater)",128,64,256,1,,,,,,,,cases/f0.45_chiN28/native_profiles.csv#model=burp_ti,accepted,model_gates_pass,,,,
liu2019-stress-free-period-map-v2,stress_free_lamellar_observable,f0.45_chiN28,0.45,28.0,10.698,bvk2,BVK2,frozen_c2_evaluation,4.387113895089806,4.405086087042031,-0.004079873037008741,0.004079873037008741,0.007983957359283499,0.9996446727506061,0.9998241102028473,0.494140625,false,1.3610040113158095,FilteredUDThetaAnalyticCellStressRoot,28,true,false,true,true,true,true,true,0.0012567088595043568,0.9959062346393904,0.4500000000000001,-4.03394502631949,2.2826333937252252e-8,4.408003653452728e-8,oversampled filtered UD-theta L-BFGS with cosine-Newton polish,4.020257016179585e-9,Polyorder.Successful(),8.450861086964248e-7,5.573210410919308e-7,0.1,0.10488300207242932,0.01,"Anderson(SD(0.1); m=10, warmup=100, αw=0.2)","VariableCell(BB(1.0), field_updater)",256,,,,0.16,,,,,,,cases/f0.45_chiN28/native_profiles.csv#model=bvk2,accepted,model_gates_pass,,2,12.0,ud-theta-spectral-adaptive-k-physical-sensor-filter-oversampled-v2
liu2019-stress-free-period-map-v2,stress_free_lamellar_observable,f0.45_chiN29,0.45,29.0,10.698,scft,SCFT,reference,4.442474227397603,4.442474227397603,0.0,0.0,0.0,1.0,1.0,0.0,false,,Polyorder.cell_solve!,211,true,false,true,true,true,true,true,0.0021570998900090075,0.9942794108799178,0.4500000000000019,3.679403306108794,,,not_applicable,2.7879036166436903e-7,Polyorder.Successful(),9.871481699525262e-7,5.292602711543085e-7,0.1,0.10577319589041911,0.01,"Anderson(SD(0.1); m=10, warmup=100, αw=0.2)","VariableCell(BB(1.0), field_updater)",42,,,,,,,,,,,cases/f0.45_chiN29/native_profiles.csv#model=scft,accepted,reference_gates_pass,,,,
liu2019-stress-free-period-map-v2,stress_free_lamellar_observable,f0.45_chiN29,0.45,29.0,10.698,liu2019_opf,OPF (force/stress mapped),per_state_force_stress_mapping,4.471937404638763,4.442474227397603,0.00663215490580793,0.00663215490580793,0.025348510679125486,0.9964604619352799,0.9983078729861061,0.9921875,false,1.133715391159058,StressRootBisection,50,true,false,true,true,true,true,true,-0.006698789208255951,0.9697094981093597,0.45,-0.33568990798513565,6.072363205724373e-7,2.0619266754284826e-6,mean-constrained Fourier nonlinear conjugate gradient,1.431224478702387e-9,Polyorder.Successful(),9.871481699525262e-7,5.292602711543085e-7,0.1,0.10577319589041911,0.01,"Anderson(SD(0.1); m=10, warmup=100, αw=0.2)","VariableCell(BB(1.0), field_updater)",128,,,,,-1.0,-0.22703674024527062,1.871813929892321,0.031965208914098764,0.20579287157995368,0.04725377564449992,cases/f0.45_chiN29/native_profiles.csv#model=liu2019_opf,accepted,model_gates_pass,,,,
liu2019-stress-free-period-map-v2,stress_free_lamellar_observable,f0.45_chiN29,0.45,29.0,10.698,ohta_kawasaki,Ohta-Kawasaki (recomputed),liu2019_ok_asymptotic_quadratic_mapped_c3_c4,3.5921718653873884,4.442474227397603,-0.191402880126177,0.191402880126177,0.13236208109571765,0.9034907668259268,0.9980507703333581,0.9921875,false,1.066752701997757,StressRootBisection,53,true,false,true,true,true,true,true,0.12519822697929645,0.8377506806777073,0.45,-2.797498871987945,7.2546482560322725e-6,1.6678217573895537e-5,mean-constrained Fourier nonlinear conjugate gradient,5.793884640716465e-9,Polyorder.Successful(),9.871481699525262e-7,5.292602711543085e-7,0.1,0.10577319589041911,0.01,"Anderson(SD(0.1); m=10, warmup=100, αw=0.2)","VariableCell(BB(1.0), field_updater)",128,,,,,-25.335646277502086,-9.978910963788383,82.42186049020147,1.01010101010101,12.24364860728497,,cases/f0.45_chiN29/native_profiles.csv#model=ohta_kawasaki,accepted,model_gates_pass,,,,
liu2019-stress-free-period-map-v2,stress_free_lamellar_observable,f0.45_chiN29,0.45,29.0,10.698,uneyama_doi,Uneyama-Doi,not_applicable,3.6559421752906793,4.442474227397603,-0.17704819698361496,0.17704819698361496,0.023479495473146948,0.9969631788714768,0.9998092324084065,0.98828125,false,1.1341743307093706,BootstrapLocal,32,true,false,true,true,true,true,true,0.024103851237996684,0.9738564197653305,0.44999999999950224,-2.8386001448689626,9.841005753647823e-7,2.9544825631555582e-6,mean-constrained fused-spectral L-BFGS with profile continuation,,Polyorder.Successful(),9.871481699525262e-7,5.292602711543085e-7,0.1,0.10577319589041911,0.01,"Anderson(SD(0.1); m=10, warmup=100, αw=0.2)","VariableCell(BB(1.0), field_updater)",128,,,1,,,,,,,,cases/f0.45_chiN29/native_profiles.csv#model=uneyama_doi,accepted,model_gates_pass,,,,
liu2019-stress-free-period-map-v2,stress_free_lamellar_observable,f0.45_chiN29,0.45,29.0,10.698,burp_ti,BURP-TI,not_applicable,3.5254512908602664,4.442474227397603,-0.20642166720560307,0.20642166720560307,0.013854173844122328,0.9989426884971897,0.9997996210339293,0.98828125,false,1.0936924509595165,BoundedKKTNewtonGMRES+AnalyticStressRoot,1,true,false,true,true,true,true,true,1.0e-6,0.9999989999999994,0.45000000000000023,-3.7405175919142364,0.00029810571453293397,0.0006008152093484043,bounded-KKT Newton-GMRES,8.92289262577574e-5,Polyorder.Successful(),9.871481699525262e-7,5.292602711543085e-7,0.1,0.10577319589041911,0.01,"Anderson(SD(0.1); m=10, warmup=100, αw=0.2)","VariableCell(BB(1.0), field_updater)",128,64,256,1,,,,,,,,cases/f0.45_chiN29/native_profiles.csv#model=burp_ti,accepted,model_gates_pass,,,,
liu2019-stress-free-period-map-v2,stress_free_lamellar_observable,f0.45_chiN29,0.45,29.0,10.698,bvk2,BVK2,frozen_c2_evaluation,4.42294291048729,4.442474227397603,-0.004396495266052236,0.004396495266052236,0.008110947927099522,0.9996376059463469,0.9998205797127097,0.9912109375,false,1.3721191623794846,FilteredUDThetaAnalyticCellStressRoot,25,true,false,true,true,true,true,true,0.0009681043160516187,0.9966675720687116,0.45000000000000023,-4.393938683233905,1.107453233401103e-11,2.795277762181187e-11,oversampled filtered UD-theta L-BFGS with cosine-Newton polish,4.929390229335695e-14,Polyorder.Successful(),9.871481699525262e-7,5.292602711543085e-7,0.1,0.10577319589041911,0.01,"Anderson(SD(0.1); m=10, warmup=100, αw=0.2)","VariableCell(BB(1.0), field_updater)",256,,,,0.16,,,,,,,cases/f0.45_chiN29/native_profiles.csv#model=bvk2,accepted,model_gates_pass,,2,12.0,ud-theta-spectral-adaptive-k-physical-sensor-filter-oversampled-v2
liu2019-stress-free-period-map-v2,stress_free_lamellar_observable,f0.45_chiN30,0.45,30.0,10.698,scft,SCFT,reference,4.478517373090134,4.478517373090134,0.0,0.0,0.0,1.0,1.0,0.0,false,,Polyorder.cell_solve!,34,true,false,true,true,true,true,true,0.0017922687764751603,0.9951072159876094,0.45000000000000034,3.7435665319184253,,,not_applicable,4.895853958885302e-6,Polyorder.Successful(),2.810726362914499e-7,1.9207075893407116e-7,0.1,0.09330244527271113,0.01,"Anderson(SD(0.1); m=10, warmup=100, αw=0.2)","VariableCell(BB(1.0), field_updater)",48,,,,,,,,,,,cases/f0.45_chiN30/native_profiles.csv#model=scft,accepted,reference_gates_pass,,,,
liu2019-stress-free-period-map-v2,stress_free_lamellar_observable,f0.45_chiN30,0.45,30.0,10.698,liu2019_opf,OPF (force/stress mapped),per_state_force_stress_mapping,4.511009641426697,4.478517373090134,0.007255139509293462,0.007255139509293462,0.025751250732244237,0.9963915284663358,0.9982663120922386,0.0,false,1.1411404609680176,StressRootBisection,49,true,false,true,true,true,true,true,-0.0073372798170696085,0.9703873514596186,0.45000000000000007,-0.3455534021410914,4.1926438170670115e-7,9.767387647713344e-7,mean-constrained Fourier nonlinear conjugate gradient,2.7482487716107138e-8,Polyorder.Successful(),2.810726362914499e-7,1.9207075893407116e-7,0.1,0.09330244527271113,0.01,"Anderson(SD(0.1); m=10, warmup=100, αw=0.2)","VariableCell(BB(1.0), field_updater)",128,,,,,-1.0,-0.22873316895265658,1.8774564567244805,0.030584909449974797,0.19520371031190734,0.04748229660648563,cases/f0.45_chiN30/native_profiles.csv#model=liu2019_opf,accepted,model_gates_pass,,,,
liu2019-stress-free-period-map-v2,stress_free_lamellar_observable,f0.45_chiN30,0.45,30.0,10.698,ohta_kawasaki,Ohta-Kawasaki (recomputed),liu2019_ok_asymptotic_quadratic_mapped_c3_c4,3.6071513874758696,4.478517373090134,-0.1945657263383641,0.1945657263383641,0.13405634309732864,0.9022084420677243,0.9979897069337416,0.0,false,1.0712011098861693,StressRootBisection,51,true,false,true,true,true,true,true,0.12617155675888814,0.8374379016410343,0.4500000000000002,-2.9813548223578192,6.4549948689929204e-6,1.8129509168351987e-5,mean-constrained Fourier nonlinear conjugate gradient,8.763732713809178e-8,Polyorder.Successful(),2.810726362914499e-7,1.9207075893407116e-7,0.1,0.09330244527271113,0.01,"Anderson(SD(0.1); m=10, warmup=100, αw=0.2)","VariableCell(BB(1.0), field_updater)",128,,,,,-26.335646277502086,-10.556905424163222,86.77699093588872,1.01010101010101,12.24364860728497,,cases/f0.45_chiN30/native_profiles.csv#model=ohta_kawasaki,accepted,model_gates_pass,,,,
liu2019-stress-free-period-map-v2,stress_free_lamellar_observable,f0.45_chiN30,0.45,30.0,10.698,uneyama_doi,Uneyama-Doi,not_applicable,3.6715385002589467,4.478517373090134,-0.18018884501376398,0.18018884501376398,0.022549078210983595,0.9972331589236273,0.9998040806639265,0.99609375,false,1.1390127418724258,BootstrapLocal,32,true,false,true,true,true,true,true,0.02235223397178072,0.9760626088012584,0.4499999999999426,-3.097741191358544,7.689859026284335e-7,2.084973818372582e-6,mean-constrained fused-spectral L-BFGS with profile continuation,,Polyorder.Successful(),2.810726362914499e-7,1.9207075893407116e-7,0.1,0.09330244527271113,0.01,"Anderson(SD(0.1); m=10, warmup=100, αw=0.2)","VariableCell(BB(1.0), field_updater)",128,,,1,,,,,,,,cases/f0.45_chiN30/native_profiles.csv#model=uneyama_doi,accepted,model_gates_pass,,,,
liu2019-stress-free-period-map-v2,stress_free_lamellar_observable,f0.45_chiN30,0.45,30.0,10.698,burp_ti,BURP-TI,not_applicable,3.54899381493379,4.478517373090134,-0.2075516249510453,0.2075516249510453,0.01358832005359478,0.998995249655709,0.9997969367763864,0.99609375,false,1.10099599275642,BoundedKKTNewtonGMRES+AnalyticStressRoot,1,true,false,true,true,true,true,true,1.0000000000277555e-6,0.9999989999999986,0.45000000000000007,-4.043587403086744,0.00035472585861092836,0.000896121202279776,bounded-KKT Newton-GMRES,8.377156866185118e-5,Polyorder.Successful(),2.810726362914499e-7,1.9207075893407116e-7,0.1,0.09330244527271113,0.01,"Anderson(SD(0.1); m=10, warmup=100, αw=0.2)","VariableCell(BB(1.0), field_updater)",128,64,256,1,,,,,,,,cases/f0.45_chiN30/native_profiles.csv#model=burp_ti,accepted,model_gates_pass,,,,
liu2019-stress-free-period-map-v2,stress_free_lamellar_observable,f0.45_chiN30,0.45,30.0,10.698,bvk2,BVK2,frozen_c2_evaluation,4.457573922220944,4.478517373090134,-0.004676425058666056,0.004676425058666056,0.008400990379479617,0.999615941659928,0.9998086482327849,0.998046875,false,1.382862659588021,FilteredUDThetaAnalyticCellStressRoot,29,true,false,true,true,true,true,true,0.0007477737275334104,0.997280106381717,0.45000000000000007,-4.761697216192293,2.9129742143967117e-8,5.642058400010021e-8,oversampled filtered UD-theta L-BFGS with cosine-Newton polish,5.196334917911827e-9,Polyorder.Successful(),2.810726362914499e-7,1.9207075893407116e-7,0.1,0.09330244527271113,0.01,"Anderson(SD(0.1); m=10, warmup=100, αw=0.2)","VariableCell(BB(1.0), field_updater)",256,,,,0.16,,,,,,,cases/f0.45_chiN30/native_profiles.csv#model=bvk2,accepted,model_gates_pass,,2,12.0,ud-theta-spectral-adaptive-k-physical-sensor-filter-oversampled-v2
liu2019-stress-free-period-map-v2,stress_free_lamellar_observable,f0.45_chiN31,0.45,31.0,10.698,scft,SCFT,reference,4.513379814943582,4.513379814943582,0.0,0.0,0.0,1.0,1.0,0.0,false,,Polyorder.cell_solve!,288,true,false,true,true,true,true,true,0.0015206528283687063,0.9957274083479003,0.4500000000000008,3.805796943418658,,,not_applicable,2.0883842269733365e-6,Polyorder.Successful(),3.542944569389564e-7,2.6219764942553225e-7,0.1,0.09402874614465796,0.01,"Anderson(SD(0.1); m=10, warmup=100, αw=0.2)","VariableCell(BB(1.0), field_updater)",48,,,,,,,,,,,cases/f0.45_chiN31/native_profiles.csv#model=scft,accepted,reference_gates_pass,,,,
liu2019-stress-free-period-map-v2,stress_free_lamellar_observable,f0.45_chiN31,0.45,31.0,10.698,liu2019_opf,OPF (force/stress mapped),per_state_force_stress_mapping,4.548812866378629,4.513379814943582,0.007850669096744145,0.007850669096744145,0.02632400970275372,0.9962668417596794,0.9982052889389327,0.99609375,false,1.148434352874756,StressRootBisection,49,true,false,true,true,true,true,true,-0.007943548291527436,0.9710284905689821,0.45,-0.35499406531831496,5.368339277953285e-7,1.757622751549781e-6,mean-constrained Fourier nonlinear conjugate gradient,7.577638665844503e-8,Polyorder.Successful(),3.542944569389564e-7,2.6219764942553225e-7,0.1,0.09402874614465796,0.01,"Anderson(SD(0.1); m=10, warmup=100, αw=0.2)","VariableCell(BB(1.0), field_updater)",128,,,,,-1.0,-0.23030283534119128,1.8827478403872988,0.029303456886346495,0.1855541819620416,0.047666323238940475,cases/f0.45_chiN31/native_profiles.csv#model=liu2019_opf,accepted,model_gates_pass,,,,
liu2019-stress-free-period-map-v2,stress_free_lamellar_observable,f0.45_chiN31,0.45,31.0,10.698,ohta_kawasaki,Ohta-Kawasaki (recomputed),liu2019_ok_asymptotic_quadratic_mapped_c3_c4,3.6220158413426735,4.513379814943582,-0.19749367661229078,0.19749367661229078,0.13535551459101494,0.9012983930860736,0.9979880458899406,0.99609375,false,1.075615346431732,StressRootBisection,52,true,false,true,true,true,true,true,0.12715854805770221,0.8370312549234531,0.44999999999999996,-3.166156870100662,6.376966325778177e-6,1.3669255702009053e-5,mean-constrained Fourier nonlinear conjugate gradient,5.479257828666214e-9,Polyorder.Successful(),3.542944569389564e-7,2.6219764942553225e-7,0.1,0.09402874614465796,0.01,"Anderson(SD(0.1); m=10, warmup=100, αw=0.2)","VariableCell(BB(1.0), field_updater)",128,,,,,-27.335646277502086,-11.14102244703806,91.17228318282596,1.01010101010101,12.24364860728497,,cases/f0.45_chiN31/native_profiles.csv#model=ohta_kawasaki,accepted,model_gates_pass,,,,
liu2019-stress-free-period-map-v2,stress_free_lamellar_observable,f0.45_chiN31,0.45,31.0,10.698,uneyama_doi,Uneyama-Doi,not_applicable,3.6867823868553087,4.513379814943582,-0.18314377738639442,0.18314377738639442,0.02141084219982266,0.9975303249398062,0.9998077562150139,0.9921875,false,1.1437418169094138,BootstrapLocal,32,true,false,true,true,true,true,true,0.020800453866093624,0.9779950486668396,0.45000000000042095,-3.3629796384091275,7.270699275943806e-7,1.8453697446241257e-6,mean-constrained fused-spectral L-BFGS with profile continuation,,Polyorder.Successful(),3.542944569389564e-7,2.6219764942553225e-7,0.1,0.09402874614465796,0.01,"Anderson(SD(0.1); m=10, warmup=100, αw=0.2)","VariableCell(BB(1.0), field_updater)",128,,,1,,,,,,,,cases/f0.45_chiN31/native_profiles.csv#model=uneyama_doi,accepted,model_gates_pass,,,,
liu2019-stress-free-period-map-v2,stress_free_lamellar_observable,f0.45_chiN31,0.45,31.0,10.698,burp_ti,BURP-TI,not_applicable,3.572092057485997,4.513379814943582,-0.20855496236789717,0.20855496236789717,0.013598488770828763,0.9990037837795935,0.9997890136900718,0.9921875,false,1.1081617061433198,BoundedKKTNewtonGMRES+AnalyticStressRoot,2,true,false,true,true,true,true,true,1.0e-6,0.9999989999999975,0.4499999999999996,-4.352478243883116,0.00022641288120693462,0.0005063594309380193,bounded-KKT Newton-GMRES,2.669551997440191e-5,Polyorder.Successful(),3.542944569389564e-7,2.6219764942553225e-7,0.1,0.09402874614465796,0.01,"Anderson(SD(0.1); m=10, warmup=100, αw=0.2)","VariableCell(BB(1.0), field_updater)",128,64,256,1,,,,,,,,cases/f0.45_chiN31/native_profiles.csv#model=burp_ti,accepted,model_gates_pass,,,,
liu2019-stress-free-period-map-v2,stress_free_lamellar_observable,f0.45_chiN31,0.45,31.0,10.698,bvk2,BVK2,frozen_c2_evaluation,4.4910916299006445,4.513379814943582,-0.004938247157738163,0.004938247157738163,0.008499964430662837,0.9996107609319015,0.999805940081769,0.494140625,false,1.3932607791019092,FilteredUDThetaAnalyticCellStressRoot,27,true,false,true,true,true,true,true,0.000579027526080211,0.9977746275280891,0.44999999999999984,-5.1368315093951065,2.852227992162826e-11,1.0874548962859846e-10,oversampled filtered UD-theta L-BFGS with cosine-Newton polish,6.6741057125341285e-9,Polyorder.Successful(),3.542944569389564e-7,2.6219764942553225e-7,0.1,0.09402874614465796,0.01,"Anderson(SD(0.1); m=10, warmup=100, αw=0.2)","VariableCell(BB(1.0), field_updater)",256,,,,0.16,,,,,,,cases/f0.45_chiN31/native_profiles.csv#model=bvk2,accepted,model_gates_pass,,2,12.0,ud-theta-spectral-adaptive-k-physical-sensor-filter-oversampled-v2
liu2019-stress-free-period-map-v2,stress_free_lamellar_observable,f0.45_chiN32,0.45,32.0,10.698,scft,SCFT,reference,4.547065111401396,4.547065111401396,0.0,0.0,0.0,1.0,1.0,0.0,false,,Polyorder.cell_solve!,142,true,false,true,true,true,true,true,0.0012827446490420028,0.9962943345955165,0.4500000000000001,3.8662248261824192,,,not_applicable,3.2572509969599452e-6,Polyorder.Successful(),8.991156188533496e-7,6.404116041423694e-7,0.1,0.09473052315419574,0.01,"Anderson(SD(0.1); m=10, warmup=100, αw=0.2)","VariableCell(BB(1.0), field_updater)",48,,,,,,,,,,,cases/f0.45_chiN32/native_profiles.csv#model=scft,accepted,reference_gates_pass,,,,
liu2019-stress-free-period-map-v2,stress_free_lamellar_observable,f0.45_chiN32,0.45,32.0,10.698,liu2019_opf,OPF (force/stress mapped),per_state_force_stress_mapping,4.585377048625603,4.547065111401396,0.008425640778299659,0.008425640778299659,0.027049550663672532,0.9960945644690147,0.998120639514926,0.0,false,1.1556040763854982,StressRootBisection,49,true,false,true,true,true,true,true,-0.008477849861135922,0.9716343094533237,0.44999999999999996,-0.364041431374333,7.691913629442793e-7,2.4078859746784476e-6,mean-constrained Fourier nonlinear conjugate gradient,3.6288005852662036e-8,Polyorder.Successful(),8.991156188533496e-7,6.404116041423694e-7,0.1,0.09473052315419574,0.01,"Anderson(SD(0.1); m=10, warmup=100, αw=0.2)","VariableCell(BB(1.0), field_updater)",128,,,,,-1.0,-0.2317607997896188,1.8877197411529043,0.02810985607359368,0.17673157367301945,0.04781503033692905,cases/f0.45_chiN32/native_profiles.csv#model=liu2019_opf,accepted,model_gates_pass,,,,
liu2019-stress-free-period-map-v2,stress_free_lamellar_observable,f0.45_chiN32,0.45,32.0,10.698,ohta_kawasaki,Ohta-Kawasaki (recomputed),liu2019_ok_asymptotic_quadratic_mapped_c3_c4,3.636748367175103,4.547065111401396,-0.2001987484066915,0.2001987484066915,0.13662481654880654,0.9003657751501656,0.9979665575673504,0.0,false,1.0799904048442839,StressRootBisection,53,true,false,true,true,true,true,true,0.12814337516278435,0.8365486435153711,0.45000000000000007,-3.351795257621782,8.018824690107325e-6,1.5395121136574375e-5,mean-constrained Fourier nonlinear conjugate gradient,6.738084208910713e-8,Polyorder.Successful(),8.991156188533496e-7,6.404116041423694e-7,0.1,0.09473052315419574,0.01,"Anderson(SD(0.1); m=10, warmup=100, αw=0.2)","VariableCell(BB(1.0), field_updater)",128,,,,,-28.335646277502086,-11.731262032412896,95.60773723101322,1.01010101010101,12.24364860728497,,cases/f0.45_chiN32/native_profiles.csv#model=ohta_kawasaki,accepted,model_gates_pass,,,,
liu2019-stress-free-period-map-v2,stress_free_lamellar_observable,f0.45_chiN32,0.45,32.0,10.698,uneyama_doi,Uneyama-Doi,not_applicable,3.7152645981848664,4.547065111401396,-0.18293129586617463,0.18293129586617463,0.020401637587285443,0.9977783306693266,0.9997972053706864,0.99609375,false,1.1525777862499997,BootstrapLocal,32,true,false,true,true,true,true,true,0.019564733060452352,0.9796412266425801,0.45000000000008605,-3.6472235462254217,9.599183905189675e-7,2.6582716101120063e-6,mean-constrained fused-spectral L-BFGS with profile continuation,,Polyorder.Successful(),8.991156188533496e-7,6.404116041423694e-7,0.1,0.09473052315419574,0.01,"Anderson(SD(0.1); m=10, warmup=100, αw=0.2)","VariableCell(BB(1.0), field_updater)",128,,,1,,,,,,,,cases/f0.45_chiN32/native_profiles.csv#model=uneyama_doi,accepted,model_gates_pass,,,,
liu2019-stress-free-period-map-v2,stress_free_lamellar_observable,f0.45_chiN32,0.45,32.0,10.698,burp_ti,BURP-TI,not_applicable,3.5948596311747054,4.547065111401396,-0.20941100619806663,0.20941100619806663,0.013935574512722336,0.9989634288476508,0.9997572872571951,0.99609375,false,1.1152248369074749,BoundedKKTNewtonGMRES+AnalyticStressRoot,2,true,false,true,true,true,true,true,1.0000000000001084e-6,0.9999989999999981,0.44999999999999984,-4.667067297603567,0.00037852287923303973,0.0009855529765978588,bounded-KKT Newton-GMRES,2.611594300973485e-5,Polyorder.Successful(),8.991156188533496e-7,6.404116041423694e-7,0.1,0.09473052315419574,0.01,"Anderson(SD(0.1); m=10, warmup=100, αw=0.2)","VariableCell(BB(1.0), field_updater)",128,64,256,1,,,,,,,,cases/f0.45_chiN32/native_profiles.csv#model=burp_ti,accepted,model_gates_pass,,,,
liu2019-stress-free-period-map-v2,stress_free_lamellar_observable,f0.45_chiN32,0.45,32.0,10.698,bvk2,BVK2,frozen_c2_evaluation,4.523572107814071,4.547065111401396,-0.005166630125532534,0.005166630125532534,0.008480337835925543,0.9996161280425245,0.9998084891344143,0.9970703125,false,1.4033371212682488,FilteredUDThetaAnalyticCellStressRoot,27,true,false,true,true,true,true,true,0.00044940522119709574,0.9981751366056651,0.45,-5.518993094058371,1.8421644629081133e-11,5.53896654361072e-11,oversampled filtered UD-theta L-BFGS with cosine-Newton polish,1.6764367671839864e-12,Polyorder.Successful(),8.991156188533496e-7,6.404116041423694e-7,0.1,0.09473052315419574,0.01,"Anderson(SD(0.1); m=10, warmup=100, αw=0.2)","VariableCell(BB(1.0), field_updater)",256,,,,0.16,,,,,,,cases/f0.45_chiN32/native_profiles.csv#model=bvk2,accepted,model_gates_pass,,2,12.0,ud-theta-spectral-adaptive-k-physical-sensor-filter-oversampled-v2
liu2019-stress-free-period-map-v2,stress_free_lamellar_observable,f0.45_chiN33,0.45,33.0,10.698,scft,SCFT,reference,4.579738260774164,4.579738260774164,0.0,0.0,0.0,1.0,1.0,0.0,false,,Polyorder.cell_solve!,270,true,false,true,true,true,true,true,0.0011175741951715602,0.9966800138319177,0.44999999999999907,3.9249700586418594,,,not_applicable,2.6996475320249646e-8,Polyorder.Successful(),8.544995725106245e-7,6.426540403673336e-7,0.1,0.09541121376612842,0.01,"Anderson(SD(0.1); m=10, warmup=100, αw=0.2)","VariableCell(BB(1.0), field_updater)",48,,,,,,,,,,,cases/f0.45_chiN33/native_profiles.csv#model=scft,accepted,reference_gates_pass,,,,
liu2019-stress-free-period-map-v2,stress_free_lamellar_observable,f0.45_chiN33,0.45,33.0,10.698,liu2019_opf,OPF (force/stress mapped),per_state_force_stress_mapping,4.6209045883635005,4.579738260774164,0.008988794827409663,0.008988794827409663,0.0278137713923849,0.995906073470358,0.998027972365911,0.0078125,false,1.16266565322876,StressRootBisection,49,true,false,true,true,true,true,true,-0.008999131224481371,0.9721967347528968,0.45,-0.37274498526875416,4.6405781042959254e-7,1.0306091478354262e-6,mean-constrained Fourier nonlinear conjugate gradient,6.393971551110454e-9,Polyorder.Successful(),8.544995725106245e-7,6.426540403673336e-7,0.1,0.09541121376612842,0.01,"Anderson(SD(0.1); m=10, warmup=100, αw=0.2)","VariableCell(BB(1.0), field_updater)",128,,,,,-1.0,-0.23311689426493273,1.8924309172483007,0.026993530985446965,0.16861279892039088,0.047946990662105345,cases/f0.45_chiN33/native_profiles.csv#model=liu2019_opf,accepted,model_gates_pass,,,,
liu2019-stress-free-period-map-v2,stress_free_lamellar_observable,f0.45_chiN33,0.45,33.0,10.698,ohta_kawasaki,Ohta-Kawasaki (recomputed),liu2019_ok_asymptotic_quadratic_mapped_c3_c4,3.65133653086129,4.579738260774164,-0.20271938635985187,0.20271938635985187,0.13785556001032415,0.8994299058782929,0.997939566466492,0.0078125,false,1.0843225926160813,StressRootBisection,54,true,false,true,true,true,true,true,0.12909030020564438,0.8360046446963855,0.44999999999999996,-3.538169543635899,6.471082743321627e-6,1.849738613235452e-5,mean-constrained Fourier nonlinear conjugate gradient,1.269186613466915e-8,Polyorder.Successful(),8.544995725106245e-7,6.426540403673336e-7,0.1,0.09541121376612842,0.01,"Anderson(SD(0.1); m=10, warmup=100, αw=0.2)","VariableCell(BB(1.0), field_updater)",128,,,,,-29.335646277502086,-12.327624180287733,100.08335308045044,1.01010101010101,12.24364860728497,,cases/f0.45_chiN33/native_profiles.csv#model=ohta_kawasaki,accepted,model_gates_pass,,,,
liu2019-stress-free-period-map-v2,stress_free_lamellar_observable,f0.45_chiN33,0.45,33.0,10.698,uneyama_doi,Uneyama-Doi,not_applicable,3.7152645981848664,4.579738260774164,-0.18876049533083272,0.18876049533083272,0.01999292527730242,0.9978846951332132,0.9997568953291894,0.00390625,false,1.1525777862499997,BootstrapLocal,32,true,false,true,true,true,true,true,0.018172847779171015,0.9812040338277017,0.4500000000000151,-3.909442169229891,9.897586608201723e-7,3.3439283601000014e-6,mean-constrained fused-spectral L-BFGS with profile continuation,,Polyorder.Successful(),8.544995725106245e-7,6.426540403673336e-7,0.1,0.09541121376612842,0.01,"Anderson(SD(0.1); m=10, warmup=100, αw=0.2)","VariableCell(BB(1.0), field_updater)",128,,,1,,,,,,,,cases/f0.45_chiN33/native_profiles.csv#model=uneyama_doi,accepted,model_gates_pass,,,,
liu2019-stress-free-period-map-v2,stress_free_lamellar_observable,f0.45_chiN33,0.45,33.0,10.698,burp_ti,BURP-TI,not_applicable,3.6171965429760924,4.579738260774164,-0.21017395820244156,0.21017395820244156,0.014376930180885993,0.9989061629985285,0.9997176791501445,0.00390625,false,1.1221543644486038,BoundedKKTNewtonGMRES+AnalyticStressRoot,2,true,false,true,true,true,true,true,1.0000000000555111e-6,0.999998999999998,0.44999999999999984,-4.986995602054694,0.0002503360281842672,0.000604751540591586,bounded-KKT Newton-GMRES,2.5551017346927442e-5,Polyorder.Successful(),8.544995725106245e-7,6.426540403673336e-7,0.1,0.09541121376612842,0.01,"Anderson(SD(0.1); m=10, warmup=100, αw=0.2)","VariableCell(BB(1.0), field_updater)",128,64,256,1,,,,,,,,cases/f0.45_chiN33/native_profiles.csv#model=burp_ti,accepted,model_gates_pass,,,,
liu2019-stress-free-period-map-v2,stress_free_lamellar_observable,f0.45_chiN33,0.45,33.0,10.698,bvk2,BVK2,frozen_c2_evaluation,4.5550837902302685,4.579738260774164,-0.005383379822175183,0.005383379822175183,0.008660033492598276,0.9996031108530453,0.9998018565057551,0.5068359375,false,1.413112916289152,FilteredUDThetaAnalyticCellStressRoot,30,true,false,true,true,true,true,true,0.0003495610936298258,0.9985004487524091,0.4500000000000002,-5.907868094858388,3.110483039851826e-8,6.333255354979651e-8,oversampled filtered UD-theta L-BFGS with cosine-Newton polish,5.3671356248230495e-9,Polyorder.Successful(),8.544995725106245e-7,6.426540403673336e-7,0.1,0.09541121376612842,0.01,"Anderson(SD(0.1); m=10, warmup=100, αw=0.2)","VariableCell(BB(1.0), field_updater)",256,,,,0.16,,,,,,,cases/f0.45_chiN33/native_profiles.csv#model=bvk2,accepted,model_gates_pass,,2,12.0,ud-theta-spectral-adaptive-k-physical-sensor-filter-oversampled-v2
liu2019-stress-free-period-map-v2,stress_free_lamellar_observable,f0.45_chiN34,0.45,34.0,10.698,scft,SCFT,reference,4.611415749568439,4.611415749568439,0.0,0.0,0.0,1.0,1.0,0.0,false,,Polyorder.cell_solve!,367,true,false,true,true,true,true,true,0.0009297401509013098,0.9971648633228737,0.450000000000001,3.982136892732548,,,not_applicable,2.623193495455919e-6,Polyorder.Successful(),8.564474685211759e-7,6.825741891830673e-7,0.1,0.09607116144934248,0.01,"Anderson(SD(0.1); m=10, warmup=100, αw=0.2)","VariableCell(BB(1.0), field_updater)",48,,,,,,,,,,,cases/f0.45_chiN34/native_profiles.csv#model=scft,accepted,reference_gates_pass,,,,
liu2019-stress-free-period-map-v2,stress_free_lamellar_observable,f0.45_chiN34,0.45,34.0,10.698,liu2019_opf,OPF (force/stress mapped),per_state_force_stress_mapping,4.6553199982958215,4.611415749568439,0.009520774337358429,0.009520774337358429,0.02861047194999243,0.9957026817469128,0.9979278006540386,0.0,false,1.1695950508117678,StressRootBisection,49,true,false,true,true,true,true,true,-0.009455503826275247,0.9727152813916287,0.45,-0.3811042740822645,8.492946892687188e-7,3.1754179583703968e-6,mean-constrained Fourier nonlinear conjugate gradient,4.209167434350494e-8,Polyorder.Successful(),8.564474685211759e-7,6.825741891830673e-7,0.1,0.09607116144934248,0.01,"Anderson(SD(0.1); m=10, warmup=100, αw=0.2)","VariableCell(BB(1.0), field_updater)",128,,,,,-1.0,-0.23438439157310273,1.8968404400829897,0.025951594988173184,0.1611489425015531,0.048038453536715216,cases/f0.45_chiN34/native_profiles.csv#model=liu2019_opf,accepted,model_gates_pass,,,,
liu2019-stress-free-period-map-v2,stress_free_lamellar_observable,f0.45_chiN34,0.45,34.0,10.698,ohta_kawasaki,Ohta-Kawasaki (recomputed),liu2019_ok_asymptotic_quadratic_mapped_c3_c4,3.6657700057659564,4.611415749568439,-0.20506625191861771,0.20506625191861771,0.13905580637584478,0.8984860492542895,0.9979059568500569,0.0,false,1.0886088430881502,StressRootBisection,53,true,false,true,true,true,true,true,0.13000226338113546,0.8354111750019271,0.4500000000000001,-3.7251861865598315,5.090423958271392e-6,1.4037526961718783e-5,mean-constrained Fourier nonlinear conjugate gradient,8.471795641949034e-8,Polyorder.Successful(),8.564474685211759e-7,6.825741891830673e-7,0.1,0.09607116144934248,0.01,"Anderson(SD(0.1); m=10, warmup=100, αw=0.2)","VariableCell(BB(1.0), field_updater)",128,,,,,-30.335646277502086,-12.93010889066257,104.59913073113769,1.01010101010101,12.24364860728497,,cases/f0.45_chiN34/native_profiles.csv#model=ohta_kawasaki,accepted,model_gates_pass,,,,
liu2019-stress-free-period-map-v2,stress_free_lamellar_observable,f0.45_chiN34,0.45,34.0,10.698,uneyama_doi,Uneyama-Doi,not_applicable,3.7304986748553266,4.611415749568439,-0.19102963656997385,0.19102963656997385,0.019553538828928373,0.9979927650486798,0.9997199125694294,0.99609375,false,1.157303817976779,BootstrapLocal,32,true,false,true,true,true,true,true,0.017072698116730962,0.9825357350498042,0.44999999999944745,-4.192174796444586,9.636396218581198e-7,2.5115256557239896e-6,mean-constrained fused-spectral L-BFGS with profile continuation,,Polyorder.Successful(),8.564474685211759e-7,6.825741891830673e-7,0.1,0.09607116144934248,0.01,"Anderson(SD(0.1); m=10, warmup=100, αw=0.2)","VariableCell(BB(1.0), field_updater)",128,,,1,,,,,,,,cases/f0.45_chiN34/native_profiles.csv#model=uneyama_doi,accepted,model_gates_pass,,,,
liu2019-stress-free-period-map-v2,stress_free_lamellar_observable,f0.45_chiN34,0.45,34.0,10.698,burp_ti,BURP-TI,not_applicable,3.639128982339217,4.611415749568439,-0.21084344158737245,0.21084344158737245,0.014915793266657014,0.9988320071474192,0.9996702667988439,0.99609375,false,1.1289584134578083,BoundedKKTNewtonGMRES+AnalyticStressRoot,2,true,false,true,true,true,true,true,1.0000000000555111e-6,0.9999989999999978,0.44999999999999973,-5.312066052492254,0.00040387027738771227,0.0011687865040705958,bounded-KKT Newton-GMRES,2.6464054522422838e-5,Polyorder.Successful(),8.564474685211759e-7,6.825741891830673e-7,0.1,0.09607116144934248,0.01,"Anderson(SD(0.1); m=10, warmup=100, αw=0.2)","VariableCell(BB(1.0), field_updater)",128,64,256,1,,,,,,,,cases/f0.45_chiN34/native_profiles.csv#model=burp_ti,accepted,model_gates_pass,,,,
liu2019-stress-free-period-map-v2,stress_free_lamellar_observable,f0.45_chiN34,0.45,34.0,10.698,bvk2,BVK2,frozen_c2_evaluation,4.585688403271688,4.611415749568439,-0.005579055911226094,0.005579055911226094,0.008568660211618399,0.9996145347719606,0.9998074527429947,0.5,false,1.422607313314212,FilteredUDThetaAnalyticCellStressRoot,28,true,false,true,true,true,true,true,0.00027245607986528287,0.9987653897215286,0.45000000000000007,-6.303172308588133,2.8956206889122847e-11,9.771602260873771e-11,oversampled filtered UD-theta L-BFGS with cosine-Newton polish,5.320500928718275e-9,Polyorder.Successful(),8.564474685211759e-7,6.825741891830673e-7,0.1,0.09607116144934248,0.01,"Anderson(SD(0.1); m=10, warmup=100, αw=0.2)","VariableCell(BB(1.0), field_updater)",256,,,,0.16,,,,,,,cases/f0.45_chiN34/native_profiles.csv#model=bvk2,accepted,model_gates_pass,,2,12.0,ud-theta-spectral-adaptive-k-physical-sensor-filter-oversampled-v2
liu2019-stress-free-period-map-v2,stress_free_lamellar_observable,f0.45_chiN35,0.45,35.0,10.698,scft,SCFT,reference,4.642211290202453,4.642211290202453,0.0,0.0,0.0,1.0,1.0,0.0,false,,Polyorder.cell_solve!,60,true,false,true,true,true,true,true,0.000793486011776239,0.9975154253080153,0.4499999999999997,4.0378209393479185,,,not_applicable,5.80999964106983e-7,Polyorder.Successful(),5.937625376564591e-7,4.98497138617702e-7,0.1,0.0967127352125511,0.01,"Anderson(SD(0.1); m=10, warmup=100, αw=0.2)","VariableCell(BB(1.0), field_updater)",48,,,,,,,,,,,cases/f0.45_chiN35/native_profiles.csv#model=scft,accepted,reference_gates_pass,,,,
liu2019-stress-free-period-map-v2,stress_free_lamellar_observable,f0.45_chiN35,0.45,35.0,10.698,liu2019_opf,OPF (force/stress mapped),per_state_force_stress_mapping,4.6888377661865315,4.642211290202453,0.010044022787692786,0.010044022787692786,0.02834795065784546,0.9958125351280833,0.997982634419587,0.0,false,1.1764243125915526,StressRootBisection,49,true,false,true,true,true,true,true,-0.009907604116402458,0.9732231896851105,0.45,-0.3891694496956691,7.284999025910803e-7,2.636827443863732e-6,mean-constrained Fourier nonlinear conjugate gradient,2.759795953609298e-9,Polyorder.Successful(),5.937625376564591e-7,4.98497138617702e-7,0.1,0.0967127352125511,0.01,"Anderson(SD(0.1); m=10, warmup=100, αw=0.2)","VariableCell(BB(1.0), field_updater)",128,,,,,-1.0,-0.23556891521288797,1.9010276552025265,0.024973303127243322,0.15423772174628625,0.048117681692747084,cases/f0.45_chiN35/native_profiles.csv#model=liu2019_opf,accepted,model_gates_pass,,,,
liu2019-stress-free-period-map-v2,stress_free_lamellar_observable,f0.45_chiN35,0.45,35.0,10.698,ohta_kawasaki,Ohta-Kawasaki (recomputed),liu2019_ok_asymptotic_quadratic_mapped_c3_c4,3.6800414157210444,4.642211290202453,-0.20726542036380402,0.20726542036380402,0.14009402206064894,0.8977302843643945,0.9980077139335884,0.0,false,1.092846965789795,StressRootBisection,49,true,false,true,true,true,true,true,0.13088488044124308,0.834777959662576,0.45000000000000007,-3.912759038672696,8.50207782551415e-6,1.8944766566608706e-5,mean-constrained Fourier nonlinear conjugate gradient,6.544437524068094e-8,Polyorder.Successful(),5.937625376564591e-7,4.98497138617702e-7,0.1,0.0967127352125511,0.01,"Anderson(SD(0.1); m=10, warmup=100, αw=0.2)","VariableCell(BB(1.0), field_updater)",128,,,,,-31.335646277502086,-13.53871616353741,109.15507018307494,1.01010101010101,12.24364860728497,,cases/f0.45_chiN35/native_profiles.csv#model=ohta_kawasaki,accepted,model_gates_pass,,,,
liu2019-stress-free-period-map-v2,stress_free_lamellar_observable,f0.45_chiN35,0.45,35.0,10.698,uneyama_doi,Uneyama-Doi,not_applicable,3.744430294322747,4.642211290202453,-0.19339511705865342,0.19339511705865342,0.017765640790719482,0.998355364751736,0.9998289063371751,0.99609375,false,1.1616257914729553,BootstrapLocal,32,true,false,true,true,true,true,true,0.016071097923837683,0.9837268654831214,0.44999999999991847,-4.478825374417549,6.5053477008749e-7,2.2907624906143287e-6,mean-constrained fused-spectral L-BFGS with profile continuation,,Polyorder.Successful(),5.937625376564591e-7,4.98497138617702e-7,0.1,0.0967127352125511,0.01,"Anderson(SD(0.1); m=10, warmup=100, αw=0.2)","VariableCell(BB(1.0), field_updater)",128,,,1,,,,,,,,cases/f0.45_chiN35/native_profiles.csv#model=uneyama_doi,accepted,model_gates_pass,,,,
liu2019-stress-free-period-map-v2,stress_free_lamellar_observable,f0.45_chiN35,0.45,35.0,10.698,burp_ti,BURP-TI,not_applicable,3.6605102602038055,4.642211290202453,-0.2114727160460277,0.2114727160460277,0.013356383832780686,0.9990704224579092,0.9997757699041072,0.99609375,false,1.1355914769333961,BoundedKKTNewtonGMRES+AnalyticStressRoot,2,true,false,true,true,true,true,true,1.0e-6,0.999998999999998,0.4499999999999998,-5.641849367523676,0.00047486040833448056,0.0012775427903939374,bounded-KKT Newton-GMRES,2.7449024642226076e-5,Polyorder.Successful(),5.937625376564591e-7,4.98497138617702e-7,0.1,0.0967127352125511,0.01,"Anderson(SD(0.1); m=10, warmup=100, αw=0.2)","VariableCell(BB(1.0), field_updater)",128,64,256,1,,,,,,,,cases/f0.45_chiN35/native_profiles.csv#model=burp_ti,accepted,model_gates_pass,,,,
liu2019-stress-free-period-map-v2,stress_free_lamellar_observable,f0.45_chiN35,0.45,35.0,10.698,bvk2,BVK2,frozen_c2_evaluation,4.615441742985909,4.642211290202453,-0.005766550797255188,0.005766550797255188,0.008593930196654262,0.999615138834727,0.999807665263341,0.498046875,false,1.4318376218198607,FilteredUDThetaAnalyticCellStressRoot,28,true,false,true,true,true,true,true,0.00021276790109218862,0.9989816965839761,0.44999999999999996,-6.704647084221353,1.5351732699462868e-11,5.220144550736472e-11,oversampled filtered UD-theta L-BFGS with cosine-Newton polish,1.5552004128949193e-12,Polyorder.Successful(),5.937625376564591e-7,4.98497138617702e-7,0.1,0.0967127352125511,0.01,"Anderson(SD(0.1); m=10, warmup=100, αw=0.2)","VariableCell(BB(1.0), field_updater)",256,,,,0.16,,,,,,,cases/f0.45_chiN35/native_profiles.csv#model=bvk2,accepted,model_gates_pass,,2,12.0,ud-theta-spectral-adaptive-k-physical-sensor-filter-oversampled-v2
liu2019-stress-free-period-map-v2,stress_free_lamellar_observable,f0.4_chiN12,0.4,12.0,11.344,scft,SCFT,reference,3.3076075303697343,3.3076075303697343,0.0,0.0,0.0,1.0,1.0,0.0,false,,Polyorder.cell_solve!,23,true,false,true,true,true,true,true,0.1902497881880919,0.6503952266706683,0.4000000000000004,1.8707572052278465,,,not_applicable,1.6655181077969923e-8,Polyorder.Successful(),1.9856200096306164e-7,7.355558790690237e-8,0.1,0.09187798695471484,0.01,"Anderson(SD(0.1); m=10, warmup=100, αw=0.2)","VariableCell(BB(1.0), field_updater)",36,,,,,,,,,,,cases/f0.4_chiN12/native_profiles.csv#model=scft,accepted,reference_gates_pass,,,,
liu2019-stress-free-period-map-v2,stress_free_lamellar_observable,f0.4_chiN12,0.4,12.0,11.344,liu2019_opf,OPF (force/stress mapped),per_state_force_stress_mapping,3.2819848654368124,3.3076075303697343,-0.00774658562047037,0.00774658562047037,0.009926477253053664,0.9963605077335103,0.9985957748696478,0.0,false,1.0019476890563968,StressRootBisection,50,true,false,true,true,true,true,true,0.17371448417378058,0.6436011207063532,0.39999999999999997,-0.007573706779423296,1.2196644637955404e-6,3.6810653410851435e-6,mean-constrained Fourier nonlinear conjugate gradient,5.595348593119358e-9,Polyorder.Successful(),1.9856200096306164e-7,7.355558790690237e-8,0.1,0.09187798695471484,0.01,"Anderson(SD(0.1); m=10, warmup=100, αw=0.2)","VariableCell(BB(1.0), field_updater)",128,,,,,-1.0,-0.2376349103668953,1.95596001400819,0.11386858117098406,1.5415488030654692,0.02340224504800995,cases/f0.4_chiN12/native_profiles.csv#model=liu2019_opf,accepted,model_gates_pass,,,,
liu2019-stress-free-period-map-v2,stress_free_lamellar_observable,f0.4_chiN12,0.4,12.0,11.344,ohta_kawasaki,Ohta-Kawasaki (recomputed),liu2019_ok_asymptotic_quadratic_mapped_c3_c4,3.3438777897539684,3.3076075303697343,0.010965708310677336,0.010965708310677336,0.031797676114259356,0.9626542435862405,0.9978363099420049,0.0,false,1.0006864786148069,StressRootBisection,52,true,false,true,true,true,true,true,0.2161405765333794,0.592885363385756,0.40000000000000013,-0.01974591712663118,5.512580662694547e-6,1.3471011790375242e-5,mean-constrained Fourier nonlinear conjugate gradient,8.377679055029464e-8,Polyorder.Successful(),1.9856200096306164e-7,7.355558790690237e-8,0.1,0.09187798695471484,0.01,"Anderson(SD(0.1); m=10, warmup=100, αw=0.2)","VariableCell(BB(1.0), field_updater)",128,,,,,-8.021727022714686,-1.5383475951837091,12.40806711686371,1.0416666666666667,13.02083333333333,,cases/f0.4_chiN12/native_profiles.csv#model=ohta_kawasaki,accepted,model_gates_pass,,,,
liu2019-stress-free-period-map-v2,stress_free_lamellar_observable,f0.4_chiN12,0.4,12.0,11.344,uneyama_doi,Uneyama-Doi,not_applicable,NaN,3.3076075303697343,NaN,NaN,NaN,NaN,NaN,NaN,false,NaN,failed,,false,false,false,false,true,false,false,NaN,NaN,NaN,NaN,NaN,NaN,mean-constrained fused-spectral L-BFGS with profile continuation,,Polyorder.Successful(),1.9856200096306164e-7,7.355558790690237e-8,0.1,0.09187798695471484,0.01,"Anderson(SD(0.1); m=10, warmup=100, αw=0.2)","VariableCell(BB(1.0), field_updater)",,,,,,,,,,,,,rejected,solver_failure,all bootstrap-local Uneyama-Doi evaluations failed,,,
liu2019-stress-free-period-map-v2,stress_free_lamellar_observable,f0.4_chiN12,0.4,12.0,11.344,burp_ti,BURP-TI,not_applicable,3.2090424925894787,3.3076075303697343,-0.029799496123785185,0.029799496123785185,0.011377312555062143,0.9952188774506258,0.9988778016868572,0.99609375,false,1.0012618928819785,BoundedKKTNewtonGMRES+AnalyticStressRoot,0,true,false,true,true,true,true,true,0.19115997137922028,0.6272822640305423,0.4,-0.010773725409968515,0.0004915139061383746,0.000692248068640211,bounded-KKT Newton-GMRES,2.56371312742799e-5,Polyorder.Successful(),1.9856200096306164e-7,7.355558790690237e-8,0.1,0.09187798695471484,0.01,"Anderson(SD(0.1); m=10, warmup=100, αw=0.2)","VariableCell(BB(1.0), field_updater)",128,64,256,1,,,,,,,,cases/f0.4_chiN12/native_profiles.csv#model=burp_ti,accepted,model_gates_pass,,,,
liu2019-stress-free-period-map-v2,stress_free_lamellar_observable,f0.4_chiN12,0.4,12.0,11.344,bvk2,BVK2,frozen_c2_evaluation,3.4163515326769103,3.3076075303697343,0.03287693636826994,0.03287693636826994,0.02249557479522717,0.9813084924158462,0.9998230394992179,0.998046875,false,1.0659449384847783,FilteredUDThetaAnalyticCellStressRoot,14,true,false,true,true,true,true,true,0.21461092790958394,0.6145340716267919,0.4000000000000001,-0.008919597161667542,8.166482949516637e-12,2.061752270094477e-11,oversampled filtered UD-theta L-BFGS with cosine-Newton polish,5.672044278703936e-9,Polyorder.Successful(),1.9856200096306164e-7,7.355558790690237e-8,0.1,0.09187798695471484,0.01,"Anderson(SD(0.1); m=10, warmup=100, αw=0.2)","VariableCell(BB(1.0), field_updater)",256,,,,0.16,,,,,,,cases/f0.4_chiN12/native_profiles.csv#model=bvk2,accepted,model_gates_pass,,2,12.0,ud-theta-spectral-adaptive-k-physical-sensor-filter-oversampled-v2
liu2019-stress-free-period-map-v2,stress_free_lamellar_observable,f0.4_chiN13,0.4,13.0,11.344,scft,SCFT,reference,3.4403697192303255,3.4403697192303255,0.0,0.0,0.0,1.0,1.0,0.0,false,,Polyorder.cell_solve!,24,true,false,true,true,true,true,true,0.11177066402901327,0.7711712412801021,0.3999999999999997,2.0673604950563305,,,not_applicable,9.250862520674389e-7,Polyorder.Successful(),1.0701936001898963e-7,5.045118120265297e-8,0.1,0.09556582553417571,0.01,"Anderson(SD(0.1); m=10, warmup=100, αw=0.2)","VariableCell(BB(1.0), field_updater)",36,,,,,,,,,,,cases/f0.4_chiN13/native_profiles.csv#model=scft,accepted,reference_gates_pass,,,,
liu2019-stress-free-period-map-v2,stress_free_lamellar_observable,f0.4_chiN13,0.4,13.0,11.344,liu2019_opf,OPF (force/stress mapped),per_state_force_stress_mapping,3.398248500782979,3.4403697192303255,-0.01224322438716563,0.01224322438716563,0.01811707915145987,0.9943181460938997,0.9975774531327554,0.0,false,1.0072318553924557,StressRootBisection,73,true,false,true,true,true,true,true,0.08578489922136984,0.755877607851027,0.4,-0.03278076656789644,1.0833704555897917e-6,3.020830872904612e-6,mean-constrained Fourier nonlinear conjugate gradient,4.5049068159301616e-8,Polyorder.Successful(),1.0701936001898963e-7,5.045118120265297e-8,0.1,0.09556582553417571,0.01,"Anderson(SD(0.1); m=10, warmup=100, αw=0.2)","VariableCell(BB(1.0), field_updater)",128,,,,,-1.0,-0.2836919194972052,1.8593947174561445,0.09815090659974711,1.1806225211457768,0.042506040995893384,cases/f0.4_chiN13/native_profiles.csv#model=liu2019_opf,accepted,model_gates_pass,,,,
liu2019-stress-free-period-map-v2,stress_free_lamellar_observable,f0.4_chiN13,0.4,13.0,11.344,ohta_kawasaki,Ohta-Kawasaki (recomputed),liu2019_ok_asymptotic_quadratic_mapped_c3_c4,3.3516951669084327,3.4403697192303255,-0.025774715963297945,0.025774715963297945,0.05379065527107562,0.9499127290933823,0.9964632966375168,0.0,false,1.0030259013175966,StressRootBisection,53,true,false,true,true,true,true,true,0.14970882113368456,0.6753327427067797,0.4000000000000001,-0.09948715894708948,6.236199109267576e-6,1.617182357505076e-5,mean-constrained Fourier nonlinear conjugate gradient,5.306830476387858e-8,Polyorder.Successful(),1.0701936001898963e-7,5.045118120265297e-8,0.1,0.09556582553417571,0.01,"Anderson(SD(0.1); m=10, warmup=100, αw=0.2)","VariableCell(BB(1.0), field_updater)",128,,,,,-9.021727022714686,-2.4826093364334065,16.050260898312125,1.0416666666666667,13.02083333333333,,cases/f0.4_chiN13/native_profiles.csv#model=ohta_kawasaki,accepted,model_gates_pass,,,,
liu2019-stress-free-period-map-v2,stress_free_lamellar_observable,f0.4_chiN13,0.4,13.0,11.344,uneyama_doi,Uneyama-Doi,not_applicable,3.3669016165474095,3.4403697192303255,-0.021354711463787757,0.021354711463787757,0.12758446838006385,0.7182205506881459,0.9988999874738003,0.99609375,false,1.0505159384821245,BootstrapLocal,24,true,false,true,true,true,true,true,0.2556603499380572,0.5722945373523065,0.40000000000087604,-0.004396984151319339,8.517101611785582e-7,2.4737224864068708e-6,mean-constrained fused-spectral L-BFGS with profile continuation,,Polyorder.Successful(),1.0701936001898963e-7,5.045118120265297e-8,0.1,0.09556582553417571,0.01,"Anderson(SD(0.1); m=10, warmup=100, αw=0.2)","VariableCell(BB(1.0), field_updater)",128,,,1,,,,,,,,cases/f0.4_chiN13/native_profiles.csv#model=uneyama_doi,accepted,model_gates_pass,,,,
liu2019-stress-free-period-map-v2,stress_free_lamellar_observable,f0.4_chiN13,0.4,13.0,11.344,burp_ti,BURP-TI,not_applicable,3.2184658295771973,3.4403697192303255,-0.06450001242970249,0.06450001242970249,0.01589155363796008,0.9956283396213111,0.9983206856073912,0.99609375,false,1.0042020933471878,BoundedKKTNewtonGMRES+AnalyticStressRoot,0,true,false,true,true,true,true,true,0.10437622527202249,0.7424974935784346,0.39999999999999974,-0.06307657883564577,0.0004930069413000648,0.0007652704857665782,bounded-KKT Newton-GMRES,2.0828251175032106e-5,Polyorder.Successful(),1.0701936001898963e-7,5.045118120265297e-8,0.1,0.09556582553417571,0.01,"Anderson(SD(0.1); m=10, warmup=100, αw=0.2)","VariableCell(BB(1.0), field_updater)",128,64,256,1,,,,,,,,cases/f0.4_chiN13/native_profiles.csv#model=burp_ti,accepted,model_gates_pass,,,,
liu2019-stress-free-period-map-v2,stress_free_lamellar_observable,f0.4_chiN13,0.4,13.0,11.344,bvk2,BVK2,frozen_c2_evaluation,3.518659205617098,3.4403697192303255,0.022756125874833888,0.022756125874833888,0.022151157319039622,0.9915061445190547,0.9996494613105583,0.998046875,false,1.097866227935135,FilteredUDThetaAnalyticCellStressRoot,15,true,false,true,true,true,true,true,0.12924088998727978,0.73667520178058,0.4,-0.05888654409997229,1.2891592164444787e-11,3.928734507742872e-11,oversampled filtered UD-theta L-BFGS with cosine-Newton polish,1.4704903961160198e-13,Polyorder.Successful(),1.0701936001898963e-7,5.045118120265297e-8,0.1,0.09556582553417571,0.01,"Anderson(SD(0.1); m=10, warmup=100, αw=0.2)","VariableCell(BB(1.0), field_updater)",256,,,,0.16,,,,,,,cases/f0.4_chiN13/native_profiles.csv#model=bvk2,accepted,model_gates_pass,,2,12.0,ud-theta-spectral-adaptive-k-physical-sensor-filter-oversampled-v2
liu2019-stress-free-period-map-v2,stress_free_lamellar_observable,f0.4_chiN14,0.4,14.0,11.344,scft,SCFT,reference,3.5529255420842136,3.5529255420842136,0.0,0.0,0.0,1.0,1.0,0.0,false,,Polyorder.cell_solve!,17,true,false,true,true,true,true,true,0.07358231299372303,0.8371594690864657,0.4000000000000001,2.2375881193014693,,,not_applicable,5.864417831816595e-8,Polyorder.Successful(),6.120520030250502e-7,3.531636528640967e-7,0.1,0.09869237616900593,0.01,"Anderson(SD(0.1); m=10, warmup=100, αw=0.2)","VariableCell(BB(1.0), field_updater)",36,,,,,,,,,,,cases/f0.4_chiN14/native_profiles.csv#model=scft,accepted,reference_gates_pass,,,,
liu2019-stress-free-period-map-v2,stress_free_lamellar_observable,f0.4_chiN14,0.4,14.0,11.344,liu2019_opf,OPF (force/stress mapped),per_state_force_stress_mapping,3.502400347946753,3.5529255420842136,-0.014220729801115328,0.014220729801115328,0.02315400508184543,0.993310656308461,0.9970725540151306,0.0,false,1.0140110492706298,StressRootBisection,73,true,false,true,true,true,true,true,0.044099006315940215,0.8170781958850195,0.4,-0.06200239254759375,9.16482364900938e-7,2.786601141530065e-6,mean-constrained Fourier nonlinear conjugate gradient,1.9201144795861103e-8,Polyorder.Successful(),6.120520030250502e-7,3.531636528640967e-7,0.1,0.09869237616900593,0.01,"Anderson(SD(0.1); m=10, warmup=100, αw=0.2)","VariableCell(BB(1.0), field_updater)",128,,,,,-1.0,-0.31510331280636006,1.8212747198847972,0.0870878392873796,0.9536402851008905,0.05265571727706508,cases/f0.4_chiN14/native_profiles.csv#model=liu2019_opf,accepted,model_gates_pass,,,,
liu2019-stress-free-period-map-v2,stress_free_lamellar_observable,f0.4_chiN14,0.4,14.0,11.344,ohta_kawasaki,Ohta-Kawasaki (recomputed),liu2019_ok_asymptotic_quadratic_mapped_c3_c4,3.363124264326607,3.5529255420842136,-0.05342112450976544,0.05342112450976544,0.06806831028838173,0.9421875730386434,0.9960709477842709,0.0,false,1.00644616484642,StressRootBisection,76,true,false,true,true,true,true,true,0.12058891203049676,0.719727039185683,0.4000000000000001,-0.21281586447720802,5.0861898041078455e-6,1.0894584042686617e-5,mean-constrained Fourier nonlinear conjugate gradient,4.554783984172993e-8,Polyorder.Successful(),6.120520030250502e-7,3.531636528640967e-7,0.1,0.09869237616900593,0.01,"Anderson(SD(0.1); m=10, warmup=100, αw=0.2)","VariableCell(BB(1.0), field_updater)",128,,,,,-10.021727022714686,-3.4374890776831033,19.728953499760546,1.0416666666666667,13.02083333333333,,cases/f0.4_chiN14/native_profiles.csv#model=ohta_kawasaki,accepted,model_gates_pass,,,,
liu2019-stress-free-period-map-v2,stress_free_lamellar_observable,f0.4_chiN14,0.4,14.0,11.344,uneyama_doi,Uneyama-Doi,not_applicable,3.4049776323116445,3.5529255420842136,-0.04164115122034895,0.04164115122034895,0.09641794743432612,0.8840029284097527,0.9996665665121578,0.99609375,false,1.062396137546344,BootstrapLocal,24,true,false,true,true,true,true,true,0.17820204609805182,0.6926985048612945,0.4000000000007329,-0.03812216000285357,9.379610012555005e-7,2.290226077006352e-6,mean-constrained fused-spectral L-BFGS with profile continuation,,Polyorder.Successful(),6.120520030250502e-7,3.531636528640967e-7,0.1,0.09869237616900593,0.01,"Anderson(SD(0.1); m=10, warmup=100, αw=0.2)","VariableCell(BB(1.0), field_updater)",128,,,1,,,,,,,,cases/f0.4_chiN14/native_profiles.csv#model=uneyama_doi,accepted,model_gates_pass,,,,
liu2019-stress-free-period-map-v2,stress_free_lamellar_observable,f0.4_chiN14,0.4,14.0,11.344,burp_ti,BURP-TI,not_applicable,3.2319873946390407,3.5529255420842136,-0.09033067077924306,0.09033067077924306,0.01676500332555258,0.9964929775225297,0.9984140621689301,0.99609375,false,1.0084209928662227,BoundedKKTNewtonGMRES+AnalyticStressRoot,1,true,false,true,true,true,true,true,0.06199552829680089,0.812116999995991,0.4,-0.15033070007635163,0.0004829626303649699,0.0007687441653425608,bounded-KKT Newton-GMRES,5.346684940935913e-6,Polyorder.Successful(),6.120520030250502e-7,3.531636528640967e-7,0.1,0.09869237616900593,0.01,"Anderson(SD(0.1); m=10, warmup=100, αw=0.2)","VariableCell(BB(1.0), field_updater)",128,64,256,1,,,,,,,,cases/f0.4_chiN14/native_profiles.csv#model=burp_ti,accepted,model_gates_pass,,,,
liu2019-stress-free-period-map-v2,stress_free_lamellar_observable,f0.4_chiN14,0.4,14.0,11.344,bvk2,BVK2,frozen_c2_evaluation,3.6075020395183763,3.5529255420842136,0.015361002302949123,0.015361002302949123,0.01965041366224017,0.995181944333169,0.9995649372043877,0.998046875,false,1.1255863171039178,FilteredUDThetaAnalyticCellStressRoot,17,true,false,true,true,true,true,true,0.08464091989210222,0.8089213131370492,0.4000000000000002,-0.14810160674247824,1.0109581203267756e-11,3.438868037272684e-11,oversampled filtered UD-theta L-BFGS with cosine-Newton polish,1.3746781490908688e-12,Polyorder.Successful(),6.120520030250502e-7,3.531636528640967e-7,0.1,0.09869237616900593,0.01,"Anderson(SD(0.1); m=10, warmup=100, αw=0.2)","VariableCell(BB(1.0), field_updater)",256,,,,0.16,,,,,,,cases/f0.4_chiN14/native_profiles.csv#model=bvk2,accepted,model_gates_pass,,2,12.0,ud-theta-spectral-adaptive-k-physical-sensor-filter-oversampled-v2
liu2019-stress-free-period-map-v2,stress_free_lamellar_observable,f0.4_chiN15,0.4,15.0,11.344,scft,SCFT,reference,3.650909027529119,3.650909027529119,0.0,0.0,0.0,1.0,1.0,0.0,false,,Polyorder.cell_solve!,18,true,false,true,true,true,true,true,0.051057798350937385,0.8787983564732691,0.4,2.3882216619564227,,,not_applicable,1.3318282745783846e-6,Polyorder.Successful(),9.964206305150591e-7,6.354797871753077e-7,0.1,0.10141413965358664,0.01,"Anderson(SD(0.1); m=10, warmup=100, αw=0.2)","VariableCell(BB(1.0), field_updater)",36,,,,,,,,,,,cases/f0.4_chiN15/native_profiles.csv#model=scft,accepted,reference_gates_pass,,,,
liu2019-stress-free-period-map-v2,stress_free_lamellar_observable,f0.4_chiN15,0.4,15.0,11.344,liu2019_opf,OPF (force/stress mapped),per_state_force_stress_mapping,3.5963315050530964,3.650909027529119,-0.014949022850059834,0.014949022850059834,0.026665193108143886,0.9926755997180142,0.996755766734353,0.0,false,1.0216213703155514,StressRootBisection,73,true,false,true,true,true,true,true,0.02054514738196367,0.8557012127971582,0.4,-0.09067489994539969,7.346659960125324e-7,2.6603118155124617e-6,mean-constrained Fourier nonlinear conjugate gradient,5.407501545870338e-8,Polyorder.Successful(),9.964206305150591e-7,6.354797871753077e-7,0.1,0.10141413965358664,0.01,"Anderson(SD(0.1); m=10, warmup=100, αw=0.2)","VariableCell(BB(1.0), field_updater)",128,,,,,-1.0,-0.33839919883905617,1.807030670874857,0.07859224357227863,0.7976643187714452,0.05865791334825122,cases/f0.4_chiN15/native_profiles.csv#model=liu2019_opf,accepted,model_gates_pass,,,,
liu2019-stress-free-period-map-v2,stress_free_lamellar_observable,f0.4_chiN15,0.4,15.0,11.344,ohta_kawasaki,Ohta-Kawasaki (recomputed),liu2019_ok_asymptotic_quadratic_mapped_c3_c4,3.3768262150062776,3.650909027529119,-0.07507248481300466,0.07507248481300466,0.07805960263194048,0.9372324356313166,0.9960469428069706,0.0,false,1.0105466008186337,StressRootBisection,75,true,false,true,true,true,true,true,0.10537345147442195,0.7484186845912004,0.4000000000000001,-0.346469525302297,5.3799361615866475e-6,1.3573168780700584e-5,mean-constrained Fourier nonlinear conjugate gradient,5.074440361311733e-8,Polyorder.Successful(),9.964206305150591e-7,6.354797871753077e-7,0.1,0.10141413965358664,0.01,"Anderson(SD(0.1); m=10, warmup=100, αw=0.2)","VariableCell(BB(1.0), field_updater)",128,,,,,-11.021727022714686,-4.402986818932801,23.444144921208956,1.0416666666666667,13.02083333333333,,cases/f0.4_chiN15/native_profiles.csv#model=ohta_kawasaki,accepted,model_gates_pass,,,,
liu2019-stress-free-period-map-v2,stress_free_lamellar_observable,f0.4_chiN15,0.4,15.0,11.344,uneyama_doi,Uneyama-Doi,not_applicable,3.435724095607205,3.650909027529119,-0.05894009691814972,0.05894009691814972,0.08135125614393003,0.9318272001399355,0.9997271074218675,0.99609375,false,1.071989423428295,BootstrapLocal,24,true,false,true,true,true,true,true,0.13830162213186542,0.7627772379506238,0.39999999999957697,-0.1006102440989145,8.896538808585187e-7,2.477872644846002e-6,mean-constrained fused-spectral L-BFGS with profile continuation,,Polyorder.Successful(),9.964206305150591e-7,6.354797871753077e-7,0.1,0.10141413965358664,0.01,"Anderson(SD(0.1); m=10, warmup=100, αw=0.2)","VariableCell(BB(1.0), field_updater)",128,,,1,,,,,,,,cases/f0.4_chiN15/native_profiles.csv#model=uneyama_doi,accepted,model_gates_pass,,,,
liu2019-stress-free-period-map-v2,stress_free_lamellar_observable,f0.4_chiN15,0.4,15.0,11.344,burp_ti,BURP-TI,not_applicable,3.2490071572127377,3.650909027529119,-0.11008268551363565,0.11008268551363565,0.015984033580496,0.9973681849209165,0.9987164758611129,0.99609375,false,1.0137313743056378,BoundedKKTNewtonGMRES+AnalyticStressRoot,1,true,false,true,true,true,true,true,0.03845969405280177,0.8605125106633482,0.40000000000000013,-0.26581397166336607,0.0004483176138321862,0.000902067337466228,bounded-KKT Newton-GMRES,2.2361094006052378e-5,Polyorder.Successful(),9.964206305150591e-7,6.354797871753077e-7,0.1,0.10141413965358664,0.01,"Anderson(SD(0.1); m=10, warmup=100, αw=0.2)","VariableCell(BB(1.0), field_updater)",128,64,256,1,,,,,,,,cases/f0.4_chiN15/native_profiles.csv#model=burp_ti,accepted,model_gates_pass,,,,
liu2019-stress-free-period-map-v2,stress_free_lamellar_observable,f0.4_chiN15,0.4,15.0,11.344,bvk2,BVK2,frozen_c2_evaluation,3.6873732196277373,3.650909027529119,0.009987702192430836,0.009987702192430836,0.01715937754055846,0.9969669339766634,0.9995350614699207,0.498046875,false,1.1505071366841173,FilteredUDThetaAnalyticCellStressRoot,19,true,false,true,true,true,true,true,0.05754402659007938,0.8570741277823938,0.3999999999999999,-0.2712637578007311,1.744026786562527e-11,6.208961260833603e-11,oversampled filtered UD-theta L-BFGS with cosine-Newton polish,1.4093171074591737e-12,Polyorder.Successful(),9.964206305150591e-7,6.354797871753077e-7,0.1,0.10141413965358664,0.01,"Anderson(SD(0.1); m=10, warmup=100, αw=0.2)","VariableCell(BB(1.0), field_updater)",256,,,,0.16,,,,,,,cases/f0.4_chiN15/native_profiles.csv#model=bvk2,accepted,model_gates_pass,,2,12.0,ud-theta-spectral-adaptive-k-physical-sensor-filter-oversampled-v2
liu2019-stress-free-period-map-v2,stress_free_lamellar_observable,f0.4_chiN16,0.4,16.0,11.344,scft,SCFT,reference,3.737884264736159,3.737884264736159,0.0,0.0,0.0,1.0,1.0,0.0,false,,Polyorder.cell_solve!,23,true,false,true,true,true,true,true,0.036582005214149824,0.9069492728015863,0.39999999999999925,2.5237989683521893,,,not_applicable,3.04898032796493e-6,Polyorder.Successful(),9.953062710966617e-7,6.4195213068825e-7,0.1,0.1038301184648933,0.01,"Anderson(SD(0.1); m=10, warmup=100, αw=0.2)","VariableCell(BB(1.0), field_updater)",36,,,,,,,,,,,cases/f0.4_chiN16/native_profiles.csv#model=scft,accepted,reference_gates_pass,,,,
liu2019-stress-free-period-map-v2,stress_free_lamellar_observable,f0.4_chiN16,0.4,16.0,11.344,liu2019_opf,OPF (force/stress mapped),per_state_force_stress_mapping,3.6817499744612077,3.737884264736159,-0.015017664084608473,0.015017664084608473,0.02936688358097869,0.9921800398126819,0.99651131107733,0.0,false,1.0297223567962643,StressRootBisection,73,true,false,true,true,true,true,true,0.006120158348006444,0.8816919918358057,0.4,-0.11745061757178495,7.048399978327795e-7,1.9400377784528633e-6,mean-constrained Fourier nonlinear conjugate gradient,8.4108171318237e-8,Polyorder.Successful(),9.953062710966617e-7,6.4195213068825e-7,0.1,0.1038301184648933,0.01,"Anderson(SD(0.1); m=10, warmup=100, αw=0.2)","VariableCell(BB(1.0), field_updater)",128,,,,,-1.0,-0.35668269211045356,1.8043336001846575,0.07174419064984344,0.6841787988434608,0.06249627572689831,cases/f0.4_chiN16/native_profiles.csv#model=liu2019_opf,accepted,model_gates_pass,,,,
liu2019-stress-free-period-map-v2,stress_free_lamellar_observable,f0.4_chiN16,0.4,16.0,11.344,ohta_kawasaki,Ohta-Kawasaki (recomputed),liu2019_ok_asymptotic_quadratic_mapped_c3_c4,3.3919611423649862,3.737884264736159,-0.0925451666962166,0.0925451666962166,0.08539245687189934,0.9338807624338985,0.9961538580386179,0.0,false,1.015075868368149,StressRootBisection,76,true,false,true,true,true,true,true,0.09688533678998779,0.76849051609777,0.4,-0.49399137289885875,6.489406830535608e-6,2.054363820613858e-5,mean-constrained Fourier nonlinear conjugate gradient,3.832625353515032e-8,Polyorder.Successful(),9.953062710966617e-7,6.4195213068825e-7,0.1,0.1038301184648933,0.01,"Anderson(SD(0.1); m=10, warmup=100, αw=0.2)","VariableCell(BB(1.0), field_updater)",128,,,,,-12.021727022714686,-5.379102560182498,27.195835162657374,1.0416666666666667,13.02083333333333,,cases/f0.4_chiN16/native_profiles.csv#model=ohta_kawasaki,accepted,model_gates_pass,,,,
liu2019-stress-free-period-map-v2,stress_free_lamellar_observable,f0.4_chiN16,0.4,16.0,11.344,uneyama_doi,Uneyama-Doi,not_applicable,3.4620227970481667,3.737884264736159,-0.07380150056825374,0.07380150056825374,0.07105528279712486,0.9542193912323956,0.9997050011885331,0.99609375,false,1.0801949512908653,BootstrapLocal,28,true,false,true,true,true,true,true,0.11244085694654457,0.8105021895681243,0.4000000000005362,-0.1875277549300165,9.168522799891124e-7,2.2659601826013898e-6,mean-constrained fused-spectral L-BFGS with profile continuation,,Polyorder.Successful(),9.953062710966617e-7,6.4195213068825e-7,0.1,0.1038301184648933,0.01,"Anderson(SD(0.1); m=10, warmup=100, αw=0.2)","VariableCell(BB(1.0), field_updater)",128,,,1,,,,,,,,cases/f0.4_chiN16/native_profiles.csv#model=uneyama_doi,accepted,model_gates_pass,,,,
liu2019-stress-free-period-map-v2,stress_free_lamellar_observable,f0.4_chiN16,0.4,16.0,11.344,burp_ti,BURP-TI,not_applicable,3.2686227323267443,3.737884264736159,-0.12554201766932926,0.12554201766932926,0.014630486883712367,0.9980590856224297,0.9990290823101903,0.99609375,false,1.0198516821276669,BoundedKKTNewtonGMRES+AnalyticStressRoot,1,true,false,true,true,true,true,true,0.0247754766287613,0.8960053693002915,0.4,-0.40477010764388544,0.0004981225108086286,0.0008847908649256553,bounded-KKT Newton-GMRES,4.694227838112911e-5,Polyorder.Successful(),9.953062710966617e-7,6.4195213068825e-7,0.1,0.1038301184648933,0.01,"Anderson(SD(0.1); m=10, warmup=100, αw=0.2)","VariableCell(BB(1.0), field_updater)",128,64,256,1,,,,,,,,cases/f0.4_chiN16/native_profiles.csv#model=burp_ti,accepted,model_gates_pass,,,,
liu2019-stress-free-period-map-v2,stress_free_lamellar_observable,f0.4_chiN16,0.4,16.0,11.344,bvk2,BVK2,frozen_c2_evaluation,3.760553338180169,3.737884264736159,0.006064680401657752,0.006064680401657752,0.015141504511234234,0.9979211539264405,0.9995332949084375,0.498046875,false,1.173340260331542,FilteredUDThetaAnalyticCellStressRoot,19,true,false,true,true,true,true,true,0.04001391238396615,0.8908627281959163,0.3999999999999999,-0.42376646294826315,1.2863839040568003e-11,3.8140589635810485e-11,oversampled filtered UD-theta L-BFGS with cosine-Newton polish,4.773959005888173e-15,Polyorder.Successful(),9.953062710966617e-7,6.4195213068825e-7,0.1,0.1038301184648933,0.01,"Anderson(SD(0.1); m=10, warmup=100, αw=0.2)","VariableCell(BB(1.0), field_updater)",256,,,,0.16,,,,,,,cases/f0.4_chiN16/native_profiles.csv#model=bvk2,accepted,model_gates_pass,,2,12.0,ud-theta-spectral-adaptive-k-physical-sensor-filter-oversampled-v2
liu2019-stress-free-period-map-v2,stress_free_lamellar_observable,f0.4_chiN17,0.4,17.0,11.344,scft,SCFT,reference,3.8163095525525264,3.8163095525525264,0.0,0.0,0.0,1.0,1.0,0.0,false,,Polyorder.cell_solve!,26,true,false,true,true,true,true,true,0.026800066598638657,0.9268587504456036,0.4000000000000001,2.6474833270185836,,,not_applicable,9.150843083142145e-6,Polyorder.Successful(),9.789006145325037e-7,6.485495164467349e-7,0.1,0.10600859868201462,0.01,"Anderson(SD(0.1); m=10, warmup=100, αw=0.2)","VariableCell(BB(1.0), field_updater)",36,,,,,,,,,,,cases/f0.4_chiN17/native_profiles.csv#model=scft,accepted,reference_gates_pass,,,,
liu2019-stress-free-period-map-v2,stress_free_lamellar_observable,f0.4_chiN17,0.4,17.0,11.344,liu2019_opf,OPF (force/stress mapped),per_state_force_stress_mapping,3.7601329642141685,3.8163095525525264,-0.014720134088909043,0.014720134088909043,0.03160485080167379,0.9917344248035016,0.996294050232801,0.0,false,1.0381147384643554,StressRootBisection,71,true,false,true,true,true,true,true,-0.0031581351103073807,0.8998846680592786,0.40000000000000013,-0.14204932690292138,7.297251779595903e-7,2.10549558189721e-6,mean-constrained Fourier nonlinear conjugate gradient,3.179978100328139e-8,Polyorder.Successful(),9.789006145325037e-7,6.485495164467349e-7,0.1,0.10600859868201462,0.01,"Anderson(SD(0.1); m=10, warmup=100, αw=0.2)","VariableCell(BB(1.0), field_updater)",128,,,,,-1.0,-0.37164937312170604,1.8076762199209748,0.06604986757651436,0.598081050025313,0.06510299810865858,cases/f0.4_chiN17/native_profiles.csv#model=liu2019_opf,accepted,model_gates_pass,,,,
liu2019-stress-free-period-map-v2,stress_free_lamellar_observable,f0.4_chiN17,0.4,17.0,11.344,ohta_kawasaki,Ohta-Kawasaki (recomputed),liu2019_ok_asymptotic_quadratic_mapped_c3_c4,3.4080112340476085,3.8163095525525264,-0.10698773589575006,0.10698773589575006,0.09098439635381139,0.9314986030106058,0.9962972680670068,0.0,false,1.0198790073394777,StressRootBisection,73,true,false,true,true,true,true,true,0.09207247823616382,0.7831704753169624,0.4000000000000001,-0.6517604056075945,8.915806720999784e-6,2.1906451123210324e-5,mean-constrained Fourier nonlinear conjugate gradient,9.77115840256907e-8,Polyorder.Successful(),9.789006145325037e-7,6.485495164467349e-7,0.1,0.10600859868201462,0.01,"Anderson(SD(0.1); m=10, warmup=100, αw=0.2)","VariableCell(BB(1.0), field_updater)",128,,,,,-13.021727022714686,-6.365836301432195,30.98402422410579,1.0416666666666667,13.02083333333333,,cases/f0.4_chiN17/native_profiles.csv#model=ohta_kawasaki,accepted,model_gates_pass,,,,
liu2019-stress-free-period-map-v2,stress_free_lamellar_observable,f0.4_chiN17,0.4,17.0,11.344,uneyama_doi,Uneyama-Doi,not_applicable,3.485469627915994,3.8163095525525264,-0.08669106111039948,0.08669106111039948,0.06311779311897864,0.96703377613577,0.9996806306164584,0.99609375,false,1.0875106594221904,BootstrapLocal,16,true,false,true,true,true,true,true,0.09403643364068473,0.8451513886738493,0.39999999999941716,-0.29548123697668305,8.262754680345062e-7,2.1261924059157167e-6,mean-constrained fused-spectral L-BFGS with profile continuation,,Polyorder.Successful(),9.789006145325037e-7,6.485495164467349e-7,0.1,0.10600859868201462,0.01,"Anderson(SD(0.1); m=10, warmup=100, αw=0.2)","VariableCell(BB(1.0), field_updater)",128,,,1,,,,,,,,cases/f0.4_chiN17/native_profiles.csv#model=uneyama_doi,accepted,model_gates_pass,,,,
liu2019-stress-free-period-map-v2,stress_free_lamellar_observable,f0.4_chiN17,0.4,17.0,11.344,burp_ti,BURP-TI,not_applicable,3.28990882163228,3.8163095525525264,-0.13793449500661314,0.13793449500661314,0.013368948588358768,0.9985210275005628,0.9992796459805294,0.99609375,false,1.0264932115307,BoundedKKTNewtonGMRES+AnalyticStressRoot,1,true,false,true,true,true,true,true,0.0166005537446593,0.9226603233451255,0.4000000000000002,-0.563671286306068,0.0004595574765026396,0.0007504145004348928,bounded-KKT Newton-GMRES,4.907493456985208e-5,Polyorder.Successful(),9.789006145325037e-7,6.485495164467349e-7,0.1,0.10600859868201462,0.01,"Anderson(SD(0.1); m=10, warmup=100, αw=0.2)","VariableCell(BB(1.0), field_updater)",128,64,256,1,,,,,,,,cases/f0.4_chiN17/native_profiles.csv#model=burp_ti,accepted,model_gates_pass,,,,
liu2019-stress-free-period-map-v2,stress_free_lamellar_observable,f0.4_chiN17,0.4,17.0,11.344,bvk2,BVK2,frozen_c2_evaluation,3.8283960008935516,3.8163095525525264,0.003167051355396744,0.003167051355396744,0.013639322096162778,0.9984606192211261,0.9995448384997764,0.498046875,false,1.1945080301704951,FilteredUDThetaAnalyticCellStressRoot,20,true,false,true,true,true,true,true,0.028256114565601217,0.9153480545051775,0.4,-0.6017792647532746,9.269958230725852e-8,3.072927259138494e-7,oversampled filtered UD-theta L-BFGS with cosine-Newton polish,2.3181525588000795e-9,Polyorder.Successful(),9.789006145325037e-7,6.485495164467349e-7,0.1,0.10600859868201462,0.01,"Anderson(SD(0.1); m=10, warmup=100, αw=0.2)","VariableCell(BB(1.0), field_updater)",256,,,,0.16,,,,,,,cases/f0.4_chiN17/native_profiles.csv#model=bvk2,accepted,model_gates_pass,,2,12.0,ud-theta-spectral-adaptive-k-physical-sensor-filter-oversampled-v2
liu2019-stress-free-period-map-v2,stress_free_lamellar_observable,f0.4_chiN18,0.4,18.0,11.344,scft,SCFT,reference,3.8876908797504304,3.8876908797504304,0.0,0.0,0.0,1.0,1.0,0.0,false,,Polyorder.cell_solve!,29,true,false,true,true,true,true,true,0.019967399842448542,0.9414145113760853,0.39999999999999963,2.7615502341698246,,,not_applicable,3.805931231802252e-6,Polyorder.Successful(),1.523586804097074e-7,1.0520596300562051e-7,0.1,0.09719227199376076,0.01,"Anderson(SD(0.1); m=10, warmup=100, αw=0.2)","VariableCell(BB(1.0), field_updater)",40,,,,,,,,,,,cases/f0.4_chiN18/native_profiles.csv#model=scft,accepted,reference_gates_pass,,,,
liu2019-stress-free-period-map-v2,stress_free_lamellar_observable,f0.4_chiN18,0.4,18.0,11.344,liu2019_opf,OPF (force/stress mapped),per_state_force_stress_mapping,3.8324235260993555,3.8876908797504304,-0.014215984593564879,0.014215984593564879,0.03356900688352887,0.991306991846906,0.9960700403027498,0.0,false,1.0466613292694091,StressRootBisection,73,true,false,true,true,true,true,true,-0.009331878289608353,0.9129764100341128,0.39999999999999986,-0.16454643264081015,5.668850345614086e-7,1.3680359702006317e-6,mean-constrained Fourier nonlinear conjugate gradient,4.081979966963615e-8,Polyorder.Successful(),1.523586804097074e-7,1.0520596300562051e-7,0.1,0.09719227199376076,0.01,"Anderson(SD(0.1); m=10, warmup=100, αw=0.2)","VariableCell(BB(1.0), field_updater)",128,,,,,-1.0,-0.3842820513565317,1.8142771297222922,0.06120446939317265,0.5306807514145027,0.06695485067578341,cases/f0.4_chiN18/native_profiles.csv#model=liu2019_opf,accepted,model_gates_pass,,,,
liu2019-stress-free-period-map-v2,stress_free_lamellar_observable,f0.4_chiN18,0.4,18.0,11.344,ohta_kawasaki,Ohta-Kawasaki (recomputed),liu2019_ok_asymptotic_quadratic_mapped_c3_c4,3.424649406644044,3.8876908797504304,-0.11910449864164907,0.11910449864164907,0.09562958465141581,0.9294531478980632,0.9964047681107906,0.0,false,1.02485813498497,StressRootBisection,76,true,false,true,true,true,true,true,0.08941804824882993,0.794210514690586,0.39999999999999997,-0.817534934860667,8.576745046336804e-6,2.03867327251972e-5,mean-constrained Fourier nonlinear conjugate gradient,7.801041507169417e-8,Polyorder.Successful(),1.523586804097074e-7,1.0520596300562051e-7,0.1,0.09719227199376076,0.01,"Anderson(SD(0.1); m=10, warmup=100, αw=0.2)","VariableCell(BB(1.0), field_updater)",128,,,,,-14.021727022714686,-7.363188042681893,34.808712105554214,1.0416666666666667,13.02083333333333,,cases/f0.4_chiN18/native_profiles.csv#model=ohta_kawasaki,accepted,model_gates_pass,,,,
liu2019-stress-free-period-map-v2,stress_free_lamellar_observable,f0.4_chiN18,0.4,18.0,11.344,uneyama_doi,Uneyama-Doi,not_applicable,3.5105462698600394,3.8876908797504304,-0.0970099273722611,0.0970099273722611,0.05684367657433887,0.9750737228115397,0.999658309218553,0.99609375,false,1.0953348892471304,BootstrapLocal,28,true,false,true,true,true,true,true,0.08031123961735007,0.8713788069632366,0.40000000000001995,-0.4222072076401342,9.871792382396315e-7,2.6508706587602404e-6,mean-constrained fused-spectral L-BFGS with profile continuation,,Polyorder.Successful(),1.523586804097074e-7,1.0520596300562051e-7,0.1,0.09719227199376076,0.01,"Anderson(SD(0.1); m=10, warmup=100, αw=0.2)","VariableCell(BB(1.0), field_updater)",128,,,1,,,,,,,,cases/f0.4_chiN18/native_profiles.csv#model=uneyama_doi,accepted,model_gates_pass,,,,
liu2019-stress-free-period-map-v2,stress_free_lamellar_observable,f0.4_chiN18,0.4,18.0,11.344,burp_ti,BURP-TI,not_applicable,3.312061167682858,3.8876908797504304,-0.14806468154806707,0.14806468154806707,0.012619505263701866,0.9987714926506309,0.9994426351702994,0.99609375,false,1.0334050240073493,BoundedKKTNewtonGMRES+AnalyticStressRoot,1,true,false,true,true,true,true,true,0.01158519029367911,0.9428057281849224,0.3999999999999999,-0.7397646893866132,0.00043684806026711426,0.0007925254209588672,bounded-KKT Newton-GMRES,5.185532292815462e-5,Polyorder.Successful(),1.523586804097074e-7,1.0520596300562051e-7,0.1,0.09719227199376076,0.01,"Anderson(SD(0.1); m=10, warmup=100, αw=0.2)","VariableCell(BB(1.0), field_updater)",128,64,256,1,,,,,,,,cases/f0.4_chiN18/native_profiles.csv#model=burp_ti,accepted,model_gates_pass,,,,
liu2019-stress-free-period-map-v2,stress_free_lamellar_observable,f0.4_chiN18,0.4,18.0,11.344,bvk2,BVK2,frozen_c2_evaluation,3.891788770726524,3.8876908797504304,0.0010540681095396742,0.0010540681095396742,0.012835723328874513,0.9987290255148751,0.9995473490970821,0.498046875,false,1.2142873770830303,FilteredUDThetaAnalyticCellStressRoot,21,true,false,true,true,true,true,true,0.020180736028641275,0.933511966812429,0.4000000000000001,-0.8021512649430014,1.1503737339206895e-11,3.225581648339127e-11,oversampled filtered UD-theta L-BFGS with cosine-Newton polish,6.483702463810914e-14,Polyorder.Successful(),1.523586804097074e-7,1.0520596300562051e-7,0.1,0.09719227199376076,0.01,"Anderson(SD(0.1); m=10, warmup=100, αw=0.2)","VariableCell(BB(1.0), field_updater)",256,,,,0.16,,,,,,,cases/f0.4_chiN18/native_profiles.csv#model=bvk2,accepted,model_gates_pass,,2,12.0,ud-theta-spectral-adaptive-k-physical-sensor-filter-oversampled-v2
liu2019-stress-free-period-map-v2,stress_free_lamellar_observable,f0.4_chiN19,0.4,19.0,11.344,scft,SCFT,reference,3.9534351574499853,3.9534351574499853,0.0,0.0,0.0,1.0,1.0,0.0,false,,Polyorder.cell_solve!,63,true,false,true,true,true,true,true,0.015079102360569622,0.9523495643331045,0.40000000000000024,2.8676789298135583,,,not_applicable,1.0606377529162017e-6,Polyorder.Successful(),7.040230391209696e-7,3.7386534350495196e-7,0.1,0.09883587893624964,0.01,"Anderson(SD(0.1); m=10, warmup=100, αw=0.2)","VariableCell(BB(1.0), field_updater)",40,,,,,,,,,,,cases/f0.4_chiN19/native_profiles.csv#model=scft,accepted,reference_gates_pass,,,,
liu2019-stress-free-period-map-v2,stress_free_lamellar_observable,f0.4_chiN19,0.4,19.0,11.344,liu2019_opf,OPF (force/stress mapped),per_state_force_stress_mapping,3.8996891088043983,3.9534351574499853,-0.013594771763059343,0.013594771763059343,0.035328779889833774,0.990878308850714,0.9958634011231958,0.0,false,1.0552750110626223,StressRootBisection,73,true,false,true,true,true,true,true,-0.0135496235540557,0.9226103737197079,0.4000000000000001,-0.18516251050414012,9.277686717042862e-7,2.64660910109793e-6,mean-constrained Fourier nonlinear conjugate gradient,7.757832348441713e-8,Polyorder.Successful(),7.040230391209696e-7,3.7386534350495196e-7,0.1,0.09883587893624964,0.01,"Anderson(SD(0.1); m=10, warmup=100, αw=0.2)","VariableCell(BB(1.0), field_updater)",128,,,,,-1.0,-0.39520553077513454,1.8226017754388326,0.05701442140519239,0.47648240614530846,0.06831634758911602,cases/f0.4_chiN19/native_profiles.csv#model=liu2019_opf,accepted,model_gates_pass,,,,
liu2019-stress-free-period-map-v2,stress_free_lamellar_observable,f0.4_chiN19,0.4,19.0,11.344,ohta_kawasaki,Ohta-Kawasaki (recomputed),liu2019_ok_asymptotic_quadratic_mapped_c3_c4,3.441661717488991,3.9534351574499853,-0.1294503184139978,0.1294503184139978,0.0992125754659232,0.9280631307892934,0.9965327881984871,0.0,false,1.0299492269754411,StressRootBisection,77,true,false,true,true,true,true,true,0.08809232372365816,0.8026675049262922,0.3999999999999999,-0.989821625855853,5.751504147818671e-6,2.0474633694922417e-5,mean-constrained Fourier nonlinear conjugate gradient,2.41901116846109e-10,Polyorder.Successful(),7.040230391209696e-7,3.7386534350495196e-7,0.1,0.09883587893624964,0.01,"Anderson(SD(0.1); m=10, warmup=100, αw=0.2)","VariableCell(BB(1.0), field_updater)",128,,,,,-15.021727022714686,-8.371157783931588,38.66989880700262,1.0416666666666667,13.02083333333333,,cases/f0.4_chiN19/native_profiles.csv#model=ohta_kawasaki,accepted,model_gates_pass,,,,
liu2019-stress-free-period-map-v2,stress_free_lamellar_observable,f0.4_chiN19,0.4,19.0,11.344,uneyama_doi,Uneyama-Doi,not_applicable,3.5316681187156624,3.9534351574499853,-0.10668368695500952,0.10668368695500952,0.05141626179223381,0.9806794679514902,0.9996550530472729,0.99609375,false,1.1019251735500606,BootstrapLocal,28,true,false,true,true,true,true,true,0.0695895976112887,0.8916401026870989,0.40000000000040786,-0.5649866572629878,8.611016191443611e-7,2.1111931154393915e-6,mean-constrained fused-spectral L-BFGS with profile continuation,,Polyorder.Successful(),7.040230391209696e-7,3.7386534350495196e-7,0.1,0.09883587893624964,0.01,"Anderson(SD(0.1); m=10, warmup=100, αw=0.2)","VariableCell(BB(1.0), field_updater)",128,,,1,,,,,,,,cases/f0.4_chiN19/native_profiles.csv#model=uneyama_doi,accepted,model_gates_pass,,,,
liu2019-stress-free-period-map-v2,stress_free_lamellar_observable,f0.4_chiN19,0.4,19.0,11.344,burp_ti,BURP-TI,not_applicable,3.3345052869449368,3.9534351574499853,-0.1565549568553607,0.1565549568553607,0.012254022006350349,0.9989025736155539,0.999557159299508,0.99609375,false,1.0404078734206283,BoundedKKTNewtonGMRES+AnalyticStressRoot,1,true,false,true,true,true,true,true,0.008404529735600498,0.9580069437768252,0.40000000000000013,-0.9308252354819424,0.00044923401470793275,0.0007260891994564922,bounded-KKT Newton-GMRES,5.452325412769162e-5,Polyorder.Successful(),7.040230391209696e-7,3.7386534350495196e-7,0.1,0.09883587893624964,0.01,"Anderson(SD(0.1); m=10, warmup=100, αw=0.2)","VariableCell(BB(1.0), field_updater)",128,64,256,1,,,,,,,,cases/f0.4_chiN19/native_profiles.csv#model=burp_ti,accepted,model_gates_pass,,,,
liu2019-stress-free-period-map-v2,stress_free_lamellar_observable,f0.4_chiN19,0.4,19.0,11.344,bvk2,BVK2,frozen_c2_evaluation,3.9513587401062886,3.9534351574499853,-0.0005252185152914146,0.0005252185152914146,0.012115814432009766,0.9989271805645734,0.9995651248754338,0.498046875,false,1.2328739618471276,FilteredUDThetaAnalyticCellStressRoot,21,true,false,true,true,true,true,true,0.014540482318707608,0.9472353612265793,0.3999999999999999,-1.0222877483198998,1.226130380599462e-11,3.5564622133562524e-11,oversampled filtered UD-theta L-BFGS with cosine-Newton polish,8.552638375292076e-9,Polyorder.Successful(),7.040230391209696e-7,3.7386534350495196e-7,0.1,0.09883587893624964,0.01,"Anderson(SD(0.1); m=10, warmup=100, αw=0.2)","VariableCell(BB(1.0), field_updater)",256,,,,0.16,,,,,,,cases/f0.4_chiN19/native_profiles.csv#model=bvk2,accepted,model_gates_pass,,2,12.0,ud-theta-spectral-adaptive-k-physical-sensor-filter-oversampled-v2
liu2019-stress-free-period-map-v2,stress_free_lamellar_observable,f0.4_chiN20,0.4,20.0,11.344,scft,SCFT,reference,4.014378638134973,4.014378638134973,0.0,0.0,0.0,1.0,1.0,0.0,false,,Polyorder.cell_solve!,25,true,false,true,true,true,true,true,0.011518157073298573,0.9607436026558075,0.40000000000000024,2.9671412673008826,,,not_applicable,2.793983691980402e-6,Polyorder.Successful(),8.487840897044067e-8,5.8039107803652193e-8,0.1,0.10035946595337433,0.01,"Anderson(SD(0.1); m=10, warmup=100, αw=0.2)","VariableCell(BB(1.0), field_updater)",40,,,,,,,,,,,cases/f0.4_chiN20/native_profiles.csv#model=scft,accepted,reference_gates_pass,,,,
liu2019-stress-free-period-map-v2,stress_free_lamellar_observable,f0.4_chiN20,0.4,20.0,11.344,liu2019_opf,OPF (force/stress mapped),per_state_force_stress_mapping,3.9625492436876324,4.014378638134973,-0.012910938184799603,0.012910938184799603,0.036951332972230744,0.990446713340713,0.9956559886676479,0.0,false,1.0638866901397706,StressRootBisection,73,true,false,true,true,true,true,true,-0.016495015374098365,0.9298284960433482,0.4000000000000001,-0.20411566018994798,7.776235494468625e-7,1.8366693357169117e-6,mean-constrained Fourier nonlinear conjugate gradient,3.1684152233293874e-8,Polyorder.Successful(),8.487840897044067e-8,5.8039107803652193e-8,0.1,0.10035946595337433,0.01,"Anderson(SD(0.1); m=10, warmup=100, αw=0.2)","VariableCell(BB(1.0), field_updater)",128,,,,,-1.0,-0.4048051923251995,1.8317438599248637,0.05334318203159158,0.4319974718821677,0.06933828910599885,cases/f0.4_chiN20/native_profiles.csv#model=liu2019_opf,accepted,model_gates_pass,,,,
liu2019-stress-free-period-map-v2,stress_free_lamellar_observable,f0.4_chiN20,0.4,20.0,11.344,ohta_kawasaki,Ohta-Kawasaki (recomputed),liu2019_ok_asymptotic_quadratic_mapped_c3_c4,3.4589017737518404,4.014378638134973,-0.13837181652630548,0.13837181652630548,0.10219089789854799,0.926933716023721,0.9966458901420119,0.0,false,1.0351084738969805,StressRootBisection,77,true,false,true,true,true,true,true,0.08761083670787412,0.809225116137851,0.39999999999999997,-1.1675668725107085,9.044019815093046e-6,2.4767648337142845e-5,mean-constrained Fourier nonlinear conjugate gradient,2.2584125092521282e-8,Polyorder.Successful(),8.487840897044067e-8,5.8039107803652193e-8,0.1,0.10035946595337433,0.01,"Anderson(SD(0.1); m=10, warmup=100, αw=0.2)","VariableCell(BB(1.0), field_updater)",128,,,,,-16.021727022714686,-9.389745525181286,42.56758432845104,1.0416666666666667,13.02083333333333,,cases/f0.4_chiN20/native_profiles.csv#model=ohta_kawasaki,accepted,model_gates_pass,,,,
liu2019-stress-free-period-map-v2,stress_free_lamellar_observable,f0.4_chiN20,0.4,20.0,11.344,uneyama_doi,Uneyama-Doi,not_applicable,3.551416575251075,4.014378638134973,-0.11532595816596514,0.11532595816596514,0.04677683282963604,0.9846907393696882,0.999660544118986,0.99609375,false,1.1080869420582078,BootstrapLocal,28,true,false,true,true,true,true,true,0.0610292301046088,0.9076515633197078,0.4000000000005022,-0.7222120495878013,9.757285355807176e-7,2.47134418840389e-6,mean-constrained fused-spectral L-BFGS with profile continuation,,Polyorder.Successful(),8.487840897044067e-8,5.8039107803652193e-8,0.1,0.10035946595337433,0.01,"Anderson(SD(0.1); m=10, warmup=100, αw=0.2)","VariableCell(BB(1.0), field_updater)",128,,,1,,,,,,,,cases/f0.4_chiN20/native_profiles.csv#model=uneyama_doi,accepted,model_gates_pass,,,,
liu2019-stress-free-period-map-v2,stress_free_lamellar_observable,f0.4_chiN20,0.4,20.0,11.344,burp_ti,BURP-TI,not_applicable,3.356928069837821,4.014378638134973,-0.16377393055344547,0.16377393055344547,0.012239288839258077,0.9989518946007898,0.9996286947945832,0.99609375,false,1.0474040656165424,BoundedKKTNewtonGMRES+AnalyticStressRoot,1,true,false,true,true,true,true,true,0.006300852844585053,0.969409685369949,0.4,-1.1350383922695584,0.0004915253092131229,0.0008943641194929519,bounded-KKT Newton-GMRES,5.816443068864116e-5,Polyorder.Successful(),8.487840897044067e-8,5.8039107803652193e-8,0.1,0.10035946595337433,0.01,"Anderson(SD(0.1); m=10, warmup=100, αw=0.2)","VariableCell(BB(1.0), field_updater)",128,64,256,1,,,,,,,,cases/f0.4_chiN20/native_profiles.csv#model=burp_ti,accepted,model_gates_pass,,,,
liu2019-stress-free-period-map-v2,stress_free_lamellar_observable,f0.4_chiN20,0.4,20.0,11.344,bvk2,BVK2,frozen_c2_evaluation,4.007576268121884,4.014378638134973,-0.0016945013478473214,0.0016945013478473214,0.011630206493768402,0.9990536080508226,0.9995826570452337,0.498046875,false,1.250414542454591,FilteredUDThetaAnalyticCellStressRoot,24,true,false,true,true,true,true,true,0.010551229213315375,0.9577594694131385,0.4,-1.260040095819599,2.3918779189247664e-8,4.4513952856746525e-8,oversampled filtered UD-theta L-BFGS with cosine-Newton polish,1.1013567835505e-10,Polyorder.Successful(),8.487840897044067e-8,5.8039107803652193e-8,0.1,0.10035946595337433,0.01,"Anderson(SD(0.1); m=10, warmup=100, αw=0.2)","VariableCell(BB(1.0), field_updater)",256,,,,0.16,,,,,,,cases/f0.4_chiN20/native_profiles.csv#model=bvk2,accepted,model_gates_pass,,2,12.0,ud-theta-spectral-adaptive-k-physical-sensor-filter-oversampled-v2
liu2019-stress-free-period-map-v2,stress_free_lamellar_observable,f0.4_chiN21,0.4,21.0,11.344,scft,SCFT,reference,4.07127246668242,4.07127246668242,0.0,0.0,0.0,1.0,1.0,0.0,false,,Polyorder.cell_solve!,32,true,false,true,true,true,true,true,0.008886178204629643,0.9673093818578034,0.40000000000000047,3.060916732279267,,,not_applicable,6.231760404107342e-8,Polyorder.Successful(),1.0156566570438548e-7,6.991674358634255e-8,0.1,0.1017818116670605,0.01,"Anderson(SD(0.1); m=10, warmup=100, αw=0.2)","VariableCell(BB(1.0), field_updater)",40,,,,,,,,,,,cases/f0.4_chiN21/native_profiles.csv#model=scft,accepted,reference_gates_pass,,,,
liu2019-stress-free-period-map-v2,stress_free_lamellar_observable,f0.4_chiN21,0.4,21.0,11.344,liu2019_opf,OPF (force/stress mapped),per_state_force_stress_mapping,4.0216151712888415,4.07127246668242,-0.012196996344497446,0.012196996344497446,0.038469652560256605,0.9900113221738586,0.995447056268668,0.0,false,1.072451305389404,StressRootBisection,49,true,false,true,true,true,true,true,-0.018593985420949366,0.9353224581154218,0.40000000000000013,-0.22162265966573105,5.809330547398423e-7,1.1625295911615874e-6,mean-constrained Fourier nonlinear conjugate gradient,3.5732975612691914e-8,Polyorder.Successful(),1.0156566570438548e-7,6.991674358634255e-8,0.1,0.1017818116670605,0.01,"Anderson(SD(0.1); m=10, warmup=100, αw=0.2)","VariableCell(BB(1.0), field_updater)",128,,,,,-1.0,-0.4133480727801015,1.8411776856980766,0.05009286610340014,0.3948240879091236,0.07011508836138798,cases/f0.4_chiN21/native_profiles.csv#model=liu2019_opf,accepted,model_gates_pass,,,,
liu2019-stress-free-period-map-v2,stress_free_lamellar_observable,f0.4_chiN21,0.4,21.0,11.344,ohta_kawasaki,Ohta-Kawasaki (recomputed),liu2019_ok_asymptotic_quadratic_mapped_c3_c4,3.476266054788091,4.07127246668242,-0.14614752924635022,0.14614752924635022,0.10472365884423887,0.9259779527820016,0.9967449040080354,0.0,false,1.040304896235466,StressRootBisection,77,true,false,true,true,true,true,true,0.08767661170024665,0.8143492630764543,0.4,-1.3499921127367251,9.769291903861735e-6,3.162158914871149e-5,mean-constrained Fourier nonlinear conjugate gradient,5.457494180859308e-8,Polyorder.Successful(),1.0156566570438548e-7,6.991674358634255e-8,0.1,0.1017818116670605,0.01,"Anderson(SD(0.1); m=10, warmup=100, αw=0.2)","VariableCell(BB(1.0), field_updater)",128,,,,,-17.021727022714686,-10.418951266430984,46.501768669899455,1.0416666666666667,13.02083333333333,,cases/f0.4_chiN21/native_profiles.csv#model=ohta_kawasaki,accepted,model_gates_pass,,,,
liu2019-stress-free-period-map-v2,stress_free_lamellar_observable,f0.4_chiN21,0.4,21.0,11.344,uneyama_doi,Uneyama-Doi,not_applicable,3.5700922516775817,4.07127246668242,-0.12310161481607684,0.12310161481607684,0.04276388680209569,0.9876568553012878,0.9996719119008897,0.99609375,false,1.1139139895880668,BootstrapLocal,28,true,false,true,true,true,true,true,0.054058008073363646,0.9205131742637697,0.40000000000014585,-0.8924034197612818,9.328873863703699e-7,3.831335487536336e-6,mean-constrained fused-spectral L-BFGS with profile continuation,,Polyorder.Successful(),1.0156566570438548e-7,6.991674358634255e-8,0.1,0.1017818116670605,0.01,"Anderson(SD(0.1); m=10, warmup=100, αw=0.2)","VariableCell(BB(1.0), field_updater)",128,,,1,,,,,,,,cases/f0.4_chiN21/native_profiles.csv#model=uneyama_doi,accepted,model_gates_pass,,,,
liu2019-stress-free-period-map-v2,stress_free_lamellar_observable,f0.4_chiN21,0.4,21.0,11.344,burp_ti,BURP-TI,not_applicable,3.3792052853563725,4.07127246668242,-0.16998793055233574,0.16998793055233574,0.012409764462505041,0.998960562083258,0.9996728278756138,0.99609375,false,1.0543548389483863,BoundedKKTNewtonGMRES+AnalyticStressRoot,1,true,false,true,true,true,true,true,0.0047992697080140164,0.9778905185662228,0.4000000000000002,-1.350931075817798,0.0004616190133928393,0.000878302184510904,bounded-KKT Newton-GMRES,5.024369501739846e-5,Polyorder.Successful(),1.0156566570438548e-7,6.991674358634255e-8,0.1,0.1017818116670605,0.01,"Anderson(SD(0.1); m=10, warmup=100, αw=0.2)","VariableCell(BB(1.0), field_updater)",128,64,256,1,,,,,,,,cases/f0.4_chiN21/native_profiles.csv#model=burp_ti,accepted,model_gates_pass,,,,
liu2019-stress-free-period-map-v2,stress_free_lamellar_observable,f0.4_chiN21,0.4,21.0,11.344,bvk2,BVK2,frozen_c2_evaluation,4.060811507614296,4.07127246668242,-0.00256945688448329,0.00256945688448329,0.011305164573121874,0.9991373609580144,0.9995989494411063,0.498046875,false,1.2670246112789478,FilteredUDThetaAnalyticCellStressRoot,23,true,false,true,true,true,true,true,0.007701923537168032,0.9659312097839874,0.39999999999999997,-1.5136164202261493,1.6078844166030196e-11,4.032906024388378e-11,oversampled filtered UD-theta L-BFGS with cosine-Newton polish,2.426947531830592e-13,Polyorder.Successful(),1.0156566570438548e-7,6.991674358634255e-8,0.1,0.1017818116670605,0.01,"Anderson(SD(0.1); m=10, warmup=100, αw=0.2)","VariableCell(BB(1.0), field_updater)",256,,,,0.16,,,,,,,cases/f0.4_chiN21/native_profiles.csv#model=bvk2,accepted,model_gates_pass,,2,12.0,ud-theta-spectral-adaptive-k-physical-sensor-filter-oversampled-v2
liu2019-stress-free-period-map-v2,stress_free_lamellar_observable,f0.4_chiN22,0.4,22.0,11.344,scft,SCFT,reference,4.1246744235564385,4.1246744235564385,0.0,0.0,0.0,1.0,1.0,0.0,false,,Polyorder.cell_solve!,30,true,false,true,true,true,true,true,0.006917228518898243,0.9725272007564439,0.39999999999999913,3.1497741765819187,,,not_applicable,6.6304856093295255e-6,Polyorder.Successful(),3.246574814480969e-7,2.2916068609807386e-7,0.1,0.10311686058891097,0.01,"Anderson(SD(0.1); m=10, warmup=100, αw=0.2)","VariableCell(BB(1.0), field_updater)",40,,,,,,,,,,,cases/f0.4_chiN22/native_profiles.csv#model=scft,accepted,reference_gates_pass,,,,
liu2019-stress-free-period-map-v2,stress_free_lamellar_observable,f0.4_chiN22,0.4,22.0,11.344,liu2019_opf,OPF (force/stress mapped),per_state_force_stress_mapping,4.077351805681338,4.1246744235564385,-0.011473055328885207,0.011473055328885207,0.03990385923127458,0.9895730735182955,0.9952368454931331,0.0,false,1.0809358119964598,StressRootBisection,50,true,false,true,true,true,true,true,-0.020218400710849738,0.939563849863661,0.39999999999999997,-0.2378694451375663,6.655221721813547e-7,1.7303505431970345e-6,mean-constrained Fourier nonlinear conjugate gradient,8.084108627302436e-9,Polyorder.Successful(),3.246574814480969e-7,2.2916068609807386e-7,0.1,0.10311686058891097,0.01,"Anderson(SD(0.1); m=10, warmup=100, αw=0.2)","VariableCell(BB(1.0), field_updater)",128,,,,,-1.0,-0.4210185303327974,1.850576672162418,0.047190746825777584,0.3632981654569797,0.07070704914668048,cases/f0.4_chiN22/native_profiles.csv#model=liu2019_opf,accepted,model_gates_pass,,,,
liu2019-stress-free-period-map-v2,stress_free_lamellar_observable,f0.4_chiN22,0.4,22.0,11.344,ohta_kawasaki,Ohta-Kawasaki (recomputed),liu2019_ok_asymptotic_quadratic_mapped_c3_c4,3.4936778089279823,4.1246744235564385,-0.15298095069631923,0.15298095069631923,0.10692097721738789,0.9251395642535708,0.9968319920008609,0.0,false,1.0455155253410342,StressRootBisection,75,true,false,true,true,true,true,true,0.08810112018938199,0.8183691073588378,0.3999999999999999,-1.5364989413773409,6.826844157203014e-6,1.4932979692128256e-5,mean-constrained Fourier nonlinear conjugate gradient,4.685728081270515e-8,Polyorder.Successful(),3.246574814480969e-7,2.2916068609807386e-7,0.1,0.10311686058891097,0.01,"Anderson(SD(0.1); m=10, warmup=100, αw=0.2)","VariableCell(BB(1.0), field_updater)",128,,,,,-18.021727022714686,-11.45877500768068,50.472451831347875,1.0416666666666667,13.02083333333333,,cases/f0.4_chiN22/native_profiles.csv#model=ohta_kawasaki,accepted,model_gates_pass,,,,
liu2019-stress-free-period-map-v2,stress_free_lamellar_observable,f0.4_chiN22,0.4,22.0,11.344,uneyama_doi,Uneyama-Doi,not_applicable,3.587896535454394,4.1246744235564385,-0.1301382443754715,0.1301382443754715,0.03926258639028814,0.989905511399562,0.9996868398224733,0.99609375,false,1.1194691515770232,BootstrapLocal,28,true,false,true,true,true,true,true,0.04829005798814442,0.9309860342140245,0.40000000000000324,-1.0743197297807985,8.783104286114483e-7,2.5900303539660996e-6,mean-constrained fused-spectral L-BFGS with profile continuation,,Polyorder.Successful(),3.246574814480969e-7,2.2916068609807386e-7,0.1,0.10311686058891097,0.01,"Anderson(SD(0.1); m=10, warmup=100, αw=0.2)","VariableCell(BB(1.0), field_updater)",128,,,1,,,,,,,,cases/f0.4_chiN22/native_profiles.csv#model=uneyama_doi,accepted,model_gates_pass,,,,
liu2019-stress-free-period-map-v2,stress_free_lamellar_observable,f0.4_chiN22,0.4,22.0,11.344,burp_ti,BURP-TI,not_applicable,3.4013620686729777,4.1246744235564385,-0.1753622905974226,0.1753622905974226,0.01264275587199283,0.9989533294232326,0.9997007154995182,0.99609375,false,1.061268035908224,BoundedKKTNewtonGMRES+AnalyticStressRoot,1,true,false,true,true,true,true,true,0.003543190481285068,0.9841410765980276,0.39999999999999986,-1.5773374248964074,0.0004892607825685795,0.0008583021372907673,bounded-KKT Newton-GMRES,1.723337865373177e-5,Polyorder.Successful(),3.246574814480969e-7,2.2916068609807386e-7,0.1,0.10311686058891097,0.01,"Anderson(SD(0.1); m=10, warmup=100, αw=0.2)","VariableCell(BB(1.0), field_updater)",128,64,256,1,,,,,,,,cases/f0.4_chiN22/native_profiles.csv#model=burp_ti,accepted,model_gates_pass,,,,
liu2019-stress-free-period-map-v2,stress_free_lamellar_observable,f0.4_chiN22,0.4,22.0,11.344,bvk2,BVK2,frozen_c2_evaluation,4.111367067516967,4.1246744235564385,-0.0032262803491767134,0.0032262803491767134,0.011086125331542568,0.9991951959119727,0.9996136534066469,0.498046875,false,1.282798586139284,FilteredUDThetaAnalyticCellStressRoot,25,true,false,true,true,true,true,true,0.005650661334666665,0.9723438881625885,0.40000000000000013,-1.7815112581391768,5.220278638969186e-8,1.6852811636520226e-7,oversampled filtered UD-theta L-BFGS with cosine-Newton polish,3.6681813142536157e-10,Polyorder.Successful(),3.246574814480969e-7,2.2916068609807386e-7,0.1,0.10311686058891097,0.01,"Anderson(SD(0.1); m=10, warmup=100, αw=0.2)","VariableCell(BB(1.0), field_updater)",256,,,,0.16,,,,,,,cases/f0.4_chiN22/native_profiles.csv#model=bvk2,accepted,model_gates_pass,,2,12.0,ud-theta-spectral-adaptive-k-physical-sensor-filter-oversampled-v2
liu2019-stress-free-period-map-v2,stress_free_lamellar_observable,f0.4_chiN23,0.4,23.0,11.344,scft,SCFT,reference,4.174975369939857,4.174975369939857,0.0,0.0,0.0,1.0,1.0,0.0,false,,Polyorder.cell_solve!,143,true,false,true,true,true,true,true,0.005432941662134121,0.976704909688454,0.40000000000000024,3.2343292113583484,,,not_applicable,3.224669986919411e-7,Polyorder.Successful(),8.951978235971132e-7,6.536465418174759e-7,0.1,0.10437438424849643,0.01,"Anderson(SD(0.1); m=10, warmup=100, αw=0.2)","VariableCell(BB(1.0), field_updater)",40,,,,,,,,,,,cases/f0.4_chiN23/native_profiles.csv#model=scft,accepted,reference_gates_pass,,,,
liu2019-stress-free-period-map-v2,stress_free_lamellar_observable,f0.4_chiN23,0.4,23.0,11.344,liu2019_opf,OPF (force/stress mapped),per_state_force_stress_mapping,4.130080680617148,4.174975369939857,-0.010753282437533485,0.010753282437533485,0.041493607208782354,0.989013742277998,0.9949675788234741,0.00390625,false,1.0893141746520993,StressRootBisection,49,true,false,true,true,true,true,true,-0.02164001404503263,0.942879503783357,0.4000000000000001,-0.2530090882802243,6.846328799881424e-7,2.1829863706274155e-6,mean-constrained Fourier nonlinear conjugate gradient,2.0153850382163566e-8,Polyorder.Successful(),8.951978235971132e-7,6.536465418174759e-7,0.1,0.10437438424849643,0.01,"Anderson(SD(0.1); m=10, warmup=100, αw=0.2)","VariableCell(BB(1.0), field_updater)",128,,,,,-1.0,-0.4279487921615165,1.8597522741785715,0.04458024726024563,0.33623306806184616,0.07115436131963299,cases/f0.4_chiN23/native_profiles.csv#model=liu2019_opf,accepted,model_gates_pass,,,,
liu2019-stress-free-period-map-v2,stress_free_lamellar_observable,f0.4_chiN23,0.4,23.0,11.344,ohta_kawasaki,Ohta-Kawasaki (recomputed),liu2019_ok_asymptotic_quadratic_mapped_c3_c4,3.5110797338349595,4.174975369939857,-0.15901785693994686,0.15901785693994686,0.10891792985721561,0.9243016947530994,0.9968545699988175,0.00390625,false,1.050723212957382,StressRootBisection,76,true,false,true,true,true,true,true,0.0887614216881285,0.8215249830672775,0.39999999999999997,-1.7266125824605554,8.042634894770035e-6,2.263828271331647e-5,mean-constrained Fourier nonlinear conjugate gradient,9.788927635574533e-8,Polyorder.Successful(),8.951978235971132e-7,6.536465418174759e-7,0.1,0.10437438424849643,0.01,"Anderson(SD(0.1); m=10, warmup=100, αw=0.2)","VariableCell(BB(1.0), field_updater)",128,,,,,-19.021727022714686,-12.509216748930378,54.47963381279629,1.0416666666666667,13.02083333333333,,cases/f0.4_chiN23/native_profiles.csv#model=ohta_kawasaki,accepted,model_gates_pass,,,,
liu2019-stress-free-period-map-v2,stress_free_lamellar_observable,f0.4_chiN23,0.4,23.0,11.344,uneyama_doi,Uneyama-Doi,not_applicable,3.6049690058414843,4.174975369939857,-0.13652927588566455,0.13652927588566455,0.03641976478044815,0.99153627248779,0.9996442710442015,0.0,false,1.124795978521641,BootstrapLocal,28,true,false,true,true,true,true,true,0.043454475989665405,0.9396132976969386,0.4000000000007028,-1.266908896526303,9.926561717990631e-7,2.5464309691969333e-6,mean-constrained fused-spectral L-BFGS with profile continuation,,Polyorder.Successful(),8.951978235971132e-7,6.536465418174759e-7,0.1,0.10437438424849643,0.01,"Anderson(SD(0.1); m=10, warmup=100, αw=0.2)","VariableCell(BB(1.0), field_updater)",128,,,1,,,,,,,,cases/f0.4_chiN23/native_profiles.csv#model=uneyama_doi,accepted,model_gates_pass,,,,
liu2019-stress-free-period-map-v2,stress_free_lamellar_observable,f0.4_chiN23,0.4,23.0,11.344,burp_ti,BURP-TI,not_applicable,3.423425400127749,4.174975369939857,-0.18001303078895403,0.18001303078895403,0.013586047070788506,0.9988221943598989,0.9996594427059409,0.0,false,1.0681520747038153,BoundedKKTNewtonGMRES+AnalyticStressRoot,1,true,false,true,true,true,true,true,0.0024974087889867358,0.9886958422465022,0.4000000000000001,-1.8133172049381145,0.00047698988587751504,0.000821344632370824,bounded-KKT Newton-GMRES,2.970995649082877e-5,Polyorder.Successful(),8.951978235971132e-7,6.536465418174759e-7,0.1,0.10437438424849643,0.01,"Anderson(SD(0.1); m=10, warmup=100, αw=0.2)","VariableCell(BB(1.0), field_updater)",128,64,256,1,,,,,,,,cases/f0.4_chiN23/native_profiles.csv#model=burp_ti,accepted,model_gates_pass,,,,
liu2019-stress-free-period-map-v2,stress_free_lamellar_observable,f0.4_chiN23,0.4,23.0,11.344,bvk2,BVK2,frozen_c2_evaluation,4.1594976280390865,4.174975369939857,-0.003707265439746421,0.003707265439746421,0.011011700128645269,0.9992262503769194,0.9996213567030829,0.5,false,1.2978159304858095,FilteredUDThetaAnalyticCellStressRoot,24,true,false,true,true,true,true,true,0.004164178691707297,0.9774222492569284,0.3999999999999999,-2.0624506312358832,1.3040210014906272e-11,3.615932913076312e-11,oversampled filtered UD-theta L-BFGS with cosine-Newton polish,2.1018742302203464e-12,Polyorder.Successful(),8.951978235971132e-7,6.536465418174759e-7,0.1,0.10437438424849643,0.01,"Anderson(SD(0.1); m=10, warmup=100, αw=0.2)","VariableCell(BB(1.0), field_updater)",256,,,,0.16,,,,,,,cases/f0.4_chiN23/native_profiles.csv#model=bvk2,accepted,model_gates_pass,,2,12.0,ud-theta-spectral-adaptive-k-physical-sensor-filter-oversampled-v2
liu2019-stress-free-period-map-v2,stress_free_lamellar_observable,f0.4_chiN24,0.4,24.0,11.344,scft,SCFT,reference,4.22261759848628,4.22261759848628,0.0,0.0,0.0,1.0,1.0,0.0,false,,Polyorder.cell_solve!,182,true,false,true,true,true,true,true,0.004296131527469101,0.980138707488303,0.4,3.3150790818251368,,,not_applicable,9.801927635118705e-8,Polyorder.Successful(),7.750565481678046e-7,5.940422555491343e-7,0.1,0.10556543996215699,0.01,"Anderson(SD(0.1); m=10, warmup=100, αw=0.2)","VariableCell(BB(1.0), field_updater)",40,,,,,,,,,,,cases/f0.4_chiN24/native_profiles.csv#model=scft,accepted,reference_gates_pass,,,,
liu2019-stress-free-period-map-v2,stress_free_lamellar_observable,f0.4_chiN24,0.4,24.0,11.344,liu2019_opf,OPF (force/stress mapped),per_state_force_stress_mapping,4.180200955131151,4.22261759848628,-0.010045106469109166,0.010045106469109166,0.042742723322098566,0.9886008881610924,0.9947697733130976,0.92578125,false,1.0975733757019044,StressRootBisection,49,true,false,true,true,true,true,true,-0.022904318127572765,0.9455053793202086,0.40000000000000013,-0.26718418752290796,6.1669488032693e-7,1.2495245268473454e-6,mean-constrained Fourier nonlinear conjugate gradient,7.477663533778067e-8,Polyorder.Successful(),7.750565481678046e-7,5.940422555491343e-7,0.1,0.10556543996215699,0.01,"Anderson(SD(0.1); m=10, warmup=100, αw=0.2)","VariableCell(BB(1.0), field_updater)",128,,,,,-1.0,-0.43424675164087057,1.8685862463923273,0.04221869345978139,0.3127302387649362,0.07148714515168172,cases/f0.4_chiN24/native_profiles.csv#model=liu2019_opf,accepted,model_gates_pass,,,,
liu2019-stress-free-period-map-v2,stress_free_lamellar_observable,f0.4_chiN24,0.4,24.0,11.344,ohta_kawasaki,Ohta-Kawasaki (recomputed),liu2019_ok_asymptotic_quadratic_mapped_c3_c4,3.5284264477315386,4.22261759848628,-0.16439829905592074,0.16439829905592074,0.11064157353777963,0.9236193547328395,0.9969375243672687,0.92578125,false,1.0559143781661988,StressRootBisection,74,true,false,true,true,true,true,true,0.08957539525933395,0.8239957657642705,0.4000000000000001,-1.9199449426031379,6.658529544917487e-6,1.4101099594432398e-5,mean-constrained Fourier nonlinear conjugate gradient,4.2023452736296e-9,Polyorder.Successful(),7.750565481678046e-7,5.940422555491343e-7,0.1,0.10556543996215699,0.01,"Anderson(SD(0.1); m=10, warmup=100, αw=0.2)","VariableCell(BB(1.0), field_updater)",128,,,,,-20.021727022714686,-13.570276490180074,58.523314614244704,1.0416666666666667,13.02083333333333,,cases/f0.4_chiN24/native_profiles.csv#model=ohta_kawasaki,accepted,model_gates_pass,,,,
liu2019-stress-free-period-map-v2,stress_free_lamellar_observable,f0.4_chiN24,0.4,24.0,11.344,uneyama_doi,Uneyama-Doi,not_applicable,3.6222814284288885,4.22261759848628,-0.14217156918793672,0.14217156918793672,0.03366878290071472,0.9929270356315658,0.9996736872464393,0.921875,false,1.1301976735912036,BootstrapLocal,32,true,false,true,true,true,true,true,0.039372873165987934,0.9467999892311225,0.4000000000003651,-1.469623525204931,6.514894572898706e-7,1.7402166224700366e-6,mean-constrained fused-spectral L-BFGS with profile continuation,,Polyorder.Successful(),7.750565481678046e-7,5.940422555491343e-7,0.1,0.10556543996215699,0.01,"Anderson(SD(0.1); m=10, warmup=100, αw=0.2)","VariableCell(BB(1.0), field_updater)",128,,,1,,,,,,,,cases/f0.4_chiN24/native_profiles.csv#model=uneyama_doi,accepted,model_gates_pass,,,,
liu2019-stress-free-period-map-v2,stress_free_lamellar_observable,f0.4_chiN24,0.4,24.0,11.344,burp_ti,BURP-TI,not_applicable,3.445432983966039,4.22261759848628,-0.18405280525493117,0.18405280525493117,0.013636281891261766,0.9988397847313052,0.9996840149710556,0.921875,false,1.0750187195371483,BoundedKKTNewtonGMRES+AnalyticStressRoot,1,true,false,true,true,true,true,true,0.001640361648688024,0.9919915467723175,0.39999999999999997,-2.0581218584677994,0.000450721292520557,0.0008885132886127245,bounded-KKT Newton-GMRES,7.83073778264143e-5,Polyorder.Successful(),7.750565481678046e-7,5.940422555491343e-7,0.1,0.10556543996215699,0.01,"Anderson(SD(0.1); m=10, warmup=100, αw=0.2)","VariableCell(BB(1.0), field_updater)",128,64,256,1,,,,,,,,cases/f0.4_chiN24/native_profiles.csv#model=burp_ti,accepted,model_gates_pass,,,,
liu2019-stress-free-period-map-v2,stress_free_lamellar_observable,f0.4_chiN24,0.4,24.0,11.344,bvk2,BVK2,frozen_c2_evaluation,4.205422149203922,4.22261759848628,-0.004072225078709968,0.004072225078709968,0.010874777777288385,0.9992621168851685,0.9996351209115887,0.4248046875,false,1.312144962618412,FilteredUDThetaAnalyticCellStressRoot,24,true,false,true,true,true,true,true,0.0030809131725780875,0.9814759722661934,0.4,-2.3553489913987393,1.558593591945564e-11,4.4627326570511024e-11,oversampled filtered UD-theta L-BFGS with cosine-Newton polish,5.019042292886411e-9,Polyorder.Successful(),7.750565481678046e-7,5.940422555491343e-7,0.1,0.10556543996215699,0.01,"Anderson(SD(0.1); m=10, warmup=100, αw=0.2)","VariableCell(BB(1.0), field_updater)",256,,,,0.16,,,,,,,cases/f0.4_chiN24/native_profiles.csv#model=bvk2,accepted,model_gates_pass,,2,12.0,ud-theta-spectral-adaptive-k-physical-sensor-filter-oversampled-v2
liu2019-stress-free-period-map-v2,stress_free_lamellar_observable,f0.4_chiN25,0.4,25.0,11.344,scft,SCFT,reference,4.267888820235659,4.267888820235659,0.0,0.0,0.0,1.0,1.0,0.0,false,,Polyorder.cell_solve!,85,true,false,true,true,true,true,true,0.003419778026144854,0.9829743153897661,0.3999999999999997,3.3924328982912852,,,not_applicable,1.4889921591992641e-8,Polyorder.Successful(),9.782611507913396e-7,6.428097908888388e-7,0.1,0.08891435042157624,0.01,"Anderson(SD(0.1); m=10, warmup=100, αw=0.2)","VariableCell(BB(1.0), field_updater)",48,,,,,,,,,,,cases/f0.4_chiN25/native_profiles.csv#model=scft,accepted,reference_gates_pass,,,,
liu2019-stress-free-period-map-v2,stress_free_lamellar_observable,f0.4_chiN25,0.4,25.0,11.344,liu2019_opf,OPF (force/stress mapped),per_state_force_stress_mapping,4.227977439806747,4.267888820235659,-0.009351551108753742,0.009351551108753742,0.04385521574435586,0.9882549793481261,0.9945763012102431,0.0,false,1.1057064056396486,StressRootBisection,47,true,false,true,true,true,true,true,-0.02401302920230336,0.9476064768031657,0.3999999999999999,-0.280511037913289,4.0231121028953196e-7,1.140888402834106e-6,mean-constrained Fourier nonlinear conjugate gradient,9.717962424478956e-8,Polyorder.Successful(),9.782611507913396e-7,6.428097908888388e-7,0.1,0.08891435042157624,0.01,"Anderson(SD(0.1); m=10, warmup=100, αw=0.2)","VariableCell(BB(1.0), field_updater)",128,,,,,-1.0,-0.4399946196570189,1.877054879571956,0.04006888173469809,0.2921160050925073,0.07173017490716657,cases/f0.4_chiN25/native_profiles.csv#model=liu2019_opf,accepted,model_gates_pass,,,,
liu2019-stress-free-period-map-v2,stress_free_lamellar_observable,f0.4_chiN25,0.4,25.0,11.344,ohta_kawasaki,Ohta-Kawasaki (recomputed),liu2019_ok_asymptotic_quadratic_mapped_c3_c4,3.54568239807314,4.267888820235659,-0.16921865882219522,0.16921865882219522,0.1126253475211656,0.922538916191173,0.9969598860286535,0.0,false,1.0610783815383913,StressRootBisection,74,true,false,true,true,true,true,true,0.09048758291202819,0.8259180223678637,0.39999999999999997,-2.1161715554062734,4.335393813560397e-6,8.903607188859297e-6,mean-constrained Fourier nonlinear conjugate gradient,6.856326683943341e-9,Polyorder.Successful(),9.782611507913396e-7,6.428097908888388e-7,0.1,0.08891435042157624,0.01,"Anderson(SD(0.1); m=10, warmup=100, αw=0.2)","VariableCell(BB(1.0), field_updater)",128,,,,,-21.021727022714686,-14.641954231429771,62.60349423569312,1.0416666666666667,13.02083333333333,,cases/f0.4_chiN25/native_profiles.csv#model=ohta_kawasaki,accepted,model_gates_pass,,,,
liu2019-stress-free-period-map-v2,stress_free_lamellar_observable,f0.4_chiN25,0.4,25.0,11.344,uneyama_doi,Uneyama-Doi,not_applicable,3.640117377496632,4.267888820235659,-0.1470917985872846,0.1470917985872846,0.0314726981724133,0.9939510605851644,0.9997206826228567,0.99609375,false,1.135762715551899,BootstrapLocal,32,true,false,true,true,true,true,true,0.035900918190389514,0.9528398688696841,0.39999999999927893,-1.6819299073531453,6.892947482193556e-7,1.6826600187647145e-6,mean-constrained fused-spectral L-BFGS with profile continuation,,Polyorder.Successful(),9.782611507913396e-7,6.428097908888388e-7,0.1,0.08891435042157624,0.01,"Anderson(SD(0.1); m=10, warmup=100, αw=0.2)","VariableCell(BB(1.0), field_updater)",128,,,1,,,,,,,,cases/f0.4_chiN25/native_profiles.csv#model=uneyama_doi,accepted,model_gates_pass,,,,
liu2019-stress-free-period-map-v2,stress_free_lamellar_observable,f0.4_chiN25,0.4,25.0,11.344,burp_ti,BURP-TI,not_applicable,3.4674019621740353,4.267888820235659,-0.18756038214168458,0.18756038214168458,0.013171968427691286,0.9989404714999777,0.9997233884602955,0.99609375,false,1.0818733189249772,BoundedKKTNewtonGMRES+AnalyticStressRoot,1,true,false,true,true,true,true,true,0.0009448827842121654,0.9943701931255104,0.4,-2.3111433480317554,0.00048327465180057896,0.0008855770271458674,bounded-KKT Newton-GMRES,6.679093952358907e-5,Polyorder.Successful(),9.782611507913396e-7,6.428097908888388e-7,0.1,0.08891435042157624,0.01,"Anderson(SD(0.1); m=10, warmup=100, αw=0.2)","VariableCell(BB(1.0), field_updater)",128,64,256,1,,,,,,,,cases/f0.4_chiN25/native_profiles.csv#model=burp_ti,accepted,model_gates_pass,,,,
liu2019-stress-free-period-map-v2,stress_free_lamellar_observable,f0.4_chiN25,0.4,25.0,11.344,bvk2,BVK2,frozen_c2_evaluation,4.249331803587117,4.267888820235659,-0.004348055310287591,0.004348055310287591,0.011227788082073349,0.9992301502667676,0.9996190466253556,0.998046875,false,1.3258453308014564,FilteredUDThetaAnalyticCellStressRoot,27,true,false,true,true,true,true,true,0.0022876218359480067,0.9847344167524867,0.4000000000000002,-2.659275278001169,4.933857826664044e-8,1.3925521125790569e-7,oversampled filtered UD-theta L-BFGS with cosine-Newton polish,2.373240715058955e-9,Polyorder.Successful(),9.782611507913396e-7,6.428097908888388e-7,0.1,0.08891435042157624,0.01,"Anderson(SD(0.1); m=10, warmup=100, αw=0.2)","VariableCell(BB(1.0), field_updater)",256,,,,0.16,,,,,,,cases/f0.4_chiN25/native_profiles.csv#model=bvk2,accepted,model_gates_pass,,2,12.0,ud-theta-spectral-adaptive-k-physical-sensor-filter-oversampled-v2
liu2019-stress-free-period-map-v2,stress_free_lamellar_observable,f0.4_chiN26,0.4,26.0,11.344,scft,SCFT,reference,4.311047285783541,4.311047285783541,0.0,0.0,0.0,1.0,1.0,0.0,false,,Polyorder.cell_solve!,55,true,false,true,true,true,true,true,0.002742116390676747,0.9853180126087072,0.4000000000000003,3.466730528858438,,,not_applicable,1.4962425734048427e-6,Polyorder.Successful(),7.873124103485657e-7,5.867946776307937e-7,0.1,0.08981348512049044,0.01,"Anderson(SD(0.1); m=10, warmup=100, αw=0.2)","VariableCell(BB(1.0), field_updater)",48,,,,,,,,,,,cases/f0.4_chiN26/native_profiles.csv#model=scft,accepted,reference_gates_pass,,,,
liu2019-stress-free-period-map-v2,stress_free_lamellar_observable,f0.4_chiN26,0.4,26.0,11.344,liu2019_opf,OPF (force/stress mapped),per_state_force_stress_mapping,4.27363834645917,4.311047285783541,-0.008677459755019212,0.008677459755019212,0.045049973663098666,0.9878211033597307,0.9943668590910011,0.0,false,1.113704252243042,StressRootBisection,50,true,false,true,true,true,true,true,-0.025005505217648882,0.949309786471616,0.3999999999999999,-0.2930806506194266,6.153235587026578e-7,1.3768824617399478e-6,mean-constrained Fourier nonlinear conjugate gradient,1.6424174686295661e-9,Polyorder.Successful(),7.873124103485657e-7,5.867946776307937e-7,0.1,0.08981348512049044,0.01,"Anderson(SD(0.1); m=10, warmup=100, αw=0.2)","VariableCell(BB(1.0), field_updater)",128,,,,,-1.0,-0.4452566805869223,1.8850895691074012,0.03810511694587296,0.27389948365460914,0.07189424732270122,cases/f0.4_chiN26/native_profiles.csv#model=liu2019_opf,accepted,model_gates_pass,,,,
liu2019-stress-free-period-map-v2,stress_free_lamellar_observable,f0.4_chiN26,0.4,26.0,11.344,ohta_kawasaki,Ohta-Kawasaki (recomputed),liu2019_ok_asymptotic_quadratic_mapped_c3_c4,3.562819561089334,4.311047285783541,-0.17356054691434808,0.17356054691434808,0.11409388191711377,0.9218833563061459,0.9970161615895264,0.0,false,1.0662068367004398,StressRootBisection,72,true,false,true,true,true,true,true,0.09145993833498012,0.8273968940524888,0.4,-2.315015751891083,7.691820204890705e-6,2.463339323366398e-5,mean-constrained Fourier nonlinear conjugate gradient,4.3015943245372565e-8,Polyorder.Successful(),7.873124103485657e-7,5.867946776307937e-7,0.1,0.08981348512049044,0.01,"Anderson(SD(0.1); m=10, warmup=100, αw=0.2)","VariableCell(BB(1.0), field_updater)",128,,,,,-22.021727022714686,-15.72424997267947,66.72017267714153,1.0416666666666667,13.02083333333333,,cases/f0.4_chiN26/native_profiles.csv#model=ohta_kawasaki,accepted,model_gates_pass,,,,
liu2019-stress-free-period-map-v2,stress_free_lamellar_observable,f0.4_chiN26,0.4,26.0,11.344,uneyama_doi,Uneyama-Doi,not_applicable,3.657342986136018,4.311047285783541,-0.15163468556775783,0.15163468556775783,0.029326516025880055,0.9948389293274275,0.9997379054884679,0.99609375,false,1.1411373235703794,BootstrapLocal,32,true,false,true,true,true,true,true,0.0329026744085599,0.9579473913761765,0.4000000000000519,-1.9027262545241657,9.823029191986405e-7,2.611787622286421e-6,mean-constrained fused-spectral L-BFGS with profile continuation,,Polyorder.Successful(),7.873124103485657e-7,5.867946776307937e-7,0.1,0.08981348512049044,0.01,"Anderson(SD(0.1); m=10, warmup=100, αw=0.2)","VariableCell(BB(1.0), field_updater)",128,,,1,,,,,,,,cases/f0.4_chiN26/native_profiles.csv#model=uneyama_doi,accepted,model_gates_pass,,,,
liu2019-stress-free-period-map-v2,stress_free_lamellar_observable,f0.4_chiN26,0.4,26.0,11.344,burp_ti,BURP-TI,not_applicable,3.489331536928115,4.311047285783541,-0.19060699045570262,0.19060699045570262,0.01326056617611636,0.998944780042982,0.9997321156131287,0.99609375,false,1.0887156239362294,BoundedKKTNewtonGMRES+AnalyticStressRoot,1,true,false,true,true,true,true,true,0.00038234999184121146,0.9960885819625424,0.4000000000000001,-2.571879590777371,0.0004510700205341099,0.0008433417962230294,bounded-KKT Newton-GMRES,8.922983866931082e-6,Polyorder.Successful(),7.873124103485657e-7,5.867946776307937e-7,0.1,0.08981348512049044,0.01,"Anderson(SD(0.1); m=10, warmup=100, αw=0.2)","VariableCell(BB(1.0), field_updater)",128,64,256,1,,,,,,,,cases/f0.4_chiN26/native_profiles.csv#model=burp_ti,accepted,model_gates_pass,,,,
liu2019-stress-free-period-map-v2,stress_free_lamellar_observable,f0.4_chiN26,0.4,26.0,11.344,bvk2,BVK2,frozen_c2_evaluation,4.291395240053918,4.311047285783541,-0.004558531703985125,0.004558531703985125,0.011167900770818055,0.9992515404900119,0.999628118838648,0.498046875,false,1.3389696556164532,FilteredUDThetaAnalyticCellStressRoot,25,true,false,true,true,true,true,true,0.0017041594792916138,0.9873697913018447,0.39999999999999997,-2.9734258840739978,1.838512345713663e-11,6.378218503333752e-11,oversampled filtered UD-theta L-BFGS with cosine-Newton polish,5.122889001896169e-9,Polyorder.Successful(),7.873124103485657e-7,5.867946776307937e-7,0.1,0.08981348512049044,0.01,"Anderson(SD(0.1); m=10, warmup=100, αw=0.2)","VariableCell(BB(1.0), field_updater)",256,,,,0.16,,,,,,,cases/f0.4_chiN26/native_profiles.csv#model=bvk2,accepted,model_gates_pass,,2,12.0,ud-theta-spectral-adaptive-k-physical-sensor-filter-oversampled-v2
liu2019-stress-free-period-map-v2,stress_free_lamellar_observable,f0.4_chiN27,0.4,27.0,11.344,scft,SCFT,reference,4.352307482695725,4.352307482695725,0.0,0.0,0.0,1.0,1.0,0.0,false,,Polyorder.cell_solve!,87,true,false,true,true,true,true,true,0.0022126480782802844,0.9872804373668878,0.4000000000000001,3.5382587703396293,,,not_applicable,3.5636028715977245e-6,Polyorder.Successful(),7.064832382758309e-7,4.3004244379805885e-7,0.1,0.09067307255616093,0.01,"Anderson(SD(0.1); m=10, warmup=100, αw=0.2)","VariableCell(BB(1.0), field_updater)",48,,,,,,,,,,,cases/f0.4_chiN27/native_profiles.csv#model=scft,accepted,reference_gates_pass,,,,
liu2019-stress-free-period-map-v2,stress_free_lamellar_observable,f0.4_chiN27,0.4,27.0,11.344,liu2019_opf,OPF (force/stress mapped),per_state_force_stress_mapping,4.317388214539933,4.352307482695725,-0.008023162034076714,0.008023162034076714,0.04620549837268153,0.9873870150265938,0.9941571377927605,0.0,false,1.1215659141540528,StressRootBisection,49,true,false,true,true,true,true,true,-0.025902812967567412,0.9507042288590832,0.39999999999999997,-0.3049771987949518,6.257404537596895e-7,1.5199178037272887e-6,mean-constrained Fourier nonlinear conjugate gradient,2.5107178332458246e-8,Polyorder.Successful(),7.064832382758309e-7,4.3004244379805885e-7,0.1,0.09067307255616093,0.01,"Anderson(SD(0.1); m=10, warmup=100, αw=0.2)","VariableCell(BB(1.0), field_updater)",128,,,,,-1.0,-0.45008921038120786,1.8927063425831654,0.03630275948420704,0.25767596627288225,0.07199609690435227,cases/f0.4_chiN27/native_profiles.csv#model=liu2019_opf,accepted,model_gates_pass,,,,
liu2019-stress-free-period-map-v2,stress_free_lamellar_observable,f0.4_chiN27,0.4,27.0,11.344,ohta_kawasaki,Ohta-Kawasaki (recomputed),liu2019_ok_asymptotic_quadratic_mapped_c3_c4,3.579815768722912,4.352307482695725,-0.1774901513838697,0.1774901513838697,0.11545967577152971,0.9212426258824632,0.9970678660850778,0.0,false,1.0712931096553802,StressRootBisection,76,true,false,true,true,true,true,true,0.09246643773784397,0.8285150992459922,0.4,-2.5162376698274684,6.777509160271984e-6,1.7035204253890157e-5,mean-constrained Fourier nonlinear conjugate gradient,5.263331434667986e-8,Polyorder.Successful(),7.064832382758309e-7,4.3004244379805885e-7,0.1,0.09067307255616093,0.01,"Anderson(SD(0.1); m=10, warmup=100, αw=0.2)","VariableCell(BB(1.0), field_updater)",128,,,,,-23.021727022714686,-16.817163713929165,70.87334993858995,1.0416666666666667,13.02083333333333,,cases/f0.4_chiN27/native_profiles.csv#model=ohta_kawasaki,accepted,model_gates_pass,,,,
liu2019-stress-free-period-map-v2,stress_free_lamellar_observable,f0.4_chiN27,0.4,27.0,11.344,uneyama_doi,Uneyama-Doi,not_applicable,3.6740209324273576,4.352307482695725,-0.15584527356239342,0.15584527356239342,0.027415384836982432,0.9955596290405536,0.999753020906438,0.99609375,false,1.1463410540013765,BootstrapLocal,32,true,false,true,true,true,true,true,0.030293538940105124,0.9622978272247517,0.39999999999997116,-2.131420003930087,7.096259354596987e-7,1.9653539423680755e-6,mean-constrained fused-spectral L-BFGS with profile continuation,,Polyorder.Successful(),7.064832382758309e-7,4.3004244379805885e-7,0.1,0.09067307255616093,0.01,"Anderson(SD(0.1); m=10, warmup=100, αw=0.2)","VariableCell(BB(1.0), field_updater)",128,,,1,,,,,,,,cases/f0.4_chiN27/native_profiles.csv#model=uneyama_doi,accepted,model_gates_pass,,,,
liu2019-stress-free-period-map-v2,stress_free_lamellar_observable,f0.4_chiN27,0.4,27.0,11.344,burp_ti,BURP-TI,not_applicable,3.511310641432981,4.352307482695725,-0.19323010715728406,0.19323010715728406,0.013327269139317468,0.9989506680487155,0.999738347826276,0.99609375,false,1.0955733828569083,BoundedKKTNewtonGMRES+AnalyticStressRoot,1,true,false,true,true,true,true,true,1.0000000000069388e-6,0.9973378228647597,0.4000000000000001,-2.8399892173773846,0.00040316800291020726,0.0007549333821534887,bounded-KKT Newton-GMRES,4.494194999027856e-5,Polyorder.Successful(),7.064832382758309e-7,4.3004244379805885e-7,0.1,0.09067307255616093,0.01,"Anderson(SD(0.1); m=10, warmup=100, αw=0.2)","VariableCell(BB(1.0), field_updater)",128,64,256,1,,,,,,,,cases/f0.4_chiN27/native_profiles.csv#model=burp_ti,accepted,model_gates_pass,,,,
liu2019-stress-free-period-map-v2,stress_free_lamellar_observable,f0.4_chiN27,0.4,27.0,11.344,bvk2,BVK2,frozen_c2_evaluation,4.331762361702641,4.352307482695725,-0.004720512297159418,0.004720512297159418,0.011138937165045295,0.9992669653414186,0.9996349175812506,0.498046875,false,1.351564708728256,FilteredUDThetaAnalyticCellStressRoot,26,true,false,true,true,true,true,true,0.0012733486859848504,0.9895129560449876,0.4000000000000001,-3.2971030297927166,1.762155088776689e-11,5.662905631542193e-11,oversampled filtered UD-theta L-BFGS with cosine-Newton polish,5.575540029667536e-13,Polyorder.Successful(),7.064832382758309e-7,4.3004244379805885e-7,0.1,0.09067307255616093,0.01,"Anderson(SD(0.1); m=10, warmup=100, αw=0.2)","VariableCell(BB(1.0), field_updater)",256,,,,0.16,,,,,,,cases/f0.4_chiN27/native_profiles.csv#model=bvk2,accepted,model_gates_pass,,2,12.0,ud-theta-spectral-adaptive-k-physical-sensor-filter-oversampled-v2
liu2019-stress-free-period-map-v2,stress_free_lamellar_observable,f0.4_chiN28,0.4,28.0,11.344,scft,SCFT,reference,4.391833536650907,4.391833536650907,0.0,0.0,0.0,1.0,1.0,0.0,false,,Polyorder.cell_solve!,86,true,false,true,true,true,true,true,0.001796156155828186,0.9889350936154698,0.3999999999999994,3.607261468995584,,,not_applicable,1.541263588804824e-8,Polyorder.Successful(),9.247281098926692e-7,6.255169568832844e-7,0.1,0.09149653201356056,0.01,"Anderson(SD(0.1); m=10, warmup=100, αw=0.2)","VariableCell(BB(1.0), field_updater)",48,,,,,,,,,,,cases/f0.4_chiN28/native_profiles.csv#model=scft,accepted,reference_gates_pass,,,,
liu2019-stress-free-period-map-v2,stress_free_lamellar_observable,f0.4_chiN28,0.4,28.0,11.344,liu2019_opf,OPF (force/stress mapped),per_state_force_stress_mapping,4.359381054253747,4.391833536650907,-0.007389278788992315,0.007389278788992315,0.0473569530012917,0.986935797980941,0.993938885289757,0.0,false,1.1292903900146487,StressRootBisection,47,true,false,true,true,true,true,true,-0.02671518592130595,0.9518585717413042,0.4000000000000001,-0.3162679388980591,4.858422962848456e-7,1.207467082250946e-6,mean-constrained Fourier nonlinear conjugate gradient,4.837593345823087e-8,Polyorder.Successful(),9.247281098926692e-7,6.255169568832844e-7,0.1,0.09149653201356056,0.01,"Anderson(SD(0.1); m=10, warmup=100, αw=0.2)","VariableCell(BB(1.0), field_updater)",128,,,,,-1.0,-0.4545398074302441,1.8999114444279888,0.03464231713305579,0.2431361897610604,0.07204607419631888,cases/f0.4_chiN28/native_profiles.csv#model=liu2019_opf,accepted,model_gates_pass,,,,
liu2019-stress-free-period-map-v2,stress_free_lamellar_observable,f0.4_chiN28,0.4,28.0,11.344,ohta_kawasaki,Ohta-Kawasaki (recomputed),liu2019_ok_asymptotic_quadratic_mapped_c3_c4,3.596653035568975,4.391833536650907,-0.18105888905987877,0.18105888905987877,0.11674914851041034,0.9205995748505372,0.9971078767048589,0.0,false,1.0763318181037904,StressRootBisection,75,true,false,true,true,true,true,true,0.09344248835942615,0.8293379659289081,0.39999999999999997,-2.719626105323566,2.603234714138297e-6,5.9152111528959495e-6,mean-constrained Fourier nonlinear conjugate gradient,1.4911409110661465e-8,Polyorder.Successful(),9.247281098926692e-7,6.255169568832844e-7,0.1,0.09149653201356056,0.01,"Anderson(SD(0.1); m=10, warmup=100, αw=0.2)","VariableCell(BB(1.0), field_updater)",128,,,,,-24.021727022714686,-17.920695455178866,75.06302602003836,1.0416666666666667,13.02083333333333,,cases/f0.4_chiN28/native_profiles.csv#model=ohta_kawasaki,accepted,model_gates_pass,,,,
liu2019-stress-free-period-map-v2,stress_free_lamellar_observable,f0.4_chiN28,0.4,28.0,11.344,uneyama_doi,Uneyama-Doi,not_applicable,3.6901998356366628,4.391833536650907,-0.15975871925903895,0.15975871925903895,0.02576559496031503,0.9961328079976185,0.9997571870068197,0.99609375,false,1.151389076671538,BootstrapLocal,32,true,false,true,true,true,true,true,0.028007223084588587,0.9660279399667371,0.399999999999893,-2.367487001105361,7.897482868259012e-7,1.9711700439684066e-6,mean-constrained fused-spectral L-BFGS with profile continuation,,Polyorder.Successful(),9.247281098926692e-7,6.255169568832844e-7,0.1,0.09149653201356056,0.01,"Anderson(SD(0.1); m=10, warmup=100, αw=0.2)","VariableCell(BB(1.0), field_updater)",128,,,1,,,,,,,,cases/f0.4_chiN28/native_profiles.csv#model=uneyama_doi,accepted,model_gates_pass,,,,
liu2019-stress-free-period-map-v2,stress_free_lamellar_observable,f0.4_chiN28,0.4,28.0,11.344,burp_ti,BURP-TI,not_applicable,3.5336397310240466,4.391833536650907,-0.1954067244272868,0.1954067244272868,0.013449126833488034,0.9989463325528867,0.9997351733687132,0.99609375,false,1.1025403415562434,BoundedKKTNewtonGMRES+AnalyticStressRoot,1,true,false,true,true,true,true,true,1.0e-6,0.9982575531985141,0.4,-3.115372473237251,0.000482079928579489,0.0008827920506746523,bounded-KKT Newton-GMRES,6.355695857075303e-5,Polyorder.Successful(),9.247281098926692e-7,6.255169568832844e-7,0.1,0.09149653201356056,0.01,"Anderson(SD(0.1); m=10, warmup=100, αw=0.2)","VariableCell(BB(1.0), field_updater)",128,64,256,1,,,,,,,,cases/f0.4_chiN28/native_profiles.csv#model=burp_ti,accepted,model_gates_pass,,,,
liu2019-stress-free-period-map-v2,stress_free_lamellar_observable,f0.4_chiN28,0.4,28.0,11.344,bvk2,BVK2,frozen_c2_evaluation,4.370567011579558,4.391833536650907,-0.0048422885097704205,0.0048422885097704205,0.011189586607932994,0.9992706264846487,0.999636227916575,0.4990234375,false,1.3636722508621193,FilteredUDThetaAnalyticCellStressRoot,26,true,false,true,true,true,true,true,0.000954119668079924,0.9912644144878621,0.4,-3.6296972282577005,1.6875018160346943e-11,6.171286069848318e-11,oversampled filtered UD-theta L-BFGS with cosine-Newton polish,9.657042276955963e-9,Polyorder.Successful(),9.247281098926692e-7,6.255169568832844e-7,0.1,0.09149653201356056,0.01,"Anderson(SD(0.1); m=10, warmup=100, αw=0.2)","VariableCell(BB(1.0), field_updater)",256,,,,0.16,,,,,,,cases/f0.4_chiN28/native_profiles.csv#model=bvk2,accepted,model_gates_pass,,2,12.0,ud-theta-spectral-adaptive-k-physical-sensor-filter-oversampled-v2
liu2019-stress-free-period-map-v2,stress_free_lamellar_observable,f0.4_chiN29,0.4,29.0,11.344,scft,SCFT,reference,4.429825630641341,4.429825630641341,0.0,0.0,0.0,1.0,1.0,0.0,false,,Polyorder.cell_solve!,398,true,false,true,true,true,true,true,0.0014665789236342035,0.99033523871228,0.3999999999999984,3.6739473989478926,,,not_applicable,1.3937865742841807e-6,Polyorder.Successful(),6.779882958156981e-7,4.6532929456685163e-7,0.1,0.0922880339716946,0.01,"Anderson(SD(0.1); m=10, warmup=100, αw=0.2)","VariableCell(BB(1.0), field_updater)",48,,,,,,,,,,,cases/f0.4_chiN29/native_profiles.csv#model=scft,accepted,reference_gates_pass,,,,
liu2019-stress-free-period-map-v2,stress_free_lamellar_observable,f0.4_chiN29,0.4,29.0,11.344,liu2019_opf,OPF (force/stress mapped),per_state_force_stress_mapping,4.399822833596151,4.429825630641341,-0.006772907005110906,0.006772907005110906,0.0486195764002758,0.9864046391753537,0.9936814850467791,0.0,false,1.1368846893310547,StressRootBisection,47,true,false,true,true,true,true,true,-0.02744475466927615,0.9528243003975699,0.39999999999999997,-0.32701852150613353,4.860481169738508e-7,1.1826118976460132e-6,mean-constrained Fourier nonlinear conjugate gradient,9.275359186991014e-8,Polyorder.Successful(),6.779882958156981e-7,4.6532929456685163e-7,0.1,0.0922880339716946,0.01,"Anderson(SD(0.1); m=10, warmup=100, αw=0.2)","VariableCell(BB(1.0), field_updater)",128,,,,,-1.0,-0.4586510926136957,1.9067240774928265,0.03310743949443765,0.23002232120671903,0.07205241251231245,cases/f0.4_chiN29/native_profiles.csv#model=liu2019_opf,accepted,model_gates_pass,,,,
liu2019-stress-free-period-map-v2,stress_free_lamellar_observable,f0.4_chiN29,0.4,29.0,11.344,ohta_kawasaki,Ohta-Kawasaki (recomputed),liu2019_ok_asymptotic_quadratic_mapped_c3_c4,3.613317140609689,4.429825630641341,-0.1843206839528443,0.1843206839528443,0.11800775128048312,0.9199079395904295,0.9971081952932899,0.0,false,1.0813187062740326,StressRootBisection,76,true,false,true,true,true,true,true,0.09434709548547016,0.8299177840508656,0.4000000000000001,-2.924993125476659,5.687641655498086e-6,1.7089789125179777e-5,mean-constrained Fourier nonlinear conjugate gradient,3.0923208464463534e-8,Polyorder.Successful(),6.779882958156981e-7,4.6532929456685163e-7,0.1,0.0922880339716946,0.01,"Anderson(SD(0.1); m=10, warmup=100, αw=0.2)","VariableCell(BB(1.0), field_updater)",128,,,,,-25.021727022714686,-19.034845196428563,79.28920092148678,1.0416666666666667,13.02083333333333,,cases/f0.4_chiN29/native_profiles.csv#model=ohta_kawasaki,accepted,model_gates_pass,,,,
liu2019-stress-free-period-map-v2,stress_free_lamellar_observable,f0.4_chiN29,0.4,29.0,11.344,uneyama_doi,Uneyama-Doi,not_applicable,3.70591839662955,4.429825630641341,-0.1634166430851106,0.1634166430851106,0.024577546457303766,0.9965258749368746,0.999719070382066,0.99609375,false,1.1562934667409945,BootstrapLocal,32,true,false,true,true,true,true,true,0.025991158872904742,0.9692456697080052,0.4000000000007571,-2.6104606532735195,9.779912293076591e-7,2.6559442035667402e-6,mean-constrained fused-spectral L-BFGS with profile continuation,,Polyorder.Successful(),6.779882958156981e-7,4.6532929456685163e-7,0.1,0.0922880339716946,0.01,"Anderson(SD(0.1); m=10, warmup=100, αw=0.2)","VariableCell(BB(1.0), field_updater)",128,,,1,,,,,,,,cases/f0.4_chiN29/native_profiles.csv#model=uneyama_doi,accepted,model_gates_pass,,,,
liu2019-stress-free-period-map-v2,stress_free_lamellar_observable,f0.4_chiN29,0.4,29.0,11.344,burp_ti,BURP-TI,not_applicable,3.555911715206456,4.429825630641341,-0.19727952933180393,0.19727952933180393,0.01408366144202786,0.9988592261693123,0.9996896136367018,0.99609375,false,1.109489482644968,BoundedKKTNewtonGMRES+AnalyticStressRoot,1,true,false,true,true,true,true,true,1.0e-6,0.9989492016421166,0.4000000000000001,-3.3974039827989957,0.00044468542592143305,0.0008176415453826635,bounded-KKT Newton-GMRES,8.266646702116912e-5,Polyorder.Successful(),6.779882958156981e-7,4.6532929456685163e-7,0.1,0.0922880339716946,0.01,"Anderson(SD(0.1); m=10, warmup=100, αw=0.2)","VariableCell(BB(1.0), field_updater)",128,64,256,1,,,,,,,,cases/f0.4_chiN29/native_profiles.csv#model=burp_ti,accepted,model_gates_pass,,,,
liu2019-stress-free-period-map-v2,stress_free_lamellar_observable,f0.4_chiN29,0.4,29.0,11.344,bvk2,BVK2,frozen_c2_evaluation,4.407929158481245,4.429825630641341,-0.004942964799480309,0.004942964799480309,0.011197646707297065,0.9992788451631254,0.9996400532906151,0.4990234375,false,1.375329713801705,FilteredUDThetaAnalyticCellStressRoot,26,true,false,true,true,true,true,true,0.0007167988099907739,0.9927020909328687,0.40000000000000013,-3.970673109848125,1.6683211644620148e-11,5.6747721845382296e-11,oversampled filtered UD-theta L-BFGS with cosine-Newton polish,2.1467272404152027e-12,Polyorder.Successful(),6.779882958156981e-7,4.6532929456685163e-7,0.1,0.0922880339716946,0.01,"Anderson(SD(0.1); m=10, warmup=100, αw=0.2)","VariableCell(BB(1.0), field_updater)",256,,,,0.16,,,,,,,cases/f0.4_chiN29/native_profiles.csv#model=bvk2,accepted,model_gates_pass,,2,12.0,ud-theta-spectral-adaptive-k-physical-sensor-filter-oversampled-v2
liu2019-stress-free-period-map-v2,stress_free_lamellar_observable,f0.4_chiN30,0.4,30.0,11.344,scft,SCFT,reference,4.466392812073751,4.466392812073751,0.0,0.0,0.0,1.0,1.0,0.0,false,,Polyorder.cell_solve!,79,true,false,true,true,true,true,true,0.0012027560129344917,0.9915393169373745,0.4000000000000004,3.738497566298191,,,not_applicable,3.947717938909512e-7,Polyorder.Successful(),7.849873905452369e-7,6.248896442794602e-7,0.1,0.09304985025153649,0.01,"Anderson(SD(0.1); m=10, warmup=100, αw=0.2)","VariableCell(BB(1.0), field_updater)",48,,,,,,,,,,,cases/f0.4_chiN30/native_profiles.csv#model=scft,accepted,reference_gates_pass,,,,
liu2019-stress-free-period-map-v2,stress_free_lamellar_observable,f0.4_chiN30,0.4,30.0,11.344,liu2019_opf,OPF (force/stress mapped),per_state_force_stress_mapping,4.438806870702973,4.466392812073751,-0.00617633569895748,0.00617633569895748,0.049444734079482335,0.9861021307212274,0.9935354430075327,0.0,false,1.144346809387207,StressRootBisection,48,true,false,true,true,true,true,true,-0.028087051859538525,0.9536410430898756,0.4000000000000001,-0.3372759547131433,6.270463691456376e-7,1.6361995910652016e-6,mean-constrained Fourier nonlinear conjugate gradient,5.7079141293395107e-8,Polyorder.Successful(),7.849873905452369e-7,6.248896442794602e-7,0.1,0.09304985025153649,0.01,"Anderson(SD(0.1); m=10, warmup=100, αw=0.2)","VariableCell(BB(1.0), field_updater)",128,,,,,-1.0,-0.46245840786025794,1.9131619353602214,0.031684275142884036,0.21813678265479933,0.07202215356960354,cases/f0.4_chiN30/native_profiles.csv#model=liu2019_opf,accepted,model_gates_pass,,,,
liu2019-stress-free-period-map-v2,stress_free_lamellar_observable,f0.4_chiN30,0.4,30.0,11.344,ohta_kawasaki,Ohta-Kawasaki (recomputed),liu2019_ok_asymptotic_quadratic_mapped_c3_c4,3.629797627214299,4.466392812073751,-0.18730891349232226,0.18730891349232226,0.11909704434416256,0.9193675049370299,0.9972088285800401,0.0,false,1.0862506449222566,StressRootBisection,53,true,false,true,true,true,true,true,0.09519003647081636,0.8302967196303198,0.4000000000000001,-3.132170483847881,6.92432491767305e-6,1.7280588019641385e-5,mean-constrained Fourier nonlinear conjugate gradient,6.7063242246991e-8,Polyorder.Successful(),7.849873905452369e-7,6.248896442794602e-7,0.1,0.09304985025153649,0.01,"Anderson(SD(0.1); m=10, warmup=100, αw=0.2)","VariableCell(BB(1.0), field_updater)",128,,,,,-26.021727022714686,-20.159612937678258,83.5518746429352,1.0416666666666667,13.02083333333333,,cases/f0.4_chiN30/native_profiles.csv#model=ohta_kawasaki,accepted,model_gates_pass,,,,
liu2019-stress-free-period-map-v2,stress_free_lamellar_observable,f0.4_chiN30,0.4,30.0,11.344,uneyama_doi,Uneyama-Doi,not_applicable,3.721208178738114,4.466392812073751,-0.16684260983969457,0.16684260983969457,0.02278363337810342,0.9970491026761069,0.9997916422295722,0.99609375,false,1.1610640723690364,BootstrapLocal,32,true,false,true,true,true,true,true,0.024203160046608687,0.9720370452836462,0.400000000000232,-2.859923198613311,6.461750987171938e-7,1.6975702192834063e-6,mean-constrained fused-spectral L-BFGS with profile continuation,,Polyorder.Successful(),7.849873905452369e-7,6.248896442794602e-7,0.1,0.09304985025153649,0.01,"Anderson(SD(0.1); m=10, warmup=100, αw=0.2)","VariableCell(BB(1.0), field_updater)",128,,,1,,,,,,,,cases/f0.4_chiN30/native_profiles.csv#model=uneyama_doi,accepted,model_gates_pass,,,,
liu2019-stress-free-period-map-v2,stress_free_lamellar_observable,f0.4_chiN30,0.4,30.0,11.344,burp_ti,BURP-TI,not_applicable,3.5781107339647327,4.466392812073751,-0.19888131552329547,0.19888131552329547,0.013242958208053731,0.9990030390484983,0.9997555990613811,0.99609375,false,1.1164158575974226,BoundedKKTNewtonGMRES+AnalyticStressRoot,1,true,false,true,true,true,true,true,1.0000000000555111e-6,0.9994811968109857,0.40000000000000036,-3.6858041877440746,0.0003783680158713613,0.0008065797470102609,bounded-KKT Newton-GMRES,9.061330840690134e-5,Polyorder.Successful(),7.849873905452369e-7,6.248896442794602e-7,0.1,0.09304985025153649,0.01,"Anderson(SD(0.1); m=10, warmup=100, αw=0.2)","VariableCell(BB(1.0), field_updater)",128,64,256,1,,,,,,,,cases/f0.4_chiN30/native_profiles.csv#model=burp_ti,accepted,model_gates_pass,,,,
liu2019-stress-free-period-map-v2,stress_free_lamellar_observable,f0.4_chiN30,0.4,30.0,11.344,bvk2,BVK2,frozen_c2_evaluation,4.443956524793772,4.466392812073751,-0.005023357376746751,0.005023357376746751,0.011097963295026547,0.9992998334302936,0.9996504037203513,0.998046875,false,1.3865707082955252,FilteredUDThetaAnalyticCellStressRoot,29,true,false,true,true,true,true,true,0.0005398354966613384,0.9938869179182328,0.39999999999999997,-4.319557725174495,1.2240803659185735e-11,3.4300540866721476e-11,oversampled filtered UD-theta L-BFGS with cosine-Newton polish,3.6504133049675147e-13,Polyorder.Successful(),7.849873905452369e-7,6.248896442794602e-7,0.1,0.09304985025153649,0.01,"Anderson(SD(0.1); m=10, warmup=100, αw=0.2)","VariableCell(BB(1.0), field_updater)",256,,,,0.16,,,,,,,cases/f0.4_chiN30/native_profiles.csv#model=bvk2,accepted,model_gates_pass,,2,12.0,ud-theta-spectral-adaptive-k-physical-sensor-filter-oversampled-v2
liu2019-stress-free-period-map-v2,stress_free_lamellar_observable,f0.4_chiN31,0.4,31.0,11.344,scft,SCFT,reference,4.501673037330628,4.501673037330628,0.0,0.0,0.0,1.0,1.0,0.0,false,,Polyorder.cell_solve!,126,true,false,true,true,true,true,true,0.0009915858009462456,0.9925665269570169,0.3999999999999988,3.8010729187922294,,,not_applicable,1.080518451582139e-6,Polyorder.Successful(),7.616165093818983e-7,5.679035920925791e-7,0.1,0.09378485494438808,0.01,"Anderson(SD(0.1); m=10, warmup=100, αw=0.2)","VariableCell(BB(1.0), field_updater)",48,,,,,,,,,,,cases/f0.4_chiN31/native_profiles.csv#model=scft,accepted,reference_gates_pass,,,,
liu2019-stress-free-period-map-v2,stress_free_lamellar_observable,f0.4_chiN31,0.4,31.0,11.344,liu2019_opf,OPF (force/stress mapped),per_state_force_stress_mapping,4.4764859750317285,4.501673037330628,-0.005595044795575488,0.005595044795575488,0.05045897443706836,0.9856799504344828,0.9933309317182579,0.0,false,1.151684761047363,StressRootBisection,48,true,false,true,true,true,true,true,-0.02870151849242225,0.9543424572671275,0.39999999999999997,-0.3470889525185671,5.05380040531828e-7,1.087268664476393e-6,mean-constrained Fourier nonlinear conjugate gradient,6.886868720619533e-8,Polyorder.Successful(),7.616165093818983e-7,5.679035920925791e-7,0.1,0.09378485494438808,0.01,"Anderson(SD(0.1); m=10, warmup=100, αw=0.2)","VariableCell(BB(1.0), field_updater)",128,,,,,-1.0,-0.46599279770982616,1.919251373443207,0.03036078139191783,0.20730891891809877,0.07196390015030804,cases/f0.4_chiN31/native_profiles.csv#model=liu2019_opf,accepted,model_gates_pass,,,,
liu2019-stress-free-period-map-v2,stress_free_lamellar_observable,f0.4_chiN31,0.4,31.0,11.344,ohta_kawasaki,Ohta-Kawasaki (recomputed),liu2019_ok_asymptotic_quadratic_mapped_c3_c4,3.6460857118129644,4.501673037330628,-0.1900598551744228,0.1900598551744228,0.12019423568480586,0.9187478310860249,0.9972525562134844,0.0,false,1.0911250054836268,StressRootBisection,53,true,false,true,true,true,true,true,0.09599139014653241,0.8305092062787878,0.39999999999999997,-3.341005231786484,7.882619564255385e-6,2.0761852445705387e-5,mean-constrained Fourier nonlinear conjugate gradient,5.5711015425255265e-9,Polyorder.Successful(),7.616165093818983e-7,5.679035920925791e-7,0.1,0.09378485494438808,0.01,"Anderson(SD(0.1); m=10, warmup=100, αw=0.2)","VariableCell(BB(1.0), field_updater)",128,,,,,-27.021727022714686,-21.294998678927957,87.85104718438362,1.0416666666666667,13.02083333333333,,cases/f0.4_chiN31/native_profiles.csv#model=ohta_kawasaki,accepted,model_gates_pass,,,,
liu2019-stress-free-period-map-v2,stress_free_lamellar_observable,f0.4_chiN31,0.4,31.0,11.344,uneyama_doi,Uneyama-Doi,not_applicable,3.7360955111683283,4.501673037330628,-0.17006511130721003,0.17006511130721003,0.021535961510963313,0.9973914677211931,0.9998022016712512,0.99609375,false,1.1657091086013276,BootstrapLocal,32,true,false,true,true,true,true,true,0.022603884523310046,0.97447122160604,0.4000000000002955,-3.1154986145021715,8.836259776697008e-7,2.3572041530917076e-6,mean-constrained fused-spectral L-BFGS with profile continuation,,Polyorder.Successful(),7.616165093818983e-7,5.679035920925791e-7,0.1,0.09378485494438808,0.01,"Anderson(SD(0.1); m=10, warmup=100, αw=0.2)","VariableCell(BB(1.0), field_updater)",128,,,1,,,,,,,,cases/f0.4_chiN31/native_profiles.csv#model=uneyama_doi,accepted,model_gates_pass,,,,
liu2019-stress-free-period-map-v2,stress_free_lamellar_observable,f0.4_chiN31,0.4,31.0,11.344,burp_ti,BURP-TI,not_applicable,3.600308018585885,4.501673037330628,-0.20022889518409548,0.20022889518409548,0.013194728806747227,0.9990208062799825,0.9997589392888714,0.99609375,false,1.1233416914771357,BoundedKKTNewtonGMRES+AnalyticStressRoot,1,true,false,true,true,true,true,true,1.0000000000555111e-6,0.999900446944509,0.4000000000000001,-3.980418231812399,0.00037961220466147086,0.0007217802936594353,bounded-KKT Newton-GMRES,8.907114036781939e-5,Polyorder.Successful(),7.616165093818983e-7,5.679035920925791e-7,0.1,0.09378485494438808,0.01,"Anderson(SD(0.1); m=10, warmup=100, αw=0.2)","VariableCell(BB(1.0), field_updater)",128,64,256,1,,,,,,,,cases/f0.4_chiN31/native_profiles.csv#model=burp_ti,accepted,model_gates_pass,,,,
liu2019-stress-free-period-map-v2,stress_free_lamellar_observable,f0.4_chiN31,0.4,31.0,11.344,bvk2,BVK2,frozen_c2_evaluation,4.478746073436575,4.501673037330628,-0.005092987363570889,0.005092987363570889,0.011092647329522398,0.9993079382628912,0.9996543809407222,0.998046875,false,1.3974254880022579,FilteredUDThetaAnalyticCellStressRoot,26,true,false,true,true,true,true,true,0.0004075062352826023,0.9948669070781765,0.39999999999999974,-4.675931035515179,2.3624449330676834e-11,7.706895939278294e-11,oversampled filtered UD-theta L-BFGS with cosine-Newton polish,1.6313097539466526e-9,Polyorder.Successful(),7.616165093818983e-7,5.679035920925791e-7,0.1,0.09378485494438808,0.01,"Anderson(SD(0.1); m=10, warmup=100, αw=0.2)","VariableCell(BB(1.0), field_updater)",256,,,,0.16,,,,,,,cases/f0.4_chiN31/native_profiles.csv#model=bvk2,accepted,model_gates_pass,,2,12.0,ud-theta-spectral-adaptive-k-physical-sensor-filter-oversampled-v2
liu2019-stress-free-period-map-v2,stress_free_lamellar_observable,f0.4_chiN32,0.4,32.0,11.344,scft,SCFT,reference,4.535765125986985,4.535765125986985,0.0,0.0,0.0,1.0,1.0,0.0,false,,Polyorder.cell_solve!,84,true,false,true,true,true,true,true,0.0008212380523450422,0.993451023574321,0.3999999999999995,3.8618119611118082,,,not_applicable,1.772298170786518e-6,Polyorder.Successful(),8.175959786410915e-7,5.686040873351212e-7,0.1,0.09449510679139551,0.01,"Anderson(SD(0.1); m=10, warmup=100, αw=0.2)","VariableCell(BB(1.0), field_updater)",48,,,,,,,,,,,cases/f0.4_chiN32/native_profiles.csv#model=scft,accepted,reference_gates_pass,,,,
liu2019-stress-free-period-map-v2,stress_free_lamellar_observable,f0.4_chiN32,0.4,32.0,11.344,liu2019_opf,OPF (force/stress mapped),per_state_force_stress_mapping,4.512949121934435,4.535765125986985,-0.005030243722680683,0.005030243722680683,0.05148205814908467,0.9852393909291349,0.9931173464851987,0.0,false,1.1589005470275882,StressRootBisection,49,true,false,true,true,true,true,true,-0.029242637818410022,0.9549922551580271,0.40000000000000013,-0.3564940821987226,7.118610207525633e-7,2.2041818758533616e-6,mean-constrained Fourier nonlinear conjugate gradient,6.007496046120123e-8,Polyorder.Successful(),8.175959786410915e-7,5.686040873351212e-7,0.1,0.09449510679139551,0.01,"Anderson(SD(0.1); m=10, warmup=100, αw=0.2)","VariableCell(BB(1.0), field_updater)",128,,,,,-1.0,-0.4692819774231088,1.9250104193727409,0.02912702841635064,0.19740519373508408,0.0718799162007533,cases/f0.4_chiN32/native_profiles.csv#model=liu2019_opf,accepted,model_gates_pass,,,,
liu2019-stress-free-period-map-v2,stress_free_lamellar_observable,f0.4_chiN32,0.4,32.0,11.344,ohta_kawasaki,Ohta-Kawasaki (recomputed),liu2019_ok_asymptotic_quadratic_mapped_c3_c4,3.6621757478250827,4.535765125986985,-0.19260022375426877,0.19260022375426877,0.12125756428111129,0.9181139057025103,0.9972854153428646,0.0,false,1.0959400981664658,StressRootBisection,54,true,false,true,true,true,true,true,0.09675761940513772,0.8305831753757827,0.4,-3.5513589062292437,8.031784102067978e-6,2.0779562661665807e-5,mean-constrained Fourier nonlinear conjugate gradient,7.603606546008634e-9,Polyorder.Successful(),8.175959786410915e-7,5.686040873351212e-7,0.1,0.09449510679139551,0.01,"Anderson(SD(0.1); m=10, warmup=100, αw=0.2)","VariableCell(BB(1.0), field_updater)",128,,,,,-28.021727022714686,-22.44100242017765,92.18671854583204,1.0416666666666667,13.02083333333333,,cases/f0.4_chiN32/native_profiles.csv#model=ohta_kawasaki,accepted,model_gates_pass,,,,
liu2019-stress-free-period-map-v2,stress_free_lamellar_observable,f0.4_chiN32,0.4,32.0,11.344,uneyama_doi,Uneyama-Doi,not_applicable,3.7506028140266383,4.535765125986985,-0.1731047111460594,0.1731047111460594,0.020497787023614503,0.9976600507976073,0.9998010217606338,0.99609375,false,1.1702355707949779,BootstrapLocal,32,true,false,true,true,true,true,true,0.021149030270509912,0.9766042964694777,0.3999999999997292,-3.376846807795345,9.97853595355143e-7,2.462377022172113e-6,mean-constrained fused-spectral L-BFGS with profile continuation,,Polyorder.Successful(),8.175959786410915e-7,5.686040873351212e-7,0.1,0.09449510679139551,0.01,"Anderson(SD(0.1); m=10, warmup=100, αw=0.2)","VariableCell(BB(1.0), field_updater)",128,,,1,,,,,,,,cases/f0.4_chiN32/native_profiles.csv#model=uneyama_doi,accepted,model_gates_pass,,,,
liu2019-stress-free-period-map-v2,stress_free_lamellar_observable,f0.4_chiN32,0.4,32.0,11.344,burp_ti,BURP-TI,not_applicable,3.6224636238534793,4.535765125986985,-0.2013555545239505,0.2013555545239505,0.013284542972186751,0.9990171534611113,0.9997502808790673,0.99609375,false,1.1302545208707648,BoundedKKTNewtonGMRES+AnalyticStressRoot,1,true,false,true,true,true,true,true,1.0e-6,0.9999989999999989,0.39999999999999974,-4.2810023851736165,0.0004749838533653035,0.0010762341635928152,bounded-KKT Newton-GMRES,7.984713069575592e-5,Polyorder.Successful(),8.175959786410915e-7,5.686040873351212e-7,0.1,0.09449510679139551,0.01,"Anderson(SD(0.1); m=10, warmup=100, αw=0.2)","VariableCell(BB(1.0), field_updater)",128,64,256,1,,,,,,,,cases/f0.4_chiN32/native_profiles.csv#model=burp_ti,accepted,model_gates_pass,,,,
liu2019-stress-free-period-map-v2,stress_free_lamellar_observable,f0.4_chiN32,0.4,32.0,11.344,bvk2,BVK2,frozen_c2_evaluation,4.51238519915665,4.535765125986985,-0.0051545717604253305,0.0051545717604253305,0.011171032753523604,0.9993049981734935,0.9996528781010287,0.9970703125,false,1.4079213211896204,FilteredUDThetaAnalyticCellStressRoot,30,true,false,true,true,true,true,true,0.0003082912386119602,0.9956801507549747,0.40000000000000013,-5.039417998210874,1.393943589237846e-11,4.162907971618632e-11,oversampled filtered UD-theta L-BFGS with cosine-Newton polish,9.72111280361787e-13,Polyorder.Successful(),8.175959786410915e-7,5.686040873351212e-7,0.1,0.09449510679139551,0.01,"Anderson(SD(0.1); m=10, warmup=100, αw=0.2)","VariableCell(BB(1.0), field_updater)",256,,,,0.16,,,,,,,cases/f0.4_chiN32/native_profiles.csv#model=bvk2,accepted,model_gates_pass,,2,12.0,ud-theta-spectral-adaptive-k-physical-sensor-filter-oversampled-v2
liu2019-stress-free-period-map-v2,stress_free_lamellar_observable,f0.4_chiN33,0.4,33.0,11.344,scft,SCFT,reference,4.568750896906706,4.568750896906706,0.0,0.0,0.0,1.0,1.0,0.0,false,,Polyorder.cell_solve!,402,true,false,true,true,true,true,true,0.0007015094448004244,0.9940477509099027,0.3999999999999999,3.920836476049452,,,not_applicable,6.320786994260886e-8,Polyorder.Successful(),8.121015819447589e-7,5.728323751281207e-7,0.1,0.09518231035222303,0.01,"Anderson(SD(0.1); m=10, warmup=100, αw=0.2)","VariableCell(BB(1.0), field_updater)",48,,,,,,,,,,,cases/f0.4_chiN33/native_profiles.csv#model=scft,accepted,reference_gates_pass,,,,
liu2019-stress-free-period-map-v2,stress_free_lamellar_observable,f0.4_chiN33,0.4,33.0,11.344,liu2019_opf,OPF (force/stress mapped),per_state_force_stress_mapping,4.548143255808816,4.568750896906706,-0.004510563513506982,0.004510563513506982,0.05245659817605391,0.984814249023121,0.9929108425082069,0.03125,false,1.1659601211547852,StressRootBisection,48,true,false,true,true,true,true,true,-0.02975172732785525,0.9556115244568043,0.39999999999999997,-0.3654915358974724,3.947282805509444e-7,1.274758741925952e-6,mean-constrained Fourier nonlinear conjugate gradient,8.364882962011741e-8,Polyorder.Successful(),8.121015819447589e-7,5.728323751281207e-7,0.1,0.09518231035222303,0.01,"Anderson(SD(0.1); m=10, warmup=100, αw=0.2)","VariableCell(BB(1.0), field_updater)",128,,,,,-1.0,-0.47233099614388624,1.9303713630809114,0.02798099629291355,0.18835662156673277,0.07174886192022649,cases/f0.4_chiN33/native_profiles.csv#model=liu2019_opf,accepted,model_gates_pass,,,,
liu2019-stress-free-period-map-v2,stress_free_lamellar_observable,f0.4_chiN33,0.4,33.0,11.344,ohta_kawasaki,Ohta-Kawasaki (recomputed),liu2019_ok_asymptotic_quadratic_mapped_c3_c4,3.6780631343331143,4.568750896906706,-0.19495213958297353,0.19495213958297353,0.12227521326435395,0.9174888033576661,0.9973247094191536,0.03125,false,1.1006945461034774,StressRootBisection,54,true,false,true,true,true,true,true,0.0974979503761283,0.8305416908040029,0.39999999999999997,-3.763104132886776,7.819758414947058e-6,1.792435549008431e-5,mean-constrained Fourier nonlinear conjugate gradient,5.011704700760244e-8,Polyorder.Successful(),8.121015819447589e-7,5.728323751281207e-7,0.1,0.09518231035222303,0.01,"Anderson(SD(0.1); m=10, warmup=100, αw=0.2)","VariableCell(BB(1.0), field_updater)",128,,,,,-29.021727022714686,-23.597624161427348,96.55888872728045,1.0416666666666667,13.02083333333333,,cases/f0.4_chiN33/native_profiles.csv#model=ohta_kawasaki,accepted,model_gates_pass,,,,
liu2019-stress-free-period-map-v2,stress_free_lamellar_observable,f0.4_chiN33,0.4,33.0,11.344,uneyama_doi,Uneyama-Doi,not_applicable,3.7647495345747917,4.568750896906706,-0.17597837581301867,0.17597837581301867,0.019480897734616257,0.9979056273361464,0.999809766635385,0.02734375,false,1.174649526741908,BootstrapLocal,32,true,false,true,true,true,true,true,0.019819846629961328,0.9784821029597336,0.4000000000007714,-3.6436588166290544,8.691226165356103e-7,2.116856040679238e-6,mean-constrained fused-spectral L-BFGS with profile continuation,,Polyorder.Successful(),8.121015819447589e-7,5.728323751281207e-7,0.1,0.09518231035222303,0.01,"Anderson(SD(0.1); m=10, warmup=100, αw=0.2)","VariableCell(BB(1.0), field_updater)",128,,,1,,,,,,,,cases/f0.4_chiN33/native_profiles.csv#model=uneyama_doi,accepted,model_gates_pass,,,,
liu2019-stress-free-period-map-v2,stress_free_lamellar_observable,f0.4_chiN33,0.4,33.0,11.344,burp_ti,BURP-TI,not_applicable,3.644445841779739,4.568750896906706,-0.2023102322678113,0.2023102322678113,0.013228107207862482,0.9990343239960897,0.9997506364089781,0.02734375,false,1.1371132512183428,BoundedKKTNewtonGMRES+AnalyticStressRoot,1,true,false,true,true,true,true,true,1.0000000000555111e-6,0.9999989999999991,0.4000000000000002,-4.587203914740359,0.00036090884498585034,0.000809641482482526,bounded-KKT Newton-GMRES,9.052337969101623e-5,Polyorder.Successful(),8.121015819447589e-7,5.728323751281207e-7,0.1,0.09518231035222303,0.01,"Anderson(SD(0.1); m=10, warmup=100, αw=0.2)","VariableCell(BB(1.0), field_updater)",128,64,256,1,,,,,,,,cases/f0.4_chiN33/native_profiles.csv#model=burp_ti,accepted,model_gates_pass,,,,
liu2019-stress-free-period-map-v2,stress_free_lamellar_observable,f0.4_chiN33,0.4,33.0,11.344,bvk2,BVK2,frozen_c2_evaluation,4.544952781692054,4.568750896906706,-0.005208888764490327,0.005208888764490327,0.01118147500245508,0.9993100098245016,0.9996553897389758,0.0302734375,false,1.4180828193347181,FilteredUDThetaAnalyticCellStressRoot,30,true,false,true,true,true,true,true,0.00023371844810631654,0.9963570607971912,0.4000000000000001,-5.409682014811888,1.4237839965316234e-11,4.455709191563128e-11,oversampled filtered UD-theta L-BFGS with cosine-Newton polish,3.0451698940225924e-9,Polyorder.Successful(),8.121015819447589e-7,5.728323751281207e-7,0.1,0.09518231035222303,0.01,"Anderson(SD(0.1); m=10, warmup=100, αw=0.2)","VariableCell(BB(1.0), field_updater)",256,,,,0.16,,,,,,,cases/f0.4_chiN33/native_profiles.csv#model=bvk2,accepted,model_gates_pass,,2,12.0,ud-theta-spectral-adaptive-k-physical-sensor-filter-oversampled-v2
liu2019-stress-free-period-map-v2,stress_free_lamellar_observable,f0.4_chiN34,0.4,34.0,11.344,scft,SCFT,reference,4.600734479173544,4.600734479173544,0.0,0.0,0.0,1.0,1.0,0.0,false,,Polyorder.cell_solve!,278,true,false,true,true,true,true,true,0.0005828599952436849,0.9947607896746532,0.39999999999999925,3.9782587576970307,,,not_applicable,7.239442200767287e-7,Polyorder.Successful(),7.624730286537828e-7,6.094774224630857e-7,0.1,0.09201468958347087,0.01,"Anderson(SD(0.1); m=10, warmup=100, αw=0.2)","VariableCell(BB(1.0), field_updater)",50,,,,,,,,,,,cases/f0.4_chiN34/native_profiles.csv#model=scft,accepted,reference_gates_pass,,,,
liu2019-stress-free-period-map-v2,stress_free_lamellar_observable,f0.4_chiN34,0.4,34.0,11.344,liu2019_opf,OPF (force/stress mapped),per_state_force_stress_mapping,4.582572434928741,4.600734479173544,-0.003947640170720135,0.003947640170720135,0.0534280078690975,0.9843851442482044,0.9926967618588314,0.9921875,false,1.1729796409606932,StressRootBisection,49,true,false,true,true,true,true,true,-0.030201859300864886,0.9561842156938247,0.4,-0.3742091236634255,5.951918206149423e-7,1.3575528993586827e-6,mean-constrained Fourier nonlinear conjugate gradient,2.8017097998241183e-8,Polyorder.Successful(),7.624730286537828e-7,6.094774224630857e-7,0.1,0.09201468958347087,0.01,"Anderson(SD(0.1); m=10, warmup=100, αw=0.2)","VariableCell(BB(1.0), field_updater)",128,,,,,-1.0,-0.47521497897484827,1.9356173379999428,0.026895165657560876,0.179936074014048,0.07165162660324975,cases/f0.4_chiN34/native_profiles.csv#model=liu2019_opf,accepted,model_gates_pass,,,,
liu2019-stress-free-period-map-v2,stress_free_lamellar_observable,f0.4_chiN34,0.4,34.0,11.344,ohta_kawasaki,Ohta-Kawasaki (recomputed),liu2019_ok_asymptotic_quadratic_mapped_c3_c4,3.693745780010911,4.600734479173544,-0.19713997912036874,0.19713997912036874,0.12336965850366434,0.916743770397278,0.9973330992195448,0.9921875,false,1.1053877234458922,StressRootBisection,52,true,false,true,true,true,true,true,0.09822414717796202,0.8304038722032563,0.4,-3.9761248198511527,5.766799036635784e-6,1.6265970895545934e-5,mean-constrained Fourier nonlinear conjugate gradient,2.3530148399765412e-8,Polyorder.Successful(),7.624730286537828e-7,6.094774224630857e-7,0.1,0.09201468958347087,0.01,"Anderson(SD(0.1); m=10, warmup=100, αw=0.2)","VariableCell(BB(1.0), field_updater)",128,,,,,-30.021727022714686,-24.764863902677046,100.96755772872886,1.0416666666666667,13.02083333333333,,cases/f0.4_chiN34/native_profiles.csv#model=ohta_kawasaki,accepted,model_gates_pass,,,,
liu2019-stress-free-period-map-v2,stress_free_lamellar_observable,f0.4_chiN34,0.4,34.0,11.344,uneyama_doi,Uneyama-Doi,not_applicable,3.778725838823809,4.600734479173544,-0.17866900254095874,0.17866900254095874,0.01882731773111182,0.9980610039793195,0.9997965352884687,0.98828125,false,1.1790103106455743,BootstrapLocal,36,true,false,true,true,true,true,true,0.018605386737366652,0.9801422098286157,0.4000000000006464,-3.915832014614568,8.331218039566142e-7,2.407715707142266e-6,mean-constrained fused-spectral L-BFGS with profile continuation,,Polyorder.Successful(),7.624730286537828e-7,6.094774224630857e-7,0.1,0.09201468958347087,0.01,"Anderson(SD(0.1); m=10, warmup=100, αw=0.2)","VariableCell(BB(1.0), field_updater)",128,,,1,,,,,,,,cases/f0.4_chiN34/native_profiles.csv#model=uneyama_doi,accepted,model_gates_pass,,,,
liu2019-stress-free-period-map-v2,stress_free_lamellar_observable,f0.4_chiN34,0.4,34.0,11.344,burp_ti,BURP-TI,not_applicable,3.6660948065369774,4.600734479173544,-0.20315010067793804,0.20315010067793804,0.013362641575715492,0.9990232472262817,0.9997335062066113,0.98828125,false,1.143868002357296,BoundedKKTNewtonGMRES+AnalyticStressRoot,2,true,false,true,true,true,true,true,1.0000000000555111e-6,0.9999989999999985,0.3999999999999997,-4.898619762933214,0.00040957175637518304,0.0010508654849257226,bounded-KKT Newton-GMRES,2.5608108906707457e-5,Polyorder.Successful(),7.624730286537828e-7,6.094774224630857e-7,0.1,0.09201468958347087,0.01,"Anderson(SD(0.1); m=10, warmup=100, αw=0.2)","VariableCell(BB(1.0), field_updater)",128,64,256,1,,,,,,,,cases/f0.4_chiN34/native_profiles.csv#model=burp_ti,accepted,model_gates_pass,,,,
liu2019-stress-free-period-map-v2,stress_free_lamellar_observable,f0.4_chiN34,0.4,34.0,11.344,bvk2,BVK2,frozen_c2_evaluation,4.576520135887464,4.600734479173544,-0.005263147307390192,0.005263147307390192,0.011221245850730449,0.9993112071606062,0.9996562211025105,0.9892578125,false,1.4279322335721307,FilteredUDThetaAnalyticCellStressRoot,28,true,false,true,true,true,true,true,0.0001775353786189362,0.9969220555591811,0.4000000000000002,-5.786419506008186,1.2940424787889555e-11,3.488418082476019e-11,oversampled filtered UD-theta L-BFGS with cosine-Newton polish,2.7533531010703882e-14,Polyorder.Successful(),7.624730286537828e-7,6.094774224630857e-7,0.1,0.09201468958347087,0.01,"Anderson(SD(0.1); m=10, warmup=100, αw=0.2)","VariableCell(BB(1.0), field_updater)",256,,,,0.16,,,,,,,cases/f0.4_chiN34/native_profiles.csv#model=bvk2,accepted,model_gates_pass,,2,12.0,ud-theta-spectral-adaptive-k-physical-sensor-filter-oversampled-v2
liu2019-stress-free-period-map-v2,stress_free_lamellar_observable,f0.4_chiN35,0.4,35.0,11.344,scft,SCFT,reference,4.631776434360853,4.631776434360853,0.0,0.0,0.0,1.0,1.0,0.0,false,,Polyorder.cell_solve!,96,true,false,true,true,true,true,true,0.00048404681612591226,0.9953965001160815,0.4000000000000001,4.034177447437527,,,not_applicable,1.5806866457862788e-6,Polyorder.Successful(),9.717767470334262e-7,7.30758317173004e-7,0.1,0.09263552868721707,0.01,"Anderson(SD(0.1); m=10, warmup=100, αw=0.2)","VariableCell(BB(1.0), field_updater)",50,,,,,,,,,,,cases/f0.4_chiN35/native_profiles.csv#model=scft,accepted,reference_gates_pass,,,,
liu2019-stress-free-period-map-v2,stress_free_lamellar_observable,f0.4_chiN35,0.4,35.0,11.344,liu2019_opf,OPF (force/stress mapped),per_state_force_stress_mapping,4.615880077611905,4.631776434360853,-0.0034320215956498146,0.0034320215956498146,0.05442365652138671,0.9839250050121365,0.9924731512382955,0.9921875,false,1.1798469543457033,StressRootBisection,46,true,false,true,true,true,true,true,-0.030635216070913684,0.9567291796669161,0.4000000000000001,-0.3825720159304085,4.4821452537264385e-7,1.1718943240396351e-6,mean-constrained Fourier nonlinear conjugate gradient,7.724404518678803e-8,Polyorder.Successful(),9.717767470334262e-7,7.30758317173004e-7,0.1,0.09263552868721707,0.01,"Anderson(SD(0.1); m=10, warmup=100, αw=0.2)","VariableCell(BB(1.0), field_updater)",128,,,,,-1.0,-0.47789784887233905,1.9404954553551252,0.025883576664887244,0.172198116221326,0.07150948164544439,cases/f0.4_chiN35/native_profiles.csv#model=liu2019_opf,accepted,model_gates_pass,,,,
liu2019-stress-free-period-map-v2,stress_free_lamellar_observable,f0.4_chiN35,0.4,35.0,11.344,ohta_kawasaki,Ohta-Kawasaki (recomputed),liu2019_ok_asymptotic_quadratic_mapped_c3_c4,3.70922159353232,4.631776434360853,-0.19917948413583964,0.19917948413583964,0.12434746713230875,0.9160831257201671,0.997349597166706,0.9921875,false,1.1100190043449403,StressRootBisection,52,true,false,true,true,true,true,true,0.098913522817766,0.830185428640065,0.39999999999999997,-4.190312656635026,8.099145337849911e-6,1.9933674969774273e-5,mean-constrained Fourier nonlinear conjugate gradient,9.2024986113038e-8,Polyorder.Successful(),9.717767470334262e-7,7.30758317173004e-7,0.1,0.09263552868721707,0.01,"Anderson(SD(0.1); m=10, warmup=100, αw=0.2)","VariableCell(BB(1.0), field_updater)",128,,,,,-31.021727022714686,-25.942721643926745,105.41272555017729,1.0416666666666667,13.02083333333333,,cases/f0.4_chiN35/native_profiles.csv#model=ohta_kawasaki,accepted,model_gates_pass,,,,
liu2019-stress-free-period-map-v2,stress_free_lamellar_observable,f0.4_chiN35,0.4,35.0,11.344,uneyama_doi,Uneyama-Doi,not_applicable,3.7938203812095517,4.631776434360853,-0.1809146155964958,0.1809146155964958,0.018232061103716595,0.9981959567400188,0.9997787959479257,0.98828125,false,1.1837199990078309,BootstrapLocal,36,true,false,true,true,true,true,true,0.017505675891485186,0.9816143924741538,0.3999999999997214,-4.1945514918415805,7.376749263467491e-7,1.7824861073822973e-6,mean-constrained fused-spectral L-BFGS with profile continuation,,Polyorder.Successful(),9.717767470334262e-7,7.30758317173004e-7,0.1,0.09263552868721707,0.01,"Anderson(SD(0.1); m=10, warmup=100, αw=0.2)","VariableCell(BB(1.0), field_updater)",128,,,1,,,,,,,,cases/f0.4_chiN35/native_profiles.csv#model=uneyama_doi,accepted,model_gates_pass,,,,
liu2019-stress-free-period-map-v2,stress_free_lamellar_observable,f0.4_chiN35,0.4,35.0,11.344,burp_ti,BURP-TI,not_applicable,3.6873100054039503,4.631776434360853,-0.2039101934951728,0.2039101934951728,0.013639829925521547,0.9989902977537758,0.9997088682439595,0.98828125,false,1.150487413045832,BoundedKKTNewtonGMRES+AnalyticStressRoot,2,true,false,true,true,true,true,true,1.0e-6,0.9999989999999982,0.3999999999999997,-5.2148988651896655,0.00042148811093313326,0.0010151412989110042,bounded-KKT Newton-GMRES,2.5785591515871316e-5,Polyorder.Successful(),9.717767470334262e-7,7.30758317173004e-7,0.1,0.09263552868721707,0.01,"Anderson(SD(0.1); m=10, warmup=100, αw=0.2)","VariableCell(BB(1.0), field_updater)",128,64,256,1,,,,,,,,cases/f0.4_chiN35/native_profiles.csv#model=burp_ti,accepted,model_gates_pass,,,,
liu2019-stress-free-period-map-v2,stress_free_lamellar_observable,f0.4_chiN35,0.4,35.0,11.344,bvk2,BVK2,frozen_c2_evaluation,4.6071518118367765,4.631776434360853,-0.005316453173646041,0.005316453173646041,0.011256076473510653,0.9993123667573272,0.9996568617311065,0.9912109375,false,1.4374897043485324,FilteredUDThetaAnalyticCellStressRoot,31,true,false,true,true,true,true,true,0.00013511261793059995,0.9973948428170555,0.39999999999999997,-6.169355334929013,1.0776353039138772e-11,4.1354565759398044e-11,oversampled filtered UD-theta L-BFGS with cosine-Newton polish,2.2115642650533118e-13,Polyorder.Successful(),9.717767470334262e-7,7.30758317173004e-7,0.1,0.09263552868721707,0.01,"Anderson(SD(0.1); m=10, warmup=100, αw=0.2)","VariableCell(BB(1.0), field_updater)",256,,,,0.16,,,,,,,cases/f0.4_chiN35/native_profiles.csv#model=bvk2,accepted,model_gates_pass,,2,12.0,ud-theta-spectral-adaptive-k-physical-sensor-filter-oversampled-v2
liu2019-stress-free-period-map-v2,stress_free_lamellar_observable,f0.35_chiN13,0.35,13.0,12.562,scft,SCFT,reference,3.2539326052599056,3.2539326052599056,0.0,0.0,0.0,1.0,1.0,0.0,false,,Polyorder.cell_solve!,17,true,false,true,true,true,true,true,0.18651705111593797,0.5557569271873652,0.35000000000000075,1.9536577398213546,,,not_applicable,7.19207027043164e-8,Polyorder.Successful(),4.4613162621323833e-7,1.254590160484053e-7,0.1,0.09038701681277515,0.01,"Anderson(SD(0.1); m=10, warmup=100, αw=0.2)","VariableCell(BB(1.0), field_updater)",36,,,,,,,,,,,cases/f0.35_chiN13/native_profiles.csv#model=scft,accepted,reference_gates_pass,,,,
liu2019-stress-free-period-map-v2,stress_free_lamellar_observable,f0.35_chiN13,0.35,13.0,12.562,liu2019_opf,OPF (force/stress mapped),per_state_force_stress_mapping,3.2050806161675482,3.2539326052599056,-0.015013214783056394,0.015013214783056394,0.012593440269630754,0.9907690483625398,0.9975200325665321,0.0,false,1.0022821426391604,StressRootBisection,51,true,false,true,true,true,true,true,0.16427993433937332,0.5534070195589946,0.35000000000000003,-0.0037604488766354444,9.828686573972742e-7,2.258509442694401e-6,mean-constrained Fourier nonlinear conjugate gradient,7.18518087346331e-8,Polyorder.Successful(),4.4613162621323833e-7,1.254590160484053e-7,0.1,0.09038701681277515,0.01,"Anderson(SD(0.1); m=10, warmup=100, αw=0.2)","VariableCell(BB(1.0), field_updater)",128,,,,,-1.0,-0.3535022028022985,2.1796949824605503,0.11383770360332893,1.6967182851372342,0.024887449182224918,cases/f0.35_chiN13/native_profiles.csv#model=liu2019_opf,accepted,model_gates_pass,,,,
liu2019-stress-free-period-map-v2,stress_free_lamellar_observable,f0.35_chiN13,0.35,13.0,12.562,ohta_kawasaki,Ohta-Kawasaki (recomputed),liu2019_ok_asymptotic_quadratic_mapped_c3_c4,3.2991039419964188,3.2539326052599056,0.013882075081547374,0.013882075081547374,0.020460061480327543,0.9756347107696477,0.9957876879188717,0.0,false,1.0005783319473265,StressRootBisection,56,true,false,true,true,true,true,true,0.19341390535151914,0.5141517684149235,0.34999999999999987,-0.009377633281572179,7.848245113500843e-6,2.047223376887286e-5,mean-constrained Fourier nonlinear conjugate gradient,1.5155940330522077e-8,Polyorder.Successful(),4.4613162621323833e-7,1.254590160484053e-7,0.1,0.09038701681277515,0.01,"Anderson(SD(0.1); m=10, warmup=100, αw=0.2)","VariableCell(BB(1.0), field_updater)",128,,,,,-8.419018059533187,-1.8641147486005134,11.559584108684053,1.098901098901099,14.491003501992514,,cases/f0.35_chiN13/native_profiles.csv#model=ohta_kawasaki,accepted,model_gates_pass,,,,
liu2019-stress-free-period-map-v2,stress_free_lamellar_observable,f0.35_chiN13,0.35,13.0,12.562,uneyama_doi,Uneyama-Doi,not_applicable,NaN,3.2539326052599056,NaN,NaN,NaN,NaN,NaN,NaN,false,NaN,failed,,false,false,false,false,true,false,false,NaN,NaN,NaN,NaN,NaN,NaN,mean-constrained fused-spectral L-BFGS with profile continuation,,Polyorder.Successful(),4.4613162621323833e-7,1.254590160484053e-7,0.1,0.09038701681277515,0.01,"Anderson(SD(0.1); m=10, warmup=100, αw=0.2)","VariableCell(BB(1.0), field_updater)",,,,,,,,,,,,,rejected,solver_failure,all bootstrap-local Uneyama-Doi evaluations failed,,,
liu2019-stress-free-period-map-v2,stress_free_lamellar_observable,f0.35_chiN13,0.35,13.0,12.562,burp_ti,BURP-TI,not_applicable,3.1782583734297933,3.2539326052599056,-0.023256238223184678,0.023256238223184678,0.016058948721855072,0.9849896117704141,0.997810350858368,0.99609375,false,1.0015944575184703,BoundedKKTNewtonGMRES+AnalyticStressRoot,0,true,false,true,true,true,true,true,0.1934798101361059,0.5227452960906237,0.35,-0.00396627624845286,0.0004922370838564613,0.0006672278129253861,bounded-KKT Newton-GMRES,1.2406380539984943e-5,Polyorder.Successful(),4.4613162621323833e-7,1.254590160484053e-7,0.1,0.09038701681277515,0.01,"Anderson(SD(0.1); m=10, warmup=100, αw=0.2)","VariableCell(BB(1.0), field_updater)",128,64,256,1,,,,,,,,cases/f0.35_chiN13/native_profiles.csv#model=burp_ti,accepted,model_gates_pass,,,,
liu2019-stress-free-period-map-v2,stress_free_lamellar_observable,f0.35_chiN13,0.35,13.0,12.562,bvk2,BVK2,frozen_c2_evaluation,3.354774373021626,3.2539326052599056,0.03099073643956607,0.03099073643956607,0.017720213051988225,0.9817233418691077,0.9997547203209173,0.998046875,false,1.0572216048682694,FilteredUDThetaAnalyticCellStressRoot,13,true,false,true,true,true,true,true,0.20477157975278762,0.5254145125112187,0.3499999999999999,-0.0038985434313085487,2.7105769753684623e-8,4.828404303308733e-8,oversampled filtered UD-theta L-BFGS with cosine-Newton polish,1.1365260121909415e-9,Polyorder.Successful(),4.4613162621323833e-7,1.254590160484053e-7,0.1,0.09038701681277515,0.01,"Anderson(SD(0.1); m=10, warmup=100, αw=0.2)","VariableCell(BB(1.0), field_updater)",256,,,,0.16,,,,,,,cases/f0.35_chiN13/native_profiles.csv#model=bvk2,accepted,model_gates_pass,,2,12.0,ud-theta-spectral-adaptive-k-physical-sensor-filter-oversampled-v2
liu2019-stress-free-period-map-v2,stress_free_lamellar_observable,f0.35_chiN14,0.35,14.0,12.562,scft,SCFT,reference,3.4101423332759873,3.4101423332759873,0.0,0.0,0.0,1.0,1.0,0.0,false,,Polyorder.cell_solve!,21,true,false,true,true,true,true,true,0.10300832018473853,0.7086080524538574,0.3499999999999994,2.147858777404485,,,not_applicable,5.353296528065346e-7,Polyorder.Successful(),5.350771927101697e-7,2.627672943786999e-7,0.1,0.09472617592433298,0.01,"Anderson(SD(0.1); m=10, warmup=100, αw=0.2)","VariableCell(BB(1.0), field_updater)",36,,,,,,,,,,,cases/f0.35_chiN14/native_profiles.csv#model=scft,accepted,reference_gates_pass,,,,
liu2019-stress-free-period-map-v2,stress_free_lamellar_observable,f0.35_chiN14,0.35,14.0,12.562,liu2019_opf,OPF (force/stress mapped),per_state_force_stress_mapping,3.3161835145060254,3.4101423332759873,-0.027552755746619972,0.027552755746619972,0.027373360812344354,0.9842595213193783,0.9943891047030605,0.0,false,1.0099275112152097,StressRootBisection,73,true,false,true,true,true,true,true,0.06159403584618872,0.6934818363976746,0.35,-0.025937460095215567,6.769949269403515e-7,1.962906819703847e-6,mean-constrained Fourier nonlinear conjugate gradient,2.9453838902973526e-9,Polyorder.Successful(),5.350771927101697e-7,2.627672943786999e-7,0.1,0.09472617592433298,0.01,"Anderson(SD(0.1); m=10, warmup=100, αw=0.2)","VariableCell(BB(1.0), field_updater)",128,,,,,-1.0,-0.4232591092447151,1.9702741860144122,0.09671956499315285,1.2967026415269847,0.05740668378407677,cases/f0.35_chiN14/native_profiles.csv#model=liu2019_opf,accepted,model_gates_pass,,,,
liu2019-stress-free-period-map-v2,stress_free_lamellar_observable,f0.35_chiN14,0.35,14.0,12.562,ohta_kawasaki,Ohta-Kawasaki (recomputed),liu2019_ok_asymptotic_quadratic_mapped_c3_c4,3.309607807559781,3.4101423332759873,-0.029481035068594008,0.029481035068594008,0.043962012554177636,0.9594008609986219,0.9911604871539453,0.0,false,1.0037640273571014,StressRootBisection,57,true,false,true,true,true,true,true,0.11005243212420801,0.6196580613616436,0.35,-0.07979343789905613,7.945644400771284e-6,2.3463401917556137e-5,mean-constrained Fourier nonlinear conjugate gradient,1.4640257033532064e-9,Polyorder.Successful(),5.350771927101697e-7,2.627672943786999e-7,0.1,0.09472617592433298,0.01,"Anderson(SD(0.1); m=10, warmup=100, αw=0.2)","VariableCell(BB(1.0), field_updater)",128,,,,,-9.419018059533187,-3.2707709485252283,15.187879592856415,1.098901098901099,14.491003501992514,,cases/f0.35_chiN14/native_profiles.csv#model=ohta_kawasaki,accepted,model_gates_pass,,,,
liu2019-stress-free-period-map-v2,stress_free_lamellar_observable,f0.35_chiN14,0.35,14.0,12.562,uneyama_doi,Uneyama-Doi,not_applicable,3.314405426366501,3.4101423332759873,-0.028074167454915422,0.028074167454915422,0.16221669168353495,0.44721942728180875,0.992973399402803,0.99609375,false,1.0444997589781888,BootstrapLocal,24,true,false,true,true,true,true,true,0.27603370276386197,0.43556264928997585,0.3500000000002632,-0.0002576355198693481,9.212888008426179e-7,2.282051721369527e-6,mean-constrained fused-spectral L-BFGS with profile continuation,,Polyorder.Successful(),5.350771927101697e-7,2.627672943786999e-7,0.1,0.09472617592433298,0.01,"Anderson(SD(0.1); m=10, warmup=100, αw=0.2)","VariableCell(BB(1.0), field_updater)",128,,,1,,,,,,,,cases/f0.35_chiN14/native_profiles.csv#model=uneyama_doi,accepted,model_gates_pass,,,,
liu2019-stress-free-period-map-v2,stress_free_lamellar_observable,f0.35_chiN14,0.35,14.0,12.562,burp_ti,BURP-TI,not_applicable,3.1944174937877907,3.4101423332759873,-0.06325977581145659,0.06325977581145659,0.026747675295768113,0.9849708722366081,0.995581568392614,0.99609375,false,1.0066868331177135,BoundedKKTNewtonGMRES+AnalyticStressRoot,0,true,false,true,true,true,true,true,0.10049041228637015,0.6535094697914026,0.3500000000000002,-0.03967236862137169,0.0004974645870583723,0.0007833358295759041,bounded-KKT Newton-GMRES,1.4148805635268125e-5,Polyorder.Successful(),5.350771927101697e-7,2.627672943786999e-7,0.1,0.09472617592433298,0.01,"Anderson(SD(0.1); m=10, warmup=100, αw=0.2)","VariableCell(BB(1.0), field_updater)",128,64,256,1,,,,,,,,cases/f0.35_chiN14/native_profiles.csv#model=burp_ti,accepted,model_gates_pass,,,,
liu2019-stress-free-period-map-v2,stress_free_lamellar_observable,f0.35_chiN14,0.35,14.0,12.562,bvk2,BVK2,frozen_c2_evaluation,3.467404406331425,3.4101423332759873,0.016791695905674642,0.016791695905674642,0.023001286635309637,0.9888860709775681,0.9993060809034057,0.998046875,false,1.0927157667200253,FilteredUDThetaAnalyticCellStressRoot,16,true,false,true,true,true,true,true,0.11785977204184511,0.6677501733191417,0.3500000000000002,-0.04110580874634032,8.859641016320842e-12,2.603808119327282e-11,oversampled filtered UD-theta L-BFGS with cosine-Newton polish,7.310818617156656e-14,Polyorder.Successful(),5.350771927101697e-7,2.627672943786999e-7,0.1,0.09472617592433298,0.01,"Anderson(SD(0.1); m=10, warmup=100, αw=0.2)","VariableCell(BB(1.0), field_updater)",256,,,,0.16,,,,,,,cases/f0.35_chiN14/native_profiles.csv#model=bvk2,accepted,model_gates_pass,,2,12.0,ud-theta-spectral-adaptive-k-physical-sensor-filter-oversampled-v2
liu2019-stress-free-period-map-v2,stress_free_lamellar_observable,f0.35_chiN15,0.35,15.0,12.562,scft,SCFT,reference,3.537824798899269,3.537824798899269,0.0,0.0,0.0,1.0,1.0,0.0,false,,Polyorder.cell_solve!,26,true,false,true,true,true,true,true,0.06688557651433111,0.7898834943603102,0.34999999999999964,2.3159168008111215,,,not_applicable,1.3784283792879038e-7,Polyorder.Successful(),6.615920053220855e-7,4.124421257982408e-7,0.1,0.09827291108053525,0.01,"Anderson(SD(0.1); m=10, warmup=100, αw=0.2)","VariableCell(BB(1.0), field_updater)",36,,,,,,,,,,,cases/f0.35_chiN15/native_profiles.csv#model=scft,accepted,reference_gates_pass,,,,
liu2019-stress-free-period-map-v2,stress_free_lamellar_observable,f0.35_chiN15,0.35,15.0,12.562,liu2019_opf,OPF (force/stress mapped),per_state_force_stress_mapping,3.4200082708238084,3.537824798899269,-0.03330196795277063,0.03330196795277063,0.03621029312325313,0.9812064053258971,0.9928412505303456,0.0,false,1.0189146995544434,StressRootBisection,72,true,false,true,true,true,true,true,0.018266496709428315,0.7668596704124429,0.3499999999999999,-0.053655166979694274,6.863961515742282e-7,2.147838647409417e-6,mean-constrained Fourier nonlinear conjugate gradient,3.459672165059089e-8,Polyorder.Successful(),6.615920053220855e-7,4.124421257982408e-7,0.1,0.09827291108053525,0.01,"Anderson(SD(0.1); m=10, warmup=100, αw=0.2)","VariableCell(BB(1.0), field_updater)",128,,,,,-1.0,-0.4714079970295721,1.8995708861887843,0.08562751137891385,1.051418177531895,0.07416766949827369,cases/f0.35_chiN15/native_profiles.csv#model=liu2019_opf,accepted,model_gates_pass,,,,
liu2019-stress-free-period-map-v2,stress_free_lamellar_observable,f0.35_chiN15,0.35,15.0,12.562,ohta_kawasaki,Ohta-Kawasaki (recomputed),liu2019_ok_asymptotic_quadratic_mapped_c3_c4,3.3262796142981244,3.537824798899269,-0.05979526873884855,0.05979526873884855,0.0580345720429746,0.9517253262259795,0.9898363166351803,0.0,false,1.0088203847408295,StressRootBisection,76,true,false,true,true,true,true,true,0.07743257318717145,0.6750930670041575,0.35,-0.19168283252824025,8.225400152547282e-6,1.840033757150028e-5,mean-constrained Fourier nonlinear conjugate gradient,6.892244655483877e-8,Polyorder.Successful(),6.615920053220855e-7,4.124421257982408e-7,0.1,0.09827291108053525,0.01,"Anderson(SD(0.1); m=10, warmup=100, αw=0.2)","VariableCell(BB(1.0), field_updater)",128,,,,,-10.419018059533187,-4.690463835949943,18.84634097827878,1.098901098901099,14.491003501992514,,cases/f0.35_chiN15/native_profiles.csv#model=ohta_kawasaki,accepted,model_gates_pass,,,,
liu2019-stress-free-period-map-v2,stress_free_lamellar_observable,f0.35_chiN15,0.35,15.0,12.562,uneyama_doi,Uneyama-Doi,not_applicable,3.3975812238671614,3.537824798899269,-0.039641187171208125,0.039641187171208125,0.10142551748977455,0.8525515404661145,0.9994435979083983,0.99609375,false,1.0707117304380291,BootstrapLocal,20,true,false,true,true,true,true,true,0.16755846285002912,0.621431525450455,0.3500000000003991,-0.021553069067594577,6.56376417001193e-7,1.6913783729144427e-6,mean-constrained fused-spectral L-BFGS with profile continuation,,Polyorder.Successful(),6.615920053220855e-7,4.124421257982408e-7,0.1,0.09827291108053525,0.01,"Anderson(SD(0.1); m=10, warmup=100, αw=0.2)","VariableCell(BB(1.0), field_updater)",128,,,1,,,,,,,,cases/f0.35_chiN15/native_profiles.csv#model=uneyama_doi,accepted,model_gates_pass,,,,
liu2019-stress-free-period-map-v2,stress_free_lamellar_observable,f0.35_chiN15,0.35,15.0,12.562,burp_ti,BURP-TI,not_applicable,3.217445195086833,3.537824798899269,-0.09055835775477528,0.09055835775477528,0.029758235991091207,0.9873071209343998,0.9954414775064588,0.99609375,false,1.013943769238241,BoundedKKTNewtonGMRES+AnalyticStressRoot,1,true,false,true,true,true,true,true,0.058891844631671963,0.7323707087845887,0.35,-0.10680754866797915,0.0004278240294846166,0.0006926100017574655,bounded-KKT Newton-GMRES,1.236532258147627e-5,Polyorder.Successful(),6.615920053220855e-7,4.124421257982408e-7,0.1,0.09827291108053525,0.01,"Anderson(SD(0.1); m=10, warmup=100, αw=0.2)","VariableCell(BB(1.0), field_updater)",128,64,256,1,,,,,,,,cases/f0.35_chiN15/native_profiles.csv#model=burp_ti,accepted,model_gates_pass,,,,
liu2019-stress-free-period-map-v2,stress_free_lamellar_observable,f0.35_chiN15,0.35,15.0,12.562,bvk2,BVK2,frozen_c2_evaluation,3.5637917996335466,3.537824798899269,0.0073398209946282655,0.0073398209946282655,0.022820907803056775,0.9925352906309616,0.9990915142001352,0.498046875,false,1.1230912326397064,FilteredUDThetaAnalyticCellStressRoot,17,true,false,true,true,true,true,true,0.07613692901223584,0.7512696436192825,0.35000000000000014,-0.11420071693579781,1.0463657073214118e-11,3.236156491026438e-11,oversampled filtered UD-theta L-BFGS with cosine-Newton polish,6.660019535864592e-9,Polyorder.Successful(),6.615920053220855e-7,4.124421257982408e-7,0.1,0.09827291108053525,0.01,"Anderson(SD(0.1); m=10, warmup=100, αw=0.2)","VariableCell(BB(1.0), field_updater)",256,,,,0.16,,,,,,,cases/f0.35_chiN15/native_profiles.csv#model=bvk2,accepted,model_gates_pass,,2,12.0,ud-theta-spectral-adaptive-k-physical-sensor-filter-oversampled-v2
liu2019-stress-free-period-map-v2,stress_free_lamellar_observable,f0.35_chiN16,0.35,16.0,12.562,scft,SCFT,reference,3.645557468460802,3.645557468460802,0.0,0.0,0.0,1.0,1.0,0.0,false,,Polyorder.cell_solve!,26,true,false,true,true,true,true,true,0.04627765011144156,0.8412700137763286,0.3500000000000003,2.4645529482763044,,,not_applicable,3.631606353544648e-6,Polyorder.Successful(),5.097433703451537e-7,2.994457979750845e-7,0.1,0.10126548523502227,0.01,"Anderson(SD(0.1); m=10, warmup=100, αw=0.2)","VariableCell(BB(1.0), field_updater)",36,,,,,,,,,,,cases/f0.35_chiN16/native_profiles.csv#model=scft,accepted,reference_gates_pass,,,,
liu2019-stress-free-period-map-v2,stress_free_lamellar_observable,f0.35_chiN16,0.35,16.0,12.562,liu2019_opf,OPF (force/stress mapped),per_state_force_stress_mapping,3.5148878397227072,3.645557468460802,-0.03584352458261064,0.03584352458261064,0.042162780978458714,0.9794601615411209,0.9919278688958922,0.0,false,1.0283384799957276,StressRootBisection,73,true,false,true,true,true,true,true,-0.004850043688996886,0.8132505270330335,0.35000000000000003,-0.08159688863758836,1.205800648589962e-6,3.578389093733536e-6,mean-constrained Fourier nonlinear conjugate gradient,8.004021424225874e-9,Polyorder.Successful(),5.097433703451537e-7,2.994457979750845e-7,0.1,0.10126548523502227,0.01,"Anderson(SD(0.1); m=10, warmup=100, αw=0.2)","VariableCell(BB(1.0), field_updater)",128,,,,,-1.0,-0.5079466882981539,1.87328195000372,0.07732488294124178,0.8829522319073132,0.08384768881144879,cases/f0.35_chiN16/native_profiles.csv#model=liu2019_opf,accepted,model_gates_pass,,,,
liu2019-stress-free-period-map-v2,stress_free_lamellar_observable,f0.35_chiN16,0.35,16.0,12.562,ohta_kawasaki,Ohta-Kawasaki (recomputed),liu2019_ok_asymptotic_quadratic_mapped_c3_c4,3.346477609688128,3.645557468460802,-0.08203954027885585,0.08203954027885585,0.06711736169399872,0.9479514925757477,0.9897879173279638,0.0,false,1.014946192502976,StressRootBisection,76,true,false,true,true,true,true,true,0.061645841161100945,0.711704965198402,0.3499999999999999,-0.3298820220340972,5.851396403602541e-6,1.3792783975730138e-5,mean-constrained Fourier nonlinear conjugate gradient,8.278993283802524e-8,Polyorder.Successful(),5.097433703451537e-7,2.994457979750845e-7,0.1,0.10126548523502227,0.01,"Anderson(SD(0.1); m=10, warmup=100, αw=0.2)","VariableCell(BB(1.0), field_updater)",128,,,,,-11.419018059533187,-6.123193410874658,22.53496826495114,1.098901098901099,14.491003501992514,,cases/f0.35_chiN16/native_profiles.csv#model=ohta_kawasaki,accepted,model_gates_pass,,,,
liu2019-stress-free-period-map-v2,stress_free_lamellar_observable,f0.35_chiN16,0.35,16.0,12.562,uneyama_doi,Uneyama-Doi,not_applicable,3.4627047142163625,3.645557468460802,-0.05015769352873267,0.05015769352873267,0.08183289213203625,0.9226261285954156,0.9997800410945112,0.99609375,false,1.0912347085361338,BootstrapLocal,28,true,false,true,true,true,true,true,0.12867474421690164,0.7128042138334976,0.3500000000001794,-0.07312389516944862,9.555233942188104e-7,2.398729631369889e-6,mean-constrained fused-spectral L-BFGS with profile continuation,,Polyorder.Successful(),5.097433703451537e-7,2.994457979750845e-7,0.1,0.10126548523502227,0.01,"Anderson(SD(0.1); m=10, warmup=100, αw=0.2)","VariableCell(BB(1.0), field_updater)",128,,,1,,,,,,,,cases/f0.35_chiN16/native_profiles.csv#model=uneyama_doi,accepted,model_gates_pass,,,,
liu2019-stress-free-period-map-v2,stress_free_lamellar_observable,f0.35_chiN16,0.35,16.0,12.562,burp_ti,BURP-TI,not_applicable,3.2459236635868822,3.645557468460802,-0.10962213826864997,0.10962213826864997,0.029075702884378045,0.9902321502323472,0.9961076574808853,0.99609375,false,1.0229184568994842,BoundedKKTNewtonGMRES+AnalyticStressRoot,1,true,false,true,true,true,true,true,0.03674424573066437,0.7896453896327686,0.35,-0.2004878679284421,0.0004636605431987743,0.00089873524685391,bounded-KKT Newton-GMRES,4.240355003233352e-5,Polyorder.Successful(),5.097433703451537e-7,2.994457979750845e-7,0.1,0.10126548523502227,0.01,"Anderson(SD(0.1); m=10, warmup=100, αw=0.2)","VariableCell(BB(1.0), field_updater)",128,64,256,1,,,,,,,,cases/f0.35_chiN16/native_profiles.csv#model=burp_ti,accepted,model_gates_pass,,,,
liu2019-stress-free-period-map-v2,stress_free_lamellar_observable,f0.35_chiN16,0.35,16.0,12.562,bvk2,BVK2,frozen_c2_evaluation,3.649731846389975,3.645557468460802,0.001145058873790239,0.001145058873790239,0.02154089371523264,0.9946387439025575,0.9990175905889211,0.498046875,false,1.150174327969438,FilteredUDThetaAnalyticCellStressRoot,17,true,false,true,true,true,true,true,0.05143375542792011,0.8080528047690126,0.3500000000000003,-0.21882849070716193,3.622267425643391e-8,7.366886549156282e-8,oversampled filtered UD-theta L-BFGS with cosine-Newton polish,4.5867287745693375e-9,Polyorder.Successful(),5.097433703451537e-7,2.994457979750845e-7,0.1,0.10126548523502227,0.01,"Anderson(SD(0.1); m=10, warmup=100, αw=0.2)","VariableCell(BB(1.0), field_updater)",256,,,,0.16,,,,,,,cases/f0.35_chiN16/native_profiles.csv#model=bvk2,accepted,model_gates_pass,,2,12.0,ud-theta-spectral-adaptive-k-physical-sensor-filter-oversampled-v2
liu2019-stress-free-period-map-v2,stress_free_lamellar_observable,f0.35_chiN17,0.35,17.0,12.562,scft,SCFT,reference,3.7389688856125827,3.7389688856125827,0.0,0.0,0.0,1.0,1.0,0.0,false,,Polyorder.cell_solve!,25,true,false,true,true,true,true,true,0.03315549389088648,0.8762738963473523,0.35000000000000037,2.5982489575596546,,,not_applicable,1.5902327992441961e-6,Polyorder.Successful(),4.131082705463401e-7,2.500694189431007e-7,0.1,0.10386024682257174,0.01,"Anderson(SD(0.1); m=10, warmup=100, αw=0.2)","VariableCell(BB(1.0), field_updater)",36,,,,,,,,,,,cases/f0.35_chiN17/native_profiles.csv#model=scft,accepted,reference_gates_pass,,,,
liu2019-stress-free-period-map-v2,stress_free_lamellar_observable,f0.35_chiN17,0.35,17.0,12.562,liu2019_opf,OPF (force/stress mapped),per_state_force_stress_mapping,3.6013443416038564,3.7389688856125827,-0.03680815439205731,0.03680815439205731,0.04658714995339684,0.9782209966583075,0.9912763633590056,0.0,false,1.0378453731536863,StressRootBisection,73,true,false,true,true,true,true,true,-0.018497704220197198,0.8448033294130183,0.35,-0.10810698510427397,4.248567472809053e-7,1.128944514150465e-6,mean-constrained Fourier nonlinear conjugate gradient,8.030702069070992e-8,Polyorder.Successful(),4.131082705463401e-7,2.500694189431007e-7,0.1,0.10386024682257174,0.01,"Anderson(SD(0.1); m=10, warmup=100, αw=0.2)","VariableCell(BB(1.0), field_updater)",128,,,,,-1.0,-0.5369659379362881,1.8650021256883338,0.07071266212761028,0.7601314153128111,0.08986627204058163,cases/f0.35_chiN17/native_profiles.csv#model=liu2019_opf,accepted,model_gates_pass,,,,
liu2019-stress-free-period-map-v2,stress_free_lamellar_observable,f0.35_chiN17,0.35,17.0,12.562,ohta_kawasaki,Ohta-Kawasaki (recomputed),liu2019_ok_asymptotic_quadratic_mapped_c3_c4,3.368441588369378,3.7389688856125827,-0.09909879129216093,0.09909879129216093,0.07335330767445497,0.9460060474708836,0.9901957233446683,0.0,false,1.021607601642608,StressRootBisection,75,true,false,true,true,true,true,true,0.05357012423006646,0.7379817096133705,0.35,-0.4869592993825218,9.059840663509404e-6,2.49185708280919e-5,mean-constrained Fourier nonlinear conjugate gradient,9.907998471202233e-8,Polyorder.Successful(),4.131082705463401e-7,2.500694189431007e-7,0.1,0.10386024682257174,0.01,"Anderson(SD(0.1); m=10, warmup=100, αw=0.2)","VariableCell(BB(1.0), field_updater)",128,,,,,-12.419018059533187,-7.568959673299375,26.253761452873505,1.098901098901099,14.491003501992514,,cases/f0.35_chiN17/native_profiles.csv#model=ohta_kawasaki,accepted,model_gates_pass,,,,
liu2019-stress-free-period-map-v2,stress_free_lamellar_observable,f0.35_chiN17,0.35,17.0,12.562,uneyama_doi,Uneyama-Doi,not_applicable,3.512007309012021,3.7389688856125827,-0.06070164891553431,0.06070164891553431,0.07022035005799611,0.950519771481331,0.9996675038720974,0.99609375,false,1.1067718989991362,BootstrapLocal,28,true,false,true,true,true,true,true,0.10556053848267781,0.7727392286347,0.3500000000001658,-0.1502086934195186,7.94436189794545e-7,2.184545047523301e-6,mean-constrained fused-spectral L-BFGS with profile continuation,,Polyorder.Successful(),4.131082705463401e-7,2.500694189431007e-7,0.1,0.10386024682257174,0.01,"Anderson(SD(0.1); m=10, warmup=100, αw=0.2)","VariableCell(BB(1.0), field_updater)",128,,,1,,,,,,,,cases/f0.35_chiN17/native_profiles.csv#model=uneyama_doi,accepted,model_gates_pass,,,,
liu2019-stress-free-period-map-v2,stress_free_lamellar_observable,f0.35_chiN17,0.35,17.0,12.562,burp_ti,BURP-TI,not_applicable,3.2780850250650766,3.7389688856125827,-0.12326496278719268,0.12326496278719268,0.02661245417516725,0.9928931758472165,0.996949137916152,0.99609375,false,1.0330537692680772,BoundedKKTNewtonGMRES+AnalyticStressRoot,1,true,false,true,true,true,true,true,0.024294470120554995,0.8339507618700895,0.35,-0.31732231384026033,0.00047512448796165074,0.0008778676909484417,bounded-KKT Newton-GMRES,5.906164621343358e-5,Polyorder.Successful(),4.131082705463401e-7,2.500694189431007e-7,0.1,0.10386024682257174,0.01,"Anderson(SD(0.1); m=10, warmup=100, αw=0.2)","VariableCell(BB(1.0), field_updater)",128,64,256,1,,,,,,,,cases/f0.35_chiN17/native_profiles.csv#model=burp_ti,accepted,model_gates_pass,,,,
liu2019-stress-free-period-map-v2,stress_free_lamellar_observable,f0.35_chiN17,0.35,17.0,12.562,bvk2,BVK2,frozen_c2_evaluation,3.728040572119168,3.7389688856125827,-0.002922814772668092,0.002922814772668092,0.02015247666177178,0.9959246740829435,0.9990118916373084,0.498046875,false,1.1748524933198066,FilteredUDThetaAnalyticCellStressRoot,19,true,false,true,true,true,true,true,0.03563036567344143,0.8488528598194186,0.34999999999999987,-0.3510703304242244,1.5282089543234387e-11,5.8184565281018456e-11,oversampled filtered UD-theta L-BFGS with cosine-Newton polish,2.1790236282015485e-11,Polyorder.Successful(),4.131082705463401e-7,2.500694189431007e-7,0.1,0.10386024682257174,0.01,"Anderson(SD(0.1); m=10, warmup=100, αw=0.2)","VariableCell(BB(1.0), field_updater)",256,,,,0.16,,,,,,,cases/f0.35_chiN17/native_profiles.csv#model=bvk2,accepted,model_gates_pass,,2,12.0,ud-theta-spectral-adaptive-k-physical-sensor-filter-oversampled-v2
liu2019-stress-free-period-map-v2,stress_free_lamellar_observable,f0.35_chiN18,0.35,18.0,12.562,scft,SCFT,reference,3.8215791964321415,3.8215791964321415,0.0,0.0,0.0,1.0,1.0,0.0,false,,Polyorder.cell_solve!,23,true,false,true,true,true,true,true,0.024283546329405895,0.9012715288685995,0.35000000000000003,2.7201262958207866,,,not_applicable,2.988532111517924e-6,Polyorder.Successful(),2.5116273591741773e-7,1.7346620593495288e-7,0.1,0.09553947991080354,0.01,"Anderson(SD(0.1); m=10, warmup=100, αw=0.2)","VariableCell(BB(1.0), field_updater)",40,,,,,,,,,,,cases/f0.35_chiN18/native_profiles.csv#model=scft,accepted,reference_gates_pass,,,,
liu2019-stress-free-period-map-v2,stress_free_lamellar_observable,f0.35_chiN18,0.35,18.0,12.562,liu2019_opf,OPF (force/stress mapped),per_state_force_stress_mapping,3.6802815626964005,3.8215791964321415,-0.03697362437697427,0.03697362437697427,0.05017892027110125,0.9771691135818696,0.9906898524353704,0.0,false,1.0472851753234864,StressRootBisection,72,true,false,true,true,true,true,true,-0.027071829550588844,0.8671999622297208,0.35,-0.1327064607689071,6.661693475373731e-7,1.886603700290701e-6,mean-constrained Fourier nonlinear conjugate gradient,4.087852398311178e-8,Polyorder.Successful(),2.5116273591741773e-7,1.7346620593495288e-7,0.1,0.09553947991080354,0.01,"Anderson(SD(0.1); m=10, warmup=100, αw=0.2)","VariableCell(BB(1.0), field_updater)",128,,,,,-1.0,-0.56081736112948,1.865328900042495,0.06524815691277183,0.6668426397727687,0.09380136428760222,cases/f0.35_chiN18/native_profiles.csv#model=liu2019_opf,accepted,model_gates_pass,,,,
liu2019-stress-free-period-map-v2,stress_free_lamellar_observable,f0.35_chiN18,0.35,18.0,12.562,ohta_kawasaki,Ohta-Kawasaki (recomputed),liu2019_ok_asymptotic_quadratic_mapped_c3_c4,3.391122443184519,3.8215791964321415,-0.11263844895573549,0.11263844895573549,0.0781171722060118,0.9446684066310576,0.9906688546001524,0.0,false,1.0284864306449888,StressRootBisection,75,true,false,true,true,true,true,true,0.049495699655084935,0.7576758709196612,0.3499999999999999,-0.6585591976498957,9.549192057658286e-6,2.2508535072018887e-5,mean-constrained Fourier nonlinear conjugate gradient,1.8266976839582098e-8,Polyorder.Successful(),2.5116273591741773e-7,1.7346620593495288e-7,0.1,0.09553947991080354,0.01,"Anderson(SD(0.1); m=10, warmup=100, αw=0.2)","VariableCell(BB(1.0), field_updater)",128,,,,,-13.419018059533187,-9.02776262322409,30.00272054204587,1.098901098901099,14.491003501992514,,cases/f0.35_chiN18/native_profiles.csv#model=ohta_kawasaki,accepted,model_gates_pass,,,,
liu2019-stress-free-period-map-v2,stress_free_lamellar_observable,f0.35_chiN18,0.35,18.0,12.562,uneyama_doi,Uneyama-Doi,not_applicable,3.5502839133015223,3.8215791964321415,-0.0709903600542684,0.0709903600542684,0.06217648315759513,0.964946413711993,0.999542372304498,0.99609375,false,1.1188343653579111,BootstrapLocal,28,true,false,true,true,true,true,true,0.08954710572218655,0.8153341146514583,0.3500000000000631,-0.2489703195665689,7.526070485040479e-7,1.711570396079054e-6,mean-constrained fused-spectral L-BFGS with profile continuation,,Polyorder.Successful(),2.5116273591741773e-7,1.7346620593495288e-7,0.1,0.09553947991080354,0.01,"Anderson(SD(0.1); m=10, warmup=100, αw=0.2)","VariableCell(BB(1.0), field_updater)",128,,,1,,,,,,,,cases/f0.35_chiN18/native_profiles.csv#model=uneyama_doi,accepted,model_gates_pass,,,,
liu2019-stress-free-period-map-v2,stress_free_lamellar_observable,f0.35_chiN18,0.35,18.0,12.562,burp_ti,BURP-TI,not_applicable,3.3119003209772706,3.8215791964321415,-0.13336865448993218,0.13336865448993218,0.023768701293344248,0.9948773928086018,0.9976668213077454,0.99609375,false,1.0437103015525973,BoundedKKTNewtonGMRES+AnalyticStressRoot,1,true,false,true,true,true,true,true,0.017020810524003165,0.8690744332132437,0.35000000000000014,-0.4546733534150573,0.00044853818669177316,0.0008202460771826736,bounded-KKT Newton-GMRES,5.956414602859511e-5,Polyorder.Successful(),2.5116273591741773e-7,1.7346620593495288e-7,0.1,0.09553947991080354,0.01,"Anderson(SD(0.1); m=10, warmup=100, αw=0.2)","VariableCell(BB(1.0), field_updater)",128,64,256,1,,,,,,,,cases/f0.35_chiN18/native_profiles.csv#model=burp_ti,accepted,model_gates_pass,,,,
liu2019-stress-free-period-map-v2,stress_free_lamellar_observable,f0.35_chiN18,0.35,18.0,12.562,bvk2,BVK2,frozen_c2_evaluation,3.8003623788740093,3.8215791964321415,-0.005551845576807768,0.005551845576807768,0.019186455601061324,0.9966621030659707,0.9990147639263379,0.998046875,false,1.1976439445778115,FilteredUDThetaAnalyticCellStressRoot,21,true,false,true,true,true,true,true,0.025083956696429363,0.8791636884900416,0.34999999999999987,-0.5075901162574583,1.525014230808389e-11,3.9831143324828625e-11,oversampled filtered UD-theta L-BFGS with cosine-Newton polish,1.986633080264255e-12,Polyorder.Successful(),2.5116273591741773e-7,1.7346620593495288e-7,0.1,0.09553947991080354,0.01,"Anderson(SD(0.1); m=10, warmup=100, αw=0.2)","VariableCell(BB(1.0), field_updater)",256,,,,0.16,,,,,,,cases/f0.35_chiN18/native_profiles.csv#model=bvk2,accepted,model_gates_pass,,2,12.0,ud-theta-spectral-adaptive-k-physical-sensor-filter-oversampled-v2
liu2019-stress-free-period-map-v2,stress_free_lamellar_observable,f0.35_chiN19,0.35,19.0,12.562,scft,SCFT,reference,3.8959214932234834,3.8959214932234834,0.0,0.0,0.0,1.0,1.0,0.0,false,,Polyorder.cell_solve!,29,true,false,true,true,true,true,true,0.018057968260219253,0.9197583257584941,0.3499999999999994,2.832435223862704,,,not_applicable,2.9711525820511267e-6,Polyorder.Successful(),7.297260060365849e-7,5.304886680126551e-7,0.1,0.10822004147843009,0.01,"Anderson(SD(0.1); m=10, warmup=100, αw=0.2)","VariableCell(BB(1.0), field_updater)",36,,,,,,,,,,,cases/f0.35_chiN19/native_profiles.csv#model=scft,accepted,reference_gates_pass,,,,
liu2019-stress-free-period-map-v2,stress_free_lamellar_observable,f0.35_chiN19,0.35,19.0,12.562,liu2019_opf,OPF (force/stress mapped),per_state_force_stress_mapping,3.752821585188797,3.8959214932234834,-0.03673069600698897,0.03673069600698897,0.05315352319839434,0.976204526880801,0.9902401112857359,0.0,false,1.0565948009490966,StressRootBisection,73,true,false,true,true,true,true,true,-0.03269915383564509,0.8835859695533639,0.3500000000000001,-0.1553739464557154,4.847089373664193e-7,1.2641924250766934e-6,mean-constrained Fourier nonlinear conjugate gradient,4.928810567076474e-8,Polyorder.Successful(),7.297260060365849e-7,5.304886680126551e-7,0.1,0.10822004147843009,0.01,"Anderson(SD(0.1); m=10, warmup=100, αw=0.2)","VariableCell(BB(1.0), field_updater)",128,,,,,-1.0,-0.5809942451772933,1.8701782985451059,0.060618276935313804,0.5936428847844947,0.09646885502232908,cases/f0.35_chiN19/native_profiles.csv#model=liu2019_opf,accepted,model_gates_pass,,,,
liu2019-stress-free-period-map-v2,stress_free_lamellar_observable,f0.35_chiN19,0.35,19.0,12.562,ohta_kawasaki,Ohta-Kawasaki (recomputed),liu2019_ok_asymptotic_quadratic_mapped_c3_c4,3.4139295870595165,3.8959214932234834,-0.12371704794419947,0.12371704794419947,0.0812877121988114,0.9443480952756089,0.9912534215670439,0.0,false,1.0354035615921022,StressRootBisection,74,true,false,true,true,true,true,true,0.04763894231416066,0.7728363663483517,0.35000000000000003,-0.8418310781038394,9.591785814360702e-6,2.496045612421227e-5,mean-constrained Fourier nonlinear conjugate gradient,2.777877524273625e-8,Polyorder.Successful(),7.297260060365849e-7,5.304886680126551e-7,0.1,0.10822004147843009,0.01,"Anderson(SD(0.1); m=10, warmup=100, αw=0.2)","VariableCell(BB(1.0), field_updater)",128,,,,,-14.419018059533187,-10.499602260648805,33.781845532468225,1.098901098901099,14.491003501992514,,cases/f0.35_chiN19/native_profiles.csv#model=ohta_kawasaki,accepted,model_gates_pass,,,,
liu2019-stress-free-period-map-v2,stress_free_lamellar_observable,f0.35_chiN19,0.35,19.0,12.562,uneyama_doi,Uneyama-Doi,not_applicable,3.582034718687207,3.8959214932234834,-0.08056804406409301,0.08056804406409301,0.055550549070748176,0.9740099602715577,0.9994607431764231,0.99609375,false,1.1288402953231742,BootstrapLocal,32,true,false,true,true,true,true,true,0.07757995464754909,0.8470614101683461,0.3500000000003775,-0.36645777740249597,7.195481726530072e-7,1.9126785684164815e-6,mean-constrained fused-spectral L-BFGS with profile continuation,,Polyorder.Successful(),7.297260060365849e-7,5.304886680126551e-7,0.1,0.10822004147843009,0.01,"Anderson(SD(0.1); m=10, warmup=100, αw=0.2)","VariableCell(BB(1.0), field_updater)",128,,,1,,,,,,,,cases/f0.35_chiN19/native_profiles.csv#model=uneyama_doi,accepted,model_gates_pass,,,,
liu2019-stress-free-period-map-v2,stress_free_lamellar_observable,f0.35_chiN19,0.35,19.0,12.562,burp_ti,BURP-TI,not_applicable,3.34566253049515,3.8959214932234834,-0.14123974615131407,0.14123974615131407,0.020665970891639882,0.9964029882359933,0.9982690590830565,0.99609375,false,1.0543501042223196,BoundedKKTNewtonGMRES+AnalyticStressRoot,1,true,false,true,true,true,true,true,0.012581917541808398,0.8970938462056707,0.35000000000000003,-0.6102460826783931,0.0004505483028063205,0.0007106958866263113,bounded-KKT Newton-GMRES,5.694400952836287e-5,Polyorder.Successful(),7.297260060365849e-7,5.304886680126551e-7,0.1,0.10822004147843009,0.01,"Anderson(SD(0.1); m=10, warmup=100, αw=0.2)","VariableCell(BB(1.0), field_updater)",128,64,256,1,,,,,,,,cases/f0.35_chiN19/native_profiles.csv#model=burp_ti,accepted,model_gates_pass,,,,
liu2019-stress-free-period-map-v2,stress_free_lamellar_observable,f0.35_chiN19,0.35,19.0,12.562,bvk2,BVK2,frozen_c2_evaluation,3.8677566651576716,3.8959214932234834,-0.007229310989659621,0.007229310989659621,0.01790691570020723,0.997299339745009,0.9990756609998288,0.498046875,false,1.2188825399589935,FilteredUDThetaAnalyticCellStressRoot,21,true,false,true,true,true,true,true,0.017856556958503036,0.9022270256794803,0.35,-0.6855925848241462,1.705564764954081e-11,5.898464595321665e-11,oversampled filtered UD-theta L-BFGS with cosine-Newton polish,6.084022174945858e-14,Polyorder.Successful(),7.297260060365849e-7,5.304886680126551e-7,0.1,0.10822004147843009,0.01,"Anderson(SD(0.1); m=10, warmup=100, αw=0.2)","VariableCell(BB(1.0), field_updater)",256,,,,0.16,,,,,,,cases/f0.35_chiN19/native_profiles.csv#model=bvk2,accepted,model_gates_pass,,2,12.0,ud-theta-spectral-adaptive-k-physical-sensor-filter-oversampled-v2
liu2019-stress-free-period-map-v2,stress_free_lamellar_observable,f0.35_chiN20,0.35,20.0,12.562,scft,SCFT,reference,3.9636286648884984,3.9636286648884984,0.0,0.0,0.0,1.0,1.0,0.0,false,,Polyorder.cell_solve!,28,true,false,true,true,true,true,true,0.013579285154243106,0.9338055802228549,0.3500000000000011,2.936841739738383,,,not_applicable,7.984892168441933e-6,Polyorder.Successful(),4.493823357213686e-7,3.2386441581352196e-7,0.1,0.11010079624690274,0.01,"Anderson(SD(0.1); m=10, warmup=100, αw=0.2)","VariableCell(BB(1.0), field_updater)",36,,,,,,,,,,,cases/f0.35_chiN20/native_profiles.csv#model=scft,accepted,reference_gates_pass,,,,
liu2019-stress-free-period-map-v2,stress_free_lamellar_observable,f0.35_chiN20,0.35,20.0,12.562,liu2019_opf,OPF (force/stress mapped),per_state_force_stress_mapping,3.81984164472928,3.9636286648884984,-0.036276612244972584,0.036276612244972584,0.055817647108924305,0.9752497131302587,0.9897635499214718,0.0,false,1.0657482147216797,StressRootBisection,70,true,false,true,true,true,true,true,-0.036515445350008835,0.8958522270244139,0.35,-0.17624168839458088,1.1823733800036498e-6,3.556792666767339e-6,mean-constrained Fourier nonlinear conjugate gradient,8.922755792256199e-8,Polyorder.Successful(),4.493823357213686e-7,3.2386441581352196e-7,0.1,0.11010079624690274,0.01,"Anderson(SD(0.1); m=10, warmup=100, αw=0.2)","VariableCell(BB(1.0), field_updater)",128,,,,,-1.0,-0.5984502253605815,1.8775101123019604,0.05662006100887605,0.5347204884796267,0.09832149539167585,cases/f0.35_chiN20/native_profiles.csv#model=liu2019_opf,accepted,model_gates_pass,,,,
liu2019-stress-free-period-map-v2,stress_free_lamellar_observable,f0.35_chiN20,0.35,20.0,12.562,ohta_kawasaki,Ohta-Kawasaki (recomputed),liu2019_ok_asymptotic_quadratic_mapped_c3_c4,3.4365444083793073,3.9636286648884984,-0.13298023126594238,0.13298023126594238,0.08398338183950924,0.9439695767209088,0.9917253603171401,0.0,false,1.0422623634338382,StressRootBisection,72,true,false,true,true,true,true,true,0.04705764112792388,0.7847217768905363,0.3499999999999999,-1.0347748780957886,7.220846120809561e-6,1.9636561825020493e-5,mean-constrained Fourier nonlinear conjugate gradient,9.532793705973192e-8,Polyorder.Successful(),4.493823357213686e-7,3.2386441581352196e-7,0.1,0.11010079624690274,0.01,"Anderson(SD(0.1); m=10, warmup=100, αw=0.2)","VariableCell(BB(1.0), field_updater)",128,,,,,-15.419018059533187,-11.984478585573521,37.59113642414059,1.098901098901099,14.491003501992514,,cases/f0.35_chiN20/native_profiles.csv#model=ohta_kawasaki,accepted,model_gates_pass,,,,
liu2019-stress-free-period-map-v2,stress_free_lamellar_observable,f0.35_chiN20,0.35,20.0,12.562,uneyama_doi,Uneyama-Doi,not_applicable,3.6123287603122214,3.9636286648884984,-0.08863088202188074,0.08863088202188074,0.05027768829850497,0.979918886625777,0.9994136125951227,0.99609375,false,1.1383871416214835,BootstrapLocal,32,true,false,true,true,true,true,true,0.06831310654003506,0.8715572324698123,0.3500000000001179,-0.5007246277350421,9.37320590251278e-7,2.1061056585391924e-6,mean-constrained fused-spectral L-BFGS with profile continuation,,Polyorder.Successful(),4.493823357213686e-7,3.2386441581352196e-7,0.1,0.11010079624690274,0.01,"Anderson(SD(0.1); m=10, warmup=100, αw=0.2)","VariableCell(BB(1.0), field_updater)",128,,,1,,,,,,,,cases/f0.35_chiN20/native_profiles.csv#model=uneyama_doi,accepted,model_gates_pass,,,,
liu2019-stress-free-period-map-v2,stress_free_lamellar_observable,f0.35_chiN20,0.35,20.0,12.562,burp_ti,BURP-TI,not_applicable,3.37827360614354,3.9636286648884984,-0.14768160900900773,0.14768160900900773,0.018265089656016285,0.9973497868632656,0.9986829308380484,0.99609375,false,1.0646271392476043,BoundedKKTNewtonGMRES+AnalyticStressRoot,1,true,false,true,true,true,true,true,0.009709767041237575,0.9194693343440546,0.35000000000000003,-0.7819489968218316,0.0004747452057161171,0.0007949319762445839,bounded-KKT Newton-GMRES,6.018877454099777e-6,Polyorder.Successful(),4.493823357213686e-7,3.2386441581352196e-7,0.1,0.11010079624690274,0.01,"Anderson(SD(0.1); m=10, warmup=100, αw=0.2)","VariableCell(BB(1.0), field_updater)",128,64,256,1,,,,,,,,cases/f0.35_chiN20/native_profiles.csv#model=burp_ti,accepted,model_gates_pass,,,,
liu2019-stress-free-period-map-v2,stress_free_lamellar_observable,f0.35_chiN20,0.35,20.0,12.562,bvk2,BVK2,frozen_c2_evaluation,3.930955990628876,3.9636286648884984,-0.008243121902172912,0.008243121902172912,0.017092130845766405,0.9976792573832374,0.999117711043133,0.498046875,false,1.2387991378794307,FilteredUDThetaAnalyticCellStressRoot,22,true,false,true,true,true,true,true,0.01281424801223759,0.9201039683520263,0.35000000000000003,-0.8827378394088298,1.6506531229853056e-11,5.2615849432493473e-11,oversampled filtered UD-theta L-BFGS with cosine-Newton polish,6.061817714453355e-14,Polyorder.Successful(),4.493823357213686e-7,3.2386441581352196e-7,0.1,0.11010079624690274,0.01,"Anderson(SD(0.1); m=10, warmup=100, αw=0.2)","VariableCell(BB(1.0), field_updater)",256,,,,0.16,,,,,,,cases/f0.35_chiN20/native_profiles.csv#model=bvk2,accepted,model_gates_pass,,2,12.0,ud-theta-spectral-adaptive-k-physical-sensor-filter-oversampled-v2
liu2019-stress-free-period-map-v2,stress_free_lamellar_observable,f0.35_chiN21,0.35,21.0,12.562,scft,SCFT,reference,4.025897251670486,4.025897251670486,0.0,0.0,0.0,1.0,1.0,0.0,false,,Polyorder.cell_solve!,42,true,false,true,true,true,true,true,0.01030003246872558,0.9447169117026564,0.3499999999999997,3.0346124690668823,,,not_applicable,6.431468881323905e-6,Polyorder.Successful(),2.730781151299295e-8,1.8607909853024227e-8,0.1,0.11183047921306905,0.01,"Anderson(SD(0.1); m=10, warmup=100, αw=0.2)","VariableCell(BB(1.0), field_updater)",36,,,,,,,,,,,cases/f0.35_chiN21/native_profiles.csv#model=scft,accepted,reference_gates_pass,,,,
liu2019-stress-free-period-map-v2,stress_free_lamellar_observable,f0.35_chiN21,0.35,21.0,12.562,liu2019_opf,OPF (force/stress mapped),per_state_force_stress_mapping,3.8821116567937515,4.025897251670486,-0.03571516754856885,0.03571516754856885,0.05823486261931778,0.9742945431258072,0.9892939109756386,0.0,false,1.0747354030609129,StressRootBisection,73,true,false,true,true,true,true,true,-0.03920365136763171,0.9052063217769701,0.3499999999999999,-0.19549272992979472,1.149505807631224e-6,2.6095088898336893e-6,mean-constrained Fourier nonlinear conjugate gradient,4.706603009007763e-9,Polyorder.Successful(),2.730781151299295e-8,1.8607909853024227e-8,0.1,0.11183047921306905,0.01,"Anderson(SD(0.1); m=10, warmup=100, αw=0.2)","VariableCell(BB(1.0), field_updater)",128,,,,,-1.0,-0.613818233053454,1.886200908339876,0.053116405934363724,0.4862753850875505,0.09962629375022825,cases/f0.35_chiN21/native_profiles.csv#model=liu2019_opf,accepted,model_gates_pass,,,,
liu2019-stress-free-period-map-v2,stress_free_lamellar_observable,f0.35_chiN21,0.35,21.0,12.562,ohta_kawasaki,Ohta-Kawasaki (recomputed),liu2019_ok_asymptotic_quadratic_mapped_c3_c4,3.458803886952249,4.025897251670486,-0.14086136065269173,0.14086136065269173,0.08617828727712971,0.9437069300243477,0.9921329261369438,0.0,false,1.0490133941173556,StressRootBisection,76,true,false,true,true,true,true,true,0.04722339819917598,0.7941625658304208,0.35,-1.2359205252997336,5.421262012233294e-6,1.2422997131888991e-5,mean-constrained Fourier nonlinear conjugate gradient,8.252515406284924e-8,Polyorder.Successful(),2.730781151299295e-8,1.8607909853024227e-8,0.1,0.11183047921306905,0.01,"Anderson(SD(0.1); m=10, warmup=100, αw=0.2)","VariableCell(BB(1.0), field_updater)",128,,,,,-16.419018059533187,-13.482391597998236,41.43059321706295,1.098901098901099,14.491003501992514,,cases/f0.35_chiN21/native_profiles.csv#model=ohta_kawasaki,accepted,model_gates_pass,,,,
liu2019-stress-free-period-map-v2,stress_free_lamellar_observable,f0.35_chiN21,0.35,21.0,12.562,uneyama_doi,Uneyama-Doi,not_applicable,3.638680016380456,4.025897251670486,-0.09618159905331902,0.09618159905331902,0.04582584701950381,0.9840823035463487,0.9994001989312362,0.99609375,false,1.1466914608194572,BootstrapLocal,32,true,false,true,true,true,true,true,0.06082085027210639,0.8907930855917288,0.3500000000005438,-0.6495540252295524,9.816662394632515e-7,2.2128178109870333e-6,mean-constrained fused-spectral L-BFGS with profile continuation,,Polyorder.Successful(),2.730781151299295e-8,1.8607909853024227e-8,0.1,0.11183047921306905,0.01,"Anderson(SD(0.1); m=10, warmup=100, αw=0.2)","VariableCell(BB(1.0), field_updater)",128,,,1,,,,,,,,cases/f0.35_chiN21/native_profiles.csv#model=uneyama_doi,accepted,model_gates_pass,,,,
liu2019-stress-free-period-map-v2,stress_free_lamellar_observable,f0.35_chiN21,0.35,21.0,12.562,burp_ti,BURP-TI,not_applicable,3.4092071866759195,4.025897251670486,-0.1531807759720346,0.1531807759720346,0.016500526780428185,0.997936260696684,0.9989691916936027,0.99609375,false,1.0743755294576167,BoundedKKTNewtonGMRES+AnalyticStressRoot,1,true,false,true,true,true,true,true,0.0074460297037246955,0.9372367298151415,0.35000000000000003,-0.9678916758364413,0.0004478484615850438,0.0007301522757536816,bounded-KKT Newton-GMRES,1.240879518976504e-5,Polyorder.Successful(),2.730781151299295e-8,1.8607909853024227e-8,0.1,0.11183047921306905,0.01,"Anderson(SD(0.1); m=10, warmup=100, αw=0.2)","VariableCell(BB(1.0), field_updater)",128,64,256,1,,,,,,,,cases/f0.35_chiN21/native_profiles.csv#model=burp_ti,accepted,model_gates_pass,,,,
liu2019-stress-free-period-map-v2,stress_free_lamellar_observable,f0.35_chiN21,0.35,21.0,12.562,bvk2,BVK2,frozen_c2_evaluation,3.9904971955844943,4.025897251670486,-0.008793084838740639,0.008793084838740639,0.01644304554762772,0.9979506299892341,0.999159371348765,0.498046875,false,1.2575629178716667,FilteredUDThetaAnalyticCellStressRoot,22,true,false,true,true,true,true,true,0.009251698647855367,0.9341698723952233,0.35,-1.0970580298406822,1.616489135839775e-11,5.941602665268565e-11,oversampled filtered UD-theta L-BFGS with cosine-Newton polish,8.813406449093009e-9,Polyorder.Successful(),2.730781151299295e-8,1.8607909853024227e-8,0.1,0.11183047921306905,0.01,"Anderson(SD(0.1); m=10, warmup=100, αw=0.2)","VariableCell(BB(1.0), field_updater)",256,,,,0.16,,,,,,,cases/f0.35_chiN21/native_profiles.csv#model=bvk2,accepted,model_gates_pass,,2,12.0,ud-theta-spectral-adaptive-k-physical-sensor-filter-oversampled-v2
liu2019-stress-free-period-map-v2,stress_free_lamellar_observable,f0.35_chiN22,0.35,22.0,12.562,scft,SCFT,reference,4.083642434931992,4.083642434931992,0.0,0.0,0.0,1.0,1.0,0.0,false,,Polyorder.cell_solve!,57,true,false,true,true,true,true,true,0.007867616867027957,0.9533492479060124,0.34999999999999964,3.126728536956267,,,not_applicable,2.1139862482161834e-7,Polyorder.Successful(),4.711631131848778e-7,3.4163918682060943e-7,0.1,0.11343451208144423,0.01,"Anderson(SD(0.1); m=10, warmup=100, αw=0.2)","VariableCell(BB(1.0), field_updater)",36,,,,,,,,,,,cases/f0.35_chiN22/native_profiles.csv#model=scft,accepted,reference_gates_pass,,,,
liu2019-stress-free-period-map-v2,stress_free_lamellar_observable,f0.35_chiN22,0.35,22.0,12.562,liu2019_opf,OPF (force/stress mapped),per_state_force_stress_mapping,3.940285174771844,4.083642434931992,-0.03510524303838458,0.03510524303838458,0.06046897818961509,0.9733326311241933,0.9888262869309057,0.0,false,1.0835503578186034,StressRootBisection,72,true,false,true,true,true,true,true,-0.04139768198796312,0.9124522082934332,0.35000000000000003,-0.21331379797711977,6.78917867781983e-7,1.4853984832974287e-6,mean-constrained Fourier nonlinear conjugate gradient,9.775039895638396e-8,Polyorder.Successful(),4.711631131848778e-7,3.4163918682060943e-7,0.1,0.11343451208144423,0.01,"Anderson(SD(0.1); m=10, warmup=100, αw=0.2)","VariableCell(BB(1.0), field_updater)",128,,,,,-1.0,-0.6275297925818631,1.8955800102813258,0.05001102654316229,0.44572913590778507,0.10054813569922792,cases/f0.35_chiN22/native_profiles.csv#model=liu2019_opf,accepted,model_gates_pass,,,,
liu2019-stress-free-period-map-v2,stress_free_lamellar_observable,f0.35_chiN22,0.35,22.0,12.562,ohta_kawasaki,Ohta-Kawasaki (recomputed),liu2019_ok_asymptotic_quadratic_mapped_c3_c4,3.4806337350960734,4.083642434931992,-0.147664422006615,0.147664422006615,0.088016366020858,0.943500867998813,0.9924789661365866,0.0,false,1.0556341230869295,StressRootBisection,76,true,false,true,true,true,true,true,0.04782748286463823,0.8017351727357422,0.35000000000000003,-1.444151024189069,2.386868650989463e-6,7.690206214494566e-6,mean-constrained Fourier nonlinear conjugate gradient,7.938622011683326e-8,Polyorder.Successful(),4.711631131848778e-7,3.4163918682060943e-7,0.1,0.11343451208144423,0.01,"Anderson(SD(0.1); m=10, warmup=100, αw=0.2)","VariableCell(BB(1.0), field_updater)",128,,,,,-17.419018059533187,-14.99334129792295,45.30021591123531,1.098901098901099,14.491003501992514,,cases/f0.35_chiN22/native_profiles.csv#model=ohta_kawasaki,accepted,model_gates_pass,,,,
liu2019-stress-free-period-map-v2,stress_free_lamellar_observable,f0.35_chiN22,0.35,22.0,12.562,uneyama_doi,Uneyama-Doi,not_applicable,3.6573584974242768,4.083642434931992,-0.10438816431654951,0.10438816431654951,0.041996922809224624,0.9871367755253289,0.9994205084737543,0.99609375,false,1.1525777862499997,BootstrapLocal,32,true,false,true,true,true,true,true,0.054478627164824704,0.9060409336262423,0.34999999999997355,-0.8103071136799194,9.758294539513294e-7,2.1415822011316976e-6,mean-constrained fused-spectral L-BFGS with profile continuation,,Polyorder.Successful(),4.711631131848778e-7,3.4163918682060943e-7,0.1,0.11343451208144423,0.01,"Anderson(SD(0.1); m=10, warmup=100, αw=0.2)","VariableCell(BB(1.0), field_updater)",128,,,1,,,,,,,,cases/f0.35_chiN22/native_profiles.csv#model=uneyama_doi,accepted,model_gates_pass,,,,
liu2019-stress-free-period-map-v2,stress_free_lamellar_observable,f0.35_chiN22,0.35,22.0,12.562,burp_ti,BURP-TI,not_applicable,3.4383610166974696,4.083642434931992,-0.15801614086353488,0.15801614086353488,0.015308412420302295,0.9982908695315408,0.9991662937949125,0.99609375,false,1.0835630501479212,BoundedKKTNewtonGMRES+AnalyticStressRoot,1,true,false,true,true,true,true,true,0.005542959716876607,0.9513183182915397,0.3499999999999998,-1.1664211405268676,0.000451780179507615,0.0007966877991583132,bounded-KKT Newton-GMRES,8.717357639214157e-8,Polyorder.Successful(),4.711631131848778e-7,3.4163918682060943e-7,0.1,0.11343451208144423,0.01,"Anderson(SD(0.1); m=10, warmup=100, αw=0.2)","VariableCell(BB(1.0), field_updater)",128,64,256,1,,,,,,,,cases/f0.35_chiN22/native_profiles.csv#model=burp_ti,accepted,model_gates_pass,,,,
liu2019-stress-free-period-map-v2,stress_free_lamellar_observable,f0.35_chiN22,0.35,22.0,12.562,bvk2,BVK2,frozen_c2_evaluation,4.046793533509085,4.083642434931992,-0.00902353768970976,0.00902353768970976,0.01592464827672457,0.9981505161433518,0.9991986894085657,0.498046875,false,1.2753041123935611,FilteredUDThetaAnalyticCellStressRoot,25,true,false,true,true,true,true,true,0.006711312144748498,0.9453756130402331,0.35000000000000003,-1.3268874745999892,1.7131037749144155e-11,6.921096841060793e-11,oversampled filtered UD-theta L-BFGS with cosine-Newton polish,3.714806240395774e-13,Polyorder.Successful(),4.711631131848778e-7,3.4163918682060943e-7,0.1,0.11343451208144423,0.01,"Anderson(SD(0.1); m=10, warmup=100, αw=0.2)","VariableCell(BB(1.0), field_updater)",256,,,,0.16,,,,,,,cases/f0.35_chiN22/native_profiles.csv#model=bvk2,accepted,model_gates_pass,,2,12.0,ud-theta-spectral-adaptive-k-physical-sensor-filter-oversampled-v2
liu2019-stress-free-period-map-v2,stress_free_lamellar_observable,f0.35_chiN23,0.35,23.0,12.562,scft,SCFT,reference,4.137598867520225,4.137598867520225,0.0,0.0,0.0,1.0,1.0,0.0,false,,Polyorder.cell_solve!,89,true,false,true,true,true,true,true,0.006045285520946632,0.9602877213168861,0.35000000000000003,3.213963203675517,,,not_applicable,9.66707733076621e-8,Polyorder.Successful(),6.776737141180993e-7,4.365512641017769e-7,0.1,0.09851425875048155,0.01,"Anderson(SD(0.1); m=10, warmup=100, αw=0.2)","VariableCell(BB(1.0), field_updater)",42,,,,,,,,,,,cases/f0.35_chiN23/native_profiles.csv#model=scft,accepted,reference_gates_pass,,,,
liu2019-stress-free-period-map-v2,stress_free_lamellar_observable,f0.35_chiN23,0.35,23.0,12.562,liu2019_opf,OPF (force/stress mapped),per_state_force_stress_mapping,3.994957140785745,4.137598867520225,-0.03447451802401735,0.03447451802401735,0.0626697452874196,0.9723210140404883,0.988273726110398,0.0,false,1.0921980857849118,StressRootBisection,49,true,false,true,true,true,true,true,-0.04326789163846051,0.9181409755459868,0.35000000000000003,-0.22988304410833338,6.336230666455348e-7,1.7254236308050785e-6,mean-constrained Fourier nonlinear conjugate gradient,7.026717703162894e-9,Polyorder.Successful(),6.776737141180993e-7,4.365512641017769e-7,0.1,0.09851425875048155,0.01,"Anderson(SD(0.1); m=10, warmup=100, αw=0.2)","VariableCell(BB(1.0), field_updater)",128,,,,,-1.0,-0.6398930849867549,1.9052524381720486,0.04723265392656674,0.4112623648642101,0.1011942212740329,cases/f0.35_chiN23/native_profiles.csv#model=liu2019_opf,accepted,model_gates_pass,,,,
liu2019-stress-free-period-map-v2,stress_free_lamellar_observable,f0.35_chiN23,0.35,23.0,12.562,ohta_kawasaki,Ohta-Kawasaki (recomputed),liu2019_ok_asymptotic_quadratic_mapped_c3_c4,3.50200815847666,4.137598867520225,-0.15361341913371418,0.15361341913371418,0.09006706301010205,0.9428302466630418,0.992662491637244,0.0,false,1.0621167272329333,StressRootBisection,77,true,false,true,true,true,true,true,0.04868440521146267,0.8078534181019884,0.3500000000000001,-1.6585950687246023,8.59807204186122e-6,1.9085454713962946e-5,mean-constrained Fourier nonlinear conjugate gradient,1.982364660326161e-8,Polyorder.Successful(),6.776737141180993e-7,4.365512641017769e-7,0.1,0.09851425875048155,0.01,"Anderson(SD(0.1); m=10, warmup=100, αw=0.2)","VariableCell(BB(1.0), field_updater)",128,,,,,-18.419018059533187,-16.517327685347663,49.20000450665768,1.098901098901099,14.491003501992514,,cases/f0.35_chiN23/native_profiles.csv#model=ohta_kawasaki,accepted,model_gates_pass,,,,
liu2019-stress-free-period-map-v2,stress_free_lamellar_observable,f0.35_chiN23,0.35,23.0,12.562,uneyama_doi,Uneyama-Doi,not_applicable,3.6837200749274217,4.137598867520225,-0.10969618059297881,0.10969618059297881,0.038975866361992136,0.9892940337169484,0.9994351508106424,0.99609375,false,1.1608853581388454,BootstrapLocal,32,true,false,true,true,true,true,true,0.04942700952328635,0.9186795108734924,0.350000000000545,-0.9849246087760184,6.586030604035008e-7,1.7197503714427853e-6,mean-constrained fused-spectral L-BFGS with profile continuation,,Polyorder.Successful(),6.776737141180993e-7,4.365512641017769e-7,0.1,0.09851425875048155,0.01,"Anderson(SD(0.1); m=10, warmup=100, αw=0.2)","VariableCell(BB(1.0), field_updater)",128,,,1,,,,,,,,cases/f0.35_chiN23/native_profiles.csv#model=uneyama_doi,accepted,model_gates_pass,,,,
liu2019-stress-free-period-map-v2,stress_free_lamellar_observable,f0.35_chiN23,0.35,23.0,12.562,burp_ti,BURP-TI,not_applicable,3.4658038730931677,4.137598867520225,-0.16236349050184318,0.16236349050184318,0.014779267155743278,0.9984606402896504,0.9992723409037364,0.99609375,false,1.0922113756252312,BoundedKKTNewtonGMRES+AnalyticStressRoot,1,true,false,true,true,true,true,true,0.0039921743366730655,0.9624205117698643,0.3499999999999999,-1.3761093279864576,0.0004349695784258654,0.0007127655449448156,bounded-KKT Newton-GMRES,5.409953419904368e-5,Polyorder.Successful(),6.776737141180993e-7,4.365512641017769e-7,0.1,0.09851425875048155,0.01,"Anderson(SD(0.1); m=10, warmup=100, αw=0.2)","VariableCell(BB(1.0), field_updater)",128,64,256,1,,,,,,,,cases/f0.35_chiN23/native_profiles.csv#model=burp_ti,accepted,model_gates_pass,,,,
liu2019-stress-free-period-map-v2,stress_free_lamellar_observable,f0.35_chiN23,0.35,23.0,12.562,bvk2,BVK2,frozen_c2_evaluation,4.100176405325633,4.137598867520225,-0.009044487731364015,0.009044487731364015,0.015995145554779457,0.9981969611320133,0.9991947802715542,0.498046875,false,1.2921271589352974,FilteredUDThetaAnalyticCellStressRoot,24,true,false,true,true,true,true,true,0.004887173071570844,0.9543971419006906,0.3499999999999998,-1.5708067271528496,1.2984358447129585e-11,4.31619933883273e-11,oversampled filtered UD-theta L-BFGS with cosine-Newton polish,5.6621374255882984e-14,Polyorder.Successful(),6.776737141180993e-7,4.365512641017769e-7,0.1,0.09851425875048155,0.01,"Anderson(SD(0.1); m=10, warmup=100, αw=0.2)","VariableCell(BB(1.0), field_updater)",256,,,,0.16,,,,,,,cases/f0.35_chiN23/native_profiles.csv#model=bvk2,accepted,model_gates_pass,,2,12.0,ud-theta-spectral-adaptive-k-physical-sensor-filter-oversampled-v2
liu2019-stress-free-period-map-v2,stress_free_lamellar_observable,f0.35_chiN24,0.35,24.0,12.562,scft,SCFT,reference,4.188308663781272,4.188308663781272,0.0,0.0,0.0,1.0,1.0,0.0,false,,Polyorder.cell_solve!,36,true,false,true,true,true,true,true,0.00466926105994651,0.9659379785881488,0.35000000000000064,3.2969339763844667,,,not_applicable,7.803516295685539e-6,Polyorder.Successful(),7.4275934355935e-7,5.57829531380439e-7,0.1,0.09972163485193504,0.01,"Anderson(SD(0.1); m=10, warmup=100, αw=0.2)","VariableCell(BB(1.0), field_updater)",42,,,,,,,,,,,cases/f0.35_chiN24/native_profiles.csv#model=scft,accepted,reference_gates_pass,,,,
liu2019-stress-free-period-map-v2,stress_free_lamellar_observable,f0.35_chiN24,0.35,24.0,12.562,liu2019_opf,OPF (force/stress mapped),per_state_force_stress_mapping,4.046565952516509,4.188308663781272,-0.03384247022921061,0.03384247022921061,0.06465309603528684,0.9713419669166845,0.9878027094095937,0.0,false,1.1006775856018067,StressRootBisection,49,true,false,true,true,true,true,true,-0.044880817918200644,0.9226610016808533,0.3499999999999999,-0.24535070952097815,8.399781592011356e-7,2.014911789471885e-6,mean-constrained Fourier nonlinear conjugate gradient,4.528601577532478e-9,Polyorder.Successful(),7.4275934355935e-7,5.57829531380439e-7,0.1,0.09972163485193504,0.01,"Anderson(SD(0.1); m=10, warmup=100, αw=0.2)","VariableCell(BB(1.0), field_updater)",128,,,,,-1.0,-0.6511250606158245,1.9149468237174851,0.044728211664786674,0.3815882607992374,0.10163448385431727,cases/f0.35_chiN24/native_profiles.csv#model=liu2019_opf,accepted,model_gates_pass,,,,
liu2019-stress-free-period-map-v2,stress_free_lamellar_observable,f0.35_chiN24,0.35,24.0,12.562,ohta_kawasaki,Ohta-Kawasaki (recomputed),liu2019_ok_asymptotic_quadratic_mapped_c3_c4,3.522925609433961,4.188308663781272,-0.1588667664590394,0.1588667664590394,0.09146931256690011,0.9426387566272952,0.9929049345649021,0.0,false,1.068460737168789,StressRootBisection,78,true,false,true,true,true,true,true,0.04968050887014497,0.8128226211410872,0.35,-1.8785571088801234,8.460891444123234e-6,1.9632835627447776e-5,mean-constrained Fourier nonlinear conjugate gradient,2.5355342683166583e-8,Polyorder.Successful(),7.4275934355935e-7,5.57829531380439e-7,0.1,0.09972163485193504,0.01,"Anderson(SD(0.1); m=10, warmup=100, αw=0.2)","VariableCell(BB(1.0), field_updater)",128,,,,,-19.419018059533187,-18.05435076027238,53.129959003330036,1.098901098901099,14.491003501992514,,cases/f0.35_chiN24/native_profiles.csv#model=ohta_kawasaki,accepted,model_gates_pass,,,,
liu2019-stress-free-period-map-v2,stress_free_lamellar_observable,f0.35_chiN24,0.35,24.0,12.562,uneyama_doi,Uneyama-Doi,not_applicable,3.7036175565208884,4.188308663781272,-0.11572478204669767,0.11572478204669767,0.03602288501510306,0.9911033867828273,0.9994660787045933,0.99609375,false,1.1671558386791312,BootstrapLocal,32,true,false,true,true,true,true,true,0.044943003232707744,0.9289588538604703,0.3499999999999385,-1.1690842230072684,8.89439752721706e-7,2.7565730629230956e-6,mean-constrained fused-spectral L-BFGS with profile continuation,,Polyorder.Successful(),7.4275934355935e-7,5.57829531380439e-7,0.1,0.09972163485193504,0.01,"Anderson(SD(0.1); m=10, warmup=100, αw=0.2)","VariableCell(BB(1.0), field_updater)",128,,,1,,,,,,,,cases/f0.35_chiN24/native_profiles.csv#model=uneyama_doi,accepted,model_gates_pass,,,,
liu2019-stress-free-period-map-v2,stress_free_lamellar_observable,f0.35_chiN24,0.35,24.0,12.562,burp_ti,BURP-TI,not_applicable,3.4917340210381056,4.188308663781272,-0.16631406581058605,0.16631406581058605,0.014307610930003328,0.9985965337615008,0.999369869101298,0.99609375,false,1.1003829870591553,BoundedKKTNewtonGMRES+AnalyticStressRoot,1,true,false,true,true,true,true,true,0.0027570198287487145,0.9711625226147722,0.35,-1.5957649799650078,0.0004255456899599941,0.0008410006617376453,bounded-KKT Newton-GMRES,1.0102745058875704e-5,Polyorder.Successful(),7.4275934355935e-7,5.57829531380439e-7,0.1,0.09972163485193504,0.01,"Anderson(SD(0.1); m=10, warmup=100, αw=0.2)","VariableCell(BB(1.0), field_updater)",128,64,256,1,,,,,,,,cases/f0.35_chiN24/native_profiles.csv#model=burp_ti,accepted,model_gates_pass,,,,
liu2019-stress-free-period-map-v2,stress_free_lamellar_observable,f0.35_chiN24,0.35,24.0,12.562,bvk2,BVK2,frozen_c2_evaluation,4.150920688037158,4.188308663781272,-0.008926747941819357,0.008926747941819357,0.015671884445611337,0.9983161482673988,0.9992264990300515,0.498046875,false,1.3081186820724697,FilteredUDThetaAnalyticCellStressRoot,25,true,false,true,true,true,true,true,0.0035702533416439998,0.9617260338776427,0.34999999999999976,-1.8275984357870387,1.4005359350127522e-11,4.608803963610362e-11,oversampled filtered UD-theta L-BFGS with cosine-Newton polish,9.741456974410312e-9,Polyorder.Successful(),7.4275934355935e-7,5.57829531380439e-7,0.1,0.09972163485193504,0.01,"Anderson(SD(0.1); m=10, warmup=100, αw=0.2)","VariableCell(BB(1.0), field_updater)",256,,,,0.16,,,,,,,cases/f0.35_chiN24/native_profiles.csv#model=bvk2,accepted,model_gates_pass,,2,12.0,ud-theta-spectral-adaptive-k-physical-sensor-filter-oversampled-v2
liu2019-stress-free-period-map-v2,stress_free_lamellar_observable,f0.35_chiN25,0.35,25.0,12.562,scft,SCFT,reference,4.236074660565621,4.236074660565621,0.0,0.0,0.0,1.0,1.0,0.0,false,,Polyorder.cell_solve!,85,true,false,true,true,true,true,true,0.0036247318958650848,0.970569565724354,0.3500000000000004,3.3761422753980446,,,not_applicable,8.180557188306573e-6,Polyorder.Successful(),9.253868941543938e-7,6.581190537708013e-7,0.1,0.10085892048965765,0.01,"Anderson(SD(0.1); m=10, warmup=100, αw=0.2)","VariableCell(BB(1.0), field_updater)",42,,,,,,,,,,,cases/f0.35_chiN25/native_profiles.csv#model=scft,accepted,reference_gates_pass,,,,
liu2019-stress-free-period-map-v2,stress_free_lamellar_observable,f0.35_chiN25,0.35,25.0,12.562,liu2019_opf,OPF (force/stress mapped),per_state_force_stress_mapping,4.095364212662452,4.236074660565621,-0.033217178444248874,0.033217178444248874,0.06676368238493179,0.9701587060197944,0.9872368126085823,0.0,false,1.1089888572692868,StressRootBisection,49,true,false,true,true,true,true,true,-0.04626363154344987,0.9262900196562058,0.3499999999999999,-0.2598349413580728,7.739009545484276e-7,1.9345903413681143e-6,mean-constrained Fourier nonlinear conjugate gradient,9.107465753757487e-8,Polyorder.Successful(),9.253868941543938e-7,6.581190537708013e-7,0.1,0.10085892048965765,0.01,"Anderson(SD(0.1); m=10, warmup=100, αw=0.2)","VariableCell(BB(1.0), field_updater)",128,,,,,-1.0,-0.6613836725276869,1.9244922819711077,0.04245510699689431,0.35578531590003826,0.10191749391244312,cases/f0.35_chiN25/native_profiles.csv#model=liu2019_opf,accepted,model_gates_pass,,,,
liu2019-stress-free-period-map-v2,stress_free_lamellar_observable,f0.35_chiN25,0.35,25.0,12.562,ohta_kawasaki,Ohta-Kawasaki (recomputed),liu2019_ok_asymptotic_quadratic_mapped_c3_c4,3.5433991914897085,4.236074660565621,-0.16351823907263785,0.16351823907263785,0.09283632038388707,0.9423003839046524,0.9930172531547733,0.0,false,1.074670127034187,StressRootBisection,77,true,false,true,true,true,true,true,0.050742428581919186,0.8168728130419074,0.3499999999999999,-2.103472285075435,5.202656124947449e-6,1.541123695680824e-5,mean-constrained Fourier nonlinear conjugate gradient,1.112817103427713e-8,Polyorder.Successful(),9.253868941543938e-7,6.581190537708013e-7,0.1,0.10085892048965765,0.01,"Anderson(SD(0.1); m=10, warmup=100, αw=0.2)","VariableCell(BB(1.0), field_updater)",128,,,,,-20.419018059533183,-19.604410522697094,57.0900794012524,1.098901098901099,14.491003501992514,,cases/f0.35_chiN25/native_profiles.csv#model=ohta_kawasaki,accepted,model_gates_pass,,,,
liu2019-stress-free-period-map-v2,stress_free_lamellar_observable,f0.35_chiN25,0.35,25.0,12.562,uneyama_doi,Uneyama-Doi,not_applicable,3.7222567933725057,4.236074660565621,-0.12129575334833875,0.12129575334833875,0.03383008861074456,0.992337978664488,0.9993944528833061,0.99609375,false,1.173029796718234,BootstrapLocal,32,true,false,true,true,true,true,true,0.04100735140457628,0.937505204833906,0.35000000000029996,-1.3629400187960061,8.64359665613789e-7,2.102830057193472e-6,mean-constrained fused-spectral L-BFGS with profile continuation,,Polyorder.Successful(),9.253868941543938e-7,6.581190537708013e-7,0.1,0.10085892048965765,0.01,"Anderson(SD(0.1); m=10, warmup=100, αw=0.2)","VariableCell(BB(1.0), field_updater)",128,,,1,,,,,,,,cases/f0.35_chiN25/native_profiles.csv#model=uneyama_doi,accepted,model_gates_pass,,,,
liu2019-stress-free-period-map-v2,stress_free_lamellar_observable,f0.35_chiN25,0.35,25.0,12.562,burp_ti,BURP-TI,not_applicable,3.516400443068896,4.236074660565621,-0.16989176895211533,0.16989176895211533,0.015108551919252061,0.9984717909438483,0.9993361859462045,0.99609375,false,1.1081563486585115,BoundedKKTNewtonGMRES+AnalyticStressRoot,1,true,false,true,true,true,true,true,0.0017858395486049737,0.977986249308003,0.35,-1.824415149850767,0.00044867648773217286,0.0008498350413876921,bounded-KKT Newton-GMRES,2.7026781733872966e-5,Polyorder.Successful(),9.253868941543938e-7,6.581190537708013e-7,0.1,0.10085892048965765,0.01,"Anderson(SD(0.1); m=10, warmup=100, αw=0.2)","VariableCell(BB(1.0), field_updater)",128,64,256,1,,,,,,,,cases/f0.35_chiN25/native_profiles.csv#model=burp_ti,accepted,model_gates_pass,,,,
liu2019-stress-free-period-map-v2,stress_free_lamellar_observable,f0.35_chiN25,0.35,25.0,12.562,bvk2,BVK2,frozen_c2_evaluation,4.199260418687076,4.236074660565621,-0.00869064991258428,0.00869064991258428,0.015405246581500994,0.9984112067028246,0.9992551141159185,0.99609375,false,1.3233524361000395,FilteredUDThetaAnalyticCellStressRoot,25,true,false,true,true,true,true,true,0.0026154042018082485,0.9677266675596147,0.35,-2.096212384886055,1.6011039150419583e-11,4.422394080095352e-11,oversampled filtered UD-theta L-BFGS with cosine-Newton polish,8.455458555545192e-13,Polyorder.Successful(),9.253868941543938e-7,6.581190537708013e-7,0.1,0.10085892048965765,0.01,"Anderson(SD(0.1); m=10, warmup=100, αw=0.2)","VariableCell(BB(1.0), field_updater)",256,,,,0.16,,,,,,,cases/f0.35_chiN25/native_profiles.csv#model=bvk2,accepted,model_gates_pass,,2,12.0,ud-theta-spectral-adaptive-k-physical-sensor-filter-oversampled-v2
liu2019-stress-free-period-map-v2,stress_free_lamellar_observable,f0.35_chiN26,0.35,26.0,12.562,scft,SCFT,reference,4.2814223199819965,4.2814223199819965,0.0,0.0,0.0,1.0,1.0,0.0,false,,Polyorder.cell_solve!,65,true,false,true,true,true,true,true,0.002824472066485646,0.9744641805141234,0.35000000000000064,3.4520031661251798,,,not_applicable,3.3217632289311426e-6,Polyorder.Successful(),7.334253665225483e-7,4.158805404181465e-7,0.1,0.10193862666623801,0.01,"Anderson(SD(0.1); m=10, warmup=100, αw=0.2)","VariableCell(BB(1.0), field_updater)",42,,,,,,,,,,,cases/f0.35_chiN26/native_profiles.csv#model=scft,accepted,reference_gates_pass,,,,
liu2019-stress-free-period-map-v2,stress_free_lamellar_observable,f0.35_chiN26,0.35,26.0,12.562,liu2019_opf,OPF (force/stress mapped),per_state_force_stress_mapping,4.141827419553044,4.2814223199819965,-0.03260479578887687,0.03260479578887687,0.06834676038035525,0.9693703407711997,0.986859680778285,0.0,false,1.1171399116516114,StressRootBisection,49,true,false,true,true,true,true,true,-0.04746363961337535,0.9292346115644141,0.3499999999999999,-0.2734661612250131,6.427770871728807e-7,1.6317842064794696e-6,mean-constrained Fourier nonlinear conjugate gradient,3.6247143912905584e-8,Polyorder.Successful(),7.334253665225483e-7,4.158805404181465e-7,0.1,0.10193862666623801,0.01,"Anderson(SD(0.1); m=10, warmup=100, αw=0.2)","VariableCell(BB(1.0), field_updater)",128,,,,,-1.0,-0.6708066840784029,1.9337955415111097,0.04038176154950495,0.3330941533512901,0.10207916243336353,cases/f0.35_chiN26/native_profiles.csv#model=liu2019_opf,accepted,model_gates_pass,,,,
liu2019-stress-free-period-map-v2,stress_free_lamellar_observable,f0.35_chiN26,0.35,26.0,12.562,ohta_kawasaki,Ohta-Kawasaki (recomputed),liu2019_ok_asymptotic_quadratic_mapped_c3_c4,3.563445516195082,4.2814223199819965,-0.16769586135803904,0.16769586135803904,0.09385420768461279,0.9422417810563831,0.9932835234032927,0.0,false,1.080749934911728,StressRootBisection,76,true,false,true,true,true,true,true,0.05170486540461139,0.8201800915880783,0.35,-2.3328719929790074,2.881147907455748e-6,6.973633221551978e-6,mean-constrained Fourier nonlinear conjugate gradient,7.968546363926785e-8,Polyorder.Successful(),7.334253665225483e-7,4.158805404181465e-7,0.1,0.10193862666623801,0.01,"Anderson(SD(0.1); m=10, warmup=100, αw=0.2)","VariableCell(BB(1.0), field_updater)",128,,,,,-21.419018059533183,-21.167506972621815,61.080365700424764,1.098901098901099,14.491003501992514,,cases/f0.35_chiN26/native_profiles.csv#model=ohta_kawasaki,accepted,model_gates_pass,,,,
liu2019-stress-free-period-map-v2,stress_free_lamellar_observable,f0.35_chiN26,0.35,26.0,12.562,uneyama_doi,Uneyama-Doi,not_applicable,3.7399001637374263,4.2814223199819965,-0.12648183612189123,0.12648183612189123,0.031059616339589927,0.9936744474080264,0.999534085903906,0.99609375,false,1.1785899179837622,BootstrapLocal,36,true,false,true,true,true,true,true,0.03753598957663687,0.9446782514410971,0.3500000000000193,-1.565710699927918,8.436062007538615e-7,2.756425065086887e-6,mean-constrained fused-spectral L-BFGS with profile continuation,,Polyorder.Successful(),7.334253665225483e-7,4.158805404181465e-7,0.1,0.10193862666623801,0.01,"Anderson(SD(0.1); m=10, warmup=100, αw=0.2)","VariableCell(BB(1.0), field_updater)",128,,,1,,,,,,,,cases/f0.35_chiN26/native_profiles.csv#model=uneyama_doi,accepted,model_gates_pass,,,,
liu2019-stress-free-period-map-v2,stress_free_lamellar_observable,f0.35_chiN26,0.35,26.0,12.562,burp_ti,BURP-TI,not_applicable,3.5399994518906537,4.2814223199819965,-0.17317209391631805,0.17317209391631805,0.0139029323887226,0.9987325841946632,0.9994881885768689,0.99609375,false,1.1155933262926787,BoundedKKTNewtonGMRES+AnalyticStressRoot,1,true,false,true,true,true,true,true,0.0010281471577960521,0.983284515940758,0.3500000000000002,-2.0612448994815535,0.0004259377959081038,0.000720466199757297,bounded-KKT Newton-GMRES,7.017771847838112e-5,Polyorder.Successful(),7.334253665225483e-7,4.158805404181465e-7,0.1,0.10193862666623801,0.01,"Anderson(SD(0.1); m=10, warmup=100, αw=0.2)","VariableCell(BB(1.0), field_updater)",128,64,256,1,,,,,,,,cases/f0.35_chiN26/native_profiles.csv#model=burp_ti,accepted,model_gates_pass,,,,
liu2019-stress-free-period-map-v2,stress_free_lamellar_observable,f0.35_chiN26,0.35,26.0,12.562,bvk2,BVK2,frozen_c2_evaluation,4.245398980217808,4.2814223199819965,-0.008413872090137553,0.008413872090137553,0.015209497122725268,0.9984831998908406,0.9992781429278357,0.498046875,false,1.3378925149977745,FilteredUDThetaAnalyticCellStressRoot,25,true,false,true,true,true,true,true,0.0019206113336877652,0.9726735830727841,0.3499999999999998,-2.375737681123111,2.079768615151641e-11,7.276067808667557e-11,oversampled filtered UD-theta L-BFGS with cosine-Newton polish,5.698693961164736e-9,Polyorder.Successful(),7.334253665225483e-7,4.158805404181465e-7,0.1,0.10193862666623801,0.01,"Anderson(SD(0.1); m=10, warmup=100, αw=0.2)","VariableCell(BB(1.0), field_updater)",256,,,,0.16,,,,,,,cases/f0.35_chiN26/native_profiles.csv#model=bvk2,accepted,model_gates_pass,,2,12.0,ud-theta-spectral-adaptive-k-physical-sensor-filter-oversampled-v2
liu2019-stress-free-period-map-v2,stress_free_lamellar_observable,f0.35_chiN27,0.35,27.0,12.562,scft,SCFT,reference,4.324573259734658,4.324573259734658,0.0,0.0,0.0,1.0,1.0,0.0,false,,Polyorder.cell_solve!,39,true,false,true,true,true,true,true,0.002210961445765049,0.9777135788252789,0.3500000000000004,3.5248597339669514,,,not_applicable,5.5950674020818455e-6,Polyorder.Successful(),1.5704642053564498e-7,1.204301307340873e-7,0.1,0.10296602999368233,0.01,"Anderson(SD(0.1); m=10, warmup=100, αw=0.2)","VariableCell(BB(1.0), field_updater)",42,,,,,,,,,,,cases/f0.35_chiN27/native_profiles.csv#model=scft,accepted,reference_gates_pass,,,,
liu2019-stress-free-period-map-v2,stress_free_lamellar_observable,f0.35_chiN27,0.35,27.0,12.562,liu2019_opf,OPF (force/stress mapped),per_state_force_stress_mapping,4.186167306163765,4.324573259734658,-0.03200453438020501,0.03200453438020501,0.07008580449406092,0.9683777559020599,0.9863866851708846,0.0,false,1.1251367568969728,StressRootBisection,48,true,false,true,true,true,true,true,-0.048513274197218736,0.9316435612071972,0.35,-0.2863343844036318,8.370482811379082e-7,2.0419818710648574e-6,mean-constrained Fourier nonlinear conjugate gradient,4.9858862232921447e-8,Polyorder.Successful(),1.5704642053564498e-7,1.204301307340873e-7,0.1,0.10296602999368233,0.01,"Anderson(SD(0.1); m=10, warmup=100, αw=0.2)","VariableCell(BB(1.0), field_updater)",128,,,,,-1.0,-0.6794920427613118,1.9428038498956743,0.03848068597143869,0.31298044507313066,0.1021441025283735,cases/f0.35_chiN27/native_profiles.csv#model=liu2019_opf,accepted,model_gates_pass,,,,
liu2019-stress-free-period-map-v2,stress_free_lamellar_observable,f0.35_chiN27,0.35,27.0,12.562,ohta_kawasaki,Ohta-Kawasaki (recomputed),liu2019_ok_asymptotic_quadratic_mapped_c3_c4,3.5830851158400367,4.324573259734658,-0.1714592629979209,0.1714592629979209,0.09489815175660171,0.9420240238864936,0.993430376767207,0.0,false,1.086706387996674,StressRootBisection,75,true,false,true,true,true,true,true,0.05253701919950643,0.8228818312858237,0.35000000000000003,-2.5663632514137573,5.599461867896266e-6,1.1733789775369985e-5,mean-constrained Fourier nonlinear conjugate gradient,6.037819640276616e-8,Polyorder.Successful(),1.5704642053564498e-7,1.204301307340873e-7,0.1,0.10296602999368233,0.01,"Anderson(SD(0.1); m=10, warmup=100, αw=0.2)","VariableCell(BB(1.0), field_updater)",128,,,,,-22.419018059533183,-22.743640110046528,65.10081790084713,1.098901098901099,14.491003501992514,,cases/f0.35_chiN27/native_profiles.csv#model=ohta_kawasaki,accepted,model_gates_pass,,,,
liu2019-stress-free-period-map-v2,stress_free_lamellar_observable,f0.35_chiN27,0.35,27.0,12.562,uneyama_doi,Uneyama-Doi,not_applicable,3.7588407644971435,4.324573259734658,-0.13081810880739386,0.13081810880739386,0.028973002084993867,0.9945959475387445,0.9995620466423062,0.99609375,false,1.1845588476660054,BootstrapLocal,36,true,false,true,true,true,true,true,0.034498216845243616,0.9507779340740374,0.3500000000000134,-1.7777170431813607,7.369441269248091e-7,2.0265518196893595e-6,mean-constrained fused-spectral L-BFGS with profile continuation,,Polyorder.Successful(),1.5704642053564498e-7,1.204301307340873e-7,0.1,0.10296602999368233,0.01,"Anderson(SD(0.1); m=10, warmup=100, αw=0.2)","VariableCell(BB(1.0), field_updater)",128,,,1,,,,,,,,cases/f0.35_chiN27/native_profiles.csv#model=uneyama_doi,accepted,model_gates_pass,,,,
liu2019-stress-free-period-map-v2,stress_free_lamellar_observable,f0.35_chiN27,0.35,27.0,12.562,burp_ti,BURP-TI,not_applicable,3.562744011453991,4.324573259734658,-0.17616287261772745,0.17616287261772745,0.013855155638201317,0.9987641795474453,0.99952272991553,0.99609375,false,1.1227610332946596,BoundedKKTNewtonGMRES+AnalyticStressRoot,1,true,false,true,true,true,true,true,0.00043336748340827563,0.9873832674107873,0.3500000000000001,-2.3056096054627915,0.00048591033894548224,0.0009082156788347007,bounded-KKT Newton-GMRES,6.409980471653863e-5,Polyorder.Successful(),1.5704642053564498e-7,1.204301307340873e-7,0.1,0.10296602999368233,0.01,"Anderson(SD(0.1); m=10, warmup=100, αw=0.2)","VariableCell(BB(1.0), field_updater)",128,64,256,1,,,,,,,,cases/f0.35_chiN27/native_profiles.csv#model=burp_ti,accepted,model_gates_pass,,,,
liu2019-stress-free-period-map-v2,stress_free_lamellar_observable,f0.35_chiN27,0.35,27.0,12.562,bvk2,BVK2,frozen_c2_evaluation,4.289515709213308,4.324573259734658,-0.008106591891450687,0.008106591891450687,0.015055423491082484,0.9985408154814932,0.9992979342564223,0.4970703125,false,1.3517954347903065,FilteredUDThetaAnalyticCellStressRoot,26,true,false,true,true,true,true,true,0.0014135176305234837,0.9767765780500561,0.3499999999999999,-2.6653803121733803,2.3867231586615376e-11,9.67861226041044e-11,oversampled filtered UD-theta L-BFGS with cosine-Newton polish,1.3507417406799505e-11,Polyorder.Successful(),1.5704642053564498e-7,1.204301307340873e-7,0.1,0.10296602999368233,0.01,"Anderson(SD(0.1); m=10, warmup=100, αw=0.2)","VariableCell(BB(1.0), field_updater)",256,,,,0.16,,,,,,,cases/f0.35_chiN27/native_profiles.csv#model=bvk2,accepted,model_gates_pass,,2,12.0,ud-theta-spectral-adaptive-k-physical-sensor-filter-oversampled-v2
liu2019-stress-free-period-map-v2,stress_free_lamellar_observable,f0.35_chiN28,0.35,28.0,12.562,scft,SCFT,reference,4.365698526000216,4.365698526000216,0.0,0.0,0.0,1.0,1.0,0.0,false,,Polyorder.cell_solve!,113,true,false,true,true,true,true,true,0.0017379877943664796,0.9804599224936476,0.35000000000000075,3.594999412785354,,,not_applicable,1.3355397426547162e-6,Polyorder.Successful(),9.852007845874218e-7,6.948474124962657e-7,0.1,0.0909520526250045,0.01,"Anderson(SD(0.1); m=10, warmup=100, αw=0.2)","VariableCell(BB(1.0), field_updater)",48,,,,,,,,,,,cases/f0.35_chiN28/native_profiles.csv#model=scft,accepted,reference_gates_pass,,,,
liu2019-stress-free-period-map-v2,stress_free_lamellar_observable,f0.35_chiN28,0.35,28.0,12.562,liu2019_opf,OPF (force/stress mapped),per_state_force_stress_mapping,4.228531799892503,4.365698526000216,-0.03141919335263477,0.03141919335263477,0.07187849638560843,0.9673267203722248,0.9858371437856389,0.0,false,1.1329793930053713,StressRootBisection,48,true,false,true,true,true,true,true,-0.049432742578591315,0.9336330230981722,0.3499999999999999,-0.2985127778738713,8.563364857071029e-7,1.8215783876007752e-6,mean-constrained Fourier nonlinear conjugate gradient,3.446452047712213e-8,Polyorder.Successful(),9.852007845874218e-7,6.948474124962657e-7,0.1,0.0909520526250045,0.01,"Anderson(SD(0.1); m=10, warmup=100, αw=0.2)","VariableCell(BB(1.0), field_updater)",128,,,,,-1.0,-0.6875197119424373,1.951460515592558,0.03673060398338765,0.29503747507520095,0.10213136231347457,cases/f0.35_chiN28/native_profiles.csv#model=liu2019_opf,accepted,model_gates_pass,,,,
liu2019-stress-free-period-map-v2,stress_free_lamellar_observable,f0.35_chiN28,0.35,28.0,12.562,ohta_kawasaki,Ohta-Kawasaki (recomputed),liu2019_ok_asymptotic_quadratic_mapped_c3_c4,3.602336975054483,4.365698526000216,-0.1748543896009953,0.1748543896009953,0.09625922128714143,0.9414024510556466,0.993461638242946,0.0,false,1.0925452440977095,StressRootBisection,77,true,false,true,true,true,true,true,0.053276229037757195,0.8250861878847062,0.35,-2.803609952723159,6.83325130034153e-6,1.6121845540784108e-5,mean-constrained Fourier nonlinear conjugate gradient,4.56162410429448e-8,Polyorder.Successful(),9.852007845874218e-7,6.948474124962657e-7,0.1,0.0909520526250045,0.01,"Anderson(SD(0.1); m=10, warmup=100, αw=0.2)","VariableCell(BB(1.0), field_updater)",128,,,,,-23.419018059533183,-24.332809934971245,69.15143600251949,1.098901098901099,14.491003501992514,,cases/f0.35_chiN28/native_profiles.csv#model=ohta_kawasaki,accepted,model_gates_pass,,,,
liu2019-stress-free-period-map-v2,stress_free_lamellar_observable,f0.35_chiN28,0.35,28.0,12.562,uneyama_doi,Uneyama-Doi,not_applicable,3.77687502746561,4.365698526000216,-0.13487497934816783,0.13487497934816783,0.02744632656983504,0.9952360936506306,0.9995743939582469,0.99609375,false,1.1902421545946218,BootstrapLocal,36,true,false,true,true,true,true,true,0.03178915563011934,0.9559718660587044,0.3500000000005189,-1.9974894977804087,6.48395346966995e-7,1.6367093305102998e-6,mean-constrained fused-spectral L-BFGS with profile continuation,,Polyorder.Successful(),9.852007845874218e-7,6.948474124962657e-7,0.1,0.0909520526250045,0.01,"Anderson(SD(0.1); m=10, warmup=100, αw=0.2)","VariableCell(BB(1.0), field_updater)",128,,,1,,,,,,,,cases/f0.35_chiN28/native_profiles.csv#model=uneyama_doi,accepted,model_gates_pass,,,,
liu2019-stress-free-period-map-v2,stress_free_lamellar_observable,f0.35_chiN28,0.35,28.0,12.562,burp_ti,BURP-TI,not_applicable,3.584847881522592,4.365698526000216,-0.1788604137063552,0.1788604137063552,0.014044628484357892,0.9987525726165402,0.9995190781405434,0.99609375,false,1.129726833789516,BoundedKKTNewtonGMRES+AnalyticStressRoot,1,true,false,true,true,true,true,true,6.238526609303392e-6,0.9905348310416736,0.34999999999999987,-2.5570134604963455,0.0004227322013335108,0.0008718465012691468,bounded-KKT Newton-GMRES,4.612212599526441e-5,Polyorder.Successful(),9.852007845874218e-7,6.948474124962657e-7,0.1,0.0909520526250045,0.01,"Anderson(SD(0.1); m=10, warmup=100, αw=0.2)","VariableCell(BB(1.0), field_updater)",128,64,256,1,,,,,,,,cases/f0.35_chiN28/native_profiles.csv#model=burp_ti,accepted,model_gates_pass,,,,
liu2019-stress-free-period-map-v2,stress_free_lamellar_observable,f0.35_chiN28,0.35,28.0,12.562,bvk2,BVK2,frozen_c2_evaluation,4.331770398157147,4.365698526000216,-0.007771523306295158,0.007771523306295158,0.015220635844674023,0.9985349016904577,0.999293327435844,0.9970703125,false,1.3651115523860715,FilteredUDThetaAnalyticCellStressRoot,26,true,false,true,true,true,true,true,0.0010424382114422117,0.9801979756826809,0.35000000000000003,-2.964444895719164,2.8812274168537358e-11,1.0753840505225746e-10,oversampled filtered UD-theta L-BFGS with cosine-Newton polish,6.141706254680912e-9,Polyorder.Successful(),9.852007845874218e-7,6.948474124962657e-7,0.1,0.0909520526250045,0.01,"Anderson(SD(0.1); m=10, warmup=100, αw=0.2)","VariableCell(BB(1.0), field_updater)",256,,,,0.16,,,,,,,cases/f0.35_chiN28/native_profiles.csv#model=bvk2,accepted,model_gates_pass,,2,12.0,ud-theta-spectral-adaptive-k-physical-sensor-filter-oversampled-v2
liu2019-stress-free-period-map-v2,stress_free_lamellar_observable,f0.35_chiN29,0.35,29.0,12.562,scft,SCFT,reference,4.4050629864286535,4.4050629864286535,0.0,0.0,0.0,1.0,1.0,0.0,false,,Polyorder.cell_solve!,105,true,false,true,true,true,true,true,0.0013715509373746907,0.9828052361864004,0.3499999999999999,3.66266814219958,,,not_applicable,4.80104997274012e-7,Polyorder.Successful(),9.189853901725488e-7,7.485881287273336e-7,0.1,0.09177214555059694,0.01,"Anderson(SD(0.1); m=10, warmup=100, αw=0.2)","VariableCell(BB(1.0), field_updater)",48,,,,,,,,,,,cases/f0.35_chiN29/native_profiles.csv#model=scft,accepted,reference_gates_pass,,,,
liu2019-stress-free-period-map-v2,stress_free_lamellar_observable,f0.35_chiN29,0.35,29.0,12.562,liu2019_opf,OPF (force/stress mapped),per_state_force_stress_mapping,4.269175047670461,4.4050629864286535,-0.03084812616229171,0.03084812616229171,0.07343570332493052,0.966394015991409,0.9853924585019578,0.0,false,1.1406768321990965,StressRootBisection,50,true,false,true,true,true,true,true,-0.05023045198610926,0.9352896987921829,0.35,-0.31007961895276914,7.13358228656386e-7,1.957726345425126e-6,mean-constrained Fourier nonlinear conjugate gradient,1.4393829076625588e-8,Polyorder.Successful(),9.189853901725488e-7,7.485881287273336e-7,0.1,0.09177214555059694,0.01,"Anderson(SD(0.1); m=10, warmup=100, αw=0.2)","VariableCell(BB(1.0), field_updater)",128,,,,,-1.0,-0.6949641310281954,1.9597607301363196,0.03511343343351414,0.2789121314832589,0.1020554457536948,cases/f0.35_chiN29/native_profiles.csv#model=liu2019_opf,accepted,model_gates_pass,,,,
liu2019-stress-free-period-map-v2,stress_free_lamellar_observable,f0.35_chiN29,0.35,29.0,12.562,ohta_kawasaki,Ohta-Kawasaki (recomputed),liu2019_ok_asymptotic_quadratic_mapped_c3_c4,3.621219872113667,4.4050629864286535,-0.17794140894917754,0.17794140894917754,0.09714301734513893,0.9411935074831709,0.993597138527933,0.0,false,1.0982721984386443,StressRootBisection,76,true,false,true,true,true,true,true,0.05393970815085586,0.8268792623749368,0.35,-3.0443220771812696,8.244389807795456e-6,1.8599933098162325e-5,mean-constrained Fourier nonlinear conjugate gradient,5.609364892999159e-8,Polyorder.Successful(),9.189853901725488e-7,7.485881287273336e-7,0.1,0.09177214555059694,0.01,"Anderson(SD(0.1); m=10, warmup=100, αw=0.2)","VariableCell(BB(1.0), field_updater)",128,,,,,-24.419018059533183,-25.935016447395956,73.23222000544185,1.098901098901099,14.491003501992514,,cases/f0.35_chiN29/native_profiles.csv#model=ohta_kawasaki,accepted,model_gates_pass,,,,
liu2019-stress-free-period-map-v2,stress_free_lamellar_observable,f0.35_chiN29,0.35,29.0,12.562,uneyama_doi,Uneyama-Doi,not_applicable,3.7941357976967454,4.4050629864286535,-0.13868750358714155,0.13868750358714155,0.02559349093036354,0.9959181113468227,0.9996303797211432,0.99609375,false,1.1956817034810607,BootstrapLocal,36,true,false,true,true,true,true,true,0.02936527916198293,0.9604245307085894,0.35000000000038695,-2.2245014835867725,9.816624526416182e-7,2.7539140785570737e-6,mean-constrained fused-spectral L-BFGS with profile continuation,,Polyorder.Successful(),9.189853901725488e-7,7.485881287273336e-7,0.1,0.09177214555059694,0.01,"Anderson(SD(0.1); m=10, warmup=100, αw=0.2)","VariableCell(BB(1.0), field_updater)",128,,,1,,,,,,,,cases/f0.35_chiN29/native_profiles.csv#model=uneyama_doi,accepted,model_gates_pass,,,,
liu2019-stress-free-period-map-v2,stress_free_lamellar_observable,f0.35_chiN29,0.35,29.0,12.562,burp_ti,BURP-TI,not_applicable,3.60681037711068,4.4050629864286535,-0.1812125301675076,0.1812125301675076,0.013606835740567407,0.998846237595601,0.9995736291001459,0.99609375,false,1.1366480816144888,BoundedKKTNewtonGMRES+AnalyticStressRoot,1,true,false,true,true,true,true,true,1.0e-6,0.9929466891180926,0.35000000000000014,-2.8152834864554688,0.0003912861179610097,0.0006594351370363682,bounded-KKT Newton-GMRES,1.1093204489147395e-5,Polyorder.Successful(),9.189853901725488e-7,7.485881287273336e-7,0.1,0.09177214555059694,0.01,"Anderson(SD(0.1); m=10, warmup=100, αw=0.2)","VariableCell(BB(1.0), field_updater)",128,64,256,1,,,,,,,,cases/f0.35_chiN29/native_profiles.csv#model=burp_ti,accepted,model_gates_pass,,,,
liu2019-stress-free-period-map-v2,stress_free_lamellar_observable,f0.35_chiN29,0.35,29.0,12.562,bvk2,BVK2,frozen_c2_evaluation,4.372306504562589,4.4050629864286535,-0.007436098409258185,0.007436098409258185,0.015087043638349874,0.9985815412738668,0.9993117351835418,0.998046875,false,1.3778860769006585,FilteredUDThetaAnalyticCellStressRoot,27,true,false,true,true,true,true,true,0.0007702490329332759,0.9830647534452498,0.35,-3.2723197290939954,1.6381857082577097e-11,8.579817916571584e-11,oversampled filtered UD-theta L-BFGS with cosine-Newton polish,2.631672657571471e-12,Polyorder.Successful(),9.189853901725488e-7,7.485881287273336e-7,0.1,0.09177214555059694,0.01,"Anderson(SD(0.1); m=10, warmup=100, αw=0.2)","VariableCell(BB(1.0), field_updater)",256,,,,0.16,,,,,,,cases/f0.35_chiN29/native_profiles.csv#model=bvk2,accepted,model_gates_pass,,2,12.0,ud-theta-spectral-adaptive-k-physical-sensor-filter-oversampled-v2
liu2019-stress-free-period-map-v2,stress_free_lamellar_observable,f0.35_chiN30,0.35,30.0,12.562,scft,SCFT,reference,4.44283657219505,4.44283657219505,0.0,0.0,0.0,1.0,1.0,0.0,false,,Polyorder.cell_solve!,31,true,false,true,true,true,true,true,0.0010869061408458223,0.9848110747970611,0.3499999999999999,3.728076226546774,,,not_applicable,4.885304983150503e-7,Polyorder.Successful(),3.3309859172413176e-8,2.1198767829581986e-8,0.1,0.09255909525406354,0.01,"Anderson(SD(0.1); m=10, warmup=100, αw=0.2)","VariableCell(BB(1.0), field_updater)",48,,,,,,,,,,,cases/f0.35_chiN30/native_profiles.csv#model=scft,accepted,reference_gates_pass,,,,
liu2019-stress-free-period-map-v2,stress_free_lamellar_observable,f0.35_chiN30,0.35,30.0,12.562,liu2019_opf,OPF (force/stress mapped),per_state_force_stress_mapping,4.308270690077157,4.44283657219505,-0.030288280905954923,0.030288280905954923,0.07499209309438294,0.9654179870989374,0.9849276104215716,0.0,false,1.1482380867004398,StressRootBisection,49,true,false,true,true,true,true,true,-0.05095683382320526,0.9366795437663606,0.35,-0.32109786306291166,4.651164743046899e-7,1.0589752571787958e-6,mean-constrained Fourier nonlinear conjugate gradient,6.633129858509874e-8,Polyorder.Successful(),3.3309859172413176e-8,2.1198767829581986e-8,0.1,0.09255909525406354,0.01,"Anderson(SD(0.1); m=10, warmup=100, αw=0.2)","VariableCell(BB(1.0), field_updater)",128,,,,,-1.0,-0.7018867082139872,1.9677104818829891,0.03361342195653107,0.26433097877639294,0.10192967693673197,cases/f0.35_chiN30/native_profiles.csv#model=liu2019_opf,accepted,model_gates_pass,,,,
liu2019-stress-free-period-map-v2,stress_free_lamellar_observable,f0.35_chiN30,0.35,30.0,12.562,ohta_kawasaki,Ohta-Kawasaki (recomputed),liu2019_ok_asymptotic_quadratic_mapped_c3_c4,3.639750934455443,4.44283657219505,-0.18075966214143924,0.18075966214143924,0.0980035257185907,0.9409387386674765,0.993697975732432,0.0,false,1.10389244556427,StressRootBisection,51,true,false,true,true,true,true,true,0.05455476478283655,0.8283303738034826,0.35000000000000003,-3.288245846139343,8.487171448257398e-6,2.7943392457263627e-5,mean-constrained Fourier nonlinear conjugate gradient,1.850529114728456e-8,Polyorder.Successful(),3.3309859172413176e-8,2.1198767829581986e-8,0.1,0.09255909525406354,0.01,"Anderson(SD(0.1); m=10, warmup=100, αw=0.2)","VariableCell(BB(1.0), field_updater)",128,,,,,-25.419018059533183,-27.550259647320676,77.34316990961422,1.098901098901099,14.491003501992514,,cases/f0.35_chiN30/native_profiles.csv#model=ohta_kawasaki,accepted,model_gates_pass,,,,
liu2019-stress-free-period-map-v2,stress_free_lamellar_observable,f0.35_chiN30,0.35,30.0,12.562,uneyama_doi,Uneyama-Doi,not_applicable,3.810724128895908,4.44283657219505,-0.14227677138860806,0.14227677138860806,0.024038580235465914,0.9964466585212609,0.9996590602071678,0.99609375,false,1.2009093403300537,BootstrapLocal,36,true,false,true,true,true,true,true,0.02719062414657594,0.9642652238877447,0.35000000000026,-2.458286205889864,8.368803784008649e-7,2.6876427898780975e-6,mean-constrained fused-spectral L-BFGS with profile continuation,,Polyorder.Successful(),3.3309859172413176e-8,2.1198767829581986e-8,0.1,0.09255909525406354,0.01,"Anderson(SD(0.1); m=10, warmup=100, αw=0.2)","VariableCell(BB(1.0), field_updater)",128,,,1,,,,,,,,cases/f0.35_chiN30/native_profiles.csv#model=uneyama_doi,accepted,model_gates_pass,,,,
liu2019-stress-free-period-map-v2,stress_free_lamellar_observable,f0.35_chiN30,0.35,30.0,12.562,burp_ti,BURP-TI,not_applicable,3.6284380673883394,4.44283657219505,-0.1833059784155745,0.1833059784155745,0.013456636637402842,0.9988864944937665,0.9995988250666448,0.99609375,false,1.143463819092639,BoundedKKTNewtonGMRES+AnalyticStressRoot,1,true,false,true,true,true,true,true,1.0000000000372423e-6,0.9947913949939984,0.34999999999999987,-3.0798607075423927,0.0003942879587070101,0.0008509260021760667,bounded-KKT Newton-GMRES,3.605397803387019e-5,Polyorder.Successful(),3.3309859172413176e-8,2.1198767829581986e-8,0.1,0.09255909525406354,0.01,"Anderson(SD(0.1); m=10, warmup=100, αw=0.2)","VariableCell(BB(1.0), field_updater)",128,64,256,1,,,,,,,,cases/f0.35_chiN30/native_profiles.csv#model=burp_ti,accepted,model_gates_pass,,,,
liu2019-stress-free-period-map-v2,stress_free_lamellar_observable,f0.35_chiN30,0.35,30.0,12.562,bvk2,BVK2,training,4.411253385484674,4.44283657219505,-0.007108788765275764,0.007108788765275764,0.014972071224264825,0.9986215555593667,0.9993281627859395,0.498046875,false,1.390159773839619,FilteredUDThetaAnalyticCellStressRoot,29,true,false,true,true,true,true,true,0.0005701653005111722,0.9854772140381496,0.34999999999999987,-3.588464342303831,1.7577555413446864e-8,3.76437547203836e-8,oversampled filtered UD-theta L-BFGS with cosine-Newton polish,1.5232259897857148e-12,Polyorder.Successful(),3.3309859172413176e-8,2.1198767829581986e-8,0.1,0.09255909525406354,0.01,"Anderson(SD(0.1); m=10, warmup=100, αw=0.2)","VariableCell(BB(1.0), field_updater)",256,,,,0.16,,,,,,,cases/f0.35_chiN30/native_profiles.csv#model=bvk2,accepted,model_gates_pass,,2,12.0,ud-theta-spectral-adaptive-k-physical-sensor-filter-oversampled-v2
liu2019-stress-free-period-map-v2,stress_free_lamellar_observable,f0.35_chiN31,0.35,31.0,12.562,scft,SCFT,reference,4.479174953355094,4.479174953355094,0.0,0.0,0.0,1.0,1.0,0.0,false,,Polyorder.cell_solve!,26,true,false,true,true,true,true,true,0.0008648552621974988,0.9865393467184737,0.34999999999999964,3.7914044922422985,,,not_applicable,3.0402273827778106e-6,Polyorder.Successful(),5.735279898093447e-7,4.2408953625703913e-7,0.1,0.09331614486156446,0.01,"Anderson(SD(0.1); m=10, warmup=100, αw=0.2)","VariableCell(BB(1.0), field_updater)",48,,,,,,,,,,,cases/f0.35_chiN31/native_profiles.csv#model=scft,accepted,reference_gates_pass,,,,
liu2019-stress-free-period-map-v2,stress_free_lamellar_observable,f0.35_chiN31,0.35,31.0,12.562,liu2019_opf,OPF (force/stress mapped),per_state_force_stress_mapping,4.345953822741459,4.479174953355094,-0.029742336926099955,0.029742336926099955,0.0764996604895843,0.964447129987871,0.9844654579782404,0.0,false,1.1556641578674318,StressRootBisection,49,true,false,true,true,true,true,true,-0.05160344010970236,0.9378556301806195,0.35,-0.33161736587044466,8.536843167720984e-7,2.2865295879470615e-6,mean-constrained Fourier nonlinear conjugate gradient,1.934424013074171e-8,Polyorder.Successful(),5.735279898093447e-7,4.2408953625703913e-7,0.1,0.09331614486156446,0.01,"Anderson(SD(0.1); m=10, warmup=100, αw=0.2)","VariableCell(BB(1.0), field_updater)",128,,,,,-1.0,-0.7083364477300998,1.9753011326803593,0.03221874510724969,0.25108122628314006,0.1017617163720711,cases/f0.35_chiN31/native_profiles.csv#model=liu2019_opf,accepted,model_gates_pass,,,,
liu2019-stress-free-period-map-v2,stress_free_lamellar_observable,f0.35_chiN31,0.35,31.0,12.562,ohta_kawasaki,Ohta-Kawasaki (recomputed),liu2019_ok_asymptotic_quadratic_mapped_c3_c4,3.6579454323256093,4.479174953355094,-0.18334392596438964,0.18334392596438964,0.09882076190981912,0.9406730467664823,0.9937887378874616,0.0,false,1.1094106167554856,StressRootBisection,54,true,false,true,true,true,true,true,0.055134351866058307,0.8294955900298208,0.35000000000000003,-3.5351566209022645,5.4020290154842e-6,1.2377620913994747e-5,mean-constrained Fourier nonlinear conjugate gradient,3.047014958361145e-8,Polyorder.Successful(),5.735279898093447e-7,4.2408953625703913e-7,0.1,0.09331614486156446,0.01,"Anderson(SD(0.1); m=10, warmup=100, αw=0.2)","VariableCell(BB(1.0), field_updater)",128,,,,,-26.419018059533183,-29.178539534745386,81.48428571503658,1.098901098901099,14.491003501992514,,cases/f0.35_chiN31/native_profiles.csv#model=ohta_kawasaki,accepted,model_gates_pass,,,,
liu2019-stress-free-period-map-v2,stress_free_lamellar_observable,f0.35_chiN31,0.35,31.0,12.562,uneyama_doi,Uneyama-Doi,not_applicable,3.821939629808369,4.479174953355094,-0.14673133565689989,0.14673133565689989,0.022641479086664622,0.996885665633438,0.9996883057667716,0.99609375,false,1.2044437866312496,BootstrapLocal,36,true,false,true,true,true,true,true,0.02516244875933136,0.9675618550665085,0.35000000000008763,-2.6950603989603366,8.994179692079694e-7,2.1254246889146344e-6,mean-constrained fused-spectral L-BFGS with profile continuation,,Polyorder.Successful(),5.735279898093447e-7,4.2408953625703913e-7,0.1,0.09331614486156446,0.01,"Anderson(SD(0.1); m=10, warmup=100, αw=0.2)","VariableCell(BB(1.0), field_updater)",128,,,1,,,,,,,,cases/f0.35_chiN31/native_profiles.csv#model=uneyama_doi,accepted,model_gates_pass,,,,
liu2019-stress-free-period-map-v2,stress_free_lamellar_observable,f0.35_chiN31,0.35,31.0,12.562,burp_ti,BURP-TI,not_applicable,3.649722101253001,4.479174953355094,-0.18517982903989882,0.18517982903989882,0.01330934980912271,0.9989238586255942,0.9996204594211958,0.99609375,false,1.1501712568927558,BoundedKKTNewtonGMRES+AnalyticStressRoot,1,true,false,true,true,true,true,true,1.0e-6,0.9962068852865724,0.35000000000000003,-3.3503853746530696,0.00042936485719242203,0.0007733770596907164,bounded-KKT Newton-GMRES,5.494356902207065e-5,Polyorder.Successful(),5.735279898093447e-7,4.2408953625703913e-7,0.1,0.09331614486156446,0.01,"Anderson(SD(0.1); m=10, warmup=100, αw=0.2)","VariableCell(BB(1.0), field_updater)",128,64,256,1,,,,,,,,cases/f0.35_chiN31/native_profiles.csv#model=burp_ti,accepted,model_gates_pass,,,,
liu2019-stress-free-period-map-v2,stress_free_lamellar_observable,f0.35_chiN31,0.35,31.0,12.562,bvk2,BVK2,frozen_c2_evaluation,4.448728099414527,4.479174953355094,-0.006797424583239509,0.006797424583239509,0.014869920942513815,0.9986566815263431,0.9993430873224591,0.998046875,false,1.4019695329463737,FilteredUDThetaAnalyticCellStressRoot,28,true,false,true,true,true,true,true,0.00042279036349379294,0.9875152868866892,0.3499999999999998,-3.9123991966778227,4.299914070743224e-8,1.3459930278614725e-7,oversampled filtered UD-theta L-BFGS with cosine-Newton polish,6.865853219295559e-9,Polyorder.Successful(),5.735279898093447e-7,4.2408953625703913e-7,0.1,0.09331614486156446,0.01,"Anderson(SD(0.1); m=10, warmup=100, αw=0.2)","VariableCell(BB(1.0), field_updater)",256,,,,0.16,,,,,,,cases/f0.35_chiN31/native_profiles.csv#model=bvk2,accepted,model_gates_pass,,2,12.0,ud-theta-spectral-adaptive-k-physical-sensor-filter-oversampled-v2
liu2019-stress-free-period-map-v2,stress_free_lamellar_observable,f0.35_chiN32,0.35,32.0,12.562,scft,SCFT,reference,4.514162248540911,4.514162248540911,0.0,0.0,0.0,1.0,1.0,0.0,false,,Polyorder.cell_solve!,32,true,false,true,true,true,true,true,0.0006910020754236452,0.9880362057609962,0.3500000000000007,3.852807916326503,,,not_applicable,9.460711353970853e-7,Polyorder.Successful(),1.35469452144984e-7,1.03184537964627e-7,0.1,0.09404504684460231,0.01,"Anderson(SD(0.1); m=10, warmup=100, αw=0.2)","VariableCell(BB(1.0), field_updater)",48,,,,,,,,,,,cases/f0.35_chiN32/native_profiles.csv#model=scft,accepted,reference_gates_pass,,,,
liu2019-stress-free-period-map-v2,stress_free_lamellar_observable,f0.35_chiN32,0.35,32.0,12.562,liu2019_opf,OPF (force/stress mapped),per_state_force_stress_mapping,4.382315167639674,4.514162248540911,-0.02920743066863707,0.02920743066863707,0.0779623337347239,0.963481883583583,0.9840061889854851,0.0,false,1.162962055206299,StressRootBisection,49,true,false,true,true,true,true,true,-0.05216171259025121,0.9388585543980794,0.3499999999999999,-0.34168065385953117,5.329802841056535e-7,1.120479501209859e-6,mean-constrained Fourier nonlinear conjugate gradient,1.0674301141544711e-8,Polyorder.Successful(),1.35469452144984e-7,1.03184537964627e-7,0.1,0.09404504684460231,0.01,"Anderson(SD(0.1); m=10, warmup=100, αw=0.2)","VariableCell(BB(1.0), field_updater)",128,,,,,-1.0,-0.7143585931678078,1.9825425169233684,0.03091799892678772,0.23898937804281317,0.10156005141429694,cases/f0.35_chiN32/native_profiles.csv#model=liu2019_opf,accepted,model_gates_pass,,,,
liu2019-stress-free-period-map-v2,stress_free_lamellar_observable,f0.35_chiN32,0.35,32.0,12.562,ohta_kawasaki,Ohta-Kawasaki (recomputed),liu2019_ok_asymptotic_quadratic_mapped_c3_c4,3.675817810551274,4.514162248540911,-0.18571429023416486,0.18571429023416486,0.0996008188869224,0.940397493305638,0.9938714513833179,0.0,false,1.1148310929536818,StressRootBisection,54,true,false,true,true,true,true,true,0.05569356668380149,0.8304209704941041,0.3499999999999999,-3.7848545019487845,2.108108427358254e-6,5.682131255291267e-6,mean-constrained Fourier nonlinear conjugate gradient,8.678524191234721e-8,Polyorder.Successful(),1.35469452144984e-7,1.03184537964627e-7,0.1,0.09404504684460231,0.01,"Anderson(SD(0.1); m=10, warmup=100, αw=0.2)","VariableCell(BB(1.0), field_updater)",128,,,,,-27.419018059533183,-30.81985610967011,85.65556742170895,1.098901098901099,14.491003501992514,,cases/f0.35_chiN32/native_profiles.csv#model=ohta_kawasaki,accepted,model_gates_pass,,,,
liu2019-stress-free-period-map-v2,stress_free_lamellar_observable,f0.35_chiN32,0.35,32.0,12.562,uneyama_doi,Uneyama-Doi,not_applicable,3.8421808379933413,4.514162248540911,-0.148860712918498,0.148860712918498,0.02134060799244324,0.9972637719945554,0.9997098375780203,0.99609375,false,1.2108225889655821,BootstrapLocal,36,true,false,true,true,true,true,true,0.023450236403616202,0.9705015884777356,0.3500000000000919,-2.944551372714786,7.218676339512931e-7,1.8706319924177706e-6,mean-constrained fused-spectral L-BFGS with profile continuation,,Polyorder.Successful(),1.35469452144984e-7,1.03184537964627e-7,0.1,0.09404504684460231,0.01,"Anderson(SD(0.1); m=10, warmup=100, αw=0.2)","VariableCell(BB(1.0), field_updater)",128,,,1,,,,,,,,cases/f0.35_chiN32/native_profiles.csv#model=uneyama_doi,accepted,model_gates_pass,,,,
liu2019-stress-free-period-map-v2,stress_free_lamellar_observable,f0.35_chiN32,0.35,32.0,12.562,burp_ti,BURP-TI,not_applicable,3.6707125524243462,4.514162248540911,-0.18684523277584641,0.18684523277584641,0.013164460663522344,0.9989587743712013,0.9996391784362706,0.99609375,false,1.1567861752171409,BoundedKKTNewtonGMRES+AnalyticStressRoot,1,true,false,true,true,true,true,true,1.0000000000138777e-6,0.9972981599256495,0.35,-3.626597951457012,0.00047162988705234374,0.0010783782179739632,bounded-KKT Newton-GMRES,5.921308867118598e-5,Polyorder.Successful(),1.35469452144984e-7,1.03184537964627e-7,0.1,0.09404504684460231,0.01,"Anderson(SD(0.1); m=10, warmup=100, αw=0.2)","VariableCell(BB(1.0), field_updater)",128,64,256,1,,,,,,,,cases/f0.35_chiN32/native_profiles.csv#model=burp_ti,accepted,model_gates_pass,,,,
liu2019-stress-free-period-map-v2,stress_free_lamellar_observable,f0.35_chiN32,0.35,32.0,12.562,bvk2,BVK2,frozen_c2_evaluation,4.484836756307071,4.514162248540911,-0.006496331017636581,0.006496331017636581,0.014777689724789399,0.9986879281340897,0.9993567399327482,0.998046875,false,1.41334879364914,FilteredUDThetaAnalyticCellStressRoot,30,true,false,true,true,true,true,true,0.000314033650334916,0.9892431702656842,0.34999999999999976,-4.243696993724196,1.984699155272636e-11,8.808840355099646e-11,oversampled filtered UD-theta L-BFGS with cosine-Newton polish,1.6564527527407336e-13,Polyorder.Successful(),1.35469452144984e-7,1.03184537964627e-7,0.1,0.09404504684460231,0.01,"Anderson(SD(0.1); m=10, warmup=100, αw=0.2)","VariableCell(BB(1.0), field_updater)",256,,,,0.16,,,,,,,cases/f0.35_chiN32/native_profiles.csv#model=bvk2,accepted,model_gates_pass,,2,12.0,ud-theta-spectral-adaptive-k-physical-sensor-filter-oversampled-v2
liu2019-stress-free-period-map-v2,stress_free_lamellar_observable,f0.35_chiN33,0.35,33.0,12.562,scft,SCFT,reference,4.547963019996536,4.547963019996536,0.0,0.0,0.0,1.0,1.0,0.0,false,,Polyorder.cell_solve!,132,true,false,true,true,true,true,true,0.0005543632051181965,0.9893373695922599,0.3499999999999996,3.912428665703457,,,not_applicable,5.997542811602411e-8,Polyorder.Successful(),5.723618458402103e-7,3.6719096556727803e-7,0.1,0.09474922958326117,0.01,"Anderson(SD(0.1); m=10, warmup=100, αw=0.2)","VariableCell(BB(1.0), field_updater)",48,,,,,,,,,,,cases/f0.35_chiN33/native_profiles.csv#model=scft,accepted,reference_gates_pass,,,,
liu2019-stress-free-period-map-v2,stress_free_lamellar_observable,f0.35_chiN33,0.35,33.0,12.562,liu2019_opf,OPF (force/stress mapped),per_state_force_stress_mapping,4.41751496544146,4.547963019996536,-0.028682743017373058,0.028682743017373058,0.07938429274831706,0.9625219430069876,0.9835495874606109,0.0,false,1.1701397895812988,StressRootBisection,49,true,false,true,true,true,true,true,-0.05269579897756477,0.9397198569601796,0.35,-0.3513334823488906,6.612170873939799e-7,1.5806466234224992e-6,mean-constrained Fourier nonlinear conjugate gradient,8.190396242416977e-8,Polyorder.Successful(),5.723618458402103e-7,3.6719096556727803e-7,0.1,0.09474922958326117,0.01,"Anderson(SD(0.1); m=10, warmup=100, αw=0.2)","VariableCell(BB(1.0), field_updater)",128,,,,,-1.0,-0.7199951048698767,1.9894550095747212,0.029701845748271716,0.227898666238446,0.10133019807035543,cases/f0.35_chiN33/native_profiles.csv#model=liu2019_opf,accepted,model_gates_pass,,,,
liu2019-stress-free-period-map-v2,stress_free_lamellar_observable,f0.35_chiN33,0.35,33.0,12.562,ohta_kawasaki,Ohta-Kawasaki (recomputed),liu2019_ok_asymptotic_quadratic_mapped_c3_c4,3.6933808631221616,4.547963019996536,-0.18790437677635852,0.18790437677635852,0.10034971035194376,0.9401119525263809,0.9939474365143551,0.0,false,1.120157754421234,StressRootBisection,52,true,false,true,true,true,true,true,0.05621300646670757,0.8311442406275795,0.34999999999999987,-4.037159389853168,9.936069658205922e-6,2.3507871780736878e-5,mean-constrained Fourier nonlinear conjugate gradient,3.2579088420929786e-8,Polyorder.Successful(),5.723618458402103e-7,3.6719096556727803e-7,0.1,0.09474922958326117,0.01,"Anderson(SD(0.1); m=10, warmup=100, αw=0.2)","VariableCell(BB(1.0), field_updater)",128,,,,,-28.419018059533183,-32.47420937209482,89.8570150296313,1.098901098901099,14.491003501992514,,cases/f0.35_chiN33/native_profiles.csv#model=ohta_kawasaki,accepted,model_gates_pass,,,,
liu2019-stress-free-period-map-v2,stress_free_lamellar_observable,f0.35_chiN33,0.35,33.0,12.562,uneyama_doi,Uneyama-Doi,not_applicable,3.857161200438908,4.547963019996536,-0.1518925761973663,0.1518925761973663,0.020170005276077284,0.9975805317291382,0.9997317446800119,0.99609375,false,1.2155434914958902,BootstrapLocal,36,true,false,true,true,true,true,true,0.02184024141192959,0.9730466188720452,0.35000000000047427,-3.1963217100703654,9.468519942745053e-7,2.767091978328473e-6,mean-constrained fused-spectral L-BFGS with profile continuation,,Polyorder.Successful(),5.723618458402103e-7,3.6719096556727803e-7,0.1,0.09474922958326117,0.01,"Anderson(SD(0.1); m=10, warmup=100, αw=0.2)","VariableCell(BB(1.0), field_updater)",128,,,1,,,,,,,,cases/f0.35_chiN33/native_profiles.csv#model=uneyama_doi,accepted,model_gates_pass,,,,
liu2019-stress-free-period-map-v2,stress_free_lamellar_observable,f0.35_chiN33,0.35,33.0,12.562,burp_ti,BURP-TI,not_applicable,3.6914881773091297,4.547963019996536,-0.18832053799066706,0.18832053799066706,0.01303047217494364,0.9989902166305469,0.999655110315292,0.99609375,false,1.1633333933130778,BoundedKKTNewtonGMRES+AnalyticStressRoot,1,true,false,true,true,true,true,true,1.0e-6,0.9981472441154601,0.3499999999999999,-3.9083186144489055,0.00041052008066937856,0.0008270023683110139,bounded-KKT Newton-GMRES,8.231521189271233e-5,Polyorder.Successful(),5.723618458402103e-7,3.6719096556727803e-7,0.1,0.09474922958326117,0.01,"Anderson(SD(0.1); m=10, warmup=100, αw=0.2)","VariableCell(BB(1.0), field_updater)",128,64,256,1,,,,,,,,cases/f0.35_chiN33/native_profiles.csv#model=burp_ti,accepted,model_gates_pass,,,,
liu2019-stress-free-period-map-v2,stress_free_lamellar_observable,f0.35_chiN33,0.35,33.0,12.562,bvk2,BVK2,frozen_c2_evaluation,4.519675692013148,4.547963019996536,-0.0062197796813682205,0.0062197796813682205,0.014695402648541259,0.9987156703787486,0.9993691270501016,0.998046875,false,1.424327915170778,FilteredUDThetaAnalyticCellStressRoot,27,true,false,true,true,true,true,true,0.0002336311129372734,0.990712795869364,0.35,-4.581975408068842,1.875545950280427e-11,9.275776662999196e-11,oversampled filtered UD-theta L-BFGS with cosine-Newton polish,2.2780133335231767e-9,Polyorder.Successful(),5.723618458402103e-7,3.6719096556727803e-7,0.1,0.09474922958326117,0.01,"Anderson(SD(0.1); m=10, warmup=100, αw=0.2)","VariableCell(BB(1.0), field_updater)",256,,,,0.16,,,,,,,cases/f0.35_chiN33/native_profiles.csv#model=bvk2,accepted,model_gates_pass,,2,12.0,ud-theta-spectral-adaptive-k-physical-sensor-filter-oversampled-v2
liu2019-stress-free-period-map-v2,stress_free_lamellar_observable,f0.35_chiN34,0.35,34.0,12.562,scft,SCFT,reference,4.580651905896983,4.580651905896983,0.0,0.0,0.0,1.0,1.0,0.0,false,,Polyorder.cell_solve!,155,true,false,true,true,true,true,true,0.00044656888574363187,0.9904744625193932,0.34999999999999964,3.9703870513432005,,,not_applicable,1.249006648347955e-9,Polyorder.Successful(),6.672079432419578e-7,4.700349130166499e-7,0.1,0.09543024803952048,0.01,"Anderson(SD(0.1); m=10, warmup=100, αw=0.2)","VariableCell(BB(1.0), field_updater)",48,,,,,,,,,,,cases/f0.35_chiN34/native_profiles.csv#model=scft,accepted,reference_gates_pass,,,,
liu2019-stress-free-period-map-v2,stress_free_lamellar_observable,f0.35_chiN34,0.35,34.0,12.562,liu2019_opf,OPF (force/stress mapped),per_state_force_stress_mapping,4.4516341931968615,4.580651905896983,-0.02816579721633683,0.02816579721633683,0.08076918535362339,0.9615668199186198,0.9830954164750958,0.0,false,1.1772033691406247,StressRootBisection,43,true,false,true,true,true,true,true,-0.05314466592916639,0.9404650611679767,0.3500000000000001,-0.36060871588480453,5.487108013893227e-7,1.1497948191607765e-6,mean-constrained Fourier nonlinear conjugate gradient,4.819840797022083e-8,Polyorder.Successful(),6.672079432419578e-7,4.700349130166499e-7,0.1,0.09543024803952048,0.01,"Anderson(SD(0.1); m=10, warmup=100, αw=0.2)","VariableCell(BB(1.0), field_updater)",128,,,,,-1.0,-0.7252797741041732,1.9960503123673339,0.02856215326500302,0.21769002329241582,0.10107828307178914,cases/f0.35_chiN34/native_profiles.csv#model=liu2019_opf,accepted,model_gates_pass,,,,
liu2019-stress-free-period-map-v2,stress_free_lamellar_observable,f0.35_chiN34,0.35,34.0,12.562,ohta_kawasaki,Ohta-Kawasaki (recomputed),liu2019_ok_asymptotic_quadratic_mapped_c3_c4,3.7106465586093043,4.580651905896983,-0.18993046517410805,0.18993046517410805,0.10107163357955098,0.9398170480542386,0.994017735285237,0.0,false,1.125394231081009,StressRootBisection,53,true,false,true,true,true,true,true,0.05672406553291792,0.8316966621882886,0.35000000000000003,-4.2919084582997895,8.692452142750541e-6,2.4513074546206326e-5,mean-constrained Fourier nonlinear conjugate gradient,8.759532113388887e-8,Polyorder.Successful(),6.672079432419578e-7,4.700349130166499e-7,0.1,0.09543024803952048,0.01,"Anderson(SD(0.1); m=10, warmup=100, αw=0.2)","VariableCell(BB(1.0), field_updater)",128,,,,,-29.419018059533183,-34.14159932201953,94.08862853880368,1.098901098901099,14.491003501992514,,cases/f0.35_chiN34/native_profiles.csv#model=ohta_kawasaki,accepted,model_gates_pass,,,,
liu2019-stress-free-period-map-v2,stress_free_lamellar_observable,f0.35_chiN34,0.35,34.0,12.562,uneyama_doi,Uneyama-Doi,not_applicable,3.8717004160584563,4.580651905896983,-0.1547708720075074,0.1547708720075074,0.019105719915558053,0.9978494886978958,0.999751034951053,0.99609375,false,1.2201253712772657,BootstrapLocal,36,true,false,true,true,true,true,true,0.020381082020748034,0.9752864422522629,0.3500000000000932,-3.453433387044014,9.650508764586613e-7,3.650253964537775e-6,mean-constrained fused-spectral L-BFGS with profile continuation,,Polyorder.Successful(),6.672079432419578e-7,4.700349130166499e-7,0.1,0.09543024803952048,0.01,"Anderson(SD(0.1); m=10, warmup=100, αw=0.2)","VariableCell(BB(1.0), field_updater)",128,,,1,,,,,,,,cases/f0.35_chiN34/native_profiles.csv#model=uneyama_doi,accepted,model_gates_pass,,,,
liu2019-stress-free-period-map-v2,stress_free_lamellar_observable,f0.35_chiN34,0.35,34.0,12.562,burp_ti,BURP-TI,not_applicable,3.712126450391455,4.580651905896983,-0.1896073906832817,0.1896073906832817,0.012912665176728875,0.999017694228622,0.999668268059517,0.99609375,false,1.1698373264435056,BoundedKKTNewtonGMRES+AnalyticStressRoot,1,true,false,true,true,true,true,true,1.0000000000000033e-6,0.9988155571153302,0.3499999999999999,-4.195408832479446,0.00048769840528414967,0.0009732806555575735,bounded-KKT Newton-GMRES,8.662719398546184e-5,Polyorder.Successful(),6.672079432419578e-7,4.700349130166499e-7,0.1,0.09543024803952048,0.01,"Anderson(SD(0.1); m=10, warmup=100, αw=0.2)","VariableCell(BB(1.0), field_updater)",128,64,256,1,,,,,,,,cases/f0.35_chiN34/native_profiles.csv#model=burp_ti,accepted,model_gates_pass,,,,
liu2019-stress-free-period-map-v2,stress_free_lamellar_observable,f0.35_chiN34,0.35,34.0,12.562,bvk2,BVK2,frozen_c2_evaluation,4.553332452106611,4.580651905896983,-0.005964097327544549,0.005964097327544549,0.014624911578415657,0.998739894870449,0.9993801058478385,0.998046875,false,1.4349344865714735,FilteredUDThetaAnalyticCellStressRoot,29,true,false,true,true,true,true,true,0.00017408778873767477,0.9919664461565232,0.35000000000000014,-4.926890939972841,1.7627000335442426e-11,8.478615339713746e-11,oversampled filtered UD-theta L-BFGS with cosine-Newton polish,1.339817146117639e-12,Polyorder.Successful(),6.672079432419578e-7,4.700349130166499e-7,0.1,0.09543024803952048,0.01,"Anderson(SD(0.1); m=10, warmup=100, αw=0.2)","VariableCell(BB(1.0), field_updater)",256,,,,0.16,,,,,,,cases/f0.35_chiN34/native_profiles.csv#model=bvk2,accepted,model_gates_pass,,2,12.0,ud-theta-spectral-adaptive-k-physical-sensor-filter-oversampled-v2
liu2019-stress-free-period-map-v2,stress_free_lamellar_observable,f0.35_chiN35,0.35,35.0,12.562,scft,SCFT,reference,4.612288129465326,4.612288129465326,0.0,0.0,0.0,1.0,1.0,0.0,false,,Polyorder.cell_solve!,25,true,false,true,true,true,true,true,0.00036121308752686394,0.99147064995157,0.35000000000000014,4.026791443913359,,,not_applicable,8.649984157141716e-6,Polyorder.Successful(),3.432328635156789e-7,2.555041809371495e-7,0.1,0.09608933603052762,0.01,"Anderson(SD(0.1); m=10, warmup=100, αw=0.2)","VariableCell(BB(1.0), field_updater)",48,,,,,,,,,,,cases/f0.35_chiN35/native_profiles.csv#model=scft,accepted,reference_gates_pass,,,,
liu2019-stress-free-period-map-v2,stress_free_lamellar_observable,f0.35_chiN35,0.35,35.0,12.562,liu2019_opf,OPF (force/stress mapped),per_state_force_stress_mapping,4.484726809453589,4.612288129465326,-0.027656841123350318,0.027656841123350318,0.08212011676131661,0.9606161429928899,0.9826434643880861,0.0,false,1.1841567993164062,StressRootBisection,45,true,false,true,true,true,true,true,-0.0535826232466457,0.9411147873044338,0.35000000000000014,-0.3695338225227046,5.420975972679148e-7,1.7701853867180262e-6,mean-constrained Fourier nonlinear conjugate gradient,3.3121281369254255e-8,Polyorder.Successful(),3.432328635156789e-7,2.555041809371495e-7,0.1,0.09608933603052762,0.01,"Anderson(SD(0.1); m=10, warmup=100, αw=0.2)","VariableCell(BB(1.0), field_updater)",128,,,,,-1.0,-0.7302440291287555,2.0023416021053384,0.027491740391516133,0.20826418366653948,0.10080771041669472,cases/f0.35_chiN35/native_profiles.csv#model=liu2019_opf,accepted,model_gates_pass,,,,
liu2019-stress-free-period-map-v2,stress_free_lamellar_observable,f0.35_chiN35,0.35,35.0,12.562,ohta_kawasaki,Ohta-Kawasaki (recomputed),liu2019_ok_asymptotic_quadratic_mapped_c3_c4,3.7276254211010222,4.612288129465326,-0.1918056035382285,0.1918056035382285,0.10177028617092944,0.939513128710153,0.9940830846090947,0.0,false,1.130543714761734,StressRootBisection,53,true,false,true,true,true,true,true,0.05723998661968044,0.8321041824371973,0.35,-4.548952791822566,7.181710996071167e-6,2.8003182708680185e-5,mean-constrained Fourier nonlinear conjugate gradient,6.068983411443523e-8,Polyorder.Successful(),3.432328635156789e-7,2.555041809371495e-7,0.1,0.09608933603052762,0.01,"Anderson(SD(0.1); m=10, warmup=100, αw=0.2)","VariableCell(BB(1.0), field_updater)",128,,,,,-30.419018059533183,-35.822025959444254,98.35040794922602,1.098901098901099,14.491003501992514,,cases/f0.35_chiN35/native_profiles.csv#model=ohta_kawasaki,accepted,model_gates_pass,,,,
liu2019-stress-free-period-map-v2,stress_free_lamellar_observable,f0.35_chiN35,0.35,35.0,12.562,uneyama_doi,Uneyama-Doi,not_applicable,3.88583244446821,4.612288129465326,-0.15750440228488705,0.15750440228488705,0.018140838912412444,0.9980780863851827,0.9997675679290116,0.99609375,false,1.2245789303230106,BootstrapLocal,36,true,false,true,true,true,true,true,0.01904710424843147,0.9772658242261154,0.3499999999999613,-3.715609011666863,4.921801039388312e-7,1.3184638240071322e-6,mean-constrained fused-spectral L-BFGS with profile continuation,,Polyorder.Successful(),3.432328635156789e-7,2.555041809371495e-7,0.1,0.09608933603052762,0.01,"Anderson(SD(0.1); m=10, warmup=100, αw=0.2)","VariableCell(BB(1.0), field_updater)",128,,,1,,,,,,,,cases/f0.35_chiN35/native_profiles.csv#model=uneyama_doi,accepted,model_gates_pass,,,,
liu2019-stress-free-period-map-v2,stress_free_lamellar_observable,f0.35_chiN35,0.35,35.0,12.562,burp_ti,BURP-TI,not_applicable,3.732545542898473,4.612288129465326,-0.19073886146588948,0.19073886146588948,0.012792777065035104,0.9990442401271832,0.9996794473354811,0.99609375,false,1.176272187137514,BoundedKKTNewtonGMRES+AnalyticStressRoot,1,true,false,true,true,true,true,true,1.0e-6,0.9993479463175825,0.3499999999999999,-4.487590251879874,0.0004269327548660495,0.0010870681694825635,bounded-KKT Newton-GMRES,8.094981636613661e-5,Polyorder.Successful(),3.432328635156789e-7,2.555041809371495e-7,0.1,0.09608933603052762,0.01,"Anderson(SD(0.1); m=10, warmup=100, αw=0.2)","VariableCell(BB(1.0), field_updater)",128,64,256,1,,,,,,,,cases/f0.35_chiN35/native_profiles.csv#model=burp_ti,accepted,model_gates_pass,,,,
liu2019-stress-free-period-map-v2,stress_free_lamellar_observable,f0.35_chiN35,0.35,35.0,12.562,bvk2,BVK2,frozen_c2_evaluation,4.5858866450481495,4.612288129465326,-0.005724161994241417,0.005724161994241417,0.014567756492268427,0.9987606054762436,0.9993895840374861,0.998046875,false,1.445193595614281,FilteredUDThetaAnalyticCellStressRoot,31,true,false,true,true,true,true,true,0.00012991855481877062,0.9930387497805924,0.3500000000000001,-5.278133701734806,3.1873813846560456e-8,6.833453921981982e-8,oversampled filtered UD-theta L-BFGS with cosine-Newton polish,5.622460719223454e-9,Polyorder.Successful(),3.432328635156789e-7,2.555041809371495e-7,0.1,0.09608933603052762,0.01,"Anderson(SD(0.1); m=10, warmup=100, αw=0.2)","VariableCell(BB(1.0), field_updater)",256,,,,0.16,,,,,,,cases/f0.35_chiN35/native_profiles.csv#model=bvk2,accepted,model_gates_pass,,2,12.0,ud-theta-spectral-adaptive-k-physical-sensor-filter-oversampled-v2
liu2019-stress-free-period-map-v2,stress_free_lamellar_observable,f0.3_chiN15,0.3,15.0,14.635,scft,SCFT,reference,3.2122512113344253,3.2122512113344253,0.0,0.0,0.0,1.0,1.0,0.0,false,,Polyorder.cell_solve!,17,true,false,true,true,true,true,true,0.16203466241355916,0.48663882610430637,0.2999999999999996,2.1475751370081753,,,not_applicable,1.257507734335978e-6,Polyorder.Successful(),4.164640283834338e-7,1.620579806842639e-7,0.1,0.08922920031484514,0.01,"Anderson(SD(0.1); m=10, warmup=100, αw=0.2)","VariableCell(BB(1.0), field_updater)",36,,,,,,,,,,,cases/f0.3_chiN15/native_profiles.csv#model=scft,accepted,reference_gates_pass,,,,
liu2019-stress-free-period-map-v2,stress_free_lamellar_observable,f0.3_chiN15,0.3,15.0,14.635,liu2019_opf,OPF (force/stress mapped),per_state_force_stress_mapping,3.122667428460247,3.2122512113344253,-0.027888162220339963,0.027888162220339963,0.017909891178335857,0.9756102176710411,0.9956762202349498,0.0,false,1.0035598754882815,StressRootBisection,46,true,false,true,true,true,true,true,0.13092420083311798,0.4902662749094814,0.30000000000000004,-0.002968658219002482,9.549248751575236e-7,2.358438335403612e-6,mean-constrained Fourier nonlinear conjugate gradient,8.267560837869519e-9,Polyorder.Successful(),4.164640283834338e-7,1.620579806842639e-7,0.1,0.08922920031484514,0.01,"Anderson(SD(0.1); m=10, warmup=100, αw=0.2)","VariableCell(BB(1.0), field_updater)",128,,,,,-1.0,-0.4972061666594041,2.4932169099793144,0.10853685532465904,1.8045417339694863,0.028369971302025763,cases/f0.3_chiN15/native_profiles.csv#model=liu2019_opf,accepted,model_gates_pass,,,,
liu2019-stress-free-period-map-v2,stress_free_lamellar_observable,f0.3_chiN15,0.3,15.0,14.635,ohta_kawasaki,Ohta-Kawasaki (recomputed),liu2019_ok_asymptotic_quadratic_mapped_c3_c4,3.2334102544642387,3.2122512113344253,0.006586982691501042,0.006586982691501042,0.015142610491511619,0.9825649365249455,0.9916579365900913,0.0,false,1.0004754424095157,StressRootBisection,59,true,false,true,true,true,true,true,0.14777516989523845,0.4590009900153107,0.30000000000000004,-0.007197334981748238,8.022884700736348e-6,1.7608935574134343e-5,mean-constrained Fourier nonlinear conjugate gradient,2.1411751169269096e-8,Polyorder.Successful(),4.164640283834338e-7,1.620579806842639e-7,0.1,0.08922920031484514,0.01,"Anderson(SD(0.1); m=10, warmup=100, αw=0.2)","VariableCell(BB(1.0), field_updater)",128,,,,,-9.364275993570644,-1.9707218002554787,10.281826620711826,1.1904761904761905,17.006802721088437,,cases/f0.3_chiN15/native_profiles.csv#model=ohta_kawasaki,accepted,model_gates_pass,,,,
liu2019-stress-free-period-map-v2,stress_free_lamellar_observable,f0.3_chiN15,0.3,15.0,14.635,uneyama_doi,Uneyama-Doi,not_applicable,NaN,3.2122512113344253,NaN,NaN,NaN,NaN,NaN,NaN,false,NaN,failed,,false,false,false,false,true,false,false,NaN,NaN,NaN,NaN,NaN,NaN,mean-constrained fused-spectral L-BFGS with profile continuation,,Polyorder.Successful(),4.164640283834338e-7,1.620579806842639e-7,0.1,0.08922920031484514,0.01,"Anderson(SD(0.1); m=10, warmup=100, αw=0.2)","VariableCell(BB(1.0), field_updater)",,,,,,,,,,,,,rejected,solver_failure,all bootstrap-local Uneyama-Doi evaluations failed,,,
liu2019-stress-free-period-map-v2,stress_free_lamellar_observable,f0.3_chiN15,0.3,15.0,14.635,burp_ti,BURP-TI,not_applicable,3.1328989853324254,3.2122512113344253,-0.024702995121304805,0.024702995121304805,0.02401907655640408,0.9561333324745022,0.995595285557129,0.99609375,false,1.0021409558947694,BoundedKKTNewtonGMRES+AnalyticStressRoot,0,true,false,true,true,true,true,true,0.17706234696490716,0.4378763022792928,0.3,-0.0020265432381462167,0.00048696352250333626,0.0006997274727078562,bounded-KKT Newton-GMRES,1.185345866121958e-5,Polyorder.Successful(),4.164640283834338e-7,1.620579806842639e-7,0.1,0.08922920031484514,0.01,"Anderson(SD(0.1); m=10, warmup=100, αw=0.2)","VariableCell(BB(1.0), field_updater)",128,64,256,1,,,,,,,,cases/f0.3_chiN15/native_profiles.csv#model=burp_ti,accepted,model_gates_pass,,,,
liu2019-stress-free-period-map-v2,stress_free_lamellar_observable,f0.3_chiN15,0.3,15.0,14.635,bvk2,BVK2,frozen_c2_evaluation,3.293764125121928,3.2122512113344253,0.025375634850687945,0.025375634850687945,0.012072251233075483,0.9889184241822674,0.9996667045268601,0.998046875,false,1.0535979437241079,FilteredUDThetaAnalyticCellStressRoot,14,true,false,true,true,true,true,true,0.17257037107033113,0.4640813667320006,0.29999999999999993,-0.00301342096306631,9.866598978896484e-12,2.5373061903294604e-11,oversampled filtered UD-theta L-BFGS with cosine-Newton polish,9.610368056911511e-14,Polyorder.Successful(),4.164640283834338e-7,1.620579806842639e-7,0.1,0.08922920031484514,0.01,"Anderson(SD(0.1); m=10, warmup=100, αw=0.2)","VariableCell(BB(1.0), field_updater)",256,,,,0.16,,,,,,,cases/f0.3_chiN15/native_profiles.csv#model=bvk2,accepted,model_gates_pass,,2,12.0,ud-theta-spectral-adaptive-k-physical-sensor-filter-oversampled-v2
liu2019-stress-free-period-map-v2,stress_free_lamellar_observable,f0.3_chiN16,0.3,16.0,14.635,scft,SCFT,reference,3.40546325011025,3.40546325011025,0.0,0.0,0.0,1.0,1.0,0.0,false,,Polyorder.cell_solve!,21,true,false,true,true,true,true,true,0.08709758999258047,0.6574624247516726,0.2999999999999999,2.329578296746457,,,not_applicable,4.2146494622325037e-7,Polyorder.Successful(),1.3788673044627357e-7,7.228088713132307e-8,0.1,0.09459620139195139,0.01,"Anderson(SD(0.1); m=10, warmup=100, αw=0.2)","VariableCell(BB(1.0), field_updater)",36,,,,,,,,,,,cases/f0.3_chiN16/native_profiles.csv#model=scft,accepted,reference_gates_pass,,,,
liu2019-stress-free-period-map-v2,stress_free_lamellar_observable,f0.3_chiN16,0.3,16.0,14.635,liu2019_opf,OPF (force/stress mapped),per_state_force_stress_mapping,3.224273293930239,3.40546325011025,-0.053205670674656425,0.053205670674656425,0.04147965136810431,0.9582411690165064,0.9883855319381516,0.0,false,1.0150314331054688,StressRootBisection,66,true,false,true,true,true,true,true,0.024276069906599806,0.6474728774788261,0.3000000000000001,-0.024194216924870955,6.716266785610502e-7,1.4687463293638903e-6,mean-constrained Fourier nonlinear conjugate gradient,4.738643539163629e-8,Polyorder.Successful(),1.3788673044627357e-7,7.228088713132307e-8,0.1,0.09459620139195139,0.01,"Anderson(SD(0.1); m=10, warmup=100, αw=0.2)","VariableCell(BB(1.0), field_updater)",128,,,,,-1.0,-0.5706715506133673,2.059017103931944,0.09128235438310683,1.3973232590249864,0.07246345119686237,cases/f0.3_chiN16/native_profiles.csv#model=liu2019_opf,accepted,model_gates_pass,,,,
liu2019-stress-free-period-map-v2,stress_free_lamellar_observable,f0.3_chiN16,0.3,16.0,14.635,ohta_kawasaki,Ohta-Kawasaki (recomputed),liu2019_ok_asymptotic_quadratic_mapped_c3_c4,3.245226254017174,3.40546325011025,-0.04705292182726928,0.04705292182726928,0.04199184026808324,0.9572035295685148,0.9798860706781747,0.0,false,1.0041315257549286,StressRootBisection,54,true,false,true,true,true,true,true,0.054567290391982576,0.5784512859342528,0.3,-0.07823551597144607,8.728579138709374e-6,2.337156982218369e-5,mean-constrained Fourier nonlinear conjugate gradient,7.523190766695037e-8,Polyorder.Successful(),1.3788673044627357e-7,7.228088713132307e-8,0.1,0.09459620139195139,0.01,"Anderson(SD(0.1); m=10, warmup=100, αw=0.2)","VariableCell(BB(1.0), field_updater)",128,,,,,-10.364275993570644,-3.782968322982331,13.89983942707132,1.1904761904761905,17.006802721088437,,cases/f0.3_chiN16/native_profiles.csv#model=ohta_kawasaki,accepted,model_gates_pass,,,,
liu2019-stress-free-period-map-v2,stress_free_lamellar_observable,f0.3_chiN16,0.3,16.0,14.635,uneyama_doi,Uneyama-Doi,not_applicable,NaN,3.40546325011025,NaN,NaN,NaN,NaN,NaN,NaN,false,NaN,failed,,false,false,false,false,true,false,false,NaN,NaN,NaN,NaN,NaN,NaN,mean-constrained fused-spectral L-BFGS with profile continuation,,Polyorder.Successful(),1.3788673044627357e-7,7.228088713132307e-8,0.1,0.09459620139195139,0.01,"Anderson(SD(0.1); m=10, warmup=100, αw=0.2)","VariableCell(BB(1.0), field_updater)",,,,,,,,,,,,,rejected,solver_failure,all bootstrap-local Uneyama-Doi evaluations failed,,,
liu2019-stress-free-period-map-v2,stress_free_lamellar_observable,f0.3_chiN16,0.3,16.0,14.635,burp_ti,BURP-TI,not_applicable,3.1571563216687006,3.40546325011025,-0.07291428807329237,0.07291428807329237,0.04213183718571868,0.9569176949277134,0.9896518587502786,0.99609375,false,1.0099003092404426,BoundedKKTNewtonGMRES+AnalyticStressRoot,0,true,false,true,true,true,true,true,0.09188278492208674,0.5652187744124066,0.30000000000000004,-0.02669909460183495,0.0004956511590004656,0.0008583429382822416,bounded-KKT Newton-GMRES,4.520575521868864e-5,Polyorder.Successful(),1.3788673044627357e-7,7.228088713132307e-8,0.1,0.09459620139195139,0.01,"Anderson(SD(0.1); m=10, warmup=100, αw=0.2)","VariableCell(BB(1.0), field_updater)",128,64,256,1,,,,,,,,cases/f0.3_chiN16/native_profiles.csv#model=burp_ti,accepted,model_gates_pass,,,,
liu2019-stress-free-period-map-v2,stress_free_lamellar_observable,f0.3_chiN16,0.3,16.0,14.635,bvk2,BVK2,frozen_c2_evaluation,3.4178967536490843,3.40546325011025,0.0036510461648446846,0.0036510461648446846,0.025043828122644517,0.9847774977664289,0.9984835749147116,0.498046875,false,1.0933050621445684,FilteredUDThetaAnalyticCellStressRoot,16,true,false,true,true,true,true,true,0.09858415289057902,0.6075403142000247,0.2999999999999999,-0.033709454954356566,9.180728835666454e-12,2.706004032541845e-11,oversampled filtered UD-theta L-BFGS with cosine-Newton polish,4.85722573273506e-14,Polyorder.Successful(),1.3788673044627357e-7,7.228088713132307e-8,0.1,0.09459620139195139,0.01,"Anderson(SD(0.1); m=10, warmup=100, αw=0.2)","VariableCell(BB(1.0), field_updater)",256,,,,0.16,,,,,,,cases/f0.3_chiN16/native_profiles.csv#model=bvk2,accepted,model_gates_pass,,2,12.0,ud-theta-spectral-adaptive-k-physical-sensor-filter-oversampled-v2
liu2019-stress-free-period-map-v2,stress_free_lamellar_observable,f0.3_chiN17,0.3,17.0,14.635,scft,SCFT,reference,3.5534128586834304,3.5534128586834304,0.0,0.0,0.0,1.0,1.0,0.0,false,,Polyorder.cell_solve!,26,true,false,true,true,true,true,true,0.05755404392048806,0.747914104285792,0.30000000000000004,2.487591335944644,,,not_applicable,3.0274180977433213e-7,Polyorder.Successful(),8.615508124654463e-7,4.570030546710169e-7,0.1,0.0987059127412064,0.01,"Anderson(SD(0.1); m=10, warmup=100, αw=0.2)","VariableCell(BB(1.0), field_updater)",36,,,,,,,,,,,cases/f0.3_chiN17/native_profiles.csv#model=scft,accepted,reference_gates_pass,,,,
liu2019-stress-free-period-map-v2,stress_free_lamellar_observable,f0.3_chiN17,0.3,17.0,14.635,liu2019_opf,OPF (force/stress mapped),per_state_force_stress_mapping,3.3233907263623306,3.5534128586834304,-0.06473273482955899,0.06473273482955899,0.05488706162541231,0.9509613189839367,0.9846532093458237,0.0,false,1.02684645652771,StressRootBisection,73,true,false,true,true,true,true,true,-0.016802972541597627,0.7273266794164224,0.3,-0.050543117041558824,1.1114609515407575e-6,2.4161736974642745e-6,mean-constrained Fourier nonlinear conjugate gradient,4.5820568403934764e-8,Polyorder.Successful(),8.615508124654463e-7,4.570030546710169e-7,0.1,0.0987059127412064,0.01,"Anderson(SD(0.1); m=10, warmup=100, αw=0.2)","VariableCell(BB(1.0), field_updater)",128,,,,,-1.0,-0.6270280206285209,1.9504914558214204,0.08113220686294625,1.152415744717229,0.09464308520538144,cases/f0.3_chiN17/native_profiles.csv#model=liu2019_opf,accepted,model_gates_pass,,,,
liu2019-stress-free-period-map-v2,stress_free_lamellar_observable,f0.3_chiN17,0.3,17.0,14.635,ohta_kawasaki,Ohta-Kawasaki (recomputed),liu2019_ok_asymptotic_quadratic_mapped_c3_c4,3.265823043268355,3.5534128586834304,-0.08093340876850152,0.08093340876850152,0.05642794026260979,0.9481692833953383,0.9762694457430453,0.0,false,1.01050454378128,StressRootBisection,70,true,false,true,true,true,true,true,0.020941106056682313,0.6409717599917242,0.29999999999999993,-0.1960001168031772,6.5985998974180656e-6,2.238915890084847e-5,mean-constrained Fourier nonlinear conjugate gradient,3.6272197863351965e-8,Polyorder.Successful(),8.615508124654463e-7,4.570030546710169e-7,0.1,0.0987059127412064,0.01,"Anderson(SD(0.1); m=10, warmup=100, αw=0.2)","VariableCell(BB(1.0), field_updater)",128,,,,,-11.364275993570644,-5.610498845709182,17.53867335343082,1.1904761904761905,17.006802721088437,,cases/f0.3_chiN17/native_profiles.csv#model=ohta_kawasaki,accepted,model_gates_pass,,,,
liu2019-stress-free-period-map-v2,stress_free_lamellar_observable,f0.3_chiN17,0.3,17.0,14.635,uneyama_doi,Uneyama-Doi,not_applicable,3.3882558715252635,3.5534128586834304,-0.04647841208616521,0.04647841208616521,0.10697361706401777,0.8137260264235878,0.9985197873283782,0.99609375,false,1.083823638682082,BootstrapLocal,28,true,false,true,true,true,true,true,0.15163814952871313,0.5499547310463075,0.30000000000023463,-0.01117262442167788,7.615625108870329e-7,2.0930193951329557e-6,mean-constrained fused-spectral L-BFGS with profile continuation,,Polyorder.Successful(),8.615508124654463e-7,4.570030546710169e-7,0.1,0.0987059127412064,0.01,"Anderson(SD(0.1); m=10, warmup=100, αw=0.2)","VariableCell(BB(1.0), field_updater)",128,,,1,,,,,,,,cases/f0.3_chiN17/native_profiles.csv#model=uneyama_doi,accepted,model_gates_pass,,,,
liu2019-stress-free-period-map-v2,stress_free_lamellar_observable,f0.3_chiN17,0.3,17.0,14.635,burp_ti,BURP-TI,not_applicable,3.1911729871142325,3.5534128586834304,-0.10194139717933337,0.10194139717933337,0.04778676999293714,0.9628281504371373,0.9887709583787572,0.99609375,false,1.0207814432270594,BoundedKKTNewtonGMRES+AnalyticStressRoot,1,true,false,true,true,true,true,true,0.054998846783415045,0.6446825324043911,0.29999999999999993,-0.07628005476008848,0.000462510169528228,0.0008235523427613245,bounded-KKT Newton-GMRES,1.8115010901319276e-6,Polyorder.Successful(),8.615508124654463e-7,4.570030546710169e-7,0.1,0.0987059127412064,0.01,"Anderson(SD(0.1); m=10, warmup=100, αw=0.2)","VariableCell(BB(1.0), field_updater)",128,64,256,1,,,,,,,,cases/f0.3_chiN17/native_profiles.csv#model=burp_ti,accepted,model_gates_pass,,,,
liu2019-stress-free-period-map-v2,stress_free_lamellar_observable,f0.3_chiN17,0.3,17.0,14.635,bvk2,BVK2,frozen_c2_evaluation,3.522511878647554,3.5534128586834304,-0.008696141221069764,0.008696141221069764,0.027671259927982726,0.9875358115639475,0.9979777098764252,0.998046875,false,1.1267689886413534,FilteredUDThetaAnalyticCellStressRoot,16,true,false,true,true,true,true,true,0.06421984914567998,0.6943529763674461,0.30000000000000016,-0.09480616011702986,1.259945787399177e-11,5.035046998820361e-11,oversampled filtered UD-theta L-BFGS with cosine-Newton polish,1.1792455900661025e-11,Polyorder.Successful(),8.615508124654463e-7,4.570030546710169e-7,0.1,0.0987059127412064,0.01,"Anderson(SD(0.1); m=10, warmup=100, αw=0.2)","VariableCell(BB(1.0), field_updater)",256,,,,0.16,,,,,,,cases/f0.3_chiN17/native_profiles.csv#model=bvk2,accepted,model_gates_pass,,2,12.0,ud-theta-spectral-adaptive-k-physical-sensor-filter-oversampled-v2
liu2019-stress-free-period-map-v2,stress_free_lamellar_observable,f0.3_chiN18,0.3,18.0,14.635,scft,SCFT,reference,3.672123131675808,3.672123131675808,0.0,0.0,0.0,1.0,1.0,0.0,false,,Polyorder.cell_solve!,31,true,false,true,true,true,true,true,0.040892270315965866,0.8055178317257706,0.29999999999999927,2.6278811277350864,,,not_applicable,3.640941887731276e-7,Polyorder.Successful(),2.9056260387883337e-7,1.7809600914905796e-7,0.1,0.102003420324328,0.01,"Anderson(SD(0.1); m=10, warmup=100, αw=0.2)","VariableCell(BB(1.0), field_updater)",36,,,,,,,,,,,cases/f0.3_chiN18/native_profiles.csv#model=scft,accepted,reference_gates_pass,,,,
liu2019-stress-free-period-map-v2,stress_free_lamellar_observable,f0.3_chiN18,0.3,18.0,14.635,liu2019_opf,OPF (force/stress mapped),per_state_force_stress_mapping,3.415329362600813,3.672123131675808,-0.06993059869367846,0.06993059869367846,0.06351214725223701,0.9474246444954438,0.9825579456474257,0.0,false,1.0385403156280517,StressRootBisection,73,true,false,true,true,true,true,true,-0.037312017296214084,0.7776742402644902,0.29999999999999993,-0.07721570200595655,1.1346181581923209e-6,4.097098066077609e-6,mean-constrained Fourier nonlinear conjugate gradient,7.246479445247109e-8,Polyorder.Successful(),2.9056260387883337e-7,1.7809600914905796e-7,0.1,0.102003420324328,0.01,"Anderson(SD(0.1); m=10, warmup=100, αw=0.2)","VariableCell(BB(1.0), field_updater)",128,,,,,-1.0,-0.6747169749313016,1.9211061084270222,0.0735717127423858,0.9803776761383148,0.10758272157441494,cases/f0.3_chiN18/native_profiles.csv#model=liu2019_opf,accepted,model_gates_pass,,,,
liu2019-stress-free-period-map-v2,stress_free_lamellar_observable,f0.3_chiN18,0.3,18.0,14.635,ohta_kawasaki,Ohta-Kawasaki (recomputed),liu2019_ok_asymptotic_quadratic_mapped_c3_c4,3.2916312267555847,3.672123131675808,-0.10361632529097198,0.10361632529097198,0.06455480949708066,0.9456842433370171,0.9758500444824898,0.0,false,1.018490061163902,StressRootBisection,73,true,false,true,true,true,true,true,0.005837887437691758,0.6833503907942667,0.3,-0.3448449830274247,8.703564607643204e-6,2.353932867849018e-5,mean-constrained Fourier nonlinear conjugate gradient,4.273349698221156e-8,Polyorder.Successful(),2.9056260387883337e-7,1.7809600914905796e-7,0.1,0.102003420324328,0.01,"Anderson(SD(0.1); m=10, warmup=100, αw=0.2)","VariableCell(BB(1.0), field_updater)",128,,,,,-12.364275993570644,-7.453313368436033,21.198328399790313,1.1904761904761905,17.006802721088437,,cases/f0.3_chiN18/native_profiles.csv#model=ohta_kawasaki,accepted,model_gates_pass,,,,
liu2019-stress-free-period-map-v2,stress_free_lamellar_observable,f0.3_chiN18,0.3,18.0,14.635,uneyama_doi,Uneyama-Doi,not_applicable,3.5245802110906763,3.672123131675808,-0.040179186616163154,0.040179186616163154,0.07878144643911372,0.9191059597442715,0.9998090705107057,0.99609375,false,1.1274305997119187,BootstrapLocal,28,true,false,true,true,true,true,true,0.11576636905388676,0.6701758603996478,0.3000000000000236,-0.054990186577156264,7.40915704381526e-7,2.060156251815215e-6,mean-constrained fused-spectral L-BFGS with profile continuation,,Polyorder.Successful(),2.9056260387883337e-7,1.7809600914905796e-7,0.1,0.102003420324328,0.01,"Anderson(SD(0.1); m=10, warmup=100, αw=0.2)","VariableCell(BB(1.0), field_updater)",128,,,1,,,,,,,,cases/f0.3_chiN18/native_profiles.csv#model=uneyama_doi,accepted,model_gates_pass,,,,
liu2019-stress-free-period-map-v2,stress_free_lamellar_observable,f0.3_chiN18,0.3,18.0,14.635,burp_ti,BURP-TI,not_applicable,3.232699325711596,3.672123131675808,-0.11966477980374168,0.11966477980374168,0.047772176992620305,0.9702546768354762,0.9899758923300834,0.99609375,false,1.0340647456417258,BoundedKKTNewtonGMRES+AnalyticStressRoot,0,true,false,true,true,true,true,true,0.03554624720309087,0.705587426594493,0.3,-0.14816651319627727,0.0004718057738701885,0.0008698150237833602,bounded-KKT Newton-GMRES,7.386320580944897e-5,Polyorder.Successful(),2.9056260387883337e-7,1.7809600914905796e-7,0.1,0.102003420324328,0.01,"Anderson(SD(0.1); m=10, warmup=100, αw=0.2)","VariableCell(BB(1.0), field_updater)",128,64,256,1,,,,,,,,cases/f0.3_chiN18/native_profiles.csv#model=burp_ti,accepted,model_gates_pass,,,,
liu2019-stress-free-period-map-v2,stress_free_lamellar_observable,f0.3_chiN18,0.3,18.0,14.635,bvk2,BVK2,frozen_c2_evaluation,3.6149164866928034,3.672123131675808,-0.015578629292013368,0.015578629292013368,0.027740432680990953,0.9899699750684652,0.9978413466103085,0.498046875,false,1.1563270569573423,FilteredUDThetaAnalyticCellStressRoot,19,true,false,true,true,true,true,true,0.04395372106030104,0.7552761955910009,0.3000000000000001,-0.18302182006680812,7.042590735690087e-8,2.499532569669205e-7,oversampled filtered UD-theta L-BFGS with cosine-Newton polish,5.8832256843999176e-9,Polyorder.Successful(),2.9056260387883337e-7,1.7809600914905796e-7,0.1,0.102003420324328,0.01,"Anderson(SD(0.1); m=10, warmup=100, αw=0.2)","VariableCell(BB(1.0), field_updater)",256,,,,0.16,,,,,,,cases/f0.3_chiN18/native_profiles.csv#model=bvk2,accepted,model_gates_pass,,2,12.0,ud-theta-spectral-adaptive-k-physical-sensor-filter-oversampled-v2
liu2019-stress-free-period-map-v2,stress_free_lamellar_observable,f0.3_chiN19,0.3,19.0,14.635,scft,SCFT,reference,3.7714485883884885,3.7714485883884885,0.0,0.0,0.0,1.0,1.0,0.0,false,,Polyorder.cell_solve!,37,true,false,true,true,true,true,true,0.03012944415931764,0.8452424222649373,0.3000000000000004,2.754519500900951,,,not_applicable,8.997026888946816e-7,Polyorder.Successful(),4.440733220858613e-7,3.18759670153263e-7,0.1,0.10476246078856913,0.01,"Anderson(SD(0.1); m=10, warmup=100, αw=0.2)","VariableCell(BB(1.0), field_updater)",36,,,,,,,,,,,cases/f0.3_chiN19/native_profiles.csv#model=scft,accepted,reference_gates_pass,,,,
liu2019-stress-free-period-map-v2,stress_free_lamellar_observable,f0.3_chiN19,0.3,19.0,14.635,liu2019_opf,OPF (force/stress mapped),per_state_force_stress_mapping,3.499377134322399,3.7714485883884885,-0.0721397753912758,0.0721397753912758,0.069712115598188,0.9452162105928379,0.9811666641913972,0.0,false,1.0498366355895996,StressRootBisection,72,true,false,true,true,true,true,true,-0.048873358847571435,0.8122661377508187,0.3,-0.10274099533297316,9.397957586212081e-7,2.882225349637446e-6,mean-constrained Fourier nonlinear conjugate gradient,3.283038725034563e-8,Polyorder.Successful(),4.440733220858613e-7,3.18759670153263e-7,0.1,0.10476246078856913,0.01,"Anderson(SD(0.1); m=10, warmup=100, αw=0.2)","VariableCell(BB(1.0), field_updater)",128,,,,,-1.0,-0.7146287851520633,1.9157567420567423,0.06754458060628143,0.8527738612541261,0.11582481085485194,cases/f0.3_chiN19/native_profiles.csv#model=liu2019_opf,accepted,model_gates_pass,,,,
liu2019-stress-free-period-map-v2,stress_free_lamellar_observable,f0.3_chiN19,0.3,19.0,14.635,ohta_kawasaki,Ohta-Kawasaki (recomputed),liu2019_ok_asymptotic_quadratic_mapped_c3_c4,3.3199289053042262,3.7714485883884885,-0.1197204926707468,0.1197204926707468,0.06939257597467711,0.9457172847914054,0.9765935689638079,0.0,false,1.0272458732128142,StressRootBisection,75,true,false,true,true,true,true,true,-0.0010558734786079715,0.714561762692471,0.3,-0.5173331263797836,6.577289357567468e-6,2.0357622028344124e-5,mean-constrained Fourier nonlinear conjugate gradient,4.014873392938599e-8,Polyorder.Successful(),4.440733220858613e-7,3.18759670153263e-7,0.1,0.10476246078856913,0.01,"Anderson(SD(0.1); m=10, warmup=100, αw=0.2)","VariableCell(BB(1.0), field_updater)",128,,,,,-13.364275993570644,-9.311411891162887,24.8788045661498,1.1904761904761905,17.006802721088437,,cases/f0.3_chiN19/native_profiles.csv#model=ohta_kawasaki,accepted,model_gates_pass,,,,
liu2019-stress-free-period-map-v2,stress_free_lamellar_observable,f0.3_chiN19,0.3,19.0,14.635,uneyama_doi,Uneyama-Doi,not_applicable,3.6157680900880202,3.7714485883884885,-0.0412787009160821,0.0412787009160821,0.06568211577313421,0.9513671398493709,0.9992954239517796,0.99609375,false,1.1565994649234212,BootstrapLocal,20,true,false,true,true,true,true,true,0.09756166975196245,0.7427056112890301,0.30000000000011107,-0.12592611140074006,7.457247039557125e-7,1.8073498462278792e-6,mean-constrained fused-spectral L-BFGS with profile continuation,,Polyorder.Successful(),4.440733220858613e-7,3.18759670153263e-7,0.1,0.10476246078856913,0.01,"Anderson(SD(0.1); m=10, warmup=100, αw=0.2)","VariableCell(BB(1.0), field_updater)",128,,,1,,,,,,,,cases/f0.3_chiN19/native_profiles.csv#model=uneyama_doi,accepted,model_gates_pass,,,,
liu2019-stress-free-period-map-v2,stress_free_lamellar_observable,f0.3_chiN19,0.3,19.0,14.635,burp_ti,BURP-TI,not_applicable,3.279712866439987,3.7714485883884885,-0.1303837797133055,0.1303837797133055,0.044908447790677423,0.9772651741118531,0.9917742204127757,0.99609375,false,1.0491032754079666,BoundedKKTNewtonGMRES+AnalyticStressRoot,1,true,false,true,true,true,true,true,0.02470593590876002,0.7552657939863221,0.3,-0.24071513248079945,0.00047960747864852376,0.0009338077287868174,bounded-KKT Newton-GMRES,7.105920899958595e-5,Polyorder.Successful(),4.440733220858613e-7,3.18759670153263e-7,0.1,0.10476246078856913,0.01,"Anderson(SD(0.1); m=10, warmup=100, αw=0.2)","VariableCell(BB(1.0), field_updater)",128,64,256,1,,,,,,,,cases/f0.3_chiN19/native_profiles.csv#model=burp_ti,accepted,model_gates_pass,,,,
liu2019-stress-free-period-map-v2,stress_free_lamellar_observable,f0.3_chiN19,0.3,19.0,14.635,bvk2,BVK2,frozen_c2_evaluation,3.698575667754665,3.7714485883884885,-0.019322262766138243,0.019322262766138243,0.026992900046032373,0.9917862668479184,0.9978635603989826,0.498046875,false,1.1830876681584122,FilteredUDThetaAnalyticCellStressRoot,19,true,false,true,true,true,true,true,0.030906683766916705,0.8004255809130049,0.2999999999999999,-0.2953677110094245,1.2400219995245582e-11,3.85608994557003e-11,oversampled filtered UD-theta L-BFGS with cosine-Newton polish,6.5605016974501495e-9,Polyorder.Successful(),4.440733220858613e-7,3.18759670153263e-7,0.1,0.10476246078856913,0.01,"Anderson(SD(0.1); m=10, warmup=100, αw=0.2)","VariableCell(BB(1.0), field_updater)",256,,,,0.16,,,,,,,cases/f0.3_chiN19/native_profiles.csv#model=bvk2,accepted,model_gates_pass,,2,12.0,ud-theta-spectral-adaptive-k-physical-sensor-filter-oversampled-v2
liu2019-stress-free-period-map-v2,stress_free_lamellar_observable,f0.3_chiN20,0.3,20.0,14.635,scft,SCFT,reference,3.8572513523355743,3.8572513523355743,0.0,0.0,0.0,1.0,1.0,0.0,false,,Polyorder.cell_solve!,31,true,false,true,true,true,true,true,0.02267482406377985,0.8740513060008038,0.2999999999999998,2.870301987399254,,,not_applicable,1.8271421964457555e-6,Polyorder.Successful(),8.635978462952245e-7,5.869683043432562e-7,0.1,0.1071458708982104,0.01,"Anderson(SD(0.1); m=10, warmup=100, αw=0.2)","VariableCell(BB(1.0), field_updater)",36,,,,,,,,,,,cases/f0.3_chiN20/native_profiles.csv#model=scft,accepted,reference_gates_pass,,,,
liu2019-stress-free-period-map-v2,stress_free_lamellar_observable,f0.3_chiN20,0.3,20.0,14.635,liu2019_opf,OPF (force/stress mapped),per_state_force_stress_mapping,3.5760418134014618,3.8572513523355743,-0.07290412608549335,0.07290412608549335,0.07457313448399687,0.9434627637652133,0.9800774305024661,0.0,false,1.0606422901153567,StressRootBisection,73,true,false,true,true,true,true,true,-0.055940121593945125,0.8372161226373169,0.30000000000000004,-0.12664199229126033,6.638567135036291e-7,2.5530082040370328e-6,mean-constrained Fourier nonlinear conjugate gradient,5.018913240471123e-8,Polyorder.Successful(),8.635978462952245e-7,5.869683043432562e-7,0.1,0.1071458708982104,0.01,"Anderson(SD(0.1); m=10, warmup=100, αw=0.2)","VariableCell(BB(1.0), field_updater)",128,,,,,-1.0,-0.7482520532318534,1.919429554699702,0.0625680490674755,0.7546359517230842,0.12136955349987065,cases/f0.3_chiN20/native_profiles.csv#model=liu2019_opf,accepted,model_gates_pass,,,,
liu2019-stress-free-period-map-v2,stress_free_lamellar_observable,f0.3_chiN20,0.3,20.0,14.635,ohta_kawasaki,Ohta-Kawasaki (recomputed),liu2019_ok_asymptotic_quadratic_mapped_c3_c4,3.348994184905684,3.8572513523355743,-0.1317666703576731,0.1317666703576731,0.0724596052396334,0.9466220726582887,0.9776724520807116,0.0,false,1.0362391948699954,StressRootBisection,73,true,false,true,true,true,true,true,-0.0038582978536923496,0.7384818770737454,0.29999999999999993,-0.7089124574958485,7.399331223501354e-6,1.674876889601329e-5,mean-constrained Fourier nonlinear conjugate gradient,1.6204803623863087e-8,Polyorder.Successful(),8.635978462952245e-7,5.869683043432562e-7,0.1,0.1071458708982104,0.01,"Anderson(SD(0.1); m=10, warmup=100, αw=0.2)","VariableCell(BB(1.0), field_updater)",128,,,,,-14.364275993570644,-11.184794413889739,28.580101852509298,1.1904761904761905,17.006802721088437,,cases/f0.3_chiN20/native_profiles.csv#model=ohta_kawasaki,accepted,model_gates_pass,,,,
liu2019-stress-free-period-map-v2,stress_free_lamellar_observable,f0.3_chiN20,0.3,20.0,14.635,uneyama_doi,Uneyama-Doi,not_applicable,3.6810118295481025,3.8572513523355743,-0.045690442931793473,0.045690442931793473,0.057730962037543285,0.9661165699219987,0.9988423568549875,0.99609375,false,1.1774694079808858,BootstrapLocal,32,true,false,true,true,true,true,true,0.08510132738421619,0.7922027996621465,0.3000000000000512,-0.21911239138744731,8.833615356434564e-7,2.3725299342913786e-6,mean-constrained fused-spectral L-BFGS with profile continuation,,Polyorder.Successful(),8.635978462952245e-7,5.869683043432562e-7,0.1,0.1071458708982104,0.01,"Anderson(SD(0.1); m=10, warmup=100, αw=0.2)","VariableCell(BB(1.0), field_updater)",128,,,1,,,,,,,,cases/f0.3_chiN20/native_profiles.csv#model=uneyama_doi,accepted,model_gates_pass,,,,
liu2019-stress-free-period-map-v2,stress_free_lamellar_observable,f0.3_chiN20,0.3,20.0,14.635,burp_ti,BURP-TI,not_applicable,3.328566676950214,3.8572513523355743,-0.13706254197441414,0.13706254197441414,0.040780759499706984,0.9830924609771288,0.9935125822676384,0.99609375,false,1.0647304643448054,BoundedKKTNewtonGMRES+AnalyticStressRoot,1,true,false,true,true,true,true,true,0.018381762673148602,0.7967462406097482,0.29999999999999993,-0.35251345879177065,0.0004734099509050812,0.0008392075864875892,bounded-KKT Newton-GMRES,7.167265685613256e-5,Polyorder.Successful(),8.635978462952245e-7,5.869683043432562e-7,0.1,0.1071458708982104,0.01,"Anderson(SD(0.1); m=10, warmup=100, αw=0.2)","VariableCell(BB(1.0), field_updater)",128,64,256,1,,,,,,,,cases/f0.3_chiN20/native_profiles.csv#model=burp_ti,accepted,model_gates_pass,,,,
liu2019-stress-free-period-map-v2,stress_free_lamellar_observable,f0.3_chiN20,0.3,20.0,14.635,bvk2,BVK2,frozen_c2_evaluation,3.775508365870237,3.8572513523355743,-0.02119203002309966,0.02119203002309966,0.026010738583948312,0.9931217199474317,0.9979488195372214,0.498046875,false,1.207696635121617,FilteredUDThetaAnalyticCellStressRoot,20,true,false,true,true,true,true,true,0.022098717938838622,0.8350015787717731,0.30000000000000004,-0.4292531312009923,1.407349647359807e-11,4.8757634923284426e-11,oversampled filtered UD-theta L-BFGS with cosine-Newton polish,5.812681780348328e-9,Polyorder.Successful(),8.635978462952245e-7,5.869683043432562e-7,0.1,0.1071458708982104,0.01,"Anderson(SD(0.1); m=10, warmup=100, αw=0.2)","VariableCell(BB(1.0), field_updater)",256,,,,0.16,,,,,,,cases/f0.3_chiN20/native_profiles.csv#model=bvk2,accepted,model_gates_pass,,2,12.0,ud-theta-spectral-adaptive-k-physical-sensor-filter-oversampled-v2
liu2019-stress-free-period-map-v2,stress_free_lamellar_observable,f0.3_chiN21,0.3,21.0,14.635,scft,SCFT,reference,3.9331424760900013,3.9331424760900013,0.0,0.0,0.0,1.0,1.0,0.0,false,,Polyorder.cell_solve!,26,true,false,true,true,true,true,true,0.017297007882891093,0.8957067385786276,0.2999999999999998,2.9772429049642897,,,not_applicable,5.999125910873915e-7,Polyorder.Successful(),4.580789599950785e-8,3.2482128442162243e-8,0.1,0.1092539576691667,0.01,"Anderson(SD(0.1); m=10, warmup=100, αw=0.2)","VariableCell(BB(1.0), field_updater)",36,,,,,,,,,,,cases/f0.3_chiN21/native_profiles.csv#model=scft,accepted,reference_gates_pass,,,,
liu2019-stress-free-period-map-v2,stress_free_lamellar_observable,f0.3_chiN21,0.3,21.0,14.635,liu2019_opf,OPF (force/stress mapped),per_state_force_stress_mapping,3.646202757079548,3.9331424760900013,-0.07295431598392144,0.07295431598392144,0.07862930646479152,0.9418433117707548,0.9791208395732637,0.0,false,1.0709692955017087,StressRootBisection,72,true,false,true,true,true,true,true,-0.0605174641518037,0.8558061802345482,0.3,-0.14883966676448884,6.161453475504669e-7,1.9233984407673876e-6,mean-constrained Fourier nonlinear conjugate gradient,8.812911163456478e-9,Polyorder.Successful(),4.580789599950785e-8,3.2482128442162243e-8,0.1,0.1092539576691667,0.01,"Anderson(SD(0.1); m=10, warmup=100, αw=0.2)","VariableCell(BB(1.0), field_updater)",128,,,,,-1.0,-0.7770299277645139,1.9271177276818536,0.05835460475157438,0.6769232396350843,0.12523462143701328,cases/f0.3_chiN21/native_profiles.csv#model=liu2019_opf,accepted,model_gates_pass,,,,
liu2019-stress-free-period-map-v2,stress_free_lamellar_observable,f0.3_chiN21,0.3,21.0,14.635,ohta_kawasaki,Ohta-Kawasaki (recomputed),liu2019_ok_asymptotic_quadratic_mapped_c3_c4,3.377846073437122,3.9331424760900013,-0.14118390219235288,0.14118390219235288,0.07454264955113415,0.9477314529515272,0.9787587216852887,0.0,false,1.0451664894819261,StressRootBisection,77,true,false,true,true,true,true,true,-0.004521835554385789,0.7572555570249748,0.3,-0.9163928300581843,8.588566061853083e-6,1.9486434990056978e-5,mean-constrained Fourier nonlinear conjugate gradient,2.088477182897429e-8,Polyorder.Successful(),4.580789599950785e-8,3.2482128442162243e-8,0.1,0.1092539576691667,0.01,"Anderson(SD(0.1); m=10, warmup=100, αw=0.2)","VariableCell(BB(1.0), field_updater)",128,,,,,-15.364275993570644,-13.073460936616591,32.30222025886879,1.1904761904761905,17.006802721088437,,cases/f0.3_chiN21/native_profiles.csv#model=ohta_kawasaki,accepted,model_gates_pass,,,,
liu2019-stress-free-period-map-v2,stress_free_lamellar_observable,f0.3_chiN21,0.3,21.0,14.635,uneyama_doi,Uneyama-Doi,not_applicable,3.7327065674429796,3.9331424760900013,-0.05096075462953431,0.05096075462953431,0.052092212335552356,0.9744743751861134,0.9985653483689253,0.99609375,false,1.19400534300185,BootstrapLocal,36,true,false,true,true,true,true,true,0.07507508475703173,0.8283584346787269,0.299999999999784,-0.33121694147176983,9.453620972502909e-7,3.5998749239318784e-6,mean-constrained fused-spectral L-BFGS with profile continuation,,Polyorder.Successful(),4.580789599950785e-8,3.2482128442162243e-8,0.1,0.1092539576691667,0.01,"Anderson(SD(0.1); m=10, warmup=100, αw=0.2)","VariableCell(BB(1.0), field_updater)",128,,,1,,,,,,,,cases/f0.3_chiN21/native_profiles.csv#model=uneyama_doi,accepted,model_gates_pass,,,,
liu2019-stress-free-period-map-v2,stress_free_lamellar_observable,f0.3_chiN21,0.3,21.0,14.635,burp_ti,BURP-TI,not_applicable,3.3767298517616307,3.9331424760900013,-0.14146770113487195,0.14146770113487195,0.03640302243090754,0.9875346159376743,0.9949494591906132,0.99609375,false,1.0801367351088527,BoundedKKTNewtonGMRES+AnalyticStressRoot,1,true,false,true,true,true,true,true,0.014420150495640504,0.8314388574124287,0.3000000000000001,-0.48210339439391037,0.00047758008246384854,0.0008903410366860598,bounded-KKT Newton-GMRES,6.606846251469862e-5,Polyorder.Successful(),4.580789599950785e-8,3.2482128442162243e-8,0.1,0.1092539576691667,0.01,"Anderson(SD(0.1); m=10, warmup=100, αw=0.2)","VariableCell(BB(1.0), field_updater)",128,64,256,1,,,,,,,,cases/f0.3_chiN21/native_profiles.csv#model=burp_ti,accepted,model_gates_pass,,,,
liu2019-stress-free-period-map-v2,stress_free_lamellar_observable,f0.3_chiN21,0.3,21.0,14.635,bvk2,BVK2,frozen_c2_evaluation,3.8470016070060535,3.9331424760900013,-0.0219012836701461,0.0219012836701461,0.0250099151016775,0.9941161912944091,0.9980555169540437,0.498046875,false,1.2305656472880784,FilteredUDThetaAnalyticCellStressRoot,22,true,false,true,true,true,true,true,0.015975542785305035,0.8621078338473785,0.30000000000000016,-0.5824674305934908,1.5691189830216877e-11,4.613570646543212e-11,oversampled filtered UD-theta L-BFGS with cosine-Newton polish,2.517814401414853e-9,Polyorder.Successful(),4.580789599950785e-8,3.2482128442162243e-8,0.1,0.1092539576691667,0.01,"Anderson(SD(0.1); m=10, warmup=100, αw=0.2)","VariableCell(BB(1.0), field_updater)",256,,,,0.16,,,,,,,cases/f0.3_chiN21/native_profiles.csv#model=bvk2,accepted,model_gates_pass,,2,12.0,ud-theta-spectral-adaptive-k-physical-sensor-filter-oversampled-v2
liu2019-stress-free-period-map-v2,stress_free_lamellar_observable,f0.3_chiN22,0.3,22.0,14.635,scft,SCFT,reference,4.001486713338376,4.001486713338376,0.0,0.0,0.0,1.0,1.0,0.0,false,,Polyorder.cell_solve!,25,true,false,true,true,true,true,true,0.013316592653743693,0.9124390649128504,0.30000000000000043,3.076835456460368,,,not_applicable,1.778500174580987e-6,Polyorder.Successful(),7.027422543260711e-7,5.419166190059848e-7,0.1,0.11115240870384377,0.01,"Anderson(SD(0.1); m=10, warmup=100, αw=0.2)","VariableCell(BB(1.0), field_updater)",36,,,,,,,,,,,cases/f0.3_chiN22/native_profiles.csv#model=scft,accepted,reference_gates_pass,,,,
liu2019-stress-free-period-map-v2,stress_free_lamellar_observable,f0.3_chiN22,0.3,22.0,14.635,liu2019_opf,OPF (force/stress mapped),per_state_force_stress_mapping,3.7107712466640734,4.001486713338376,-0.07265186354492803,0.07265186354492803,0.08216453090226086,0.9402379063178978,0.9782230137616854,0.0,false,1.080864715576172,StressRootBisection,69,true,false,true,true,true,true,true,-0.06378683432674631,0.8699974167505029,0.30000000000000004,-0.16941790671116752,8.806960482814497e-7,2.444362095455066e-6,mean-constrained Fourier nonlinear conjugate gradient,4.66356202520686e-8,Polyorder.Successful(),7.027422543260711e-7,5.419166190059848e-7,0.1,0.11115240870384377,0.01,"Anderson(SD(0.1); m=10, warmup=100, αw=0.2)","VariableCell(BB(1.0), field_updater)",128,,,,,-1.0,-0.8020931033978316,1.9367871496032183,0.05471755641887743,0.6138677182867366,0.12799342608582953,cases/f0.3_chiN22/native_profiles.csv#model=liu2019_opf,accepted,model_gates_pass,,,,
liu2019-stress-free-period-map-v2,stress_free_lamellar_observable,f0.3_chiN22,0.3,22.0,14.635,ohta_kawasaki,Ohta-Kawasaki (recomputed),liu2019_ok_asymptotic_quadratic_mapped_c3_c4,3.405979916187928,4.001486713338376,-0.14882138560285907,0.14882138560285907,0.0760627337260937,0.9487845604975942,0.9797324564885304,0.0,false,1.0538716077804566,StressRootBisection,74,true,false,true,true,true,true,true,-0.004055529326178919,0.7722371558484207,0.3000000000000001,-1.137390602221953,8.866718526949083e-6,2.7783003024861586e-5,mean-constrained Fourier nonlinear conjugate gradient,8.959593371924859e-8,Polyorder.Successful(),7.027422543260711e-7,5.419166190059848e-7,0.1,0.11115240870384377,0.01,"Anderson(SD(0.1); m=10, warmup=100, αw=0.2)","VariableCell(BB(1.0), field_updater)",128,,,,,-16.364275993570644,-14.977411459343445,36.04515978522828,1.1904761904761905,17.006802721088437,,cases/f0.3_chiN22/native_profiles.csv#model=ohta_kawasaki,accepted,model_gates_pass,,,,
liu2019-stress-free-period-map-v2,stress_free_lamellar_observable,f0.3_chiN22,0.3,22.0,14.635,uneyama_doi,Uneyama-Doi,not_applicable,3.765339291674669,4.001486713338376,-0.05901492084842963,0.05901492084842963,0.04764027453541593,0.9799088149005348,0.9985013356009763,0.99609375,false,1.2044437866312496,BootstrapLocal,36,true,false,true,true,true,true,true,0.06648467517659028,0.855313322325504,0.30000000000003113,-0.4584718409222057,9.889163445976726e-7,2.3988866690860533e-6,mean-constrained fused-spectral L-BFGS with profile continuation,,Polyorder.Successful(),7.027422543260711e-7,5.419166190059848e-7,0.1,0.11115240870384377,0.01,"Anderson(SD(0.1); m=10, warmup=100, αw=0.2)","VariableCell(BB(1.0), field_updater)",128,,,1,,,,,,,,cases/f0.3_chiN22/native_profiles.csv#model=uneyama_doi,accepted,model_gates_pass,,,,
liu2019-stress-free-period-map-v2,stress_free_lamellar_observable,f0.3_chiN22,0.3,22.0,14.635,burp_ti,BURP-TI,not_applicable,3.422554441345714,4.001486713338376,-0.1446792938391811,0.1446792938391811,0.03229459119163808,0.99076755718423,0.9960617733157197,0.99609375,false,1.0947949472709042,BoundedKKTNewtonGMRES+AnalyticStressRoot,1,true,false,true,true,true,true,true,0.011175245875045309,0.8603984945754388,0.30000000000000004,-0.627906836955427,0.0004775511212133196,0.0008767091392742898,bounded-KKT Newton-GMRES,6.0437110776431984e-5,Polyorder.Successful(),7.027422543260711e-7,5.419166190059848e-7,0.1,0.11115240870384377,0.01,"Anderson(SD(0.1); m=10, warmup=100, αw=0.2)","VariableCell(BB(1.0), field_updater)",128,64,256,1,,,,,,,,cases/f0.3_chiN22/native_profiles.csv#model=burp_ti,accepted,model_gates_pass,,,,
liu2019-stress-free-period-map-v2,stress_free_lamellar_observable,f0.3_chiN22,0.3,22.0,14.635,bvk2,BVK2,frozen_c2_evaluation,3.91392846271716,4.001486713338376,-0.021881429801916652,0.021881429801916652,0.024072412019785685,0.994870226837955,0.9981652279834039,0.498046875,false,1.2519739797850302,FilteredUDThetaAnalyticCellStressRoot,24,true,false,true,true,true,true,true,0.01163581174761068,0.8837444889485512,0.2999999999999998,-0.7531253817934517,2.9031696424268527e-8,7.885829451119909e-8,oversampled filtered UD-theta L-BFGS with cosine-Newton polish,4.81531570173388e-9,Polyorder.Successful(),7.027422543260711e-7,5.419166190059848e-7,0.1,0.11115240870384377,0.01,"Anderson(SD(0.1); m=10, warmup=100, αw=0.2)","VariableCell(BB(1.0), field_updater)",256,,,,0.16,,,,,,,cases/f0.3_chiN22/native_profiles.csv#model=bvk2,accepted,model_gates_pass,,2,12.0,ud-theta-spectral-adaptive-k-physical-sensor-filter-oversampled-v2
liu2019-stress-free-period-map-v2,stress_free_lamellar_observable,f0.3_chiN23,0.3,23.0,14.635,scft,SCFT,reference,4.063810411686139,4.063810411686139,0.0,0.0,0.0,1.0,1.0,0.0,false,,Polyorder.cell_solve!,37,true,false,true,true,true,true,true,0.010318853667938199,0.9256481184218947,0.30000000000000027,3.1702256893827183,,,not_applicable,9.647979866462036e-6,Polyorder.Successful(),9.95670376198351e-7,7.972329454332737e-7,0.1,0.10159526029215346,0.01,"Anderson(SD(0.1); m=10, warmup=100, αw=0.2)","VariableCell(BB(1.0), field_updater)",40,,,,,,,,,,,cases/f0.3_chiN23/native_profiles.csv#model=scft,accepted,reference_gates_pass,,,,
liu2019-stress-free-period-map-v2,stress_free_lamellar_observable,f0.3_chiN23,0.3,23.0,14.635,liu2019_opf,OPF (force/stress mapped),per_state_force_stress_mapping,3.7704959951996004,4.063810411686139,-0.07217719006848,0.07217719006848,0.08544173888923827,0.9385525859386116,0.9772275647030132,0.0,false,1.0903796195983886,StressRootBisection,72,true,false,true,true,true,true,true,-0.06651755432295386,0.8810353289728048,0.30000000000000004,-0.18851003648160822,5.29218992835896e-7,1.2009667915424682e-6,mean-constrained Fourier nonlinear conjugate gradient,3.830693839634833e-8,Polyorder.Successful(),9.95670376198351e-7,7.972329454332737e-7,0.1,0.10159526029215346,0.01,"Anderson(SD(0.1); m=10, warmup=100, αw=0.2)","VariableCell(BB(1.0), field_updater)",128,,,,,-1.0,-0.8242565028345264,1.9474737635068649,0.05152880017785759,0.5616767798071336,0.12998974777777225,cases/f0.3_chiN23/native_profiles.csv#model=liu2019_opf,accepted,model_gates_pass,,,,
liu2019-stress-free-period-map-v2,stress_free_lamellar_observable,f0.3_chiN23,0.3,23.0,14.635,ohta_kawasaki,Ohta-Kawasaki (recomputed),liu2019_ok_asymptotic_quadratic_mapped_c3_c4,3.4331732200993144,4.063810411686139,-0.15518371373165585,0.15518371373165585,0.0775972711911441,0.9493176957130369,0.9804299977019857,0.0,false,1.0622857064008708,StressRootBisection,77,true,false,true,true,true,true,true,-0.0030055558493151113,0.7843463284543295,0.30000000000000004,-1.3700692808281345,9.973755592770436e-6,3.0266234298803596e-5,mean-constrained Fourier nonlinear conjugate gradient,5.6492576442069836e-8,Polyorder.Successful(),9.95670376198351e-7,7.972329454332737e-7,0.1,0.10159526029215346,0.01,"Anderson(SD(0.1); m=10, warmup=100, αw=0.2)","VariableCell(BB(1.0), field_updater)",128,,,,,-17.364275993570644,-16.896645982070293,39.808920431587794,1.1904761904761905,17.006802721088437,,cases/f0.3_chiN23/native_profiles.csv#model=ohta_kawasaki,accepted,model_gates_pass,,,,
liu2019-stress-free-period-map-v2,stress_free_lamellar_observable,f0.3_chiN23,0.3,23.0,14.635,uneyama_doi,Uneyama-Doi,not_applicable,3.804182530950736,4.063810411686139,-0.06388779358131491,0.06388779358131491,0.044188532075018404,0.9835645120067837,0.99846098998921,0.99609375,false,1.2168688284600517,BootstrapLocal,36,true,false,true,true,true,true,true,0.05954558028274603,0.8769684597862908,0.30000000000034704,-0.6013611661541378,9.826564223697077e-7,2.8214848710739204e-6,mean-constrained fused-spectral L-BFGS with profile continuation,,Polyorder.Successful(),9.95670376198351e-7,7.972329454332737e-7,0.1,0.10159526029215346,0.01,"Anderson(SD(0.1); m=10, warmup=100, αw=0.2)","VariableCell(BB(1.0), field_updater)",128,,,1,,,,,,,,cases/f0.3_chiN23/native_profiles.csv#model=uneyama_doi,accepted,model_gates_pass,,,,
liu2019-stress-free-period-map-v2,stress_free_lamellar_observable,f0.3_chiN23,0.3,23.0,14.635,burp_ti,BURP-TI,not_applicable,3.465283560595681,4.063810411686139,-0.14728217865904814,0.14728217865904814,0.028980638984818195,0.9929306518910586,0.9968496253108033,0.99609375,false,1.1084629910253248,BoundedKKTNewtonGMRES+AnalyticStressRoot,1,true,false,true,true,true,true,true,0.008412793093442112,0.8845555596396455,0.30000000000000004,-0.7883241778871701,0.00048645194541781076,0.0008377682892222182,bounded-KKT Newton-GMRES,2.4559699844859056e-5,Polyorder.Successful(),9.95670376198351e-7,7.972329454332737e-7,0.1,0.10159526029215346,0.01,"Anderson(SD(0.1); m=10, warmup=100, αw=0.2)","VariableCell(BB(1.0), field_updater)",128,64,256,1,,,,,,,,cases/f0.3_chiN23/native_profiles.csv#model=burp_ti,accepted,model_gates_pass,,,,
liu2019-stress-free-period-map-v2,stress_free_lamellar_observable,f0.3_chiN23,0.3,23.0,14.635,bvk2,BVK2,frozen_c2_evaluation,3.97691346756892,4.063810411686139,-0.021383119612896406,0.021383119612896406,0.02359414674825681,0.9953142943737936,0.9982238340010902,0.498046875,false,1.2721214065819662,FilteredUDThetaAnalyticCellStressRoot,23,true,false,true,true,true,true,true,0.008519290247036444,0.9012665852919519,0.3,-0.9396113370979684,1.4803837144329053e-11,4.591747196370315e-11,oversampled filtered UD-theta L-BFGS with cosine-Newton polish,1.6842083283563625e-12,Polyorder.Successful(),9.95670376198351e-7,7.972329454332737e-7,0.1,0.10159526029215346,0.01,"Anderson(SD(0.1); m=10, warmup=100, αw=0.2)","VariableCell(BB(1.0), field_updater)",256,,,,0.16,,,,,,,cases/f0.3_chiN23/native_profiles.csv#model=bvk2,accepted,model_gates_pass,,2,12.0,ud-theta-spectral-adaptive-k-physical-sensor-filter-oversampled-v2
liu2019-stress-free-period-map-v2,stress_free_lamellar_observable,f0.3_chiN24,0.3,24.0,14.635,scft,SCFT,reference,4.1214078342958915,4.1214078342958915,0.0,0.0,0.0,1.0,1.0,0.0,false,,Polyorder.cell_solve!,45,true,false,true,true,true,true,true,0.008034414467078576,0.9362679919428515,0.3,3.258308550902914,,,not_applicable,4.318869349158146e-6,Polyorder.Successful(),5.413037446004104e-7,4.323550248161782e-7,0.1,0.10303519585739729,0.01,"Anderson(SD(0.1); m=10, warmup=100, αw=0.2)","VariableCell(BB(1.0), field_updater)",40,,,,,,,,,,,cases/f0.3_chiN24/native_profiles.csv#model=scft,accepted,reference_gates_pass,,,,
liu2019-stress-free-period-map-v2,stress_free_lamellar_observable,f0.3_chiN24,0.3,24.0,14.635,liu2019_opf,OPF (force/stress mapped),per_state_force_stress_mapping,3.8262139078088793,4.1214078342958915,-0.07162453665239943,0.07162453665239943,0.08836069360339975,0.9368767943827219,0.9763617216567079,0.0,false,1.0995680809020993,StressRootBisection,72,true,false,true,true,true,true,true,-0.06881573028684917,0.8897589289332148,0.3,-0.20628430234584083,8.063004752362601e-7,1.9181950387803237e-6,mean-constrained Fourier nonlinear conjugate gradient,3.800902900962673e-8,Polyorder.Successful(),5.413037446004104e-7,4.323550248161782e-7,0.1,0.10303519585739729,0.01,"Anderson(SD(0.1); m=10, warmup=100, αw=0.2)","VariableCell(BB(1.0), field_updater)",128,,,,,-1.0,-0.8441317588829117,1.9586740240286007,0.048699652375295416,0.5176745897306634,0.13144404495541245,cases/f0.3_chiN24/native_profiles.csv#model=liu2019_opf,accepted,model_gates_pass,,,,
liu2019-stress-free-period-map-v2,stress_free_lamellar_observable,f0.3_chiN24,0.3,24.0,14.635,ohta_kawasaki,Ohta-Kawasaki (recomputed),liu2019_ok_asymptotic_quadratic_mapped_c3_c4,3.4593618667170714,4.1214078342958915,-0.16063587836895676,0.16063587836895676,0.07859968877461838,0.9500526483120031,0.9811141492164891,0.0,false,1.0703889459371567,StressRootBisection,77,true,false,true,true,true,true,true,-0.0016755709831549614,0.7942362528796907,0.3,-1.6129896883970862,4.59065814487248e-6,1.222864332728335e-5,mean-constrained Fourier nonlinear conjugate gradient,8.153615294114533e-8,Polyorder.Successful(),5.413037446004104e-7,4.323550248161782e-7,0.1,0.10303519585739729,0.01,"Anderson(SD(0.1); m=10, warmup=100, αw=0.2)","VariableCell(BB(1.0), field_updater)",128,,,,,-18.364275993570644,-18.831164504797147,43.593502197947274,1.1904761904761905,17.006802721088437,,cases/f0.3_chiN24/native_profiles.csv#model=ohta_kawasaki,accepted,model_gates_pass,,,,
liu2019-stress-free-period-map-v2,stress_free_lamellar_observable,f0.3_chiN24,0.3,24.0,14.635,uneyama_doi,Uneyama-Doi,not_applicable,3.8310579037069368,4.1214078342958915,-0.0704492111100572,0.0704492111100572,0.0409991989064542,0.98640993433397,0.9985065296464034,0.99609375,false,1.225465630294398,BootstrapLocal,36,true,false,true,true,true,true,true,0.05346341858850655,0.8939570073471238,0.3000000000008702,-0.7557601297254424,6.827210239979012e-7,2.2718290102474725e-6,mean-constrained fused-spectral L-BFGS with profile continuation,,Polyorder.Successful(),5.413037446004104e-7,4.323550248161782e-7,0.1,0.10303519585739729,0.01,"Anderson(SD(0.1); m=10, warmup=100, αw=0.2)","VariableCell(BB(1.0), field_updater)",128,,,1,,,,,,,,cases/f0.3_chiN24/native_profiles.csv#model=uneyama_doi,accepted,model_gates_pass,,,,
liu2019-stress-free-period-map-v2,stress_free_lamellar_observable,f0.3_chiN24,0.3,24.0,14.635,burp_ti,BURP-TI,not_applicable,3.5047645289290728,4.1214078342958915,-0.14961957907574253,0.14961957907574253,0.025931449884148784,0.9945634371539828,0.9974768713128218,0.99609375,false,1.121092027432344,BoundedKKTNewtonGMRES+AnalyticStressRoot,1,true,false,true,true,true,true,true,0.00615723514585802,0.9046264820823061,0.30000000000000016,-0.9618390904690792,0.00046353931284260697,0.00083997224302923,bounded-KKT Newton-GMRES,3.284971871301477e-5,Polyorder.Successful(),5.413037446004104e-7,4.323550248161782e-7,0.1,0.10303519585739729,0.01,"Anderson(SD(0.1); m=10, warmup=100, αw=0.2)","VariableCell(BB(1.0), field_updater)",128,64,256,1,,,,,,,,cases/f0.3_chiN24/native_profiles.csv#model=burp_ti,accepted,model_gates_pass,,,,
liu2019-stress-free-period-map-v2,stress_free_lamellar_observable,f0.3_chiN24,0.3,24.0,14.635,bvk2,BVK2,frozen_c2_evaluation,4.036424922020839,4.1214078342958915,-0.020619874492370238,0.020619874492370238,0.022856930474178392,0.9957761350298923,0.9983199370327336,0.498046875,false,1.2911577260197615,FilteredUDThetaAnalyticCellStressRoot,24,true,false,true,true,true,true,true,0.006260567617357779,0.9156265033039506,0.2999999999999999,-1.1405316607379505,1.3641589889536171e-11,4.3958769825851084e-11,oversampled filtered UD-theta L-BFGS with cosine-Newton polish,9.126033262418787e-14,Polyorder.Successful(),5.413037446004104e-7,4.323550248161782e-7,0.1,0.10303519585739729,0.01,"Anderson(SD(0.1); m=10, warmup=100, αw=0.2)","VariableCell(BB(1.0), field_updater)",256,,,,0.16,,,,,,,cases/f0.3_chiN24/native_profiles.csv#model=bvk2,accepted,model_gates_pass,,2,12.0,ud-theta-spectral-adaptive-k-physical-sensor-filter-oversampled-v2
liu2019-stress-free-period-map-v2,stress_free_lamellar_observable,f0.3_chiN25,0.3,25.0,14.635,scft,SCFT,reference,4.1749055871198655,4.1749055871198655,0.0,0.0,0.0,1.0,1.0,0.0,false,,Polyorder.cell_solve!,29,true,false,true,true,true,true,true,0.006277734070577383,0.944927168244908,0.29999999999999927,3.341794881933228,,,not_applicable,7.827327987240391e-7,Polyorder.Successful(),7.883738443826988e-7,6.103768253629722e-7,0.1,0.10437263967799663,0.01,"Anderson(SD(0.1); m=10, warmup=100, αw=0.2)","VariableCell(BB(1.0), field_updater)",40,,,,,,,,,,,cases/f0.3_chiN25/native_profiles.csv#model=scft,accepted,reference_gates_pass,,,,
liu2019-stress-free-period-map-v2,stress_free_lamellar_observable,f0.3_chiN25,0.3,25.0,14.635,liu2019_opf,OPF (force/stress mapped),per_state_force_stress_mapping,3.8783115191700865,4.1749055871198655,-0.07104210185370674,0.07104210185370674,0.09107361514371888,0.935168508862975,0.9755022244632852,0.0,false,1.1084621429443358,StressRootBisection,47,true,false,true,true,true,true,true,-0.07074556696457918,0.8967391163283938,0.30000000000000004,-0.2228672450706618,5.125431270154553e-7,1.2900817834005096e-6,mean-constrained Fourier nonlinear conjugate gradient,6.953174069059615e-8,Polyorder.Successful(),7.883738443826988e-7,6.103768253629722e-7,0.1,0.10437263967799663,0.01,"Anderson(SD(0.1); m=10, warmup=100, αw=0.2)","VariableCell(BB(1.0), field_updater)",128,,,,,-1.0,-0.8621247416701942,1.9700589279066347,0.04616269071373507,0.4800906954529281,0.13249922240581397,cases/f0.3_chiN25/native_profiles.csv#model=liu2019_opf,accepted,model_gates_pass,,,,
liu2019-stress-free-period-map-v2,stress_free_lamellar_observable,f0.3_chiN25,0.3,25.0,14.635,ohta_kawasaki,Ohta-Kawasaki (recomputed),liu2019_ok_asymptotic_quadratic_mapped_c3_c4,3.484564060018731,4.1749055871198655,-0.16535500329179398,0.16535500329179398,0.07946626218983602,0.9506409911850328,0.9816740167553819,0.0,false,1.078186959028244,StressRootBisection,76,true,false,true,true,true,true,true,-0.00023545084686199536,0.8023834888682084,0.3,-1.865009558721121,7.143262718547058e-6,1.7400194884498177e-5,mean-constrained Fourier nonlinear conjugate gradient,9.520574600383352e-8,Polyorder.Successful(),7.883738443826988e-7,6.103768253629722e-7,0.1,0.10437263967799663,0.01,"Anderson(SD(0.1); m=10, warmup=100, αw=0.2)","VariableCell(BB(1.0), field_updater)",128,,,,,-19.364275993570644,-20.780967027524003,47.39890508430677,1.1904761904761905,17.006802721088437,,cases/f0.3_chiN25/native_profiles.csv#model=ohta_kawasaki,accepted,model_gates_pass,,,,
liu2019-stress-free-period-map-v2,stress_free_lamellar_observable,f0.3_chiN25,0.3,25.0,14.635,uneyama_doi,Uneyama-Doi,not_applicable,3.855189401717669,4.1749055871198655,-0.07658045882248521,0.07658045882248521,0.03818014864193009,0.9886060033347306,0.9985794919255392,0.99609375,false,1.2331847309091541,BootstrapLocal,40,true,false,true,true,true,true,true,0.04824659713816966,0.9077831338286163,0.30000000000000965,-0.9213966699921934,8.703225608284575e-7,2.665059466444575e-6,mean-constrained fused-spectral L-BFGS with profile continuation,,Polyorder.Successful(),7.883738443826988e-7,6.103768253629722e-7,0.1,0.10437263967799663,0.01,"Anderson(SD(0.1); m=10, warmup=100, αw=0.2)","VariableCell(BB(1.0), field_updater)",128,,,1,,,,,,,,cases/f0.3_chiN25/native_profiles.csv#model=uneyama_doi,accepted,model_gates_pass,,,,
liu2019-stress-free-period-map-v2,stress_free_lamellar_observable,f0.3_chiN25,0.3,25.0,14.635,burp_ti,BURP-TI,not_applicable,3.5411629088951173,4.1749055871198655,-0.15179808620820745,0.15179808620820745,0.023410773289533164,0.9957161685307621,0.9979457767320368,0.99609375,false,1.1327350160709715,BoundedKKTNewtonGMRES+AnalyticStressRoot,1,true,false,true,true,true,true,true,0.0043823748730891345,0.9213275352543913,0.3000000000000001,-1.1470779437941143,0.0004351068066530662,0.0007063761515304634,bounded-KKT Newton-GMRES,2.152333095880207e-5,Polyorder.Successful(),7.883738443826988e-7,6.103768253629722e-7,0.1,0.10437263967799663,0.01,"Anderson(SD(0.1); m=10, warmup=100, αw=0.2)","VariableCell(BB(1.0), field_updater)",128,64,256,1,,,,,,,,cases/f0.3_chiN25/native_profiles.csv#model=burp_ti,accepted,model_gates_pass,,,,
liu2019-stress-free-period-map-v2,stress_free_lamellar_observable,f0.3_chiN25,0.3,25.0,14.635,bvk2,BVK2,frozen_c2_evaluation,4.092828887578435,4.1749055871198655,-0.019659534288547276,0.019659534288547276,0.022200225034791334,0.996147705510471,0.9984080290747817,0.498046875,false,1.3092000325942097,FilteredUDThetaAnalyticCellStressRoot,24,true,false,true,true,true,true,true,0.004612917509397864,0.927513204931067,0.2999999999999999,-1.3546763838583715,1.764688139956681e-11,6.93505007547367e-11,oversampled filtered UD-theta L-BFGS with cosine-Newton polish,7.574920468655932e-9,Polyorder.Successful(),7.883738443826988e-7,6.103768253629722e-7,0.1,0.10437263967799663,0.01,"Anderson(SD(0.1); m=10, warmup=100, αw=0.2)","VariableCell(BB(1.0), field_updater)",256,,,,0.16,,,,,,,cases/f0.3_chiN25/native_profiles.csv#model=bvk2,accepted,model_gates_pass,,2,12.0,ud-theta-spectral-adaptive-k-physical-sensor-filter-oversampled-v2
liu2019-stress-free-period-map-v2,stress_free_lamellar_observable,f0.3_chiN26,0.3,26.0,14.635,scft,SCFT,reference,4.225037021915823,4.225037021915823,0.0,0.0,0.0,1.0,1.0,0.0,false,,Polyorder.cell_solve!,148,true,false,true,true,true,true,true,0.004918481932737845,0.9520817224245683,0.3,3.4212554648497724,,,not_applicable,2.503867719500948e-6,Polyorder.Successful(),7.226140554881279e-7,5.522151177524349e-7,0.1,0.08802160462324632,0.01,"Anderson(SD(0.1); m=10, warmup=100, αw=0.2)","VariableCell(BB(1.0), field_updater)",48,,,,,,,,,,,cases/f0.3_chiN26/native_profiles.csv#model=scft,accepted,reference_gates_pass,,,,
liu2019-stress-free-period-map-v2,stress_free_lamellar_observable,f0.3_chiN26,0.3,26.0,14.635,liu2019_opf,OPF (force/stress mapped),per_state_force_stress_mapping,3.9273657094704606,4.225037021915823,-0.07045413114756216,0.07045413114756216,0.09381925765361737,0.9332975368580768,0.9744460407155577,0.0,false,1.1170998573303224,StressRootBisection,49,true,false,true,true,true,true,true,-0.07239646039024766,0.9023884313822932,0.3,-0.2384046131061805,6.778894745312733e-7,1.7223492820017672e-6,mean-constrained Fourier nonlinear conjugate gradient,5.290700012846822e-8,Polyorder.Successful(),7.226140554881279e-7,5.522151177524349e-7,0.1,0.08802160462324632,0.01,"Anderson(SD(0.1); m=10, warmup=100, αw=0.2)","VariableCell(BB(1.0), field_updater)",128,,,,,-1.0,-0.8785674303503918,1.9814566459521143,0.04386875668022688,0.4475457209232686,0.13325717517686844,cases/f0.3_chiN26/native_profiles.csv#model=liu2019_opf,accepted,model_gates_pass,,,,
liu2019-stress-free-period-map-v2,stress_free_lamellar_observable,f0.3_chiN26,0.3,26.0,14.635,ohta_kawasaki,Ohta-Kawasaki (recomputed),liu2019_ok_asymptotic_quadratic_mapped_c3_c4,3.508837041400329,4.225037021915823,-0.16951330291319833,0.16951330291319833,0.08079246963836548,0.9505348130923971,0.9819279988947043,0.0,false,1.0856974571943283,StressRootBisection,77,true,false,true,true,true,true,true,0.0010635326251620114,0.8091442190379232,0.2999999999999999,-2.1252117813239053,6.246063354328749e-6,1.522266162279351e-5,mean-constrained Fourier nonlinear conjugate gradient,2.0184318120946848e-8,Polyorder.Successful(),7.226140554881279e-7,5.522151177524349e-7,0.1,0.08802160462324632,0.01,"Anderson(SD(0.1); m=10, warmup=100, αw=0.2)","VariableCell(BB(1.0), field_updater)",128,,,,,-20.364275993570644,-22.74605355025085,51.225129090666265,1.1904761904761905,17.006802721088437,,cases/f0.3_chiN26/native_profiles.csv#model=ohta_kawasaki,accepted,model_gates_pass,,,,
liu2019-stress-free-period-map-v2,stress_free_lamellar_observable,f0.3_chiN26,0.3,26.0,14.635,uneyama_doi,Uneyama-Doi,not_applicable,3.8792604787616725,4.225037021915823,-0.0818398848011419,0.0818398848011419,0.03591776813178376,0.9902236538079239,0.998687521319624,0.99609375,false,1.240884504272812,BootstrapLocal,40,true,false,true,true,true,true,true,0.043750737855351,0.9192521717628416,0.3000000000000109,-1.097786550722725,7.874704253227903e-7,2.330429968555592e-6,mean-constrained fused-spectral L-BFGS with profile continuation,,Polyorder.Successful(),7.226140554881279e-7,5.522151177524349e-7,0.1,0.08802160462324632,0.01,"Anderson(SD(0.1); m=10, warmup=100, αw=0.2)","VariableCell(BB(1.0), field_updater)",128,,,1,,,,,,,,cases/f0.3_chiN26/native_profiles.csv#model=uneyama_doi,accepted,model_gates_pass,,,,
liu2019-stress-free-period-map-v2,stress_free_lamellar_observable,f0.3_chiN26,0.3,26.0,14.635,burp_ti,BURP-TI,not_applicable,3.5747406108307236,4.225037021915823,-0.15391496162327734,0.15391496162327734,0.021820264712128865,0.9963919053905341,0.9982361204799489,0.99609375,false,1.1434757359192775,BoundedKKTNewtonGMRES+AnalyticStressRoot,1,true,false,true,true,true,true,true,0.002989878896301066,0.9352078769119672,0.3000000000000001,-1.3428162144913909,0.0004958762738724363,0.0008610078215625094,bounded-KKT Newton-GMRES,5.3674590904464216e-5,Polyorder.Successful(),7.226140554881279e-7,5.522151177524349e-7,0.1,0.08802160462324632,0.01,"Anderson(SD(0.1); m=10, warmup=100, αw=0.2)","VariableCell(BB(1.0), field_updater)",128,64,256,1,,,,,,,,cases/f0.3_chiN26/native_profiles.csv#model=burp_ti,accepted,model_gates_pass,,,,
liu2019-stress-free-period-map-v2,stress_free_lamellar_observable,f0.3_chiN26,0.3,26.0,14.635,bvk2,BVK2,frozen_c2_evaluation,4.146421949767161,4.225037021915823,-0.01860695462332651,0.01860695462332651,0.0221876989224014,0.9962692892490067,0.9984201070434922,0.498046875,false,1.3263431970634718,FilteredUDThetaAnalyticCellStressRoot,27,true,false,true,true,true,true,true,0.003405489858122433,0.9374369574971283,0.3000000000000001,-1.5809887380257042,4.76988209011597e-8,1.195358392367336e-7,oversampled filtered UD-theta L-BFGS with cosine-Newton polish,8.451902289152713e-9,Polyorder.Successful(),7.226140554881279e-7,5.522151177524349e-7,0.1,0.08802160462324632,0.01,"Anderson(SD(0.1); m=10, warmup=100, αw=0.2)","VariableCell(BB(1.0), field_updater)",256,,,,0.16,,,,,,,cases/f0.3_chiN26/native_profiles.csv#model=bvk2,accepted,model_gates_pass,,2,12.0,ud-theta-spectral-adaptive-k-physical-sensor-filter-oversampled-v2
liu2019-stress-free-period-map-v2,stress_free_lamellar_observable,f0.3_chiN27,0.3,27.0,14.635,scft,SCFT,reference,4.272193059696039,4.272193059696039,0.0,0.0,0.0,1.0,1.0,0.0,false,,Polyorder.cell_solve!,54,true,false,true,true,true,true,true,0.003861509207072416,0.9580520477704075,0.30000000000000043,3.4971637569015295,,,not_applicable,8.450545024042823e-6,Polyorder.Successful(),6.365528096765135e-7,4.9503271285168e-7,0.1,0.10171888237371521,0.01,"Anderson(SD(0.1); m=10, warmup=100, αw=0.2)","VariableCell(BB(1.0), field_updater)",42,,,,,,,,,,,cases/f0.3_chiN27/native_profiles.csv#model=scft,accepted,reference_gates_pass,,,,
liu2019-stress-free-period-map-v2,stress_free_lamellar_observable,f0.3_chiN27,0.3,27.0,14.635,liu2019_opf,OPF (force/stress mapped),per_state_force_stress_mapping,3.9736800623429156,4.272193059696039,-0.06987348024350803,0.06987348024350803,0.09610444512001803,0.9316212469965576,0.9737269261796159,0.0,false,1.1255032539367678,StressRootBisection,49,true,false,true,true,true,true,true,-0.07379480229341667,0.9070043362173539,0.29999999999999993,-0.2529998293624682,5.536281939782189e-7,1.5172078102199116e-6,mean-constrained Fourier nonlinear conjugate gradient,9.265819548009045e-8,Polyorder.Successful(),6.365528096765135e-7,4.9503271285168e-7,0.1,0.10171888237371521,0.01,"Anderson(SD(0.1); m=10, warmup=100, αw=0.2)","VariableCell(BB(1.0), field_updater)",128,,,,,-1.0,-0.8936788896082835,1.9927065522569798,0.041780821024451416,0.4190944155026218,0.13378382160792898,cases/f0.3_chiN27/native_profiles.csv#model=liu2019_opf,accepted,model_gates_pass,,,,
liu2019-stress-free-period-map-v2,stress_free_lamellar_observable,f0.3_chiN27,0.3,27.0,14.635,ohta_kawasaki,Ohta-Kawasaki (recomputed),liu2019_ok_asymptotic_quadratic_mapped_c3_c4,3.532254435837681,4.272193059696039,-0.1731987795305776,0.1731987795305776,0.08112656382709404,0.9512740417912624,0.9824294816205127,0.0,false,1.0929432213306427,StressRootBisection,76,true,false,true,true,true,true,true,0.002081588081574104,0.8147897179210963,0.30000000000000004,-2.3928523134737505,2.6660342377082724e-6,6.868329669451612e-6,mean-constrained Fourier nonlinear conjugate gradient,8.063401483733261e-9,Polyorder.Successful(),6.365528096765135e-7,4.9503271285168e-7,0.1,0.10171888237371521,0.01,"Anderson(SD(0.1); m=10, warmup=100, αw=0.2)","VariableCell(BB(1.0), field_updater)",128,,,,,-21.364275993570644,-24.726424072977707,55.07217421702576,1.1904761904761905,17.006802721088437,,cases/f0.3_chiN27/native_profiles.csv#model=ohta_kawasaki,accepted,model_gates_pass,,,,
liu2019-stress-free-period-map-v2,stress_free_lamellar_observable,f0.3_chiN27,0.3,27.0,14.635,uneyama_doi,Uneyama-Doi,not_applicable,3.900970931958139,4.272193059696039,-0.08689263864033148,0.08689263864033148,0.033462736662207615,0.9917099502509784,0.9987564707784486,0.99609375,false,1.2478291693964172,BootstrapLocal,40,true,false,true,true,true,true,true,0.039810481147818974,0.9287972314699587,0.3000000000000539,-1.28341438211713,9.566883759511299e-7,2.5385556137180743e-6,mean-constrained fused-spectral L-BFGS with profile continuation,,Polyorder.Successful(),6.365528096765135e-7,4.9503271285168e-7,0.1,0.10171888237371521,0.01,"Anderson(SD(0.1); m=10, warmup=100, αw=0.2)","VariableCell(BB(1.0), field_updater)",128,,,1,,,,,,,,cases/f0.3_chiN27/native_profiles.csv#model=uneyama_doi,accepted,model_gates_pass,,,,
liu2019-stress-free-period-map-v2,stress_free_lamellar_observable,f0.3_chiN27,0.3,27.0,14.635,burp_ti,BURP-TI,not_applicable,3.605787790300605,4.272193059696039,-0.1559866935046348,0.1559866935046348,0.01986121197409666,0.9970795772799708,0.9985471819516174,0.99609375,false,1.15340700094169,BoundedKKTNewtonGMRES+AnalyticStressRoot,1,true,false,true,true,true,true,true,0.0019286296482946786,0.9467722613812664,0.30000000000000004,-1.5479793268513724,0.00044991987806609245,0.000740865121025891,bounded-KKT Newton-GMRES,5.587112176187048e-5,Polyorder.Successful(),6.365528096765135e-7,4.9503271285168e-7,0.1,0.10171888237371521,0.01,"Anderson(SD(0.1); m=10, warmup=100, αw=0.2)","VariableCell(BB(1.0), field_updater)",128,64,256,1,,,,,,,,cases/f0.3_chiN27/native_profiles.csv#model=burp_ti,accepted,model_gates_pass,,,,
liu2019-stress-free-period-map-v2,stress_free_lamellar_observable,f0.3_chiN27,0.3,27.0,14.635,bvk2,BVK2,frozen_c2_evaluation,4.197451659968488,4.272193059696039,-0.01749485537829809,0.01749485537829809,0.021274356472345005,0.996649259427177,0.9985398896159616,0.998046875,false,1.3426664053123214,FilteredUDThetaAnalyticCellStressRoot,26,true,false,true,true,true,true,true,0.0025177602808938095,0.9457831863885203,0.29999999999999993,-1.818540880410443,1.6598148401677193e-11,5.460195450276092e-11,oversampled filtered UD-theta L-BFGS with cosine-Newton polish,4.263256414560601e-14,Polyorder.Successful(),6.365528096765135e-7,4.9503271285168e-7,0.1,0.10171888237371521,0.01,"Anderson(SD(0.1); m=10, warmup=100, αw=0.2)","VariableCell(BB(1.0), field_updater)",256,,,,0.16,,,,,,,cases/f0.3_chiN27/native_profiles.csv#model=bvk2,accepted,model_gates_pass,,2,12.0,ud-theta-spectral-adaptive-k-physical-sensor-filter-oversampled-v2
liu2019-stress-free-period-map-v2,stress_free_lamellar_observable,f0.3_chiN28,0.3,28.0,14.635,scft,SCFT,reference,4.316854239288009,4.316854239288009,0.0,0.0,0.0,1.0,1.0,0.0,false,,Polyorder.cell_solve!,50,true,false,true,true,true,true,true,0.003036758432447181,0.9630851486532486,0.29999999999999943,3.569906362254419,,,not_applicable,8.505515199553284e-6,Polyorder.Successful(),9.794178337041606e-7,7.541519840327188e-7,0.1,0.10278224379257164,0.01,"Anderson(SD(0.1); m=10, warmup=100, αw=0.2)","VariableCell(BB(1.0), field_updater)",42,,,,,,,,,,,cases/f0.3_chiN28/native_profiles.csv#model=scft,accepted,reference_gates_pass,,,,
liu2019-stress-free-period-map-v2,stress_free_lamellar_observable,f0.3_chiN28,0.3,28.0,14.635,liu2019_opf,OPF (force/stress mapped),per_state_force_stress_mapping,4.0176664504628095,4.316854239288009,-0.06930690086829194,0.06930690086829194,0.09840578933886804,0.9298463191842836,0.9728742648710967,0.0,false,1.1336963653564456,StressRootBisection,47,true,false,true,true,true,true,true,-0.07498520734960312,0.9108108752416522,0.3,-0.26676691829421273,6.913500199766218e-7,2.4494823973320035e-6,mean-constrained Fourier nonlinear conjugate gradient,7.103721838859718e-8,Polyorder.Successful(),9.794178337041606e-7,7.541519840327188e-7,0.1,0.10278224379257164,0.01,"Anderson(SD(0.1); m=10, warmup=100, αw=0.2)","VariableCell(BB(1.0), field_updater)",128,,,,,-1.0,-0.9076539941657563,2.0037374648365054,0.03986943235694451,0.39395900246346993,0.13413190150606483,cases/f0.3_chiN28/native_profiles.csv#model=liu2019_opf,accepted,model_gates_pass,,,,
liu2019-stress-free-period-map-v2,stress_free_lamellar_observable,f0.3_chiN28,0.3,28.0,14.635,ohta_kawasaki,Ohta-Kawasaki (recomputed),liu2019_ok_asymptotic_quadratic_mapped_c3_c4,3.55489229550361,4.316854239288009,-0.17650861056408318,0.17650861056408318,0.08179646627128806,0.9515294165179659,0.982721050013121,0.0,false,1.0999477833509446,StressRootBisection,77,true,false,true,true,true,true,true,0.0029125403220208734,0.8195287748840876,0.3,-2.667320084008829,7.790427922975676e-6,2.0954070369505473e-5,mean-constrained Fourier nonlinear conjugate gradient,4.6387803788655256e-10,Polyorder.Successful(),9.794178337041606e-7,7.541519840327188e-7,0.1,0.10278224379257164,0.01,"Anderson(SD(0.1); m=10, warmup=100, αw=0.2)","VariableCell(BB(1.0), field_updater)",128,,,,,-22.364275993570644,-26.72207859570456,58.940040463385266,1.1904761904761905,17.006802721088437,,cases/f0.3_chiN28/native_profiles.csv#model=ohta_kawasaki,accepted,model_gates_pass,,,,
liu2019-stress-free-period-map-v2,stress_free_lamellar_observable,f0.3_chiN28,0.3,28.0,14.635,uneyama_doi,Uneyama-Doi,not_applicable,3.920903941897839,4.316854239288009,-0.09172195201464006,0.09172195201464006,0.031387404770039096,0.9928629296101101,0.9988485131351452,0.99609375,false,1.2542052720822532,BootstrapLocal,40,true,false,true,true,true,true,true,0.036363647748575346,0.9368244753642627,0.3000000000004606,-1.4775250159007425,9.78886980660632e-7,2.4699510547954162e-6,mean-constrained fused-spectral L-BFGS with profile continuation,,Polyorder.Successful(),9.794178337041606e-7,7.541519840327188e-7,0.1,0.10278224379257164,0.01,"Anderson(SD(0.1); m=10, warmup=100, αw=0.2)","VariableCell(BB(1.0), field_updater)",128,,,1,,,,,,,,cases/f0.3_chiN28/native_profiles.csv#model=uneyama_doi,accepted,model_gates_pass,,,,
liu2019-stress-free-period-map-v2,stress_free_lamellar_observable,f0.3_chiN28,0.3,28.0,14.635,burp_ti,BURP-TI,not_applicable,3.634619402949305,4.316854239288009,-0.15803981291043712,0.15803981291043712,0.018555347801387373,0.9975057076067888,0.9987522558755378,0.99609375,false,1.1626295580669048,BoundedKKTNewtonGMRES+AnalyticStressRoot,1,true,false,true,true,true,true,true,0.0011211288645172014,0.9563957710112411,0.3000000000000001,-1.7616480028944976,0.00044001366960847425,0.0007704239973991278,bounded-KKT Newton-GMRES,5.1812132373902875e-6,Polyorder.Successful(),9.794178337041606e-7,7.541519840327188e-7,0.1,0.10278224379257164,0.01,"Anderson(SD(0.1); m=10, warmup=100, αw=0.2)","VariableCell(BB(1.0), field_updater)",128,64,256,1,,,,,,,,cases/f0.3_chiN28/native_profiles.csv#model=burp_ti,accepted,model_gates_pass,,,,
liu2019-stress-free-period-map-v2,stress_free_lamellar_observable,f0.3_chiN28,0.3,28.0,14.635,bvk2,BVK2,frozen_c2_evaluation,4.246129816269227,4.316854239288009,-0.01638332431406042,0.01638332431406042,0.020813435155594594,0.996861739662755,0.9986053044587888,0.498046875,false,1.3582374065845637,FilteredUDThetaAnalyticCellStressRoot,28,true,false,true,true,true,true,true,0.001863538960688312,0.9528479279171965,0.29999999999999993,-2.066514454936841,1.997795358084951e-11,9.851927451627247e-11,oversampled filtered UD-theta L-BFGS with cosine-Newton polish,7.682743330406083e-14,Polyorder.Successful(),9.794178337041606e-7,7.541519840327188e-7,0.1,0.10278224379257164,0.01,"Anderson(SD(0.1); m=10, warmup=100, αw=0.2)","VariableCell(BB(1.0), field_updater)",256,,,,0.16,,,,,,,cases/f0.3_chiN28/native_profiles.csv#model=bvk2,accepted,model_gates_pass,,2,12.0,ud-theta-spectral-adaptive-k-physical-sensor-filter-oversampled-v2
liu2019-stress-free-period-map-v2,stress_free_lamellar_observable,f0.3_chiN29,0.3,29.0,14.635,scft,SCFT,reference,4.359317362838848,4.359317362838848,0.0,0.0,0.0,1.0,1.0,0.0,false,,Polyorder.cell_solve!,94,true,false,true,true,true,true,true,0.00239137716562107,0.9673626006954413,0.29999999999999966,3.639809863857577,,,not_applicable,4.0476857983850917e-7,Polyorder.Successful(),8.045070814203003e-7,6.407959219509578e-7,0.1,0.09081911172580932,0.01,"Anderson(SD(0.1); m=10, warmup=100, αw=0.2)","VariableCell(BB(1.0), field_updater)",48,,,,,,,,,,,cases/f0.3_chiN29/native_profiles.csv#model=scft,accepted,reference_gates_pass,,,,
liu2019-stress-free-period-map-v2,stress_free_lamellar_observable,f0.3_chiN29,0.3,29.0,14.635,liu2019_opf,OPF (force/stress mapped),per_state_force_stress_mapping,4.059598655580532,4.359317362838848,-0.06875358738808002,0.06875358738808002,0.10076788746383077,0.9279517360708889,0.9718681626812807,0.0,false,1.1417002201080322,StressRootBisection,50,true,false,true,true,true,true,true,-0.07599373136299686,0.9139733402626069,0.30000000000000004,-0.2797956924449835,6.658927416014881e-7,1.4975547706352899e-6,mean-constrained Fourier nonlinear conjugate gradient,3.1450716415396475e-8,Polyorder.Successful(),8.045070814203003e-7,6.407959219509578e-7,0.1,0.09081911172580932,0.01,"Anderson(SD(0.1); m=10, warmup=100, αw=0.2)","VariableCell(BB(1.0), field_updater)",128,,,,,-1.0,-0.9206385820577646,2.014507630179168,0.03811011173906374,0.37156571548578754,0.13433907334423434,cases/f0.3_chiN29/native_profiles.csv#model=liu2019_opf,accepted,model_gates_pass,,,,
liu2019-stress-free-period-map-v2,stress_free_lamellar_observable,f0.3_chiN29,0.3,29.0,14.635,ohta_kawasaki,Ohta-Kawasaki (recomputed),liu2019_ok_asymptotic_quadratic_mapped_c3_c4,3.576823385741659,4.359317362838848,-0.17949919952320648,0.17949919952320648,0.08286458799110706,0.951278891210246,0.9828028951854739,0.0,false,1.1067336581647396,StressRootBisection,79,true,false,true,true,true,true,true,0.003594221861879743,0.8235250625592765,0.29999999999999993,-2.948107666558242,3.502830779876446e-6,8.738324771329076e-6,mean-constrained Fourier nonlinear conjugate gradient,7.391545235315469e-8,Polyorder.Successful(),8.045070814203003e-7,6.407959219509578e-7,0.1,0.09081911172580932,0.01,"Anderson(SD(0.1); m=10, warmup=100, αw=0.2)","VariableCell(BB(1.0), field_updater)",128,,,,,-23.364275993570644,-28.733017118431405,62.82872782974476,1.1904761904761905,17.006802721088437,,cases/f0.3_chiN29/native_profiles.csv#model=ohta_kawasaki,accepted,model_gates_pass,,,,
liu2019-stress-free-period-map-v2,stress_free_lamellar_observable,f0.3_chiN29,0.3,29.0,14.635,uneyama_doi,Uneyama-Doi,not_applicable,3.934779559800029,4.359317362838848,-0.09738630333680365,0.09738630333680365,0.029621104576914425,0.9937743928608027,0.9989737458934937,0.99609375,false,1.2586437570296558,BootstrapLocal,40,true,false,true,true,true,true,true,0.033235229836410515,0.9435361926031641,0.30000000000015403,-1.6774776679088443,8.105436228086492e-7,1.8908681864715504e-6,mean-constrained fused-spectral L-BFGS with profile continuation,,Polyorder.Successful(),8.045070814203003e-7,6.407959219509578e-7,0.1,0.09081911172580932,0.01,"Anderson(SD(0.1); m=10, warmup=100, αw=0.2)","VariableCell(BB(1.0), field_updater)",128,,,1,,,,,,,,cases/f0.3_chiN29/native_profiles.csv#model=uneyama_doi,accepted,model_gates_pass,,,,
liu2019-stress-free-period-map-v2,stress_free_lamellar_observable,f0.3_chiN29,0.3,29.0,14.635,burp_ti,BURP-TI,not_applicable,3.6615512793366074,4.359317362838848,-0.16006315333918364,0.16006315333918364,0.017846133834487698,0.9977402130108637,0.9988705229613516,0.99609375,false,1.171244434088497,BoundedKKTNewtonGMRES+AnalyticStressRoot,1,true,false,true,true,true,true,true,0.0005043609085602594,0.9643744527597085,0.30000000000000004,-1.9830483424169687,0.000417907696019665,0.0007079527190265722,bounded-KKT Newton-GMRES,2.5391403311867055e-5,Polyorder.Successful(),8.045070814203003e-7,6.407959219509578e-7,0.1,0.09081911172580932,0.01,"Anderson(SD(0.1); m=10, warmup=100, αw=0.2)","VariableCell(BB(1.0), field_updater)",128,64,256,1,,,,,,,,cases/f0.3_chiN29/native_profiles.csv#model=burp_ti,accepted,model_gates_pass,,,,
liu2019-stress-free-period-map-v2,stress_free_lamellar_observable,f0.3_chiN29,0.3,29.0,14.635,bvk2,BVK2,frozen_c2_evaluation,4.292641176837838,4.359317362838848,-0.01529509793652395,0.01529509793652395,0.020846376636018182,0.9969164468192026,0.9986141362209812,0.498046875,false,1.37311530068789,FilteredUDThetaAnalyticCellStressRoot,27,true,false,true,true,true,true,true,0.0013805731076525262,0.958861872301481,0.29999999999999993,-2.3241847953694754,2.0301538842254056e-11,8.178608816766982e-11,oversampled filtered UD-theta L-BFGS with cosine-Newton polish,7.8026474170656e-13,Polyorder.Successful(),8.045070814203003e-7,6.407959219509578e-7,0.1,0.09081911172580932,0.01,"Anderson(SD(0.1); m=10, warmup=100, αw=0.2)","VariableCell(BB(1.0), field_updater)",256,,,,0.16,,,,,,,cases/f0.3_chiN29/native_profiles.csv#model=bvk2,accepted,model_gates_pass,,2,12.0,ud-theta-spectral-adaptive-k-physical-sensor-filter-oversampled-v2
liu2019-stress-free-period-map-v2,stress_free_lamellar_observable,f0.3_chiN30,0.3,30.0,14.635,scft,SCFT,reference,4.3997505020222185,4.3997505020222185,0.0,0.0,0.0,1.0,1.0,0.0,false,,Polyorder.cell_solve!,100,true,false,true,true,true,true,true,0.001885206527349726,0.9710206877047122,0.30000000000000016,3.7071462064460317,,,not_applicable,2.865276133213563e-6,Polyorder.Successful(),7.823538748356044e-7,5.129554122699983e-7,0.1,0.09166146879212955,0.01,"Anderson(SD(0.1); m=10, warmup=100, αw=0.2)","VariableCell(BB(1.0), field_updater)",48,,,,,,,,,,,cases/f0.3_chiN30/native_profiles.csv#model=scft,accepted,reference_gates_pass,,,,
liu2019-stress-free-period-map-v2,stress_free_lamellar_observable,f0.3_chiN30,0.3,30.0,14.635,liu2019_opf,OPF (force/stress mapped),per_state_force_stress_mapping,4.099619615831682,4.3997505020222185,-0.06821543313708123,0.06821543313708123,0.10288975596068059,0.9261564534953379,0.971016504377133,0.0,false,1.149523830413818,StressRootBisection,49,true,false,true,true,true,true,true,-0.07689623001141022,0.9166192569615645,0.3,-0.2921498940758716,6.704641379341728e-7,1.6202068765791555e-6,mean-constrained Fourier nonlinear conjugate gradient,8.323214827797024e-8,Polyorder.Successful(),7.823538748356044e-7,5.129554122699983e-7,0.1,0.09166146879212955,0.01,"Anderson(SD(0.1); m=10, warmup=100, αw=0.2)","VariableCell(BB(1.0), field_updater)",128,,,,,-1.0,-0.9327322566440049,2.024955739358669,0.036484225888596324,0.3514975280792038,0.13443118999065182,cases/f0.3_chiN30/native_profiles.csv#model=liu2019_opf,accepted,model_gates_pass,,,,
liu2019-stress-free-period-map-v2,stress_free_lamellar_observable,f0.3_chiN30,0.3,30.0,14.635,ohta_kawasaki,Ohta-Kawasaki (recomputed),liu2019_ok_asymptotic_quadratic_mapped_c3_c4,3.598113594837193,4.3997505020222185,-0.18220053769334787,0.18220053769334787,0.08348113504120525,0.9513878350638187,0.9829834912236938,0.0,false,1.1133212327957152,StressRootBisection,74,true,false,true,true,true,true,true,0.004183466780613654,0.8269078105408076,0.30000000000000004,-3.2347882014367073,4.9395411375129195e-6,1.3339780978505189e-5,mean-constrained Fourier nonlinear conjugate gradient,4.265764376658029e-8,Polyorder.Successful(),7.823538748356044e-7,5.129554122699983e-7,0.1,0.09166146879212955,0.01,"Anderson(SD(0.1); m=10, warmup=100, αw=0.2)","VariableCell(BB(1.0), field_updater)",128,,,,,-24.364275993570644,-30.75923964115826,66.73823631610423,1.1904761904761905,17.006802721088437,,cases/f0.3_chiN30/native_profiles.csv#model=ohta_kawasaki,accepted,model_gates_pass,,,,
liu2019-stress-free-period-map-v2,stress_free_lamellar_observable,f0.3_chiN30,0.3,30.0,14.635,uneyama_doi,Uneyama-Doi,not_applicable,3.9569037278635926,4.3997505020222185,-0.10065270154639094,0.10065270154639094,0.027921636905941075,0.9945618645237843,0.999043650598729,0.99609375,false,1.2657207598425133,BootstrapLocal,40,true,false,true,true,true,true,true,0.030578987126495608,0.9494614133627484,0.3000000000000207,-1.888676698703864,4.6206450594290043e-7,1.056121262887899e-6,mean-constrained fused-spectral L-BFGS with profile continuation,,Polyorder.Successful(),7.823538748356044e-7,5.129554122699983e-7,0.1,0.09166146879212955,0.01,"Anderson(SD(0.1); m=10, warmup=100, αw=0.2)","VariableCell(BB(1.0), field_updater)",128,,,1,,,,,,,,cases/f0.3_chiN30/native_profiles.csv#model=uneyama_doi,accepted,model_gates_pass,,,,
liu2019-stress-free-period-map-v2,stress_free_lamellar_observable,f0.3_chiN30,0.3,30.0,14.635,burp_ti,BURP-TI,not_applicable,3.6868223939411893,4.3997505020222185,-0.16203830370684713,0.16203830370684713,0.01704483772690383,0.9979734654417941,0.9989931856568219,0.99609375,false,1.1793280713410639,BoundedKKTNewtonGMRES+AnalyticStressRoot,1,true,false,true,true,true,true,true,3.1525683245969215e-5,0.9709790995423212,0.2999999999999998,-2.2115001813585167,0.0004999662323028261,0.000959516351604961,bounded-KKT Newton-GMRES,7.484377905880895e-5,Polyorder.Successful(),7.823538748356044e-7,5.129554122699983e-7,0.1,0.09166146879212955,0.01,"Anderson(SD(0.1); m=10, warmup=100, αw=0.2)","VariableCell(BB(1.0), field_updater)",128,64,256,1,,,,,,,,cases/f0.3_chiN30/native_profiles.csv#model=burp_ti,accepted,model_gates_pass,,,,
liu2019-stress-free-period-map-v2,stress_free_lamellar_observable,f0.3_chiN30,0.3,30.0,14.635,bvk2,BVK2,frozen_c2_evaluation,4.337149377559388,4.3997505020222185,-0.014228335091741484,0.014228335091741484,0.02048646538066909,0.9970723836546006,0.9986670485877388,0.498046875,false,1.3873524309066025,FilteredUDThetaAnalyticCellStressRoot,29,true,false,true,true,true,true,true,0.0010235740847725572,0.964007064216567,0.29999999999999993,-2.5909079575713276,3.0200408560298984e-8,7.739856920860247e-8,oversampled filtered UD-theta L-BFGS with cosine-Newton polish,2.751132655021138e-13,Polyorder.Successful(),7.823538748356044e-7,5.129554122699983e-7,0.1,0.09166146879212955,0.01,"Anderson(SD(0.1); m=10, warmup=100, αw=0.2)","VariableCell(BB(1.0), field_updater)",256,,,,0.16,,,,,,,cases/f0.3_chiN30/native_profiles.csv#model=bvk2,accepted,model_gates_pass,,2,12.0,ud-theta-spectral-adaptive-k-physical-sensor-filter-oversampled-v2
liu2019-stress-free-period-map-v2,stress_free_lamellar_observable,f0.3_chiN31,0.3,31.0,14.635,scft,SCFT,reference,4.43843772713612,4.43843772713612,0.0,0.0,0.0,1.0,1.0,0.0,false,,Polyorder.cell_solve!,87,true,false,true,true,true,true,true,0.0014875908955946128,0.974174388989527,0.3000000000000002,3.7721486904622363,,,not_applicable,3.8103613335860265e-7,Polyorder.Successful(),8.750497084872049e-7,5.413940877094439e-7,0.1,0.09246745264866917,0.01,"Anderson(SD(0.1); m=10, warmup=100, αw=0.2)","VariableCell(BB(1.0), field_updater)",48,,,,,,,,,,,cases/f0.3_chiN31/native_profiles.csv#model=scft,accepted,reference_gates_pass,,,,
liu2019-stress-free-period-map-v2,stress_free_lamellar_observable,f0.3_chiN31,0.3,31.0,14.635,liu2019_opf,OPF (force/stress mapped),per_state_force_stress_mapping,4.137987981975556,4.43843772713612,-0.06769268008958362,0.06769268008958362,0.10493137444564211,0.9243635671490482,0.9701704115798281,0.0,false,1.1571822166442867,StressRootBisection,49,true,false,true,true,true,true,true,-0.07766764304596824,0.9188489433775693,0.29999999999999993,-0.30390514711847066,7.487797374097589e-7,1.9296052403139363e-6,mean-constrained Fourier nonlinear conjugate gradient,4.880851741409752e-8,Polyorder.Successful(),8.750497084872049e-7,5.413940877094439e-7,0.1,0.09246745264866917,0.01,"Anderson(SD(0.1); m=10, warmup=100, αw=0.2)","VariableCell(BB(1.0), field_updater)",128,,,,,-1.0,-0.9440379946194148,2.035069767808462,0.03497599637763311,0.3333800997529926,0.13443051172710152,cases/f0.3_chiN31/native_profiles.csv#model=liu2019_opf,accepted,model_gates_pass,,,,
liu2019-stress-free-period-map-v2,stress_free_lamellar_observable,f0.3_chiN31,0.3,31.0,14.635,ohta_kawasaki,Ohta-Kawasaki (recomputed),liu2019_ok_asymptotic_quadratic_mapped_c3_c4,3.618821630617769,4.43843772713612,-0.18466319613032034,0.18466319613032034,0.08406964680008736,0.9514489349669246,0.9831263636004139,0.0,false,1.119728672504425,StressRootBisection,75,true,false,true,true,true,true,true,0.004699069831230807,0.8297804575499368,0.3,-3.5269987115443096,5.972703143918314e-6,1.5226725841976929e-5,mean-constrained Fourier nonlinear conjugate gradient,7.113684499660778e-8,Polyorder.Successful(),8.750497084872049e-7,5.413940877094439e-7,0.1,0.09246745264866917,0.01,"Anderson(SD(0.1); m=10, warmup=100, αw=0.2)","VariableCell(BB(1.0), field_updater)",128,,,,,-25.364275993570644,-32.800746163885115,70.66856592246374,1.1904761904761905,17.006802721088437,,cases/f0.3_chiN31/native_profiles.csv#model=ohta_kawasaki,accepted,model_gates_pass,,,,
liu2019-stress-free-period-map-v2,stress_free_lamellar_observable,f0.3_chiN31,0.3,31.0,14.635,uneyama_doi,Uneyama-Doi,not_applicable,3.9734478702278166,4.43843772713612,-0.10476430796030012,0.10476430796030012,0.02631072328475136,0.9952446127434147,0.9991257288736819,0.99609375,false,1.2710128432199108,BootstrapLocal,40,true,false,true,true,true,true,true,0.02814742475880731,0.9544775100634452,0.3000000000001582,-2.104654787579709,7.762227803923483e-7,1.8754097006468129e-6,mean-constrained fused-spectral L-BFGS with profile continuation,,Polyorder.Successful(),8.750497084872049e-7,5.413940877094439e-7,0.1,0.09246745264866917,0.01,"Anderson(SD(0.1); m=10, warmup=100, αw=0.2)","VariableCell(BB(1.0), field_updater)",128,,,1,,,,,,,,cases/f0.3_chiN31/native_profiles.csv#model=uneyama_doi,accepted,model_gates_pass,,,,
liu2019-stress-free-period-map-v2,stress_free_lamellar_observable,f0.3_chiN31,0.3,31.0,14.635,burp_ti,BURP-TI,not_applicable,3.7109804428264823,4.43843772713612,-0.16389940087748522,0.16389940087748522,0.016343151179191842,0.9981651865641639,0.9990970928648495,0.99609375,false,1.187055664958287,BoundedKKTNewtonGMRES+AnalyticStressRoot,1,true,false,true,true,true,true,true,1.0000000000001084e-6,0.9764355186962106,0.29999999999999993,-2.446617745570677,0.00048274929506050536,0.0009481885428090919,bounded-KKT Newton-GMRES,6.352861771561223e-5,Polyorder.Successful(),8.750497084872049e-7,5.413940877094439e-7,0.1,0.09246745264866917,0.01,"Anderson(SD(0.1); m=10, warmup=100, αw=0.2)","VariableCell(BB(1.0), field_updater)",128,64,256,1,,,,,,,,cases/f0.3_chiN31/native_profiles.csv#model=burp_ti,accepted,model_gates_pass,,,,
liu2019-stress-free-period-map-v2,stress_free_lamellar_observable,f0.3_chiN31,0.3,31.0,14.635,bvk2,BVK2,frozen_c2_evaluation,4.379801025670094,4.43843772713612,-0.0132111127993364,0.0132111127993364,0.020152160446174017,0.9972101800569078,0.9987162787401507,0.498046875,false,1.4009956934593577,FilteredUDThetaAnalyticCellStressRoot,29,true,false,true,true,true,true,true,0.0007594242774206581,0.9684287650856067,0.30000000000000004,-2.866109938704736,7.942739088167437e-8,1.9871122869599016e-7,oversampled filtered UD-theta L-BFGS with cosine-Newton polish,3.045035334992008e-10,Polyorder.Successful(),8.750497084872049e-7,5.413940877094439e-7,0.1,0.09246745264866917,0.01,"Anderson(SD(0.1); m=10, warmup=100, αw=0.2)","VariableCell(BB(1.0), field_updater)",256,,,,0.16,,,,,,,cases/f0.3_chiN31/native_profiles.csv#model=bvk2,accepted,model_gates_pass,,2,12.0,ud-theta-spectral-adaptive-k-physical-sensor-filter-oversampled-v2
liu2019-stress-free-period-map-v2,stress_free_lamellar_observable,f0.3_chiN32,0.3,32.0,14.635,scft,SCFT,reference,4.475531840172666,4.475531840172666,0.0,0.0,0.0,1.0,1.0,0.0,false,,Polyorder.cell_solve!,46,true,false,true,true,true,true,true,0.0011748561208568384,0.9769058914948258,0.2999999999999999,3.8350200905866156,,,not_applicable,3.71722514519475e-6,Polyorder.Successful(),5.944650220956943e-7,3.745250249201898e-7,0.1,0.09324024667026387,0.01,"Anderson(SD(0.1); m=10, warmup=100, αw=0.2)","VariableCell(BB(1.0), field_updater)",48,,,,,,,,,,,cases/f0.3_chiN32/native_profiles.csv#model=scft,accepted,reference_gates_pass,,,,
liu2019-stress-free-period-map-v2,stress_free_lamellar_observable,f0.3_chiN32,0.3,32.0,14.635,liu2019_opf,OPF (force/stress mapped),per_state_force_stress_mapping,4.17485494297573,4.475531840172666,-0.06718238366623608,0.06718238366623608,0.10690190957336149,0.9225741208430915,0.9693294536777279,0.0,false,1.1646883964538572,StressRootBisection,49,true,false,true,true,true,true,true,-0.07831042709968383,0.9207402067022783,0.3000000000000001,-0.31511793865567767,5.713687949391617e-7,1.4395269035405445e-6,mean-constrained Fourier nonlinear conjugate gradient,9.599094616161454e-8,Polyorder.Successful(),5.944650220956943e-7,3.745250249201898e-7,0.1,0.09324024667026387,0.01,"Anderson(SD(0.1); m=10, warmup=100, αw=0.2)","VariableCell(BB(1.0), field_updater)",128,,,,,-1.0,-0.9546343775953696,2.0448345606555494,0.03357201524657036,0.3169350849405253,0.13435426290759628,cases/f0.3_chiN32/native_profiles.csv#model=liu2019_opf,accepted,model_gates_pass,,,,
liu2019-stress-free-period-map-v2,stress_free_lamellar_observable,f0.3_chiN32,0.3,32.0,14.635,ohta_kawasaki,Ohta-Kawasaki (recomputed),liu2019_ok_asymptotic_quadratic_mapped_c3_c4,3.638998919319929,4.475531840172666,-0.18691251693127564,0.18691251693127564,0.08463510389223786,0.9514693304958557,0.9832377803869764,0.0,false,1.1259718894958497,StressRootBisection,49,true,false,true,true,true,true,true,0.005161327875642496,0.8322263227608244,0.3,-3.8244269061168326,4.54406897107535e-6,1.063104568732598e-5,mean-constrained Fourier nonlinear conjugate gradient,2.3142210973232446e-8,Polyorder.Successful(),5.944650220956943e-7,3.745250249201898e-7,0.1,0.09324024667026387,0.01,"Anderson(SD(0.1); m=10, warmup=100, αw=0.2)","VariableCell(BB(1.0), field_updater)",128,,,,,-26.364275993570644,-34.857536686611965,74.61971664882323,1.1904761904761905,17.006802721088437,,cases/f0.3_chiN32/native_profiles.csv#model=ohta_kawasaki,accepted,model_gates_pass,,,,
liu2019-stress-free-period-map-v2,stress_free_lamellar_observable,f0.3_chiN32,0.3,32.0,14.635,uneyama_doi,Uneyama-Doi,not_applicable,3.9892352978562897,4.475531840172666,-0.10865670487501544,0.10865670487501544,0.024827163390964316,0.9958239140918805,0.999201512715184,0.99609375,false,1.2760628712893727,BootstrapLocal,40,true,false,true,true,true,true,true,0.025975838149506953,0.95882356457852,0.30000000000006805,-2.326962784853061,9.79858992719263e-7,2.5900460964844996e-6,mean-constrained fused-spectral L-BFGS with profile continuation,,Polyorder.Successful(),5.944650220956943e-7,3.745250249201898e-7,0.1,0.09324024667026387,0.01,"Anderson(SD(0.1); m=10, warmup=100, αw=0.2)","VariableCell(BB(1.0), field_updater)",128,,,1,,,,,,,,cases/f0.3_chiN32/native_profiles.csv#model=uneyama_doi,accepted,model_gates_pass,,,,
liu2019-stress-free-period-map-v2,stress_free_lamellar_observable,f0.3_chiN32,0.3,32.0,14.635,burp_ti,BURP-TI,not_applicable,3.733986947597221,4.475531840172666,-0.16568866428773665,0.16568866428773665,0.01576220367779754,0.9983167481920863,0.999181252456987,0.99609375,false,1.1944149066033858,BoundedKKTNewtonGMRES+AnalyticStressRoot,1,true,false,true,true,true,true,true,1.0e-6,0.9809307346685635,0.30000000000000004,-2.6877643755977347,0.00042742171853943383,0.0007250988621905208,bounded-KKT Newton-GMRES,5.2055815564724664e-5,Polyorder.Successful(),5.944650220956943e-7,3.745250249201898e-7,0.1,0.09324024667026387,0.01,"Anderson(SD(0.1); m=10, warmup=100, αw=0.2)","VariableCell(BB(1.0), field_updater)",128,64,256,1,,,,,,,,cases/f0.3_chiN32/native_profiles.csv#model=burp_ti,accepted,model_gates_pass,,,,
liu2019-stress-free-period-map-v2,stress_free_lamellar_observable,f0.3_chiN32,0.3,32.0,14.635,bvk2,BVK2,frozen_c2_evaluation,4.420728580970829,4.475531840172666,-0.012245083078153751,0.012245083078153751,0.019847580737619885,0.9973310289027894,0.9987610696268586,0.498046875,false,1.414087459131835,FilteredUDThetaAnalyticCellStressRoot,30,true,false,true,true,true,true,true,0.000563817294128705,0.9722440351952746,0.3000000000000002,-3.149277605169038,4.844217712001196e-8,1.2113731710975103e-7,oversampled filtered UD-theta L-BFGS with cosine-Newton polish,7.953063096977075e-9,Polyorder.Successful(),5.944650220956943e-7,3.745250249201898e-7,0.1,0.09324024667026387,0.01,"Anderson(SD(0.1); m=10, warmup=100, αw=0.2)","VariableCell(BB(1.0), field_updater)",256,,,,0.16,,,,,,,cases/f0.3_chiN32/native_profiles.csv#model=bvk2,accepted,model_gates_pass,,2,12.0,ud-theta-spectral-adaptive-k-physical-sensor-filter-oversampled-v2
liu2019-stress-free-period-map-v2,stress_free_lamellar_observable,f0.3_chiN33,0.3,33.0,14.635,scft,SCFT,reference,4.511161220066015,4.511161220066015,0.0,0.0,0.0,1.0,1.0,0.0,false,,Polyorder.cell_solve!,96,true,false,true,true,true,true,true,0.0009285906864936274,0.9792837760273719,0.2999999999999997,3.895930895870512,,,not_applicable,1.4080507621555794e-6,Polyorder.Successful(),7.066994890578669e-7,5.929130326086975e-7,0.1,0.09398252541804197,0.01,"Anderson(SD(0.1); m=10, warmup=100, αw=0.2)","VariableCell(BB(1.0), field_updater)",48,,,,,,,,,,,cases/f0.3_chiN33/native_profiles.csv#model=scft,accepted,reference_gates_pass,,,,
liu2019-stress-free-period-map-v2,stress_free_lamellar_observable,f0.3_chiN33,0.3,33.0,14.635,liu2019_opf,OPF (force/stress mapped),per_state_force_stress_mapping,4.210348951099607,4.511161220066015,-0.06668178198295605,0.06668178198295605,0.10880747764885841,0.920790816647613,0.9684941254970797,0.0,false,1.1720523834228511,StressRootBisection,47,true,false,true,true,true,true,true,-0.07891979734321536,0.9223536139712711,0.30000000000000004,-0.3258352591027023,3.0400694243574695e-7,6.333274304437531e-7,mean-constrained Fourier nonlinear conjugate gradient,9.419813307517053e-8,Polyorder.Successful(),7.066994890578669e-7,5.929130326086975e-7,0.1,0.09398252541804197,0.01,"Anderson(SD(0.1); m=10, warmup=100, αw=0.2)","VariableCell(BB(1.0), field_updater)",128,,,,,-1.0,-0.964584965313164,2.054247013472407,0.03226121101560043,0.3019366715324076,0.13421524952122058,cases/f0.3_chiN33/native_profiles.csv#model=liu2019_opf,accepted,model_gates_pass,,,,
liu2019-stress-free-period-map-v2,stress_free_lamellar_observable,f0.3_chiN33,0.3,33.0,14.635,ohta_kawasaki,Ohta-Kawasaki (recomputed),liu2019_ok_asymptotic_quadratic_mapped_c3_c4,3.6586899595554288,4.511161220066015,-0.18896936263743447,0.18896936263743447,0.08517946565761404,0.9514568591140216,0.983323853323054,0.0,false,1.1320646524429319,StressRootBisection,51,true,false,true,true,true,true,true,0.005591542906361824,0.8343132755735785,0.30000000000000004,-4.126800919700169,7.369147033476808e-6,1.5345625408613728e-5,mean-constrained Fourier nonlinear conjugate gradient,1.2658196656297265e-8,Polyorder.Successful(),7.066994890578669e-7,5.929130326086975e-7,0.1,0.09398252541804197,0.01,"Anderson(SD(0.1); m=10, warmup=100, αw=0.2)","VariableCell(BB(1.0), field_updater)",128,,,,,-27.364275993570644,-36.92961120933882,78.59168849518271,1.1904761904761905,17.006802721088437,,cases/f0.3_chiN33/native_profiles.csv#model=ohta_kawasaki,accepted,model_gates_pass,,,,
liu2019-stress-free-period-map-v2,stress_free_lamellar_observable,f0.3_chiN33,0.3,33.0,14.635,uneyama_doi,Uneyama-Doi,not_applicable,4.004376777246317,4.511161220066015,-0.11234013108764085,0.11234013108764085,0.023462859533626843,0.996316845545529,0.9992702322109291,0.99609375,false,1.2809062756572198,BootstrapLocal,40,true,false,true,true,true,true,true,0.024039568055615475,0.9626101260426622,0.3000000000005639,-2.5552096505332282,8.243144169786523e-7,2.5162876502449194e-6,mean-constrained fused-spectral L-BFGS with profile continuation,,Polyorder.Successful(),7.066994890578669e-7,5.929130326086975e-7,0.1,0.09398252541804197,0.01,"Anderson(SD(0.1); m=10, warmup=100, αw=0.2)","VariableCell(BB(1.0), field_updater)",128,,,1,,,,,,,,cases/f0.3_chiN33/native_profiles.csv#model=uneyama_doi,accepted,model_gates_pass,,,,
liu2019-stress-free-period-map-v2,stress_free_lamellar_observable,f0.3_chiN33,0.3,33.0,14.635,burp_ti,BURP-TI,not_applicable,3.756025178192261,4.511161220066015,-0.1673928297031032,0.1673928297031032,0.015285969960360298,0.9984366937869543,0.9992493062198755,0.99609375,false,1.2014644200342823,BoundedKKTNewtonGMRES+AnalyticStressRoot,1,true,false,true,true,true,true,true,1.0000000000555111e-6,0.98463147481913,0.3000000000000001,-2.934550099925782,0.0004917515837747753,0.0008590185913543991,bounded-KKT Newton-GMRES,2.337673162322898e-6,Polyorder.Successful(),7.066994890578669e-7,5.929130326086975e-7,0.1,0.09398252541804197,0.01,"Anderson(SD(0.1); m=10, warmup=100, αw=0.2)","VariableCell(BB(1.0), field_updater)",128,64,256,1,,,,,,,,cases/f0.3_chiN33/native_profiles.csv#model=burp_ti,accepted,model_gates_pass,,,,
liu2019-stress-free-period-map-v2,stress_free_lamellar_observable,f0.3_chiN33,0.3,33.0,14.635,bvk2,BVK2,frozen_c2_evaluation,4.4600523813011685,4.511161220066015,-0.011329419692984954,0.011329419692984954,0.019570637093446336,0.9974373907573094,0.9988016633672038,0.998046875,false,1.426666221178413,FilteredUDThetaAnalyticCellStressRoot,29,true,false,true,true,true,true,true,0.00041886723670056183,0.9755480416871041,0.2999999999999999,-3.439950944340874,2.0518150856255603e-11,9.723185008973897e-11,oversampled filtered UD-theta L-BFGS with cosine-Newton polish,2.020605904817785e-13,Polyorder.Successful(),7.066994890578669e-7,5.929130326086975e-7,0.1,0.09398252541804197,0.01,"Anderson(SD(0.1); m=10, warmup=100, αw=0.2)","VariableCell(BB(1.0), field_updater)",256,,,,0.16,,,,,,,cases/f0.3_chiN33/native_profiles.csv#model=bvk2,accepted,model_gates_pass,,2,12.0,ud-theta-spectral-adaptive-k-physical-sensor-filter-oversampled-v2
liu2019-stress-free-period-map-v2,stress_free_lamellar_observable,f0.3_chiN34,0.3,34.0,14.635,scft,SCFT,reference,4.545473398939749,4.545473398939749,0.0,0.0,0.0,1.0,1.0,0.0,false,,Polyorder.cell_solve!,85,true,false,true,true,true,true,true,0.000734517272479272,0.9813635124131687,0.29999999999999977,3.955030569419103,,,not_applicable,2.2281407438210663e-6,Polyorder.Successful(),9.013799885382548e-7,6.765838626280035e-7,0.1,0.09469736247791144,0.01,"Anderson(SD(0.1); m=10, warmup=100, αw=0.2)","VariableCell(BB(1.0), field_updater)",48,,,,,,,,,,,cases/f0.3_chiN34/native_profiles.csv#model=scft,accepted,reference_gates_pass,,,,
liu2019-stress-free-period-map-v2,stress_free_lamellar_observable,f0.3_chiN34,0.3,34.0,14.635,liu2019_opf,OPF (force/stress mapped),per_state_force_stress_mapping,4.244595050194259,4.545473398939749,-0.06619296217104065,0.06619296217104065,0.11065490655788578,0.9190136542282198,0.967663838426764,0.0,false,1.1792801856994632,StressRootBisection,49,true,false,true,true,true,true,true,-0.07940330616360924,0.9237377903024138,0.29999999999999993,-0.3361024084200003,4.264098075950382e-7,1.1825401103893185e-6,mean-constrained Fourier nonlinear conjugate gradient,3.985296093196626e-9,Polyorder.Successful(),9.013799885382548e-7,6.765838626280035e-7,0.1,0.09469736247791144,0.01,"Anderson(SD(0.1); m=10, warmup=100, αw=0.2)","VariableCell(BB(1.0), field_updater)",128,,,,,-1.0,-0.9739501410086409,2.0633139347553238,0.031033973684072767,0.28819060193859086,0.13402408341509622,cases/f0.3_chiN34/native_profiles.csv#model=liu2019_opf,accepted,model_gates_pass,,,,
liu2019-stress-free-period-map-v2,stress_free_lamellar_observable,f0.3_chiN34,0.3,34.0,14.635,ohta_kawasaki,Ohta-Kawasaki (recomputed),liu2019_ok_asymptotic_quadratic_mapped_c3_c4,3.6779335864763523,4.545473398939749,-0.19085796710761838,0.19085796710761838,0.08570600195963013,0.9514160384102966,0.9833886933062201,0.0,false,1.1380189776420597,StressRootBisection,52,true,false,true,true,true,true,true,0.00599902304644695,0.8360968704266554,0.3000000000000001,-4.433882116859428,7.306153930908256e-6,1.5367233325846996e-5,mean-constrained Fourier nonlinear conjugate gradient,2.4691620705153335e-8,Polyorder.Successful(),9.013799885382548e-7,6.765838626280035e-7,0.1,0.09469736247791144,0.01,"Anderson(SD(0.1); m=10, warmup=100, αw=0.2)","VariableCell(BB(1.0), field_updater)",128,,,,,-28.364275993570644,-39.01696973206567,82.58448146154224,1.1904761904761905,17.006802721088437,,cases/f0.3_chiN34/native_profiles.csv#model=ohta_kawasaki,accepted,model_gates_pass,,,,
liu2019-stress-free-period-map-v2,stress_free_lamellar_observable,f0.3_chiN34,0.3,34.0,14.635,uneyama_doi,Uneyama-Doi,not_applicable,4.0189572792835655,4.545473398939749,-0.11583306587582176,0.11583306587582176,0.022214087333925516,0.9967361709639662,0.9993312169213093,0.99609375,false,1.2855702365182125,BootstrapLocal,40,true,false,true,true,true,true,true,0.022271258256577837,0.9659258271462791,0.30000000000025234,-2.789045236747588,8.765507827774294e-7,2.3492289704662994e-6,mean-constrained fused-spectral L-BFGS with profile continuation,,Polyorder.Successful(),9.013799885382548e-7,6.765838626280035e-7,0.1,0.09469736247791144,0.01,"Anderson(SD(0.1); m=10, warmup=100, αw=0.2)","VariableCell(BB(1.0), field_updater)",128,,,1,,,,,,,,cases/f0.3_chiN34/native_profiles.csv#model=uneyama_doi,accepted,model_gates_pass,,,,
liu2019-stress-free-period-map-v2,stress_free_lamellar_observable,f0.3_chiN34,0.3,34.0,14.635,burp_ti,BURP-TI,not_applicable,3.777303150664656,4.545473398939749,-0.16899675366140565,0.16899675366140565,0.01491025008183341,0.9985295837037647,0.9993030810287843,0.99609375,false,1.2082707447108265,BoundedKKTNewtonGMRES+AnalyticStressRoot,1,true,false,true,true,true,true,true,1.0e-6,0.987663093122811,0.2999999999999999,-3.1866935679589217,0.0003424461960444507,0.0006344638538795522,bounded-KKT Newton-GMRES,2.9494403336825082e-5,Polyorder.Successful(),9.013799885382548e-7,6.765838626280035e-7,0.1,0.09469736247791144,0.01,"Anderson(SD(0.1); m=10, warmup=100, αw=0.2)","VariableCell(BB(1.0), field_updater)",128,64,256,1,,,,,,,,cases/f0.3_chiN34/native_profiles.csv#model=burp_ti,accepted,model_gates_pass,,,,
liu2019-stress-free-period-map-v2,stress_free_lamellar_observable,f0.3_chiN34,0.3,34.0,14.635,bvk2,BVK2,frozen_c2_evaluation,4.497882242554925,4.545473398939749,-0.01047001097749789,0.01047001097749789,0.01932469571535871,0.9975299192541127,0.9988376755133865,0.498046875,false,1.4387671071296346,FilteredUDThetaAnalyticCellStressRoot,31,true,false,true,true,true,true,true,0.00031138848838517183,0.9784187832287596,0.29999999999999993,-3.7377165003284656,6.290929985217879e-8,1.5075777422185517e-7,oversampled filtered UD-theta L-BFGS with cosine-Newton polish,9.63877377913036e-9,Polyorder.Successful(),9.013799885382548e-7,6.765838626280035e-7,0.1,0.09469736247791144,0.01,"Anderson(SD(0.1); m=10, warmup=100, αw=0.2)","VariableCell(BB(1.0), field_updater)",256,,,,0.16,,,,,,,cases/f0.3_chiN34/native_profiles.csv#model=bvk2,accepted,model_gates_pass,,2,12.0,ud-theta-spectral-adaptive-k-physical-sensor-filter-oversampled-v2
liu2019-stress-free-period-map-v2,stress_free_lamellar_observable,f0.3_chiN35,0.3,35.0,14.635,scft,SCFT,reference,4.578626429297504,4.578626429297504,0.0,0.0,0.0,1.0,1.0,0.0,false,,Polyorder.cell_solve!,83,true,false,true,true,true,true,true,0.0005829498206102804,0.9830103638136769,0.2999999999999993,4.012454319197699,,,not_applicable,3.6666831322386797e-6,Polyorder.Successful(),9.9642890475841e-7,5.745167794466439e-7,0.1,0.09538805061036466,0.01,"Anderson(SD(0.1); m=10, warmup=100, αw=0.2)","VariableCell(BB(1.0), field_updater)",48,,,,,,,,,,,cases/f0.3_chiN35/native_profiles.csv#model=scft,accepted,reference_gates_pass,,,,
liu2019-stress-free-period-map-v2,stress_free_lamellar_observable,f0.3_chiN35,0.3,35.0,14.635,liu2019_opf,OPF (force/stress mapped),per_state_force_stress_mapping,4.2778343013233995,4.578626429297504,-0.06569483940629217,0.06569483940629217,0.11258957017145527,0.917037044145455,0.9667456279279111,0.99609375,false,1.1864098548889155,StressRootBisection,49,true,false,true,true,true,true,true,-0.07988056425490547,0.9249288435385832,0.3,-0.34598858768203083,5.50235856948171e-7,1.313269264391348e-6,mean-constrained Fourier nonlinear conjugate gradient,5.1520323456359085e-8,Polyorder.Successful(),9.9642890475841e-7,5.745167794466439e-7,0.1,0.09538805061036466,0.01,"Anderson(SD(0.1); m=10, warmup=100, αw=0.2)","VariableCell(BB(1.0), field_updater)",128,,,,,-1.0,-0.9828191494637541,2.072116603024837,0.029877721102087265,0.2754926968173026,0.13380112499410735,cases/f0.3_chiN35/native_profiles.csv#model=liu2019_opf,accepted,model_gates_pass,,,,
liu2019-stress-free-period-map-v2,stress_free_lamellar_observable,f0.3_chiN35,0.3,35.0,14.635,ohta_kawasaki,Ohta-Kawasaki (recomputed),liu2019_ok_asymptotic_quadratic_mapped_c3_c4,3.6967631740415117,4.578626429297504,-0.1926043255272294,0.1926043255272294,0.08636480304332057,0.9511840811264378,0.9833386535169294,0.99609375,false,1.1438451915979386,StressRootBisection,54,true,false,true,true,true,true,true,0.006359994550639014,0.8376230416523125,0.30000000000000004,-4.745458459892413,4.204908532420517e-6,8.971600317764228e-6,mean-constrained Fourier nonlinear conjugate gradient,2.784307936276899e-8,Polyorder.Successful(),9.9642890475841e-7,5.745167794466439e-7,0.1,0.09538805061036466,0.01,"Anderson(SD(0.1); m=10, warmup=100, αw=0.2)","VariableCell(BB(1.0), field_updater)",128,,,,,-29.364275993570644,-41.11961225479253,86.59809554790172,1.1904761904761905,17.006802721088437,,cases/f0.3_chiN35/native_profiles.csv#model=ohta_kawasaki,accepted,model_gates_pass,,,,
liu2019-stress-free-period-map-v2,stress_free_lamellar_observable,f0.3_chiN35,0.3,35.0,14.635,uneyama_doi,Uneyama-Doi,not_applicable,4.034361589318357,4.578626429297504,-0.11887076798765017,0.11887076798765017,0.02193740088929686,0.9968503794302533,0.9992570538588299,0.9921875,false,1.2904977142490426,BootstrapLocal,44,true,false,true,true,true,true,true,0.020689928480519575,0.9688558783685901,0.30000000000016835,-3.0291435573389958,8.595589305634664e-7,1.8006667565906298e-6,mean-constrained fused-spectral L-BFGS with profile continuation,,Polyorder.Successful(),9.9642890475841e-7,5.745167794466439e-7,0.1,0.09538805061036466,0.01,"Anderson(SD(0.1); m=10, warmup=100, αw=0.2)","VariableCell(BB(1.0), field_updater)",128,,,1,,,,,,,,cases/f0.3_chiN35/native_profiles.csv#model=uneyama_doi,accepted,model_gates_pass,,,,
liu2019-stress-free-period-map-v2,stress_free_lamellar_observable,f0.3_chiN35,0.3,35.0,14.635,burp_ti,BURP-TI,not_applicable,3.797818887481769,4.578626429297504,-0.17053313998703623,0.17053313998703623,0.0158039348617596,0.9983653741722055,0.999228169442422,0.9921875,false,1.2148332480666777,BoundedKKTNewtonGMRES+AnalyticStressRoot,1,true,false,true,true,true,true,true,1.0e-6,0.990139397676147,0.29999999999999993,-3.4438099840565224,0.0004497042320633205,0.0008457699969941501,bounded-KKT Newton-GMRES,3.625237947539866e-5,Polyorder.Successful(),9.9642890475841e-7,5.745167794466439e-7,0.1,0.09538805061036466,0.01,"Anderson(SD(0.1); m=10, warmup=100, αw=0.2)","VariableCell(BB(1.0), field_updater)",128,64,256,1,,,,,,,,cases/f0.3_chiN35/native_profiles.csv#model=burp_ti,accepted,model_gates_pass,,,,
liu2019-stress-free-period-map-v2,stress_free_lamellar_observable,f0.3_chiN35,0.3,35.0,14.635,bvk2,BVK2,frozen_c2_evaluation,4.53431859086757,4.578626429297504,-0.009677102754314992,0.009677102754314992,0.019054604242632167,0.9976236903281686,0.9988762278847418,0.9921875,false,1.4504222409524297,FilteredUDThetaAnalyticCellStressRoot,29,true,false,true,true,true,true,true,0.00023164751380226644,0.9809206550350087,0.2999999999999998,-4.042201657113189,2.5814668178073836e-11,1.0536494540335426e-10,oversampled filtered UD-theta L-BFGS with cosine-Newton polish,4.5411283622343035e-9,Polyorder.Successful(),9.9642890475841e-7,5.745167794466439e-7,0.1,0.09538805061036466,0.01,"Anderson(SD(0.1); m=10, warmup=100, αw=0.2)","VariableCell(BB(1.0), field_updater)",256,,,,0.16,,,,,,,cases/f0.3_chiN35/native_profiles.csv#model=bvk2,accepted,model_gates_pass,,2,12.0,ud-theta-spectral-adaptive-k-physical-sensor-filter-oversampled-v2
liu2019-stress-free-period-map-v2,stress_free_lamellar_observable,f0.25_chiN19,0.25,19.0,18.172,scft,SCFT,reference,3.3316669016503937,3.3316669016503937,0.0,0.0,0.0,1.0,1.0,0.0,false,,Polyorder.cell_solve!,35,true,false,true,true,true,true,true,0.08775349780779398,0.550692227198631,0.24999999999999994,2.550953540298136,,,not_applicable,1.7356514600378698e-6,Polyorder.Successful(),7.245764212946997e-7,3.7084165953280923e-7,0.1,0.09254630282362204,0.01,"Anderson(SD(0.1); m=10, warmup=100, αw=0.2)","VariableCell(BB(1.0), field_updater)",36,,,,,,,,,,,cases/f0.25_chiN19/native_profiles.csv#model=scft,accepted,reference_gates_pass,,,,
liu2019-stress-free-period-map-v2,stress_free_lamellar_observable,f0.25_chiN19,0.25,19.0,18.172,liu2019_opf,OPF (force/stress mapped),per_state_force_stress_mapping,3.058788866306167,3.3316669016503937,-0.08190435700791465,0.08190435700791465,0.05427788594309535,0.8876425735253922,0.9814557816392144,0.0,false,1.0152537345886232,StressRootBisection,72,true,false,true,true,true,true,true,0.0040073237727152045,0.5640899709655769,0.25,-0.014543649340058702,9.212553600552474e-7,1.970271349585606e-6,mean-constrained Fourier nonlinear conjugate gradient,6.108370389538093e-8,Polyorder.Successful(),7.245764212946997e-7,3.7084165953280923e-7,0.1,0.09254630282362204,0.01,"Anderson(SD(0.1); m=10, warmup=100, αw=0.2)","VariableCell(BB(1.0), field_updater)",128,,,,,-1.0,-0.6698181554057092,2.1174938949546864,0.08888015454291687,1.6812204127954231,0.06935785190796968,cases/f0.25_chiN19/native_profiles.csv#model=liu2019_opf,accepted,model_gates_pass,,,,
liu2019-stress-free-period-map-v2,stress_free_lamellar_observable,f0.25_chiN19,0.25,19.0,18.172,ohta_kawasaki,Ohta-Kawasaki (recomputed),liu2019_ok_asymptotic_quadratic_mapped_c3_c4,3.1459195392665205,3.3316669016503937,-0.05575208082532512,0.05575208082532512,0.049162511664610685,0.907822683640076,0.9631610730242459,0.0,false,1.0013772904872895,StressRootBisection,56,true,false,true,true,true,true,true,0.008188483241710676,0.5102623517821883,0.25000000000000006,-0.04162015467895641,7.080765667882057e-6,2.28721208563043e-5,mean-constrained Fourier nonlinear conjugate gradient,1.547214892288256e-8,Polyorder.Successful(),7.245764212946997e-7,3.7084165953280923e-7,0.1,0.09254630282362204,0.01,"Anderson(SD(0.1); m=10, warmup=100, αw=0.2)","VariableCell(BB(1.0), field_updater)",128,,,,,-11.494742622355536,-2.537867124744188,9.048717654665468,1.3333333333333333,21.333333333333332,,cases/f0.25_chiN19/native_profiles.csv#model=ohta_kawasaki,accepted,model_gates_pass,,,,
liu2019-stress-free-period-map-v2,stress_free_lamellar_observable,f0.25_chiN19,0.25,19.0,18.172,uneyama_doi,Uneyama-Doi,not_applicable,NaN,3.3316669016503937,NaN,NaN,NaN,NaN,NaN,NaN,false,NaN,failed,,false,false,false,false,true,false,false,NaN,NaN,NaN,NaN,NaN,NaN,mean-constrained fused-spectral L-BFGS with profile continuation,,Polyorder.Successful(),7.245764212946997e-7,3.7084165953280923e-7,0.1,0.09254630282362204,0.01,"Anderson(SD(0.1); m=10, warmup=100, αw=0.2)","VariableCell(BB(1.0), field_updater)",,,,,,,,,,,,,rejected,solver_failure,all bootstrap-local Uneyama-Doi evaluations failed,,,
liu2019-stress-free-period-map-v2,stress_free_lamellar_observable,f0.25_chiN19,0.25,19.0,18.172,burp_ti,BURP-TI,not_applicable,3.0840798202078643,3.3316669016503937,-0.07431327583195169,0.07431327583195169,0.05750783336708247,0.8738724538767391,0.9794184657657253,0.99609375,false,1.0075911763829215,BoundedKKTNewtonGMRES+AnalyticStressRoot,0,true,false,true,true,true,true,true,0.11072781399476153,0.4226375331551305,0.24999999999999994,-0.006608244819516718,0.0004955704057989389,0.0007940073773191614,bounded-KKT Newton-GMRES,6.536874242177628e-6,Polyorder.Successful(),7.245764212946997e-7,3.7084165953280923e-7,0.1,0.09254630282362204,0.01,"Anderson(SD(0.1); m=10, warmup=100, αw=0.2)","VariableCell(BB(1.0), field_updater)",128,64,256,1,,,,,,,,cases/f0.25_chiN19/native_profiles.csv#model=burp_ti,accepted,model_gates_pass,,,,
liu2019-stress-free-period-map-v2,stress_free_lamellar_observable,f0.25_chiN19,0.25,19.0,18.172,bvk2,BVK2,frozen_c2_evaluation,3.2995459160447713,3.3316669016503937,-0.009641115559815061,0.009641115559815061,0.026265643338600136,0.9736886055694165,0.9971610459077077,0.998046875,false,1.0779855077982192,FilteredUDThetaAnalyticCellStressRoot,15,true,false,true,true,true,true,true,0.09871684450363247,0.4931393409807947,0.24999999999999983,-0.012999468178141155,8.172918969713815e-12,2.421560342021399e-11,oversampled filtered UD-theta L-BFGS with cosine-Newton polish,5.21471754666436e-13,Polyorder.Successful(),7.245764212946997e-7,3.7084165953280923e-7,0.1,0.09254630282362204,0.01,"Anderson(SD(0.1); m=10, warmup=100, αw=0.2)","VariableCell(BB(1.0), field_updater)",256,,,,0.16,,,,,,,cases/f0.25_chiN19/native_profiles.csv#model=bvk2,accepted,model_gates_pass,,2,12.0,ud-theta-spectral-adaptive-k-physical-sensor-filter-oversampled-v2
liu2019-stress-free-period-map-v2,stress_free_lamellar_observable,f0.25_chiN20,0.25,20.0,18.172,scft,SCFT,reference,3.5422025110610225,3.5422025110610225,0.0,0.0,0.0,1.0,1.0,0.0,false,,Polyorder.cell_solve!,24,true,false,true,true,true,true,true,0.05669367173324013,0.6761723241303161,0.2500000000000003,2.701192321423829,,,not_applicable,2.7572876955413184e-7,Polyorder.Successful(),2.6705160829427784e-7,1.667230901019246e-7,0.1,0.09839451419613951,0.01,"Anderson(SD(0.1); m=10, warmup=100, αw=0.2)","VariableCell(BB(1.0), field_updater)",36,,,,,,,,,,,cases/f0.25_chiN20/native_profiles.csv#model=scft,accepted,reference_gates_pass,,,,
liu2019-stress-free-period-map-v2,stress_free_lamellar_observable,f0.25_chiN20,0.25,20.0,18.172,liu2019_opf,OPF (force/stress mapped),per_state_force_stress_mapping,3.1499016887596296,3.5422025110610225,-0.11075053475242558,0.11075053475242558,0.08086619673379643,0.8605791860284664,0.9695476982576974,0.0,false,1.0292867660522462,StressRootBisection,71,true,false,true,true,true,true,true,-0.05614967462898174,0.6762316597119782,0.24999999999999997,-0.04023988434269385,7.657608722275921e-7,2.6563502856652432e-6,mean-constrained Fourier nonlinear conjugate gradient,8.494107089924706e-8,Polyorder.Successful(),2.6705160829427784e-7,1.667230901019246e-7,0.1,0.09839451419613951,0.01,"Anderson(SD(0.1); m=10, warmup=100, αw=0.2)","VariableCell(BB(1.0), field_updater)",128,,,,,-1.0,-0.7059480041126237,1.8477182139213193,0.07835026775742555,1.3922509309035096,0.10438465143022209,cases/f0.25_chiN20/native_profiles.csv#model=liu2019_opf,accepted,model_gates_pass,,,,
liu2019-stress-free-period-map-v2,stress_free_lamellar_observable,f0.25_chiN20,0.25,20.0,18.172,ohta_kawasaki,Ohta-Kawasaki (recomputed),liu2019_ok_asymptotic_quadratic_mapped_c3_c4,3.1609583183960357,3.5422025110610225,-0.10762913511423988,0.10762913511423988,0.07340196614172773,0.8851293802995728,0.9479082829852112,0.0,false,1.0061642825603485,StressRootBisection,54,true,false,true,true,true,true,true,-0.04573325708499909,0.5955483238316336,0.24999999999999997,-0.15384480848298854,7.032587647648814e-6,1.903870570318933e-5,mean-constrained Fourier nonlinear conjugate gradient,2.3033798415415723e-9,Polyorder.Successful(),2.6705160829427784e-7,1.667230901019246e-7,0.1,0.09839451419613951,0.01,"Anderson(SD(0.1); m=10, warmup=100, αw=0.2)","VariableCell(BB(1.0), field_updater)",128,,,,,-12.494742622355536,-4.605335757617741,12.659323378730983,1.3333333333333333,21.333333333333332,,cases/f0.25_chiN20/native_profiles.csv#model=ohta_kawasaki,accepted,model_gates_pass,,,,
liu2019-stress-free-period-map-v2,stress_free_lamellar_observable,f0.25_chiN20,0.25,20.0,18.172,uneyama_doi,Uneyama-Doi,not_applicable,NaN,3.5422025110610225,NaN,NaN,NaN,NaN,NaN,NaN,false,NaN,failed,,false,false,false,false,true,false,false,NaN,NaN,NaN,NaN,NaN,NaN,mean-constrained fused-spectral L-BFGS with profile continuation,,Polyorder.Successful(),2.6705160829427784e-7,1.667230901019246e-7,0.1,0.09839451419613951,0.01,"Anderson(SD(0.1); m=10, warmup=100, αw=0.2)","VariableCell(BB(1.0), field_updater)",,,,,,,,,,,,,rejected,solver_failure,all bootstrap-local Uneyama-Doi evaluations failed,,,
liu2019-stress-free-period-map-v2,stress_free_lamellar_observable,f0.25_chiN20,0.25,20.0,18.172,burp_ti,BURP-TI,not_applicable,3.1224533405143213,3.5422025110610225,-0.1184994842152518,0.1184994842152518,0.07128847382519275,0.8916491775191874,0.9727565099866742,0.99609375,false,1.0201280829228212,BoundedKKTNewtonGMRES+AnalyticStressRoot,0,true,false,true,true,true,true,true,0.06564450008166513,0.509929104349375,0.2500000000000001,-0.03111543024041885,0.0004969632130273143,0.0009361833599186298,bounded-KKT Newton-GMRES,2.4544908342565533e-5,Polyorder.Successful(),2.6705160829427784e-7,1.667230901019246e-7,0.1,0.09839451419613951,0.01,"Anderson(SD(0.1); m=10, warmup=100, αw=0.2)","VariableCell(BB(1.0), field_updater)",128,64,256,1,,,,,,,,cases/f0.25_chiN20/native_profiles.csv#model=burp_ti,accepted,model_gates_pass,,,,
liu2019-stress-free-period-map-v2,stress_free_lamellar_observable,f0.25_chiN20,0.25,20.0,18.172,bvk2,BVK2,frozen_c2_evaluation,3.4253290005610664,3.5422025110610225,-0.03299458744524131,0.03299458744524131,0.03579437127320469,0.9726825968353638,0.995239680888519,0.998046875,false,1.1190797509713106,FilteredUDThetaAnalyticCellStressRoot,17,true,false,true,true,true,true,true,0.06310065937577596,0.5965244870859072,0.25000000000000006,-0.05157371945425654,9.836158861946366e-12,3.7877565383549607e-11,oversampled filtered UD-theta L-BFGS with cosine-Newton polish,5.112577028398846e-13,Polyorder.Successful(),2.6705160829427784e-7,1.667230901019246e-7,0.1,0.09839451419613951,0.01,"Anderson(SD(0.1); m=10, warmup=100, αw=0.2)","VariableCell(BB(1.0), field_updater)",256,,,,0.16,,,,,,,cases/f0.25_chiN20/native_profiles.csv#model=bvk2,accepted,model_gates_pass,,2,12.0,ud-theta-spectral-adaptive-k-physical-sensor-filter-oversampled-v2
liu2019-stress-free-period-map-v2,stress_free_lamellar_observable,f0.25_chiN21,0.25,21.0,18.172,scft,SCFT,reference,3.6888585911407965,3.6888585911407965,0.0,0.0,0.0,1.0,1.0,0.0,false,,Polyorder.cell_solve!,28,true,false,true,true,true,true,true,0.041565110414488654,0.7490205991037412,0.24999999999999975,2.833916603821806,,,not_applicable,2.6296014398370305e-7,Polyorder.Successful(),7.287070416926891e-7,4.283025819527252e-7,0.1,0.10246829419835546,0.01,"Anderson(SD(0.1); m=10, warmup=100, αw=0.2)","VariableCell(BB(1.0), field_updater)",36,,,,,,,,,,,cases/f0.25_chiN21/native_profiles.csv#model=scft,accepted,reference_gates_pass,,,,
liu2019-stress-free-period-map-v2,stress_free_lamellar_observable,f0.25_chiN21,0.25,21.0,18.172,liu2019_opf,OPF (force/stress mapped),per_state_force_stress_mapping,3.2367375320759226,3.6888585911407965,-0.12256394434600792,0.12256394434600792,0.094009217420955,0.8564154481214558,0.9639812804752185,0.0,false,1.043031406402588,StressRootBisection,72,true,false,true,true,true,true,true,-0.07815058724068707,0.7358939464009757,0.25000000000000006,-0.06604048126531047,1.1638253033673603e-6,3.6000153991744277e-6,mean-constrained Fourier nonlinear conjugate gradient,3.00512765823287e-8,Polyorder.Successful(),7.287070416926891e-7,4.283025819527252e-7,0.1,0.10246829419835546,0.01,"Anderson(SD(0.1); m=10, warmup=100, αw=0.2)","VariableCell(BB(1.0), field_updater)",128,,,,,-1.0,-0.7668191717054472,1.841956544214677,0.07071632970211675,1.1884989227969134,0.12321018370985162,cases/f0.25_chiN21/native_profiles.csv#model=liu2019_opf,accepted,model_gates_pass,,,,
liu2019-stress-free-period-map-v2,stress_free_lamellar_observable,f0.25_chiN21,0.25,21.0,18.172,ohta_kawasaki,Ohta-Kawasaki (recomputed),liu2019_ok_asymptotic_quadratic_mapped_c3_c4,3.1841480182921167,3.6888585911407965,-0.13682025493218908,0.13682025493218908,0.08523762897022794,0.881959901451937,0.944173823625744,0.0,false,1.0135457932949063,StressRootBisection,78,true,false,true,true,true,true,true,-0.06559997995619682,0.6476215124630339,0.25,-0.30404631564481877,8.64959252928587e-6,1.7957156514647465e-5,mean-constrained Fourier nonlinear conjugate gradient,9.619264517585957e-8,Polyorder.Successful(),7.287070416926891e-7,4.283025819527252e-7,0.1,0.10246829419835546,0.01,"Anderson(SD(0.1); m=10, warmup=100, αw=0.2)","VariableCell(BB(1.0), field_updater)",128,,,,,-13.494742622355535,-6.695602202991295,16.2779148840465,1.3333333333333333,21.333333333333332,,cases/f0.25_chiN21/native_profiles.csv#model=ohta_kawasaki,accepted,model_gates_pass,,,,
liu2019-stress-free-period-map-v2,stress_free_lamellar_observable,f0.25_chiN21,0.25,21.0,18.172,uneyama_doi,Uneyama-Doi,not_applicable,3.59114681304949,3.6888585911407965,-0.026488350170421837,0.026488350170421837,0.08282473186476154,0.8885482429877214,0.9998828828847108,0.99609375,false,1.1732536292398674,BootstrapLocal,32,true,false,true,true,true,true,true,0.11304167310307829,0.5869743462709931,0.2500000000008301,-0.017293226046806498,7.694241509361212e-7,1.8478717813685819e-6,mean-constrained fused-spectral L-BFGS with profile continuation,,Polyorder.Successful(),7.287070416926891e-7,4.283025819527252e-7,0.1,0.10246829419835546,0.01,"Anderson(SD(0.1); m=10, warmup=100, αw=0.2)","VariableCell(BB(1.0), field_updater)",128,,,1,,,,,,,,cases/f0.25_chiN21/native_profiles.csv#model=uneyama_doi,accepted,model_gates_pass,,,,
liu2019-stress-free-period-map-v2,stress_free_lamellar_observable,f0.25_chiN21,0.25,21.0,18.172,burp_ti,BURP-TI,not_applicable,3.1717601605890944,3.6888585911407965,-0.14017843671036112,0.14017843671036112,0.07421716359699375,0.9105097858130264,0.9736323722247522,0.99609375,false,1.036236977549126,BoundedKKTNewtonGMRES+AnalyticStressRoot,0,true,false,true,true,true,true,true,0.04299750991011833,0.5755911436898917,0.25,-0.07259587883371321,0.0004963599424133946,0.0009881204944033328,bounded-KKT Newton-GMRES,3.3039640579300785e-5,Polyorder.Successful(),7.287070416926891e-7,4.283025819527252e-7,0.1,0.10246829419835546,0.01,"Anderson(SD(0.1); m=10, warmup=100, αw=0.2)","VariableCell(BB(1.0), field_updater)",128,64,256,1,,,,,,,,cases/f0.25_chiN21/native_profiles.csv#model=burp_ti,accepted,model_gates_pass,,,,
liu2019-stress-free-period-map-v2,stress_free_lamellar_observable,f0.25_chiN21,0.25,21.0,18.172,bvk2,BVK2,frozen_c2_evaluation,3.531870207010664,3.6888585911407965,-0.04255744161816277,0.04255744161816277,0.037652896358849566,0.9769653965860313,0.994897315106477,0.998046875,false,1.1538875334535974,FilteredUDThetaAnalyticCellStressRoot,19,true,false,true,true,true,true,true,0.04368419298561116,0.6678786578074409,0.25000000000000006,-0.11306120860261398,1.0195472866710889e-11,3.2912152062085166e-11,oversampled filtered UD-theta L-BFGS with cosine-Newton polish,6.506641225811904e-9,Polyorder.Successful(),7.287070416926891e-7,4.283025819527252e-7,0.1,0.10246829419835546,0.01,"Anderson(SD(0.1); m=10, warmup=100, αw=0.2)","VariableCell(BB(1.0), field_updater)",256,,,,0.16,,,,,,,cases/f0.25_chiN21/native_profiles.csv#model=bvk2,accepted,model_gates_pass,,2,12.0,ud-theta-spectral-adaptive-k-physical-sensor-filter-oversampled-v2
liu2019-stress-free-period-map-v2,stress_free_lamellar_observable,f0.25_chiN22,0.25,22.0,18.172,scft,SCFT,reference,3.80185977831775,3.80185977831775,0.0,0.0,0.0,1.0,1.0,0.0,false,,Polyorder.cell_solve!,23,true,false,true,true,true,true,true,0.03192247281457136,0.7977650802415471,0.24999999999999942,2.953707730904969,,,not_applicable,1.3785209165739754e-6,Polyorder.Successful(),5.103697889547279e-7,3.070147423695763e-7,0.1,0.10560721606438195,0.01,"Anderson(SD(0.1); m=10, warmup=100, αw=0.2)","VariableCell(BB(1.0), field_updater)",36,,,,,,,,,,,cases/f0.25_chiN22/native_profiles.csv#model=scft,accepted,reference_gates_pass,,,,
liu2019-stress-free-period-map-v2,stress_free_lamellar_observable,f0.25_chiN22,0.25,22.0,18.172,liu2019_opf,OPF (force/stress mapped),per_state_force_stress_mapping,3.3174017327518697,3.80185977831775,-0.12742659482834573,0.12742659482834573,0.1023524591196443,0.8560161061663342,0.9609830704691975,0.0,false,1.0563875198364256,StressRootBisection,71,true,false,true,true,true,true,true,-0.08823515060809606,0.7751293944841252,0.25,-0.09076080289567116,9.316766550674665e-7,2.3104895394421288e-6,mean-constrained Fourier nonlinear conjugate gradient,2.1977137341595366e-9,Polyorder.Successful(),5.103697889547279e-7,3.070147423695763e-7,0.1,0.10560721606438195,0.01,"Anderson(SD(0.1); m=10, warmup=100, αw=0.2)","VariableCell(BB(1.0), field_updater)",128,,,,,-1.0,-0.8251033127335619,1.8685362560713874,0.06471533179005401,1.0371162382656731,0.13519081333314345,cases/f0.25_chiN22/native_profiles.csv#model=liu2019_opf,accepted,model_gates_pass,,,,
liu2019-stress-free-period-map-v2,stress_free_lamellar_observable,f0.25_chiN22,0.25,22.0,18.172,ohta_kawasaki,Ohta-Kawasaki (recomputed),liu2019_ok_asymptotic_quadratic_mapped_c3_c4,3.212264919905928,3.80185977831775,-0.15508064284072742,0.15508064284072742,0.09140855631828067,0.8851605639735721,0.9444741098282229,0.0,false,1.0224956810474395,StressRootBisection,76,true,false,true,true,true,true,true,-0.07315103567666287,0.6852360434696586,0.24999999999999994,-0.48230152795005576,7.463130823387276e-6,2.1848314369465882e-5,mean-constrained Fourier nonlinear conjugate gradient,5.529105280868236e-9,Polyorder.Successful(),5.103697889547279e-7,3.070147423695763e-7,0.1,0.10560721606438195,0.01,"Anderson(SD(0.1); m=10, warmup=100, αw=0.2)","VariableCell(BB(1.0), field_updater)",128,,,,,-14.494742622355535,-8.808666460864847,19.90449217061202,1.3333333333333333,21.333333333333332,,cases/f0.25_chiN22/native_profiles.csv#model=ohta_kawasaki,accepted,model_gates_pass,,,,
liu2019-stress-free-period-map-v2,stress_free_lamellar_observable,f0.25_chiN22,0.25,22.0,18.172,uneyama_doi,Uneyama-Doi,not_applicable,3.8449856326983,3.80185977831775,0.011343357434300705,0.011343357434300705,0.060876877544636644,0.949064322294171,0.9967819952651024,0.99609375,false,1.2561846069745353,BootstrapLocal,40,true,false,true,true,true,true,true,0.09246147326798168,0.7057705196675339,0.2500000000001864,-0.07641743084663943,9.522135155633879e-7,2.857560050806285e-6,mean-constrained fused-spectral L-BFGS with profile continuation,,Polyorder.Successful(),5.103697889547279e-7,3.070147423695763e-7,0.1,0.10560721606438195,0.01,"Anderson(SD(0.1); m=10, warmup=100, αw=0.2)","VariableCell(BB(1.0), field_updater)",128,,,1,,,,,,,,cases/f0.25_chiN22/native_profiles.csv#model=uneyama_doi,accepted,model_gates_pass,,,,
liu2019-stress-free-period-map-v2,stress_free_lamellar_observable,f0.25_chiN22,0.25,22.0,18.172,burp_ti,BURP-TI,not_applicable,3.229675472849769,3.80185977831775,-0.15050115965117516,0.15050115965117516,0.07223309504155187,0.9282883361530432,0.97705812489474,0.99609375,false,1.0551583288153796,BoundedKKTNewtonGMRES+AnalyticStressRoot,0,true,false,true,true,true,true,true,0.030468289132341456,0.630840831556726,0.24999999999999997,-0.13058845734041036,0.000489490536732834,0.000997601029924411,bounded-KKT Newton-GMRES,5.280535490482345e-5,Polyorder.Successful(),5.103697889547279e-7,3.070147423695763e-7,0.1,0.10560721606438195,0.01,"Anderson(SD(0.1); m=10, warmup=100, αw=0.2)","VariableCell(BB(1.0), field_updater)",128,64,256,1,,,,,,,,cases/f0.25_chiN22/native_profiles.csv#model=burp_ti,accepted,model_gates_pass,,,,
liu2019-stress-free-period-map-v2,stress_free_lamellar_observable,f0.25_chiN22,0.25,22.0,18.172,bvk2,BVK2,frozen_c2_evaluation,3.6258872160853777,3.80185977831775,-0.04628591597090326,0.04628591597090326,0.037386744690607786,0.9807881561278443,0.9950500610132622,0.498046875,false,1.1846035700985926,FilteredUDThetaAnalyticCellStressRoot,19,true,false,true,true,true,true,true,0.0314235712776752,0.7211822058727333,0.24999999999999997,-0.19517282843308148,1.0404503698803554e-11,2.8059065487710023e-11,oversampled filtered UD-theta L-BFGS with cosine-Newton polish,2.395861287141088e-13,Polyorder.Successful(),5.103697889547279e-7,3.070147423695763e-7,0.1,0.10560721606438195,0.01,"Anderson(SD(0.1); m=10, warmup=100, αw=0.2)","VariableCell(BB(1.0), field_updater)",256,,,,0.16,,,,,,,cases/f0.25_chiN22/native_profiles.csv#model=bvk2,accepted,model_gates_pass,,2,12.0,ud-theta-spectral-adaptive-k-physical-sensor-filter-oversampled-v2
liu2019-stress-free-period-map-v2,stress_free_lamellar_observable,f0.25_chiN23,0.25,23.0,18.172,scft,SCFT,reference,3.8947269545313095,3.8947269545313095,0.0,0.0,0.0,1.0,1.0,0.0,false,,Polyorder.cell_solve!,42,true,false,true,true,true,true,true,0.02508166048956258,0.8328919769764935,0.24999999999999986,3.0633631196622346,,,not_applicable,2.817146775669079e-7,Polyorder.Successful(),6.827146970415322e-7,5.340528029107825e-7,0.1,0.10818685984809193,0.01,"Anderson(SD(0.1); m=10, warmup=100, αw=0.2)","VariableCell(BB(1.0), field_updater)",36,,,,,,,,,,,cases/f0.25_chiN23/native_profiles.csv#model=scft,accepted,reference_gates_pass,,,,
liu2019-stress-free-period-map-v2,stress_free_lamellar_observable,f0.25_chiN23,0.25,23.0,18.172,liu2019_opf,OPF (force/stress mapped),per_state_force_stress_mapping,3.3912509327621003,3.8947269545313095,-0.12927119863523207,0.12927119863523207,0.10854288799963505,0.8558364679624184,0.958970216759213,0.0,false,1.068984603881836,StressRootBisection,70,true,false,true,true,true,true,true,-0.09363669809740616,0.8033330526205361,0.24999999999999997,-0.11403916917745055,8.325561262107912e-7,2.936500069605774e-6,mean-constrained Fourier nonlinear conjugate gradient,5.587023469012014e-8,Polyorder.Successful(),6.827146970415322e-7,5.340528029107825e-7,0.1,0.10818685984809193,0.01,"Anderson(SD(0.1); m=10, warmup=100, αw=0.2)","VariableCell(BB(1.0), field_updater)",128,,,,,-1.0,-0.8756142721314111,1.89612586778737,0.0598638588943981,0.9211498342281821,0.1434617158121375,cases/f0.25_chiN23/native_profiles.csv#model=liu2019_opf,accepted,model_gates_pass,,,,
liu2019-stress-free-period-map-v2,stress_free_lamellar_observable,f0.25_chiN23,0.25,23.0,18.172,ohta_kawasaki,Ohta-Kawasaki (recomputed),liu2019_ok_asymptotic_quadratic_mapped_c3_c4,3.242813373939658,3.8947269545313095,-0.1673836415754857,0.1673836415754857,0.09475847977264552,0.89012754260023,0.9461318809299282,0.0,false,1.0322195559740068,StressRootBisection,77,true,false,true,true,true,true,true,-0.07514708136819892,0.7141822149339845,0.24999999999999994,-0.6838919120197402,8.850824686702093e-6,2.3450657743673275e-5,mean-constrained Fourier nonlinear conjugate gradient,5.203664355406681e-8,Polyorder.Successful(),6.827146970415322e-7,5.340528029107825e-7,0.1,0.10818685984809193,0.01,"Anderson(SD(0.1); m=10, warmup=100, αw=0.2)","VariableCell(BB(1.0), field_updater)",128,,,,,-15.494742622355535,-10.9445285312384,23.539055238427533,1.3333333333333333,21.333333333333332,,cases/f0.25_chiN23/native_profiles.csv#model=ohta_kawasaki,accepted,model_gates_pass,,,,
liu2019-stress-free-period-map-v2,stress_free_lamellar_observable,f0.25_chiN23,0.25,23.0,18.172,uneyama_doi,Uneyama-Doi,not_applicable,3.9663220090464586,3.8947269545313095,0.018382560664965686,0.018382560664965686,0.05441519879322971,0.9637679331517548,0.9949607176477107,0.99609375,false,1.2958260784376319,BootstrapLocal,44,true,false,true,true,true,true,true,0.0786452183843594,0.7685778150369944,0.2500000000001628,-0.1615793962581038,9.821858194633783e-7,2.566121209301997e-6,mean-constrained fused-spectral L-BFGS with profile continuation,,Polyorder.Successful(),6.827146970415322e-7,5.340528029107825e-7,0.1,0.10818685984809193,0.01,"Anderson(SD(0.1); m=10, warmup=100, αw=0.2)","VariableCell(BB(1.0), field_updater)",128,,,1,,,,,,,,cases/f0.25_chiN23/native_profiles.csv#model=uneyama_doi,accepted,model_gates_pass,,,,
liu2019-stress-free-period-map-v2,stress_free_lamellar_observable,f0.25_chiN23,0.25,23.0,18.172,burp_ti,BURP-TI,not_applicable,3.29250728050765,3.8947269545313095,-0.1546243629025158,0.1546243629025158,0.06785102567798759,0.9436666597835721,0.9809687827336127,0.99609375,false,1.0756859346761134,BoundedKKTNewtonGMRES+AnalyticStressRoot,0,true,false,true,true,true,true,true,0.023235589047719392,0.6789555435722141,0.25000000000000006,-0.20487773178201407,0.0004820457332277433,0.000971130355614136,bounded-KKT Newton-GMRES,2.667105548947782e-5,Polyorder.Successful(),6.827146970415322e-7,5.340528029107825e-7,0.1,0.10818685984809193,0.01,"Anderson(SD(0.1); m=10, warmup=100, αw=0.2)","VariableCell(BB(1.0), field_updater)",128,64,256,1,,,,,,,,cases/f0.25_chiN23/native_profiles.csv#model=burp_ti,accepted,model_gates_pass,,,,
liu2019-stress-free-period-map-v2,stress_free_lamellar_observable,f0.25_chiN23,0.25,23.0,18.172,bvk2,BVK2,frozen_c2_evaluation,3.710927048622223,3.8947269545313095,-0.047191987539779934,0.047191987539779934,0.036417200656898366,0.9837714099202972,0.9953460998567488,0.498046875,false,1.212386698260117,FilteredUDThetaAnalyticCellStressRoot,20,true,false,true,true,true,true,true,0.02311095254298191,0.7626711164698596,0.24999999999999994,-0.2959229070209751,1.2260542854790515e-11,5.4629276997044916e-11,oversampled filtered UD-theta L-BFGS with cosine-Newton polish,3.7925040885511407e-10,Polyorder.Successful(),6.827146970415322e-7,5.340528029107825e-7,0.1,0.10818685984809193,0.01,"Anderson(SD(0.1); m=10, warmup=100, αw=0.2)","VariableCell(BB(1.0), field_updater)",256,,,,0.16,,,,,,,cases/f0.25_chiN23/native_profiles.csv#model=bvk2,accepted,model_gates_pass,,2,12.0,ud-theta-spectral-adaptive-k-physical-sensor-filter-oversampled-v2
liu2019-stress-free-period-map-v2,stress_free_lamellar_observable,f0.25_chiN24,0.25,24.0,18.172,scft,SCFT,reference,3.974266521982424,3.974266521982424,0.0,0.0,0.0,1.0,1.0,0.0,false,,Polyorder.cell_solve!,21,true,false,true,true,true,true,true,0.01996604922987561,0.8594047836395869,0.25000000000000067,3.164788650892711,,,not_applicable,6.551732037405941e-6,Polyorder.Successful(),1.562921258198433e-7,1.1117597563006909e-7,0.1,0.11039629227728956,0.01,"Anderson(SD(0.1); m=10, warmup=100, αw=0.2)","VariableCell(BB(1.0), field_updater)",36,,,,,,,,,,,cases/f0.25_chiN24/native_profiles.csv#model=scft,accepted,reference_gates_pass,,,,
liu2019-stress-free-period-map-v2,stress_free_lamellar_observable,f0.25_chiN24,0.25,24.0,18.172,liu2019_opf,OPF (force/stress mapped),per_state_force_stress_mapping,3.458681911646688,3.974266521982424,-0.12973075848938154,0.12973075848938154,0.11357026197892181,0.8552424809341103,0.9573517458821285,0.0,false,1.0807645797729493,StressRootBisection,71,true,false,true,true,true,true,true,-0.09691154792522305,0.8245463734531722,0.25000000000000006,-0.13579845829800377,6.450338811767195e-7,1.6433349419031629e-6,mean-constrained Fourier nonlinear conjugate gradient,2.6192543006718805e-9,Polyorder.Successful(),1.562921258198433e-7,1.1117597563006909e-7,0.1,0.11039629227728956,0.01,"Anderson(SD(0.1); m=10, warmup=100, αw=0.2)","VariableCell(BB(1.0), field_updater)",128,,,,,-1.0,-0.9189007413046061,1.9207990471494047,0.055834540244896265,0.8296679989614223,0.14944078127262486,cases/f0.25_chiN24/native_profiles.csv#model=liu2019_opf,accepted,model_gates_pass,,,,
liu2019-stress-free-period-map-v2,stress_free_lamellar_observable,f0.25_chiN24,0.25,24.0,18.172,ohta_kawasaki,Ohta-Kawasaki (recomputed),liu2019_ok_asymptotic_quadratic_mapped_c3_c4,3.2741309905080938,3.974266521982424,-0.17616723176509363,0.17616723176509363,0.09664659869846018,0.8951701353688907,0.9481125158273866,0.0,false,1.0421882629394532,StressRootBisection,69,true,false,true,true,true,true,true,-0.07445927675828323,0.7371667949854345,0.24999999999999994,-0.9057129390128642,9.388090689845698e-6,2.4263061185969548e-5,mean-constrained Fourier nonlinear conjugate gradient,3.56928973400878e-8,Polyorder.Successful(),1.562921258198433e-7,1.1117597563006909e-7,0.1,0.11039629227728956,0.01,"Anderson(SD(0.1); m=10, warmup=100, αw=0.2)","VariableCell(BB(1.0), field_updater)",128,,,,,-16.494742622355535,-13.103188414111953,27.18160408749305,1.3333333333333333,21.333333333333332,,cases/f0.25_chiN24/native_profiles.csv#model=ohta_kawasaki,accepted,model_gates_pass,,,,
liu2019-stress-free-period-map-v2,stress_free_lamellar_observable,f0.25_chiN24,0.25,24.0,18.172,uneyama_doi,Uneyama-Doi,not_applicable,4.040854901329092,3.974266521982424,0.016754885204189218,0.016754885204189218,0.050944406634953,0.9708723872113327,0.9943382270806141,0.99609375,false,1.3201765132487575,BootstrapLocal,44,true,false,true,true,true,true,true,0.06829994997978757,0.8103060598050355,0.25000000000088013,-0.26614014311484535,7.265145765486673e-7,1.796233338513531e-6,mean-constrained fused-spectral L-BFGS with profile continuation,,Polyorder.Successful(),1.562921258198433e-7,1.1117597563006909e-7,0.1,0.11039629227728956,0.01,"Anderson(SD(0.1); m=10, warmup=100, αw=0.2)","VariableCell(BB(1.0), field_updater)",128,,,1,,,,,,,,cases/f0.25_chiN24/native_profiles.csv#model=uneyama_doi,accepted,model_gates_pass,,,,
liu2019-stress-free-period-map-v2,stress_free_lamellar_observable,f0.25_chiN24,0.25,24.0,18.172,burp_ti,BURP-TI,not_applicable,3.35634144248821,3.974266521982424,-0.1554815400719486,0.1554815400719486,0.06259419156613132,0.9560276227236801,0.9844939914612901,0.99609375,false,1.096541016941486,BoundedKKTNewtonGMRES+AnalyticStressRoot,0,true,false,true,true,true,true,true,0.01863600669302074,0.7208484354956103,0.25000000000000006,-0.2950713586168914,0.0004906671894806681,0.000958030767362672,bounded-KKT Newton-GMRES,6.648042285617377e-5,Polyorder.Successful(),1.562921258198433e-7,1.1117597563006909e-7,0.1,0.11039629227728956,0.01,"Anderson(SD(0.1); m=10, warmup=100, αw=0.2)","VariableCell(BB(1.0), field_updater)",128,64,256,1,,,,,,,,cases/f0.25_chiN24/native_profiles.csv#model=burp_ti,accepted,model_gates_pass,,,,
liu2019-stress-free-period-map-v2,stress_free_lamellar_observable,f0.25_chiN24,0.25,24.0,18.172,bvk2,BVK2,frozen_c2_evaluation,3.7891193848601072,3.974266521982424,-0.04658649240010271,0.04658649240010271,0.035221202090555584,0.9860769774197066,0.9956698581347783,0.498046875,false,1.2379326998706555,FilteredUDThetaAnalyticCellStressRoot,22,true,false,true,true,true,true,true,0.01723577645166237,0.7958616027201822,0.24999999999999994,-0.4136105343876162,8.396861137723864e-8,2.8492714394398006e-7,oversampled filtered UD-theta L-BFGS with cosine-Newton polish,6.8041510203897815e-9,Polyorder.Successful(),1.562921258198433e-7,1.1117597563006909e-7,0.1,0.11039629227728956,0.01,"Anderson(SD(0.1); m=10, warmup=100, αw=0.2)","VariableCell(BB(1.0), field_updater)",256,,,,0.16,,,,,,,cases/f0.25_chiN24/native_profiles.csv#model=bvk2,accepted,model_gates_pass,,2,12.0,ud-theta-spectral-adaptive-k-physical-sensor-filter-oversampled-v2
liu2019-stress-free-period-map-v2,stress_free_lamellar_observable,f0.25_chiN25,0.25,25.0,18.172,scft,SCFT,reference,4.044493556373904,4.044493556373904,0.0,0.0,0.0,1.0,1.0,0.0,false,,Polyorder.cell_solve!,26,true,false,true,true,true,true,true,0.016027409310548937,0.8800810875683746,0.2499999999999998,3.2593635741219433,,,not_applicable,3.248503952820223e-6,Polyorder.Successful(),6.074784842935004e-7,4.802794009647658e-7,0.1,0.11234704323260845,0.01,"Anderson(SD(0.1); m=10, warmup=100, αw=0.2)","VariableCell(BB(1.0), field_updater)",36,,,,,,,,,,,cases/f0.25_chiN25/native_profiles.csv#model=scft,accepted,reference_gates_pass,,,,
liu2019-stress-free-period-map-v2,stress_free_lamellar_observable,f0.25_chiN25,0.25,25.0,18.172,liu2019_opf,OPF (force/stress mapped),per_state_force_stress_mapping,3.520574844642931,4.044493556373904,-0.12953876781564055,0.12953876781564055,0.11788789380374654,0.8541717748030357,0.9558952623408992,0.0,false,1.091809558868408,StressRootBisection,72,true,false,true,true,true,true,true,-0.09958695128067557,0.8409764530870031,0.25000000000000006,-0.15610725088338392,9.81919599941535e-7,2.605517613329944e-6,mean-constrained Fourier nonlinear conjugate gradient,5.761879642407515e-8,Polyorder.Successful(),6.074784842935004e-7,4.802794009647658e-7,0.1,0.11234704323260845,0.01,"Anderson(SD(0.1); m=10, warmup=100, αw=0.2)","VariableCell(BB(1.0), field_updater)",128,,,,,-1.0,-0.956399440608048,1.9427813586113671,0.052409748953821444,0.7555527591028955,0.1538942565976182,cases/f0.25_chiN25/native_profiles.csv#model=liu2019_opf,accepted,model_gates_pass,,,,
liu2019-stress-free-period-map-v2,stress_free_lamellar_observable,f0.25_chiN25,0.25,25.0,18.172,ohta_kawasaki,Ohta-Kawasaki (recomputed),liu2019_ok_asymptotic_quadratic_mapped_c3_c4,3.3052153956983394,4.044493556373904,-0.18278633662563326,0.18278633662563326,0.09777595857279735,0.8996846627063141,0.9500078956866503,0.0,false,1.0520827364176513,StressRootBisection,80,true,false,true,true,true,true,true,-0.07248622612022915,0.7557755089511505,0.25000000000000006,-1.145398750843413,8.642289078844302e-6,2.0320985417487947e-5,mean-constrained Fourier nonlinear conjugate gradient,6.96611561024512e-8,Polyorder.Successful(),6.074784842935004e-7,4.802794009647658e-7,0.1,0.11234704323260845,0.01,"Anderson(SD(0.1); m=10, warmup=100, αw=0.2)","VariableCell(BB(1.0), field_updater)",128,,,,,-17.494742622355535,-15.284646109485509,30.83213871780856,1.3333333333333333,21.333333333333332,,cases/f0.25_chiN25/native_profiles.csv#model=ohta_kawasaki,accepted,model_gates_pass,,,,
liu2019-stress-free-period-map-v2,stress_free_lamellar_observable,f0.25_chiN25,0.25,25.0,18.172,uneyama_doi,Uneyama-Doi,not_applicable,4.086660032737717,4.044493556373904,0.010425650523626206,0.010425650523626206,0.04816591972149579,0.9756565073610105,0.9943885729704711,0.99609375,false,1.3351413808692332,BootstrapLocal,44,true,false,true,true,true,true,true,0.060068620227261,0.840332626795348,0.250000000000164,-0.3859701283779169,8.735320645038614e-7,2.3347696247455474e-6,mean-constrained fused-spectral L-BFGS with profile continuation,,Polyorder.Successful(),6.074784842935004e-7,4.802794009647658e-7,0.1,0.11234704323260845,0.01,"Anderson(SD(0.1); m=10, warmup=100, αw=0.2)","VariableCell(BB(1.0), field_updater)",128,,,1,,,,,,,,cases/f0.25_chiN25/native_profiles.csv#model=uneyama_doi,accepted,model_gates_pass,,,,
liu2019-stress-free-period-map-v2,stress_free_lamellar_observable,f0.25_chiN25,0.25,25.0,18.172,burp_ti,BURP-TI,not_applicable,3.418230379657379,4.044493556373904,-0.15484341067364737,0.15484341067364737,0.05717302293439379,0.9657006820620105,0.9874359988491168,0.99609375,false,1.11676058019623,BoundedKKTNewtonGMRES+AnalyticStressRoot,0,true,false,true,true,true,true,true,0.014606163288351655,0.7573804018602783,0.25000000000000017,-0.4004482979857147,0.0004982116097891611,0.0009820113886949144,bounded-KKT Newton-GMRES,7.202873571248081e-5,Polyorder.Successful(),6.074784842935004e-7,4.802794009647658e-7,0.1,0.11234704323260845,0.01,"Anderson(SD(0.1); m=10, warmup=100, αw=0.2)","VariableCell(BB(1.0), field_updater)",128,64,256,1,,,,,,,,cases/f0.25_chiN25/native_profiles.csv#model=burp_ti,accepted,model_gates_pass,,,,
liu2019-stress-free-period-map-v2,stress_free_lamellar_observable,f0.25_chiN25,0.25,25.0,18.172,bvk2,BVK2,frozen_c2_evaluation,3.8618310224118617,4.044493556373904,-0.045163264922050916,0.045163264922050916,0.033988066950839065,0.9878781875407788,0.9959806969951368,0.498046875,false,1.2616881175928085,FilteredUDThetaAnalyticCellStressRoot,23,true,false,true,true,true,true,true,0.012972117367803905,0.8229554425477753,0.25000000000000006,-0.5467757503518095,1.556556326909205e-11,6.20017848135113e-11,oversampled filtered UD-theta L-BFGS with cosine-Newton polish,6.723414047726806e-9,Polyorder.Successful(),6.074784842935004e-7,4.802794009647658e-7,0.1,0.11234704323260845,0.01,"Anderson(SD(0.1); m=10, warmup=100, αw=0.2)","VariableCell(BB(1.0), field_updater)",256,,,,0.16,,,,,,,cases/f0.25_chiN25/native_profiles.csv#model=bvk2,accepted,model_gates_pass,,2,12.0,ud-theta-spectral-adaptive-k-physical-sensor-filter-oversampled-v2
liu2019-stress-free-period-map-v2,stress_free_lamellar_observable,f0.25_chiN26,0.25,26.0,18.172,scft,SCFT,reference,4.107639167200652,4.107639167200652,0.0,0.0,0.0,1.0,1.0,0.0,false,,Polyorder.cell_solve!,43,true,false,true,true,true,true,true,0.01293752118265996,0.8965888675479822,0.2499999999999997,3.3481383585799662,,,not_applicable,1.0642128488262075e-6,Polyorder.Successful(),4.653997322534762e-7,3.9603319784754883e-7,0.1,0.11410108797779589,0.01,"Anderson(SD(0.1); m=10, warmup=100, αw=0.2)","VariableCell(BB(1.0), field_updater)",36,,,,,,,,,,,cases/f0.25_chiN26/native_profiles.csv#model=scft,accepted,reference_gates_pass,,,,
liu2019-stress-free-period-map-v2,stress_free_lamellar_observable,f0.25_chiN26,0.25,26.0,18.172,liu2019_opf,OPF (force/stress mapped),per_state_force_stress_mapping,3.5776019828505503,4.107639167200652,-0.1290369389264835,0.1290369389264835,0.1217249436431755,0.8526966055686607,0.9545084544198543,0.0,false,1.1022196769714352,StressRootBisection,72,true,false,true,true,true,true,true,-0.10191463292968161,0.8539642561525262,0.25,-0.17506189707615943,1.0412587313043025e-6,2.8049983751277097e-6,mean-constrained Fourier nonlinear conjugate gradient,5.9151730323803006e-8,Polyorder.Successful(),4.653997322534762e-7,3.9603319784754883e-7,0.1,0.11410108797779589,0.01,"Anderson(SD(0.1); m=10, warmup=100, αw=0.2)","VariableCell(BB(1.0), field_updater)",128,,,,,-1.0,-0.9893420396991308,1.9627260518441958,0.04944118384576648,0.6942451967317809,0.15727545417781016,cases/f0.25_chiN26/native_profiles.csv#model=liu2019_opf,accepted,model_gates_pass,,,,
liu2019-stress-free-period-map-v2,stress_free_lamellar_observable,f0.25_chiN26,0.25,26.0,18.172,ohta_kawasaki,Ohta-Kawasaki (recomputed),liu2019_ok_asymptotic_quadratic_mapped_c3_c4,3.3355195786932006,4.107639167200652,-0.18797161996915357,0.18797161996915357,0.09851382682625033,0.9035176284161278,0.9516792012112938,0.0,false,1.0617288574576382,StressRootBisection,78,true,false,true,true,true,true,true,-0.06995465222393771,0.771061869467029,0.25,-1.4010580376538102,9.120762854043565e-6,2.2381752775135766e-5,mean-constrained Fourier nonlinear conjugate gradient,9.985159404794897e-8,Polyorder.Successful(),4.653997322534762e-7,3.9603319784754883e-7,0.1,0.11410108797779589,0.01,"Anderson(SD(0.1); m=10, warmup=100, αw=0.2)","VariableCell(BB(1.0), field_updater)",128,,,,,-18.494742622355535,-17.488901617359062,34.49065912937408,1.3333333333333333,21.333333333333332,,cases/f0.25_chiN26/native_profiles.csv#model=ohta_kawasaki,accepted,model_gates_pass,,,,
liu2019-stress-free-period-map-v2,stress_free_lamellar_observable,f0.25_chiN26,0.25,26.0,18.172,uneyama_doi,Uneyama-Doi,not_applicable,4.119582829110916,4.107639167200652,0.002907670665338369,0.002907670665338369,0.04568038652919495,0.9792550147380807,0.9946785430855735,0.99609375,false,1.3458974964892405,BootstrapLocal,48,true,false,true,true,true,true,true,0.053354162124038554,0.8633186837973768,0.25000000000000266,-0.5189088853179027,9.92445655137823e-7,2.605293154989141e-6,mean-constrained fused-spectral L-BFGS with profile continuation,,Polyorder.Successful(),4.653997322534762e-7,3.9603319784754883e-7,0.1,0.11410108797779589,0.01,"Anderson(SD(0.1); m=10, warmup=100, αw=0.2)","VariableCell(BB(1.0), field_updater)",128,,,1,,,,,,,,cases/f0.25_chiN26/native_profiles.csv#model=uneyama_doi,accepted,model_gates_pass,,,,
liu2019-stress-free-period-map-v2,stress_free_lamellar_observable,f0.25_chiN26,0.25,26.0,18.172,burp_ti,BURP-TI,not_applicable,3.4765677593863393,4.107639167200652,-0.15363360366543266,0.15363360366543266,0.05202420450694017,0.9730930490591405,0.9897909313699452,0.99609375,false,1.1358198239560877,BoundedKKTNewtonGMRES+AnalyticStressRoot,0,true,false,true,true,true,true,true,0.011125281120149603,0.7890488158510884,0.2500000000000001,-0.5200390193747619,0.0004944266116027488,0.0009260512470223858,bounded-KKT Newton-GMRES,6.765758320171295e-5,Polyorder.Successful(),4.653997322534762e-7,3.9603319784754883e-7,0.1,0.11410108797779589,0.01,"Anderson(SD(0.1); m=10, warmup=100, αw=0.2)","VariableCell(BB(1.0), field_updater)",128,64,256,1,,,,,,,,cases/f0.25_chiN26/native_profiles.csv#model=burp_ti,accepted,model_gates_pass,,,,
liu2019-stress-free-period-map-v2,stress_free_lamellar_observable,f0.25_chiN26,0.25,26.0,18.172,bvk2,BVK2,frozen_c2_evaluation,3.9299861414924013,4.107639167200652,-0.043249423446636626,0.043249423446636626,0.032789634836097994,0.9893110190440059,0.9962665918745574,0.498046875,false,1.2839548877849791,FilteredUDThetaAnalyticCellStressRoot,23,true,false,true,true,true,true,true,0.00982298506549523,0.8454223467793369,0.25,-0.6941554841427447,1.4724056926301572e-11,5.787516526348646e-11,oversampled filtered UD-theta L-BFGS with cosine-Newton polish,8.673151086213693e-11,Polyorder.Successful(),4.653997322534762e-7,3.9603319784754883e-7,0.1,0.11410108797779589,0.01,"Anderson(SD(0.1); m=10, warmup=100, αw=0.2)","VariableCell(BB(1.0), field_updater)",256,,,,0.16,,,,,,,cases/f0.25_chiN26/native_profiles.csv#model=bvk2,accepted,model_gates_pass,,2,12.0,ud-theta-spectral-adaptive-k-physical-sensor-filter-oversampled-v2
liu2019-stress-free-period-map-v2,stress_free_lamellar_observable,f0.25_chiN27,0.25,27.0,18.172,scft,SCFT,reference,4.165388559581025,4.165388559581025,0.0,0.0,0.0,1.0,1.0,0.0,false,,Polyorder.cell_solve!,47,true,false,true,true,true,true,true,0.01048461104930594,0.9099228388572451,0.25000000000000017,3.4319314974023403,,,not_applicable,4.457680997314086e-6,Polyorder.Successful(),5.897338473354284e-7,3.6723325880459194e-7,0.1,0.11570523776613958,0.01,"Anderson(SD(0.1); m=10, warmup=100, αw=0.2)","VariableCell(BB(1.0), field_updater)",36,,,,,,,,,,,cases/f0.25_chiN27/native_profiles.csv#model=scft,accepted,reference_gates_pass,,,,
liu2019-stress-free-period-map-v2,stress_free_lamellar_observable,f0.25_chiN27,0.25,27.0,18.172,liu2019_opf,OPF (force/stress mapped),per_state_force_stress_mapping,3.6305551795300275,4.165388559581025,-0.1283993971752767,0.1283993971752767,0.12527894379844817,0.8507469823541396,0.9530882467830027,0.00390625,false,1.1120980739593505,StressRootBisection,73,true,false,true,true,true,true,true,-0.10393353576582787,0.8644028072013853,0.25,-0.1927969235405348,7.446359028434139e-7,2.0358651974250463e-6,mean-constrained Fourier nonlinear conjugate gradient,2.891459935850175e-8,Polyorder.Successful(),5.897338473354284e-7,3.6723325880459194e-7,0.1,0.11570523776613958,0.01,"Anderson(SD(0.1); m=10, warmup=100, αw=0.2)","VariableCell(BB(1.0), field_updater)",128,,,,,-1.0,-1.0187120869751412,1.9811747934006523,0.04682870561897216,0.6425572294213282,0.15987749206162832,cases/f0.25_chiN27/native_profiles.csv#model=liu2019_opf,accepted,model_gates_pass,,,,
liu2019-stress-free-period-map-v2,stress_free_lamellar_observable,f0.25_chiN27,0.25,27.0,18.172,ohta_kawasaki,Ohta-Kawasaki (recomputed),liu2019_ok_asymptotic_quadratic_mapped_c3_c4,3.3647871274040813,4.165388559581025,-0.19220330125875995,0.19220330125875995,0.09912671161755135,0.9065566601235107,0.953030228495101,0.00390625,false,1.071045007556677,StressRootBisection,79,true,false,true,true,true,true,true,-0.06724926909431461,0.7837716305374369,0.25000000000000006,-1.6711644768396785,8.508950839277648e-6,2.2514804684625744e-5,mean-constrained Fourier nonlinear conjugate gradient,2.2585370023586753e-8,Polyorder.Successful(),5.897338473354284e-7,3.6723325880459194e-7,0.1,0.11570523776613958,0.01,"Anderson(SD(0.1); m=10, warmup=100, αw=0.2)","VariableCell(BB(1.0), field_updater)",128,,,,,-19.494742622355535,-19.71595493773261,38.15716532218959,1.3333333333333333,21.333333333333332,,cases/f0.25_chiN27/native_profiles.csv#model=ohta_kawasaki,accepted,model_gates_pass,,,,
liu2019-stress-free-period-map-v2,stress_free_lamellar_observable,f0.25_chiN27,0.25,27.0,18.172,uneyama_doi,Uneyama-Doi,not_applicable,4.14983288704443,4.165388559581025,-0.003734506952734362,0.003734506952734362,0.04371594950891886,0.9818261564367969,0.994889716797229,0.0,false,1.3557804091360428,BootstrapLocal,48,true,false,true,true,true,true,true,0.047714789396961936,0.8817463025070641,0.25000000000005745,-0.664054518369996,9.339479618205465e-7,2.3058411358078956e-6,mean-constrained fused-spectral L-BFGS with profile continuation,,Polyorder.Successful(),5.897338473354284e-7,3.6723325880459194e-7,0.1,0.11570523776613958,0.01,"Anderson(SD(0.1); m=10, warmup=100, αw=0.2)","VariableCell(BB(1.0), field_updater)",128,,,1,,,,,,,,cases/f0.25_chiN27/native_profiles.csv#model=uneyama_doi,accepted,model_gates_pass,,,,
liu2019-stress-free-period-map-v2,stress_free_lamellar_observable,f0.25_chiN27,0.25,27.0,18.172,burp_ti,BURP-TI,not_applicable,3.5307650516676667,4.165388559581025,-0.15235637656266865,0.15235637656266865,0.047482358809503813,0.9785596670602569,0.9915701441848127,0.0,false,1.1535264712123285,BoundedKKTNewtonGMRES+AnalyticStressRoot,0,true,false,true,true,true,true,true,0.008265571502681722,0.8164579233641982,0.25,-0.6527664286151347,0.0004906062287845165,0.0008548421939256201,bounded-KKT Newton-GMRES,5.5188998843376364e-5,Polyorder.Successful(),5.897338473354284e-7,3.6723325880459194e-7,0.1,0.11570523776613958,0.01,"Anderson(SD(0.1); m=10, warmup=100, αw=0.2)","VariableCell(BB(1.0), field_updater)",128,64,256,1,,,,,,,,cases/f0.25_chiN27/native_profiles.csv#model=burp_ti,accepted,model_gates_pass,,,,
liu2019-stress-free-period-map-v2,stress_free_lamellar_observable,f0.25_chiN27,0.25,27.0,18.172,bvk2,BVK2,frozen_c2_evaluation,3.994239212117876,4.165388559581025,-0.04108844709564485,0.04108844709564485,0.03166746939465113,0.9904632300321488,0.996521716575828,0.5,false,1.304946830533521,FilteredUDThetaAnalyticCellStressRoot,26,true,false,true,true,true,true,true,0.007468845420427001,0.8642889039722544,0.25,-0.8546471842008512,1.7176171557620105e-11,6.036911070196773e-11,oversampled filtered UD-theta L-BFGS with cosine-Newton polish,5.955015147662834e-9,Polyorder.Successful(),5.897338473354284e-7,3.6723325880459194e-7,0.1,0.11570523776613958,0.01,"Anderson(SD(0.1); m=10, warmup=100, αw=0.2)","VariableCell(BB(1.0), field_updater)",256,,,,0.16,,,,,,,cases/f0.25_chiN27/native_profiles.csv#model=bvk2,accepted,model_gates_pass,,2,12.0,ud-theta-spectral-adaptive-k-physical-sensor-filter-oversampled-v2
liu2019-stress-free-period-map-v2,stress_free_lamellar_observable,f0.25_chiN28,0.25,28.0,18.172,scft,SCFT,reference,4.218713162837297,4.218713162837297,0.0,0.0,0.0,1.0,1.0,0.0,false,,Polyorder.cell_solve!,2,true,false,true,true,true,true,true,0.008517861054348362,0.9211218529888137,0.25000000000000006,3.5113932587098526,,,not_applicable,5.398206758457854e-7,Polyorder.Successful(),1.9579604208302915e-8,1.6913450082503095e-8,0.1,0.1004455514961261,0.01,"Anderson(SD(0.1); m=10, warmup=100, αw=0.2)","VariableCell(BB(1.0), field_updater)",42,,,,,,,,,,,cases/f0.25_chiN28/native_profiles.csv#model=scft,accepted,reference_gates_pass,,,,
liu2019-stress-free-period-map-v2,stress_free_lamellar_observable,f0.25_chiN28,0.25,28.0,18.172,liu2019_opf,OPF (force/stress mapped),per_state_force_stress_mapping,3.6798918202761017,4.218713162837297,-0.12772172977003504,0.12772172977003504,0.12870007664365316,0.8486539674093625,0.9513989853872988,0.0,false,1.1215078353881835,StressRootBisection,48,true,false,true,true,true,true,true,-0.10564659539368176,0.8729071916994625,0.25,-0.2094098485275862,4.494270975547447e-7,9.515420773820171e-7,mean-constrained Fourier nonlinear conjugate gradient,1.3362084686492554e-8,Polyorder.Successful(),1.9579604208302915e-8,1.6913450082503095e-8,0.1,0.1004455514961261,0.01,"Anderson(SD(0.1); m=10, warmup=100, αw=0.2)","VariableCell(BB(1.0), field_updater)",128,,,,,-1.0,-1.045149606517676,1.9983340107512768,0.04450522276157155,0.5984108983208961,0.16189044100480907,cases/f0.25_chiN28/native_profiles.csv#model=liu2019_opf,accepted,model_gates_pass,,,,
liu2019-stress-free-period-map-v2,stress_free_lamellar_observable,f0.25_chiN28,0.25,28.0,18.172,ohta_kawasaki,Ohta-Kawasaki (recomputed),liu2019_ok_asymptotic_quadratic_mapped_c3_c4,3.3929318993628015,4.218713162837297,-0.19574245311314686,0.19574245311314686,0.10004547133664682,0.9085448220849214,0.953855111892098,0.0,false,1.0800037667155262,StressRootBisection,78,true,false,true,true,true,true,true,-0.06457304081644227,0.7944525713783526,0.25,-1.9544864086016958,9.510308483162235e-6,3.359044736406247e-5,mean-constrained Fourier nonlinear conjugate gradient,7.961093712515238e-8,Polyorder.Successful(),1.9579604208302915e-8,1.6913450082503095e-8,0.1,0.1004455514961261,0.01,"Anderson(SD(0.1); m=10, warmup=100, αw=0.2)","VariableCell(BB(1.0), field_updater)",128,,,,,-20.494742622355535,-21.96580607060617,41.83165729625512,1.3333333333333333,21.333333333333332,,cases/f0.25_chiN28/native_profiles.csv#model=ohta_kawasaki,accepted,model_gates_pass,,,,
liu2019-stress-free-period-map-v2,stress_free_lamellar_observable,f0.25_chiN28,0.25,28.0,18.172,uneyama_doi,Uneyama-Doi,not_applicable,4.174077789572272,4.218713162837297,-0.010580329010803191,0.010580329010803191,0.04144886254496885,0.9843022046240913,0.9954720467347865,0.99609375,false,1.3637013940921558,BootstrapLocal,48,true,false,true,true,true,true,true,0.04295223259261281,0.8966332053313368,0.25000000000030026,-0.8194479637286145,7.951080171043841e-7,1.8881908210310883e-6,mean-constrained fused-spectral L-BFGS with profile continuation,,Polyorder.Successful(),1.9579604208302915e-8,1.6913450082503095e-8,0.1,0.1004455514961261,0.01,"Anderson(SD(0.1); m=10, warmup=100, αw=0.2)","VariableCell(BB(1.0), field_updater)",128,,,1,,,,,,,,cases/f0.25_chiN28/native_profiles.csv#model=uneyama_doi,accepted,model_gates_pass,,,,
liu2019-stress-free-period-map-v2,stress_free_lamellar_observable,f0.25_chiN28,0.25,28.0,18.172,burp_ti,BURP-TI,not_applicable,3.580799868683507,4.218713162837297,-0.1512103974674497,0.1512103974674497,0.04371626486319891,0.9825377771301154,0.9929581522114217,0.99609375,false,1.169873207702987,BoundedKKTNewtonGMRES+AnalyticStressRoot,0,true,false,true,true,true,true,true,0.005975837342299072,0.8401943120231875,0.24999999999999997,-0.7975491979157723,0.00048541927831187643,0.0008673612032730205,bounded-KKT Newton-GMRES,3.312399227395822e-5,Polyorder.Successful(),1.9579604208302915e-8,1.6913450082503095e-8,0.1,0.1004455514961261,0.01,"Anderson(SD(0.1); m=10, warmup=100, αw=0.2)","VariableCell(BB(1.0), field_updater)",128,64,256,1,,,,,,,,cases/f0.25_chiN28/native_profiles.csv#model=burp_ti,accepted,model_gates_pass,,,,
liu2019-stress-free-period-map-v2,stress_free_lamellar_observable,f0.25_chiN28,0.25,28.0,18.172,bvk2,BVK2,frozen_c2_evaluation,4.055073732707789,4.218713162837297,-0.03878894435654212,0.03878894435654212,0.031262136655801985,0.9910699117482682,0.9966361049549941,0.498046875,false,1.3248219082679715,FilteredUDThetaAnalyticCellStressRoot,25,true,false,true,true,true,true,true,0.005694258155231736,0.8802975340960595,0.24999999999999992,-1.0272804518582956,1.6584084743616796e-11,7.221412386580812e-11,oversampled filtered UD-theta L-BFGS with cosine-Newton polish,2.4263924203182796e-11,Polyorder.Successful(),1.9579604208302915e-8,1.6913450082503095e-8,0.1,0.1004455514961261,0.01,"Anderson(SD(0.1); m=10, warmup=100, αw=0.2)","VariableCell(BB(1.0), field_updater)",256,,,,0.16,,,,,,,cases/f0.25_chiN28/native_profiles.csv#model=bvk2,accepted,model_gates_pass,,2,12.0,ud-theta-spectral-adaptive-k-physical-sensor-filter-oversampled-v2
liu2019-stress-free-period-map-v2,stress_free_lamellar_observable,f0.25_chiN29,0.25,29.0,18.172,scft,SCFT,reference,4.268444376475314,4.268444376475314,0.0,0.0,0.0,1.0,1.0,0.0,false,,Polyorder.cell_solve!,46,true,false,true,true,true,true,true,0.006935521575719376,0.9304046750477368,0.25,3.5870569089068445,,,not_applicable,3.956202329774941e-6,Polyorder.Successful(),3.177097489674777e-7,2.198206717273486e-7,0.1,0.08892592450990237,0.01,"Anderson(SD(0.1); m=10, warmup=100, αw=0.2)","VariableCell(BB(1.0), field_updater)",48,,,,,,,,,,,cases/f0.25_chiN29/native_profiles.csv#model=scft,accepted,reference_gates_pass,,,,
liu2019-stress-free-period-map-v2,stress_free_lamellar_observable,f0.25_chiN29,0.25,29.0,18.172,liu2019_opf,OPF (force/stress mapped),per_state_force_stress_mapping,3.7262240318964963,4.268444376475314,-0.12702996613172646,0.12702996613172646,0.13192604075001585,0.8462211249066924,0.9497575921185929,0.0,false,1.1305470943450928,StressRootBisection,50,true,false,true,true,true,true,true,-0.10711707002225879,0.8799043711266423,0.2500000000000001,-0.22504726580051346,8.402767416793731e-7,2.0798282985845518e-6,mean-constrained Fourier nonlinear conjugate gradient,1.5127914342362006e-8,Polyorder.Successful(),3.177097489674777e-7,2.198206717273486e-7,0.1,0.08892592450990237,0.01,"Anderson(SD(0.1); m=10, warmup=100, αw=0.2)","VariableCell(BB(1.0), field_updater)",128,,,,,-1.0,-1.0693101526918696,2.014731469321568,0.04240847153279373,0.5600810467081707,0.16346094641160733,cases/f0.25_chiN29/native_profiles.csv#model=liu2019_opf,accepted,model_gates_pass,,,,
liu2019-stress-free-period-map-v2,stress_free_lamellar_observable,f0.25_chiN29,0.25,29.0,18.172,ohta_kawasaki,Ohta-Kawasaki (recomputed),liu2019_ok_asymptotic_quadratic_mapped_c3_c4,3.4199653474624263,4.268444376475314,-0.19877945082032966,0.19877945082032966,0.10087579430868035,0.9100896772576219,0.9545166598039923,0.0,false,1.0886087805032731,StressRootBisection,77,true,false,true,true,true,true,true,-0.062152931117180565,0.8035162006978472,0.25,-2.2500335666744893,5.305721785580597e-6,1.1737508427422938e-5,mean-constrained Fourier nonlinear conjugate gradient,9.58437956351052e-8,Polyorder.Successful(),3.177097489674777e-7,2.198206717273486e-7,0.1,0.08892592450990237,0.01,"Anderson(SD(0.1); m=10, warmup=100, αw=0.2)","VariableCell(BB(1.0), field_updater)",128,,,,,-21.494742622355535,-24.238455015979717,45.51413505157062,1.3333333333333333,21.333333333333332,,cases/f0.25_chiN29/native_profiles.csv#model=ohta_kawasaki,accepted,model_gates_pass,,,,
liu2019-stress-free-period-map-v2,stress_free_lamellar_observable,f0.25_chiN29,0.25,29.0,18.172,uneyama_doi,Uneyama-Doi,not_applicable,4.1946266959504825,4.268444376475314,-0.01729381339292191,0.01729381339292191,0.03945876044289274,0.9862430392510096,0.9959147169313715,0.99609375,false,1.370414870382665,BootstrapLocal,48,true,false,true,true,true,true,true,0.038825479165674956,0.9088967566141806,0.2500000000002857,-0.9841102380553286,9.773694246880235e-7,2.620252838703152e-6,mean-constrained fused-spectral L-BFGS with profile continuation,,Polyorder.Successful(),3.177097489674777e-7,2.198206717273486e-7,0.1,0.08892592450990237,0.01,"Anderson(SD(0.1); m=10, warmup=100, αw=0.2)","VariableCell(BB(1.0), field_updater)",128,,,1,,,,,,,,cases/f0.25_chiN29/native_profiles.csv#model=uneyama_doi,accepted,model_gates_pass,,,,
liu2019-stress-free-period-map-v2,stress_free_lamellar_observable,f0.25_chiN29,0.25,29.0,18.172,burp_ti,BURP-TI,not_applicable,3.62691917948219,4.268444376475314,-0.15029484758633915,0.15029484758633915,0.040407521248510346,0.9855735311712449,0.9940278498974378,0.99609375,false,1.184940720001836,BoundedKKTNewtonGMRES+AnalyticStressRoot,0,true,false,true,true,true,true,true,0.004206780424618777,0.8608139918064065,0.25000000000000006,-0.9533609601392197,0.0004427079566602349,0.0007796566961904006,bounded-KKT Newton-GMRES,6.5496303856132e-5,Polyorder.Successful(),3.177097489674777e-7,2.198206717273486e-7,0.1,0.08892592450990237,0.01,"Anderson(SD(0.1); m=10, warmup=100, αw=0.2)","VariableCell(BB(1.0), field_updater)",128,64,256,1,,,,,,,,cases/f0.25_chiN29/native_profiles.csv#model=burp_ti,accepted,model_gates_pass,,,,
liu2019-stress-free-period-map-v2,stress_free_lamellar_observable,f0.25_chiN29,0.25,29.0,18.172,bvk2,BVK2,frozen_c2_evaluation,4.112860753175451,4.268444376475314,-0.03644972490618148,0.03644972490618148,0.030767356712932004,0.9916358292754369,0.9967610539422572,0.498046875,false,1.3437013456778475,FilteredUDThetaAnalyticCellStressRoot,26,true,false,true,true,true,true,true,0.004348804826528767,0.8940002435984792,0.24999999999999994,-1.2111950850365225,3.423444541344173e-11,1.178208772555236e-10,oversampled filtered UD-theta L-BFGS with cosine-Newton polish,4.1300296516055823e-14,Polyorder.Successful(),3.177097489674777e-7,2.198206717273486e-7,0.1,0.08892592450990237,0.01,"Anderson(SD(0.1); m=10, warmup=100, αw=0.2)","VariableCell(BB(1.0), field_updater)",256,,,,0.16,,,,,,,cases/f0.25_chiN29/native_profiles.csv#model=bvk2,accepted,model_gates_pass,,2,12.0,ud-theta-spectral-adaptive-k-physical-sensor-filter-oversampled-v2
liu2019-stress-free-period-map-v2,stress_free_lamellar_observable,f0.25_chiN30,0.25,30.0,18.172,scft,SCFT,reference,4.315135966206206,4.315135966206206,0.0,0.0,0.0,1.0,1.0,0.0,false,,Polyorder.cell_solve!,2,true,false,true,true,true,true,true,0.005653272416293448,0.9382514250047707,0.2500000000000001,3.6593582594950913,,,not_applicable,8.798262667517502e-6,Polyorder.Successful(),3.336907380867061e-7,2.9181305908196944e-7,0.1,0.0898986659626293,0.01,"Anderson(SD(0.1); m=10, warmup=100, αw=0.2)","VariableCell(BB(1.0), field_updater)",48,,,,,,,,,,,cases/f0.25_chiN30/native_profiles.csv#model=scft,accepted,reference_gates_pass,,,,
liu2019-stress-free-period-map-v2,stress_free_lamellar_observable,f0.25_chiN30,0.25,30.0,18.172,liu2019_opf,OPF (force/stress mapped),per_state_force_stress_mapping,3.769894900531888,4.315135966206206,-0.12635547754331478,0.12635547754331478,0.1348008256920075,0.8437853962352118,0.9483937823613575,0.0,false,1.1392529010772703,StressRootBisection,50,true,false,true,true,true,true,true,-0.10836403721625248,0.8857195656894894,0.25,-0.2397933758191416,5.153557723931086e-7,1.3152038025598944e-6,mean-constrained Fourier nonlinear conjugate gradient,6.049026342365169e-9,Polyorder.Successful(),3.336907380867061e-7,2.9181305908196944e-7,0.1,0.0898986659626293,0.01,"Anderson(SD(0.1); m=10, warmup=100, αw=0.2)","VariableCell(BB(1.0), field_updater)",128,,,,,-1.0,-1.0915213504457606,2.0303620318040485,0.040505155144375575,0.5264939375094627,0.16468055839871165,cases/f0.25_chiN30/native_profiles.csv#model=liu2019_opf,accepted,model_gates_pass,,,,
liu2019-stress-free-period-map-v2,stress_free_lamellar_observable,f0.25_chiN30,0.25,30.0,18.172,ohta_kawasaki,Ohta-Kawasaki (recomputed),liu2019_ok_asymptotic_quadratic_mapped_c3_c4,3.4459469972544268,4.315135966206206,-0.20142794474120718,0.20142794474120718,0.10135216392098441,0.9116914857759835,0.9552645077841203,0.0,false,1.096878996491432,StressRootBisection,77,true,false,true,true,true,true,true,-0.06027046179665824,0.811276563500051,0.25,-2.5570095189875515,2.909362067350029e-6,7.866046098037316e-6,mean-constrained Fourier nonlinear conjugate gradient,4.3109152688553336e-8,Polyorder.Successful(),3.336907380867061e-7,2.9181305908196944e-7,0.1,0.0898986659626293,0.01,"Anderson(SD(0.1); m=10, warmup=100, αw=0.2)","VariableCell(BB(1.0), field_updater)",128,,,,,-22.494742622355535,-26.533901773853273,49.204598588136136,1.3333333333333333,21.333333333333332,,cases/f0.25_chiN30/native_profiles.csv#model=ohta_kawasaki,accepted,model_gates_pass,,,,
liu2019-stress-free-period-map-v2,stress_free_lamellar_observable,f0.25_chiN30,0.25,30.0,18.172,uneyama_doi,Uneyama-Doi,not_applicable,4.207040190389275,4.315135966206206,-0.025050375391060253,0.025050375391060253,0.037375267466615035,0.9879910469936157,0.9963285946934347,0.99609375,false,1.3744704487703097,BootstrapLocal,48,true,false,true,true,true,true,true,0.03521035369233328,0.9189588757788946,0.2500000000002353,-1.1556643111084859,9.349448875481335e-7,2.2873408012102914e-6,mean-constrained fused-spectral L-BFGS with profile continuation,,Polyorder.Successful(),3.336907380867061e-7,2.9181305908196944e-7,0.1,0.0898986659626293,0.01,"Anderson(SD(0.1); m=10, warmup=100, αw=0.2)","VariableCell(BB(1.0), field_updater)",128,,,1,,,,,,,,cases/f0.25_chiN30/native_profiles.csv#model=uneyama_doi,accepted,model_gates_pass,,,,
liu2019-stress-free-period-map-v2,stress_free_lamellar_observable,f0.25_chiN30,0.25,30.0,18.172,burp_ti,BURP-TI,not_applicable,3.669517645544696,4.315135966206206,-0.149617144330478,0.149617144330478,0.03711973416085989,0.9881546951715139,0.9949672548559385,0.99609375,false,1.1988579468682714,BoundedKKTNewtonGMRES+AnalyticStressRoot,0,true,false,true,true,true,true,true,0.002836591062527697,0.8787193062783316,0.24999999999999994,-1.1192707279254885,0.0004785516993348339,0.0008259422569363295,bounded-KKT Newton-GMRES,4.6753164563379767e-5,Polyorder.Successful(),3.336907380867061e-7,2.9181305908196944e-7,0.1,0.0898986659626293,0.01,"Anderson(SD(0.1); m=10, warmup=100, αw=0.2)","VariableCell(BB(1.0), field_updater)",128,64,256,1,,,,,,,,cases/f0.25_chiN30/native_profiles.csv#model=burp_ti,accepted,model_gates_pass,,,,
liu2019-stress-free-period-map-v2,stress_free_lamellar_observable,f0.25_chiN30,0.25,30.0,18.172,bvk2,BVK2,frozen_c2_evaluation,4.167895031615916,4.315135966206206,-0.03412196874986129,0.03412196874986129,0.029887609693038837,0.9923206345915803,0.9969508735563968,0.498046875,false,1.3616814423640207,FilteredUDThetaAnalyticCellStressRoot,26,true,false,true,true,true,true,true,0.003324693886442582,0.9058169614696993,0.25000000000000006,-1.405624037547629,1.6586593008179826e-11,6.476805481901315e-11,oversampled filtered UD-theta L-BFGS with cosine-Newton polish,9.054409444431144e-9,Polyorder.Successful(),3.336907380867061e-7,2.9181305908196944e-7,0.1,0.0898986659626293,0.01,"Anderson(SD(0.1); m=10, warmup=100, αw=0.2)","VariableCell(BB(1.0), field_updater)",256,,,,0.16,,,,,,,cases/f0.25_chiN30/native_profiles.csv#model=bvk2,accepted,model_gates_pass,,2,12.0,ud-theta-spectral-adaptive-k-physical-sensor-filter-oversampled-v2
liu2019-stress-free-period-map-v2,stress_free_lamellar_observable,f0.25_chiN31,0.25,31.0,18.172,scft,SCFT,reference,4.35925187824855,4.35925187824855,0.0,0.0,0.0,1.0,1.0,0.0,false,,Polyorder.cell_solve!,30,true,false,true,true,true,true,true,0.004613637428233322,0.9449465987098044,0.24999999999999986,3.7286613085036553,,,not_applicable,7.755573659521708e-6,Polyorder.Successful(),9.417488498381284e-7,7.111283703350394e-7,0.1,0.09081774746351146,0.01,"Anderson(SD(0.1); m=10, warmup=100, αw=0.2)","VariableCell(BB(1.0), field_updater)",48,,,,,,,,,,,cases/f0.25_chiN31/native_profiles.csv#model=scft,accepted,reference_gates_pass,,,,
liu2019-stress-free-period-map-v2,stress_free_lamellar_observable,f0.25_chiN31,0.25,31.0,18.172,liu2019_opf,OPF (force/stress mapped),per_state_force_stress_mapping,3.8112671419484028,4.35925187824855,-0.1257061421558222,0.1257061421558222,0.13752779269032228,0.8412404746916677,0.9470344767198642,0.0,false,1.1476723194122316,StressRootBisection,50,true,false,true,true,true,true,true,-0.10942896847867772,0.8905925889350594,0.24999999999999997,-0.25374473242369305,8.638595544015322e-7,3.121402470218637e-6,mean-constrained Fourier nonlinear conjugate gradient,3.3865410054200125e-9,Polyorder.Successful(),9.417488498381284e-7,7.111283703350394e-7,0.1,0.09081774746351146,0.01,"Anderson(SD(0.1); m=10, warmup=100, αw=0.2)","VariableCell(BB(1.0), field_updater)",128,,,,,-1.0,-1.1120985047423189,2.0453561267239406,0.038764446053775124,0.4967605750197453,0.16562296671659005,cases/f0.25_chiN31/native_profiles.csv#model=liu2019_opf,accepted,model_gates_pass,,,,
liu2019-stress-free-period-map-v2,stress_free_lamellar_observable,f0.25_chiN31,0.25,31.0,18.172,ohta_kawasaki,Ohta-Kawasaki (recomputed),liu2019_ok_asymptotic_quadratic_mapped_c3_c4,3.4709592309223547,4.35925187824855,-0.20377181042429038,0.20377181042429038,0.10183696082270667,0.9129498134258591,0.95585650529491,0.0,false,1.1048406377434725,StressRootBisection,78,true,false,true,true,true,true,true,-0.05879187861643548,0.8179767307297706,0.24999999999999994,-2.8747745003815193,6.660449799978871e-6,1.899806993588271e-5,mean-constrained Fourier nonlinear conjugate gradient,1.5325302526553992e-8,Polyorder.Successful(),9.417488498381284e-7,7.111283703350394e-7,0.1,0.09081774746351146,0.01,"Anderson(SD(0.1); m=10, warmup=100, αw=0.2)","VariableCell(BB(1.0), field_updater)",128,,,,,-23.494742622355535,-28.852146344226828,52.90304790595166,1.3333333333333333,21.333333333333332,,cases/f0.25_chiN31/native_profiles.csv#model=ohta_kawasaki,accepted,model_gates_pass,,,,
liu2019-stress-free-period-map-v2,stress_free_lamellar_observable,f0.25_chiN31,0.25,31.0,18.172,uneyama_doi,Uneyama-Doi,not_applicable,4.229224023888317,4.35925187824855,-0.02982802049338673,0.02982802049338673,0.03569130896409963,0.9893073882451757,0.9966036638820238,0.99609375,false,1.3817180675723666,BootstrapLocal,48,true,false,true,true,true,true,true,0.032109028507770386,0.9278217370830143,0.2500000000000786,-1.3381236685248448,8.662850782314101e-7,2.3937318793798568e-6,mean-constrained fused-spectral L-BFGS with profile continuation,,Polyorder.Successful(),9.417488498381284e-7,7.111283703350394e-7,0.1,0.09081774746351146,0.01,"Anderson(SD(0.1); m=10, warmup=100, αw=0.2)","VariableCell(BB(1.0), field_updater)",128,,,1,,,,,,,,cases/f0.25_chiN31/native_profiles.csv#model=uneyama_doi,accepted,model_gates_pass,,,,
liu2019-stress-free-period-map-v2,stress_free_lamellar_observable,f0.25_chiN31,0.25,31.0,18.172,burp_ti,BURP-TI,not_applicable,3.708871294023332,4.35925187824855,-0.14919545885165186,0.14919545885165186,0.034226537337262365,0.9901670286251454,0.9957201190335504,0.99609375,false,1.2117150683687379,BoundedKKTNewtonGMRES+AnalyticStressRoot,0,true,false,true,true,true,true,true,0.0018073418683170325,0.8943184623490015,0.25000000000000006,-1.294396994403281,0.0004739783427714756,0.0008401205702863734,bounded-KKT Newton-GMRES,3.049290472106835e-5,Polyorder.Successful(),9.417488498381284e-7,7.111283703350394e-7,0.1,0.09081774746351146,0.01,"Anderson(SD(0.1); m=10, warmup=100, αw=0.2)","VariableCell(BB(1.0), field_updater)",128,64,256,1,,,,,,,,cases/f0.25_chiN31/native_profiles.csv#model=burp_ti,accepted,model_gates_pass,,,,
liu2019-stress-free-period-map-v2,stress_free_lamellar_observable,f0.25_chiN31,0.25,31.0,18.172,bvk2,BVK2,frozen_c2_evaluation,4.2204180163328395,4.35925187824855,-0.031848093616350215,0.031848093616350215,0.0290635722687448,0.992909730305627,0.9971239180770316,0.998046875,false,1.3788410812330627,FilteredUDThetaAnalyticCellStressRoot,27,true,false,true,true,true,true,true,0.002543153146822212,0.9160734138874441,0.25,-1.6098800602991234,1.3960147898554761e-11,4.7425094072805545e-11,oversampled filtered UD-theta L-BFGS with cosine-Newton polish,2.9896973785525915e-11,Polyorder.Successful(),9.417488498381284e-7,7.111283703350394e-7,0.1,0.09081774746351146,0.01,"Anderson(SD(0.1); m=10, warmup=100, αw=0.2)","VariableCell(BB(1.0), field_updater)",256,,,,0.16,,,,,,,cases/f0.25_chiN31/native_profiles.csv#model=bvk2,accepted,model_gates_pass,,2,12.0,ud-theta-spectral-adaptive-k-physical-sensor-filter-oversampled-v2
liu2019-stress-free-period-map-v2,stress_free_lamellar_observable,f0.25_chiN32,0.25,32.0,18.172,scft,SCFT,reference,4.401132350669418,4.401132350669418,0.0,0.0,0.0,1.0,1.0,0.0,false,,Polyorder.cell_solve!,252,true,false,true,true,true,true,true,0.0037684587472501733,0.9507018145758757,0.24999999999999986,3.7952735765811116,,,not_applicable,4.387915403471304e-8,Polyorder.Successful(),9.117620446527937e-7,7.147468778131322e-7,0.1,0.09169025730561288,0.01,"Anderson(SD(0.1); m=10, warmup=100, αw=0.2)","VariableCell(BB(1.0), field_updater)",48,,,,,,,,,,,cases/f0.25_chiN32/native_profiles.csv#model=scft,accepted,reference_gates_pass,,,,
liu2019-stress-free-period-map-v2,stress_free_lamellar_observable,f0.25_chiN32,0.25,32.0,18.172,liu2019_opf,OPF (force/stress mapped),per_state_force_stress_mapping,3.8506180760213975,4.401132350669418,-0.12508468975360099,0.12508468975360099,0.1401281836376137,0.8386119270475472,0.9456792848250036,0.0,false,1.1558403968811035,StressRootBisection,49,true,false,true,true,true,true,true,-0.11034754542201208,0.894703918719485,0.24999999999999997,-0.26698173986869933,4.4026184335318803e-7,9.577523316650627e-7,mean-constrained Fourier nonlinear conjugate gradient,6.645502165867183e-8,Polyorder.Successful(),9.117620446527937e-7,7.147468778131322e-7,0.1,0.09169025730561288,0.01,"Anderson(SD(0.1); m=10, warmup=100, αw=0.2)","VariableCell(BB(1.0), field_updater)",128,,,,,-1.0,-1.1312775389221112,2.059793687183414,0.03716260326075971,0.47021372104155723,0.16634227253549796,cases/f0.25_chiN32/native_profiles.csv#model=liu2019_opf,accepted,model_gates_pass,,,,
liu2019-stress-free-period-map-v2,stress_free_lamellar_observable,f0.25_chiN32,0.25,32.0,18.172,ohta_kawasaki,Ohta-Kawasaki (recomputed),liu2019_ok_asymptotic_quadratic_mapped_c3_c4,3.4950910172921197,4.401132350669418,-0.2058655048716016,0.2058655048716016,0.10233521670254275,0.9139262592491026,0.9563185635693461,0.0,false,1.1125220239162439,StressRootBisection,76,true,false,true,true,true,true,true,-0.057595983680958585,0.8238070728398424,0.25000000000000006,-3.202813609739244,4.216463613769473e-6,1.1295160777358149e-5,mean-constrained Fourier nonlinear conjugate gradient,2.764880580750211e-8,Polyorder.Successful(),9.117620446527937e-7,7.147468778131322e-7,0.1,0.09169025730561288,0.01,"Anderson(SD(0.1); m=10, warmup=100, αw=0.2)","VariableCell(BB(1.0), field_updater)",128,,,,,-24.494742622355535,-31.193188727100377,56.60948300501718,1.3333333333333333,21.333333333333332,,cases/f0.25_chiN32/native_profiles.csv#model=ohta_kawasaki,accepted,model_gates_pass,,,,
liu2019-stress-free-period-map-v2,stress_free_lamellar_observable,f0.25_chiN32,0.25,32.0,18.172,uneyama_doi,Uneyama-Doi,not_applicable,4.244498265967069,4.401132350669418,-0.035589496570928025,0.035589496570928025,0.03396124552906289,0.9905204511290667,0.9969079445450263,0.99609375,false,1.3867082728983267,BootstrapLocal,48,true,false,true,true,true,true,true,0.02936418139624825,0.9352289075817557,0.2500000000003448,-1.5262027241614469,7.924346135437723e-7,1.687100478431347e-6,mean-constrained fused-spectral L-BFGS with profile continuation,,Polyorder.Successful(),9.117620446527937e-7,7.147468778131322e-7,0.1,0.09169025730561288,0.01,"Anderson(SD(0.1); m=10, warmup=100, αw=0.2)","VariableCell(BB(1.0), field_updater)",128,,,1,,,,,,,,cases/f0.25_chiN32/native_profiles.csv#model=uneyama_doi,accepted,model_gates_pass,,,,
liu2019-stress-free-period-map-v2,stress_free_lamellar_observable,f0.25_chiN32,0.25,32.0,18.172,burp_ti,BURP-TI,not_applicable,3.745320215734547,4.401132350669418,-0.14900986443525643,0.14900986443525643,0.03169346109401806,0.9917441881139109,0.9963252682308057,0.99609375,false,1.2236231946319605,BoundedKKTNewtonGMRES+AnalyticStressRoot,0,true,false,true,true,true,true,true,0.0010344916330671272,0.9079357836761841,0.2500000000000001,-1.4779624622226644,0.00047341110857057324,0.0008463208839124547,bounded-KKT Newton-GMRES,1.292542621691813e-5,Polyorder.Successful(),9.117620446527937e-7,7.147468778131322e-7,0.1,0.09169025730561288,0.01,"Anderson(SD(0.1); m=10, warmup=100, αw=0.2)","VariableCell(BB(1.0), field_updater)",128,64,256,1,,,,,,,,cases/f0.25_chiN32/native_profiles.csv#model=burp_ti,accepted,model_gates_pass,,,,
liu2019-stress-free-period-map-v2,stress_free_lamellar_observable,f0.25_chiN32,0.25,32.0,18.172,bvk2,BVK2,frozen_c2_evaluation,4.270632889231321,4.401132350669418,-0.029651337665009936,0.029651337665009936,0.02829346862539582,0.9934204200627532,0.9972812743709127,0.498046875,false,1.395246643282455,FilteredUDThetaAnalyticCellStressRoot,28,true,false,true,true,true,true,true,0.00194576309734946,0.9250266185704967,0.2500000000000001,-1.8233451591970764,1.8788165740499417e-11,6.752684194128718e-11,oversampled filtered UD-theta L-BFGS with cosine-Newton polish,6.372680161348399e-14,Polyorder.Successful(),9.117620446527937e-7,7.147468778131322e-7,0.1,0.09169025730561288,0.01,"Anderson(SD(0.1); m=10, warmup=100, αw=0.2)","VariableCell(BB(1.0), field_updater)",256,,,,0.16,,,,,,,cases/f0.25_chiN32/native_profiles.csv#model=bvk2,accepted,model_gates_pass,,2,12.0,ud-theta-spectral-adaptive-k-physical-sensor-filter-oversampled-v2
liu2019-stress-free-period-map-v2,stress_free_lamellar_observable,f0.25_chiN33,0.25,33.0,18.172,scft,SCFT,reference,4.440967487387949,4.440967487387949,0.0,0.0,0.0,1.0,1.0,0.0,false,,Polyorder.cell_solve!,105,true,false,true,true,true,true,true,0.003079557550860191,0.9554625704086358,0.2499999999999997,3.85945271225825,,,not_applicable,5.610543898548899e-6,Polyorder.Successful(),7.10152699197212e-7,5.331083418175039e-7,0.1,0.09252015598724894,0.01,"Anderson(SD(0.1); m=10, warmup=100, αw=0.2)","VariableCell(BB(1.0), field_updater)",48,,,,,,,,,,,cases/f0.25_chiN33/native_profiles.csv#model=scft,accepted,reference_gates_pass,,,,
liu2019-stress-free-period-map-v2,stress_free_lamellar_observable,f0.25_chiN33,0.25,33.0,18.172,liu2019_opf,OPF (force/stress mapped),per_state_force_stress_mapping,3.8881251563951387,4.440967487387949,-0.12448691249437105,0.12448691249437105,0.14261351519618523,0.8359304928337737,0.9443330386198094,0.00390625,false,1.1637871742248538,StressRootBisection,49,true,false,true,true,true,true,true,-0.11111542034736177,0.8981929968253839,0.25,-0.2795699324951895,7.013911090432827e-7,1.5451976003166834e-6,mean-constrained Fourier nonlinear conjugate gradient,3.736463937525258e-8,Polyorder.Successful(),7.10152699197212e-7,5.331083418175039e-7,0.1,0.09252015598724894,0.01,"Anderson(SD(0.1); m=10, warmup=100, αw=0.2)","VariableCell(BB(1.0), field_updater)",128,,,,,-1.0,-1.1492374361490618,2.0737334656839805,0.03567957428457135,0.44634683469274433,0.16688169137816383,cases/f0.25_chiN33/native_profiles.csv#model=liu2019_opf,accepted,model_gates_pass,,,,
liu2019-stress-free-period-map-v2,stress_free_lamellar_observable,f0.25_chiN33,0.25,33.0,18.172,ohta_kawasaki,Ohta-Kawasaki (recomputed),liu2019_ok_asymptotic_quadratic_mapped_c3_c4,3.518429137834519,4.440967487387949,-0.20773364186371035,0.20773364186371035,0.10284206384908183,0.9146805452633406,0.9566773816236126,0.00390625,false,1.1199507784098386,StressRootBisection,80,true,false,true,true,true,true,true,-0.056640243346849695,0.8289182328742651,0.24999999999999997,-3.5407110784123605,7.406555438866166e-6,1.622842699156024e-5,mean-constrained Fourier nonlinear conjugate gradient,6.151273265594139e-9,Polyorder.Successful(),7.10152699197212e-7,5.331083418175039e-7,0.1,0.09252015598724894,0.01,"Anderson(SD(0.1); m=10, warmup=100, αw=0.2)","VariableCell(BB(1.0), field_updater)",128,,,,,-25.494742622355535,-33.55702892247394,60.3239038853327,1.3333333333333333,21.333333333333332,,cases/f0.25_chiN33/native_profiles.csv#model=ohta_kawasaki,accepted,model_gates_pass,,,,
liu2019-stress-free-period-map-v2,stress_free_lamellar_observable,f0.25_chiN33,0.25,33.0,18.172,uneyama_doi,Uneyama-Doi,not_applicable,4.258884381246455,4.440967487387949,-0.04100077441652028,0.04100077441652028,0.032317388616498056,0.991574823154669,0.9971879222816695,0.0,false,1.3914083207774246,BootstrapLocal,48,true,false,true,true,true,true,true,0.026905049787747742,0.9416060359272164,0.2500000000001959,-1.7209579241655595,9.486872331761227e-7,2.826956259305291e-6,mean-constrained fused-spectral L-BFGS with profile continuation,,Polyorder.Successful(),7.10152699197212e-7,5.331083418175039e-7,0.1,0.09252015598724894,0.01,"Anderson(SD(0.1); m=10, warmup=100, αw=0.2)","VariableCell(BB(1.0), field_updater)",128,,,1,,,,,,,,cases/f0.25_chiN33/native_profiles.csv#model=uneyama_doi,accepted,model_gates_pass,,,,
liu2019-stress-free-period-map-v2,stress_free_lamellar_observable,f0.25_chiN33,0.25,33.0,18.172,burp_ti,BURP-TI,not_applicable,3.7791571445948438,4.440967487387949,-0.14902391081956867,0.14902391081956867,0.029467710539658704,0.9929951426671857,0.9968177424577178,0.0,false,1.2346779639450431,BoundedKKTNewtonGMRES+AnalyticStressRoot,0,true,false,true,true,true,true,true,0.0004539371141231312,0.9198411262260048,0.2499999999999999,-1.6692631984954547,0.000484071145853982,0.0008694465704426335,bounded-KKT Newton-GMRES,5.498274759474079e-6,Polyorder.Successful(),7.10152699197212e-7,5.331083418175039e-7,0.1,0.09252015598724894,0.01,"Anderson(SD(0.1); m=10, warmup=100, αw=0.2)","VariableCell(BB(1.0), field_updater)",128,64,256,1,,,,,,,,cases/f0.25_chiN33/native_profiles.csv#model=burp_ti,accepted,model_gates_pass,,,,
liu2019-stress-free-period-map-v2,stress_free_lamellar_observable,f0.25_chiN33,0.25,33.0,18.172,bvk2,BVK2,frozen_c2_evaluation,4.318715011512496,4.440967487387949,-0.02752834291686268,0.02752834291686268,0.02754920913717982,0.993877483908334,0.9974299356217932,0.501953125,false,1.4109554202845407,FilteredUDThetaAnalyticCellStressRoot,31,true,false,true,true,true,true,true,0.001488720591918939,0.9328826390049901,0.25000000000000006,-2.0454624313957708,4.3857638848144445e-8,1.4720328824507886e-7,oversampled filtered UD-theta L-BFGS with cosine-Newton polish,5.105471601041245e-12,Polyorder.Successful(),7.10152699197212e-7,5.331083418175039e-7,0.1,0.09252015598724894,0.01,"Anderson(SD(0.1); m=10, warmup=100, αw=0.2)","VariableCell(BB(1.0), field_updater)",256,,,,0.16,,,,,,,cases/f0.25_chiN33/native_profiles.csv#model=bvk2,accepted,model_gates_pass,,2,12.0,ud-theta-spectral-adaptive-k-physical-sensor-filter-oversampled-v2
liu2019-stress-free-period-map-v2,stress_free_lamellar_observable,f0.25_chiN34,0.25,34.0,18.172,scft,SCFT,reference,4.4790757856406005,4.4790757856406005,0.0,0.0,0.0,1.0,1.0,0.0,false,,Polyorder.cell_solve!,140,true,false,true,true,true,true,true,0.0025181327480876467,0.9600241660017469,0.25000000000000006,3.9214229085149235,,,not_applicable,3.9133299714492074e-7,Polyorder.Successful(),7.914715585563627e-7,6.328695612513257e-7,0.1,0.09331407886751251,0.01,"Anderson(SD(0.1); m=10, warmup=100, αw=0.2)","VariableCell(BB(1.0), field_updater)",48,,,,,,,,,,,cases/f0.25_chiN34/native_profiles.csv#model=scft,accepted,reference_gates_pass,,,,
liu2019-stress-free-period-map-v2,stress_free_lamellar_observable,f0.25_chiN34,0.25,34.0,18.172,liu2019_opf,OPF (force/stress mapped),per_state_force_stress_mapping,3.9240191724619233,4.4790757856406005,-0.1239221303104816,0.1239221303104816,0.14499702279663096,0.8332124496825007,0.9429961762485954,0.0,false,1.171523666381836,StressRootBisection,47,true,false,true,true,true,true,true,-0.11174161760997742,0.9011780608492865,0.25,-0.2915655147091467,8.782363811124452e-7,1.7645307739400096e-6,mean-constrained Fourier nonlinear conjugate gradient,5.338193920096127e-8,Polyorder.Successful(),7.914715585563627e-7,6.328695612513257e-7,0.1,0.09331407886751251,0.01,"Anderson(SD(0.1); m=10, warmup=100, αw=0.2)","VariableCell(BB(1.0), field_updater)",128,,,,,-1.0,-1.1660984055539625,2.0871302824195928,0.03430482529018234,0.42477061785397197,0.16726692035827304,cases/f0.25_chiN34/native_profiles.csv#model=liu2019_opf,accepted,model_gates_pass,,,,
liu2019-stress-free-period-map-v2,stress_free_lamellar_observable,f0.25_chiN34,0.25,34.0,18.172,ohta_kawasaki,Ohta-Kawasaki (recomputed),liu2019_ok_asymptotic_quadratic_mapped_c3_c4,3.5410551636913152,4.4790757856406005,-0.20942280658801782,0.20942280658801782,0.10335798359025557,0.9152512080670213,0.9569499053508334,0.0,false,1.127152866125107,StressRootBisection,76,true,false,true,true,true,true,true,-0.05584408446541034,0.8334305724498495,0.25,-3.8881311717611924,6.1840822146865175e-6,1.4485247261220024e-5,mean-constrained Fourier nonlinear conjugate gradient,4.887360014189276e-8,Polyorder.Successful(),7.914715585563627e-7,6.328695612513257e-7,0.1,0.09331407886751251,0.01,"Anderson(SD(0.1); m=10, warmup=100, αw=0.2)","VariableCell(BB(1.0), field_updater)",128,,,,,-26.494742622355535,-35.94366693034749,64.04631054689821,1.3333333333333333,21.333333333333332,,cases/f0.25_chiN34/native_profiles.csv#model=ohta_kawasaki,accepted,model_gates_pass,,,,
liu2019-stress-free-period-map-v2,stress_free_lamellar_observable,f0.25_chiN34,0.25,34.0,18.172,uneyama_doi,Uneyama-Doi,not_applicable,4.272586390948734,4.4790757856406005,-0.04610089325879396,0.04610089325879396,0.030765427081399024,0.9924911858274875,0.9974419690750422,0.99609375,false,1.395884866418127,BootstrapLocal,48,true,false,true,true,true,true,true,0.024716250473563173,0.9471360545258615,0.25000000000008094,-1.921942463837715,9.639115752565766e-7,2.4297797476258154e-6,mean-constrained fused-spectral L-BFGS with profile continuation,,Polyorder.Successful(),7.914715585563627e-7,6.328695612513257e-7,0.1,0.09331407886751251,0.01,"Anderson(SD(0.1); m=10, warmup=100, αw=0.2)","VariableCell(BB(1.0), field_updater)",128,,,1,,,,,,,,cases/f0.25_chiN34/native_profiles.csv#model=uneyama_doi,accepted,model_gates_pass,,,,
liu2019-stress-free-period-map-v2,stress_free_lamellar_observable,f0.25_chiN34,0.25,34.0,18.172,burp_ti,BURP-TI,not_applicable,3.810664403568127,4.4790757856406005,-0.14922975498992963,0.14922975498992963,0.02753125348356302,0.9939869137940847,0.9972174622044591,0.99609375,false,1.2449716132616009,BoundedKKTNewtonGMRES+AnalyticStressRoot,0,true,false,true,true,true,true,true,1.7739046340752254e-5,0.9302477884786787,0.25000000000000017,-1.8676770355476169,0.00042277686108098427,0.0008484678356612818,bounded-KKT Newton-GMRES,5.033525086421959e-5,Polyorder.Successful(),7.914715585563627e-7,6.328695612513257e-7,0.1,0.09331407886751251,0.01,"Anderson(SD(0.1); m=10, warmup=100, αw=0.2)","VariableCell(BB(1.0), field_updater)",128,64,256,1,,,,,,,,cases/f0.25_chiN34/native_profiles.csv#model=burp_ti,accepted,model_gates_pass,,,,
liu2019-stress-free-period-map-v2,stress_free_lamellar_observable,f0.25_chiN34,0.25,34.0,18.172,bvk2,BVK2,frozen_c2_evaluation,4.3648194791594515,4.4790757856406005,-0.025508902271187628,0.025508902271187628,0.02683339620873301,0.9942878351605547,0.9975692942303648,0.498046875,false,1.4260180832183986,FilteredUDThetaAnalyticCellStressRoot,29,true,false,true,true,true,true,true,0.0011389182461526517,0.9398094094471013,0.25,-2.2757299770586163,2.2640163941458218e-11,8.059712961082804e-11,oversampled filtered UD-theta L-BFGS with cosine-Newton polish,3.199662756969701e-13,Polyorder.Successful(),7.914715585563627e-7,6.328695612513257e-7,0.1,0.09331407886751251,0.01,"Anderson(SD(0.1); m=10, warmup=100, αw=0.2)","VariableCell(BB(1.0), field_updater)",256,,,,0.16,,,,,,,cases/f0.25_chiN34/native_profiles.csv#model=bvk2,accepted,model_gates_pass,,2,12.0,ud-theta-spectral-adaptive-k-physical-sensor-filter-oversampled-v2
liu2019-stress-free-period-map-v2,stress_free_lamellar_observable,f0.25_chiN35,0.25,35.0,18.172,scft,SCFT,reference,4.515583854442584,4.515583854442584,0.0,0.0,0.0,1.0,1.0,0.0,false,,Polyorder.cell_solve!,92,true,false,true,true,true,true,true,0.002058897931658545,0.9634265208057031,0.25000000000000006,3.981376797083687,,,not_applicable,5.286014438620154e-7,Polyorder.Successful(),8.670876662256287e-7,6.404295466136723e-7,0.1,0.0940746636342205,0.01,"Anderson(SD(0.1); m=10, warmup=100, αw=0.2)","VariableCell(BB(1.0), field_updater)",48,,,,,,,,,,,cases/f0.25_chiN35/native_profiles.csv#model=scft,accepted,reference_gates_pass,,,,
liu2019-stress-free-period-map-v2,stress_free_lamellar_observable,f0.25_chiN35,0.25,35.0,18.172,liu2019_opf,OPF (force/stress mapped),per_state_force_stress_mapping,3.9585385532195887,4.515583854442584,-0.12336063711339451,0.12336063711339451,0.14738416500602963,0.8302520822794889,0.9415774180241243,0.00390625,false,1.1791099548339845,StressRootBisection,46,true,false,true,true,true,true,true,-0.11231968797980552,0.9037309230454341,0.25,-0.3030583975137086,1.229780065008184e-6,3.3933921212980778e-6,mean-constrained Fourier nonlinear conjugate gradient,6.559776561634126e-8,Polyorder.Successful(),8.670876662256287e-7,6.404295466136723e-7,0.1,0.0940746636342205,0.01,"Anderson(SD(0.1); m=10, warmup=100, αw=0.2)","VariableCell(BB(1.0), field_updater)",128,,,,,-1.0,-1.182072828883687,2.1002433345226383,0.033015060102889765,0.40505059419440026,0.16753958638034439,cases/f0.25_chiN35/native_profiles.csv#model=liu2019_opf,accepted,model_gates_pass,,,,
liu2019-stress-free-period-map-v2,stress_free_lamellar_observable,f0.25_chiN35,0.25,35.0,18.172,ohta_kawasaki,Ohta-Kawasaki (recomputed),liu2019_ok_asymptotic_quadratic_mapped_c3_c4,3.563040908925854,4.515583854442584,-0.21094568858013474,0.21094568858013474,0.10399628867408832,0.9154840871437957,0.9570555072144418,0.00390625,false,1.1341511461883789,StressRootBisection,57,true,false,true,true,true,true,true,-0.05517011791653392,0.8374411823605157,0.25,-4.2447992562804195,4.810053357630452e-6,1.0466119201524293e-5,mean-constrained Fourier nonlinear conjugate gradient,1.1625104236014724e-8,Polyorder.Successful(),8.670876662256287e-7,6.404295466136723e-7,0.1,0.0940746636342205,0.01,"Anderson(SD(0.1); m=10, warmup=100, αw=0.2)","VariableCell(BB(1.0), field_updater)",128,,,,,-27.494742622355535,-38.353102750721035,67.77670298971373,1.3333333333333333,21.333333333333332,,cases/f0.25_chiN35/native_profiles.csv#model=ohta_kawasaki,accepted,model_gates_pass,,,,
liu2019-stress-free-period-map-v2,stress_free_lamellar_observable,f0.25_chiN35,0.25,35.0,18.172,uneyama_doi,Uneyama-Doi,not_applicable,4.285744680801587,4.515583854442584,-0.050899104312917,0.050899104312917,0.029949537040370327,0.992990564692776,0.9975142833840632,0.0,false,1.4001837748527113,BootstrapLocal,48,true,false,true,true,true,true,true,0.022766959718902344,0.9519605465404809,0.25000000000037476,-2.1287613293636136,8.390940819655452e-7,2.785107044100954e-6,mean-constrained fused-spectral L-BFGS with profile continuation,,Polyorder.Successful(),8.670876662256287e-7,6.404295466136723e-7,0.1,0.0940746636342205,0.01,"Anderson(SD(0.1); m=10, warmup=100, αw=0.2)","VariableCell(BB(1.0), field_updater)",128,,,1,,,,,,,,cases/f0.25_chiN35/native_profiles.csv#model=uneyama_doi,accepted,model_gates_pass,,,,
liu2019-stress-free-period-map-v2,stress_free_lamellar_observable,f0.25_chiN35,0.25,35.0,18.172,burp_ti,BURP-TI,not_applicable,3.840294805415121,4.515583854442584,-0.1495463423546195,0.1495463423546195,0.026465242559573558,0.9945266330883521,0.9974174112216582,0.0,false,1.254652079784578,BoundedKKTNewtonGMRES+AnalyticStressRoot,0,true,false,true,true,true,true,true,1.0000000000236356e-6,0.9393450821828545,0.24999999999999992,-2.072732330827556,0.0004928932557759177,0.0007745997544859051,bounded-KKT Newton-GMRES,5.769772395730303e-5,Polyorder.Successful(),8.670876662256287e-7,6.404295466136723e-7,0.1,0.0940746636342205,0.01,"Anderson(SD(0.1); m=10, warmup=100, αw=0.2)","VariableCell(BB(1.0), field_updater)",128,64,256,1,,,,,,,,cases/f0.25_chiN35/native_profiles.csv#model=burp_ti,accepted,model_gates_pass,,,,
liu2019-stress-free-period-map-v2,stress_free_lamellar_observable,f0.25_chiN35,0.25,35.0,18.172,bvk2,BVK2,frozen_c2_evaluation,4.4090876932905,4.515583854442584,-0.0235841398554274,0.0235841398554274,0.026138785957336284,0.9946607766123596,0.9977007677508776,0.50390625,false,1.440480828851768,FilteredUDThetaAnalyticCellStressRoot,31,true,false,true,true,true,true,true,0.0008711932376082558,0.9459466120557719,0.25000000000000006,-2.5136973124068738,2.1687515775730352e-11,9.049538596208582e-11,oversampled filtered UD-theta L-BFGS with cosine-Newton polish,1.0125233984581428e-13,Polyorder.Successful(),8.670876662256287e-7,6.404295466136723e-7,0.1,0.0940746636342205,0.01,"Anderson(SD(0.1); m=10, warmup=100, αw=0.2)","VariableCell(BB(1.0), field_updater)",256,,,,0.16,,,,,,,cases/f0.25_chiN35/native_profiles.csv#model=bvk2,accepted,model_gates_pass,,2,12.0,ud-theta-spectral-adaptive-k-physical-sensor-filter-oversampled-v2
liu2019-stress-free-period-map-v2,stress_free_lamellar_observable,f0.2_chiN25,0.2,25.0,24.613,scft,SCFT,reference,3.3772815752408936,3.3772815752408936,0.0,0.0,0.0,1.0,1.0,0.0,false,,Polyorder.cell_solve!,0,true,false,true,true,true,true,true,0.0694724347774185,0.5073045488694765,0.20000000000000032,2.9944718320542565,,,not_applicable,6.00654798491482e-6,Polyorder.Successful(),2.7749786243551053e-7,1.4185319884328588e-7,0.05,0.04824687964629848,0.005,"Anderson(SD(0.1); m=10, warmup=100, αw=0.2)","VariableCell(BB(1.0), field_updater)",70,,,,,,,,,,,cases/f0.2_chiN25/native_profiles.csv#model=scft,accepted,reference_gates_pass,,,,Polyorder pseudospectral SCFT
liu2019-stress-free-period-map-v2,stress_free_lamellar_observable,f0.2_chiN25,0.2,25.0,24.613,liu2019_opf,OPF (force/stress mapped),per_state_force_stress_mapping,2.8833135996581065,3.3772815752408936,-0.1462620052778849,0.1462620052778849,0.14328045347060794,0.08596863375301245,0.9583401748672631,0.0,false,1.0205999851226808,StressRootBisection,71,true,false,true,true,true,true,true,-0.13099229276962038,0.6429494729942329,0.2,-0.023638641122653237,9.955848486048283e-7,2.2170091054374286e-6,mean-constrained Fourier nonlinear conjugate gradient,5.236156566192828e-8,Polyorder.Successful(),2.7749786243551053e-7,1.4185319884328588e-7,0.05,0.04824687964629848,0.005,"Anderson(SD(0.1); m=10, warmup=100, αw=0.2)","VariableCell(BB(1.0), field_updater)",128,,,,,-1.0,-0.5800874003161408,1.0663079157663535,0.08048631777131592,1.9692290845681597,0.079490481240574,cases/f0.2_chiN25/native_profiles.csv#model=liu2019_opf,accepted,model_gates_pass,,,,
liu2019-stress-free-period-map-v2,stress_free_lamellar_observable,f0.2_chiN25,0.2,25.0,24.613,ohta_kawasaki,Ohta-Kawasaki (recomputed),liu2019_ok_asymptotic_quadratic_mapped_c3_c4,3.0195448831291967,3.3772815752408936,-0.10592444963259551,0.10592444963259551,0.17096211777716114,-0.3013286240735116,0.9135006140242422,0.0,false,1.0000274911522862,StressRootBisection,70,true,false,true,true,true,true,true,-0.21695561349901926,0.6199150122878665,0.20000000000000004,-0.05134459987141171,3.947926233748743e-6,1.0784565957967784e-5,mean-constrained Fourier nonlinear conjugate gradient,3.4761504301224416e-8,Polyorder.Successful(),1.6031156031553015e-7,1.0159105281250674e-7,0.1,0.09415920567103754,0.01,"Anderson(SD(0.1); m=10, warmup=100, αw=0.2)","VariableCell(BB(1.0), field_updater)",128,,,,,-13.918386128413292,-0.17673880369188244,1.4700913688810333,1.5624999999999998,29.296874999999986,,cases/f0.2_chiN25/native_profiles.csv#model=ohta_kawasaki,accepted,model_gates_pass,,,,
liu2019-stress-free-period-map-v2,stress_free_lamellar_observable,f0.2_chiN25,0.2,25.0,24.613,uneyama_doi,Uneyama-Doi,not_applicable,NaN,3.3772815752408936,NaN,NaN,0.1487449480673326,0.014919655734316084,0.9157461180651347,0.99609375,false,NaN,failed,,false,false,false,false,true,false,false,NaN,NaN,NaN,NaN,NaN,NaN,mean-constrained fused-spectral L-BFGS with profile continuation,,Polyorder.Successful(),1.6031156031553015e-7,1.0159105281250674e-7,0.1,0.09415920567103754,0.01,"Anderson(SD(0.1); m=10, warmup=100, αw=0.2)","VariableCell(BB(1.0), field_updater)",,,,,,,,,,,,,rejected,solver_failure,all bootstrap-local Uneyama-Doi evaluations failed,,,
liu2019-stress-free-period-map-v2,stress_free_lamellar_observable,f0.2_chiN25,0.2,25.0,24.613,burp_ti,BURP-TI,not_applicable,2.9842391985537478,3.3772815752408936,-0.11637832615692134,0.11637832615692134,0.09714689811161414,0.5798106109332644,0.9410399173543826,0.99609375,false,1.0042655275398826,BoundedKKTNewtonGMRES+AnalyticStressRoot,0,true,false,true,true,true,true,true,0.1246172497468984,0.2886020247999776,0.2000000000000001,-0.0008095031976303874,0.0004862871936622218,0.0006675627537351403,bounded-KKT Newton-GMRES,1.644099650933979e-6,Polyorder.Successful(),1.6031156031553015e-7,1.0159105281250674e-7,0.1,0.09415920567103754,0.01,"Anderson(SD(0.1); m=10, warmup=100, αw=0.2)","VariableCell(BB(1.0), field_updater)",128,64,256,1,,,,,,,,cases/f0.2_chiN25/native_profiles.csv#model=burp_ti,accepted,model_gates_pass,,,,
liu2019-stress-free-period-map-v2,stress_free_lamellar_observable,f0.2_chiN25,0.2,25.0,24.613,bvk2,BVK2,frozen_c2_evaluation,3.1827966966218373,3.3772815752408936,-0.057586219652172255,0.057586219652172255,0.04507867554273289,0.9095239834174932,0.9883043157879686,0.998046875,false,1.071084719058105,FilteredUDThetaAnalyticCellStressRoot,15,true,false,true,true,true,true,true,0.0852340362739341,0.40013886716703223,0.20000000000000004,-0.005571710639415431,6.59118873356263e-12,2.6983612011765686e-11,oversampled filtered UD-theta L-BFGS with cosine-Newton polish,4.526379271396763e-13,Polyorder.Successful(),1.6031156031553015e-7,1.0159105281250674e-7,0.1,0.09415920567103754,0.01,"Anderson(SD(0.1); m=10, warmup=100, αw=0.2)","VariableCell(BB(1.0), field_updater)",256,,,,0.16,,,,,,,cases/f0.2_chiN25/native_profiles.csv#model=bvk2,accepted,model_gates_pass,,2,12.0,ud-theta-spectral-adaptive-k-physical-sensor-filter-oversampled-v2
liu2019-stress-free-period-map-v2,stress_free_lamellar_observable,f0.2_chiN26,0.2,26.0,24.613,scft,SCFT,reference,3.6724051029251457,3.6724051029251457,0.0,0.0,0.0,1.0,1.0,0.0,false,,Polyorder.cell_solve!,0,true,false,true,true,true,true,true,0.04755090620819708,0.6514045534994943,0.1999999999999997,3.1213777542721797,,,not_applicable,8.826541761063931e-6,Polyorder.Successful(),8.497203602626093e-7,4.5468344143210833e-7,0.05,0.051005626429515914,0.005,"Anderson(SD(0.1); m=10, warmup=100, αw=0.2)","VariableCell(BB(1.0), field_updater)",72,,,,,,,,,,,cases/f0.2_chiN26/native_profiles.csv#model=scft,accepted,reference_gates_pass,,,,Polyorder pseudospectral SCFT
liu2019-stress-free-period-map-v2,stress_free_lamellar_observable,f0.2_chiN26,0.2,26.0,24.613,liu2019_opf,OPF (force/stress mapped),per_state_force_stress_mapping,2.946652002933736,3.6724051029251457,-0.19762337750084602,0.19762337750084602,0.17031509340352502,0.30047833195860907,0.9231787485844035,0.0,false,1.0296382427215574,StressRootBisection,75,true,false,true,true,true,true,true,-0.1829000153703183,0.7360067522245359,0.20000000000000004,-0.056751081497087394,8.705863690704851e-7,2.1228151589613997e-6,mean-constrained Fourier nonlinear conjugate gradient,7.849968125273327e-8,Polyorder.Successful(),8.497203602626093e-7,4.5468344143210833e-7,0.05,0.051005626429515914,0.005,"Anderson(SD(0.1); m=10, warmup=100, αw=0.2)","VariableCell(BB(1.0), field_updater)",128,,,,,-1.0,-0.571955460154341,1.1415924760817044,0.06992689586118232,1.624751646797595,0.12008445207802092,cases/f0.2_chiN26/native_profiles.csv#model=liu2019_opf,accepted,model_gates_pass,,,,
liu2019-stress-free-period-map-v2,stress_free_lamellar_observable,f0.2_chiN26,0.2,26.0,24.613,ohta_kawasaki,Ohta-Kawasaki (recomputed),liu2019_ok_asymptotic_quadratic_mapped_c3_c4,3.0248462273680343,3.6724051029251457,-0.17633100309149374,0.17633100309149374,0.16305223367186705,0.3588665991864054,0.8778780422187423,0.0,false,1.0017832159996034,StressRootBisection,137,true,false,true,true,true,true,true,-0.21565980024454312,0.6513752993066497,0.19999999999999998,-0.2007179046393741,3.662103526867154e-6,1.034770070440505e-5,mean-constrained Fourier nonlinear conjugate gradient,4.911540367497915e-8,Polyorder.Successful(),3.6847731196897384e-7,2.1137552341370314e-7,0.1,0.1023137823163361,0.01,"Anderson(SD(0.1); m=10, warmup=100, αw=0.2)","VariableCell(BB(1.0), field_updater)",128,,,,,-14.918386128413292,-2.141086840089596,5.062150105087511,1.5624999999999998,29.296874999999986,,cases/f0.2_chiN26/native_profiles.csv#model=ohta_kawasaki,accepted,model_gates_pass,,,,
liu2019-stress-free-period-map-v2,stress_free_lamellar_observable,f0.2_chiN26,0.2,26.0,24.613,uneyama_doi,Uneyama-Doi,not_applicable,NaN,3.6724051029251457,NaN,NaN,0.20228818017720185,0.013184613849885896,0.8658443716818441,0.99609375,false,NaN,failed,,false,false,false,false,true,false,false,NaN,NaN,NaN,NaN,NaN,NaN,mean-constrained fused-spectral L-BFGS with profile continuation,,Polyorder.Successful(),3.6847731196897384e-7,2.1137552341370314e-7,0.1,0.1023137823163361,0.01,"Anderson(SD(0.1); m=10, warmup=100, αw=0.2)","VariableCell(BB(1.0), field_updater)",,,,,,,,,,,,,rejected,solver_failure,all bootstrap-local Uneyama-Doi evaluations failed,,,
liu2019-stress-free-period-map-v2,stress_free_lamellar_observable,f0.2_chiN26,0.2,26.0,24.613,burp_ti,BURP-TI,not_applicable,3.025432207792162,3.6724051029251457,-0.17617143996931506,0.17617143996931506,0.11101632015713213,0.7027864857063182,0.9266536592915743,0.99609375,false,1.0181279281054338,BoundedKKTNewtonGMRES+AnalyticStressRoot,0,true,false,true,true,true,true,true,0.07313604780458648,0.3762186108430541,0.20000000000000004,-0.010249796061506833,0.0004943126409403225,0.0008847228245674188,bounded-KKT Newton-GMRES,5.1825052080049265e-6,Polyorder.Successful(),3.6847731196897384e-7,2.1137552341370314e-7,0.1,0.1023137823163361,0.01,"Anderson(SD(0.1); m=10, warmup=100, αw=0.2)","VariableCell(BB(1.0), field_updater)",128,64,256,1,,,,,,,,cases/f0.2_chiN26/native_profiles.csv#model=burp_ti,accepted,model_gates_pass,,,,
liu2019-stress-free-period-map-v2,stress_free_lamellar_observable,f0.2_chiN26,0.2,26.0,24.613,bvk2,BVK2,frozen_c2_evaluation,3.3439866918071393,3.6724051029251457,-0.08942869915315566,0.08942869915315566,0.05603921524362873,0.9242680818253565,0.9848046493773903,0.998046875,false,1.1253288813984996,FilteredUDThetaAnalyticCellStressRoot,16,true,false,true,true,true,true,true,0.05403529222176772,0.5122440554086224,0.19999999999999998,-0.0312407749605417,5.937651291641937e-8,1.0511188993543683e-7,oversampled filtered UD-theta L-BFGS with cosine-Newton polish,8.691773967228755e-9,Polyorder.Successful(),3.6847731196897384e-7,2.1137552341370314e-7,0.1,0.1023137823163361,0.01,"Anderson(SD(0.1); m=10, warmup=100, αw=0.2)","VariableCell(BB(1.0), field_updater)",256,,,,0.16,,,,,,,cases/f0.2_chiN26/native_profiles.csv#model=bvk2,accepted,model_gates_pass,,2,12.0,ud-theta-spectral-adaptive-k-physical-sensor-filter-oversampled-v2
liu2019-stress-free-period-map-v2,stress_free_lamellar_observable,f0.2_chiN27,0.2,27.0,24.613,scft,SCFT,reference,3.8282917974818926,3.8282917974818926,0.0,0.0,0.0,1.0,1.0,0.0,false,,Polyorder.cell_solve!,0,true,false,true,true,true,true,true,0.03671406111501098,0.7220786177904567,0.19999999999999965,3.2338512369903647,,,not_applicable,2.112741368006556e-7,Polyorder.Successful(),3.8053939741227685e-7,2.3826730712566144e-7,0.05,0.047853647468523657,0.005,"Anderson(SD(0.1); m=10, warmup=100, αw=0.2)","VariableCell(BB(1.0), field_updater)",80,,,,,,,,,,,cases/f0.2_chiN27/native_profiles.csv#model=scft,accepted,reference_gates_pass,,,,Polyorder pseudospectral SCFT
liu2019-stress-free-period-map-v2,stress_free_lamellar_observable,f0.2_chiN27,0.2,27.0,24.613,liu2019_opf,OPF (force/stress mapped),per_state_force_stress_mapping,3.01554324852131,3.8282917974818926,-0.21230057476161523,0.21230057476161523,0.16957045887248262,0.4565984005678628,0.9129597269008787,0.0,false,1.0430809736251834,StressRootBisection,74,true,false,true,true,true,true,true,-0.1764765981626754,0.75958256092337,0.2,-0.07909624129011174,9.234999329734325e-7,2.308102465792272e-6,mean-constrained Fourier nonlinear conjugate gradient,2.9611402607033883e-8,Polyorder.Successful(),3.8053939741227685e-7,2.3826730712566144e-7,0.05,0.047853647468523657,0.005,"Anderson(SD(0.1); m=10, warmup=100, αw=0.2)","VariableCell(BB(1.0), field_updater)",128,,,,,-1.0,-0.6733220715386661,1.3705157919821178,0.06250139368926405,1.3945016229534377,0.13949728434375078,cases/f0.2_chiN27/native_profiles.csv#model=liu2019_opf,accepted,model_gates_pass,,,,
liu2019-stress-free-period-map-v2,stress_free_lamellar_observable,f0.2_chiN27,0.2,27.0,24.613,ohta_kawasaki,Ohta-Kawasaki (recomputed),liu2019_ok_asymptotic_quadratic_mapped_c3_c4,3.0373409100182407,3.8282917974818926,-0.20660673984775924,0.20660673984775924,0.16299118980672547,0.4979479073597345,0.870761603027334,0.0,false,1.0059212654829022,StressRootBisection,63,true,false,true,true,true,true,true,-0.20848147812891438,0.6754535268682931,0.20000000000000004,-0.36679853539921226,7.190504826399055e-6,1.7097596743731458e-5,mean-constrained Fourier nonlinear conjugate gradient,5.998453951769306e-8,Polyorder.Successful(),5.883305987534925e-7,3.5113289342862885e-7,0.1,0.10661560323594076,0.01,"Anderson(SD(0.1); m=10, warmup=100, αw=0.2)","VariableCell(BB(1.0), field_updater)",128,,,,,-15.918386128413292,-4.151160876487309,8.645253261293988,1.5624999999999998,29.296874999999986,,cases/f0.2_chiN27/native_profiles.csv#model=ohta_kawasaki,accepted,model_gates_pass,,,,
liu2019-stress-free-period-map-v2,stress_free_lamellar_observable,f0.2_chiN27,0.2,27.0,24.613,uneyama_doi,Uneyama-Doi,not_applicable,NaN,3.8282917974818926,NaN,NaN,0.0580163117176005,0.936390679943351,0.9822724965832198,0.99609375,false,NaN,failed,,false,false,false,false,true,false,false,NaN,NaN,NaN,NaN,NaN,NaN,mean-constrained fused-spectral L-BFGS with profile continuation,,Polyorder.Successful(),5.883305987534925e-7,3.5113289342862885e-7,0.1,0.10661560323594076,0.01,"Anderson(SD(0.1); m=10, warmup=100, αw=0.2)","VariableCell(BB(1.0), field_updater)",,,,,,,,,,,,,rejected,solver_failure,all bootstrap-local Uneyama-Doi evaluations failed,,,
liu2019-stress-free-period-map-v2,stress_free_lamellar_observable,f0.2_chiN27,0.2,27.0,24.613,burp_ti,BURP-TI,not_applicable,3.078514493647357,3.8282917974818926,-0.19585166008706834,0.19585166008706834,0.11213191761700465,0.762382172922784,0.9308421466532358,0.99609375,false,1.0359913452984073,BoundedKKTNewtonGMRES+AnalyticStressRoot,0,true,false,true,true,true,true,true,0.04930271541802274,0.438403741256992,0.20000000000000004,-0.030157667102792773,0.0004343917850245237,0.0007799546729909679,bounded-KKT Newton-GMRES,3.738852569617013e-5,Polyorder.Successful(),5.883305987534925e-7,3.5113289342862885e-7,0.1,0.10661560323594076,0.01,"Anderson(SD(0.1); m=10, warmup=100, αw=0.2)","VariableCell(BB(1.0), field_updater)",128,64,256,1,,,,,,,,cases/f0.2_chiN27/native_profiles.csv#model=burp_ti,accepted,model_gates_pass,,,,
liu2019-stress-free-period-map-v2,stress_free_lamellar_observable,f0.2_chiN27,0.2,27.0,24.613,bvk2,BVK2,frozen_c2_evaluation,3.4687442921936706,3.8282917974818926,-0.09391852144727286,0.09391852144727286,0.055655624172291335,0.9414613824442568,0.9859981633417324,0.498046875,false,1.1673127000640775,FilteredUDThetaAnalyticCellStressRoot,18,true,false,true,true,true,true,true,0.03877053756255718,0.5860650313994225,0.20000000000000007,-0.07474191702867294,8.600922605375238e-12,3.450834586823983e-11,oversampled filtered UD-theta L-BFGS with cosine-Newton polish,1.1347589534693725e-12,Polyorder.Successful(),5.883305987534925e-7,3.5113289342862885e-7,0.1,0.10661560323594076,0.01,"Anderson(SD(0.1); m=10, warmup=100, αw=0.2)","VariableCell(BB(1.0), field_updater)",256,,,,0.16,,,,,,,cases/f0.2_chiN27/native_profiles.csv#model=bvk2,accepted,model_gates_pass,,2,12.0,ud-theta-spectral-adaptive-k-physical-sensor-filter-oversampled-v2
liu2019-stress-free-period-map-v2,stress_free_lamellar_observable,f0.2_chiN28,0.2,28.0,24.613,scft,SCFT,reference,3.948217506915592,3.948217506915592,0.0,0.0,0.0,1.0,1.0,0.0,false,,Polyorder.cell_solve!,25,true,false,true,true,true,true,true,0.029432239729914267,0.7710956719122495,0.1999999999999996,3.336265183331972,,,not_applicable,1.2972197868890085e-6,Polyorder.Successful(),8.51335126903521e-7,6.030859265529726e-7,0.1,0.10967270852543311,0.01,"Anderson(SD(0.1); m=10, warmup=100, αw=0.2)","VariableCell(BB(1.0), field_updater)",36,,,,,,,,,,,cases/f0.2_chiN28/native_profiles.csv#model=scft,accepted,reference_gates_pass,,,,
liu2019-stress-free-period-map-v2,stress_free_lamellar_observable,f0.2_chiN28,0.2,28.0,24.613,liu2019_opf,OPF (force/stress mapped),per_state_force_stress_mapping,3.089530545891283,3.948217506915592,-0.21748724823803545,0.21748724823803545,0.16960061043380975,0.5303083324880393,0.9108081739155538,0.0,false,1.0604214906692504,StressRootBisection,74,true,false,true,true,true,true,true,-0.16607535419163866,0.7794538595720495,0.20000000000000004,-0.10248984304770895,1.1967297094619171e-6,2.8272592991207546e-6,mean-constrained Fourier nonlinear conjugate gradient,6.729764501333879e-9,Polyorder.Successful(),8.51335126903521e-7,6.030859265529726e-7,0.1,0.10967270852543311,0.01,"Anderson(SD(0.1); m=10, warmup=100, αw=0.2)","VariableCell(BB(1.0), field_updater)",128,,,,,-1.0,-0.7911605151056631,1.5827212208965924,0.05552388834586036,1.2010012366088152,0.15373349640654202,cases/f0.2_chiN28/native_profiles.csv#model=liu2019_opf,accepted,model_gates_pass,,,,
liu2019-stress-free-period-map-v2,stress_free_lamellar_observable,f0.2_chiN28,0.2,28.0,24.613,ohta_kawasaki,Ohta-Kawasaki (recomputed),liu2019_ok_asymptotic_quadratic_mapped_c3_c4,3.055137409338912,3.948217506915592,-0.2261983024016242,0.2261983024016242,0.16318252591879936,0.5651841804553417,0.8713423555217819,0.0,false,1.0118151962757111,StressRootBisection,78,true,false,true,true,true,true,true,-0.20049722003357096,0.6967085721350588,0.2,-0.5501481028665118,5.644748444701125e-6,1.3193403469946574e-5,mean-constrained Fourier nonlinear conjugate gradient,2.991728022549624e-8,Polyorder.Successful(),8.51335126903521e-7,6.030859265529726e-7,0.1,0.10967270852543311,0.01,"Anderson(SD(0.1); m=10, warmup=100, αw=0.2)","VariableCell(BB(1.0), field_updater)",128,,,,,-16.918386128413292,-6.206960912885025,12.219400837500466,1.5624999999999998,29.296874999999986,,cases/f0.2_chiN28/native_profiles.csv#model=ohta_kawasaki,accepted,model_gates_pass,,,,
liu2019-stress-free-period-map-v2,stress_free_lamellar_observable,f0.2_chiN28,0.2,28.0,24.613,uneyama_doi,Uneyama-Doi,not_applicable,5.318855905179734,3.948217506915592,0.3471537208533646,0.3471537208533646,0.09094661874500092,0.8649386307698459,0.9322218742543195,0.99609375,false,1.7899180582148435,BootstrapLocal,45,false,true,true,false,true,true,true,0.05444528600086598,0.7948227661161013,0.20000000000025214,-0.11757230935955665,8.73250998005559e-7,2.3579985350963284e-6,mean-constrained fused-spectral L-BFGS with profile continuation,,Polyorder.Successful(),8.51335126903521e-7,6.030859265529726e-7,0.1,0.10967270852543311,0.01,"Anderson(SD(0.1); m=10, warmup=100, αw=0.2)","VariableCell(BB(1.0), field_updater)",128,,,2,,,,,,,,cases/f0.2_chiN28/native_profiles.csv#model=uneyama_doi,provisional,no_bracketed_primitive_period_minimum,,,,
liu2019-stress-free-period-map-v2,stress_free_lamellar_observable,f0.2_chiN28,0.2,28.0,24.613,burp_ti,BURP-TI,not_applicable,3.142651756587532,3.948217506915592,-0.20403276894372013,0.20403276894372013,0.10862497215748285,0.8073285393087618,0.939430647754806,0.99609375,false,1.0575750180257122,BoundedKKTNewtonGMRES+AnalyticStressRoot,0,true,false,true,true,true,true,true,0.03598190186836524,0.49151602122994964,0.20000000000000012,-0.06076032185614244,0.00047141376962040685,0.0009524079008755848,bounded-KKT Newton-GMRES,6.002150696338323e-5,Polyorder.Successful(),8.51335126903521e-7,6.030859265529726e-7,0.1,0.10967270852543311,0.01,"Anderson(SD(0.1); m=10, warmup=100, αw=0.2)","VariableCell(BB(1.0), field_updater)",128,64,256,1,,,,,,,,cases/f0.2_chiN28/native_profiles.csv#model=burp_ti,accepted,model_gates_pass,,,,
liu2019-stress-free-period-map-v2,stress_free_lamellar_observable,f0.2_chiN28,0.2,28.0,24.613,bvk2,BVK2,frozen_c2_evaluation,3.573714930672042,3.948217506915592,-0.09485358280985823,0.09485358280985823,0.05330753541477622,0.9535943481532435,0.9876358166464958,0.998046875,false,1.2026377482970638,FilteredUDThetaAnalyticCellStressRoot,21,true,false,true,true,true,true,true,0.02924016821102116,0.6411394200635213,0.1999999999999999,-0.13406432168161342,1.2656270223897045e-11,4.695837390187609e-11,oversampled filtered UD-theta L-BFGS with cosine-Newton polish,2.341547955531098e-9,Polyorder.Successful(),8.51335126903521e-7,6.030859265529726e-7,0.1,0.10967270852543311,0.01,"Anderson(SD(0.1); m=10, warmup=100, αw=0.2)","VariableCell(BB(1.0), field_updater)",256,,,,0.16,,,,,,,cases/f0.2_chiN28/native_profiles.csv#model=bvk2,accepted,model_gates_pass,,2,12.0,ud-theta-spectral-adaptive-k-physical-sensor-filter-oversampled-v2
liu2019-stress-free-period-map-v2,stress_free_lamellar_observable,f0.2_chiN29,0.2,29.0,24.613,scft,SCFT,reference,4.035533476621409,4.035533476621409,0.0,0.0,0.0,1.0,1.0,0.0,false,,Polyorder.cell_solve!,23,true,false,true,true,true,true,true,0.023857508929871672,0.805094490205694,0.19999999999999957,3.431100763004526,,,not_applicable,1.0074609656187462e-6,Polyorder.Successful(),2.924696938076255e-7,1.895696194993755e-7,0.1,0.11209815212837247,0.01,"Anderson(SD(0.1); m=10, warmup=100, αw=0.2)","VariableCell(BB(1.0), field_updater)",36,,,,,,,,,,,cases/f0.2_chiN29/native_profiles.csv#model=scft,accepted,reference_gates_pass,,,,
liu2019-stress-free-period-map-v2,stress_free_lamellar_observable,f0.2_chiN29,0.2,29.0,24.613,liu2019_opf,OPF (force/stress mapped),per_state_force_stress_mapping,3.1528933122395704,4.035533476621409,-0.21871709638766135,0.21871709638766135,0.17298738002536884,0.5601689108082062,0.9085727267339897,0.0,false,1.074332857131958,StressRootBisection,73,true,false,true,true,true,true,true,-0.16295458054516437,0.7989636635797213,0.20000000000000004,-0.12293138562552627,9.430432569313023e-7,2.779978361844293e-6,mean-constrained Fourier nonlinear conjugate gradient,1.1966603119912437e-8,Polyorder.Successful(),2.924696938076255e-7,1.895696194993755e-7,0.1,0.11209815212837247,0.01,"Anderson(SD(0.1); m=10, warmup=100, αw=0.2)","VariableCell(BB(1.0), field_updater)",128,,,,,-1.0,-0.8659763508519503,1.676074629299223,0.05127962088366825,1.0774139914415735,0.16301206874858223,cases/f0.2_chiN29/native_profiles.csv#model=liu2019_opf,accepted,model_gates_pass,,,,
liu2019-stress-free-period-map-v2,stress_free_lamellar_observable,f0.2_chiN29,0.2,29.0,24.613,ohta_kawasaki,Ohta-Kawasaki (recomputed),liu2019_ok_asymptotic_quadratic_mapped_c3_c4,3.076655347057478,4.035533476621409,-0.23760876600798608,0.23760876600798608,0.16319844401607977,0.6085384519844971,0.8739978950904979,0.0,false,1.0189416110515594,StressRootBisection,78,true,false,true,true,true,true,true,-0.19238882385283074,0.715638551057806,0.2,-0.751045282962981,3.687316660706112e-6,8.572200566270283e-6,mean-constrained Fourier nonlinear conjugate gradient,5.7297336897484845e-8,Polyorder.Successful(),2.924696938076255e-7,1.895696194993755e-7,0.1,0.11209815212837247,0.01,"Anderson(SD(0.1); m=10, warmup=100, αw=0.2)","VariableCell(BB(1.0), field_updater)",128,,,,,-17.918386128413292,-8.308486949282738,15.784592833706942,1.5624999999999998,29.296874999999986,,cases/f0.2_chiN29/native_profiles.csv#model=ohta_kawasaki,accepted,model_gates_pass,,,,
liu2019-stress-free-period-map-v2,stress_free_lamellar_observable,f0.2_chiN29,0.2,29.0,24.613,uneyama_doi,Uneyama-Doi,not_applicable,5.318855905179734,4.035533476621409,0.31800564559626343,0.31800564559626343,0.08802661935271905,0.8861101219225586,0.943058766665812,0.99609375,false,1.7899180582148435,BootstrapLocal,57,false,true,true,false,true,true,true,0.04721423724626776,0.8308332929693987,0.20000000000062157,-0.22609555553213334,4.5627577217172753e-7,1.580250138744077e-6,mean-constrained fused-spectral L-BFGS with profile continuation,,Polyorder.Successful(),2.924696938076255e-7,1.895696194993755e-7,0.1,0.11209815212837247,0.01,"Anderson(SD(0.1); m=10, warmup=100, αw=0.2)","VariableCell(BB(1.0), field_updater)",128,,,2,,,,,,,,cases/f0.2_chiN29/native_profiles.csv#model=uneyama_doi,provisional,no_bracketed_primitive_period_minimum,,,,
liu2019-stress-free-period-map-v2,stress_free_lamellar_observable,f0.2_chiN29,0.2,29.0,24.613,burp_ti,BURP-TI,not_applicable,3.214969862657292,4.035533476621409,-0.20333460711397733,0.20333460711397733,0.10340751190185138,0.8428330378018452,0.9483373277467052,0.99609375,false,1.0819117337213005,BoundedKKTNewtonGMRES+AnalyticStressRoot,0,true,false,true,true,true,true,true,0.028185314714766936,0.539379073809126,0.19999999999999996,-0.10252385967093791,0.0004935028225333003,0.0011009440251879,bounded-KKT Newton-GMRES,4.409286540819695e-5,Polyorder.Successful(),2.924696938076255e-7,1.895696194993755e-7,0.1,0.11209815212837247,0.01,"Anderson(SD(0.1); m=10, warmup=100, αw=0.2)","VariableCell(BB(1.0), field_updater)",128,64,256,1,,,,,,,,cases/f0.2_chiN29/native_profiles.csv#model=burp_ti,accepted,model_gates_pass,,,,
liu2019-stress-free-period-map-v2,stress_free_lamellar_observable,f0.2_chiN29,0.2,29.0,24.613,bvk2,BVK2,frozen_c2_evaluation,3.6659841070134864,4.035533476621409,-0.09157385801624252,0.09157385801624252,0.0511487176261217,0.9615442687287116,0.9889456044173859,0.498046875,false,1.2336884606860432,FilteredUDThetaAnalyticCellStressRoot,21,true,false,true,true,true,true,true,0.022644328479288482,0.6845940236296717,0.19999999999999996,-0.2077004899005489,1.3065730318026622e-11,6.366073403470441e-11,oversampled filtered UD-theta L-BFGS with cosine-Newton polish,9.151568391985165e-13,Polyorder.Successful(),2.924696938076255e-7,1.895696194993755e-7,0.1,0.11209815212837247,0.01,"Anderson(SD(0.1); m=10, warmup=100, αw=0.2)","VariableCell(BB(1.0), field_updater)",256,,,,0.16,,,,,,,cases/f0.2_chiN29/native_profiles.csv#model=bvk2,accepted,model_gates_pass,,2,12.0,ud-theta-spectral-adaptive-k-physical-sensor-filter-oversampled-v2
liu2019-stress-free-period-map-v2,stress_free_lamellar_observable,f0.2_chiN30,0.2,30.0,24.613,scft,SCFT,reference,4.109142921467985,4.109142921467985,0.0,0.0,0.0,1.0,1.0,0.0,false,,Polyorder.cell_solve!,44,true,false,true,true,true,true,true,0.019595394967679286,0.8306287897208543,0.2000000000000004,3.519620537625218,,,not_applicable,1.1222602931862084e-6,Polyorder.Successful(),5.216351800874601e-7,2.9627887237282556e-7,0.1,0.11414285892966625,0.01,"Anderson(SD(0.1); m=10, warmup=100, αw=0.2)","VariableCell(BB(1.0), field_updater)",36,,,,,,,,,,,cases/f0.2_chiN30/native_profiles.csv#model=scft,accepted,reference_gates_pass,,,,
liu2019-stress-free-period-map-v2,stress_free_lamellar_observable,f0.2_chiN30,0.2,30.0,24.613,liu2019_opf,OPF (force/stress mapped),per_state_force_stress_mapping,3.2109213448376237,4.109142921467985,-0.21859097962683494,0.21859097962683494,0.17650174583421774,0.5773362201132789,0.9067527975514138,0.00390625,false,1.087172269821167,StressRootBisection,73,true,false,true,true,true,true,true,-0.16104070915685043,0.815105095645436,0.19999999999999996,-0.14213140814015973,6.524379434777216e-7,1.3391902456139082e-6,mean-constrained Fourier nonlinear conjugate gradient,3.5148377151971716e-8,Polyorder.Successful(),5.216351800874601e-7,2.9627887237282556e-7,0.1,0.11414285892966625,0.01,"Anderson(SD(0.1); m=10, warmup=100, αw=0.2)","VariableCell(BB(1.0), field_updater)",128,,,,,-1.0,-0.9276843692135971,1.742037799724856,0.0478671095846783,0.9804635985241781,0.1700702884506729,cases/f0.2_chiN30/native_profiles.csv#model=liu2019_opf,accepted,model_gates_pass,,,,
liu2019-stress-free-period-map-v2,stress_free_lamellar_observable,f0.2_chiN30,0.2,30.0,24.613,ohta_kawasaki,Ohta-Kawasaki (recomputed),liu2019_ok_asymptotic_quadratic_mapped_c3_c4,3.100637488133004,4.109142921467985,-0.24542963158231879,0.24542963158231879,0.16302443840919992,0.6394193250958295,0.8773758437530318,0.00390625,false,1.0268841326236728,StressRootBisection,78,true,false,true,true,true,true,true,-0.18446444812257295,0.7325052327226746,0.2,-0.9695274890165106,3.5516195109698555e-6,7.918927956485078e-6,mean-constrained Fourier nonlinear conjugate gradient,9.072843662354858e-8,Polyorder.Successful(),5.216351800874601e-7,2.9627887237282556e-7,0.1,0.11414285892966625,0.01,"Anderson(SD(0.1); m=10, warmup=100, αw=0.2)","VariableCell(BB(1.0), field_updater)",128,,,,,-18.918386128413292,-10.455738985680451,19.340829249913423,1.5624999999999998,29.296874999999986,,cases/f0.2_chiN30/native_profiles.csv#model=ohta_kawasaki,accepted,model_gates_pass,,,,
liu2019-stress-free-period-map-v2,stress_free_lamellar_observable,f0.2_chiN30,0.2,30.0,24.613,uneyama_doi,Uneyama-Doi,not_applicable,5.138160017443366,4.109142921467985,0.2504213447041084,0.2504213447041084,0.07710325214068454,0.919342934966215,0.9604982900383547,0.5,false,1.729109711782763,BootstrapLocal,68,true,false,true,true,true,true,true,0.04244575044140216,0.8518786338861846,0.20000000000018883,-0.33772208103844603,8.888402855099805e-7,2.035068201067247e-6,mean-constrained fused-spectral L-BFGS with profile continuation,,Polyorder.Successful(),5.216351800874601e-7,2.9627887237282556e-7,0.1,0.11414285892966625,0.01,"Anderson(SD(0.1); m=10, warmup=100, αw=0.2)","VariableCell(BB(1.0), field_updater)",128,,,1,,,,,,,,cases/f0.2_chiN30/native_profiles.csv#model=uneyama_doi,accepted,model_gates_pass,,,,
liu2019-stress-free-period-map-v2,stress_free_lamellar_observable,f0.2_chiN30,0.2,30.0,24.613,burp_ti,BURP-TI,not_applicable,3.2909877529730696,4.109142921467985,-0.19910603844429697,0.19910603844429697,0.09730615433572559,0.871537124295451,0.9564431881439922,0.0,false,1.1074935124062801,BoundedKKTNewtonGMRES+AnalyticStressRoot,0,true,false,true,true,true,true,true,0.02317079590039645,0.5828942531991647,0.2,-0.15582777006765314,0.0004829969936170222,0.0010666942877257668,bounded-KKT Newton-GMRES,1.3392176973175707e-5,Polyorder.Successful(),5.216351800874601e-7,2.9627887237282556e-7,0.1,0.11414285892966625,0.01,"Anderson(SD(0.1); m=10, warmup=100, αw=0.2)","VariableCell(BB(1.0), field_updater)",128,64,256,1,,,,,,,,cases/f0.2_chiN30/native_profiles.csv#model=burp_ti,accepted,model_gates_pass,,,,
liu2019-stress-free-period-map-v2,stress_free_lamellar_observable,f0.2_chiN30,0.2,30.0,24.613,bvk2,BVK2,frozen_c2_evaluation,3.749347703313954,4.109142921467985,-0.08755967485927563,0.08755967485927563,0.049087531868154184,0.9673056865089597,0.9900374028968248,0.5029296875,false,1.2617422393700322,FilteredUDThetaAnalyticCellStressRoot,22,true,false,true,true,true,true,true,0.01781629493085422,0.7200809266991035,0.2000000000000001,-0.2944512635620744,1.2256383846110952e-11,4.5564072992060844e-11,oversampled filtered UD-theta L-BFGS with cosine-Newton polish,2.96548852141143e-9,Polyorder.Successful(),5.216351800874601e-7,2.9627887237282556e-7,0.1,0.11414285892966625,0.01,"Anderson(SD(0.1); m=10, warmup=100, αw=0.2)","VariableCell(BB(1.0), field_updater)",256,,,,0.16,,,,,,,cases/f0.2_chiN30/native_profiles.csv#model=bvk2,accepted,model_gates_pass,,2,12.0,ud-theta-spectral-adaptive-k-physical-sensor-filter-oversampled-v2
liu2019-stress-free-period-map-v2,stress_free_lamellar_observable,f0.2_chiN31,0.2,31.0,24.613,scft,SCFT,reference,4.173615655567539,4.173615655567539,0.0,0.0,0.0,1.0,1.0,0.0,false,,Polyorder.cell_solve!,43,true,false,true,true,true,true,true,0.01629287923438182,0.8473364244327689,0.2,3.6028081958786426,,,not_applicable,9.853181129452773e-6,Polyorder.Successful(),7.717368971447158e-7,5.803943100240304e-7,0.1,0.11593376821020941,0.01,"Anderson(SD(0.1); m=10, warmup=100, αw=0.2)","VariableCell(BB(1.0), field_updater)",36,,,,,,,,,,,cases/f0.2_chiN31/native_profiles.csv#model=scft,accepted,reference_gates_pass,,,,
liu2019-stress-free-period-map-v2,stress_free_lamellar_observable,f0.2_chiN31,0.2,31.0,24.613,liu2019_opf,OPF (force/stress mapped),per_state_force_stress_mapping,3.26414627352792,4.173615655567539,-0.21790923196926404,0.21790923196926404,0.1799517878608291,0.5876991882349804,0.9050638726959908,0.01171875,false,1.098998308181763,StressRootBisection,73,true,false,true,true,true,true,true,-0.16041463453534338,0.8284983115491111,0.2,-0.16013844030748917,1.1335267527710934e-6,3.8345035486553325e-6,mean-constrained Fourier nonlinear conjugate gradient,6.899656563517977e-8,Polyorder.Successful(),7.717368971447158e-7,5.803943100240304e-7,0.1,0.11593376821020941,0.01,"Anderson(SD(0.1); m=10, warmup=100, αw=0.2)","VariableCell(BB(1.0), field_updater)",128,,,,,-1.0,-0.9795593267714088,1.7912313402432762,0.04504364067022855,0.9021164565500442,0.17558768715130266,cases/f0.2_chiN31/native_profiles.csv#model=liu2019_opf,accepted,model_gates_pass,,,,
liu2019-stress-free-period-map-v2,stress_free_lamellar_observable,f0.2_chiN31,0.2,31.0,24.613,ohta_kawasaki,Ohta-Kawasaki (recomputed),liu2019_ok_asymptotic_quadratic_mapped_c3_c4,3.1261283868467142,4.173615655567539,-0.25097837346941443,0.25097837346941443,0.1627369729620281,0.6628102803484429,0.880857140511184,0.01171875,false,1.0353263318538666,StressRootBisection,78,true,false,true,true,true,true,true,-0.17690571376143432,0.7475457307590392,0.2,-1.2054789295380148,6.619414423448574e-6,1.5956159648222723e-5,mean-constrained Fourier nonlinear conjugate gradient,6.379698194311435e-8,Polyorder.Successful(),7.717368971447158e-7,5.803943100240304e-7,0.1,0.11593376821020941,0.01,"Anderson(SD(0.1); m=10, warmup=100, αw=0.2)","VariableCell(BB(1.0), field_updater)",128,,,,,-19.918386128413292,-12.648717022078163,22.888110086119898,1.5624999999999998,29.296874999999986,,cases/f0.2_chiN31/native_profiles.csv#model=ohta_kawasaki,accepted,model_gates_pass,,,,
liu2019-stress-free-period-map-v2,stress_free_lamellar_observable,f0.2_chiN31,0.2,31.0,24.613,uneyama_doi,Uneyama-Doi,not_applicable,4.9997391127549315,4.173615655567539,0.19793951464729553,0.19793951464729553,0.06820421083147798,0.9407723863652611,0.9714890961655023,0.0078125,false,1.68252787513346,BootstrapLocal,68,true,false,true,true,true,true,true,0.038294753199218094,0.8679506533067313,0.2000000000000219,-0.45784513626653656,8.729990434651278e-7,2.4098369744152137e-6,mean-constrained fused-spectral L-BFGS with profile continuation,,Polyorder.Successful(),7.717368971447158e-7,5.803943100240304e-7,0.1,0.11593376821020941,0.01,"Anderson(SD(0.1); m=10, warmup=100, αw=0.2)","VariableCell(BB(1.0), field_updater)",128,,,1,,,,,,,,cases/f0.2_chiN31/native_profiles.csv#model=uneyama_doi,accepted,model_gates_pass,,,,
liu2019-stress-free-period-map-v2,stress_free_lamellar_observable,f0.2_chiN31,0.2,31.0,24.613,burp_ti,BURP-TI,not_applicable,3.3671468390064843,4.173615655567539,-0.1932302547996334,0.1932302547996334,0.09092348428143111,0.8947422703749832,0.9634318109105435,0.0078125,false,1.1331228067166588,BoundedKKTNewtonGMRES+AnalyticStressRoot,0,true,false,true,true,true,true,true,0.018648882061893857,0.6224348181737849,0.20000000000000012,-0.2207870674544019,0.00047644218846123185,0.0009764011687956042,bounded-KKT Newton-GMRES,8.184057135655594e-5,Polyorder.Successful(),7.717368971447158e-7,5.803943100240304e-7,0.1,0.11593376821020941,0.01,"Anderson(SD(0.1); m=10, warmup=100, αw=0.2)","VariableCell(BB(1.0), field_updater)",128,64,256,1,,,,,,,,cases/f0.2_chiN31/native_profiles.csv#model=burp_ti,accepted,model_gates_pass,,,,
liu2019-stress-free-period-map-v2,stress_free_lamellar_observable,f0.2_chiN31,0.2,31.0,24.613,bvk2,BVK2,frozen_c2_evaluation,3.826058514617503,4.173615655567539,-0.08327483161665827,0.08327483161665827,0.047165558931082416,0.9716741924659775,0.9909531575988341,0.5107421875,false,1.2875572019973933,FilteredUDThetaAnalyticCellStressRoot,24,true,false,true,true,true,true,true,0.014160225457295183,0.7497610009410554,0.19999999999999993,-0.3933288832835009,1.4558269885331218e-11,4.8883360899466774e-11,oversampled filtered UD-theta L-BFGS with cosine-Newton polish,7.96735655228531e-9,Polyorder.Successful(),7.717368971447158e-7,5.803943100240304e-7,0.1,0.11593376821020941,0.01,"Anderson(SD(0.1); m=10, warmup=100, αw=0.2)","VariableCell(BB(1.0), field_updater)",256,,,,0.16,,,,,,,cases/f0.2_chiN31/native_profiles.csv#model=bvk2,accepted,model_gates_pass,,2,12.0,ud-theta-spectral-adaptive-k-physical-sensor-filter-oversampled-v2
liu2019-stress-free-period-map-v2,stress_free_lamellar_observable,f0.2_chiN32,0.2,32.0,24.613,scft,SCFT,reference,4.231398693275463,4.231398693275463,0.0,0.0,0.0,1.0,1.0,0.0,false,,Polyorder.cell_solve!,1570,true,false,true,true,true,true,true,0.013520615851077097,0.869039117799696,0.19999999999999982,3.681414485691855,,,not_applicable,1.717677332406197e-6,Polyorder.Successful(),9.952886226286668e-7,5.356658938409607e-7,0.1,0.1175388525909851,0.01,"Anderson(SD(0.1); m=10, warmup=100, αw=0.2)","VariableCell(BB(1.0), field_updater)",36,,,,,,,,,,,cases/f0.2_chiN32/native_profiles.csv#model=scft,accepted,reference_gates_pass,,,,
liu2019-stress-free-period-map-v2,stress_free_lamellar_observable,f0.2_chiN32,0.2,32.0,24.613,liu2019_opf,OPF (force/stress mapped),per_state_force_stress_mapping,3.313677880233415,4.231398693275463,-0.21688356015718635,0.21688356015718635,0.1832031761273789,0.5942938391331539,0.903421534523568,0.00390625,false,1.1101764678955077,StressRootBisection,70,true,false,true,true,true,true,true,-0.16025489092408152,0.839527898724947,0.20000000000000007,-0.17718081239198263,8.757979221580472e-7,2.1659518563699187e-6,mean-constrained Fourier nonlinear conjugate gradient,4.2655007446672375e-8,Polyorder.Successful(),9.952886226286668e-7,5.356658938409607e-7,0.1,0.1175388525909851,0.01,"Anderson(SD(0.1); m=10, warmup=100, αw=0.2)","VariableCell(BB(1.0), field_updater)",128,,,,,-1.0,-1.025486195166972,1.8327249290274044,0.04258034550648947,0.8360948905528377,0.1800371375491317,cases/f0.2_chiN32/native_profiles.csv#model=liu2019_opf,accepted,model_gates_pass,,,,
liu2019-stress-free-period-map-v2,stress_free_lamellar_observable,f0.2_chiN32,0.2,32.0,24.613,ohta_kawasaki,Ohta-Kawasaki (recomputed),liu2019_ok_asymptotic_quadratic_mapped_c3_c4,3.152432245901042,4.231398693275463,-0.254990495007978,0.254990495007978,0.16242619366593158,0.6810976352432259,0.8841491736626466,0.00390625,false,1.0440377712249755,StressRootBisection,75,true,false,true,true,true,true,true,-0.16981811730898844,0.7609897356794861,0.2,-1.4587099362994311,4.151708265616543e-6,1.0156256819549014e-5,mean-constrained Fourier nonlinear conjugate gradient,1.5138006993572997e-8,Polyorder.Successful(),9.952886226286668e-7,5.356658938409607e-7,0.1,0.1175388525909851,0.01,"Anderson(SD(0.1); m=10, warmup=100, αw=0.2)","VariableCell(BB(1.0), field_updater)",128,,,,,-20.918386128413292,-14.88742105847588,26.426435342326375,1.5624999999999998,29.296874999999986,,cases/f0.2_chiN32/native_profiles.csv#model=ohta_kawasaki,accepted,model_gates_pass,,,,
liu2019-stress-free-period-map-v2,stress_free_lamellar_observable,f0.2_chiN32,0.2,32.0,24.613,uneyama_doi,Uneyama-Doi,not_applicable,4.941327512102149,4.231398693275463,0.16777639506173325,0.16777639506173325,0.06303196640310642,0.951975006194595,0.9770536123739507,0.5,false,1.662871020223021,BootstrapLocal,64,true,false,true,true,true,true,true,0.03456807493243695,0.8825930440843875,0.20000000000007997,-0.5908318847803598,8.643730369710622e-7,2.325182086870825e-6,mean-constrained fused-spectral L-BFGS with profile continuation,,Polyorder.Successful(),9.952886226286668e-7,5.356658938409607e-7,0.1,0.1175388525909851,0.01,"Anderson(SD(0.1); m=10, warmup=100, αw=0.2)","VariableCell(BB(1.0), field_updater)",128,,,1,,,,,,,,cases/f0.2_chiN32/native_profiles.csv#model=uneyama_doi,accepted,model_gates_pass,,,,
liu2019-stress-free-period-map-v2,stress_free_lamellar_observable,f0.2_chiN32,0.2,32.0,24.613,burp_ti,BURP-TI,not_applicable,3.4403757262380563,4.231398693275463,-0.1869412514340708,0.1869412514340708,0.08472301541587247,0.9132342321228981,0.9692152344720781,0.0,false,1.1577660213431584,BoundedKKTNewtonGMRES+AnalyticStressRoot,0,true,false,true,true,true,true,true,0.014606755105569275,0.658033952108762,0.20000000000000007,-0.29716498261467006,0.0004835244812954358,0.0009954818328345993,bounded-KKT Newton-GMRES,2.004633421428056e-6,Polyorder.Successful(),9.952886226286668e-7,5.356658938409607e-7,0.1,0.1175388525909851,0.01,"Anderson(SD(0.1); m=10, warmup=100, αw=0.2)","VariableCell(BB(1.0), field_updater)",128,64,256,1,,,,,,,,cases/f0.2_chiN32/native_profiles.csv#model=burp_ti,accepted,model_gates_pass,,,,
liu2019-stress-free-period-map-v2,stress_free_lamellar_observable,f0.2_chiN32,0.2,32.0,24.613,bvk2,BVK2,frozen_c2_evaluation,3.8975495650718455,4.231398693275463,-0.07889805532486704,0.07889805532486704,0.04537640046838979,0.9751094244844625,0.9917336575466161,0.5029296875,false,1.311615594345334,FilteredUDThetaAnalyticCellStressRoot,24,true,false,true,true,true,true,true,0.011330188564822902,0.7750284429247064,0.20000000000000004,-0.5034978270829021,1.3060328093702853e-11,5.7871192049832416e-11,oversampled filtered UD-theta L-BFGS with cosine-Newton polish,2.2894828255459743e-9,Polyorder.Successful(),9.952886226286668e-7,5.356658938409607e-7,0.1,0.1175388525909851,0.01,"Anderson(SD(0.1); m=10, warmup=100, αw=0.2)","VariableCell(BB(1.0), field_updater)",256,,,,0.16,,,,,,,cases/f0.2_chiN32/native_profiles.csv#model=bvk2,accepted,model_gates_pass,,2,12.0,ud-theta-spectral-adaptive-k-physical-sensor-filter-oversampled-v2
liu2019-stress-free-period-map-v2,stress_free_lamellar_observable,f0.2_chiN33,0.2,33.0,24.613,scft,SCFT,reference,4.28421983031873,4.28421983031873,0.0,0.0,0.0,1.0,1.0,0.0,false,,Polyorder.cell_solve!,69,true,false,true,true,true,true,true,0.011318541136180773,0.884050684036051,0.20000000000000007,3.7560256662678846,,,not_applicable,6.2464152088480995e-6,Polyorder.Successful(),6.798693460984476e-7,4.7287535254581804e-7,0.1,0.08925457979830688,0.01,"Anderson(SD(0.1); m=10, warmup=100, αw=0.2)","VariableCell(BB(1.0), field_updater)",48,,,,,,,,,,,cases/f0.2_chiN33/native_profiles.csv#model=scft,accepted,reference_gates_pass,,,,
liu2019-stress-free-period-map-v2,stress_free_lamellar_observable,f0.2_chiN33,0.2,33.0,24.613,liu2019_opf,OPF (force/stress mapped),per_state_force_stress_mapping,3.3594715308610494,4.28421983031873,-0.21584987140794853,0.21584987140794853,0.18691283550536408,0.598023149697571,0.9003682943171041,0.0,false,1.120546531677246,StressRootBisection,71,true,false,true,true,true,true,true,-0.16050040113244018,0.8488554950941283,0.19999999999999996,-0.19317528513193016,8.776612884995572e-7,2.1591881330662588e-6,mean-constrained Fourier nonlinear conjugate gradient,2.7718927106892323e-8,Polyorder.Successful(),6.798693460984476e-7,4.7287535254581804e-7,0.1,0.08925457979830688,0.01,"Anderson(SD(0.1); m=10, warmup=100, αw=0.2)","VariableCell(BB(1.0), field_updater)",128,,,,,-1.0,-1.0652782387522108,1.8659170927342186,0.04046890332692787,0.780686431638213,0.1836225064075953,cases/f0.2_chiN33/native_profiles.csv#model=liu2019_opf,accepted,model_gates_pass,,,,
liu2019-stress-free-period-map-v2,stress_free_lamellar_observable,f0.2_chiN33,0.2,33.0,24.613,ohta_kawasaki,Ohta-Kawasaki (recomputed),liu2019_ok_asymptotic_quadratic_mapped_c3_c4,3.1790619882904214,4.28421983031873,-0.2579601154467579,0.2579601154467579,0.16292465514651616,0.6945807459911686,0.8857863056206952,0.0,false,1.0528571382164955,StressRootBisection,78,true,false,true,true,true,true,true,-0.16325593954627882,0.773054800644698,0.20000000000000004,-1.7290172418859542,4.53646265371226e-6,1.081632794264209e-5,mean-constrained Fourier nonlinear conjugate gradient,3.929957730879369e-8,Polyorder.Successful(),6.798693460984476e-7,4.7287535254581804e-7,0.1,0.08925457979830688,0.01,"Anderson(SD(0.1); m=10, warmup=100, αw=0.2)","VariableCell(BB(1.0), field_updater)",128,,,,,-21.918386128413292,-17.171851094873592,29.955805018532846,1.5624999999999998,29.296874999999986,,cases/f0.2_chiN33/native_profiles.csv#model=ohta_kawasaki,accepted,model_gates_pass,,,,
liu2019-stress-free-period-map-v2,stress_free_lamellar_observable,f0.2_chiN33,0.2,33.0,24.613,uneyama_doi,Uneyama-Doi,not_applicable,4.907648207149503,4.28421983031873,0.14551736407615468,0.14551736407615468,0.05865532519224067,0.960414358700992,0.9813538921557783,0.99609375,false,1.651537154971255,BootstrapLocal,64,true,false,true,true,true,true,true,0.03125199535668573,0.8951550300515065,0.2000000000001562,-0.7333769443394136,8.822601886697586e-7,2.6705501969814804e-6,mean-constrained fused-spectral L-BFGS with profile continuation,,Polyorder.Successful(),6.798693460984476e-7,4.7287535254581804e-7,0.1,0.08925457979830688,0.01,"Anderson(SD(0.1); m=10, warmup=100, αw=0.2)","VariableCell(BB(1.0), field_updater)",128,,,1,,,,,,,,cases/f0.2_chiN33/native_profiles.csv#model=uneyama_doi,accepted,model_gates_pass,,,,
liu2019-stress-free-period-map-v2,stress_free_lamellar_observable,f0.2_chiN33,0.2,33.0,24.613,burp_ti,BURP-TI,not_applicable,3.5095000686686566,4.28421983031873,-0.1808310012869805,0.1808310012869805,0.08023593763534115,0.9259268769779485,0.9731771262861124,0.99609375,false,1.181027961689816,BoundedKKTNewtonGMRES+AnalyticStressRoot,0,true,false,true,true,true,true,true,0.01119408100027456,0.689849982230845,0.19999999999999987,-0.38453360227044353,0.0004511013950151096,0.0010118365316564848,bounded-KKT Newton-GMRES,4.067551654122461e-6,Polyorder.Successful(),6.798693460984476e-7,4.7287535254581804e-7,0.1,0.08925457979830688,0.01,"Anderson(SD(0.1); m=10, warmup=100, αw=0.2)","VariableCell(BB(1.0), field_updater)",128,64,256,1,,,,,,,,cases/f0.2_chiN33/native_profiles.csv#model=burp_ti,accepted,model_gates_pass,,,,
liu2019-stress-free-period-map-v2,stress_free_lamellar_observable,f0.2_chiN33,0.2,33.0,24.613,bvk2,BVK2,frozen_c2_evaluation,3.9647837935202803,4.28421983031873,-0.0745610751665573,0.0745610751665573,0.0450178750458564,0.9766810644103426,0.9919967292093979,0.498046875,false,1.3342414676111993,FilteredUDThetaAnalyticCellStressRoot,25,true,false,true,true,true,true,true,0.009106837938161983,0.7968390108235646,0.19999999999999998,-0.6242371889109798,1.817116156482094e-11,7.985075348593673e-11,oversampled filtered UD-theta L-BFGS with cosine-Newton polish,6.8199228486776065e-9,Polyorder.Successful(),6.798693460984476e-7,4.7287535254581804e-7,0.1,0.08925457979830688,0.01,"Anderson(SD(0.1); m=10, warmup=100, αw=0.2)","VariableCell(BB(1.0), field_updater)",256,,,,0.16,,,,,,,cases/f0.2_chiN33/native_profiles.csv#model=bvk2,accepted,model_gates_pass,,2,12.0,ud-theta-spectral-adaptive-k-physical-sensor-filter-oversampled-v2
liu2019-stress-free-period-map-v2,stress_free_lamellar_observable,f0.2_chiN34,0.2,34.0,24.613,scft,SCFT,reference,4.333173695564654,4.333173695564654,0.0,0.0,0.0,1.0,1.0,0.0,false,,Polyorder.cell_solve!,51,true,false,true,true,true,true,true,0.009504718394917129,0.8962111448480574,0.19999999999999984,3.8271201453157033,,,not_applicable,6.802289977298342e-7,Polyorder.Successful(),9.732410267103716e-7,7.055642629949579e-7,0.1,0.0902744519909303,0.01,"Anderson(SD(0.1); m=10, warmup=100, αw=0.2)","VariableCell(BB(1.0), field_updater)",48,,,,,,,,,,,cases/f0.2_chiN34/native_profiles.csv#model=scft,accepted,reference_gates_pass,,,,
liu2019-stress-free-period-map-v2,stress_free_lamellar_observable,f0.2_chiN34,0.2,34.0,24.613,liu2019_opf,OPF (force/stress mapped),per_state_force_stress_mapping,3.4024633701639004,4.333173695564654,-0.21478721851224414,0.21478721851224414,0.18996921073904252,0.5998495319145181,0.898603777049373,0.0,false,1.130400896072388,StressRootBisection,50,true,false,true,true,true,true,true,-0.16080180788403003,0.8567115467077815,0.20000000000000007,-0.2083336619010065,1.2729414502266499e-6,3.2328996610875294e-6,mean-constrained Fourier nonlinear conjugate gradient,6.516416341977547e-8,Polyorder.Successful(),9.732410267103716e-7,7.055642629949579e-7,0.1,0.0902744519909303,0.01,"Anderson(SD(0.1); m=10, warmup=100, αw=0.2)","VariableCell(BB(1.0), field_updater)",128,,,,,-1.0,-1.1012330782488953,1.8951664193138336,0.03858671383358148,0.7326784304902904,0.1865725782113387,cases/f0.2_chiN34/native_profiles.csv#model=liu2019_opf,accepted,model_gates_pass,,,,
liu2019-stress-free-period-map-v2,stress_free_lamellar_observable,f0.2_chiN34,0.2,34.0,24.613,ohta_kawasaki,Ohta-Kawasaki (recomputed),liu2019_ok_asymptotic_quadratic_mapped_c3_c4,3.205689746466974,4.333173695564654,-0.2601981892052352,0.2601981892052352,0.16277554837992766,0.7062112057894347,0.8884073299190431,0.0,false,1.0616758480668067,StressRootBisection,78,true,false,true,true,true,true,true,-0.15723663874417654,0.7839379691674457,0.20000000000000004,-2.016224315928009,5.568155702300016e-6,1.283018331754704e-5,mean-constrained Fourier nonlinear conjugate gradient,1.5268930822772898e-8,Polyorder.Successful(),9.732410267103716e-7,7.055642629949579e-7,0.1,0.0902744519909303,0.01,"Anderson(SD(0.1); m=10, warmup=100, αw=0.2)","VariableCell(BB(1.0), field_updater)",128,,,,,-22.918386128413292,-19.50200713127131,33.47621911473932,1.5624999999999998,29.296874999999986,,cases/f0.2_chiN34/native_profiles.csv#model=ohta_kawasaki,accepted,model_gates_pass,,,,
liu2019-stress-free-period-map-v2,stress_free_lamellar_observable,f0.2_chiN34,0.2,34.0,24.613,uneyama_doi,Uneyama-Doi,not_applicable,4.870635658688888,4.333173695564654,0.12403425315591865,0.12403425315591865,0.05473010459311628,0.9667868972745324,0.9844387549759263,0.99609375,false,1.6390815761679849,BootstrapLocal,64,true,false,true,true,true,true,true,0.028373381804197635,0.905424785467938,0.2000000000000309,-0.8814191242001064,8.184962389288736e-7,2.070924323582801e-6,mean-constrained fused-spectral L-BFGS with profile continuation,,Polyorder.Successful(),9.732410267103716e-7,7.055642629949579e-7,0.1,0.0902744519909303,0.01,"Anderson(SD(0.1); m=10, warmup=100, αw=0.2)","VariableCell(BB(1.0), field_updater)",128,,,1,,,,,,,,cases/f0.2_chiN34/native_profiles.csv#model=uneyama_doi,accepted,model_gates_pass,,,,
liu2019-stress-free-period-map-v2,stress_free_lamellar_observable,f0.2_chiN34,0.2,34.0,24.613,burp_ti,BURP-TI,not_applicable,3.574159845299393,4.333173695564654,-0.17516349530187814,0.17516349530187814,0.07497303282230162,0.9376743163146143,0.977046013790504,0.99609375,false,1.2027874723617982,BoundedKKTNewtonGMRES+AnalyticStressRoot,0,true,false,true,true,true,true,true,0.008396739929481865,0.7183220307300553,0.2,-0.48235264739122474,0.00045342311975729067,0.0009156682780790959,bounded-KKT Newton-GMRES,7.716913019918872e-6,Polyorder.Successful(),9.732410267103716e-7,7.055642629949579e-7,0.1,0.0902744519909303,0.01,"Anderson(SD(0.1); m=10, warmup=100, αw=0.2)","VariableCell(BB(1.0), field_updater)",128,64,256,1,,,,,,,,cases/f0.2_chiN34/native_profiles.csv#model=burp_ti,accepted,model_gates_pass,,,,
liu2019-stress-free-period-map-v2,stress_free_lamellar_observable,f0.2_chiN34,0.2,34.0,24.613,bvk2,BVK2,frozen_c2_evaluation,4.028439969923659,4.333173695564654,-0.07032575822033493,0.07032575822033493,0.04349815270106744,0.9790195234627618,0.9925993920133623,0.498046875,false,1.3556632435894427,FilteredUDThetaAnalyticCellStressRoot,28,true,false,true,true,true,true,true,0.0073420398550267454,0.8158788518729497,0.19999999999999998,-0.7549162445405878,4.309879944343623e-8,1.6564556267923175e-7,oversampled filtered UD-theta L-BFGS with cosine-Newton polish,7.84777065554465e-9,Polyorder.Successful(),9.732410267103716e-7,7.055642629949579e-7,0.1,0.0902744519909303,0.01,"Anderson(SD(0.1); m=10, warmup=100, αw=0.2)","VariableCell(BB(1.0), field_updater)",256,,,,0.16,,,,,,,cases/f0.2_chiN34/native_profiles.csv#model=bvk2,accepted,model_gates_pass,,2,12.0,ud-theta-spectral-adaptive-k-physical-sensor-filter-oversampled-v2
liu2019-stress-free-period-map-v2,stress_free_lamellar_observable,f0.2_chiN35,0.2,35.0,24.613,scft,SCFT,reference,4.378915371873517,4.378915371873517,0.0,0.0,0.0,1.0,1.0,0.0,false,,Polyorder.cell_solve!,126,true,false,true,true,true,true,true,0.008004412819772702,0.9066075792450968,0.2000000000000001,3.8950894555275255,,,not_applicable,6.712146034778248e-7,Polyorder.Successful(),8.85141969450895e-7,6.345363068747972e-7,0.1,0.09122740358069827,0.01,"Anderson(SD(0.1); m=10, warmup=100, αw=0.2)","VariableCell(BB(1.0), field_updater)",48,,,,,,,,,,,cases/f0.2_chiN35/native_profiles.csv#model=scft,accepted,reference_gates_pass,,,,
liu2019-stress-free-period-map-v2,stress_free_lamellar_observable,f0.2_chiN35,0.2,35.0,24.613,liu2019_opf,OPF (force/stress mapped),per_state_force_stress_mapping,3.442902232582175,4.378915371873517,-0.21375456244336355,0.21375456244336355,0.1928890434677638,0.6003910599620967,0.8968180343693263,0.0,false,1.139781618118286,StressRootBisection,50,true,false,true,true,true,true,true,-0.16115193997399518,0.8633886619610329,0.2,-0.2227006333619961,4.7336358234286774e-7,1.1261987169497445e-6,mean-constrained Fourier nonlinear conjugate gradient,5.7941821861442575e-8,Polyorder.Successful(),8.85141969450895e-7,6.345363068747972e-7,0.1,0.09122740358069827,0.01,"Anderson(SD(0.1); m=10, warmup=100, αw=0.2)","VariableCell(BB(1.0), field_updater)",128,,,,,-1.0,-1.1339155194856754,1.921215476674277,0.036898066773980324,0.6907341355480716,0.18901086806335846,cases/f0.2_chiN35/native_profiles.csv#model=liu2019_opf,accepted,model_gates_pass,,,,
liu2019-stress-free-period-map-v2,stress_free_lamellar_observable,f0.2_chiN35,0.2,35.0,24.613,ohta_kawasaki,Ohta-Kawasaki (recomputed),liu2019_ok_asymptotic_quadratic_mapped_c3_c4,3.2321049340337775,4.378915371873517,-0.2618937203504522,0.2618937203504522,0.16270886705522258,0.7156570145409159,0.8907129369484252,0.0,false,1.0704241577535871,StressRootBisection,80,true,false,true,true,true,true,true,-0.15175379073703527,0.7938137039823432,0.19999999999999998,-2.3202055949223777,9.120988462894202e-6,2.2204071367326605e-5,mean-constrained Fourier nonlinear conjugate gradient,8.753898642470365e-8,Polyorder.Successful(),8.85141969450895e-7,6.345363068747972e-7,0.1,0.09122740358069827,0.01,"Anderson(SD(0.1); m=10, warmup=100, αw=0.2)","VariableCell(BB(1.0), field_updater)",128,,,,,-23.918386128413292,-21.877889167669018,36.98767763094581,1.5624999999999998,29.296874999999986,,cases/f0.2_chiN35/native_profiles.csv#model=ohta_kawasaki,accepted,model_gates_pass,,,,
liu2019-stress-free-period-map-v2,stress_free_lamellar_observable,f0.2_chiN35,0.2,35.0,24.613,uneyama_doi,Uneyama-Doi,not_applicable,4.8696763300066195,4.378915371873517,0.11207363386955138,0.11207363386955138,0.05233917893078043,0.9705778850735416,0.9862007388426922,0.99609375,false,1.6387587398733439,BootstrapLocal,64,true,false,true,true,true,true,true,0.025795549038477104,0.9150943033869872,0.20000000000000043,-1.0420609701797754,6.966630694907951e-7,1.6128613342658582e-6,mean-constrained fused-spectral L-BFGS with profile continuation,,Polyorder.Successful(),8.85141969450895e-7,6.345363068747972e-7,0.1,0.09122740358069827,0.01,"Anderson(SD(0.1); m=10, warmup=100, αw=0.2)","VariableCell(BB(1.0), field_updater)",128,,,1,,,,,,,,cases/f0.2_chiN35/native_profiles.csv#model=uneyama_doi,accepted,model_gates_pass,,,,
liu2019-stress-free-period-map-v2,stress_free_lamellar_observable,f0.2_chiN35,0.2,35.0,24.613,burp_ti,BURP-TI,not_applicable,3.6343909586691514,4.378915371873517,-0.17002484633216863,0.17002484633216863,0.0701516779475192,0.947143767586868,0.9802267730354955,0.99609375,false,1.223056635394007,BoundedKKTNewtonGMRES+AnalyticStressRoot,0,true,false,true,true,true,true,true,0.006162227691595068,0.7438311829580759,0.2,-0.5900332141063704,0.0004965579900462044,0.001131231188267634,bounded-KKT Newton-GMRES,3.774231282670171e-6,Polyorder.Successful(),8.85141969450895e-7,6.345363068747972e-7,0.1,0.09122740358069827,0.01,"Anderson(SD(0.1); m=10, warmup=100, αw=0.2)","VariableCell(BB(1.0), field_updater)",128,64,256,1,,,,,,,,cases/f0.2_chiN35/native_profiles.csv#model=burp_ti,accepted,model_gates_pass,,,,
liu2019-stress-free-period-map-v2,stress_free_lamellar_observable,f0.2_chiN35,0.2,35.0,24.613,bvk2,BVK2,frozen_c2_evaluation,4.089018814331056,4.378915371873517,-0.0662028225995216,0.0662028225995216,0.04204720742601515,0.9810105627865787,0.9931416941478115,0.498046875,false,1.376049426160208,FilteredUDThetaAnalyticCellStressRoot,26,true,false,true,true,true,true,true,0.00593101469567569,0.832659607391536,0.20000000000000004,-0.8949785543982951,1.3759577114219376e-11,5.007916838099836e-11,oversampled filtered UD-theta L-BFGS with cosine-Newton polish,2.6820545784289607e-11,Polyorder.Successful(),8.85141969450895e-7,6.345363068747972e-7,0.1,0.09122740358069827,0.01,"Anderson(SD(0.1); m=10, warmup=100, αw=0.2)","VariableCell(BB(1.0), field_updater)",256,,,,0.16,,,,,,,cases/f0.2_chiN35/native_profiles.csv#model=bvk2,accepted,model_gates_pass,,2,12.0,ud-theta-spectral-adaptive-k-physical-sensor-filter-oversampled-v2
