schema,claim_kind,case_id,f,chiN,chiN_spinodal,model,model_label,calibration_role,period_rg,scft_period_rg,signed_period_error,abs_period_error,profile_rms,profile_r2,profile_correlation,alignment_shift_fraction,alignment_swapped,period_factor,period_optimizer,period_iterations,period_local_minimum_check_pass,period_boundary_limited,field_gate_pass,cell_gate_pass,resolution_gate_pass,composition_gate_pass,morphology_gate_pass,minimum_phi_a,maximum_phi_a,mean_phi_a,energy,reduced_field_residual_norm,reduced_field_residual_maxabs,reduced_field_protocol,stress_norm,scft_convergence,scft_residual_norm,scft_incompressibility_rms,scft_requested_spacing_rg,scft_actual_spacing_rg,scft_contour_step,scft_field_updater,scft_cell_updater,grid_count,quadrature_order,oversample_factor,sensor_filter_ratio,discretization_schema,field_iteration_cap,branch_dominant_mode,c2,opf_c2,opf_c3,opf_c4,opf_c5,opf_c6,opf_mapping_residual,native_profile,status,status_reason,error_message
liu2019-stress-free-period-map-v2,stress_free_lamellar_observable,f0.2_chiN36,0.2,36.0,24.613,scft,SCFT,reference,4.421992325929138,4.421992325929138,0.0,0.0,0.0,1.0,1.0,0.0,false,,Polyorder.cell_solve!,9,true,false,true,true,true,true,true,0.006756381580766524,0.9155818866998584,0.1999999999999993,3.960264533471161,,,not_applicable,8.280681163034075e-8,Polyorder.Successful(),1.1574778692417666e-7,8.247441361711034e-8,0.1,0.09212484012352372,0.01,"Anderson(SD(0.1); m=10, warmup=100, αw=0.2)","VariableCell(BB(1.0), field_updater)",48,,,,Polyorder pseudospectral SCFT,,,,,,,,,,cases/f0.2_chiN36/native_profiles.csv#model=scft,accepted,reference_gates_pass,
liu2019-stress-free-period-map-v2,stress_free_lamellar_observable,f0.2_chiN36,0.2,36.0,24.613,liu2019_opf,OPF (force/stress mapped),per_state_force_stress_mapping,3.48112675634838,4.421992325929138,-0.21276960705332426,0.21276960705332426,0.19568482576044352,0.599982023657546,0.8950144655448936,0.0,false,1.1487637996673583,StressRootBisection,50,true,false,true,true,true,true,true,-0.16147187111890499,0.8691025512126509,0.19999999999999998,-0.23635769403481774,6.541220162242527e-7,2.1091184886912195e-6,mean-constrained Fourier nonlinear conjugate gradient,6.043558175233063e-8,Polyorder.Successful(),1.1574778692417666e-7,8.247441361711034e-8,0.1,0.09212484012352372,0.01,"Anderson(SD(0.1); m=10, warmup=100, αw=0.2)","VariableCell(BB(1.0), field_updater)",128,,,,,,,,-1.0,-1.1639451491585262,1.9448976460660183,0.035366650792350865,0.653667698142677,0.19104055559835464,cases/f0.2_chiN36/native_profiles.csv#model=liu2019_opf,accepted,model_gates_pass,
liu2019-stress-free-period-map-v2,stress_free_lamellar_observable,f0.2_chiN36,0.2,36.0,24.613,uneyama_doi,Uneyama-Doi,not_applicable,4.859496238291457,4.421992325929138,0.09893818896901663,0.09893818896901663,0.049712770262013393,0.9741832755930668,0.987896100818235,0.99609375,false,1.6353329035055062,BootstrapLocal,64,true,false,true,true,true,true,true,0.023541581655604448,0.923091240458826,0.2000000000001171,-1.206955951653014,6.864700881810667e-7,1.7790257018646116e-6,mean-constrained fused-spectral L-BFGS with profile continuation,,Polyorder.Successful(),1.1574778692417666e-7,8.247441361711034e-8,0.1,0.09212484012352372,0.01,"Anderson(SD(0.1); m=10, warmup=100, αw=0.2)","VariableCell(BB(1.0), field_updater)",128,,,,,,1,,,,,,,,cases/f0.2_chiN36/native_profiles.csv#model=uneyama_doi,accepted,model_gates_pass,
liu2019-stress-free-period-map-v2,stress_free_lamellar_observable,f0.2_chiN36,0.2,36.0,24.613,burp_ti,BURP-TI,not_applicable,3.6904540885345294,4.421992325929138,-0.16543181974900867,0.16543181974900867,0.06574778821098587,0.9548427481889932,0.9828588049640066,0.99609375,false,1.2419231755550897,BoundedKKTNewtonGMRES+AnalyticStressRoot,2,true,false,true,true,true,true,true,0.004400014681573409,0.7667354572191634,0.19999999999999998,-0.7069856789989051,0.0004847965672458372,0.0010477668361552617,bounded-KKT Newton-GMRES,1.0885452147781011e-6,Polyorder.Successful(),1.1574778692417666e-7,8.247441361711034e-8,0.1,0.09212484012352372,0.01,"Anderson(SD(0.1); m=10, warmup=100, αw=0.2)","VariableCell(BB(1.0), field_updater)",128,64,,,,256,1,,,,,,,,cases/f0.2_chiN36/native_profiles.csv#model=burp_ti,accepted,model_gates_pass,
liu2019-stress-free-period-map-v2,stress_free_lamellar_observable,f0.2_chiN36,0.2,36.0,24.613,bvk2,BVK2,frozen_c2_evaluation,4.14690945435601,4.421992325929138,-0.062207903428536326,0.062207903428536326,0.041009471007370665,0.9824315461109409,0.9934648692682074,0.5,false,1.395530965767508,FilteredUDThetaAnalyticCellStressRoot,29,true,false,true,true,true,true,true,0.0047970395316117,0.8475766939200795,0.19999999999999998,-1.0439326725010454,2.616464538003308e-11,1.0431698911379231e-10,oversampled filtered UD-theta L-BFGS with cosine-Newton polish,2.6645352591003757e-15,Polyorder.Successful(),1.1574778692417666e-7,8.247441361711034e-8,0.1,0.09212484012352372,0.01,"Anderson(SD(0.1); m=10, warmup=100, αw=0.2)","VariableCell(BB(1.0), field_updater)",256,,2,12.0,ud-theta-spectral-adaptive-k-physical-sensor-filter-oversampled-v2,,,0.16,,,,,,,cases/f0.2_chiN36/native_profiles.csv#model=bvk2,accepted,model_gates_pass,
liu2019-stress-free-period-map-v2,stress_free_lamellar_observable,f0.2_chiN36,0.2,36.0,24.613,ohta_kawasaki,Ohta-Kawasaki (recomputed),liu2019_ok_asymptotic_quadratic_extrapolated_c3_c4,3.2581803723973266,4.421992325929138,-0.26318723954078194,0.26318723954078194,0.16273258648742395,0.7233604540877228,0.8927276408408654,0.0,false,1.0790599476546046,StressRootBisection,159,true,false,true,true,true,true,true,-0.1467855127815979,0.802833070905042,0.19999999999999998,-2.640898517479281,4.417178258571307e-6,1.054289531232655e-5,mean-constrained Fourier nonlinear conjugate gradient,3.13820729552598e-8,Polyorder.Successful(),1.1574778692417666e-7,8.247441361711034e-8,0.1,0.09212484012352372,0.01,"Anderson(SD(0.1); m=10, warmup=100, αw=0.2)","VariableCell(BB(1.0), field_updater)",128,,,,,,,,-24.918386128413292,-24.299497204066725,40.49018056715229,1.5624999999999998,29.296874999999986,,cases/f0.2_chiN36/native_profiles.csv#model=ohta_kawasaki,accepted,model_gates_pass,
liu2019-stress-free-period-map-v2,stress_free_lamellar_observable,f0.2_chiN37,0.2,37.0,24.613,scft,SCFT,reference,4.462812711696165,4.462812711696165,0.0,0.0,0.0,1.0,1.0,0.0,false,,Polyorder.cell_solve!,15,true,false,true,true,true,true,true,0.005712335667464872,0.9233579661054492,0.19999999999999996,4.022923276539938,,,not_applicable,3.524977973942328e-8,Polyorder.Successful(),1.6016837935761843e-7,1.0693614653675701e-7,0.1,0.09297526482700343,0.01,"Anderson(SD(0.1); m=10, warmup=100, αw=0.2)","VariableCell(BB(1.0), field_updater)",48,,,,Polyorder pseudospectral SCFT,,,,,,,,,,cases/f0.2_chiN37/native_profiles.csv#model=scft,accepted,reference_gates_pass,
liu2019-stress-free-period-map-v2,stress_free_lamellar_observable,f0.2_chiN37,0.2,37.0,24.613,liu2019_opf,OPF (force/stress mapped),per_state_force_stress_mapping,3.517410188406944,4.462812711696165,-0.21184006239193154,0.21184006239193154,0.19838361080843636,0.5987880326627397,0.8931712960287095,0.0,false,1.1574005126953124,StressRootBisection,44,true,false,true,true,true,true,true,-0.16176596175322222,0.8740201216034624,0.20000000000000004,-0.24936765966774183,4.660093431796889e-7,1.2727946674395696e-6,mean-constrained Fourier nonlinear conjugate gradient,9.275337373076055e-8,Polyorder.Successful(),1.6016837935761843e-7,1.0693614653675701e-7,0.1,0.09297526482700343,0.01,"Anderson(SD(0.1); m=10, warmup=100, αw=0.2)","VariableCell(BB(1.0), field_updater)",128,,,,,,,,-1.0,-1.1917745248843277,1.9667596935340979,0.03396714932785632,0.620613454686006,0.19273467587356705,cases/f0.2_chiN37/native_profiles.csv#model=liu2019_opf,accepted,model_gates_pass,
liu2019-stress-free-period-map-v2,stress_free_lamellar_observable,f0.2_chiN37,0.2,37.0,24.613,uneyama_doi,Uneyama-Doi,not_applicable,4.845214195094135,4.462812711696165,0.0856862046654503,0.0856862046654503,0.04722135462496742,0.9772679197705536,0.9893431706999988,0.99609375,false,1.6305266655696005,BootstrapLocal,16,true,false,true,true,true,true,true,0.021550507110100953,0.9298673193288224,0.20000000000009543,-1.3759887719167248,4.862774264873915e-7,1.251270029367646e-6,mean-constrained fused-spectral L-BFGS with profile continuation,,Polyorder.Successful(),1.6016837935761843e-7,1.0693614653675701e-7,0.1,0.09297526482700343,0.01,"Anderson(SD(0.1); m=10, warmup=100, αw=0.2)","VariableCell(BB(1.0), field_updater)",128,,,,,,1,,,,,,,,cases/f0.2_chiN37/native_profiles.csv#model=uneyama_doi,accepted,model_gates_pass,
liu2019-stress-free-period-map-v2,stress_free_lamellar_observable,f0.2_chiN37,0.2,37.0,24.613,burp_ti,BURP-TI,not_applicable,3.7426173008163235,4.462812711696165,-0.16137701880080002,0.16137701880080002,0.0618169057020883,0.9610437789101887,0.9849912264457262,0.99609375,false,1.2594773032288158,BoundedKKTNewtonGMRES+AnalyticStressRoot,1,true,false,true,true,true,true,true,0.003048547501513603,0.7873243208023727,0.20000000000000004,-0.8326248635600315,0.00046317701875527967,0.0008919206177715466,bounded-KKT Newton-GMRES,2.902818634508479e-5,Polyorder.Successful(),1.6016837935761843e-7,1.0693614653675701e-7,0.1,0.09297526482700343,0.01,"Anderson(SD(0.1); m=10, warmup=100, αw=0.2)","VariableCell(BB(1.0), field_updater)",128,64,,,,256,1,,,,,,,,cases/f0.2_chiN37/native_profiles.csv#model=burp_ti,accepted,model_gates_pass,
liu2019-stress-free-period-map-v2,stress_free_lamellar_observable,f0.2_chiN37,0.2,37.0,24.613,bvk2,BVK2,frozen_c2_evaluation,4.202437830974691,4.462812711696165,-0.05834322377882495,0.05834322377882495,0.03932498134226151,0.984234804966216,0.9940710499902649,0.49609375,false,1.4142175490901243,FilteredUDThetaAnalyticCellStressRoot,13,true,false,true,true,true,true,true,0.0038824366499816453,0.8609492007042646,0.20000000000000004,-1.201349864342178,2.4495582734434652e-11,8.631850762467293e-11,oversampled filtered UD-theta L-BFGS with cosine-Newton polish,1.3322676295501878e-15,Polyorder.Successful(),1.6016837935761843e-7,1.0693614653675701e-7,0.1,0.09297526482700343,0.01,"Anderson(SD(0.1); m=10, warmup=100, αw=0.2)","VariableCell(BB(1.0), field_updater)",256,,2,12.0,ud-theta-spectral-adaptive-k-physical-sensor-filter-oversampled-v2,,,0.16,,,,,,,cases/f0.2_chiN37/native_profiles.csv#model=bvk2,accepted,model_gates_pass,
liu2019-stress-free-period-map-v2,stress_free_lamellar_observable,f0.2_chiN37,0.2,37.0,24.613,ohta_kawasaki,Ohta-Kawasaki (recomputed),liu2019_ok_asymptotic_quadratic_extrapolated_c3_c4,3.2838469448108634,4.462812711696165,-0.26417549716918687,0.26417549716918687,0.1628679281702568,0.7295833421513103,0.8944534838218064,0.0,false,1.0875603273510932,StressRootBisection,155,true,false,true,true,true,true,true,-0.14234571540721408,0.8111253992265144,0.2,-2.978307906991384,8.792048534665581e-6,1.754298134137855e-5,mean-constrained Fourier nonlinear conjugate gradient,8.138033455989415e-8,Polyorder.Successful(),1.6016837935761843e-7,1.0693614653675701e-7,0.1,0.09297526482700343,0.01,"Anderson(SD(0.1); m=10, warmup=100, αw=0.2)","VariableCell(BB(1.0), field_updater)",128,,,,,,,,-25.918386128413292,-26.766831240464448,43.98372792335876,1.5624999999999998,29.296874999999986,,cases/f0.2_chiN37/native_profiles.csv#model=ohta_kawasaki,accepted,model_gates_pass,
liu2019-stress-free-period-map-v2,stress_free_lamellar_observable,f0.2_chiN38,0.2,38.0,24.613,scft,SCFT,reference,4.501676642299071,4.501676642299071,0.0,0.0,0.0,1.0,1.0,0.0,false,,Polyorder.cell_solve!,34,true,false,true,true,true,true,true,0.004837035763259517,0.9297303825221563,0.19999999999999998,4.083304154325715,,,not_applicable,1.1003802824640262e-8,Polyorder.Successful(),1.93944683017191e-7,1.0660210955250211e-7,0.1,0.0937849300478973,0.01,"Anderson(SD(0.1); m=10, warmup=100, αw=0.2)","VariableCell(BB(1.0), field_updater)",48,,,,Polyorder pseudospectral SCFT,,,,,,,,,,cases/f0.2_chiN38/native_profiles.csv#model=scft,accepted,reference_gates_pass,
liu2019-stress-free-period-map-v2,stress_free_lamellar_observable,f0.2_chiN38,0.2,38.0,24.613,liu2019_opf,OPF (force/stress mapped),per_state_force_stress_mapping,3.551942444127907,4.501676642299071,-0.2109734380402145,0.2109734380402145,0.20093932498569564,0.5972004540438622,0.89137690929235,0.99609375,false,1.1657238006591797,StressRootBisection,47,true,false,true,true,true,true,true,-0.16202763657037378,0.8782795135431636,0.20000000000000004,-0.2617764945629585,8.856648136658267e-7,2.4113803139269585e-6,mean-constrained Fourier nonlinear conjugate gradient,2.5817983120731376e-8,Polyorder.Successful(),1.93944683017191e-7,1.0660210955250211e-7,0.1,0.0937849300478973,0.01,"Anderson(SD(0.1); m=10, warmup=100, αw=0.2)","VariableCell(BB(1.0), field_updater)",128,,,,,,,,-1.0,-1.217706678780396,1.9870993026137769,0.032682276810524,0.5909500210589579,0.19414520575574556,cases/f0.2_chiN38/native_profiles.csv#model=liu2019_opf,accepted,model_gates_pass,
liu2019-stress-free-period-map-v2,stress_free_lamellar_observable,f0.2_chiN38,0.2,38.0,24.613,uneyama_doi,Uneyama-Doi,not_applicable,4.842197430130998,4.501676642299071,0.07564310253479656,0.07564310253479656,0.04495431417208922,0.9798394745465672,0.9905438789365539,0.9921875,false,1.629511454369829,BootstrapLocal,16,true,false,true,true,true,true,true,0.019762721481052258,0.9360226181452513,0.20000000000009543,-1.5530859756457875,6.324021966431115e-7,1.607094679112464e-6,mean-constrained fused-spectral L-BFGS with profile continuation,,Polyorder.Successful(),1.93944683017191e-7,1.0660210955250211e-7,0.1,0.0937849300478973,0.01,"Anderson(SD(0.1); m=10, warmup=100, αw=0.2)","VariableCell(BB(1.0), field_updater)",128,,,,,,1,,,,,,,,cases/f0.2_chiN38/native_profiles.csv#model=uneyama_doi,accepted,model_gates_pass,
liu2019-stress-free-period-map-v2,stress_free_lamellar_observable,f0.2_chiN38,0.2,38.0,24.613,burp_ti,BURP-TI,not_applicable,3.7913461225601495,4.501676642299071,-0.15779243517058683,0.15779243517058683,0.05806623462108134,0.9663638389306367,0.9868828896342703,0.9921875,false,1.2758756790355128,BoundedKKTNewtonGMRES+AnalyticStressRoot,1,true,false,true,true,true,true,true,0.0020147172582533493,0.8059746730913881,0.19999999999999996,-0.9664345985573051,0.0004314327931045715,0.000932776799174917,bounded-KKT Newton-GMRES,5.9055591989434344e-5,Polyorder.Successful(),1.93944683017191e-7,1.0660210955250211e-7,0.1,0.0937849300478973,0.01,"Anderson(SD(0.1); m=10, warmup=100, αw=0.2)","VariableCell(BB(1.0), field_updater)",128,64,,,,256,1,,,,,,,,cases/f0.2_chiN38/native_profiles.csv#model=burp_ti,accepted,model_gates_pass,
liu2019-stress-free-period-map-v2,stress_free_lamellar_observable,f0.2_chiN38,0.2,38.0,24.613,bvk2,BVK2,frozen_c2_evaluation,4.255914265041547,4.501676642299071,-0.054593520766966885,0.054593520766966885,0.03809746362889666,0.9855205781724081,0.9944504834493332,0.4921875,false,1.432213606274525,FilteredUDThetaAnalyticCellStressRoot,12,true,false,true,true,true,true,true,0.0031426789932425506,0.8730533581488864,0.20000000000000007,-1.3668731442315387,2.528906577657858e-11,1.0181692525279068e-10,oversampled filtered UD-theta L-BFGS with cosine-Newton polish,4.884981308350689e-15,Polyorder.Successful(),1.93944683017191e-7,1.0660210955250211e-7,0.1,0.0937849300478973,0.01,"Anderson(SD(0.1); m=10, warmup=100, αw=0.2)","VariableCell(BB(1.0), field_updater)",256,,2,12.0,ud-theta-spectral-adaptive-k-physical-sensor-filter-oversampled-v2,,,0.16,,,,,,,cases/f0.2_chiN38/native_profiles.csv#model=bvk2,accepted,model_gates_pass,
liu2019-stress-free-period-map-v2,stress_free_lamellar_observable,f0.2_chiN38,0.2,38.0,24.613,ohta_kawasaki,Ohta-Kawasaki (recomputed),liu2019_ok_asymptotic_quadratic_extrapolated_c3_c4,3.309074321164047,4.501676642299071,-0.26492403073312354,0.26492403073312354,0.16305023880708333,0.7347826247096475,0.8960101622571048,0.99609375,false,1.095915251970291,StressRootBisection,155,true,false,true,true,true,true,true,-0.1387288749832325,0.8188001846666437,0.19999999999999998,-3.3325049094703605,6.610543635118453e-6,1.4053845914574481e-5,mean-constrained Fourier nonlinear conjugate gradient,5.9381645445845564e-8,Polyorder.Successful(),1.93944683017191e-7,1.0660210955250211e-7,0.1,0.0937849300478973,0.01,"Anderson(SD(0.1); m=10, warmup=100, αw=0.2)","VariableCell(BB(1.0), field_updater)",128,,,,,,,,-26.918386128413292,-29.27989127686216,47.46831969956523,1.5624999999999998,29.296874999999986,,cases/f0.2_chiN38/native_profiles.csv#model=ohta_kawasaki,accepted,model_gates_pass,
liu2019-stress-free-period-map-v2,stress_free_lamellar_observable,f0.2_chiN39,0.2,39.0,24.613,scft,SCFT,reference,4.538826215080945,4.538826215080945,0.0,0.0,0.0,1.0,1.0,0.0,false,,Polyorder.cell_solve!,21,true,false,true,true,true,true,true,0.0041036235825552365,0.9362534584766903,0.2000000000000003,4.141612238468834,,,not_applicable,1.2401886385824339e-8,Polyorder.Successful(),6.52523389265639e-8,4.4682291932464696e-8,0.1,0.09455887948085302,0.01,"Anderson(SD(0.1); m=10, warmup=100, αw=0.2)","VariableCell(BB(1.0), field_updater)",48,,,,Polyorder pseudospectral SCFT,,,,,,,,,,cases/f0.2_chiN39/native_profiles.csv#model=scft,accepted,reference_gates_pass,
liu2019-stress-free-period-map-v2,stress_free_lamellar_observable,f0.2_chiN39,0.2,39.0,24.613,liu2019_opf,OPF (force/stress mapped),per_state_force_stress_mapping,3.5850285208002335,4.538826215080945,-0.2101419285698961,0.2101419285698961,0.20341424479793424,0.5951263494035673,0.8895549634091374,0.0,false,1.1738187789916992,StressRootBisection,48,true,false,true,true,true,true,true,-0.16221192021626474,0.881972123330762,0.2,-0.27368038226897623,4.893809351039845e-7,1.047205058335443e-6,mean-constrained Fourier nonlinear conjugate gradient,6.086603860684483e-8,Polyorder.Successful(),6.52523389265639e-8,4.4682291932464696e-8,0.1,0.09455887948085302,0.01,"Anderson(SD(0.1); m=10, warmup=100, αw=0.2)","VariableCell(BB(1.0), field_updater)",128,,,,,,,,-1.0,-1.2421643065931376,2.006483351839881,0.031485812501073344,0.5639857496843943,0.19534020150404222,cases/f0.2_chiN39/native_profiles.csv#model=liu2019_opf,accepted,model_gates_pass,
liu2019-stress-free-period-map-v2,stress_free_lamellar_observable,f0.2_chiN39,0.2,39.0,24.613,uneyama_doi,Uneyama-Doi,not_applicable,4.841162588151378,4.538826215080945,0.06661113661190066,0.06661113661190066,0.042981105109163184,0.9819235999738344,0.9915077043120593,0.99609375,false,1.6291632061037091,BootstrapLocal,16,true,false,true,true,true,true,true,0.018162063371409666,0.9414509432667817,0.20000000000004237,-1.7357200049259847,8.850495248104143e-7,2.0559024491717537e-6,mean-constrained fused-spectral L-BFGS with profile continuation,,Polyorder.Successful(),6.52523389265639e-8,4.4682291932464696e-8,0.1,0.09455887948085302,0.01,"Anderson(SD(0.1); m=10, warmup=100, αw=0.2)","VariableCell(BB(1.0), field_updater)",128,,,,,,1,,,,,,,,cases/f0.2_chiN39/native_profiles.csv#model=uneyama_doi,accepted,model_gates_pass,
liu2019-stress-free-period-map-v2,stress_free_lamellar_observable,f0.2_chiN39,0.2,39.0,24.613,burp_ti,BURP-TI,not_applicable,3.8369270139370677,4.538826215080945,-0.1546433302098481,0.1546433302098481,0.05470499739752557,0.9707173220151831,0.9884364214354568,0.99609375,false,1.2912147034496961,BoundedKKTNewtonGMRES+AnalyticStressRoot,1,true,false,true,true,true,true,true,0.0012290659271364788,0.8228380346947356,0.20000000000000007,-1.1079025498032804,0.00044183211135649577,0.0008490151575486493,bounded-KKT Newton-GMRES,5.595158379509948e-5,Polyorder.Successful(),6.52523389265639e-8,4.4682291932464696e-8,0.1,0.09455887948085302,0.01,"Anderson(SD(0.1); m=10, warmup=100, αw=0.2)","VariableCell(BB(1.0), field_updater)",128,64,,,,256,1,,,,,,,,cases/f0.2_chiN39/native_profiles.csv#model=burp_ti,accepted,model_gates_pass,
liu2019-stress-free-period-map-v2,stress_free_lamellar_observable,f0.2_chiN39,0.2,39.0,24.613,bvk2,BVK2,frozen_c2_evaluation,4.30768790480975,4.538826215080945,-0.05092468830447894,0.05092468830447894,0.03660705947370436,0.9868874705110932,0.9949092063287799,0.49609375,false,1.4496366337850788,FilteredUDThetaAnalyticCellStressRoot,11,true,false,true,true,true,true,true,0.002542023234224206,0.8841556736638465,0.2,-1.5402443970713378,2.0018549088673182e-11,8.003173380111808e-11,oversampled filtered UD-theta L-BFGS with cosine-Newton polish,1.709743457922741e-14,Polyorder.Successful(),6.52523389265639e-8,4.4682291932464696e-8,0.1,0.09455887948085302,0.01,"Anderson(SD(0.1); m=10, warmup=100, αw=0.2)","VariableCell(BB(1.0), field_updater)",256,,2,12.0,ud-theta-spectral-adaptive-k-physical-sensor-filter-oversampled-v2,,,0.16,,,,,,,cases/f0.2_chiN39/native_profiles.csv#model=bvk2,accepted,model_gates_pass,
liu2019-stress-free-period-map-v2,stress_free_lamellar_observable,f0.2_chiN39,0.2,39.0,24.613,ohta_kawasaki,Ohta-Kawasaki (recomputed),liu2019_ok_asymptotic_quadratic_extrapolated_c3_c4,3.333858084221183,4.538826215080945,-0.26548012057744597,0.26548012057744597,0.16333117774471964,0.7389672638902336,0.8973455797026274,0.0,false,1.104123258590698,StressRootBisection,151,true,false,true,true,true,true,true,-0.13581108712505574,0.825949925659754,0.19999999999999996,-3.7036241341567315,4.932551842023987e-6,1.229030329952252e-5,mean-constrained Fourier nonlinear conjugate gradient,9.057726446602837e-9,Polyorder.Successful(),6.52523389265639e-8,4.4682291932464696e-8,0.1,0.09455887948085302,0.01,"Anderson(SD(0.1); m=10, warmup=100, αw=0.2)","VariableCell(BB(1.0), field_updater)",128,,,,,,,,-27.918386128413292,-31.838677313259865,50.94395589577171,1.5624999999999998,29.296874999999986,,cases/f0.2_chiN39/native_profiles.csv#model=ohta_kawasaki,accepted,model_gates_pass,
liu2019-stress-free-period-map-v2,stress_free_lamellar_observable,f0.2_chiN40,0.2,40.0,24.613,scft,SCFT,reference,4.574447022046091,4.574447022046091,0.0,0.0,0.0,1.0,1.0,0.0,false,,Polyorder.cell_solve!,391,true,false,true,true,true,true,true,0.003482319010685191,0.9415159693046498,0.2000000000000004,4.198026141051027,,,not_applicable,6.171959178634948e-7,Polyorder.Successful(),7.352593684951786e-7,5.339433892295295e-7,0.1,0.09530097962596024,0.01,"Anderson(SD(0.1); m=10, warmup=100, αw=0.2)","VariableCell(BB(1.0), field_updater)",48,,,,Polyorder pseudospectral SCFT,,,,,,,,,,cases/f0.2_chiN40/native_profiles.csv#model=scft,accepted,reference_gates_pass,
liu2019-stress-free-period-map-v2,stress_free_lamellar_observable,f0.2_chiN40,0.2,40.0,24.613,liu2019_opf,OPF (force/stress mapped),per_state_force_stress_mapping,3.616700959290495,4.574447022046091,-0.20936870798586904,0.20936870798586904,0.20578326899719585,0.5927765664945874,0.8877583254502847,0.98046875,false,1.181663417816162,StressRootBisection,49,true,false,true,true,true,true,true,-0.16233742420430192,0.8852011873919019,0.20000000000000004,-0.28507595191132906,7.0442781805224e-7,1.7380555629165073e-6,mean-constrained Fourier nonlinear conjugate gradient,1.3035005962199321e-8,Polyorder.Successful(),7.352593684951786e-7,5.339433892295295e-7,0.1,0.09530097962596024,0.01,"Anderson(SD(0.1); m=10, warmup=100, αw=0.2)","VariableCell(BB(1.0), field_updater)",128,,,,,,,,-1.0,-1.2651948556510686,2.0247931015595637,0.030376521647065304,0.5394886015815458,0.19633053445247944,cases/f0.2_chiN40/native_profiles.csv#model=liu2019_opf,accepted,model_gates_pass,
liu2019-stress-free-period-map-v2,stress_free_lamellar_observable,f0.2_chiN40,0.2,40.0,24.613,uneyama_doi,Uneyama-Doi,not_applicable,4.841379552240571,4.574447022046091,0.05835296133238077,0.05835296133238077,0.041157665666243064,0.9837102616987695,0.9923314078263007,0.9765625,false,1.629236219538958,BootstrapLocal,24,true,false,true,true,true,true,true,0.016724428375868152,0.9462545045188874,0.2000000000004252,-1.9234371476099872,8.676527189401509e-7,2.0220054821606936e-6,mean-constrained fused-spectral L-BFGS with profile continuation,,Polyorder.Successful(),7.352593684951786e-7,5.339433892295295e-7,0.1,0.09530097962596024,0.01,"Anderson(SD(0.1); m=10, warmup=100, αw=0.2)","VariableCell(BB(1.0), field_updater)",128,,,,,,1,,,,,,,,cases/f0.2_chiN40/native_profiles.csv#model=uneyama_doi,accepted,model_gates_pass,
liu2019-stress-free-period-map-v2,stress_free_lamellar_observable,f0.2_chiN40,0.2,40.0,24.613,burp_ti,BURP-TI,not_applicable,3.879701737314064,4.574447022046091,-0.15187524992283696,0.15187524992283696,0.051606332505410635,0.9743894662379624,0.9897644682913276,0.9765625,false,1.3056093874141685,BoundedKKTNewtonGMRES+AnalyticStressRoot,2,true,false,true,true,true,true,true,0.0006347747863552435,0.838149428950769,0.2000000000000001,-1.2565741920407527,0.0004305612794873493,0.0008130421446921332,bounded-KKT Newton-GMRES,7.797453987638495e-6,Polyorder.Successful(),7.352593684951786e-7,5.339433892295295e-7,0.1,0.09530097962596024,0.01,"Anderson(SD(0.1); m=10, warmup=100, αw=0.2)","VariableCell(BB(1.0), field_updater)",128,64,,,,256,1,,,,,,,,cases/f0.2_chiN40/native_profiles.csv#model=burp_ti,accepted,model_gates_pass,
liu2019-stress-free-period-map-v2,stress_free_lamellar_observable,f0.2_chiN40,0.2,40.0,24.613,bvk2,BVK2,frozen_c2_evaluation,4.3581011143523725,4.574447022046091,-0.04729443944832268,0.04729443944832268,0.034898841339993034,0.9882879031728383,0.9954074009020527,0.48046875,false,1.466601845052606,FilteredUDThetaAnalyticCellStressRoot,16,true,false,true,true,true,true,true,0.0020543788458546298,0.8945030421617015,0.2,-1.7213095128036264,1.9736020350901093e-11,7.227683233701755e-11,oversampled filtered UD-theta L-BFGS with cosine-Newton polish,1.9539925233402755e-14,Polyorder.Successful(),7.352593684951786e-7,5.339433892295295e-7,0.1,0.09530097962596024,0.01,"Anderson(SD(0.1); m=10, warmup=100, αw=0.2)","VariableCell(BB(1.0), field_updater)",256,,2,12.0,ud-theta-spectral-adaptive-k-physical-sensor-filter-oversampled-v2,,,0.16,,,,,,,cases/f0.2_chiN40/native_profiles.csv#model=bvk2,accepted,model_gates_pass,
liu2019-stress-free-period-map-v2,stress_free_lamellar_observable,f0.2_chiN40,0.2,40.0,24.613,ohta_kawasaki,Ohta-Kawasaki (recomputed),liu2019_ok_asymptotic_quadratic_extrapolated_c3_c4,3.35820964320602,4.574447022046091,-0.2658763721557025,0.2658763721557025,0.16367304888371245,0.742387470287512,0.8985310744198132,0.98046875,false,1.112188125774264,StressRootBisection,161,true,false,true,true,true,true,true,-0.13345219554093785,0.8326526431177632,0.2,-4.0918583887312465,4.605415850924844e-6,1.120901448814493e-5,mean-constrained Fourier nonlinear conjugate gradient,2.941886719699666e-9,Polyorder.Successful(),7.352593684951786e-7,5.339433892295295e-7,0.1,0.09530097962596024,0.01,"Anderson(SD(0.1); m=10, warmup=100, αw=0.2)","VariableCell(BB(1.0), field_updater)",128,,,,,,,,-28.918386128413292,-34.44318934965758,54.41063651197819,1.5624999999999998,29.296874999999986,,cases/f0.2_chiN40/native_profiles.csv#model=ohta_kawasaki,accepted,model_gates_pass,
liu2019-stress-free-period-map-v2,stress_free_lamellar_observable,f0.2_chiN41,0.2,41.0,24.613,scft,SCFT,reference,4.608706271522261,4.608706271522261,0.0,0.0,0.0,1.0,1.0,0.0,false,,Polyorder.cell_solve!,30,true,false,true,true,true,true,true,0.002957615500916975,0.9460808416404758,0.19999999999999962,4.252699964915294,,,not_applicable,7.443671553768994e-8,Polyorder.Successful(),1.8177837535159534e-7,9.644277982560789e-8,0.1,0.09601471399004712,0.01,"Anderson(SD(0.1); m=10, warmup=100, αw=0.2)","VariableCell(BB(1.0), field_updater)",48,,,,Polyorder pseudospectral SCFT,,,,,,,,,,cases/f0.2_chiN41/native_profiles.csv#model=scft,accepted,reference_gates_pass,
liu2019-stress-free-period-map-v2,stress_free_lamellar_observable,f0.2_chiN41,0.2,41.0,24.613,liu2019_opf,OPF (force/stress mapped),per_state_force_stress_mapping,3.6471213722687046,4.608706271522261,-0.2086452992665866,0.2086452992665866,0.2080821605064602,0.5901383406305921,0.8859427480489699,0.99609375,false,1.1892917633056639,StressRootBisection,47,true,false,true,true,true,true,true,-0.16246037262011137,0.8880365455859238,0.2,-0.29601353298460975,8.057398147971837e-7,2.03818278793344e-6,mean-constrained Fourier nonlinear conjugate gradient,2.845784020948946e-9,Polyorder.Successful(),1.8177837535159534e-7,9.644277982560789e-8,0.1,0.09601471399004712,0.01,"Anderson(SD(0.1); m=10, warmup=100, αw=0.2)","VariableCell(BB(1.0), field_updater)",128,,,,,,,,-1.0,-1.2869952507142242,2.0422242264648096,0.029342172384046645,0.5170880680361686,0.19715036408015654,cases/f0.2_chiN41/native_profiles.csv#model=liu2019_opf,accepted,model_gates_pass,
liu2019-stress-free-period-map-v2,stress_free_lamellar_observable,f0.2_chiN41,0.2,41.0,24.613,uneyama_doi,Uneyama-Doi,not_applicable,4.84367010220396,4.608706271522261,0.05098260050408676,0.05098260050408676,0.039412687220023994,0.9852958579153146,0.993064335578498,0.9921875,false,1.6300070425910964,BootstrapLocal,16,true,false,true,true,true,true,true,0.0154283098986414,0.9505458870881052,0.20000000000024465,-2.116400664509336,9.026509469017928e-7,2.297521692007365e-6,mean-constrained fused-spectral L-BFGS with profile continuation,,Polyorder.Successful(),1.8177837535159534e-7,9.644277982560789e-8,0.1,0.09601471399004712,0.01,"Anderson(SD(0.1); m=10, warmup=100, αw=0.2)","VariableCell(BB(1.0), field_updater)",128,,,,,,1,,,,,,,,cases/f0.2_chiN41/native_profiles.csv#model=uneyama_doi,accepted,model_gates_pass,
liu2019-stress-free-period-map-v2,stress_free_lamellar_observable,f0.2_chiN41,0.2,41.0,24.613,burp_ti,BURP-TI,not_applicable,3.919674287486603,4.608706271522261,-0.14950659543943345,0.14950659543943345,0.04878414507320733,0.9774718777541226,0.9908903171004743,0.9921875,false,1.3190610752700194,BoundedKKTNewtonGMRES+AnalyticStressRoot,1,true,false,true,true,true,true,true,0.00018700346810923344,0.852066416657945,0.2,-1.4119260545599355,0.000431316357341628,0.0007922287260520022,bounded-KKT Newton-GMRES,4.832329334114295e-5,Polyorder.Successful(),1.8177837535159534e-7,9.644277982560789e-8,0.1,0.09601471399004712,0.01,"Anderson(SD(0.1); m=10, warmup=100, αw=0.2)","VariableCell(BB(1.0), field_updater)",128,64,,,,256,1,,,,,,,,cases/f0.2_chiN41/native_profiles.csv#model=burp_ti,accepted,model_gates_pass,
liu2019-stress-free-period-map-v2,stress_free_lamellar_observable,f0.2_chiN41,0.2,41.0,24.613,bvk2,BVK2,frozen_c2_evaluation,4.407090688913179,4.608706271522261,-0.04374667655755993,0.04374667655755993,0.033186741415653406,0.9895745017457067,0.9958665857906172,0.49609375,false,1.4830879702144582,FilteredUDThetaAnalyticCellStressRoot,11,true,false,true,true,true,true,true,0.0016589047304846186,0.9041613530560134,0.20000000000000007,-1.9098326752587873,1.6602090953513892e-11,8.986107200531603e-11,oversampled filtered UD-theta L-BFGS with cosine-Newton polish,1.6275869541004795e-13,Polyorder.Successful(),1.8177837535159534e-7,9.644277982560789e-8,0.1,0.09601471399004712,0.01,"Anderson(SD(0.1); m=10, warmup=100, αw=0.2)","VariableCell(BB(1.0), field_updater)",256,,2,12.0,ud-theta-spectral-adaptive-k-physical-sensor-filter-oversampled-v2,,,0.16,,,,,,,cases/f0.2_chiN41/native_profiles.csv#model=bvk2,accepted,model_gates_pass,
liu2019-stress-free-period-map-v2,stress_free_lamellar_observable,f0.2_chiN41,0.2,41.0,24.613,ohta_kawasaki,Ohta-Kawasaki (recomputed),liu2019_ok_asymptotic_quadratic_extrapolated_c3_c4,3.382150611865411,4.608706271522261,-0.26613882234931785,0.26613882234931785,0.16409633960329495,0.7451026124994091,0.8995519150393656,0.99609375,false,1.120117011666298,StressRootBisection,230,true,false,true,true,true,true,true,-0.13150514417838438,0.8389741012581358,0.20000000000000007,-4.497454643396469,2.762303905495998e-6,8.312019261325077e-6,mean-constrained Fourier nonlinear conjugate gradient,5.692182819304183e-8,Polyorder.Successful(),1.8177837535159534e-7,9.644277982560789e-8,0.1,0.09601471399004712,0.01,"Anderson(SD(0.1); m=10, warmup=100, αw=0.2)","VariableCell(BB(1.0), field_updater)",128,,,,,,,,-29.918386128413292,-37.093427386055296,57.86836154818467,1.5624999999999998,29.296874999999986,,cases/f0.2_chiN41/native_profiles.csv#model=ohta_kawasaki,accepted,model_gates_pass,
liu2019-stress-free-period-map-v2,stress_free_lamellar_observable,f0.2_chiN42,0.2,42.0,24.613,scft,SCFT,reference,4.641728527925912,4.641728527925912,0.0,0.0,0.0,1.0,1.0,0.0,false,,Polyorder.cell_solve!,16,true,false,true,true,true,true,true,0.0025183829705498527,0.9506071015680123,0.1999999999999994,4.305771679620744,,,not_applicable,3.043711179904673e-7,Polyorder.Successful(),1.9772166249815272e-7,1.2650002852772164e-7,0.1,0.09670267766512318,0.01,"Anderson(SD(0.1); m=10, warmup=100, αw=0.2)","VariableCell(BB(1.0), field_updater)",48,,,,Polyorder pseudospectral SCFT,,,,,,,,,,cases/f0.2_chiN42/native_profiles.csv#model=scft,accepted,reference_gates_pass,
liu2019-stress-free-period-map-v2,stress_free_lamellar_observable,f0.2_chiN42,0.2,42.0,24.613,liu2019_opf,OPF (force/stress mapped),per_state_force_stress_mapping,3.67654461448072,4.641728527925912,-0.20793631244015698,0.20793631244015698,0.21029565667052688,0.5873209751138,0.8841493839913432,0.0,false,1.1967819213867186,StressRootBisection,45,true,false,true,true,true,true,true,-0.16247291852542112,0.8905198875262381,0.2,-0.30658173530593236,7.024825302569956e-7,1.9927721101042906e-6,mean-constrained Fourier nonlinear conjugate gradient,5.912303667384926e-8,Polyorder.Successful(),1.9772166249815272e-7,1.2650002852772164e-7,0.1,0.09670267766512318,0.01,"Anderson(SD(0.1); m=10, warmup=100, αw=0.2)","VariableCell(BB(1.0), field_updater)",128,,,,,,,,-1.0,-1.3078669690604237,2.0591801408702106,0.028363883712698126,0.49634755649937856,0.19784883812713125,cases/f0.2_chiN42/native_profiles.csv#model=liu2019_opf,accepted,model_gates_pass,
liu2019-stress-free-period-map-v2,stress_free_lamellar_observable,f0.2_chiN42,0.2,42.0,24.613,uneyama_doi,Uneyama-Doi,not_applicable,4.846650052198268,4.641728527925912,0.044147675384178964,0.044147675384178964,0.037797817108671174,0.9866683093392562,0.9936973230757836,0.99609375,false,1.6310098647021811,BootstrapLocal,16,true,false,true,true,true,true,true,0.014257644746324153,0.9543737669319936,0.20000000000003493,-2.313896951185737,6.660616543478429e-7,2.262364902971825e-6,mean-constrained fused-spectral L-BFGS with profile continuation,,Polyorder.Successful(),1.9772166249815272e-7,1.2650002852772164e-7,0.1,0.09670267766512318,0.01,"Anderson(SD(0.1); m=10, warmup=100, αw=0.2)","VariableCell(BB(1.0), field_updater)",128,,,,,,1,,,,,,,,cases/f0.2_chiN42/native_profiles.csv#model=uneyama_doi,accepted,model_gates_pass,
liu2019-stress-free-period-map-v2,stress_free_lamellar_observable,f0.2_chiN42,0.2,42.0,24.613,burp_ti,BURP-TI,not_applicable,3.9573439366845164,4.641728527925912,-0.14744175302884488,0.14744175302884488,0.046183257731866184,0.9800968911390185,0.9918639360701398,0.99609375,false,1.3317377836727233,BoundedKKTNewtonGMRES+AnalyticStressRoot,1,true,false,true,true,true,true,true,1.0000000000131595e-6,0.8647266351165035,0.2,-1.5736313155679502,0.00046261335652383374,0.0008751093087830952,bounded-KKT Newton-GMRES,5.262085958895003e-5,Polyorder.Successful(),1.9772166249815272e-7,1.2650002852772164e-7,0.1,0.09670267766512318,0.01,"Anderson(SD(0.1); m=10, warmup=100, αw=0.2)","VariableCell(BB(1.0), field_updater)",128,64,,,,256,1,,,,,,,,cases/f0.2_chiN42/native_profiles.csv#model=burp_ti,accepted,model_gates_pass,
liu2019-stress-free-period-map-v2,stress_free_lamellar_observable,f0.2_chiN42,0.2,42.0,24.613,bvk2,BVK2,frozen_c2_evaluation,4.454198996103215,4.641728527925912,-0.040400796964852326,0.040400796964852326,0.031433823258931924,0.9907796755527896,0.996308556388705,0.5,false,1.4989410053849095,FilteredUDThetaAnalyticCellStressRoot,12,true,false,true,true,true,true,true,0.0013385496876638266,0.9130124917762297,0.2,-2.105355597938342,1.610336009494248e-11,6.002272419313509e-11,oversampled filtered UD-theta L-BFGS with cosine-Newton polish,1.4077627952246985e-13,Polyorder.Successful(),1.9772166249815272e-7,1.2650002852772164e-7,0.1,0.09670267766512318,0.01,"Anderson(SD(0.1); m=10, warmup=100, αw=0.2)","VariableCell(BB(1.0), field_updater)",256,,2,12.0,ud-theta-spectral-adaptive-k-physical-sensor-filter-oversampled-v2,,,0.16,,,,,,,cases/f0.2_chiN42/native_profiles.csv#model=bvk2,accepted,model_gates_pass,
liu2019-stress-free-period-map-v2,stress_free_lamellar_observable,f0.2_chiN42,0.2,42.0,24.613,ohta_kawasaki,Ohta-Kawasaki (recomputed),liu2019_ok_asymptotic_quadratic_extrapolated_c3_c4,3.4057072810192963,4.641728527925912,-0.2662846910305877,0.2662846910305877,0.16456930054867336,0.7472742837264184,0.900464373034969,0.0,false,1.127918623387814,StressRootBisection,157,true,false,true,true,true,true,true,-0.12992294538547638,0.8449697345228981,0.20000000000000007,-4.920707804524424,7.453188704782971e-6,1.929979592674158e-5,mean-constrained Fourier nonlinear conjugate gradient,5.4563687470129703e-8,Polyorder.Successful(),1.9772166249815272e-7,1.2650002852772164e-7,0.1,0.09670267766512318,0.01,"Anderson(SD(0.1); m=10, warmup=100, αw=0.2)","VariableCell(BB(1.0), field_updater)",128,,,,,,,,-30.918386128413292,-39.789391422453015,61.317131004391136,1.5624999999999998,29.296874999999986,,cases/f0.2_chiN42/native_profiles.csv#model=ohta_kawasaki,accepted,model_gates_pass,
liu2019-stress-free-period-map-v2,stress_free_lamellar_observable,f0.2_chiN43,0.2,43.0,24.613,scft,SCFT,reference,4.673623436502598,4.673623436502598,0.0,0.0,0.0,1.0,1.0,0.0,false,,Polyorder.cell_solve!,10,true,false,true,true,true,true,true,0.002142765070954355,0.9544127098832116,0.19999999999999993,4.3573599400776,,,not_applicable,8.676599012589332e-7,Polyorder.Successful(),1.7225628007630662e-7,1.2604758411090898e-7,0.1,0.09736715492713745,0.01,"Anderson(SD(0.1); m=10, warmup=100, αw=0.2)","VariableCell(BB(1.0), field_updater)",48,,,,Polyorder pseudospectral SCFT,,,,,,,,,,cases/f0.2_chiN43/native_profiles.csv#model=scft,accepted,reference_gates_pass,
liu2019-stress-free-period-map-v2,stress_free_lamellar_observable,f0.2_chiN43,0.2,43.0,24.613,liu2019_opf,OPF (force/stress mapped),per_state_force_stress_mapping,3.704906380203596,4.673623436502598,-0.20727323659261676,0.20727323659261676,0.21243709863297466,0.5843452067258075,0.882363451523353,0.0,false,1.204083824157715,StressRootBisection,48,true,false,true,true,true,true,true,-0.1625242952928017,0.8927179386308899,0.19999999999999998,-0.31674933665399957,8.534676812246571e-7,2.8003267641962815e-6,mean-constrained Fourier nonlinear conjugate gradient,4.852917831674018e-8,Polyorder.Successful(),1.7225628007630662e-7,1.2604758411090898e-7,0.1,0.09736715492713745,0.01,"Anderson(SD(0.1); m=10, warmup=100, αw=0.2)","VariableCell(BB(1.0), field_updater)",128,,,,,,,,-1.0,-1.3277340145508143,2.0754077406232736,0.027447236630675765,0.4772391190354463,0.19841375920771778,cases/f0.2_chiN43/native_profiles.csv#model=liu2019_opf,accepted,model_gates_pass,
liu2019-stress-free-period-map-v2,stress_free_lamellar_observable,f0.2_chiN43,0.2,43.0,24.613,uneyama_doi,Uneyama-Doi,not_applicable,4.850506987361825,4.673623436502598,0.03784719784604529,0.03784719784604529,0.036383529661933145,0.9878078098326936,0.9942192172218677,0.99609375,false,1.6323078126108455,BootstrapLocal,16,true,false,true,true,true,true,true,0.013197418237059201,0.9578067672429151,0.20000000000026996,-2.5158400978429887,8.557074191966917e-7,2.650327623587856e-6,mean-constrained fused-spectral L-BFGS with profile continuation,,Polyorder.Successful(),1.7225628007630662e-7,1.2604758411090898e-7,0.1,0.09736715492713745,0.01,"Anderson(SD(0.1); m=10, warmup=100, αw=0.2)","VariableCell(BB(1.0), field_updater)",128,,,,,,1,,,,,,,,cases/f0.2_chiN43/native_profiles.csv#model=uneyama_doi,accepted,model_gates_pass,
liu2019-stress-free-period-map-v2,stress_free_lamellar_observable,f0.2_chiN43,0.2,43.0,24.613,burp_ti,BURP-TI,not_applicable,3.99284665304853,4.673623436502598,-0.14566359329187029,0.14566359329187029,0.04385263707121322,0.9822881673662226,0.9926815628894214,0.99609375,false,1.3436852690471142,BoundedKKTNewtonGMRES+AnalyticStressRoot,1,true,false,true,true,true,true,true,1.000000000043368e-6,0.8762486349494232,0.20000000000000004,-1.7412529247827395,0.0004086767439573239,0.0008250137796927959,bounded-KKT Newton-GMRES,4.0530630163945765e-5,Polyorder.Successful(),1.7225628007630662e-7,1.2604758411090898e-7,0.1,0.09736715492713745,0.01,"Anderson(SD(0.1); m=10, warmup=100, αw=0.2)","VariableCell(BB(1.0), field_updater)",128,64,,,,256,1,,,,,,,,cases/f0.2_chiN43/native_profiles.csv#model=burp_ti,accepted,model_gates_pass,
liu2019-stress-free-period-map-v2,stress_free_lamellar_observable,f0.2_chiN43,0.2,43.0,24.613,bvk2,BVK2,frozen_c2_evaluation,4.499200577915538,4.673623436502598,-0.037320691526997574,0.037320691526997574,0.029498070077802557,0.9919858166079649,0.9967784608244579,0.5,false,1.5140850787288906,FilteredUDThetaAnalyticCellStressRoot,11,true,false,true,true,true,true,true,0.0010792973382230623,0.9210121214797325,0.20000000000000004,-2.3074121755581833,2.079678529111949e-11,8.524968825197536e-11,oversampled filtered UD-theta L-BFGS with cosine-Newton polish,4.8405723873656825e-12,Polyorder.Successful(),1.7225628007630662e-7,1.2604758411090898e-7,0.1,0.09736715492713745,0.01,"Anderson(SD(0.1); m=10, warmup=100, αw=0.2)","VariableCell(BB(1.0), field_updater)",256,,2,12.0,ud-theta-spectral-adaptive-k-physical-sensor-filter-oversampled-v2,,,0.16,,,,,,,cases/f0.2_chiN43/native_profiles.csv#model=bvk2,accepted,model_gates_pass,
liu2019-stress-free-period-map-v2,stress_free_lamellar_observable,f0.2_chiN43,0.2,43.0,24.613,ohta_kawasaki,Ohta-Kawasaki (recomputed),liu2019_ok_asymptotic_quadratic_extrapolated_c3_c4,3.4289084926183913,4.673623436502598,-0.26632760657663535,0.26632760657663535,0.16510246011538826,0.748939054897908,0.901263598909755,0.0,false,1.1356025129556657,StressRootBisection,153,true,false,true,true,true,true,true,-0.12861718013270812,0.8506865693677927,0.2,-5.361957109121814,5.4193094999508375e-6,1.163950331140029e-5,mean-constrained Fourier nonlinear conjugate gradient,3.509630677071124e-8,Polyorder.Successful(),1.7225628007630662e-7,1.2604758411090898e-7,0.1,0.09736715492713745,0.01,"Anderson(SD(0.1); m=10, warmup=100, αw=0.2)","VariableCell(BB(1.0), field_updater)",128,,,,,,,,-31.918386128413292,-42.53108145885072,64.75694488059763,1.5624999999999998,29.296874999999986,,cases/f0.2_chiN43/native_profiles.csv#model=ohta_kawasaki,accepted,model_gates_pass,
liu2019-stress-free-period-map-v2,stress_free_lamellar_observable,f0.2_chiN44,0.2,44.0,24.613,scft,SCFT,reference,4.704481015171917,4.704481015171917,0.0,0.0,0.0,1.0,1.0,0.0,false,,Polyorder.cell_solve!,12,true,false,true,true,true,true,true,0.001826029247687323,0.9578600739065263,0.2000000000000004,4.407572634575736,,,not_applicable,5.464034082256433e-8,Polyorder.Successful(),1.402110881345246e-7,8.791918052705771e-8,0.1,0.09801002114941494,0.01,"Anderson(SD(0.1); m=10, warmup=100, αw=0.2)","VariableCell(BB(1.0), field_updater)",48,,,,Polyorder pseudospectral SCFT,,,,,,,,,,cases/f0.2_chiN44/native_profiles.csv#model=scft,accepted,reference_gates_pass,
liu2019-stress-free-period-map-v2,stress_free_lamellar_observable,f0.2_chiN44,0.2,44.0,24.613,liu2019_opf,OPF (force/stress mapped),per_state_force_stress_mapping,3.7323629919075185,4.704481015171917,-0.2066366130778986,0.2066366130778986,0.21449232368122473,0.5813203876240893,0.8806165603005979,0.0,false,1.2112415313720701,StressRootBisection,47,true,false,true,true,true,true,true,-0.16247182636805407,0.8946642773417692,0.19999999999999998,-0.3265726487069401,7.735574127591842e-7,1.6757078656892688e-6,mean-constrained Fourier nonlinear conjugate gradient,1.643125614412414e-8,Polyorder.Successful(),1.402110881345246e-7,8.791918052705771e-8,0.1,0.09801002114941494,0.01,"Anderson(SD(0.1); m=10, warmup=100, αw=0.2)","VariableCell(BB(1.0), field_updater)",128,,,,,,,,-1.0,-1.346768756735716,2.0911087417330205,0.026581157865977968,0.4594950999532088,0.1988750063606309,cases/f0.2_chiN44/native_profiles.csv#model=liu2019_opf,accepted,model_gates_pass,
liu2019-stress-free-period-map-v2,stress_free_lamellar_observable,f0.2_chiN44,0.2,44.0,24.613,uneyama_doi,Uneyama-Doi,not_applicable,4.8550953442093885,4.704481015171917,0.03201507850743601,0.03201507850743601,0.03486362809623109,0.9889387689155853,0.9947447456423513,0.99609375,false,1.633851900836847,BootstrapLocal,16,true,false,true,true,true,true,true,0.012235074447749699,0.9608957707826603,0.20000000000003895,-2.72201852341055,9.654812205784934e-7,2.791990118211629e-6,mean-constrained fused-spectral L-BFGS with profile continuation,,Polyorder.Successful(),1.402110881345246e-7,8.791918052705771e-8,0.1,0.09801002114941494,0.01,"Anderson(SD(0.1); m=10, warmup=100, αw=0.2)","VariableCell(BB(1.0), field_updater)",128,,,,,,1,,,,,,,,cases/f0.2_chiN44/native_profiles.csv#model=uneyama_doi,accepted,model_gates_pass,
liu2019-stress-free-period-map-v2,stress_free_lamellar_observable,f0.2_chiN44,0.2,44.0,24.613,burp_ti,BURP-TI,not_applicable,4.026334778426032,4.704481015171917,-0.14414900061427993,0.14414900061427993,0.041593916422623084,0.9842558965469502,0.9934356409440703,0.99609375,false,1.3549547979491063,BoundedKKTNewtonGMRES+AnalyticStressRoot,1,true,false,true,true,true,true,true,1.0000000000096898e-6,0.8867868406669199,0.2,-1.9144200508753224,0.00046004008565628295,0.0007908974466630525,bounded-KKT Newton-GMRES,4.477000167939387e-5,Polyorder.Successful(),1.402110881345246e-7,8.791918052705771e-8,0.1,0.09801002114941494,0.01,"Anderson(SD(0.1); m=10, warmup=100, αw=0.2)","VariableCell(BB(1.0), field_updater)",128,64,,,,256,1,,,,,,,,cases/f0.2_chiN44/native_profiles.csv#model=burp_ti,accepted,model_gates_pass,
liu2019-stress-free-period-map-v2,stress_free_lamellar_observable,f0.2_chiN44,0.2,44.0,24.613,bvk2,BVK2,frozen_c2_evaluation,4.542125786479594,4.704481015171917,-0.034510762859650046,0.034510762859650046,0.028393570833025458,0.9926633410240222,0.9969971757643514,0.5,false,1.528530404440125,FilteredUDThetaAnalyticCellStressRoot,11,true,false,true,true,true,true,true,0.0008697098812258336,0.9282083137304483,0.2,-2.51561455293937,1.822908143243881e-11,7.708883379711061e-11,oversampled filtered UD-theta L-BFGS with cosine-Newton polish,5.398792524147211e-12,Polyorder.Successful(),1.402110881345246e-7,8.791918052705771e-8,0.1,0.09801002114941494,0.01,"Anderson(SD(0.1); m=10, warmup=100, αw=0.2)","VariableCell(BB(1.0), field_updater)",256,,2,12.0,ud-theta-spectral-adaptive-k-physical-sensor-filter-oversampled-v2,,,0.16,,,,,,,cases/f0.2_chiN44/native_profiles.csv#model=bvk2,accepted,model_gates_pass,
liu2019-stress-free-period-map-v2,stress_free_lamellar_observable,f0.2_chiN44,0.2,44.0,24.613,ohta_kawasaki,Ohta-Kawasaki (recomputed),liu2019_ok_asymptotic_quadratic_extrapolated_c3_c4,3.4517838208824365,4.704481015171917,-0.26627744702328304,0.26627744702328304,0.16566017463462313,0.7502563038764678,0.90200449473652,0.0,false,1.1431784749031069,StressRootBisection,104,true,false,true,true,true,true,true,-0.12753269546862628,0.8561644975401401,0.2,-5.821582362637659,3.948461053049115e-6,1.0188776975894598e-5,mean-constrained Fourier nonlinear conjugate gradient,7.312647994446105e-8,Polyorder.Successful(),1.402110881345246e-7,8.791918052705771e-8,0.1,0.09801002114941494,0.01,"Anderson(SD(0.1); m=10, warmup=100, αw=0.2)","VariableCell(BB(1.0), field_updater)",128,,,,,,,,-32.91838612841329,-45.31849749524844,68.1878031768041,1.5624999999999998,29.296874999999986,,cases/f0.2_chiN44/native_profiles.csv#model=ohta_kawasaki,accepted,model_gates_pass,
liu2019-stress-free-period-map-v2,stress_free_lamellar_observable,f0.2_chiN45,0.2,45.0,24.613,scft,SCFT,reference,4.734383459767103,4.734383459767103,0.0,0.0,0.0,1.0,1.0,0.0,false,,Polyorder.cell_solve!,282,true,false,true,true,true,true,true,0.0015539419822670026,0.9609306774656676,0.2000000000000006,4.456502711143752,,,not_applicable,1.7541852608832724e-6,Polyorder.Successful(),6.487608462268565e-7,4.2900679332270083e-7,0.1,0.09863298874514798,0.01,"Anderson(SD(0.1); m=10, warmup=100, αw=0.2)","VariableCell(BB(1.0), field_updater)",48,,,,Polyorder pseudospectral SCFT,,,,,,,,,,cases/f0.2_chiN45/native_profiles.csv#model=scft,accepted,reference_gates_pass,
liu2019-stress-free-period-map-v2,stress_free_lamellar_observable,f0.2_chiN45,0.2,45.0,24.613,liu2019_opf,OPF (force/stress mapped),per_state_force_stress_mapping,3.7589598097253067,4.734383459767103,-0.20602970974594015,0.20602970974594015,0.21646781149011474,0.5782507111329216,0.8789083293310866,0.04296875,false,1.2182550430297854,StressRootBisection,48,true,false,true,true,true,true,true,-0.16245176962158359,0.8963962413054747,0.2,-0.33606516138922454,5.96897485268491e-7,1.4887480485059612e-6,mean-constrained Fourier nonlinear conjugate gradient,2.4511197913013515e-8,Polyorder.Successful(),6.487608462268565e-7,4.2900679332270083e-7,0.1,0.09863298874514798,0.01,"Anderson(SD(0.1); m=10, warmup=100, αw=0.2)","VariableCell(BB(1.0), field_updater)",128,,,,,,,,-1.0,-1.3650154896510671,2.106280441820412,0.025762771650155426,0.44299028256861267,0.19924004279359858,cases/f0.2_chiN45/native_profiles.csv#model=liu2019_opf,accepted,model_gates_pass,
liu2019-stress-free-period-map-v2,stress_free_lamellar_observable,f0.2_chiN45,0.2,45.0,24.613,uneyama_doi,Uneyama-Doi,not_applicable,4.860147858804202,4.734383459767103,0.026564050019574514,0.026564050019574514,0.03355251407160539,0.9898674713474883,0.9951725460523025,0.0390625,false,1.6355521888825986,BootstrapLocal,16,true,false,true,true,true,true,true,0.011346204395587792,0.963681463705557,0.20000000000034004,-2.932148961598805,9.915342206830933e-7,3.312487563800204e-6,mean-constrained fused-spectral L-BFGS with profile continuation,,Polyorder.Successful(),6.487608462268565e-7,4.2900679332270083e-7,0.1,0.09863298874514798,0.01,"Anderson(SD(0.1); m=10, warmup=100, αw=0.2)","VariableCell(BB(1.0), field_updater)",128,,,,,,1,,,,,,,,cases/f0.2_chiN45/native_profiles.csv#model=uneyama_doi,accepted,model_gates_pass,
liu2019-stress-free-period-map-v2,stress_free_lamellar_observable,f0.2_chiN45,0.2,45.0,24.613,burp_ti,BURP-TI,not_applicable,4.058202754588679,4.734383459767103,-0.14282339208993577,0.14282339208993577,0.03953964469085032,0.9859287321222007,0.9940770868525879,0.0390625,false,1.3656791091598561,BoundedKKTNewtonGMRES+AnalyticStressRoot,1,true,false,true,true,true,true,true,1.0000000001092875e-6,0.896438019883899,0.2,-2.09292728130694,0.0004266153177011707,0.0010375168849456884,bounded-KKT Newton-GMRES,9.928575708439131e-5,Polyorder.Successful(),6.487608462268565e-7,4.2900679332270083e-7,0.1,0.09863298874514798,0.01,"Anderson(SD(0.1); m=10, warmup=100, αw=0.2)","VariableCell(BB(1.0), field_updater)",128,64,,,,256,1,,,,,,,,cases/f0.2_chiN45/native_profiles.csv#model=burp_ti,accepted,model_gates_pass,
liu2019-stress-free-period-map-v2,stress_free_lamellar_observable,f0.2_chiN45,0.2,45.0,24.613,bvk2,BVK2,frozen_c2_evaluation,4.583091152483565,4.734383459767103,-0.03195607380965726,0.03195607380965726,0.026907479966448006,0.9934835096366338,0.997310850672833,0.54296875,false,1.5423161977909996,FilteredUDThetaAnalyticCellStressRoot,12,true,false,true,true,true,true,true,0.0007003969464251007,0.9346770114271816,0.20000000000000004,-2.729625156616712,1.6986968137207888e-11,6.50431117358299e-11,oversampled filtered UD-theta L-BFGS with cosine-Newton polish,3.446132268436486e-13,Polyorder.Successful(),6.487608462268565e-7,4.2900679332270083e-7,0.1,0.09863298874514798,0.01,"Anderson(SD(0.1); m=10, warmup=100, αw=0.2)","VariableCell(BB(1.0), field_updater)",256,,2,12.0,ud-theta-spectral-adaptive-k-physical-sensor-filter-oversampled-v2,,,0.16,,,,,,,cases/f0.2_chiN45/native_profiles.csv#model=bvk2,accepted,model_gates_pass,
liu2019-stress-free-period-map-v2,stress_free_lamellar_observable,f0.2_chiN45,0.2,45.0,24.613,ohta_kawasaki,Ohta-Kawasaki (recomputed),liu2019_ok_asymptotic_quadratic_extrapolated_c3_c4,3.4743611392773137,4.734383459767103,-0.2661428528545453,0.2661428528545453,0.1662484172298177,0.7512387418085724,0.9026858862847438,0.04296875,false,1.1506557404994964,StressRootBisection,108,true,false,true,true,true,true,true,-0.1266344903394268,0.861437433167751,0.19999999999999996,-6.2999983898056025,5.886170776449425e-6,1.5730959498583275e-5,mean-constrained Fourier nonlinear conjugate gradient,3.958283080355265e-9,Polyorder.Successful(),6.487608462268565e-7,4.2900679332270083e-7,0.1,0.09863298874514798,0.01,"Anderson(SD(0.1); m=10, warmup=100, αw=0.2)","VariableCell(BB(1.0), field_updater)",128,,,,,,,,-33.91838612841329,-48.151639531646154,71.60970589301058,1.5624999999999998,29.296874999999986,,cases/f0.2_chiN45/native_profiles.csv#model=ohta_kawasaki,accepted,model_gates_pass,
liu2019-stress-free-period-map-v2,stress_free_lamellar_observable,f0.2_chiN46,0.2,46.0,24.613,scft,SCFT,reference,4.76342119718422,4.76342119718422,0.0,0.0,0.0,1.0,1.0,0.0,false,,Polyorder.cell_solve!,43,true,false,true,true,true,true,true,0.0013255723387788354,0.9637674966197597,0.20000000000000007,4.504237389602682,,,not_applicable,4.2570607205314693e-8,Polyorder.Successful(),1.8322825234603863e-7,1.0795937870074692e-7,0.1,0.09923794160800459,0.01,"Anderson(SD(0.1); m=10, warmup=100, αw=0.2)","VariableCell(BB(1.0), field_updater)",48,,,,Polyorder pseudospectral SCFT,,,,,,,,,,cases/f0.2_chiN46/native_profiles.csv#model=scft,accepted,reference_gates_pass,
liu2019-stress-free-period-map-v2,stress_free_lamellar_observable,f0.2_chiN46,0.2,46.0,24.613,liu2019_opf,OPF (force/stress mapped),per_state_force_stress_mapping,3.7848529286312766,4.76342119718422,-0.2054339156762791,0.2054339156762791,0.21842610393752307,0.5749747570320364,0.8771483666129775,0.0,false,1.2251644134521489,StressRootBisection,47,true,false,true,true,true,true,true,-0.16235860332057406,0.8979371861758321,0.2,-0.34527720018988217,5.139937369310351e-7,1.4834300793298283e-6,mean-constrained Fourier nonlinear conjugate gradient,6.89344875352853e-8,Polyorder.Successful(),1.8322825234603863e-7,1.0795937870074692e-7,0.1,0.09923794160800459,0.01,"Anderson(SD(0.1); m=10, warmup=100, αw=0.2)","VariableCell(BB(1.0), field_updater)",128,,,,,,,,-1.0,-1.3826168731531208,2.1210778373384396,0.0249840689312586,0.4275275478841677,0.19953048622500522,cases/f0.2_chiN46/native_profiles.csv#model=liu2019_opf,accepted,model_gates_pass,
liu2019-stress-free-period-map-v2,stress_free_lamellar_observable,f0.2_chiN46,0.2,46.0,24.613,uneyama_doi,Uneyama-Doi,not_applicable,4.8660148227322235,4.76342119718422,0.02153780262149585,0.02153780262149585,0.03241416847552739,0.9906400093313245,0.9955268478431775,0.99609375,false,1.6375265579704006,BootstrapLocal,16,true,false,true,true,true,true,true,0.010532646327836667,0.9662069715220047,0.2000000000005171,-3.1463238793639903,7.300726481537367e-7,1.6917126126614335e-6,mean-constrained fused-spectral L-BFGS with profile continuation,,Polyorder.Successful(),1.8322825234603863e-7,1.0795937870074692e-7,0.1,0.09923794160800459,0.01,"Anderson(SD(0.1); m=10, warmup=100, αw=0.2)","VariableCell(BB(1.0), field_updater)",128,,,,,,1,,,,,,,,cases/f0.2_chiN46/native_profiles.csv#model=uneyama_doi,accepted,model_gates_pass,
liu2019-stress-free-period-map-v2,stress_free_lamellar_observable,f0.2_chiN46,0.2,46.0,24.613,burp_ti,BURP-TI,not_applicable,4.088022695684084,4.76342119718422,-0.14178853255710022,0.14178853255710022,0.03780882089053127,0.9872652063303774,0.9945807055102137,0.99609375,false,1.3757142091913477,BoundedKKTNewtonGMRES+AnalyticStressRoot,1,true,false,true,true,true,true,true,1.0000000000000002e-6,0.9052735776692948,0.20000000000000004,-2.276185242116637,0.00047930304167731035,0.001112608703998319,bounded-KKT Newton-GMRES,3.960571362119269e-5,Polyorder.Successful(),1.8322825234603863e-7,1.0795937870074692e-7,0.1,0.09923794160800459,0.01,"Anderson(SD(0.1); m=10, warmup=100, αw=0.2)","VariableCell(BB(1.0), field_updater)",128,64,,,,256,1,,,,,,,,cases/f0.2_chiN46/native_profiles.csv#model=burp_ti,accepted,model_gates_pass,
liu2019-stress-free-period-map-v2,stress_free_lamellar_observable,f0.2_chiN46,0.2,46.0,24.613,bvk2,BVK2,frozen_c2_evaluation,4.622229966233806,4.76342119718422,-0.02964071937074897,0.02964071937074897,0.025056749837714963,0.9944068673453084,0.9976961629636585,0.49609375,false,1.5554873140531342,FilteredUDThetaAnalyticCellStressRoot,11,true,false,true,true,true,true,true,0.0005637410171332049,0.9404954614093549,0.20000000000000004,-2.9491386981329555,1.4474612046642349e-11,5.277434792657377e-11,oversampled filtered UD-theta L-BFGS with cosine-Newton polish,4.406697229342171e-12,Polyorder.Successful(),1.8322825234603863e-7,1.0795937870074692e-7,0.1,0.09923794160800459,0.01,"Anderson(SD(0.1); m=10, warmup=100, αw=0.2)","VariableCell(BB(1.0), field_updater)",256,,2,12.0,ud-theta-spectral-adaptive-k-physical-sensor-filter-oversampled-v2,,,0.16,,,,,,,cases/f0.2_chiN46/native_profiles.csv#model=bvk2,accepted,model_gates_pass,
liu2019-stress-free-period-map-v2,stress_free_lamellar_observable,f0.2_chiN46,0.2,46.0,24.613,ohta_kawasaki,Ohta-Kawasaki (recomputed),liu2019_ok_asymptotic_quadratic_extrapolated_c3_c4,3.4966676598646376,4.76342119718422,-0.26593355592161216,0.26593355592161216,0.1669217076277422,0.7517831365006711,0.903241014478414,0.0,false,1.158043321967125,StressRootBisection,107,true,false,true,true,true,true,true,-0.1259219953711619,0.866534424970747,0.20000000000000004,-6.797654864612031,6.756737549423762e-6,1.9830010584698243e-5,mean-constrained Fourier nonlinear conjugate gradient,1.8294562316854418e-8,Polyorder.Successful(),1.8322825234603863e-7,1.0795937870074692e-7,0.1,0.09923794160800459,0.01,"Anderson(SD(0.1); m=10, warmup=100, αw=0.2)","VariableCell(BB(1.0), field_updater)",128,,,,,,,,-34.91838612841329,-51.03050756804385,75.02265302921705,1.5624999999999998,29.296874999999986,,cases/f0.2_chiN46/native_profiles.csv#model=ohta_kawasaki,accepted,model_gates_pass,
liu2019-stress-free-period-map-v2,stress_free_lamellar_observable,f0.2_chiN47,0.2,47.0,24.613,scft,SCFT,reference,4.791635370173899,4.791635370173899,0.0,0.0,0.0,1.0,1.0,0.0,false,,Polyorder.cell_solve!,369,true,false,true,true,true,true,true,0.0011289234615332532,0.9662998542402073,0.19999999999999982,4.55085008853883,,,not_applicable,2.732687662880246e-8,Polyorder.Successful(),1.5043247506287397e-7,2.415012946953437e-7,0.1,0.0998257368786229,0.01,"Anderson(SD(0.1); m=10, warmup=100, αw=0.2)","VariableCell(BB(1.0), field_updater)",48,,,,Polyorder pseudospectral SCFT,,,,,,,,,,cases/f0.2_chiN47/native_profiles.csv#model=scft,accepted,reference_gates_pass,
liu2019-stress-free-period-map-v2,stress_free_lamellar_observable,f0.2_chiN47,0.2,47.0,24.613,liu2019_opf,OPF (force/stress mapped),per_state_force_stress_mapping,3.809993892879703,4.791635370173899,-0.20486564637295634,0.20486564637295634,0.22031480307062282,0.5716845346029928,0.8754247971391768,0.0,false,1.2319436073303223,StressRootBisection,49,true,false,true,true,true,true,true,-0.16225517953216206,0.899317481555717,0.2,-0.35419724183258394,8.384882688647411e-8,2.007945619775242e-7,mean-constrained Fourier nonlinear conjugate gradient,9.575434695691289e-8,Polyorder.Successful(),1.5043247506287397e-7,2.415012946953437e-7,0.1,0.0998257368786229,0.01,"Anderson(SD(0.1); m=10, warmup=100, αw=0.2)","VariableCell(BB(1.0), field_updater)",128,,,,,,,,-1.0,-1.399541462272248,2.1354027304728405,0.024245842962820206,0.4130693359017225,0.19974335857519002,cases/f0.2_chiN47/native_profiles.csv#model=liu2019_opf,accepted,model_gates_pass,
liu2019-stress-free-period-map-v2,stress_free_lamellar_observable,f0.2_chiN47,0.2,47.0,24.613,uneyama_doi,Uneyama-Doi,not_applicable,4.871755605559798,4.791635370173899,0.016720853987475248,0.016720853987475248,0.031579910141939616,0.9911996857913152,0.9957769654885105,0.99609375,false,1.6394584641988357,BootstrapLocal,16,true,false,true,true,true,true,true,0.009790289081359982,0.968491343194686,0.20000000000078785,-3.363825078586543,8.612704995344724e-7,2.6729168163264205e-6,mean-constrained fused-spectral L-BFGS with profile continuation,,Polyorder.Successful(),1.5043247506287397e-7,2.415012946953437e-7,0.1,0.0998257368786229,0.01,"Anderson(SD(0.1); m=10, warmup=100, αw=0.2)","VariableCell(BB(1.0), field_updater)",128,,,,,,1,,,,,,,,cases/f0.2_chiN47/native_profiles.csv#model=uneyama_doi,accepted,model_gates_pass,
liu2019-stress-free-period-map-v2,stress_free_lamellar_observable,f0.2_chiN47,0.2,47.0,24.613,burp_ti,BURP-TI,not_applicable,4.116594219876583,4.791635370173899,-0.14087907324901838,0.14087907324901838,0.03634036251437559,0.9883465394753247,0.99497845935983,0.99609375,false,1.385329188054203,BoundedKKTNewtonGMRES+AnalyticStressRoot,1,true,false,true,true,true,true,true,1.0000000000000002e-6,0.9133957222142488,0.20000000000000007,-2.4642747497025024,0.00046406846451206075,0.0011279248433808675,bounded-KKT Newton-GMRES,4.484468080266875e-5,Polyorder.Successful(),1.5043247506287397e-7,2.415012946953437e-7,0.1,0.0998257368786229,0.01,"Anderson(SD(0.1); m=10, warmup=100, αw=0.2)","VariableCell(BB(1.0), field_updater)",128,64,,,,256,1,,,,,,,,cases/f0.2_chiN47/native_profiles.csv#model=burp_ti,accepted,model_gates_pass,
liu2019-stress-free-period-map-v2,stress_free_lamellar_observable,f0.2_chiN47,0.2,47.0,24.613,bvk2,BVK2,frozen_c2_evaluation,4.659672146406208,4.791635370173899,-0.02754033092524355,0.02754033092524355,0.023471838202649892,0.9951384964820932,0.9979954152454574,0.0,false,1.5680874738664976,FilteredUDThetaAnalyticCellStressRoot,10,true,false,true,true,true,true,true,0.0004535082678657574,0.9457349160121004,0.19999999999999996,-3.1738752292315437,1.0867221422237776e-11,3.7605699812543624e-11,oversampled filtered UD-theta L-BFGS with cosine-Newton polish,3.6989078466831415e-10,Polyorder.Successful(),1.5043247506287397e-7,2.415012946953437e-7,0.1,0.0998257368786229,0.01,"Anderson(SD(0.1); m=10, warmup=100, αw=0.2)","VariableCell(BB(1.0), field_updater)",256,,2,12.0,ud-theta-spectral-adaptive-k-physical-sensor-filter-oversampled-v2,,,0.16,,,,,,,cases/f0.2_chiN47/native_profiles.csv#model=bvk2,accepted,model_gates_pass,
liu2019-stress-free-period-map-v2,stress_free_lamellar_observable,f0.2_chiN47,0.2,47.0,24.613,ohta_kawasaki,Ohta-Kawasaki (recomputed),liu2019_ok_asymptotic_quadratic_extrapolated_c3_c4,3.5187277483054733,4.791635370173899,-0.26565202139373745,0.26565202139373745,0.1676240177837393,0.7520586903520053,0.9037493582459931,0.0,false,1.165349288843572,StressRootBisection,107,true,false,true,true,true,true,true,-0.12533363708114392,0.871480380742987,0.19999999999999998,-7.315030603396592,7.720122212938134e-6,1.7995564617123705e-5,mean-constrained Fourier nonlinear conjugate gradient,3.466741070273501e-7,Polyorder.Successful(),1.5043247506287397e-7,2.415012946953437e-7,0.1,0.0998257368786229,0.01,"Anderson(SD(0.1); m=10, warmup=100, αw=0.2)","VariableCell(BB(1.0), field_updater)",128,,,,,,,,-35.91838612841329,-53.95510160444157,78.42664458542353,1.5624999999999998,29.296874999999986,,cases/f0.2_chiN47/native_profiles.csv#model=ohta_kawasaki,accepted,model_gates_pass,
liu2019-stress-free-period-map-v2,stress_free_lamellar_observable,f0.2_chiN48,0.2,48.0,24.613,scft,SCFT,reference,4.819093778478185,4.819093778478185,0.0,0.0,0.0,1.0,1.0,0.0,false,,Polyorder.cell_solve!,400,true,false,true,true,true,true,true,0.0009592173917629959,0.9684862963303648,0.19999999999999996,4.596410662756483,,,not_applicable,2.2116077984196297e-8,Polyorder.Successful(),1.87525964425595e-7,9.349079030884542e-7,0.1,0.10039778705162884,0.01,"Anderson(SD(0.1); m=10, warmup=100, αw=0.2)","VariableCell(BB(1.0), field_updater)",48,,,,Polyorder pseudospectral SCFT,,,,,,,,,,cases/f0.2_chiN48/native_profiles.csv#model=scft,accepted,reference_gates_pass,
liu2019-stress-free-period-map-v2,stress_free_lamellar_observable,f0.2_chiN48,0.2,48.0,24.613,liu2019_opf,OPF (force/stress mapped),per_state_force_stress_mapping,3.834312997937003,4.819093778478185,-0.20434978562549666,0.20434978562549666,0.22209935565282818,0.5685564725448741,0.8737892738121829,0.99609375,false,1.2385525703430176,StressRootBisection,49,true,false,true,true,true,true,true,-0.16215641695087835,0.9005666405458563,0.2,-0.36279811562944286,6.318282815269468e-7,1.540358113061302e-6,mean-constrained Fourier nonlinear conjugate gradient,7.647806490800129e-8,Polyorder.Successful(),1.87525964425595e-7,9.349079030884542e-7,0.1,0.10039778705162884,0.01,"Anderson(SD(0.1); m=10, warmup=100, αw=0.2)","VariableCell(BB(1.0), field_updater)",128,,,,,,,,-1.0,-1.415710639256475,2.1490987534198784,0.023551328376952396,0.39961558182964735,0.19986823700689954,cases/f0.2_chiN48/native_profiles.csv#model=liu2019_opf,accepted,model_gates_pass,
liu2019-stress-free-period-map-v2,stress_free_lamellar_observable,f0.2_chiN48,0.2,48.0,24.613,uneyama_doi,Uneyama-Doi,not_applicable,4.878701636138247,4.819093778478185,0.012369100997010829,0.012369100997010829,0.030142684270360164,0.9920531830398681,0.996181857348801,0.9921875,false,1.6417959641775757,BootstrapLocal,16,true,false,true,true,true,true,true,0.00910993200390958,0.9705797197603381,0.2000000000000489,-3.585454896707443,9.7875672682156e-7,2.297980918442022e-6,mean-constrained fused-spectral L-BFGS with profile continuation,,Polyorder.Successful(),1.87525964425595e-7,9.349079030884542e-7,0.1,0.10039778705162884,0.01,"Anderson(SD(0.1); m=10, warmup=100, αw=0.2)","VariableCell(BB(1.0), field_updater)",128,,,,,,1,,,,,,,,cases/f0.2_chiN48/native_profiles.csv#model=uneyama_doi,accepted,model_gates_pass,
liu2019-stress-free-period-map-v2,stress_free_lamellar_observable,f0.2_chiN48,0.2,48.0,24.613,burp_ti,BURP-TI,not_applicable,4.143711689762625,4.819093778478185,-0.14014711474007413,0.14014711474007413,0.034547843544795384,0.9895607031038659,0.9954718221933275,0.9921875,false,1.3944548440049227,BoundedKKTNewtonGMRES+AnalyticStressRoot,1,true,false,true,true,true,true,true,1.0e-6,0.9208382563196759,0.2000000000000001,-2.6567570395233844,0.0003842267517006497,0.000735273227959965,bounded-KKT Newton-GMRES,3.4946823777915626e-5,Polyorder.Successful(),1.87525964425595e-7,9.349079030884542e-7,0.1,0.10039778705162884,0.01,"Anderson(SD(0.1); m=10, warmup=100, αw=0.2)","VariableCell(BB(1.0), field_updater)",128,64,,,,256,1,,,,,,,,cases/f0.2_chiN48/native_profiles.csv#model=burp_ti,accepted,model_gates_pass,
liu2019-stress-free-period-map-v2,stress_free_lamellar_observable,f0.2_chiN48,0.2,48.0,24.613,bvk2,BVK2,frozen_c2_evaluation,4.6955388606944615,4.819093778478185,-0.025638620758017372,0.025638620758017372,0.022633199955996334,0.9955195536491036,0.9981255062403731,0.99609375,false,1.5801574529631033,FilteredUDThetaAnalyticCellStressRoot,12,true,false,true,true,true,true,true,0.0003646558983516952,0.950459118983477,0.20000000000028725,-3.4035768261892847,6.521564425582218e-11,2.3370178885010794e-10,oversampled filtered UD-theta L-BFGS with cosine-Newton polish,3.596678510575657e-12,Polyorder.Successful(),1.87525964425595e-7,9.349079030884542e-7,0.1,0.10039778705162884,0.01,"Anderson(SD(0.1); m=10, warmup=100, αw=0.2)","VariableCell(BB(1.0), field_updater)",256,,2,12.0,ud-theta-spectral-adaptive-k-physical-sensor-filter-oversampled-v2,,,0.16,,,,,,,cases/f0.2_chiN48/native_profiles.csv#model=bvk2,accepted,model_gates_pass,
liu2019-stress-free-period-map-v2,stress_free_lamellar_observable,f0.2_chiN48,0.2,48.0,24.613,ohta_kawasaki,Ohta-Kawasaki (recomputed),liu2019_ok_asymptotic_quadratic_extrapolated_c3_c4,3.5405646836681552,4.819093778478185,-0.2653048796269274,0.2653048796269274,0.16829257357149274,0.7522810306048181,0.9042937080410578,0.99609375,false,1.172581350803375,StressRootBisection,106,true,false,true,true,true,true,true,-0.12483389261970701,0.8762967635927337,0.20000000000000004,-7.8526351122735925,4.3428473001983025e-6,9.479751843954887e-6,mean-constrained Fourier nonlinear conjugate gradient,6.51226358481472e-9,Polyorder.Successful(),1.87525964425595e-7,9.349079030884542e-7,0.1,0.10039778705162884,0.01,"Anderson(SD(0.1); m=10, warmup=100, αw=0.2)","VariableCell(BB(1.0), field_updater)",128,,,,,,,,-36.91838612841329,-56.925421640839275,81.82168056163002,1.5624999999999998,29.296874999999986,,cases/f0.2_chiN48/native_profiles.csv#model=ohta_kawasaki,accepted,model_gates_pass,
liu2019-stress-free-period-map-v2,stress_free_lamellar_observable,f0.2_chiN49,0.2,49.0,24.613,scft,SCFT,reference,4.845834964346088,4.845834964346088,0.0,0.0,0.0,1.0,1.0,0.0,false,,Polyorder.cell_solve!,9,true,false,true,true,true,true,true,0.0008183002496984355,0.9707769923724315,0.2000000000000003,4.640976348306424,,,not_applicable,5.546194833211763e-7,Polyorder.Successful(),1.1262967790766342e-7,4.3185943712943815e-7,0.1,0.1009548950905435,0.01,"Anderson(SD(0.1); m=10, warmup=100, αw=0.2)","VariableCell(BB(1.0), field_updater)",48,,,,Polyorder pseudospectral SCFT,,,,,,,,,,cases/f0.2_chiN49/native_profiles.csv#model=scft,accepted,reference_gates_pass,
liu2019-stress-free-period-map-v2,stress_free_lamellar_observable,f0.2_chiN49,0.2,49.0,24.613,liu2019_opf,OPF (force/stress mapped),per_state_force_stress_mapping,3.8585109202392127,4.845834964346088,-0.20374693966493929,0.20374693966493929,0.22386861443638043,0.5652690462800485,0.8721285490446731,0.0,false,1.2452436447143556,StressRootBisection,48,true,false,true,true,true,true,true,-0.16196976359255583,0.901660945629579,0.2,-0.37132179727443426,8.055414862051349e-7,1.9261899908973312e-6,mean-constrained Fourier nonlinear conjugate gradient,9.580043664454315e-8,Polyorder.Successful(),1.1262967790766342e-7,4.3185943712943815e-7,0.1,0.1009548950905435,0.01,"Anderson(SD(0.1); m=10, warmup=100, αw=0.2)","VariableCell(BB(1.0), field_updater)",128,,,,,,,,-1.0,-1.4317900930376246,2.1630934714755568,0.02286689275469679,0.38660283034687837,0.19999956346637343,cases/f0.2_chiN49/native_profiles.csv#model=liu2019_opf,accepted,model_gates_pass,
liu2019-stress-free-period-map-v2,stress_free_lamellar_observable,f0.2_chiN49,0.2,49.0,24.613,uneyama_doi,Uneyama-Doi,not_applicable,4.885504439336067,4.845834964346088,0.008186303347483381,0.008186303347483381,0.029149394343064922,0.9926295634410066,0.9964488097677807,0.99609375,false,1.6440852648293194,BootstrapLocal,16,true,false,true,true,true,true,true,0.00848719633810018,0.9724784364622427,0.2000000000001499,-3.8101783748014206,7.429937242355564e-7,2.0749744673587145e-6,mean-constrained fused-spectral L-BFGS with profile continuation,,Polyorder.Successful(),1.1262967790766342e-7,4.3185943712943815e-7,0.1,0.1009548950905435,0.01,"Anderson(SD(0.1); m=10, warmup=100, αw=0.2)","VariableCell(BB(1.0), field_updater)",128,,,,,,1,,,,,,,,cases/f0.2_chiN49/native_profiles.csv#model=uneyama_doi,accepted,model_gates_pass,
liu2019-stress-free-period-map-v2,stress_free_lamellar_observable,f0.2_chiN49,0.2,49.0,24.613,burp_ti,BURP-TI,not_applicable,4.169550415527909,4.845834964346088,-0.13955996310110386,0.13955996310110386,0.03315393125210666,0.990465362054674,0.9958238689136526,0.99609375,false,1.4031501729766107,BoundedKKTNewtonGMRES+AnalyticStressRoot,1,true,false,true,true,true,true,true,1.0000000000000002e-6,0.9276732547714447,0.19999999999999998,-2.853457942750337,0.00035668396157382317,0.0009342036430624034,bounded-KKT Newton-GMRES,2.6973954534573898e-5,Polyorder.Successful(),1.1262967790766342e-7,4.3185943712943815e-7,0.1,0.1009548950905435,0.01,"Anderson(SD(0.1); m=10, warmup=100, αw=0.2)","VariableCell(BB(1.0), field_updater)",128,64,,,,256,1,,,,,,,,cases/f0.2_chiN49/native_profiles.csv#model=burp_ti,accepted,model_gates_pass,
liu2019-stress-free-period-map-v2,stress_free_lamellar_observable,f0.2_chiN49,0.2,49.0,24.613,bvk2,BVK2,frozen_c2_evaluation,4.729941511632108,4.845834964346088,-0.023916095691801753,0.023916095691801753,0.02148454018469228,0.9959960719209868,0.998314637039544,0.5,false,1.5917347408726685,FilteredUDThetaAnalyticCellStressRoot,12,true,false,true,true,true,true,true,0.00029306993815224005,0.9547244771455909,0.19999999999999998,-3.6380054067193925,1.2909550331893295e-11,5.750052034267171e-11,oversampled filtered UD-theta L-BFGS with cosine-Newton polish,5.653255641391297e-13,Polyorder.Successful(),1.1262967790766342e-7,4.3185943712943815e-7,0.1,0.1009548950905435,0.01,"Anderson(SD(0.1); m=10, warmup=100, αw=0.2)","VariableCell(BB(1.0), field_updater)",256,,2,12.0,ud-theta-spectral-adaptive-k-physical-sensor-filter-oversampled-v2,,,0.16,,,,,,,cases/f0.2_chiN49/native_profiles.csv#model=bvk2,accepted,model_gates_pass,
liu2019-stress-free-period-map-v2,stress_free_lamellar_observable,f0.2_chiN49,0.2,49.0,24.613,ohta_kawasaki,Ohta-Kawasaki (recomputed),liu2019_ok_asymptotic_quadratic_extrapolated_c3_c4,3.562198662404658,4.845834964346088,-0.2648947624890168,0.2648947624890168,0.16902088767309628,0.7521922424586306,0.9047579877166624,0.0,false,1.1797461966052654,StressRootBisection,110,true,false,true,true,true,true,true,-0.12446488975462466,0.8810021388944311,0.2,-8.411002915115628,2.9113960621527998e-6,8.73739995732592e-6,mean-constrained Fourier nonlinear conjugate gradient,2.857819135797937e-7,Polyorder.Successful(),1.1262967790766342e-7,4.3185943712943815e-7,0.1,0.1009548950905435,0.01,"Anderson(SD(0.1); m=10, warmup=100, αw=0.2)","VariableCell(BB(1.0), field_updater)",128,,,,,,,,-37.91838612841329,-59.94146767723699,85.20776095783648,1.5624999999999998,29.296874999999986,,cases/f0.2_chiN49/native_profiles.csv#model=ohta_kawasaki,accepted,model_gates_pass,
liu2019-stress-free-period-map-v2,stress_free_lamellar_observable,f0.2_chiN50,0.2,50.0,24.613,scft,SCFT,reference,4.871769926333648,4.871769926333648,0.0,0.0,0.0,1.0,1.0,0.0,false,,Polyorder.cell_solve!,49,true,false,true,true,true,true,true,0.0006971974320854613,0.9727272896591355,0.2000000000000006,4.68461526576268,,,not_applicable,2.3255051321326404e-8,Polyorder.Successful(),7.004603197088428e-8,5.168220988296612e-8,0.1,0.09743539852667295,0.01,"Anderson(SD(0.1); m=10, warmup=100, αw=0.2)","VariableCell(BB(1.0), field_updater)",50,,,,Polyorder pseudospectral SCFT,,,,,,,,,,cases/f0.2_chiN50/native_profiles.csv#model=scft,accepted,reference_gates_pass,
liu2019-stress-free-period-map-v2,stress_free_lamellar_observable,f0.2_chiN50,0.2,50.0,24.613,liu2019_opf,OPF (force/stress mapped),per_state_force_stress_mapping,3.8792403886174887,4.871769926333648,-0.20373079039533126,0.20373079039533126,0.22554371775638693,0.562424160511501,0.8704743730238963,0.0,false,1.250650978088379,StressRootBisection,48,true,false,true,true,true,true,true,-0.16195801639961477,0.9029322544279399,0.2,-0.37859998065414385,8.146373541288688e-7,2.2561691463973688e-6,mean-constrained Fourier nonlinear conjugate gradient,8.36625218217069e-8,Polyorder.Successful(),7.004603197088428e-8,5.168220988296612e-8,0.1,0.09743539852667295,0.01,"Anderson(SD(0.1); m=10, warmup=100, αw=0.2)","VariableCell(BB(1.0), field_updater)",128,,,,,,,,-1.0,-1.44480838024646,2.17248908330217,0.0223651533060499,0.37657292364026795,0.19978766622486643,cases/f0.2_chiN50/native_profiles.csv#model=liu2019_opf,accepted,model_gates_pass,
liu2019-stress-free-period-map-v2,stress_free_lamellar_observable,f0.2_chiN50,0.2,50.0,24.613,uneyama_doi,Uneyama-Doi,not_applicable,4.892579545973129,4.871769926333648,0.004271470113356157,0.004271470113356157,0.027854099180460046,0.9933262474432326,0.9967853206848333,0.99609375,false,1.6464662018878213,BootstrapLocal,16,true,false,true,true,true,true,true,0.00791585823375069,0.9742134495442984,0.2,-4.038186818220412,9.853551234428708e-7,2.7105402082838737e-6,mean-constrained fused-spectral L-BFGS with profile continuation,,Polyorder.Successful(),7.004603197088428e-8,5.168220988296612e-8,0.1,0.09743539852667295,0.01,"Anderson(SD(0.1); m=10, warmup=100, αw=0.2)","VariableCell(BB(1.0), field_updater)",128,,,,,,1,,,,,,,,cases/f0.2_chiN50/native_profiles.csv#model=uneyama_doi,accepted,model_gates_pass,
liu2019-stress-free-period-map-v2,stress_free_lamellar_observable,f0.2_chiN50,0.2,50.0,24.613,burp_ti,BURP-TI,not_applicable,4.194208019673776,4.871769926333648,-0.1390792087691598,0.1390792087691598,0.03182529722890244,0.9912876201540494,0.9961609639572645,0.99609375,false,1.4114480271993615,BoundedKKTNewtonGMRES+AnalyticStressRoot,0,true,false,true,true,true,true,true,1.0e-6,0.9339466602026081,0.19999999999999996,-3.0541347126070217,0.0004813895874620119,0.0009675984623314093,bounded-KKT Newton-GMRES,1.4951539723610058e-5,Polyorder.Successful(),7.004603197088428e-8,5.168220988296612e-8,0.1,0.09743539852667295,0.01,"Anderson(SD(0.1); m=10, warmup=100, αw=0.2)","VariableCell(BB(1.0), field_updater)",128,64,,,,256,1,,,,,,,,cases/f0.2_chiN50/native_profiles.csv#model=burp_ti,accepted,model_gates_pass,
liu2019-stress-free-period-map-v2,stress_free_lamellar_observable,f0.2_chiN50,0.2,50.0,24.613,bvk2,BVK2,frozen_c2_evaluation,4.762982075317679,4.871769926333648,-0.02233025217958906,0.02233025217958906,0.02151998251518296,0.9960164002797784,0.9982851669178195,0.49609375,false,1.6028536549114578,FilteredUDThetaAnalyticCellStressRoot,10,true,false,true,true,true,true,true,0.0002354233530691263,0.9585807150204485,0.20000000000000004,-3.8769409715863326,1.5389791631404562e-11,7.560627954062966e-11,oversampled filtered UD-theta L-BFGS with cosine-Newton polish,2.7045032879868813e-13,Polyorder.Successful(),7.004603197088428e-8,5.168220988296612e-8,0.1,0.09743539852667295,0.01,"Anderson(SD(0.1); m=10, warmup=100, αw=0.2)","VariableCell(BB(1.0), field_updater)",256,,2,12.0,ud-theta-spectral-adaptive-k-physical-sensor-filter-oversampled-v2,,,0.16,,,,,,,cases/f0.2_chiN50/native_profiles.csv#model=bvk2,accepted,model_gates_pass,
liu2019-stress-free-period-map-v2,stress_free_lamellar_observable,f0.2_chiN50,0.2,50.0,24.613,ohta_kawasaki,Ohta-Kawasaki (recomputed),liu2019_ok_asymptotic_quadratic_extrapolated_c3_c4,3.583647802267807,4.871769926333648,-0.2644053687968889,0.2644053687968889,0.16986083939074215,0.7518133616182647,0.9050661061074432,0.0,false,1.1868498265743255,StressRootBisection,109,true,false,true,true,true,true,true,-0.12417507593978411,0.8856125383697335,0.20000000000000004,-8.990693839105178,5.456958542461092e-6,1.544012249077298e-5,mean-constrained Fourier nonlinear conjugate gradient,9.205923997200859e-8,Polyorder.Successful(),7.004603197088428e-8,5.168220988296612e-8,0.1,0.09743539852667295,0.01,"Anderson(SD(0.1); m=10, warmup=100, αw=0.2)","VariableCell(BB(1.0), field_updater)",128,,,,,,,,-38.91838612841329,-63.00323971363471,88.58488577404296,1.5624999999999998,29.296874999999986,,cases/f0.2_chiN50/native_profiles.csv#model=ohta_kawasaki,accepted,model_gates_pass,
liu2019-stress-free-period-map-v2,stress_free_lamellar_observable,f0.25_chiN36,0.25,36.0,18.172,scft,SCFT,reference,4.55065442398967,4.55065442398967,0.0,0.0,0.0,1.0,1.0,0.0,false,,Polyorder.cell_solve!,10,true,false,true,true,true,true,true,0.0016842737454107885,0.9671687300823398,0.2500000000000005,4.039478022969615,,,not_applicable,7.470853307209289e-8,Polyorder.Successful(),8.066886287940432e-8,5.538260260756948e-8,0.1,0.09480530049978479,0.01,"Anderson(SD(0.1); m=10, warmup=100, αw=0.2)","VariableCell(BB(1.0), field_updater)",48,,,,Polyorder pseudospectral SCFT,,,,,,,,,,cases/f0.25_chiN36/native_profiles.csv#model=scft,accepted,reference_gates_pass,
liu2019-stress-free-period-map-v2,stress_free_lamellar_observable,f0.25_chiN36,0.25,36.0,18.172,liu2019_opf,OPF (force/stress mapped),per_state_force_stress_mapping,3.991584228143745,4.55065442398967,-0.12285490036305036,0.12285490036305036,0.14949969495289142,0.8277118608982661,0.9403518895313324,0.0,false,1.1864719390869136,StressRootBisection,47,true,false,true,true,true,true,true,-0.1127705862259668,0.9059512554419434,0.25,-0.3140094918182572,1.5794520825418582e-7,3.546735690695968e-7,mean-constrained Fourier nonlinear conjugate gradient,2.8765324900330024e-9,Polyorder.Successful(),8.066886287940432e-8,5.538260260756948e-8,0.1,0.09480530049978479,0.01,"Anderson(SD(0.1); m=10, warmup=100, αw=0.2)","VariableCell(BB(1.0), field_updater)",128,,,,,,,,-1.0,-1.1970580537721804,2.11263454455641,0.03182116030843366,0.38715438124268975,0.16768672918809102,cases/f0.25_chiN36/native_profiles.csv#model=liu2019_opf,accepted,model_gates_pass,
liu2019-stress-free-period-map-v2,stress_free_lamellar_observable,f0.25_chiN36,0.25,36.0,18.172,uneyama_doi,Uneyama-Doi,not_applicable,4.298458148617461,4.55065442398967,-0.05541978183241225,0.05541978183241225,0.027929476553259242,0.9939868732295486,0.9978774245513491,0.99609375,false,1.404337356711575,BootstrapLocal,48,true,false,true,true,true,true,true,0.02102413065016521,0.9561927378710913,0.25000000000011346,-2.3410627517095683,6.621649600734913e-7,1.8499130582938506e-6,mean-constrained fused-spectral L-BFGS with profile continuation,,Polyorder.Successful(),8.066886287940432e-8,5.538260260756948e-8,0.1,0.09480530049978479,0.01,"Anderson(SD(0.1); m=10, warmup=100, αw=0.2)","VariableCell(BB(1.0), field_updater)",128,,,,,,1,,,,,,,,cases/f0.25_chiN36/native_profiles.csv#model=uneyama_doi,accepted,model_gates_pass,
liu2019-stress-free-period-map-v2,stress_free_lamellar_observable,f0.25_chiN36,0.25,36.0,18.172,burp_ti,BURP-TI,not_applicable,3.868108029508537,4.55065442398967,-0.1499886238082495,0.1499886238082495,0.024299212247139493,0.9954484516955213,0.9978324235954029,0.99609375,false,1.2637388611965448,BoundedKKTNewtonGMRES+AnalyticStressRoot,3,true,false,true,true,true,true,true,1.0000000000490059e-6,0.9473287348556771,0.25000000000000006,-2.2838360575377923,0.0004502370686206531,0.0007385511593778205,bounded-KKT Newton-GMRES,6.19048262537118e-6,Polyorder.Successful(),8.066886287940432e-8,5.538260260756948e-8,0.1,0.09480530049978479,0.01,"Anderson(SD(0.1); m=10, warmup=100, αw=0.2)","VariableCell(BB(1.0), field_updater)",128,64,,,,256,1,,,,,,,,cases/f0.25_chiN36/native_profiles.csv#model=burp_ti,accepted,model_gates_pass,
liu2019-stress-free-period-map-v2,stress_free_lamellar_observable,f0.25_chiN36,0.25,36.0,18.172,bvk2,BVK2,frozen_c2_evaluation,4.4516547811184735,4.55065442398967,-0.02175503425382075,0.02175503425382075,0.026151121588446315,0.9947282427126185,0.997681486907208,0.5,false,1.4543878042221046,FilteredUDThetaAnalyticCellStressRoot,30,true,false,true,true,true,true,true,0.0006663539354495206,0.9514143745532261,0.25,-2.7589656522801977,1.6264641114841925e-11,6.643571746348516e-11,oversampled filtered UD-theta L-BFGS with cosine-Newton polish,9.192646643896296e-14,Polyorder.Successful(),8.066886287940432e-8,5.538260260756948e-8,0.1,0.09480530049978479,0.01,"Anderson(SD(0.1); m=10, warmup=100, αw=0.2)","VariableCell(BB(1.0), field_updater)",256,,2,12.0,ud-theta-spectral-adaptive-k-physical-sensor-filter-oversampled-v2,,,0.16,,,,,,,cases/f0.25_chiN36/native_profiles.csv#model=bvk2,accepted,model_gates_pass,
liu2019-stress-free-period-map-v2,stress_free_lamellar_observable,f0.25_chiN36,0.25,36.0,18.172,ohta_kawasaki,Ohta-Kawasaki (recomputed),liu2019_ok_asymptotic_quadratic_extrapolated_c3_c4,3.584451207726737,4.55065442398967,-0.2123218170928125,0.2123218170928125,0.10440417388324032,0.9159746191223804,0.9572971337227797,0.0,false,1.1409662559628488,StressRootBisection,103,true,false,true,true,true,true,true,-0.054585685609670365,0.8410288989960503,0.25,-4.6104923808943905,4.796934479260995e-6,1.0279230691523367e-5,mean-constrained Fourier nonlinear conjugate gradient,9.525174961957445e-8,Polyorder.Successful(),8.066886287940432e-8,5.538260260756948e-8,0.1,0.09480530049978479,0.01,"Anderson(SD(0.1); m=10, warmup=100, αw=0.2)","VariableCell(BB(1.0), field_updater)",128,,,,,,,,-28.494742622355535,-40.7853363835946,71.51508121377924,1.3333333333333333,21.333333333333332,,cases/f0.25_chiN36/native_profiles.csv#model=ohta_kawasaki,accepted,model_gates_pass,
liu2019-stress-free-period-map-v2,stress_free_lamellar_observable,f0.25_chiN37,0.25,37.0,18.172,scft,SCFT,reference,4.584425312267988,4.584425312267988,0.0,0.0,0.0,1.0,1.0,0.0,false,,Polyorder.cell_solve!,12,true,false,true,true,true,true,true,0.001377502184042305,0.9701250635656674,0.2500000000000002,4.09587212452054,,,not_applicable,1.7440640013111026e-8,Polyorder.Successful(),1.6383897360444975e-7,1.0416422205506048e-7,0.1,0.09550886067224974,0.01,"Anderson(SD(0.1); m=10, warmup=100, αw=0.2)","VariableCell(BB(1.0), field_updater)",48,,,,Polyorder pseudospectral SCFT,,,,,,,,,,cases/f0.25_chiN37/native_profiles.csv#model=scft,accepted,reference_gates_pass,
liu2019-stress-free-period-map-v2,stress_free_lamellar_observable,f0.25_chiN37,0.25,37.0,18.172,liu2019_opf,OPF (force/stress mapped),per_state_force_stress_mapping,4.0235203826192265,4.584425312267988,-0.12235010747100006,0.12235010747100006,0.15163516101513927,0.8249470482518351,0.939045301389485,0.0,false,1.1937097549438473,StressRootBisection,48,true,false,true,true,true,true,true,-0.11319183879938649,0.9078701187143801,0.25000000000000006,-0.32454357226614405,6.19863747584302e-7,2.389738156027832e-6,mean-constrained Fourier nonlinear conjugate gradient,7.123559861188694e-8,Polyorder.Successful(),1.6383897360444975e-7,1.0416422205506048e-7,0.1,0.09550886067224974,0.01,"Anderson(SD(0.1); m=10, warmup=100, αw=0.2)","VariableCell(BB(1.0), field_updater)",128,,,,,,,,-1.0,-1.211321501713086,2.12474461978651,0.03069492970751166,0.3706433950310501,0.16775596171969456,cases/f0.25_chiN37/native_profiles.csv#model=liu2019_opf,accepted,model_gates_pass,
liu2019-stress-free-period-map-v2,stress_free_lamellar_observable,f0.25_chiN37,0.25,37.0,18.172,uneyama_doi,Uneyama-Doi,not_applicable,4.310509708338327,4.584425312267988,-0.0597491692571932,0.0597491692571932,0.026647257646187573,0.994594017359062,0.9980610615471833,0.99609375,false,1.4082746884099415,BootstrapLocal,16,true,false,true,true,true,true,true,0.01945951162263263,0.9599186535952272,0.25000000000027617,-2.5583604610971546,9.373499206151013e-7,2.4555608701959386e-6,mean-constrained fused-spectral L-BFGS with profile continuation,,Polyorder.Successful(),1.6383897360444975e-7,1.0416422205506048e-7,0.1,0.09550886067224974,0.01,"Anderson(SD(0.1); m=10, warmup=100, αw=0.2)","VariableCell(BB(1.0), field_updater)",128,,,,,,1,,,,,,,,cases/f0.25_chiN37/native_profiles.csv#model=uneyama_doi,accepted,model_gates_pass,
liu2019-stress-free-period-map-v2,stress_free_lamellar_observable,f0.25_chiN37,0.25,37.0,18.172,burp_ti,BURP-TI,not_applicable,3.894264628444083,4.584425312267988,-0.1505446455801177,0.1505446455801177,0.023010340517910254,0.9959689731033404,0.9980580064797152,0.99609375,false,1.2722844111913783,BoundedKKTNewtonGMRES+AnalyticStressRoot,1,true,false,true,true,true,true,true,1.0000000001177689e-6,0.9543028886586937,0.25,-2.5005312202467422,0.0004252194724507173,0.0007066127964119318,bounded-KKT Newton-GMRES,3.5715485315435875e-5,Polyorder.Successful(),1.6383897360444975e-7,1.0416422205506048e-7,0.1,0.09550886067224974,0.01,"Anderson(SD(0.1); m=10, warmup=100, αw=0.2)","VariableCell(BB(1.0), field_updater)",128,64,,,,256,1,,,,,,,,cases/f0.25_chiN37/native_profiles.csv#model=burp_ti,accepted,model_gates_pass,
liu2019-stress-free-period-map-v2,stress_free_lamellar_observable,f0.25_chiN37,0.25,37.0,18.172,bvk2,BVK2,frozen_c2_evaluation,4.492662312671996,4.584425312267988,-0.020016249223306692,0.020016249223306692,0.025242996264210865,0.9951487750772757,0.9978528199333345,0.5,false,1.4677852612813673,FilteredUDThetaAnalyticCellStressRoot,13,true,false,true,true,true,true,true,0.0005097435004917352,0.9563234950261147,0.25000000000000017,-3.011196793555527,2.2541209709281902e-8,6.738972179663358e-8,oversampled filtered UD-theta L-BFGS with cosine-Newton polish,1.2949641359227826e-12,Polyorder.Successful(),1.6383897360444975e-7,1.0416422205506048e-7,0.1,0.09550886067224974,0.01,"Anderson(SD(0.1); m=10, warmup=100, αw=0.2)","VariableCell(BB(1.0), field_updater)",256,,2,12.0,ud-theta-spectral-adaptive-k-physical-sensor-filter-oversampled-v2,,,0.16,,,,,,,cases/f0.25_chiN37/native_profiles.csv#model=bvk2,accepted,model_gates_pass,
liu2019-stress-free-period-map-v2,stress_free_lamellar_observable,f0.25_chiN37,0.25,37.0,18.172,ohta_kawasaki,Ohta-Kawasaki (recomputed),liu2019_ok_asymptotic_quadratic_extrapolated_c3_c4,3.6053428575958106,4.584425312267988,-0.21356710775768084,0.21356710775768084,0.104930193032679,0.9161755816968997,0.9573941948352162,0.0,false,1.1476162746548653,StressRootBisection,110,true,false,true,true,true,true,true,-0.05409666666799601,0.8442585407616289,0.24999999999999994,-4.985028060890321,7.959048783098532e-6,2.0165233109104008e-5,mean-constrained Fourier nonlinear conjugate gradient,9.004373539394386e-9,Polyorder.Successful(),1.6383897360444975e-7,1.0416422205506048e-7,0.1,0.09550886067224974,0.01,"Anderson(SD(0.1); m=10, warmup=100, αw=0.2)","VariableCell(BB(1.0), field_updater)",128,,,,,,,,-29.494742622355535,-43.24036782896815,75.26144521909477,1.3333333333333333,21.333333333333332,,cases/f0.25_chiN37/native_profiles.csv#model=ohta_kawasaki,accepted,model_gates_pass,
liu2019-stress-free-period-map-v2,stress_free_lamellar_observable,f0.25_chiN38,0.25,38.0,18.172,scft,SCFT,reference,4.61700974496047,4.61700974496047,0.0,0.0,0.0,1.0,1.0,0.0,false,,Polyorder.cell_solve!,18,true,false,true,true,true,true,true,0.0011260830309650876,0.9727505745921209,0.24999999999999953,4.150686220422843,,,not_applicable,1.9671991222834688e-8,Polyorder.Successful(),1.6991027606518799e-7,1.1305419647045614e-7,0.1,0.09618770302000978,0.01,"Anderson(SD(0.1); m=10, warmup=100, αw=0.2)","VariableCell(BB(1.0), field_updater)",48,,,,Polyorder pseudospectral SCFT,,,,,,,,,,cases/f0.25_chiN38/native_profiles.csv#model=scft,accepted,reference_gates_pass,
liu2019-stress-free-period-map-v2,stress_free_lamellar_observable,f0.25_chiN38,0.25,38.0,18.172,liu2019_opf,OPF (force/stress mapped),per_state_force_stress_mapping,4.0543658762937715,4.61700974496047,-0.12186326209963749,0.12186326209963749,0.15369641197154094,0.8221946743648216,0.9377551424800918,0.0,false,1.2008033752441405,StressRootBisection,46,true,false,true,true,true,true,true,-0.11350049428260078,0.9095429843855047,0.25000000000000006,-0.3346680703413719,3.630856472446099e-7,7.648487956868344e-7,mean-constrained Fourier nonlinear conjugate gradient,4.1485251572465247e-8,Polyorder.Successful(),1.6991027606518799e-7,1.1305419647045614e-7,0.1,0.09618770302000978,0.01,"Anderson(SD(0.1); m=10, warmup=100, αw=0.2)","VariableCell(BB(1.0), field_updater)",128,,,,,,,,-1.0,-1.2248678536862279,2.1364442757632736,0.029635861475572393,0.3554126468960223,0.16774937755388836,cases/f0.25_chiN38/native_profiles.csv#model=liu2019_opf,accepted,model_gates_pass,
liu2019-stress-free-period-map-v2,stress_free_lamellar_observable,f0.25_chiN38,0.25,38.0,18.172,uneyama_doi,Uneyama-Doi,not_applicable,4.323598486087455,4.61700974496047,-0.06355006272041697,0.06355006272041697,0.02544025536327682,0.9951285276775715,0.9982261612103662,0.99609375,false,1.412550886737639,BootstrapLocal,16,true,false,true,true,true,true,true,0.018037845132976627,0.9632385597118511,0.2500000000000495,-2.781386753587763,9.905511067882848e-7,3.0054084314556917e-6,mean-constrained fused-spectral L-BFGS with profile continuation,,Polyorder.Successful(),1.6991027606518799e-7,1.1305419647045614e-7,0.1,0.09618770302000978,0.01,"Anderson(SD(0.1); m=10, warmup=100, αw=0.2)","VariableCell(BB(1.0), field_updater)",128,,,,,,1,,,,,,,,cases/f0.25_chiN38/native_profiles.csv#model=uneyama_doi,accepted,model_gates_pass,
liu2019-stress-free-period-map-v2,stress_free_lamellar_observable,f0.25_chiN38,0.25,38.0,18.172,burp_ti,BURP-TI,not_applicable,3.9189000650696193,4.61700974496047,-0.15120385670678882,0.15120385670678882,0.021851476203235236,0.9964059934032059,0.9982517821709684,0.99609375,false,1.280332986460924,BoundedKKTNewtonGMRES+AnalyticStressRoot,1,true,false,true,true,true,true,true,1.0000000000000002e-6,0.9604226822467917,0.24999999999999997,-2.722401487134694,0.0004062498714622281,0.0009653751996516746,bounded-KKT Newton-GMRES,3.047336593143529e-5,Polyorder.Successful(),1.6991027606518799e-7,1.1305419647045614e-7,0.1,0.09618770302000978,0.01,"Anderson(SD(0.1); m=10, warmup=100, αw=0.2)","VariableCell(BB(1.0), field_updater)",128,64,,,,256,1,,,,,,,,cases/f0.25_chiN38/native_profiles.csv#model=burp_ti,accepted,model_gates_pass,
liu2019-stress-free-period-map-v2,stress_free_lamellar_observable,f0.25_chiN38,0.25,38.0,18.172,bvk2,BVK2,frozen_c2_evaluation,4.532281960012738,4.61700974496047,-0.018351225062977927,0.018351225062977927,0.024477667423280315,0.9954901991280444,0.9979873134243729,0.5,false,1.4807292865333612,FilteredUDThetaAnalyticCellStressRoot,11,true,false,true,true,true,true,true,0.00039018371723657563,0.9607909761726525,0.24999999999999994,-3.2701403678048617,1.5808726179162974e-11,6.408452946999477e-11,oversampled filtered UD-theta L-BFGS with cosine-Newton polish,1.545430450278218e-13,Polyorder.Successful(),1.6991027606518799e-7,1.1305419647045614e-7,0.1,0.09618770302000978,0.01,"Anderson(SD(0.1); m=10, warmup=100, αw=0.2)","VariableCell(BB(1.0), field_updater)",256,,2,12.0,ud-theta-spectral-adaptive-k-physical-sensor-filter-oversampled-v2,,,0.16,,,,,,,cases/f0.25_chiN38/native_profiles.csv#model=bvk2,accepted,model_gates_pass,
liu2019-stress-free-period-map-v2,stress_free_lamellar_observable,f0.25_chiN38,0.25,38.0,18.172,ohta_kawasaki,Ohta-Kawasaki (recomputed),liu2019_ok_asymptotic_quadratic_extrapolated_c3_c4,3.625765086311609,4.61700974496047,-0.214694079805835,0.214694079805835,0.10544742627422123,0.9163069731433048,0.9574584535542368,0.0,false,1.1541168719530104,StressRootBisection,106,true,false,true,true,true,true,true,-0.05367349759304174,0.8471834691199951,0.25000000000000006,-5.368256153735617,5.204778892623946e-6,1.3465992173777863e-5,mean-constrained Fourier nonlinear conjugate gradient,1.2178435269693225e-8,Polyorder.Successful(),1.6991027606518799e-7,1.1305419647045614e-7,0.1,0.09618770302000978,0.01,"Anderson(SD(0.1); m=10, warmup=100, αw=0.2)","VariableCell(BB(1.0), field_updater)",128,,,,,,,,-30.494742622355535,-45.71819708684171,79.01579500566027,1.3333333333333333,21.333333333333332,,cases/f0.25_chiN38/native_profiles.csv#model=ohta_kawasaki,accepted,model_gates_pass,
liu2019-stress-free-period-map-v2,stress_free_lamellar_observable,f0.25_chiN39,0.25,39.0,18.172,scft,SCFT,reference,4.64850458317498,4.64850458317498,0.0,0.0,0.0,1.0,1.0,0.0,false,,Polyorder.cell_solve!,17,true,false,true,true,true,true,true,0.000920304803025273,0.9750899438530343,0.24999999999999922,4.204032126018795,,,not_applicable,2.3008087562619322e-7,Polyorder.Successful(),4.141270755798084e-8,2.7483598634518152e-8,0.1,0.0968438454828121,0.01,"Anderson(SD(0.1); m=10, warmup=100, αw=0.2)","VariableCell(BB(1.0), field_updater)",48,,,,Polyorder pseudospectral SCFT,,,,,,,,,,cases/f0.25_chiN39/native_profiles.csv#model=scft,accepted,reference_gates_pass,
liu2019-stress-free-period-map-v2,stress_free_lamellar_observable,f0.25_chiN39,0.25,39.0,18.172,liu2019_opf,OPF (force/stress mapped),per_state_force_stress_mapping,4.084218741300913,4.64850458317498,-0.12139083263819306,0.12139083263819306,0.15569174635821353,0.8194530978687407,0.9364787686105366,0.0,false,1.2077648162841799,StressRootBisection,47,true,false,true,true,true,true,true,-0.11381647255247496,0.9110078308317872,0.25,-0.3444161225839194,6.438000174663851e-7,1.4545027378076725e-6,mean-constrained Fourier nonlinear conjugate gradient,8.895547656943097e-8,Polyorder.Successful(),4.141270755798084e-8,2.7483598634518152e-8,0.1,0.0968438454828121,0.01,"Anderson(SD(0.1); m=10, warmup=100, αw=0.2)","VariableCell(BB(1.0), field_updater)",128,,,,,,,,-1.0,-1.2377569334744218,2.1477501690163634,0.02863759089252736,0.34131036268020676,0.16767805566965277,cases/f0.25_chiN39/native_profiles.csv#model=liu2019_opf,accepted,model_gates_pass,
liu2019-stress-free-period-map-v2,stress_free_lamellar_observable,f0.25_chiN39,0.25,39.0,18.172,uneyama_doi,Uneyama-Doi,not_applicable,4.336347256841315,4.64850458317498,-0.06715220362770047,0.06715220362770047,0.02430151073647879,0.9956012892270789,0.9983757521146477,0.99609375,false,1.416716002321597,BootstrapLocal,16,true,false,true,true,true,true,true,0.01674002878966417,0.9661890688503346,0.2500000000001657,-3.009107826740882,9.858162109938546e-7,2.431541189062969e-6,mean-constrained fused-spectral L-BFGS with profile continuation,,Polyorder.Successful(),4.141270755798084e-8,2.7483598634518152e-8,0.1,0.0968438454828121,0.01,"Anderson(SD(0.1); m=10, warmup=100, αw=0.2)","VariableCell(BB(1.0), field_updater)",128,,,,,,1,,,,,,,,cases/f0.25_chiN39/native_profiles.csv#model=uneyama_doi,accepted,model_gates_pass,
liu2019-stress-free-period-map-v2,stress_free_lamellar_observable,f0.25_chiN39,0.25,39.0,18.172,burp_ti,BURP-TI,not_applicable,3.9422835633536866,4.64850458317498,-0.15192434624619366,0.15192434624619366,0.020842319260991633,0.9967644288885666,0.9984135421419885,0.99609375,false,1.2879725444223011,BoundedKKTNewtonGMRES+AnalyticStressRoot,1,true,false,true,true,true,true,true,1.0000000000094325e-6,0.965776519459956,0.24999999999999997,-2.949183175953607,0.0004920138667204708,0.0011701865285296265,bounded-KKT Newton-GMRES,3.7049444344279914e-5,Polyorder.Successful(),4.141270755798084e-8,2.7483598634518152e-8,0.1,0.0968438454828121,0.01,"Anderson(SD(0.1); m=10, warmup=100, αw=0.2)","VariableCell(BB(1.0), field_updater)",128,64,,,,256,1,,,,,,,,cases/f0.25_chiN39/native_profiles.csv#model=burp_ti,accepted,model_gates_pass,
liu2019-stress-free-period-map-v2,stress_free_lamellar_observable,f0.25_chiN39,0.25,39.0,18.172,bvk2,BVK2,frozen_c2_evaluation,4.57069323408384,4.64850458317498,-0.01673900664157124,0.01673900664157124,0.023615431978526034,0.9958461515328284,0.9981304923489251,0.49609375,false,1.493278527501145,FilteredUDThetaAnalyticCellStressRoot,11,true,false,true,true,true,true,true,0.00029910907677511696,0.9649374177945889,0.25000000000000006,-3.535642839644875,2.2048547447084095e-11,9.09665502605934e-11,oversampled filtered UD-theta L-BFGS with cosine-Newton polish,1.1439738045737613e-12,Polyorder.Successful(),4.141270755798084e-8,2.7483598634518152e-8,0.1,0.0968438454828121,0.01,"Anderson(SD(0.1); m=10, warmup=100, αw=0.2)","VariableCell(BB(1.0), field_updater)",256,,2,12.0,ud-theta-spectral-adaptive-k-physical-sensor-filter-oversampled-v2,,,0.16,,,,,,,cases/f0.25_chiN39/native_profiles.csv#model=bvk2,accepted,model_gates_pass,
liu2019-stress-free-period-map-v2,stress_free_lamellar_observable,f0.25_chiN39,0.25,39.0,18.172,ohta_kawasaki,Ohta-Kawasaki (recomputed),liu2019_ok_asymptotic_quadratic_extrapolated_c3_c4,3.6457599697387626,4.64850458317498,-0.21571337523589829,0.21571337523589829,0.10595790849400825,0.9163770247665621,0.9574936343771052,0.0,false,1.1604814410209656,StressRootBisection,105,true,false,true,true,true,true,true,-0.05327379066796201,0.8498480780178571,0.25000000000000006,-5.760051990443907,9.539550695304829e-6,2.1428879302121118e-5,mean-constrained Fourier nonlinear conjugate gradient,2.9227115669925774e-8,Polyorder.Successful(),4.141270755798084e-8,2.7483598634518152e-8,0.1,0.0968438454828121,0.01,"Anderson(SD(0.1); m=10, warmup=100, αw=0.2)","VariableCell(BB(1.0), field_updater)",128,,,,,,,,-31.494742622355535,-48.21882415721526,82.77813057347578,1.3333333333333333,21.333333333333332,,cases/f0.25_chiN39/native_profiles.csv#model=ohta_kawasaki,accepted,model_gates_pass,
liu2019-stress-free-period-map-v2,stress_free_lamellar_observable,f0.25_chiN40,0.25,40.0,18.172,scft,SCFT,reference,4.6790204253022285,4.6790204253022285,0.0,0.0,0.0,1.0,1.0,0.0,false,,Polyorder.cell_solve!,123,true,false,true,true,true,true,true,0.0007519346960490627,0.9771541953311882,0.24999999999999994,4.256007347223296,,,not_applicable,1.479893484049849e-7,Polyorder.Successful(),9.812757926373215e-7,5.588797406465409e-7,0.1,0.08664852639448571,0.01,"Anderson(SD(0.1); m=10, warmup=100, αw=0.2)","VariableCell(BB(1.0), field_updater)",54,,,,Polyorder pseudospectral SCFT,,,,,,,,,,cases/f0.25_chiN40/native_profiles.csv#model=scft,accepted,reference_gates_pass,
liu2019-stress-free-period-map-v2,stress_free_lamellar_observable,f0.25_chiN40,0.25,40.0,18.172,liu2019_opf,OPF (force/stress mapped),per_state_force_stress_mapping,4.113662512827372,4.6790204253022285,-0.1208282634154858,0.1208282634154858,0.15797961635407204,0.8161837139855059,0.9348098568034777,0.0,false,1.214780330657959,StressRootBisection,49,true,false,true,true,true,true,true,-0.11401578782482269,0.9122508553504497,0.2500000000000001,-0.35398157764930155,5.352756412896417e-7,1.4130828985825516e-6,mean-constrained Fourier nonlinear conjugate gradient,1.5757902419471808e-8,Polyorder.Successful(),9.812757926373215e-7,5.588797406465409e-7,0.1,0.08664852639448571,0.01,"Anderson(SD(0.1); m=10, warmup=100, αw=0.2)","VariableCell(BB(1.0), field_updater)",128,,,,,,,,-1.0,-1.2503281747578923,2.15930712748169,0.027663462079273796,0.32787052315975723,0.16761294071566796,cases/f0.25_chiN40/native_profiles.csv#model=liu2019_opf,accepted,model_gates_pass,
liu2019-stress-free-period-map-v2,stress_free_lamellar_observable,f0.25_chiN40,0.25,40.0,18.172,uneyama_doi,Uneyama-Doi,not_applicable,4.350439635929363,4.6790204253022285,-0.0702242690790651,0.0702242690790651,0.024046675837854855,0.9957411536187704,0.9983905562995757,0.99609375,false,1.4213200844631557,BootstrapLocal,20,true,false,true,true,true,true,true,0.015568861866297436,0.9688387355214816,0.250000000000464,-3.2425155902218323,9.934412348331797e-7,2.84342783141156e-6,mean-constrained fused-spectral L-BFGS with profile continuation,,Polyorder.Successful(),9.812757926373215e-7,5.588797406465409e-7,0.1,0.08664852639448571,0.01,"Anderson(SD(0.1); m=10, warmup=100, αw=0.2)","VariableCell(BB(1.0), field_updater)",128,,,,,,1,,,,,,,,cases/f0.25_chiN40/native_profiles.csv#model=uneyama_doi,accepted,model_gates_pass,
liu2019-stress-free-period-map-v2,stress_free_lamellar_observable,f0.25_chiN40,0.25,40.0,18.172,burp_ti,BURP-TI,not_applicable,3.964684166678542,4.6790204253022285,-0.1526679077442894,0.1526679077442894,0.021270517094891233,0.9966677469576332,0.9983562862293016,0.99609375,false,1.2952909834937834,BoundedKKTNewtonGMRES+AnalyticStressRoot,2,true,false,true,true,true,true,true,1.0000000001016981e-6,0.9704704112034147,0.25000000000000006,-3.180681622793804,0.000338334404712615,0.0006124516032794958,bounded-KKT Newton-GMRES,2.706894608799362e-5,Polyorder.Successful(),9.812757926373215e-7,5.588797406465409e-7,0.1,0.08664852639448571,0.01,"Anderson(SD(0.1); m=10, warmup=100, αw=0.2)","VariableCell(BB(1.0), field_updater)",128,64,,,,256,1,,,,,,,,cases/f0.25_chiN40/native_profiles.csv#model=burp_ti,accepted,model_gates_pass,
liu2019-stress-free-period-map-v2,stress_free_lamellar_observable,f0.25_chiN40,0.25,40.0,18.172,bvk2,BVK2,frozen_c2_evaluation,4.60780533542027,4.6790204253022285,-0.015220085276152262,0.015220085276152262,0.021883649792198565,0.9964728706281676,0.9984284433901106,0.49609375,false,1.5054033193429774,FilteredUDThetaAnalyticCellStressRoot,15,true,false,true,true,true,true,true,0.0002296237837517521,0.968763112657057,0.25000000000000006,-3.807407274451614,1.9807052368015626e-11,6.721365231945083e-11,oversampled filtered UD-theta L-BFGS with cosine-Newton polish,1.0524914273446484e-13,Polyorder.Successful(),9.812757926373215e-7,5.588797406465409e-7,0.1,0.08664852639448571,0.01,"Anderson(SD(0.1); m=10, warmup=100, αw=0.2)","VariableCell(BB(1.0), field_updater)",256,,2,12.0,ud-theta-spectral-adaptive-k-physical-sensor-filter-oversampled-v2,,,0.16,,,,,,,cases/f0.25_chiN40/native_profiles.csv#model=bvk2,accepted,model_gates_pass,
liu2019-stress-free-period-map-v2,stress_free_lamellar_observable,f0.25_chiN40,0.25,40.0,18.172,ohta_kawasaki,Ohta-Kawasaki (recomputed),liu2019_ok_asymptotic_quadratic_extrapolated_c3_c4,3.665365356493816,4.6790204253022285,-0.21663830816531182,0.21663830816531182,0.10696026527171752,0.9157389590525249,0.9571531043830095,0.0,false,1.166722029447556,StressRootBisection,106,true,false,true,true,true,true,true,-0.052939800339747434,0.8522896317191972,0.24999999999999992,-6.160314755281297,2.748564318284681e-6,6.410253625688256e-6,mean-constrained Fourier nonlinear conjugate gradient,6.503221031210016e-9,Polyorder.Successful(),9.812757926373215e-7,5.588797406465409e-7,0.1,0.08664852639448571,0.01,"Anderson(SD(0.1); m=10, warmup=100, αw=0.2)","VariableCell(BB(1.0), field_updater)",128,,,,,,,,-32.49474262235554,-50.7422490400888,86.54845192254132,1.3333333333333333,21.333333333333332,,cases/f0.25_chiN40/native_profiles.csv#model=ohta_kawasaki,accepted,model_gates_pass,
liu2019-stress-free-period-map-v2,stress_free_lamellar_observable,f0.25_chiN41,0.25,41.0,18.172,scft,SCFT,reference,4.708572796174686,4.708572796174686,0.0,0.0,0.0,1.0,1.0,0.0,false,,Polyorder.cell_solve!,331,true,false,true,true,true,true,true,0.0006141324663712358,0.9790554090445812,0.2500000000000003,4.306704753003984,,,not_applicable,1.17858823773914e-6,Polyorder.Successful(),1.9550188502685352e-7,3.4642581443741403e-7,0.1,0.09809526658697264,0.01,"Anderson(SD(0.1); m=10, warmup=100, αw=0.2)","VariableCell(BB(1.0), field_updater)",48,,,,Polyorder pseudospectral SCFT,,,,,,,,,,cases/f0.25_chiN41/native_profiles.csv#model=scft,accepted,reference_gates_pass,
liu2019-stress-free-period-map-v2,stress_free_lamellar_observable,f0.25_chiN41,0.25,41.0,18.172,liu2019_opf,OPF (force/stress mapped),per_state_force_stress_mapping,4.141252585473499,4.708572796174686,-0.12048666023855192,0.12048666023855192,0.15950899235615174,0.8140035203000667,0.9339623783464407,0.0,false,1.2213191986083984,StressRootBisection,47,true,false,true,true,true,true,true,-0.1142532082113899,0.9134354457178927,0.25,-0.3628935607638538,6.672295104807522e-7,1.7362915464835815e-6,mean-constrained Fourier nonlinear conjugate gradient,5.722809930349934e-9,Polyorder.Successful(),1.9550188502685352e-7,3.4642581443741403e-7,0.1,0.09809526658697264,0.01,"Anderson(SD(0.1); m=10, warmup=100, αw=0.2)","VariableCell(BB(1.0), field_updater)",128,,,,,,,,-1.0,-1.261760620734482,2.169230149395154,0.02680286759189825,0.31600255242629127,0.167374988942648,cases/f0.25_chiN41/native_profiles.csv#model=liu2019_opf,accepted,model_gates_pass,
liu2019-stress-free-period-map-v2,stress_free_lamellar_observable,f0.25_chiN41,0.25,41.0,18.172,uneyama_doi,Uneyama-Doi,not_applicable,4.361434544582874,4.708572796174686,-0.07372472862134205,0.07372472862134205,0.02229946567486986,0.9963648419724372,0.9986195550589124,0.99609375,false,1.4249122006178103,BootstrapLocal,16,true,false,true,true,true,true,true,0.014502027195874538,0.9711774092131111,0.2500000000001155,-3.4780904693077295,9.8823202837123e-7,2.863672166508735e-6,mean-constrained fused-spectral L-BFGS with profile continuation,,Polyorder.Successful(),1.9550188502685352e-7,3.4642581443741403e-7,0.1,0.09809526658697264,0.01,"Anderson(SD(0.1); m=10, warmup=100, αw=0.2)","VariableCell(BB(1.0), field_updater)",128,,,,,,1,,,,,,,,cases/f0.25_chiN41/native_profiles.csv#model=uneyama_doi,accepted,model_gates_pass,
liu2019-stress-free-period-map-v2,stress_free_lamellar_observable,f0.25_chiN41,0.25,41.0,18.172,burp_ti,BURP-TI,not_applicable,3.9858019182381565,4.708572796174686,-0.1535010520648039,0.1535010520648039,0.01926743218880328,0.9972861736196215,0.9986540068568908,0.99609375,false,1.3021903056180335,BoundedKKTNewtonGMRES+AnalyticStressRoot,1,true,false,true,true,true,true,true,1.0e-6,0.9745502882229773,0.25000000000000006,-3.416296906193491,0.00038108154509552353,0.0006848798565286529,bounded-KKT Newton-GMRES,2.9376335700595826e-5,Polyorder.Successful(),1.9550188502685352e-7,3.4642581443741403e-7,0.1,0.09809526658697264,0.01,"Anderson(SD(0.1); m=10, warmup=100, αw=0.2)","VariableCell(BB(1.0), field_updater)",128,64,,,,256,1,,,,,,,,cases/f0.25_chiN41/native_profiles.csv#model=burp_ti,accepted,model_gates_pass,
liu2019-stress-free-period-map-v2,stress_free_lamellar_observable,f0.25_chiN41,0.25,41.0,18.172,bvk2,BVK2,frozen_c2_evaluation,4.643365094292955,4.708572796174686,-0.013848719071457682,0.013848719071457682,0.020854119252459134,0.9968207982645421,0.9985592471027522,0.99609375,false,1.517020949677852,FilteredUDThetaAnalyticCellStressRoot,12,true,false,true,true,true,true,true,0.00017631349761891893,0.972174211583012,0.24999999999999994,-4.084929456133571,3.537659812307739e-11,1.448900873580263e-10,oversampled filtered UD-theta L-BFGS with cosine-Newton polish,7.345235530920036e-13,Polyorder.Successful(),1.9550188502685352e-7,3.4642581443741403e-7,0.1,0.09809526658697264,0.01,"Anderson(SD(0.1); m=10, warmup=100, αw=0.2)","VariableCell(BB(1.0), field_updater)",256,,2,12.0,ud-theta-spectral-adaptive-k-physical-sensor-filter-oversampled-v2,,,0.16,,,,,,,cases/f0.25_chiN41/native_profiles.csv#model=bvk2,accepted,model_gates_pass,
liu2019-stress-free-period-map-v2,stress_free_lamellar_observable,f0.25_chiN41,0.25,41.0,18.172,ohta_kawasaki,Ohta-Kawasaki (recomputed),liu2019_ok_asymptotic_quadratic_extrapolated_c3_c4,3.6846125085509547,4.708572796174686,-0.2174672309315494,0.2174672309315494,0.10696008377660497,0.916366966367245,0.957492744882493,0.0,false,1.1728485882282258,StressRootBisection,107,true,false,true,true,true,true,true,-0.05262654977821102,0.8545391937322419,0.25,-6.568958816166048,9.328807159122082e-6,2.0408604168409283e-5,mean-constrained Fourier nonlinear conjugate gradient,4.722558069979242e-8,Polyorder.Successful(),1.9550188502685352e-7,3.4642581443741403e-7,0.1,0.09809526658697264,0.01,"Anderson(SD(0.1); m=10, warmup=100, αw=0.2)","VariableCell(BB(1.0), field_updater)",128,,,,,,,,-33.49474262235554,-53.288471735462366,90.32675905285683,1.3333333333333333,21.333333333333332,,cases/f0.25_chiN41/native_profiles.csv#model=ohta_kawasaki,accepted,model_gates_pass,
liu2019-stress-free-period-map-v2,stress_free_lamellar_observable,f0.25_chiN42,0.25,42.0,18.172,scft,SCFT,reference,4.737281796193267,4.737281796193267,0.0,0.0,0.0,1.0,1.0,0.0,false,,Polyorder.cell_solve!,117,true,false,true,true,true,true,true,0.0005014289761003861,0.9807434336040489,0.25,4.356199117377443,,,not_applicable,3.7714941413025477e-7,Polyorder.Successful(),1.9613718108171824e-7,3.0593417051883534e-7,0.1,0.0986933707540264,0.01,"Anderson(SD(0.1); m=10, warmup=100, αw=0.2)","VariableCell(BB(1.0), field_updater)",48,,,,Polyorder pseudospectral SCFT,,,,,,,,,,cases/f0.25_chiN42/native_profiles.csv#model=scft,accepted,reference_gates_pass,
liu2019-stress-free-period-map-v2,stress_free_lamellar_observable,f0.25_chiN42,0.25,42.0,18.172,liu2019_opf,OPF (force/stress mapped),per_state_force_stress_mapping,4.168555730120461,4.737281796193267,-0.12005324794691685,0.12005324794691685,0.1613302189547701,0.8113208858469952,0.932730840503194,0.0,false,1.2279241561889649,StressRootBisection,48,true,false,true,true,true,true,true,-0.11442524462487658,0.9144471840562679,0.25,-0.3716685526920854,6.091726314037222e-7,1.242262699652219e-6,mean-constrained Fourier nonlinear conjugate gradient,1.3262608809692097e-8,Polyorder.Successful(),1.9613718108171824e-7,3.0593417051883534e-7,0.1,0.0986933707540264,0.01,"Anderson(SD(0.1); m=10, warmup=100, αw=0.2)","VariableCell(BB(1.0), field_updater)",128,,,,,,,,-1.0,-1.2729557007366783,2.17942008185676,0.025957977974558535,0.3046029163951576,0.16715646224673014,cases/f0.25_chiN42/native_profiles.csv#model=liu2019_opf,accepted,model_gates_pass,
liu2019-stress-free-period-map-v2,stress_free_lamellar_observable,f0.25_chiN42,0.25,42.0,18.172,uneyama_doi,Uneyama-Doi,not_applicable,4.37370078368877,4.737281796193267,-0.07674886741942588,0.07674886741942588,0.021347202472408608,0.9966964999275704,0.9987309363017748,0.99609375,false,1.4289196696234834,BootstrapLocal,16,true,false,true,true,true,true,true,0.013534615690666964,0.9732936234391184,0.25000000000006767,-3.7188851229549593,9.496260591660716e-7,2.508520894561883e-6,mean-constrained fused-spectral L-BFGS with profile continuation,,Polyorder.Successful(),1.9613718108171824e-7,3.0593417051883534e-7,0.1,0.0986933707540264,0.01,"Anderson(SD(0.1); m=10, warmup=100, αw=0.2)","VariableCell(BB(1.0), field_updater)",128,,,,,,1,,,,,,,,cases/f0.25_chiN42/native_profiles.csv#model=uneyama_doi,accepted,model_gates_pass,
liu2019-stress-free-period-map-v2,stress_free_lamellar_observable,f0.25_chiN42,0.25,42.0,18.172,burp_ti,BURP-TI,not_applicable,4.006410758456222,4.737281796193267,-0.15428067596155048,0.15428067596155048,0.018588331507558647,0.9974951991589063,0.9987530482532015,0.99609375,false,1.308923362727369,BoundedKKTNewtonGMRES+AnalyticStressRoot,0,true,false,true,true,true,true,true,1.0e-6,0.9781265659974357,0.24999999999999992,-3.6563550206469397,0.0004308409840215745,0.0008870899934070309,bounded-KKT Newton-GMRES,6.067743758369631e-5,Polyorder.Successful(),1.9613718108171824e-7,3.0593417051883534e-7,0.1,0.0986933707540264,0.01,"Anderson(SD(0.1); m=10, warmup=100, αw=0.2)","VariableCell(BB(1.0), field_updater)",128,64,,,,256,1,,,,,,,,cases/f0.25_chiN42/native_profiles.csv#model=burp_ti,accepted,model_gates_pass,
liu2019-stress-free-period-map-v2,stress_free_lamellar_observable,f0.25_chiN42,0.25,42.0,18.172,bvk2,BVK2,frozen_c2_evaluation,4.6773821404925355,4.737281796193267,-0.012644309179341007,0.012644309179341007,0.019879935737375898,0.9971350151187484,0.9986928265854637,0.5,false,1.5281345646279987,FilteredUDThetaAnalyticCellStressRoot,12,true,false,true,true,true,true,true,0.0001353335205863843,0.9751746236676262,0.24999999999999994,-4.367841022732547,1.4276901304779897e-11,4.954549214428003e-11,oversampled filtered UD-theta L-BFGS with cosine-Newton polish,1.8429702208777599e-13,Polyorder.Successful(),1.9613718108171824e-7,3.0593417051883534e-7,0.1,0.0986933707540264,0.01,"Anderson(SD(0.1); m=10, warmup=100, αw=0.2)","VariableCell(BB(1.0), field_updater)",256,,2,12.0,ud-theta-spectral-adaptive-k-physical-sensor-filter-oversampled-v2,,,0.16,,,,,,,cases/f0.25_chiN42/native_profiles.csv#model=bvk2,accepted,model_gates_pass,
liu2019-stress-free-period-map-v2,stress_free_lamellar_observable,f0.25_chiN42,0.25,42.0,18.172,ohta_kawasaki,Ohta-Kawasaki (recomputed),liu2019_ok_asymptotic_quadratic_extrapolated_c3_c4,3.703529099638903,4.737281796193267,-0.21821642474067215,0.21821642474067215,0.10743815146146189,0.9163223573239581,0.9574743731969412,0.0,false,1.178869926184416,StressRootBisection,110,true,false,true,true,true,true,true,-0.05234240504652754,0.8566232109382752,0.24999999999999997,-6.985914174789274,2.4955145920615175e-6,5.359695261830666e-6,mean-constrained Fourier nonlinear conjugate gradient,6.577712820227678e-8,Polyorder.Successful(),1.9613718108171824e-7,3.0593417051883534e-7,0.1,0.0986933707540264,0.01,"Anderson(SD(0.1); m=10, warmup=100, αw=0.2)","VariableCell(BB(1.0), field_updater)",128,,,,,,,,-34.49474262235554,-55.85749224333591,94.11305196442233,1.3333333333333333,21.333333333333332,,cases/f0.25_chiN42/native_profiles.csv#model=ohta_kawasaki,accepted,model_gates_pass,
liu2019-stress-free-period-map-v2,stress_free_lamellar_observable,f0.25_chiN43,0.25,43.0,18.172,scft,SCFT,reference,4.765196898233107,4.765196898233107,0.0,0.0,0.0,1.0,1.0,0.0,false,,Polyorder.cell_solve!,106,true,false,true,true,true,true,true,0.000409225289115311,0.9822658572911698,0.2499999999999997,4.40456183224812,,,not_applicable,3.751335216949669e-7,Polyorder.Successful(),1.9344789025611417e-7,3.31770497715894e-7,0.1,0.09927493537985639,0.01,"Anderson(SD(0.1); m=10, warmup=100, αw=0.2)","VariableCell(BB(1.0), field_updater)",48,,,,Polyorder pseudospectral SCFT,,,,,,,,,,cases/f0.25_chiN43/native_profiles.csv#model=scft,accepted,reference_gates_pass,
liu2019-stress-free-period-map-v2,stress_free_lamellar_observable,f0.25_chiN43,0.25,43.0,18.172,liu2019_opf,OPF (force/stress mapped),per_state_force_stress_mapping,4.195134879108708,4.765196898233107,-0.11963031775995925,0.11963031775995925,0.16309940936648218,0.8086650812098753,0.9315153049369299,0.0,false,1.234422969818115,StressRootBisection,49,true,false,true,true,true,true,true,-0.1145305745316419,0.9153490850086591,0.25000000000000006,-0.3801625082901562,6.260966923707101e-7,1.4397027294776876e-6,mean-constrained Fourier nonlinear conjugate gradient,8.766118347484209e-8,Polyorder.Successful(),1.9344789025611417e-7,3.31770497715894e-7,0.1,0.09927493537985639,0.01,"Anderson(SD(0.1); m=10, warmup=100, αw=0.2)","VariableCell(BB(1.0), field_updater)",128,,,,,,,,-1.0,-1.283661658974397,2.1892611332230354,0.025156515180880183,0.29392885094158655,0.1669002574890359,cases/f0.25_chiN43/native_profiles.csv#model=liu2019_opf,accepted,model_gates_pass,
liu2019-stress-free-period-map-v2,stress_free_lamellar_observable,f0.25_chiN43,0.25,43.0,18.172,uneyama_doi,Uneyama-Doi,not_applicable,4.3856783784484366,4.765196898233107,-0.07964382750383148,0.07964382750383148,0.020439265932478135,0.996995169020018,0.9988334530389849,0.99609375,false,1.4328328364342295,BootstrapLocal,16,true,false,true,true,true,true,true,0.012653181218567098,0.9751983954723575,0.25000000000034556,-3.963534632030192,9.52600488616926e-7,2.5141820167995377e-6,mean-constrained fused-spectral L-BFGS with profile continuation,,Polyorder.Successful(),1.9344789025611417e-7,3.31770497715894e-7,0.1,0.09927493537985639,0.01,"Anderson(SD(0.1); m=10, warmup=100, αw=0.2)","VariableCell(BB(1.0), field_updater)",128,,,,,,1,,,,,,,,cases/f0.25_chiN43/native_profiles.csv#model=uneyama_doi,accepted,model_gates_pass,
liu2019-stress-free-period-map-v2,stress_free_lamellar_observable,f0.25_chiN43,0.25,43.0,18.172,burp_ti,BURP-TI,not_applicable,4.025758499411449,4.765196898233107,-0.15517478387846584,0.15517478387846584,0.017971143337130884,0.9976770445764884,0.9988408217826724,0.99609375,false,1.3152444095892868,BoundedKKTNewtonGMRES+AnalyticStressRoot,1,true,false,true,true,true,true,true,1.0000000000455364e-6,0.9812251591116883,0.2500000000000001,-3.899896450034184,0.0004238465233639102,0.0007747366340815631,bounded-KKT Newton-GMRES,2.7350734597442077e-5,Polyorder.Successful(),1.9344789025611417e-7,3.31770497715894e-7,0.1,0.09927493537985639,0.01,"Anderson(SD(0.1); m=10, warmup=100, αw=0.2)","VariableCell(BB(1.0), field_updater)",128,64,,,,256,1,,,,,,,,cases/f0.25_chiN43/native_profiles.csv#model=burp_ti,accepted,model_gates_pass,
liu2019-stress-free-period-map-v2,stress_free_lamellar_observable,f0.25_chiN43,0.25,43.0,18.172,bvk2,BVK2,frozen_c2_evaluation,4.709978539816315,4.765196898233107,-0.011587844027445504,0.011587844027445504,0.019122208018848504,0.9973699407260596,0.9987904988604632,0.5,false,1.5387840439719802,FilteredUDThetaAnalyticCellStressRoot,12,true,false,true,true,true,true,true,0.0001038415233710469,0.9778140572623256,0.24999999999999997,-4.65587767783944,1.8832035118928778e-11,9.309878767260591e-11,oversampled filtered UD-theta L-BFGS with cosine-Newton polish,8.877343304902752e-13,Polyorder.Successful(),1.9344789025611417e-7,3.31770497715894e-7,0.1,0.09927493537985639,0.01,"Anderson(SD(0.1); m=10, warmup=100, αw=0.2)","VariableCell(BB(1.0), field_updater)",256,,2,12.0,ud-theta-spectral-adaptive-k-physical-sensor-filter-oversampled-v2,,,0.16,,,,,,,cases/f0.25_chiN43/native_profiles.csv#model=bvk2,accepted,model_gates_pass,
liu2019-stress-free-period-map-v2,stress_free_lamellar_observable,f0.25_chiN43,0.25,43.0,18.172,ohta_kawasaki,Ohta-Kawasaki (recomputed),liu2019_ok_asymptotic_quadratic_extrapolated_c3_c4,3.722139559319248,4.765196898233107,-0.2188907113787083,0.2188907113787083,0.10790185888411284,0.9162572317901055,0.9574468374729808,0.0,false,1.1847938194870946,StressRootBisection,108,true,false,true,true,true,true,true,-0.05208076017105845,0.8585641131482237,0.25,-7.41112382519076,4.7057273889953835e-6,1.1027797560458907e-5,mean-constrained Fourier nonlinear conjugate gradient,1.0797188312618863e-8,Polyorder.Successful(),1.9344789025611417e-7,3.31770497715894e-7,0.1,0.09927493537985639,0.01,"Anderson(SD(0.1); m=10, warmup=100, αw=0.2)","VariableCell(BB(1.0), field_updater)",128,,,,,,,,-35.49474262235554,-58.44931056370947,97.90733065723785,1.3333333333333333,21.333333333333332,,cases/f0.25_chiN43/native_profiles.csv#model=ohta_kawasaki,accepted,model_gates_pass,
liu2019-stress-free-period-map-v2,stress_free_lamellar_observable,f0.25_chiN44,0.25,44.0,18.172,scft,SCFT,reference,4.792368949977366,4.792368949977366,0.0,0.0,0.0,1.0,1.0,0.0,false,,Polyorder.cell_solve!,41,true,false,true,true,true,true,true,0.00033377946502225245,0.9836422137525506,0.25000000000000033,4.4518579052485165,,,not_applicable,1.2624913564999828e-7,Polyorder.Successful(),1.8476930516634525e-7,3.118533324415481e-7,0.1,0.09984101979119513,0.01,"Anderson(SD(0.1); m=10, warmup=100, αw=0.2)","VariableCell(BB(1.0), field_updater)",48,,,,Polyorder pseudospectral SCFT,,,,,,,,,,cases/f0.25_chiN44/native_profiles.csv#model=scft,accepted,reference_gates_pass,
liu2019-stress-free-period-map-v2,stress_free_lamellar_observable,f0.25_chiN44,0.25,44.0,18.172,liu2019_opf,OPF (force/stress mapped),per_state_force_stress_mapping,4.221025481836065,4.792368949977366,-0.11921942448608824,0.11921942448608824,0.16482131721819498,0.8060334510330533,0.9303140873695965,0.0,false,1.2408176422119142,StressRootBisection,47,true,false,true,true,true,true,true,-0.11468322992802327,0.9161575645607679,0.25,-0.3883929143317549,3.4063160737610545e-7,1.0702580074406498e-6,mean-constrained Fourier nonlinear conjugate gradient,1.0021379476162466e-8,Polyorder.Successful(),1.8476930516634525e-7,3.118533324415481e-7,0.1,0.09984101979119513,0.01,"Anderson(SD(0.1); m=10, warmup=100, αw=0.2)","VariableCell(BB(1.0), field_updater)",128,,,,,,,,-1.0,-1.2939105414028342,2.1987629651290876,0.02439522437221296,0.2839123166527369,0.16661121068781698,cases/f0.25_chiN44/native_profiles.csv#model=liu2019_opf,accepted,model_gates_pass,
liu2019-stress-free-period-map-v2,stress_free_lamellar_observable,f0.25_chiN44,0.25,44.0,18.172,uneyama_doi,Uneyama-Doi,not_applicable,4.3973806016617925,4.792368949977366,-0.08242027115158546,0.08242027115158546,0.019596553646931487,0.9972580503273113,0.9989244473383696,0.99609375,false,1.4366560373697508,BootstrapLocal,16,true,false,true,true,true,true,true,0.01184054672817617,0.9769177562894592,0.250000000000071,-4.211861761001208,7.816741198444205e-7,2.317337596480229e-6,mean-constrained fused-spectral L-BFGS with profile continuation,,Polyorder.Successful(),1.8476930516634525e-7,3.118533324415481e-7,0.1,0.09984101979119513,0.01,"Anderson(SD(0.1); m=10, warmup=100, αw=0.2)","VariableCell(BB(1.0), field_updater)",128,,,,,,1,,,,,,,,cases/f0.25_chiN44/native_profiles.csv#model=uneyama_doi,accepted,model_gates_pass,
liu2019-stress-free-period-map-v2,stress_free_lamellar_observable,f0.25_chiN44,0.25,44.0,18.172,burp_ti,BURP-TI,not_applicable,4.044760955534938,4.792368949977366,-0.1559996741164844,0.1559996741164844,0.017444438552692357,0.9978272284286852,0.9989140589919814,0.99609375,false,1.3214526494001297,BoundedKKTNewtonGMRES+AnalyticStressRoot,1,true,false,true,true,true,true,true,1.0000000000004336e-6,0.9839287395201197,0.24999999999999997,-4.147498516182943,0.000432247865765167,0.0010321585953398937,bounded-KKT Newton-GMRES,1.960720874272364e-6,Polyorder.Successful(),1.8476930516634525e-7,3.118533324415481e-7,0.1,0.09984101979119513,0.01,"Anderson(SD(0.1); m=10, warmup=100, αw=0.2)","VariableCell(BB(1.0), field_updater)",128,64,,,,256,1,,,,,,,,cases/f0.25_chiN44/native_profiles.csv#model=burp_ti,accepted,model_gates_pass,
liu2019-stress-free-period-map-v2,stress_free_lamellar_observable,f0.25_chiN44,0.25,44.0,18.172,bvk2,BVK2,frozen_c2_evaluation,4.74127742617653,4.792368949977366,-0.010661016364584608,0.010661016364584608,0.018452827894659504,0.9975687705930607,0.9988734501395427,0.99609375,false,1.5490096164492317,FilteredUDThetaAnalyticCellStressRoot,13,true,false,true,true,true,true,true,7.965581146977359e-5,0.9801419305925992,0.25,-4.948809995018858,9.443915018134397e-8,3.241160255277645e-7,oversampled filtered UD-theta L-BFGS with cosine-Newton polish,3.365792089482511e-10,Polyorder.Successful(),1.8476930516634525e-7,3.118533324415481e-7,0.1,0.09984101979119513,0.01,"Anderson(SD(0.1); m=10, warmup=100, αw=0.2)","VariableCell(BB(1.0), field_updater)",256,,2,12.0,ud-theta-spectral-adaptive-k-physical-sensor-filter-oversampled-v2,,,0.16,,,,,,,cases/f0.25_chiN44/native_profiles.csv#model=bvk2,accepted,model_gates_pass,
liu2019-stress-free-period-map-v2,stress_free_lamellar_observable,f0.25_chiN44,0.25,44.0,18.172,ohta_kawasaki,Ohta-Kawasaki (recomputed),liu2019_ok_asymptotic_quadratic_extrapolated_c3_c4,3.7404647289081177,4.792368949977366,-0.21949566739309923,0.21949566739309923,0.10835332693611746,0.9161728735467976,0.957410674214939,0.0,false,1.1906269021332265,StressRootBisection,108,true,false,true,true,true,true,true,-0.05184463269188977,0.8603809282507774,0.25,-7.844540162985165,4.9481420876915634e-6,1.149678301537449e-5,mean-constrained Fourier nonlinear conjugate gradient,7.621962335881066e-8,Polyorder.Successful(),1.8476930516634525e-7,3.118533324415481e-7,0.1,0.09984101979119513,0.01,"Anderson(SD(0.1); m=10, warmup=100, αw=0.2)","VariableCell(BB(1.0), field_updater)",128,,,,,,,,-36.49474262235554,-61.063926696583025,101.70959513130336,1.3333333333333333,21.333333333333332,,cases/f0.25_chiN44/native_profiles.csv#model=ohta_kawasaki,accepted,model_gates_pass,
liu2019-stress-free-period-map-v2,stress_free_lamellar_observable,f0.25_chiN45,0.25,45.0,18.172,scft,SCFT,reference,4.818868156209878,4.818868156209878,0.0,0.0,0.0,1.0,1.0,0.0,false,,Polyorder.cell_solve!,167,true,false,true,true,true,true,true,0.00027213716445321503,0.9848898010771723,0.2500000000000005,4.498145745048971,,,not_applicable,4.357311059832222e-6,Polyorder.Successful(),9.305049619200787e-7,6.361488857843693e-7,0.1,0.1003930865877058,0.01,"Anderson(SD(0.1); m=10, warmup=100, αw=0.2)","VariableCell(BB(1.0), field_updater)",48,,,,Polyorder pseudospectral SCFT,,,,,,,,,,cases/f0.25_chiN45/native_profiles.csv#model=scft,accepted,reference_gates_pass,
liu2019-stress-free-period-map-v2,stress_free_lamellar_observable,f0.25_chiN45,0.25,45.0,18.172,liu2019_opf,OPF (force/stress mapped),per_state_force_stress_mapping,4.246298506818271,4.818868156209878,-0.11881828488163959,0.11881828488163959,0.1664986383378861,0.8034271236938377,0.9291271012919848,0.0,false,1.2471161842346192,StressRootBisection,49,true,false,true,true,true,true,true,-0.1147768848997025,0.9168850696079847,0.25,-0.3963800598192669,4.1765448110395846e-7,1.1769430196539865e-6,mean-constrained Fourier nonlinear conjugate gradient,6.218743359280072e-8,Polyorder.Successful(),9.305049619200787e-7,6.361488857843693e-7,0.1,0.1003930865877058,0.01,"Anderson(SD(0.1); m=10, warmup=100, αw=0.2)","VariableCell(BB(1.0), field_updater)",128,,,,,,,,-1.0,-1.3037346563643175,2.2079443444458424,0.023671090232310555,0.2744879674846703,0.16629345763893127,cases/f0.25_chiN45/native_profiles.csv#model=liu2019_opf,accepted,model_gates_pass,
liu2019-stress-free-period-map-v2,stress_free_lamellar_observable,f0.25_chiN45,0.25,45.0,18.172,uneyama_doi,Uneyama-Doi,not_applicable,4.40963352773103,4.818868156209878,-0.08492339180342257,0.08492339180342257,0.01883197631577252,0.9974852546207164,0.999002734952008,0.99609375,false,1.4406591569100886,BootstrapLocal,16,true,false,true,true,true,true,true,0.011082743928840098,0.9784801817783352,0.250000000000149,-4.464526613683287,9.684407821352498e-7,3.1243803180203145e-6,mean-constrained fused-spectral L-BFGS with profile continuation,,Polyorder.Successful(),9.305049619200787e-7,6.361488857843693e-7,0.1,0.1003930865877058,0.01,"Anderson(SD(0.1); m=10, warmup=100, αw=0.2)","VariableCell(BB(1.0), field_updater)",128,,,,,,1,,,,,,,,cases/f0.25_chiN45/native_profiles.csv#model=uneyama_doi,accepted,model_gates_pass,
liu2019-stress-free-period-map-v2,stress_free_lamellar_observable,f0.25_chiN45,0.25,45.0,18.172,burp_ti,BURP-TI,not_applicable,4.063149265861325,4.818868156209878,-0.15682497753641356,0.15682497753641356,0.016989899105755768,0.9979531603564689,0.9989762183171449,0.99609375,false,1.3274602433385412,BoundedKKTNewtonGMRES+AnalyticStressRoot,1,true,false,true,true,true,true,true,1.0e-6,0.9862754197979615,0.24999999999999994,-4.398713871460683,0.0003260551399787472,0.0006847357885995109,bounded-KKT Newton-GMRES,4.669302577049129e-5,Polyorder.Successful(),9.305049619200787e-7,6.361488857843693e-7,0.1,0.1003930865877058,0.01,"Anderson(SD(0.1); m=10, warmup=100, αw=0.2)","VariableCell(BB(1.0), field_updater)",128,64,,,,256,1,,,,,,,,cases/f0.25_chiN45/native_profiles.csv#model=burp_ti,accepted,model_gates_pass,
liu2019-stress-free-period-map-v2,stress_free_lamellar_observable,f0.25_chiN45,0.25,45.0,18.172,bvk2,BVK2,frozen_c2_evaluation,4.771386779463421,4.818868156209878,-0.009853221795510292,0.009853221795510292,0.017609461463281267,0.9978011562514886,0.99897632043661,0.99609375,false,1.558846559870632,FilteredUDThetaAnalyticCellStressRoot,12,true,false,true,true,true,true,true,6.109143424560704e-5,0.9822003905948365,0.25000000000000006,-5.246428045355589,2.1607806269586466e-11,1.0605921246137563e-10,oversampled filtered UD-theta L-BFGS with cosine-Newton polish,8.539835505416704e-13,Polyorder.Successful(),9.305049619200787e-7,6.361488857843693e-7,0.1,0.1003930865877058,0.01,"Anderson(SD(0.1); m=10, warmup=100, αw=0.2)","VariableCell(BB(1.0), field_updater)",256,,2,12.0,ud-theta-spectral-adaptive-k-physical-sensor-filter-oversampled-v2,,,0.16,,,,,,,cases/f0.25_chiN45/native_profiles.csv#model=bvk2,accepted,model_gates_pass,
liu2019-stress-free-period-map-v2,stress_free_lamellar_observable,f0.25_chiN45,0.25,45.0,18.172,ohta_kawasaki,Ohta-Kawasaki (recomputed),liu2019_ok_asymptotic_quadratic_extrapolated_c3_c4,3.758522721671999,4.818868156209878,-0.22004034975961217,0.22004034975961217,0.10879195556335056,0.9160741425586676,0.9573682729161446,0.0,false,1.1963749397546053,StressRootBisection,110,true,false,true,true,true,true,true,-0.05160311572267534,0.8620900371966111,0.25000000000000006,-8.286124037152724,3.5375148024082882e-6,1.5023525046231612e-5,mean-constrained Fourier nonlinear conjugate gradient,6.764017518837948e-8,Polyorder.Successful(),9.305049619200787e-7,6.361488857843693e-7,0.1,0.1003930865877058,0.01,"Anderson(SD(0.1); m=10, warmup=100, αw=0.2)","VariableCell(BB(1.0), field_updater)",128,,,,,,,,-37.49474262235554,-63.70134064195656,105.5198453866189,1.3333333333333333,21.333333333333332,,cases/f0.25_chiN45/native_profiles.csv#model=ohta_kawasaki,accepted,model_gates_pass,
liu2019-stress-free-period-map-v2,stress_free_lamellar_observable,f0.25_chiN46,0.25,46.0,18.172,scft,SCFT,reference,4.84468615227066,4.84468615227066,0.0,0.0,0.0,1.0,1.0,0.0,false,,Polyorder.cell_solve!,14,true,false,true,true,true,true,true,0.00022178038059254048,0.9860233326890863,0.25000000000000006,4.543474000061124,,,not_applicable,1.2585204532603362e-8,Polyorder.Successful(),1.7347810545428314e-7,2.602296201121985e-7,0.1,0.10093096150563875,0.01,"Anderson(SD(0.1); m=10, warmup=100, αw=0.2)","VariableCell(BB(1.0), field_updater)",48,,,,Polyorder pseudospectral SCFT,,,,,,,,,,cases/f0.25_chiN46/native_profiles.csv#model=scft,accepted,reference_gates_pass,
liu2019-stress-free-period-map-v2,stress_free_lamellar_observable,f0.25_chiN46,0.25,46.0,18.172,liu2019_opf,OPF (force/stress mapped),per_state_force_stress_mapping,4.270944356592781,4.84468615227066,-0.11842703069815408,0.11842703069815408,0.16813037862626665,0.8008544298162,0.9279574007070617,0.0,false,1.2533185958862303,StressRootBisection,48,true,false,true,true,true,true,true,-0.11482165925753579,0.9175429594621414,0.25,-0.40413023269958714,5.833929490547534e-7,1.4064560992510522e-6,mean-constrained Fourier nonlinear conjugate gradient,1.1462757459158704e-8,Polyorder.Successful(),1.7347810545428314e-7,2.602296201121985e-7,0.1,0.10093096150563875,0.01,"Anderson(SD(0.1); m=10, warmup=100, αw=0.2)","VariableCell(BB(1.0), field_updater)",128,,,,,,,,-1.0,-1.313152936089156,2.216804108057864,0.022981867693318506,0.26561651493872374,0.16594963188611764,cases/f0.25_chiN46/native_profiles.csv#model=liu2019_opf,accepted,model_gates_pass,
liu2019-stress-free-period-map-v2,stress_free_lamellar_observable,f0.25_chiN46,0.25,46.0,18.172,uneyama_doi,Uneyama-Doi,not_applicable,4.421353622572534,4.84468615227066,-0.08738079545146893,0.08738079545146893,0.018091565891570703,0.9976941524809779,0.9990766951334726,0.99609375,false,1.4444881966357448,BootstrapLocal,16,true,false,true,true,true,true,true,0.010388600464603293,0.979895200785941,0.25000000000007,-4.720343071754229,7.121470861914032e-7,1.6900551225162985e-6,mean-constrained fused-spectral L-BFGS with profile continuation,,Polyorder.Successful(),1.7347810545428314e-7,2.602296201121985e-7,0.1,0.10093096150563875,0.01,"Anderson(SD(0.1); m=10, warmup=100, αw=0.2)","VariableCell(BB(1.0), field_updater)",128,,,,,,1,,,,,,,,cases/f0.25_chiN46/native_profiles.csv#model=uneyama_doi,accepted,model_gates_pass,
liu2019-stress-free-period-map-v2,stress_free_lamellar_observable,f0.25_chiN46,0.25,46.0,18.172,burp_ti,BURP-TI,not_applicable,4.0807144532546715,4.84468615227066,-0.15769271218073067,0.15769271218073067,0.01656291553732152,0.9980673560893044,0.9990332215727262,0.99609375,false,1.333198917063223,BoundedKKTNewtonGMRES+AnalyticStressRoot,1,true,false,true,true,true,true,true,1.0e-6,0.988303025065296,0.25000000000000006,-4.653054017484684,0.0004930458984836588,0.0009527834737319552,bounded-KKT Newton-GMRES,3.123634741086615e-5,Polyorder.Successful(),1.7347810545428314e-7,2.602296201121985e-7,0.1,0.10093096150563875,0.01,"Anderson(SD(0.1); m=10, warmup=100, αw=0.2)","VariableCell(BB(1.0), field_updater)",128,64,,,,256,1,,,,,,,,cases/f0.25_chiN46/native_profiles.csv#model=burp_ti,accepted,model_gates_pass,
liu2019-stress-free-period-map-v2,stress_free_lamellar_observable,f0.25_chiN46,0.25,46.0,18.172,bvk2,BVK2,frozen_c2_evaluation,4.80040060511249,4.84468615227066,-0.0091410559458871,0.0091410559458871,0.017098237750727125,0.9979404090651095,0.9990343345069487,0.99609375,false,1.5683255864916563,FilteredUDThetaAnalyticCellStressRoot,12,true,false,true,true,true,true,true,4.684801660883045e-5,0.9840248367078518,0.24999999999999992,-5.548538060405285,4.511100026774027e-8,1.5775493722836673e-7,oversampled filtered UD-theta L-BFGS with cosine-Newton polish,5.450631945791429e-9,Polyorder.Successful(),1.7347810545428314e-7,2.602296201121985e-7,0.1,0.10093096150563875,0.01,"Anderson(SD(0.1); m=10, warmup=100, αw=0.2)","VariableCell(BB(1.0), field_updater)",256,,2,12.0,ud-theta-spectral-adaptive-k-physical-sensor-filter-oversampled-v2,,,0.16,,,,,,,cases/f0.25_chiN46/native_profiles.csv#model=bvk2,accepted,model_gates_pass,
liu2019-stress-free-period-map-v2,stress_free_lamellar_observable,f0.25_chiN46,0.25,46.0,18.172,ohta_kawasaki,Ohta-Kawasaki (recomputed),liu2019_ok_asymptotic_quadratic_extrapolated_c3_c4,3.7763301762559585,4.84468615227066,-0.22052119423958416,0.22052119423958416,0.10921330161262296,0.9159709717558829,0.9573246621300864,0.0,false,1.2020432285964484,StressRootBisection,108,true,false,true,true,true,true,true,-0.05141424246600518,0.8637054638703213,0.24999999999999997,-8.735845419649252,7.547272177722201e-6,2.8736743610480175e-5,mean-constrained Fourier nonlinear conjugate gradient,7.109572523216186e-8,Polyorder.Successful(),1.7347810545428314e-7,2.602296201121985e-7,0.1,0.10093096150563875,0.01,"Anderson(SD(0.1); m=10, warmup=100, αw=0.2)","VariableCell(BB(1.0), field_updater)",128,,,,,,,,-38.49474262235554,-66.36155239983012,109.3380814231844,1.3333333333333333,21.333333333333332,,cases/f0.25_chiN46/native_profiles.csv#model=ohta_kawasaki,accepted,model_gates_pass,
liu2019-stress-free-period-map-v2,stress_free_lamellar_observable,f0.25_chiN47,0.25,47.0,18.172,scft,SCFT,reference,4.869937608076919,4.869937608076919,0.0,0.0,0.0,1.0,1.0,0.0,false,,Polyorder.cell_solve!,133,true,false,true,true,true,true,true,0.00018067642128493936,0.9870550303986424,0.24999999999999992,4.587895459651676,,,not_applicable,6.734341893880981e-6,Polyorder.Successful(),1.7380718045443337e-7,2.5389971130935774e-7,0.1,0.10145703350160247,0.01,"Anderson(SD(0.1); m=10, warmup=100, αw=0.2)","VariableCell(BB(1.0), field_updater)",48,,,,Polyorder pseudospectral SCFT,,,,,,,,,,cases/f0.25_chiN47/native_profiles.csv#model=scft,accepted,reference_gates_pass,
liu2019-stress-free-period-map-v2,stress_free_lamellar_observable,f0.25_chiN47,0.25,47.0,18.172,liu2019_opf,OPF (force/stress mapped),per_state_force_stress_mapping,4.295055917468875,4.869937608076919,-0.11804703404302097,0.11804703404302097,0.1697209260593347,0.7983113837984491,0.9268029033307983,0.0,false,1.2594288825988769,StressRootBisection,49,true,false,true,true,true,true,true,-0.11490980735277001,0.9181407666026113,0.24999999999999997,-0.4116653271905309,6.188984027564187e-7,1.5228947127798875e-6,mean-constrained Fourier nonlinear conjugate gradient,9.00299030077215e-8,Polyorder.Successful(),1.7380718045443337e-7,2.5389971130935774e-7,0.1,0.10145703350160247,0.01,"Anderson(SD(0.1); m=10, warmup=100, αw=0.2)","VariableCell(BB(1.0), field_updater)",128,,,,,,,,-1.0,-1.322193915098172,2.2253602924312843,0.022325344894024716,0.25723908507491977,0.1655830000457511,cases/f0.25_chiN47/native_profiles.csv#model=liu2019_opf,accepted,model_gates_pass,
liu2019-stress-free-period-map-v2,stress_free_lamellar_observable,f0.25_chiN47,0.25,47.0,18.172,uneyama_doi,Uneyama-Doi,not_applicable,4.432821652720513,4.869937608076919,-0.08975801961639873,0.08975801961639873,0.0173995059376999,0.997880251025231,0.9991432550565782,0.99609375,false,1.4482348850034987,BootstrapLocal,16,true,false,true,true,true,true,true,0.009751778271335486,0.9811819166187006,0.25000000000014505,-4.97942784134411,6.387108060323869e-7,2.049047906238499e-6,mean-constrained fused-spectral L-BFGS with profile continuation,,Polyorder.Successful(),1.7380718045443337e-7,2.5389971130935774e-7,0.1,0.10145703350160247,0.01,"Anderson(SD(0.1); m=10, warmup=100, αw=0.2)","VariableCell(BB(1.0), field_updater)",128,,,,,,1,,,,,,,,cases/f0.25_chiN47/native_profiles.csv#model=uneyama_doi,accepted,model_gates_pass,
liu2019-stress-free-period-map-v2,stress_free_lamellar_observable,f0.25_chiN47,0.25,47.0,18.172,burp_ti,BURP-TI,not_applicable,4.098209849258852,4.869937608076919,-0.1584676891010135,0.1584676891010135,0.016191120981859153,0.9981644575340898,0.9990821468192163,0.99609375,false,1.338914789436445,BoundedKKTNewtonGMRES+AnalyticStressRoot,1,true,false,true,true,true,true,true,1.000000000000027e-6,0.9900666597101085,0.25,-4.9111952511893096,0.0003336913830901237,0.0008392777185051159,bounded-KKT Newton-GMRES,6.315076838071315e-7,Polyorder.Successful(),1.7380718045443337e-7,2.5389971130935774e-7,0.1,0.10145703350160247,0.01,"Anderson(SD(0.1); m=10, warmup=100, αw=0.2)","VariableCell(BB(1.0), field_updater)",128,64,,,,256,1,,,,,,,,cases/f0.25_chiN47/native_profiles.csv#model=burp_ti,accepted,model_gates_pass,
liu2019-stress-free-period-map-v2,stress_free_lamellar_observable,f0.25_chiN47,0.25,47.0,18.172,bvk2,BVK2,frozen_c2_evaluation,4.828401499457187,4.869937608076919,-0.008529084346140858,0.008529084346140858,0.016547576287564023,0.9980827471826906,0.9990958696342391,0.0,false,1.5774736811316474,FilteredUDThetaAnalyticCellStressRoot,12,true,false,true,true,true,true,true,3.592343449510982e-5,0.9856451595983498,0.24999999999999994,-5.8549608166757725,1.8103389470559565e-11,9.094878810579184e-11,oversampled filtered UD-theta L-BFGS with cosine-Newton polish,9.015010959956271e-14,Polyorder.Successful(),1.7380718045443337e-7,2.5389971130935774e-7,0.1,0.10145703350160247,0.01,"Anderson(SD(0.1); m=10, warmup=100, αw=0.2)","VariableCell(BB(1.0), field_updater)",256,,2,12.0,ud-theta-spectral-adaptive-k-physical-sensor-filter-oversampled-v2,,,0.16,,,,,,,cases/f0.25_chiN47/native_profiles.csv#model=bvk2,accepted,model_gates_pass,
liu2019-stress-free-period-map-v2,stress_free_lamellar_observable,f0.25_chiN47,0.25,47.0,18.172,ohta_kawasaki,Ohta-Kawasaki (recomputed),liu2019_ok_asymptotic_quadratic_extrapolated_c3_c4,3.7939013227567417,4.869937608076919,-0.22095484006520794,0.22095484006520794,0.10961981412831297,0.9158626705148503,0.9572793967482596,0.0,false,1.2076362982392315,StressRootBisection,108,true,false,true,true,true,true,true,-0.05119457145559814,0.8652393544967047,0.25,-9.193679722163527,5.023233687628707e-6,1.1951912927798958e-5,mean-constrained Fourier nonlinear conjugate gradient,3.887157184520893e-8,Polyorder.Successful(),1.7380718045443337e-7,2.5389971130935774e-7,0.1,0.10145703350160247,0.01,"Anderson(SD(0.1); m=10, warmup=100, αw=0.2)","VariableCell(BB(1.0), field_updater)",128,,,,,,,,-39.49474262235554,-69.04456197020367,113.16430324099991,1.3333333333333333,21.333333333333332,,cases/f0.25_chiN47/native_profiles.csv#model=ohta_kawasaki,accepted,model_gates_pass,
liu2019-stress-free-period-map-v2,stress_free_lamellar_observable,f0.25_chiN48,0.25,48.0,18.172,scft,SCFT,reference,4.89457074080832,4.89457074080832,0.0,0.0,0.0,1.0,1.0,0.0,false,,Polyorder.cell_solve!,20,true,false,true,true,true,true,true,0.00014712348286084114,0.9879959731031379,0.25000000000000056,4.631452595535421,,,not_applicable,1.2239423565893562e-8,Polyorder.Successful(),1.3436831098901945e-7,1.8055993646012498e-7,0.1,0.10197022376684,0.01,"Anderson(SD(0.1); m=10, warmup=100, αw=0.2)","VariableCell(BB(1.0), field_updater)",48,,,,Polyorder pseudospectral SCFT,,,,,,,,,,cases/f0.25_chiN48/native_profiles.csv#model=scft,accepted,reference_gates_pass,
liu2019-stress-free-period-map-v2,stress_free_lamellar_observable,f0.25_chiN48,0.25,48.0,18.172,liu2019_opf,OPF (force/stress mapped),per_state_force_stress_mapping,4.318599892448647,4.89457074080832,-0.11767545692159176,0.11767545692159176,0.1712710188967002,0.7958007401696945,0.9256645939942799,0.0,false,1.2654510498046874,StressRootBisection,44,true,false,true,true,true,true,true,-0.11496471452849899,0.9186861248753899,0.25,-0.41898919011478075,6.798580696279785e-7,2.129369091163902e-6,mean-constrained Fourier nonlinear conjugate gradient,4.896264641849613e-8,Polyorder.Successful(),1.3436831098901945e-7,1.8055993646012498e-7,0.1,0.10197022376684,0.01,"Anderson(SD(0.1); m=10, warmup=100, αw=0.2)","VariableCell(BB(1.0), field_updater)",128,,,,,,,,-1.0,-1.330876979923106,2.2336217603428583,0.02169896850047116,0.24932629653238178,0.16519656471007266,cases/f0.25_chiN48/native_profiles.csv#model=liu2019_opf,accepted,model_gates_pass,
liu2019-stress-free-period-map-v2,stress_free_lamellar_observable,f0.25_chiN48,0.25,48.0,18.172,uneyama_doi,Uneyama-Doi,not_applicable,4.444048232627002,4.89457074080832,-0.0920453563833703,0.0920453563833703,0.016746711390283598,0.9980477048630289,0.9992039049937224,0.99609375,false,1.4519026898315766,BootstrapLocal,16,true,false,true,true,true,true,true,0.009166576792958393,0.9823545801353638,0.2500000000006618,-5.241649337385677,5.353493151935645e-7,1.5237149595392907e-6,mean-constrained fused-spectral L-BFGS with profile continuation,,Polyorder.Successful(),1.3436831098901945e-7,1.8055993646012498e-7,0.1,0.10197022376684,0.01,"Anderson(SD(0.1); m=10, warmup=100, αw=0.2)","VariableCell(BB(1.0), field_updater)",128,,,,,,1,,,,,,,,cases/f0.25_chiN48/native_profiles.csv#model=uneyama_doi,accepted,model_gates_pass,
liu2019-stress-free-period-map-v2,stress_free_lamellar_observable,f0.25_chiN48,0.25,48.0,18.172,burp_ti,BURP-TI,not_applicable,4.115248806048329,4.89457074080832,-0.15922171238887628,0.15922171238887628,0.015850651600868453,0.9982510369219489,0.9991261322900659,0.99609375,false,1.3444815398179866,BoundedKKTNewtonGMRES+AnalyticStressRoot,1,true,false,true,true,true,true,true,1.0e-6,0.9915913728188713,0.25,-5.172568587983152,0.00020441101065003374,0.0006801208009576953,bounded-KKT Newton-GMRES,1.7233190063012806e-5,Polyorder.Successful(),1.3436831098901945e-7,1.8055993646012498e-7,0.1,0.10197022376684,0.01,"Anderson(SD(0.1); m=10, warmup=100, αw=0.2)","VariableCell(BB(1.0), field_updater)",128,64,,,,256,1,,,,,,,,cases/f0.25_chiN48/native_profiles.csv#model=burp_ti,accepted,model_gates_pass,
liu2019-stress-free-period-map-v2,stress_free_lamellar_observable,f0.25_chiN48,0.25,48.0,18.172,bvk2,BVK2,frozen_c2_evaluation,4.855462793811812,4.89457074080832,-0.007990066763249981,0.007990066763249981,0.016029732783859302,0.9982112939898691,0.9991520181037888,0.5,false,1.5863148016612005,FilteredUDThetaAnalyticCellStressRoot,11,true,false,true,true,true,true,true,2.754641278256818e-5,0.9870867957381676,0.24999999999999997,-6.165530394197225,1.565569133245194e-11,8.61744845535696e-11,oversampled filtered UD-theta L-BFGS with cosine-Newton polish,7.705903026788974e-9,Polyorder.Successful(),1.3436831098901945e-7,1.8055993646012498e-7,0.1,0.10197022376684,0.01,"Anderson(SD(0.1); m=10, warmup=100, αw=0.2)","VariableCell(BB(1.0), field_updater)",256,,2,12.0,ud-theta-spectral-adaptive-k-physical-sensor-filter-oversampled-v2,,,0.16,,,,,,,cases/f0.25_chiN48/native_profiles.csv#model=bvk2,accepted,model_gates_pass,
liu2019-stress-free-period-map-v2,stress_free_lamellar_observable,f0.25_chiN48,0.25,48.0,18.172,ohta_kawasaki,Ohta-Kawasaki (recomputed),liu2019_ok_asymptotic_quadratic_extrapolated_c3_c4,3.811248326801088,4.89457074080832,-0.22133144485482004,0.22133144485482004,0.11001011268831619,0.9157535479818416,0.9572346661564658,0.0,false,1.213158021122217,StressRootBisection,114,true,false,true,true,true,true,true,-0.051021415898137246,0.8667020754376314,0.24999999999999994,-9.65960683955686,4.203315052168227e-6,9.633577420231632e-6,mean-constrained Fourier nonlinear conjugate gradient,5.4774870532753526e-8,Polyorder.Successful(),1.3436831098901945e-7,1.8055993646012498e-7,0.1,0.10197022376684,0.01,"Anderson(SD(0.1); m=10, warmup=100, αw=0.2)","VariableCell(BB(1.0), field_updater)",128,,,,,,,,-40.49474262235554,-71.75036935307723,116.99851084006544,1.3333333333333333,21.333333333333332,,cases/f0.25_chiN48/native_profiles.csv#model=ohta_kawasaki,accepted,model_gates_pass,
liu2019-stress-free-period-map-v2,stress_free_lamellar_observable,f0.25_chiN49,0.25,49.0,18.172,scft,SCFT,reference,4.9186917348773305,4.9186917348773305,0.0,0.0,0.0,1.0,1.0,0.0,false,,Polyorder.cell_solve!,67,true,false,true,true,true,true,true,0.00011975850450588854,0.9888561164965385,0.25000000000000006,4.6741860790489085,,,not_applicable,3.9032203403444165e-8,Polyorder.Successful(),1.6463528241814005e-7,2.481069488844353e-7,0.1,0.10247274447661105,0.01,"Anderson(SD(0.1); m=10, warmup=100, αw=0.2)","VariableCell(BB(1.0), field_updater)",48,,,,Polyorder pseudospectral SCFT,,,,,,,,,,cases/f0.25_chiN49/native_profiles.csv#model=scft,accepted,reference_gates_pass,
liu2019-stress-free-period-map-v2,stress_free_lamellar_observable,f0.25_chiN49,0.25,49.0,18.172,liu2019_opf,OPF (force/stress mapped),per_state_force_stress_mapping,4.341660334545163,4.9186917348773305,-0.11731399962322664,0.11731399962322664,0.17278267248620574,0.793322821373226,0.9245422053643206,0.0,false,1.2713871002197261,StressRootBisection,47,true,false,true,true,true,true,true,-0.11498177031139906,0.9191863237033137,0.25,-0.4261189565420501,5.65336555938154e-7,1.5438623399144369e-6,mean-constrained Fourier nonlinear conjugate gradient,2.242433580384532e-8,Polyorder.Successful(),1.6463528241814005e-7,2.481069488844353e-7,0.1,0.10247274447661105,0.01,"Anderson(SD(0.1); m=10, warmup=100, αw=0.2)","VariableCell(BB(1.0), field_updater)",128,,,,,,,,-1.0,-1.3392236184168185,2.2415982428247956,0.0211013998149602,0.24183467249485693,0.16479160479425237,cases/f0.25_chiN49/native_profiles.csv#model=liu2019_opf,accepted,model_gates_pass,
liu2019-stress-free-period-map-v2,stress_free_lamellar_observable,f0.25_chiN49,0.25,49.0,18.172,uneyama_doi,Uneyama-Doi,not_applicable,4.455807743636015,4.9186917348773305,-0.0941071358383998,0.0941071358383998,0.01614179504733253,0.9981961691604851,0.9992578098141095,0.99609375,false,1.4557446071041524,BootstrapLocal,16,true,false,true,true,true,true,true,0.008628577019758357,0.9834295795704765,0.25000000000012834,-5.507829819222289,8.219056529728e-7,2.115807126834568e-6,mean-constrained fused-spectral L-BFGS with profile continuation,,Polyorder.Successful(),1.6463528241814005e-7,2.481069488844353e-7,0.1,0.10247274447661105,0.01,"Anderson(SD(0.1); m=10, warmup=100, αw=0.2)","VariableCell(BB(1.0), field_updater)",128,,,,,,1,,,,,,,,cases/f0.25_chiN49/native_profiles.csv#model=uneyama_doi,accepted,model_gates_pass,
liu2019-stress-free-period-map-v2,stress_free_lamellar_observable,f0.25_chiN49,0.25,49.0,18.172,burp_ti,BURP-TI,not_applicable,4.131571812267085,4.9186917348773305,-0.16002627630208177,0.16002627630208177,0.015530129013867456,0.9983302852746555,0.9991665166193925,0.99609375,false,1.349814383971467,BoundedKKTNewtonGMRES+AnalyticStressRoot,1,true,false,true,true,true,true,true,1.0e-6,0.9929011249750217,0.25000000000000006,-5.436631532027634,0.00039171929439680664,0.0012232606323294704,bounded-KKT Newton-GMRES,2.1936621001837523e-5,Polyorder.Successful(),1.6463528241814005e-7,2.481069488844353e-7,0.1,0.10247274447661105,0.01,"Anderson(SD(0.1); m=10, warmup=100, αw=0.2)","VariableCell(BB(1.0), field_updater)",128,64,,,,256,1,,,,,,,,cases/f0.25_chiN49/native_profiles.csv#model=burp_ti,accepted,model_gates_pass,
liu2019-stress-free-period-map-v2,stress_free_lamellar_observable,f0.25_chiN49,0.25,49.0,18.172,bvk2,BVK2,frozen_c2_evaluation,4.881650095987637,4.9186917348773305,-0.007530790886332572,0.007530790886332572,0.015561401736402384,0.9983235539591617,0.9992012647330647,0.5,false,1.5948703826266297,FilteredUDThetaAnalyticCellStressRoot,11,true,false,true,true,true,true,true,2.11239580485658e-5,0.9883715366157323,0.25000000000000006,-6.480092958972879,2.1649510982880237e-11,1.0641783467553006e-10,oversampled filtered UD-theta L-BFGS with cosine-Newton polish,5.1826400948584705e-9,Polyorder.Successful(),1.6463528241814005e-7,2.481069488844353e-7,0.1,0.10247274447661105,0.01,"Anderson(SD(0.1); m=10, warmup=100, αw=0.2)","VariableCell(BB(1.0), field_updater)",256,,2,12.0,ud-theta-spectral-adaptive-k-physical-sensor-filter-oversampled-v2,,,0.16,,,,,,,cases/f0.25_chiN49/native_profiles.csv#model=bvk2,accepted,model_gates_pass,
liu2019-stress-free-period-map-v2,stress_free_lamellar_observable,f0.25_chiN49,0.25,49.0,18.172,ohta_kawasaki,Ohta-Kawasaki (recomputed),liu2019_ok_asymptotic_quadratic_extrapolated_c3_c4,3.828382985360395,4.9186917348773305,-0.22166641218554173,0.22166641218554173,0.1103843994658829,0.9156456373054562,0.9571914362905618,0.0,false,1.2186121523380282,StressRootBisection,106,true,false,true,true,true,true,true,-0.05084924685627196,0.8681027301312135,0.24999999999999994,-10.133614070157764,7.27787952212698e-6,1.418433445365963e-5,mean-constrained Fourier nonlinear conjugate gradient,8.314586572667172e-8,Polyorder.Successful(),1.6463528241814005e-7,2.481069488844353e-7,0.1,0.10247274447661105,0.01,"Anderson(SD(0.1); m=10, warmup=100, αw=0.2)","VariableCell(BB(1.0), field_updater)",128,,,,,,,,-41.49474262235554,-74.4789745484508,120.84070422038093,1.3333333333333333,21.333333333333332,,cases/f0.25_chiN49/native_profiles.csv#model=ohta_kawasaki,accepted,model_gates_pass,
liu2019-stress-free-period-map-v2,stress_free_lamellar_observable,f0.25_chiN50,0.25,50.0,18.172,scft,SCFT,reference,4.942595367316484,4.942595367316484,0.0,0.0,0.0,1.0,1.0,0.0,false,,Polyorder.cell_solve!,709,true,false,true,true,true,true,true,9.747525104759768e-5,0.9896444189372121,0.25000000000000167,4.7161175429284015,,,not_applicable,8.46038045562264e-6,Polyorder.Successful(),9.872215156514302e-7,6.442576353378628e-7,0.1,0.08826063155922292,0.01,"Anderson(SD(0.1); m=10, warmup=100, αw=0.2)","VariableCell(BB(1.0), field_updater)",56,,,,Polyorder pseudospectral SCFT,,,,,,,,,,cases/f0.25_chiN50/native_profiles.csv#model=scft,accepted,reference_gates_pass,
liu2019-stress-free-period-map-v2,stress_free_lamellar_observable,f0.25_chiN50,0.25,50.0,18.172,liu2019_opf,OPF (force/stress mapped),per_state_force_stress_mapping,4.36682511286686,4.942595367316484,-0.11649148102573292,0.11649148102573292,0.17489642826891938,0.7898267171166286,0.9227339598520848,0.98046875,false,1.2782023429870604,StressRootBisection,49,true,false,true,true,true,true,true,-0.11493970741364612,0.9194736343519945,0.25,-0.43384783367409313,3.1740177321240854e-7,8.036802863764514e-7,mean-constrained Fourier nonlinear conjugate gradient,1.1183752290293082e-8,Polyorder.Successful(),9.872215156514302e-7,6.442576353378628e-7,0.1,0.08826063155922292,0.01,"Anderson(SD(0.1); m=10, warmup=100, αw=0.2)","VariableCell(BB(1.0), field_updater)",128,,,,,,,,-1.0,-1.3483104377764432,2.251546769272051,0.020417696059650173,0.2335938735493423,0.16458598671752106,cases/f0.25_chiN50/native_profiles.csv#model=liu2019_opf,accepted,model_gates_pass,
liu2019-stress-free-period-map-v2,stress_free_lamellar_observable,f0.25_chiN50,0.25,50.0,18.172,uneyama_doi,Uneyama-Doi,not_applicable,4.467065088614157,4.942595367316484,-0.09621064306554994,0.09621064306554994,0.01648402922655106,0.9981330083361694,0.999226759813942,0.9765625,false,1.4594224631035833,BootstrapLocal,16,true,false,true,true,true,true,true,0.008132465549275715,0.984411823077007,0.2500000000007298,-5.776634920716253,7.175578125118606e-7,1.981578245269233e-6,mean-constrained fused-spectral L-BFGS with profile continuation,,Polyorder.Successful(),9.872215156514302e-7,6.442576353378628e-7,0.1,0.08826063155922292,0.01,"Anderson(SD(0.1); m=10, warmup=100, αw=0.2)","VariableCell(BB(1.0), field_updater)",128,,,,,,1,,,,,,,,cases/f0.25_chiN50/native_profiles.csv#model=uneyama_doi,accepted,model_gates_pass,
liu2019-stress-free-period-map-v2,stress_free_lamellar_observable,f0.25_chiN50,0.25,50.0,18.172,burp_ti,BURP-TI,not_applicable,4.147991338945419,4.942595367316484,-0.16076655467803036,0.16076655467803036,0.016915386517996487,0.9980340182641125,0.9990173961172529,0.9765625,false,1.3551787620569724,BoundedKKTNewtonGMRES+AnalyticStressRoot,1,true,false,true,true,true,true,true,1.0e-6,0.9940395111801857,0.24999999999999997,-5.704306469739148,0.0003610612897600393,0.0007528224545261253,bounded-KKT Newton-GMRES,2.585824142445147e-6,Polyorder.Successful(),9.872215156514302e-7,6.442576353378628e-7,0.1,0.08826063155922292,0.01,"Anderson(SD(0.1); m=10, warmup=100, αw=0.2)","VariableCell(BB(1.0), field_updater)",128,64,,,,256,1,,,,,,,,cases/f0.25_chiN50/native_profiles.csv#model=burp_ti,accepted,model_gates_pass,
liu2019-stress-free-period-map-v2,stress_free_lamellar_observable,f0.25_chiN50,0.25,50.0,18.172,bvk2,BVK2,frozen_c2_evaluation,4.9070224948140355,4.942595367316484,-0.00719720508332089,0.00719720508332089,0.013983703161765804,0.9986564308605522,0.9993732197536112,0.48046875,false,1.6031597287757267,FilteredUDThetaAnalyticCellStressRoot,12,true,false,true,true,true,true,true,1.620053045777586e-5,0.9895181563067383,0.2499999999999999,-6.798505692177461,6.718295088192489e-8,2.1009486120808495e-7,oversampled filtered UD-theta L-BFGS with cosine-Newton polish,9.508940301827806e-9,Polyorder.Successful(),9.872215156514302e-7,6.442576353378628e-7,0.1,0.08826063155922292,0.01,"Anderson(SD(0.1); m=10, warmup=100, αw=0.2)","VariableCell(BB(1.0), field_updater)",256,,2,12.0,ud-theta-spectral-adaptive-k-physical-sensor-filter-oversampled-v2,,,0.16,,,,,,,cases/f0.25_chiN50/native_profiles.csv#model=bvk2,accepted,model_gates_pass,
liu2019-stress-free-period-map-v2,stress_free_lamellar_observable,f0.25_chiN50,0.25,50.0,18.172,ohta_kawasaki,Ohta-Kawasaki (recomputed),liu2019_ok_asymptotic_quadratic_extrapolated_c3_c4,3.8453152767062937,4.942595367316484,-0.22200483937367987,0.22200483937367987,0.11145634880375736,0.9146457302852679,0.9566666410817013,0.98046875,false,1.224001868069172,StressRootBisection,105,true,false,true,true,true,true,true,-0.05065171814725283,0.8694491587826101,0.25,-10.615691560732134,5.58006695778563e-6,1.1788443488924827e-5,mean-constrained Fourier nonlinear conjugate gradient,8.614464927726197e-9,Polyorder.Successful(),9.872215156514302e-7,6.442576353378628e-7,0.1,0.08826063155922292,0.01,"Anderson(SD(0.1); m=10, warmup=100, αw=0.2)","VariableCell(BB(1.0), field_updater)",128,,,,,,,,-42.49474262235554,-77.23037755632434,124.69088338194648,1.3333333333333333,21.333333333333332,,cases/f0.25_chiN50/native_profiles.csv#model=ohta_kawasaki,accepted,model_gates_pass,
liu2019-stress-free-period-map-v2,stress_free_lamellar_observable,f0.3_chiN36,0.3,36.0,14.635,scft,SCFT,reference,4.61063956674493,4.61063956674493,0.0,0.0,0.0,1.0,1.0,0.0,false,,Polyorder.cell_solve!,15,true,false,true,true,true,true,true,0.0004606862700269884,0.9848076700699794,0.3000000000000001,4.06831455764177,,,not_applicable,5.78392641435348e-7,Polyorder.Successful(),1.5390643540804914e-7,1.1906614649603782e-7,0.1,0.09605499097385271,0.01,"Anderson(SD(0.1); m=10, warmup=100, αw=0.2)","VariableCell(BB(1.0), field_updater)",48,,,,Polyorder pseudospectral SCFT,,,,,,,,,,cases/f0.3_chiN36/native_profiles.csv#model=scft,accepted,reference_gates_pass,
liu2019-stress-free-period-map-v2,stress_free_lamellar_observable,f0.3_chiN36,0.3,36.0,14.635,liu2019_opf,OPF (force/stress mapped),per_state_force_stress_mapping,4.309826085268105,4.61063956674493,-0.06524333058834109,0.06524333058834109,0.1141781493299863,0.9155063283174604,0.9660298634081294,0.0,false,1.1933632850646974,StressRootBisection,49,true,false,true,true,true,true,true,-0.08025516354105522,0.9259732584936884,0.3,-0.35544136788016767,4.851501672442215e-7,1.0753542120101045e-6,mean-constrained Fourier nonlinear conjugate gradient,1.6784957314949075e-8,Polyorder.Successful(),1.5390643540804914e-7,1.1906614649603782e-7,0.1,0.09605499097385271,0.01,"Anderson(SD(0.1); m=10, warmup=100, αw=0.2)","VariableCell(BB(1.0), field_updater)",128,,,,,,,,-1.0,-0.9911166628185974,2.080399997401741,0.028800514868727495,0.26385870859601473,0.13351789950743817,cases/f0.3_chiN36/native_profiles.csv#model=liu2019_opf,accepted,model_gates_pass,
liu2019-stress-free-period-map-v2,stress_free_lamellar_observable,f0.3_chiN36,0.3,36.0,14.635,uneyama_doi,Uneyama-Doi,not_applicable,4.049799893232991,4.61063956674493,-0.12164032026209481,0.12164032026209481,0.019957230414644905,0.9974185796645316,0.9994399963921,0.99609375,false,1.2954360658252786,BootstrapLocal,44,true,false,true,true,true,true,true,0.019269420054385172,0.9714473888016694,0.30000000000073535,-3.274767430404781,8.926530471346263e-7,2.0853343436488814e-6,mean-constrained fused-spectral L-BFGS with profile continuation,,Polyorder.Successful(),1.5390643540804914e-7,1.1906614649603782e-7,0.1,0.09605499097385271,0.01,"Anderson(SD(0.1); m=10, warmup=100, αw=0.2)","VariableCell(BB(1.0), field_updater)",128,,,,,,1,,,,,,,,cases/f0.3_chiN36/native_profiles.csv#model=uneyama_doi,accepted,model_gates_pass,
liu2019-stress-free-period-map-v2,stress_free_lamellar_observable,f0.3_chiN36,0.3,36.0,14.635,burp_ti,BURP-TI,not_applicable,3.8177122811517146,4.61063956674493,-0.17197772111972198,0.17197772111972198,0.014212341417004264,0.9986908498867387,0.9993949150980196,0.99609375,false,1.2211966784363533,BoundedKKTNewtonGMRES+AnalyticStressRoot,2,true,false,true,true,true,true,true,1.0e-6,0.9921601779504953,0.3,-3.705689397879965,0.0003760182848720716,0.0007891831903616975,bounded-KKT Newton-GMRES,1.4446189341773671e-5,Polyorder.Successful(),1.5390643540804914e-7,1.1906614649603782e-7,0.1,0.09605499097385271,0.01,"Anderson(SD(0.1); m=10, warmup=100, αw=0.2)","VariableCell(BB(1.0), field_updater)",128,64,,,,256,1,,,,,,,,cases/f0.3_chiN36/native_profiles.csv#model=burp_ti,accepted,model_gates_pass,
liu2019-stress-free-period-map-v2,stress_free_lamellar_observable,f0.3_chiN36,0.3,36.0,14.635,bvk2,BVK2,frozen_c2_evaluation,4.56945341457675,4.61063956674493,-0.008932850111564306,0.008932850111564306,0.01992635556537899,0.9974265606630344,0.9987683039789607,0.99609375,false,1.4616610475599707,FilteredUDThetaAnalyticCellStressRoot,29,true,false,true,true,true,true,true,0.0001724519931590199,0.983107186936563,0.3,-4.3530697469228485,2.368981088427753e-11,1.1773745123935976e-10,oversampled filtered UD-theta L-BFGS with cosine-Newton polish,1.1679990308266497e-11,Polyorder.Successful(),1.5390643540804914e-7,1.1906614649603782e-7,0.1,0.09605499097385271,0.01,"Anderson(SD(0.1); m=10, warmup=100, αw=0.2)","VariableCell(BB(1.0), field_updater)",256,,2,12.0,ud-theta-spectral-adaptive-k-physical-sensor-filter-oversampled-v2,,,0.16,,,,,,,cases/f0.3_chiN36/native_profiles.csv#model=bvk2,accepted,model_gates_pass,
liu2019-stress-free-period-map-v2,stress_free_lamellar_observable,f0.3_chiN36,0.3,36.0,14.635,ohta_kawasaki,Ohta-Kawasaki (recomputed),liu2019_ok_asymptotic_quadratic_extrapolated_c3_c4,3.715207444082136,4.61063956674493,-0.19420995931264284,0.19420995931264284,0.08669597974998157,0.9512857408840942,0.9834805060715768,0.0,false,1.1495521813631058,StressRootBisection,108,true,false,true,true,true,true,true,0.006733459846446688,0.8389299158527614,0.30000000000000004,-5.061339800526646,2.072384512708044e-6,4.304355489814782e-6,mean-constrained Fourier nonlinear conjugate gradient,8.36217493808323e-8,Polyorder.Successful(),1.5390643540804914e-7,1.1906614649603782e-7,0.1,0.09605499097385271,0.01,"Anderson(SD(0.1); m=10, warmup=100, αw=0.2)","VariableCell(BB(1.0), field_updater)",128,,,,,,,,-30.364275993570644,-43.237538777519376,90.63253075426121,1.1904761904761905,17.006802721088437,,cases/f0.3_chiN36/native_profiles.csv#model=ohta_kawasaki,accepted,model_gates_pass,
liu2019-stress-free-period-map-v2,stress_free_lamellar_observable,f0.3_chiN37,0.3,37.0,14.635,scft,SCFT,reference,4.641663702867821,4.641663702867821,0.0,0.0,0.0,1.0,1.0,0.0,false,,Polyorder.cell_solve!,30,true,false,true,true,true,true,true,0.00036533383745478317,0.9862342478709419,0.2999999999999999,4.122716757310542,,,not_applicable,4.274827616218128e-9,Polyorder.Successful(),1.9725284927622515e-7,1.1679373914531561e-7,0.1,0.09670132714307961,0.01,"Anderson(SD(0.1); m=10, warmup=100, αw=0.2)","VariableCell(BB(1.0), field_updater)",48,,,,Polyorder pseudospectral SCFT,,,,,,,,,,cases/f0.3_chiN37/native_profiles.csv#model=scft,accepted,reference_gates_pass,
liu2019-stress-free-period-map-v2,stress_free_lamellar_observable,f0.3_chiN37,0.3,37.0,14.635,liu2019_opf,OPF (force/stress mapped),per_state_force_stress_mapping,4.340976303837953,4.641663702867821,-0.06478009142370444,0.06478009142370444,0.11589058659546471,0.9137348762782395,0.9652068221147415,0.0,false,1.2002326011657716,StressRootBisection,49,true,false,true,true,true,true,true,-0.08063571840264877,0.9268806297761325,0.30000000000000004,-0.3645756020904078,5.500829259310447e-7,1.1931836163270315e-6,mean-constrained Fourier nonlinear conjugate gradient,4.7747397125349324e-8,Polyorder.Successful(),1.9725284927622515e-7,1.1679373914531561e-7,0.1,0.09670132714307961,0.01,"Anderson(SD(0.1); m=10, warmup=100, αw=0.2)","VariableCell(BB(1.0), field_updater)",128,,,,,,,,-1.0,-0.9990024719847933,2.0884479336618544,0.027780691882350217,0.25303147477785337,0.1332157972998098,cases/f0.3_chiN37/native_profiles.csv#model=liu2019_opf,accepted,model_gates_pass,
liu2019-stress-free-period-map-v2,stress_free_lamellar_observable,f0.3_chiN37,0.3,37.0,14.635,uneyama_doi,Uneyama-Doi,not_applicable,4.06193648312932,4.641663702867821,-0.12489642870514739,0.12489642870514739,0.01910747252397845,0.9976549861351807,0.9994687527684437,0.99609375,false,1.2993182764732927,BootstrapLocal,16,true,false,true,true,true,true,true,0.017952802147886845,0.9737211900509396,0.3000000000009014,-3.5228184262986346,9.67408414205086e-7,3.0822638454885976e-6,mean-constrained fused-spectral L-BFGS with profile continuation,,Polyorder.Successful(),1.9725284927622515e-7,1.1679373914531561e-7,0.1,0.09670132714307961,0.01,"Anderson(SD(0.1); m=10, warmup=100, αw=0.2)","VariableCell(BB(1.0), field_updater)",128,,,,,,1,,,,,,,,cases/f0.3_chiN37/native_profiles.csv#model=uneyama_doi,accepted,model_gates_pass,
liu2019-stress-free-period-map-v2,stress_free_lamellar_observable,f0.3_chiN37,0.3,37.0,14.635,burp_ti,BURP-TI,not_applicable,3.837289660293517,4.641663702867821,-0.1732943388546928,0.1732943388546928,0.01416784363449555,0.9987107223995763,0.9994095181321602,0.99609375,false,1.2274590231652875,BoundedKKTNewtonGMRES+AnalyticStressRoot,1,true,false,true,true,true,true,true,1.0e-6,0.9938102104391623,0.29999999999999993,-3.9723410605222664,0.0003208290084664945,0.000620036038405658,bounded-KKT Newton-GMRES,1.3135875075196627e-6,Polyorder.Successful(),1.9725284927622515e-7,1.1679373914531561e-7,0.1,0.09670132714307961,0.01,"Anderson(SD(0.1); m=10, warmup=100, αw=0.2)","VariableCell(BB(1.0), field_updater)",128,64,,,,256,1,,,,,,,,cases/f0.3_chiN37/native_profiles.csv#model=burp_ti,accepted,model_gates_pass,
liu2019-stress-free-period-map-v2,stress_free_lamellar_observable,f0.3_chiN37,0.3,37.0,14.635,bvk2,BVK2,frozen_c2_evaluation,4.603370992117572,4.641663702867821,-0.008249781371836629,0.008249781371836629,0.01905585378323697,0.9976676391073722,0.9988840637587929,0.5,false,1.4725104856483129,FilteredUDThetaAnalyticCellStressRoot,13,true,false,true,true,true,true,true,0.00012848335542145516,0.9850231741293484,0.30000000000000004,-4.670015785398391,3.400266674543456e-8,9.582447917268683e-8,oversampled filtered UD-theta L-BFGS with cosine-Newton polish,4.2227110697012904e-11,Polyorder.Successful(),1.9725284927622515e-7,1.1679373914531561e-7,0.1,0.09670132714307961,0.01,"Anderson(SD(0.1); m=10, warmup=100, αw=0.2)","VariableCell(BB(1.0), field_updater)",256,,2,12.0,ud-theta-spectral-adaptive-k-physical-sensor-filter-oversampled-v2,,,0.16,,,,,,,cases/f0.3_chiN37/native_profiles.csv#model=bvk2,accepted,model_gates_pass,
liu2019-stress-free-period-map-v2,stress_free_lamellar_observable,f0.3_chiN37,0.3,37.0,14.635,ohta_kawasaki,Ohta-Kawasaki (recomputed),liu2019_ok_asymptotic_quadratic_extrapolated_c3_c4,3.733291882166775,4.641663702867821,-0.19569961954370252,0.19569961954370252,0.08719298965113252,0.9511682751214832,0.9834925807387334,0.0,false,1.1551478326320646,StressRootBisection,108,true,false,true,true,true,true,true,0.007073726003226144,0.840049255561198,0.29999999999999993,-5.381355184046401,4.232975890841409e-6,9.669033158132834e-6,mean-constrained Fourier nonlinear conjugate gradient,5.602760845766306e-8,Polyorder.Successful(),1.9725284927622515e-7,1.1679373914531561e-7,0.1,0.09670132714307961,0.01,"Anderson(SD(0.1); m=10, warmup=100, αw=0.2)","VariableCell(BB(1.0), field_updater)",128,,,,,,,,-31.364275993570644,-45.37074930024622,94.68778708062071,1.1904761904761905,17.006802721088437,,cases/f0.3_chiN37/native_profiles.csv#model=ohta_kawasaki,accepted,model_gates_pass,
liu2019-stress-free-period-map-v2,stress_free_lamellar_observable,f0.3_chiN38,0.3,38.0,14.635,scft,SCFT,reference,4.671754322206955,4.671754322206955,0.0,0.0,0.0,1.0,1.0,0.0,false,,Polyorder.cell_solve!,8,true,false,true,true,true,true,true,0.000289967124323528,0.9875060329796174,0.2999999999999997,4.175751698181939,,,not_applicable,3.940597741710128e-9,Polyorder.Successful(),4.846331327591165e-8,3.501573805963881e-8,0.1,0.09732821504597823,0.01,"Anderson(SD(0.1); m=10, warmup=100, αw=0.2)","VariableCell(BB(1.0), field_updater)",48,,,,Polyorder pseudospectral SCFT,,,,,,,,,,cases/f0.3_chiN38/native_profiles.csv#model=scft,accepted,reference_gates_pass,
liu2019-stress-free-period-map-v2,stress_free_lamellar_observable,f0.3_chiN38,0.3,38.0,14.635,liu2019_opf,OPF (force/stress mapped),per_state_force_stress_mapping,4.371238319413382,4.671754322206955,-0.06432615717078383,0.06432615717078383,0.11751349617376017,0.9120433231643298,0.9644210252590564,0.0,false,1.2069917678833009,StressRootBisection,48,true,false,true,true,true,true,true,-0.08094225970979524,0.9276779136875379,0.29999999999999993,-0.37338647595387775,4.770257998045489e-7,1.3638465210796813e-6,mean-constrained Fourier nonlinear conjugate gradient,5.133228112297123e-8,Polyorder.Successful(),4.846331327591165e-8,3.501573805963881e-8,0.1,0.09732821504597823,0.01,"Anderson(SD(0.1); m=10, warmup=100, αw=0.2)","VariableCell(BB(1.0), field_updater)",128,,,,,,,,-1.0,-1.0064677984544612,2.0961706489772536,0.026818613550258042,0.24297136226667926,0.13288657034275467,cases/f0.3_chiN38/native_profiles.csv#model=liu2019_opf,accepted,model_gates_pass,
liu2019-stress-free-period-map-v2,stress_free_lamellar_observable,f0.3_chiN38,0.3,38.0,14.635,uneyama_doi,Uneyama-Doi,not_applicable,4.076068885259241,4.671754322206955,-0.12750786874989395,0.12750786874989395,0.018018746006591105,0.9979320385194531,0.9995309583462696,0.99609375,false,1.3038389006765865,BootstrapLocal,16,true,false,true,true,true,true,true,0.016759462549175937,0.9757631223091646,0.3000000000007069,-3.77742005853993,9.465435903385989e-7,2.608759088085222e-6,mean-constrained fused-spectral L-BFGS with profile continuation,,Polyorder.Successful(),4.846331327591165e-8,3.501573805963881e-8,0.1,0.09732821504597823,0.01,"Anderson(SD(0.1); m=10, warmup=100, αw=0.2)","VariableCell(BB(1.0), field_updater)",128,,,,,,1,,,,,,,,cases/f0.3_chiN38/native_profiles.csv#model=uneyama_doi,accepted,model_gates_pass,
liu2019-stress-free-period-map-v2,stress_free_lamellar_observable,f0.3_chiN38,0.3,38.0,14.635,burp_ti,BURP-TI,not_applicable,3.8563449132599295,4.671754322206955,-0.17454030171728363,0.17454030171728363,0.01369122376634584,0.9988060727760874,0.9994602305895618,0.99609375,false,1.2335543519684125,BoundedKKTNewtonGMRES+AnalyticStressRoot,0,true,false,true,true,true,true,true,1.0e-6,0.9951530211843911,0.29999999999999993,-4.243329782534113,0.0004509252207103844,0.0010456726696723706,bounded-KKT Newton-GMRES,6.235440952307485e-5,Polyorder.Successful(),4.846331327591165e-8,3.501573805963881e-8,0.1,0.09732821504597823,0.01,"Anderson(SD(0.1); m=10, warmup=100, αw=0.2)","VariableCell(BB(1.0), field_updater)",128,64,,,,256,1,,,,,,,,cases/f0.3_chiN38/native_profiles.csv#model=burp_ti,accepted,model_gates_pass,
liu2019-stress-free-period-map-v2,stress_free_lamellar_observable,f0.3_chiN38,0.3,38.0,14.635,bvk2,BVK2,frozen_c2_evaluation,4.636148575681162,4.671754322206955,-0.007621493783725564,0.007621493783725564,0.019564988010122474,0.9975618945222665,0.9988253443487031,0.0,false,1.4829952663827453,FilteredUDThetaAnalyticCellStressRoot,11,true,false,true,true,true,true,true,9.580625923127262e-5,0.9867063581386348,0.2999999999999999,-4.992762879275935,2.2594161424916474e-11,1.1286488871391954e-10,oversampled filtered UD-theta L-BFGS with cosine-Newton polish,1.7745804825608502e-12,Polyorder.Successful(),4.846331327591165e-8,3.501573805963881e-8,0.1,0.09732821504597823,0.01,"Anderson(SD(0.1); m=10, warmup=100, αw=0.2)","VariableCell(BB(1.0), field_updater)",256,,2,12.0,ud-theta-spectral-adaptive-k-physical-sensor-filter-oversampled-v2,,,0.16,,,,,,,cases/f0.3_chiN38/native_profiles.csv#model=bvk2,accepted,model_gates_pass,
liu2019-stress-free-period-map-v2,stress_free_lamellar_observable,f0.3_chiN38,0.3,38.0,14.635,ohta_kawasaki,Ohta-Kawasaki (recomputed),liu2019_ok_asymptotic_quadratic_extrapolated_c3_c4,3.751038333068477,4.671754322206955,-0.19708142287403685,0.19708142287403685,0.08762540321653578,0.9510949872034004,0.9835290387016739,0.0,false,1.1606389045715333,StressRootBisection,98,true,false,true,true,true,true,true,0.007424319691053782,0.841007881447807,0.29999999999999993,-5.705348636120343,4.710225122147864e-6,1.1681554709319641e-5,mean-constrained Fourier nonlinear conjugate gradient,8.173171314178248e-9,Polyorder.Successful(),4.846331327591165e-8,3.501573805963881e-8,0.1,0.09732821504597823,0.01,"Anderson(SD(0.1); m=10, warmup=100, αw=0.2)","VariableCell(BB(1.0), field_updater)",128,,,,,,,,-32.364275993570644,-47.51924382297308,98.76386452698017,1.1904761904761905,17.006802721088437,,cases/f0.3_chiN38/native_profiles.csv#model=ohta_kawasaki,accepted,model_gates_pass,
liu2019-stress-free-period-map-v2,stress_free_lamellar_observable,f0.3_chiN39,0.3,39.0,14.635,scft,SCFT,reference,4.7009839059810385,4.7009839059810385,0.0,0.0,0.0,1.0,1.0,0.0,false,,Polyorder.cell_solve!,268,true,false,true,true,true,true,true,0.00023041049035343482,0.9886352424100395,0.3000000000000009,4.227501740202825,,,not_applicable,6.527083238905691e-8,Polyorder.Successful(),1.612630920938697e-7,2.003959365383671e-7,0.1,0.0979371647079383,0.01,"Anderson(SD(0.1); m=10, warmup=100, αw=0.2)","VariableCell(BB(1.0), field_updater)",48,,,,Polyorder pseudospectral SCFT,,,,,,,,,,cases/f0.3_chiN39/native_profiles.csv#model=scft,accepted,reference_gates_pass,
liu2019-stress-free-period-map-v2,stress_free_lamellar_observable,f0.3_chiN39,0.3,39.0,14.635,liu2019_opf,OPF (force/stress mapped),per_state_force_stress_mapping,4.4006874533327025,4.7009839059810385,-0.06387948962477208,0.06387948962477208,0.11913756710108504,0.9103008962780519,0.9636130173541242,0.0,false,1.2136487960815432,StressRootBisection,48,true,false,true,true,true,true,true,-0.08121842554581182,0.9283819945167224,0.3,-0.38190127579122024,5.340973008390904e-7,1.4676090974163891e-6,mean-constrained Fourier nonlinear conjugate gradient,9.660057154307487e-8,Polyorder.Successful(),1.612630920938697e-7,2.003959365383671e-7,0.1,0.0979371647079383,0.01,"Anderson(SD(0.1); m=10, warmup=100, αw=0.2)","VariableCell(BB(1.0), field_updater)",128,,,,,,,,-1.0,-1.0135498691257911,2.103592355284512,0.02590885694835633,0.2335918810051052,0.13253604817187445,cases/f0.3_chiN39/native_profiles.csv#model=liu2019_opf,accepted,model_gates_pass,
liu2019-stress-free-period-map-v2,stress_free_lamellar_observable,f0.3_chiN39,0.3,39.0,14.635,uneyama_doi,Uneyama-Doi,not_applicable,4.089834170178051,4.7009839059810385,-0.13000464328870065,0.13000464328870065,0.017335077641157905,0.99810092449759,0.9995487821162815,0.99609375,false,1.3082420926886125,BootstrapLocal,16,true,false,true,true,true,true,true,0.015676863283926888,0.9775859888391334,0.3000000000001918,-4.036420968601144,9.237685250507805e-7,2.554321255177072e-6,mean-constrained fused-spectral L-BFGS with profile continuation,,Polyorder.Successful(),1.612630920938697e-7,2.003959365383671e-7,0.1,0.0979371647079383,0.01,"Anderson(SD(0.1); m=10, warmup=100, αw=0.2)","VariableCell(BB(1.0), field_updater)",128,,,,,,1,,,,,,,,cases/f0.3_chiN39/native_profiles.csv#model=uneyama_doi,accepted,model_gates_pass,
liu2019-stress-free-period-map-v2,stress_free_lamellar_observable,f0.3_chiN39,0.3,39.0,14.635,burp_ti,BURP-TI,not_applicable,3.8751962098887502,4.7009839059810385,-0.17566273627136708,0.17566273627136708,0.013690706588683562,0.998815480061867,0.9994680822394135,0.99609375,false,1.239584439919511,BoundedKKTNewtonGMRES+AnalyticStressRoot,1,true,false,true,true,true,true,true,1.0e-6,0.9962535300113093,0.3,-4.518775848721484,0.0003765272345002454,0.0008344450302946171,bounded-KKT Newton-GMRES,4.2760893805304746e-8,Polyorder.Successful(),1.612630920938697e-7,2.003959365383671e-7,0.1,0.0979371647079383,0.01,"Anderson(SD(0.1); m=10, warmup=100, αw=0.2)","VariableCell(BB(1.0), field_updater)",128,64,,,,256,1,,,,,,,,cases/f0.3_chiN39/native_profiles.csv#model=burp_ti,accepted,model_gates_pass,
liu2019-stress-free-period-map-v2,stress_free_lamellar_observable,f0.3_chiN39,0.3,39.0,14.635,bvk2,BVK2,frozen_c2_evaluation,4.667856881505935,4.7009839059810385,-0.007046827884893636,0.007046827884893636,0.018655598934216786,0.9978005755817635,0.9989414004354076,0.99609375,false,1.493138010230476,FilteredUDThetaAnalyticCellStressRoot,11,true,false,true,true,true,true,true,7.15074430608195e-5,0.988188786934722,0.3,-5.321059102370146,2.364718504783789e-11,1.1561056974157109e-10,oversampled filtered UD-theta L-BFGS with cosine-Newton polish,1.4228618283596006e-12,Polyorder.Successful(),1.612630920938697e-7,2.003959365383671e-7,0.1,0.0979371647079383,0.01,"Anderson(SD(0.1); m=10, warmup=100, αw=0.2)","VariableCell(BB(1.0), field_updater)",256,,2,12.0,ud-theta-spectral-adaptive-k-physical-sensor-filter-oversampled-v2,,,0.16,,,,,,,cases/f0.3_chiN39/native_profiles.csv#model=bvk2,accepted,model_gates_pass,
liu2019-stress-free-period-map-v2,stress_free_lamellar_observable,f0.3_chiN39,0.3,39.0,14.635,ohta_kawasaki,Ohta-Kawasaki (recomputed),liu2019_ok_asymptotic_quadratic_extrapolated_c3_c4,3.7684660120968614,4.7009839059810385,-0.19836653614102773,0.19836653614102773,0.08809127612321702,0.9509593235541157,0.9835281201621869,0.0,false,1.1660313427448274,StressRootBisection,107,true,false,true,true,true,true,true,0.0077510216874278615,0.8418281948323731,0.2999999999999999,-6.033177470243344,3.007850421161989e-6,7.09262619036366e-6,mean-constrained Fourier nonlinear conjugate gradient,4.4317046753264706e-8,Polyorder.Successful(),1.612630920938697e-7,2.003959365383671e-7,0.1,0.0979371647079383,0.01,"Anderson(SD(0.1); m=10, warmup=100, αw=0.2)","VariableCell(BB(1.0), field_updater)",128,,,,,,,,-33.364275993570644,-49.68302234569993,102.8607630933397,1.1904761904761905,17.006802721088437,,cases/f0.3_chiN39/native_profiles.csv#model=ohta_kawasaki,accepted,model_gates_pass,
liu2019-stress-free-period-map-v2,stress_free_lamellar_observable,f0.3_chiN40,0.3,40.0,14.635,scft,SCFT,reference,4.729413397671084,4.729413397671084,0.0,0.0,0.0,1.0,1.0,0.0,false,,Polyorder.cell_solve!,10,true,false,true,true,true,true,true,0.00018327584258471388,0.9896479698332106,0.29999999999999905,4.278040990193807,,,not_applicable,3.4841309050336247e-9,Polyorder.Successful(),1.9169929426767783e-7,1.2528626743947742e-7,0.1,0.09852944578481425,0.01,"Anderson(SD(0.1); m=10, warmup=100, αw=0.2)","VariableCell(BB(1.0), field_updater)",48,,,,Polyorder pseudospectral SCFT,,,,,,,,,,cases/f0.3_chiN40/native_profiles.csv#model=scft,accepted,reference_gates_pass,
liu2019-stress-free-period-map-v2,stress_free_lamellar_observable,f0.3_chiN40,0.3,40.0,14.635,liu2019_opf,OPF (force/stress mapped),per_state_force_stress_mapping,4.429373325981357,4.729413397671084,-0.06344128678568817,0.06344128678568817,0.12068109492543101,0.9086342724030856,0.9628401205609223,0.0,false,1.2202056884765626,StressRootBisection,44,true,false,true,true,true,true,true,-0.08148857864536269,0.9290081342771741,0.30000000000000004,-0.3901360521905523,4.802948495269739e-7,1.1382431326922848e-6,mean-constrained Fourier nonlinear conjugate gradient,2.242025592964979e-8,Polyorder.Successful(),1.9169929426767783e-7,1.2528626743947742e-7,0.1,0.09852944578481425,0.01,"Anderson(SD(0.1); m=10, warmup=100, αw=0.2)","VariableCell(BB(1.0), field_updater)",128,,,,,,,,-1.0,-1.020268764488713,2.1107062554642124,0.025048333800005197,0.2248336717087867,0.13216525307519064,cases/f0.3_chiN40/native_profiles.csv#model=liu2019_opf,accepted,model_gates_pass,
liu2019-stress-free-period-map-v2,stress_free_lamellar_observable,f0.3_chiN40,0.3,40.0,14.635,uneyama_doi,Uneyama-Doi,not_applicable,4.1034756866244795,4.729413397671084,-0.13234996783212827,0.13234996783212827,0.01636477168210457,0.9983199402224788,0.9996020884390937,0.99609375,false,1.3126056940672337,BootstrapLocal,16,true,false,true,true,true,true,true,0.014693224050156219,0.979219797839777,0.30000000000021654,-4.299848995659583,9.76987752503724e-7,3.130416527330482e-6,mean-constrained fused-spectral L-BFGS with profile continuation,,Polyorder.Successful(),1.9169929426767783e-7,1.2528626743947742e-7,0.1,0.09852944578481425,0.01,"Anderson(SD(0.1); m=10, warmup=100, αw=0.2)","VariableCell(BB(1.0), field_updater)",128,,,,,,1,,,,,,,,cases/f0.3_chiN40/native_profiles.csv#model=uneyama_doi,accepted,model_gates_pass,
liu2019-stress-free-period-map-v2,stress_free_lamellar_observable,f0.3_chiN40,0.3,40.0,14.635,burp_ti,BURP-TI,not_applicable,3.8937025080811862,4.729413397671084,-0.1767049778311679,0.1767049778311679,0.01325227172561573,0.9988982438138373,0.9995112240829988,0.99609375,false,1.2455041709569525,BoundedKKTNewtonGMRES+AnalyticStressRoot,0,true,false,true,true,true,true,true,1.0000000000555111e-6,0.9971534821967295,0.29999999999999966,-4.798359549415062,0.00031967010709269456,0.0007851227088089274,bounded-KKT Newton-GMRES,1.1659621627126968e-5,Polyorder.Successful(),1.9169929426767783e-7,1.2528626743947742e-7,0.1,0.09852944578481425,0.01,"Anderson(SD(0.1); m=10, warmup=100, αw=0.2)","VariableCell(BB(1.0), field_updater)",128,64,,,,256,1,,,,,,,,cases/f0.3_chiN40/native_profiles.csv#model=burp_ti,accepted,model_gates_pass,
liu2019-stress-free-period-map-v2,stress_free_lamellar_observable,f0.3_chiN40,0.3,40.0,14.635,bvk2,BVK2,frozen_c2_evaluation,4.69856057838682,4.729413397671084,-0.006523603815106749,0.006523603815106749,0.01917358598575035,0.9976937227003043,0.9988834500532997,0.0,false,1.502959403223282,FilteredUDThetaAnalyticCellStressRoot,10,true,false,true,true,true,true,true,5.3429559561707265e-5,0.9894979797616321,0.29999999999999977,-5.654675037193669,1.7518835665585016e-11,6.367153111268725e-11,oversampled filtered UD-theta L-BFGS with cosine-Newton polish,1.0222933610748441e-12,Polyorder.Successful(),1.9169929426767783e-7,1.2528626743947742e-7,0.1,0.09852944578481425,0.01,"Anderson(SD(0.1); m=10, warmup=100, αw=0.2)","VariableCell(BB(1.0), field_updater)",256,,2,12.0,ud-theta-spectral-adaptive-k-physical-sensor-filter-oversampled-v2,,,0.16,,,,,,,cases/f0.3_chiN40/native_profiles.csv#model=bvk2,accepted,model_gates_pass,
liu2019-stress-free-period-map-v2,stress_free_lamellar_observable,f0.3_chiN40,0.3,40.0,14.635,ohta_kawasaki,Ohta-Kawasaki (recomputed),liu2019_ok_asymptotic_quadratic_extrapolated_c3_c4,3.785592516430213,4.729413397671084,-0.1995640477750663,0.1995640477750663,0.08849665947258661,0.9508686623487026,0.9835528850473143,0.0,false,1.1713305920362471,StressRootBisection,107,true,false,true,true,true,true,true,0.008101914156807721,0.8425293947606423,0.29999999999999993,-6.364711425321083,4.51551508037407e-6,1.020051033950864e-5,mean-constrained Fourier nonlinear conjugate gradient,8.790097480354692e-8,Polyorder.Successful(),1.9169929426767783e-7,1.2528626743947742e-7,0.1,0.09852944578481425,0.01,"Anderson(SD(0.1); m=10, warmup=100, αw=0.2)","VariableCell(BB(1.0), field_updater)",128,,,,,,,,-34.364275993570644,-51.862084868426784,106.97848277969919,1.1904761904761905,17.006802721088437,,cases/f0.3_chiN40/native_profiles.csv#model=ohta_kawasaki,accepted,model_gates_pass,
liu2019-stress-free-period-map-v2,stress_free_lamellar_observable,f0.3_chiN41,0.3,41.0,14.635,scft,SCFT,reference,4.757100416339315,4.757100416339315,0.0,0.0,0.0,1.0,1.0,0.0,false,,Polyorder.cell_solve!,105,true,false,true,true,true,true,true,0.00014597569073645543,0.9905533532882559,0.3000000000000001,4.3274363025519165,,,not_applicable,6.63401115710708e-8,Polyorder.Successful(),1.9957681249267321e-7,2.240982233914242e-7,0.1,0.09910625867373574,0.01,"Anderson(SD(0.1); m=10, warmup=100, αw=0.2)","VariableCell(BB(1.0), field_updater)",48,,,,Polyorder pseudospectral SCFT,,,,,,,,,,cases/f0.3_chiN41/native_profiles.csv#model=scft,accepted,reference_gates_pass,
liu2019-stress-free-period-map-v2,stress_free_lamellar_observable,f0.3_chiN41,0.3,41.0,14.635,liu2019_opf,OPF (force/stress mapped),per_state_force_stress_mapping,4.457358880646952,4.757100416339315,-0.06300929336341832,0.06300929336341832,0.12221491902903554,0.9069402084937761,0.9620553992904737,0.0,false,1.2266704559326174,StressRootBisection,47,true,false,true,true,true,true,true,-0.0816968615783013,0.9295671535605425,0.2999999999999998,-0.39811422685259445,6.01290629315231e-7,1.4500941800110745e-6,mean-constrained Fourier nonlinear conjugate gradient,3.314344989178125e-8,Polyorder.Successful(),1.9957681249267321e-7,2.240982233914242e-7,0.1,0.09910625867373574,0.01,"Anderson(SD(0.1); m=10, warmup=100, αw=0.2)","VariableCell(BB(1.0), field_updater)",128,,,,,,,,-1.0,-1.0266575408349596,2.1175414130962316,0.02423238368353652,0.2166291136827329,0.13177918316955756,cases/f0.3_chiN41/native_profiles.csv#model=liu2019_opf,accepted,model_gates_pass,
liu2019-stress-free-period-map-v2,stress_free_lamellar_observable,f0.3_chiN41,0.3,41.0,14.635,uneyama_doi,Uneyama-Doi,not_applicable,4.1167803408412205,4.757100416339315,-0.13460301853178747,0.13460301853178747,0.01569235883160543,0.998465771354034,0.9996257939127152,0.99609375,false,1.3168615411140225,BootstrapLocal,16,true,false,true,true,true,true,true,0.013783164418314373,0.9806873911927283,0.30000000000002225,-4.567298858875354,8.802766818553169e-7,2.3029455407108657e-6,mean-constrained fused-spectral L-BFGS with profile continuation,,Polyorder.Successful(),1.9957681249267321e-7,2.240982233914242e-7,0.1,0.09910625867373574,0.01,"Anderson(SD(0.1); m=10, warmup=100, αw=0.2)","VariableCell(BB(1.0), field_updater)",128,,,,,,1,,,,,,,,cases/f0.3_chiN41/native_profiles.csv#model=uneyama_doi,accepted,model_gates_pass,
liu2019-stress-free-period-map-v2,stress_free_lamellar_observable,f0.3_chiN41,0.3,41.0,14.635,burp_ti,BURP-TI,not_applicable,3.9121132662831744,4.757100416339315,-0.17762651113141215,0.17762651113141215,0.013128146125027197,0.9989262073410232,0.9995266016193052,0.99609375,false,1.2513933409907354,BoundedKKTNewtonGMRES+AnalyticStressRoot,1,true,false,true,true,true,true,true,1.000000000014962e-6,0.9978943766090297,0.29999999999999993,-5.082201814181657,0.0002578274118252257,0.0007909536234542713,bounded-KKT Newton-GMRES,9.77115798815767e-7,Polyorder.Successful(),1.9957681249267321e-7,2.240982233914242e-7,0.1,0.09910625867373574,0.01,"Anderson(SD(0.1); m=10, warmup=100, αw=0.2)","VariableCell(BB(1.0), field_updater)",128,64,,,,256,1,,,,,,,,cases/f0.3_chiN41/native_profiles.csv#model=burp_ti,accepted,model_gates_pass,
liu2019-stress-free-period-map-v2,stress_free_lamellar_observable,f0.3_chiN41,0.3,41.0,14.635,bvk2,BVK2,frozen_c2_evaluation,4.728318628180915,4.757100416339315,-0.006050279716514506,0.006050279716514506,0.018484358950635653,0.9978712610158963,0.9989695026030307,0.0,false,1.5124783058772897,FilteredUDThetaAnalyticCellStressRoot,11,true,false,true,true,true,true,true,3.9975048982495796e-5,0.9906580582397322,0.29999999999999993,-5.993402004038417,2.046047578696738e-11,1.309265418906414e-10,oversampled filtered UD-theta L-BFGS with cosine-Newton polish,1.2612133559741778e-13,Polyorder.Successful(),1.9957681249267321e-7,2.240982233914242e-7,0.1,0.09910625867373574,0.01,"Anderson(SD(0.1); m=10, warmup=100, αw=0.2)","VariableCell(BB(1.0), field_updater)",256,,2,12.0,ud-theta-spectral-adaptive-k-physical-sensor-filter-oversampled-v2,,,0.16,,,,,,,cases/f0.3_chiN41/native_profiles.csv#model=bvk2,accepted,model_gates_pass,
liu2019-stress-free-period-map-v2,stress_free_lamellar_observable,f0.3_chiN41,0.3,41.0,14.635,ohta_kawasaki,Ohta-Kawasaki (recomputed),liu2019_ok_asymptotic_quadratic_extrapolated_c3_c4,3.802432611516982,4.757100416339315,-0.2006827103214629,0.2006827103214629,0.08892010823070888,0.950737823975396,0.9835538252253297,0.0,false,1.1765412211418151,StressRootBisection,104,true,false,true,true,true,true,true,0.00841070129995819,0.8431275738199948,0.29999999999999993,-6.699828643507337,3.2730557536356986e-6,6.618387269341497e-6,mean-constrained Fourier nonlinear conjugate gradient,2.7196856031430116e-8,Polyorder.Successful(),1.9957681249267321e-7,2.240982233914242e-7,0.1,0.09910625867373574,0.01,"Anderson(SD(0.1); m=10, warmup=100, αw=0.2)","VariableCell(BB(1.0), field_updater)",128,,,,,,,,-35.364275993570644,-54.05643139115364,111.11702358605868,1.1904761904761905,17.006802721088437,,cases/f0.3_chiN41/native_profiles.csv#model=ohta_kawasaki,accepted,model_gates_pass,
liu2019-stress-free-period-map-v2,stress_free_lamellar_observable,f0.3_chiN42,0.3,42.0,14.635,scft,SCFT,reference,4.78410154895182,4.78410154895182,0.0,0.0,0.0,1.0,1.0,0.0,false,,Polyorder.cell_solve!,422,true,false,true,true,true,true,true,0.00011643834350213753,0.9913635336084073,0.2999999999999999,4.3757486201590865,,,not_applicable,1.7524476629410824e-6,Polyorder.Successful(),1.9623681698796277e-7,4.054897430817376e-7,0.1,0.09966878226982957,0.01,"Anderson(SD(0.1); m=10, warmup=100, αw=0.2)","VariableCell(BB(1.0), field_updater)",48,,,,Polyorder pseudospectral SCFT,,,,,,,,,,cases/f0.3_chiN42/native_profiles.csv#model=scft,accepted,reference_gates_pass,
liu2019-stress-free-period-map-v2,stress_free_lamellar_observable,f0.3_chiN42,0.3,42.0,14.635,liu2019_opf,OPF (force/stress mapped),per_state_force_stress_mapping,4.484707469501616,4.78410154895182,-0.06258104607244397,0.06258104607244397,0.1237473336059897,0.9052084703494312,0.9612542070836195,0.0,false,1.2330511093139649,StressRootBisection,48,true,false,true,true,true,true,true,-0.08190476683082332,0.9300756002827344,0.30000000000000004,-0.4058564731130804,4.974891724594467e-7,1.3271348923149517e-6,mean-constrained Fourier nonlinear conjugate gradient,4.7304415172058154e-8,Polyorder.Successful(),1.9623681698796277e-7,4.054897430817376e-7,0.1,0.09966878226982957,0.01,"Anderson(SD(0.1); m=10, warmup=100, αw=0.2)","VariableCell(BB(1.0), field_updater)",128,,,,,,,,-1.0,-1.0327438776804048,2.124120122435302,0.023457179752159378,0.20892148420915801,0.1313813912279007,cases/f0.3_chiN42/native_profiles.csv#model=liu2019_opf,accepted,model_gates_pass,
liu2019-stress-free-period-map-v2,stress_free_lamellar_observable,f0.3_chiN42,0.3,42.0,14.635,uneyama_doi,Uneyama-Doi,not_applicable,4.129764369568683,4.78410154895182,-0.13677326300201542,0.13677326300201542,0.01542205906241206,0.9985277466346387,0.9996132920946761,0.99609375,false,1.3210148275816753,BootstrapLocal,16,true,false,true,true,true,true,true,0.012940109560456594,0.9820094806253391,0.3000000000002668,-4.838593533719837,9.93373203605881e-7,2.735335801196115e-6,mean-constrained fused-spectral L-BFGS with profile continuation,,Polyorder.Successful(),1.9623681698796277e-7,4.054897430817376e-7,0.1,0.09966878226982957,0.01,"Anderson(SD(0.1); m=10, warmup=100, αw=0.2)","VariableCell(BB(1.0), field_updater)",128,,,,,,1,,,,,,,,cases/f0.3_chiN42/native_profiles.csv#model=uneyama_doi,accepted,model_gates_pass,
liu2019-stress-free-period-map-v2,stress_free_lamellar_observable,f0.3_chiN42,0.3,42.0,14.635,burp_ti,BURP-TI,not_applicable,3.930531763268351,4.78410154895182,-0.1784179907030784,0.1784179907030784,0.01343165350696451,0.9988832478649323,0.999507044036734,0.99609375,false,1.2572849864798767,BoundedKKTNewtonGMRES+AnalyticStressRoot,1,true,false,true,true,true,true,true,1.0000000000277555e-6,0.9985099851797401,0.30000000000000004,-5.370351390661884,0.00033577933968037326,0.0009273328199519426,bounded-KKT Newton-GMRES,9.525641831890955e-7,Polyorder.Successful(),1.9623681698796277e-7,4.054897430817376e-7,0.1,0.09966878226982957,0.01,"Anderson(SD(0.1); m=10, warmup=100, αw=0.2)","VariableCell(BB(1.0), field_updater)",128,64,,,,256,1,,,,,,,,cases/f0.3_chiN42/native_profiles.csv#model=burp_ti,accepted,model_gates_pass,
liu2019-stress-free-period-map-v2,stress_free_lamellar_observable,f0.3_chiN42,0.3,42.0,14.635,bvk2,BVK2,frozen_c2_evaluation,4.757184555091255,4.78410154895182,-0.005626342498198378,0.005626342498198378,0.017624379255727213,0.998077238174033,0.9990700940953313,0.99609375,false,1.5217118393305387,FilteredUDThetaAnalyticCellStressRoot,11,true,false,true,true,true,true,true,2.9962292162229504e-5,0.9916912491591452,0.29999999999999993,-6.337051681739624,3.0569591648593514e-11,1.1512723374463294e-10,oversampled filtered UD-theta L-BFGS with cosine-Newton polish,8.273381979506667e-13,Polyorder.Successful(),1.9623681698796277e-7,4.054897430817376e-7,0.1,0.09966878226982957,0.01,"Anderson(SD(0.1); m=10, warmup=100, αw=0.2)","VariableCell(BB(1.0), field_updater)",256,,2,12.0,ud-theta-spectral-adaptive-k-physical-sensor-filter-oversampled-v2,,,0.16,,,,,,,cases/f0.3_chiN42/native_profiles.csv#model=bvk2,accepted,model_gates_pass,
liu2019-stress-free-period-map-v2,stress_free_lamellar_observable,f0.3_chiN42,0.3,42.0,14.635,ohta_kawasaki,Ohta-Kawasaki (recomputed),liu2019_ok_asymptotic_quadratic_extrapolated_c3_c4,3.8190000514735285,4.78410154895182,-0.20173098075013518,0.20173098075013518,0.08937038848098522,0.950559241694335,0.9835266705730465,0.0,false,1.1816674858331682,StressRootBisection,107,true,false,true,true,true,true,true,0.008753478063877773,0.8436366213596131,0.3,-7.038416866591809,7.901829537529418e-6,1.9121929332399645e-5,mean-constrained Fourier nonlinear conjugate gradient,2.7126257698232608e-8,Polyorder.Successful(),1.9623681698796277e-7,4.054897430817376e-7,0.1,0.09966878226982957,0.01,"Anderson(SD(0.1); m=10, warmup=100, αw=0.2)","VariableCell(BB(1.0), field_updater)",128,,,,,,,,-36.364275993570644,-56.26606191388049,115.27638551241817,1.1904761904761905,17.006802721088437,,cases/f0.3_chiN42/native_profiles.csv#model=ohta_kawasaki,accepted,model_gates_pass,
liu2019-stress-free-period-map-v2,stress_free_lamellar_observable,f0.3_chiN43,0.3,43.0,14.635,scft,SCFT,reference,4.810444969413289,4.810444969413289,0.0,0.0,0.0,1.0,1.0,0.0,false,,Polyorder.cell_solve!,191,true,false,true,true,true,true,true,9.299247240602003e-5,0.9920988686584139,0.29999999999999943,4.423033224628824,,,not_applicable,9.703570483434925e-7,Polyorder.Successful(),1.9836023372896675e-7,4.6540037997070126e-7,0.1,0.10021760352944352,0.01,"Anderson(SD(0.1); m=10, warmup=100, αw=0.2)","VariableCell(BB(1.0), field_updater)",48,,,,Polyorder pseudospectral SCFT,,,,,,,,,,cases/f0.3_chiN43/native_profiles.csv#model=scft,accepted,reference_gates_pass,
liu2019-stress-free-period-map-v2,stress_free_lamellar_observable,f0.3_chiN43,0.3,43.0,14.635,liu2019_opf,OPF (force/stress mapped),per_state_force_stress_mapping,4.511370783538087,4.810444969413289,-0.06217183395233361,0.06217183395233361,0.12517445898408633,0.9036010291723121,0.960509720350266,0.0,false,1.2393276214599611,StressRootBisection,47,true,false,true,true,true,true,true,-0.08210531964250173,0.9305601953782188,0.3,-0.4133573188300633,7.318049580626595e-7,2.300842599334274e-6,mean-constrained Fourier nonlinear conjugate gradient,2.188231987792349e-8,Polyorder.Successful(),1.9836023372896675e-7,4.6540037997070126e-7,0.1,0.10021760352944352,0.01,"Anderson(SD(0.1); m=10, warmup=100, αw=0.2)","VariableCell(BB(1.0), field_updater)",128,,,,,,,,-1.0,-1.0385247949194412,2.1303997894918236,0.022722678992614962,0.20169235294899,0.13096767786721422,cases/f0.3_chiN43/native_profiles.csv#model=liu2019_opf,accepted,model_gates_pass,
liu2019-stress-free-period-map-v2,stress_free_lamellar_observable,f0.3_chiN43,0.3,43.0,14.635,uneyama_doi,Uneyama-Doi,not_applicable,4.142934645445995,4.810444969413289,-0.13876269829747323,0.13876269829747323,0.014477037538135899,0.9987105623340383,0.9996684948286221,0.99609375,false,1.325227690147267,BootstrapLocal,16,true,false,true,true,true,true,true,0.01217042859275561,0.9832055942211442,0.30000000000010424,-5.11417614937286,4.678999139067737e-7,1.054379078047063e-6,mean-constrained fused-spectral L-BFGS with profile continuation,,Polyorder.Successful(),1.9836023372896675e-7,4.6540037997070126e-7,0.1,0.10021760352944352,0.01,"Anderson(SD(0.1); m=10, warmup=100, αw=0.2)","VariableCell(BB(1.0), field_updater)",128,,,,,,1,,,,,,,,cases/f0.3_chiN43/native_profiles.csv#model=uneyama_doi,accepted,model_gates_pass,
liu2019-stress-free-period-map-v2,stress_free_lamellar_observable,f0.3_chiN43,0.3,43.0,14.635,burp_ti,BURP-TI,not_applicable,3.948052224174681,4.810444969413289,-0.1792750464296009,0.1792750464296009,0.012881241341371414,0.9989791630396694,0.9995548118328761,0.99609375,false,1.2628893712757445,BoundedKKTNewtonGMRES+AnalyticStressRoot,1,true,false,true,true,true,true,true,1.0000000000555111e-6,0.9990213379389377,0.29999999999999993,-5.6614140320562365,0.00034007129327602717,0.000921269465678165,bounded-KKT Newton-GMRES,1.7276202002773993e-5,Polyorder.Successful(),1.9836023372896675e-7,4.6540037997070126e-7,0.1,0.10021760352944352,0.01,"Anderson(SD(0.1); m=10, warmup=100, αw=0.2)","VariableCell(BB(1.0), field_updater)",128,64,,,,256,1,,,,,,,,cases/f0.3_chiN43/native_profiles.csv#model=burp_ti,accepted,model_gates_pass,
liu2019-stress-free-period-map-v2,stress_free_lamellar_observable,f0.3_chiN43,0.3,43.0,14.635,bvk2,BVK2,frozen_c2_evaluation,4.7852067365808795,4.810444969413289,-0.005246548498711423,0.005246548498711423,0.01763314991610277,0.9980870626313656,0.9990717095263951,0.0,false,1.5306754783995746,FilteredUDThetaAnalyticCellStressRoot,11,true,false,true,true,true,true,true,2.2522995750175408e-5,0.9926212796358471,0.3000000000000001,-6.685459612016549,2.7491420091224902e-11,1.2104271426284903e-10,oversampled filtered UD-theta L-BFGS with cosine-Newton polish,1.5445422718585178e-12,Polyorder.Successful(),1.9836023372896675e-7,4.6540037997070126e-7,0.1,0.10021760352944352,0.01,"Anderson(SD(0.1); m=10, warmup=100, αw=0.2)","VariableCell(BB(1.0), field_updater)",256,,2,12.0,ud-theta-spectral-adaptive-k-physical-sensor-filter-oversampled-v2,,,0.16,,,,,,,cases/f0.3_chiN43/native_profiles.csv#model=bvk2,accepted,model_gates_pass,
liu2019-stress-free-period-map-v2,stress_free_lamellar_observable,f0.3_chiN43,0.3,43.0,14.635,ohta_kawasaki,Ohta-Kawasaki (recomputed),liu2019_ok_asymptotic_quadratic_extrapolated_c3_c4,3.83530737681771,4.810444969413289,-0.20271255544879718,0.20271255544879718,0.08972438567727063,0.9504707287195915,0.983552259754891,0.0,false,1.1867132663726807,StressRootBisection,104,true,false,true,true,true,true,true,0.009072065262819784,0.844068385945792,0.3,-7.380371793751493,3.563281359733966e-6,7.415555639767035e-6,mean-constrained Fourier nonlinear conjugate gradient,6.381160432509881e-8,Polyorder.Successful(),1.9836023372896675e-7,4.6540037997070126e-7,0.1,0.10021760352944352,0.01,"Anderson(SD(0.1); m=10, warmup=100, αw=0.2)","VariableCell(BB(1.0), field_updater)",128,,,,,,,,-37.364275993570644,-58.49097643660734,119.45656855877766,1.1904761904761905,17.006802721088437,,cases/f0.3_chiN43/native_profiles.csv#model=ohta_kawasaki,accepted,model_gates_pass,
liu2019-stress-free-period-map-v2,stress_free_lamellar_observable,f0.3_chiN44,0.3,44.0,14.635,scft,SCFT,reference,4.836192187003894,4.836192187003894,0.0,0.0,0.0,1.0,1.0,0.0,false,,Polyorder.cell_solve!,216,true,false,true,true,true,true,true,7.439124276037727e-5,0.9927600148949468,0.3000000000000011,4.469340695699316,,,not_applicable,2.7785540534667643e-6,Polyorder.Successful(),1.9737986743418724e-7,4.886273190394911e-7,0.1,0.10075400389591445,0.01,"Anderson(SD(0.1); m=10, warmup=100, αw=0.2)","VariableCell(BB(1.0), field_updater)",48,,,,Polyorder pseudospectral SCFT,,,,,,,,,,cases/f0.3_chiN44/native_profiles.csv#model=scft,accepted,reference_gates_pass,
liu2019-stress-free-period-map-v2,stress_free_lamellar_observable,f0.3_chiN44,0.3,44.0,14.635,liu2019_opf,OPF (force/stress mapped),per_state_force_stress_mapping,4.537469296831823,4.836192187003894,-0.06176820081195633,0.06176820081195633,0.1265903114386389,0.901976658999714,0.9597579231741269,0.0,false,1.245524024963379,StressRootBisection,48,true,false,true,true,true,true,true,-0.0822593270369098,0.9310223536580413,0.3,-0.4206475615122998,6.777622530880133e-7,1.5150167664568226e-6,mean-constrained Fourier nonlinear conjugate gradient,7.630832560345557e-8,Polyorder.Successful(),1.9737986743418724e-7,4.886273190394911e-7,0.1,0.10075400389591445,0.01,"Anderson(SD(0.1); m=10, warmup=100, αw=0.2)","VariableCell(BB(1.0), field_updater)",128,,,,,,,,-1.0,-1.0440384322360596,2.1364365667520957,0.022023881171792995,0.19487986382051584,0.1305447995315627,cases/f0.3_chiN44/native_profiles.csv#model=liu2019_opf,accepted,model_gates_pass,
liu2019-stress-free-period-map-v2,stress_free_lamellar_observable,f0.3_chiN44,0.3,44.0,14.635,uneyama_doi,Uneyama-Doi,not_applicable,4.155697466045016,4.836192187003894,-0.1407087838211939,0.1407087838211939,0.013770104314226927,0.9988401468011123,0.9997013269645786,0.99609375,false,1.3293102173193518,BootstrapLocal,16,true,false,true,true,true,true,true,0.011464581215050186,0.9842883500183499,0.30000000000050064,-5.393199319457652,8.392973684353988e-7,2.2808469692936484e-6,mean-constrained fused-spectral L-BFGS with profile continuation,,Polyorder.Successful(),1.9737986743418724e-7,4.886273190394911e-7,0.1,0.10075400389591445,0.01,"Anderson(SD(0.1); m=10, warmup=100, αw=0.2)","VariableCell(BB(1.0), field_updater)",128,,,,,,1,,,,,,,,cases/f0.3_chiN44/native_profiles.csv#model=uneyama_doi,accepted,model_gates_pass,
liu2019-stress-free-period-map-v2,stress_free_lamellar_observable,f0.3_chiN44,0.3,44.0,14.635,burp_ti,BURP-TI,not_applicable,3.9655739457176558,4.836192187003894,-0.18002143165977058,0.18002143165977058,0.012594069543807327,0.9990298011882085,0.9995805466169809,0.99609375,false,1.268494159319728,BoundedKKTNewtonGMRES+AnalyticStressRoot,1,true,false,true,true,true,true,true,1.0000000000555111e-6,0.9994528503803468,0.3,-5.956477863091617,0.00034343571525757643,0.0009205084157244414,bounded-KKT Newton-GMRES,3.836491754773798e-6,Polyorder.Successful(),1.9737986743418724e-7,4.886273190394911e-7,0.1,0.10075400389591445,0.01,"Anderson(SD(0.1); m=10, warmup=100, αw=0.2)","VariableCell(BB(1.0), field_updater)",128,64,,,,256,1,,,,,,,,cases/f0.3_chiN44/native_profiles.csv#model=burp_ti,accepted,model_gates_pass,
liu2019-stress-free-period-map-v2,stress_free_lamellar_observable,f0.3_chiN44,0.3,44.0,14.635,bvk2,BVK2,frozen_c2_evaluation,4.812428597195862,4.836192187003894,-0.004913698399308997,0.004913698399308997,0.01734247648204625,0.998160283969539,0.9991047177934961,0.0,false,1.5393831135788933,FilteredUDThetaAnalyticCellStressRoot,11,true,false,true,true,true,true,true,1.704096390198243e-5,0.9934856475261299,0.30000000000000004,-7.038503066827447,1.7280302856864878e-11,8.068292486875405e-11,oversampled filtered UD-theta L-BFGS with cosine-Newton polish,2.4016344468691386e-12,Polyorder.Successful(),1.9737986743418724e-7,4.886273190394911e-7,0.1,0.10075400389591445,0.01,"Anderson(SD(0.1); m=10, warmup=100, αw=0.2)","VariableCell(BB(1.0), field_updater)",256,,2,12.0,ud-theta-spectral-adaptive-k-physical-sensor-filter-oversampled-v2,,,0.16,,,,,,,cases/f0.3_chiN44/native_profiles.csv#model=bvk2,accepted,model_gates_pass,
liu2019-stress-free-period-map-v2,stress_free_lamellar_observable,f0.3_chiN44,0.3,44.0,14.635,ohta_kawasaki,Ohta-Kawasaki (recomputed),liu2019_ok_asymptotic_quadratic_extrapolated_c3_c4,3.8513653076696324,4.836192187003894,-0.2036368368446455,0.2036368368446455,0.09009040765650032,0.9503538393426136,0.9835613696563804,0.0,false,1.1916818797588347,StressRootBisection,106,true,false,true,true,true,true,true,0.009391167941932399,0.8444329557727801,0.3,-7.725594667636834,7.258351947866418e-6,1.515505738503009e-5,mean-constrained Fourier nonlinear conjugate gradient,1.726503965706613e-8,Polyorder.Successful(),1.9737986743418724e-7,4.886273190394911e-7,0.1,0.10075400389591445,0.01,"Anderson(SD(0.1); m=10, warmup=100, αw=0.2)","VariableCell(BB(1.0), field_updater)",128,,,,,,,,-38.364275993570644,-60.7311749593342,123.65757272513717,1.1904761904761905,17.006802721088437,,cases/f0.3_chiN44/native_profiles.csv#model=ohta_kawasaki,accepted,model_gates_pass,
liu2019-stress-free-period-map-v2,stress_free_lamellar_observable,f0.3_chiN45,0.3,45.0,14.635,scft,SCFT,reference,4.861370137248187,4.861370137248187,0.0,0.0,0.0,1.0,1.0,0.0,false,,Polyorder.cell_solve!,414,true,false,true,true,true,true,true,5.961499446233778e-5,0.9933576144011025,0.3000000000000005,4.514718199613725,,,not_applicable,4.3560996549729346e-6,Polyorder.Successful(),9.917984526972806e-7,6.072708308416565e-7,0.1,0.10127854452600389,0.01,"Anderson(SD(0.1); m=10, warmup=100, αw=0.2)","VariableCell(BB(1.0), field_updater)",48,,,,Polyorder pseudospectral SCFT,,,,,,,,,,cases/f0.3_chiN45/native_profiles.csv#model=scft,accepted,reference_gates_pass,
liu2019-stress-free-period-map-v2,stress_free_lamellar_observable,f0.3_chiN45,0.3,45.0,14.635,liu2019_opf,OPF (force/stress mapped),per_state_force_stress_mapping,4.563003029316015,4.861370137248187,-0.061375106093251586,0.061375106093251586,0.12798537681193015,0.9003519729723793,0.9590063778796794,0.0,false,1.2516363143920899,StressRootBisection,48,true,false,true,true,true,true,true,-0.08239590569956645,0.9314601729388567,0.29999999999999993,-0.42773563035433393,4.7428446684659777e-7,1.2978019763854043e-6,mean-constrained Fourier nonlinear conjugate gradient,7.220056262528767e-8,Polyorder.Successful(),9.917984526972806e-7,6.072708308416565e-7,0.1,0.10127854452600389,0.01,"Anderson(SD(0.1); m=10, warmup=100, αw=0.2)","VariableCell(BB(1.0), field_updater)",128,,,,,,,,-1.0,-1.0493002998379783,2.142234846055944,0.021358577441053777,0.18845227693011685,0.1301143727929446,cases/f0.3_chiN45/native_profiles.csv#model=liu2019_opf,accepted,model_gates_pass,
liu2019-stress-free-period-map-v2,stress_free_lamellar_observable,f0.3_chiN45,0.3,45.0,14.635,uneyama_doi,Uneyama-Doi,not_applicable,4.168280431074182,4.861370137248187,-0.1425708568996833,0.1425708568996833,0.013208307560950101,0.9989386897766647,0.999722422341162,0.99609375,false,1.3333352129101306,BootstrapLocal,16,true,false,true,true,true,true,true,0.010816629786770624,0.9852716219254462,0.30000000000013227,-5.675792138766575,8.506269177055976e-7,2.4549041386379145e-6,mean-constrained fused-spectral L-BFGS with profile continuation,,Polyorder.Successful(),9.917984526972806e-7,6.072708308416565e-7,0.1,0.10127854452600389,0.01,"Anderson(SD(0.1); m=10, warmup=100, αw=0.2)","VariableCell(BB(1.0), field_updater)",128,,,,,,1,,,,,,,,cases/f0.3_chiN45/native_profiles.csv#model=uneyama_doi,accepted,model_gates_pass,
liu2019-stress-free-period-map-v2,stress_free_lamellar_observable,f0.3_chiN45,0.3,45.0,14.635,burp_ti,BURP-TI,not_applicable,3.983070582541965,4.861370137248187,-0.18066913851644917,0.18066913851644917,0.01245113710283901,0.9990568820035898,0.9995949409389198,0.99609375,false,1.2740909233501507,BoundedKKTNewtonGMRES+AnalyticStressRoot,1,true,false,true,true,true,true,true,1.0e-6,0.999820123577846,0.3,-6.2554668401752105,0.00039838709948688427,0.0009391837746584031,bounded-KKT Newton-GMRES,2.6768166897223657e-5,Polyorder.Successful(),9.917984526972806e-7,6.072708308416565e-7,0.1,0.10127854452600389,0.01,"Anderson(SD(0.1); m=10, warmup=100, αw=0.2)","VariableCell(BB(1.0), field_updater)",128,64,,,,256,1,,,,,,,,cases/f0.3_chiN45/native_profiles.csv#model=burp_ti,accepted,model_gates_pass,
liu2019-stress-free-period-map-v2,stress_free_lamellar_observable,f0.3_chiN45,0.3,45.0,14.635,bvk2,BVK2,frozen_c2_evaluation,4.838847560921979,4.861370137248187,-0.004632968831901452,0.004632968831901452,0.016402916554591255,0.9983632205921553,0.9992017677023634,0.49609375,false,1.547833920861922,FilteredUDThetaAnalyticCellStressRoot,11,true,false,true,true,true,true,true,1.3050071917085008e-5,0.994325400878008,0.29999999999999993,-7.396089141432021,2.2188916872435797e-11,9.306792917680162e-11,oversampled filtered UD-theta L-BFGS with cosine-Newton polish,1.4268586312482512e-12,Polyorder.Successful(),9.917984526972806e-7,6.072708308416565e-7,0.1,0.10127854452600389,0.01,"Anderson(SD(0.1); m=10, warmup=100, αw=0.2)","VariableCell(BB(1.0), field_updater)",256,,2,12.0,ud-theta-spectral-adaptive-k-physical-sensor-filter-oversampled-v2,,,0.16,,,,,,,cases/f0.3_chiN45/native_profiles.csv#model=bvk2,accepted,model_gates_pass,
liu2019-stress-free-period-map-v2,stress_free_lamellar_observable,f0.3_chiN45,0.3,45.0,14.635,ohta_kawasaki,Ohta-Kawasaki (recomputed),liu2019_ok_asymptotic_quadratic_extrapolated_c3_c4,3.8671843618829858,4.861370137248187,-0.2045073193969894,0.2045073193969894,0.09045635418704218,0.9502232931653269,0.9835627109005541,0.0,false,1.1965765804052353,StressRootBisection,104,true,false,true,true,true,true,true,0.009737140265570376,0.844739132122446,0.3,-8.073994317912874,1.7765010424441333e-6,3.656300583187999e-6,mean-constrained Fourier nonlinear conjugate gradient,1.546406621454245e-8,Polyorder.Successful(),9.917984526972806e-7,6.072708308416565e-7,0.1,0.10127854452600389,0.01,"Anderson(SD(0.1); m=10, warmup=100, αw=0.2)","VariableCell(BB(1.0), field_updater)",128,,,,,,,,-39.364275993570644,-62.986657482061034,127.87939801149666,1.1904761904761905,17.006802721088437,,cases/f0.3_chiN45/native_profiles.csv#model=ohta_kawasaki,accepted,model_gates_pass,
liu2019-stress-free-period-map-v2,stress_free_lamellar_observable,f0.3_chiN46,0.3,46.0,14.635,scft,SCFT,reference,4.886019697349899,4.886019697349899,0.0,0.0,0.0,1.0,1.0,0.0,false,,Polyorder.cell_solve!,348,true,false,true,true,true,true,true,4.786170452541484e-5,0.9938980587190641,0.2999999999999999,4.559209439792966,,,not_applicable,7.09621156476467e-6,Polyorder.Successful(),1.8175884059351872e-7,6.831632644784734e-7,0.1,0.10179207702812289,0.01,"Anderson(SD(0.1); m=10, warmup=100, αw=0.2)","VariableCell(BB(1.0), field_updater)",48,,,,Polyorder pseudospectral SCFT,,,,,,,,,,cases/f0.3_chiN46/native_profiles.csv#model=scft,accepted,reference_gates_pass,
liu2019-stress-free-period-map-v2,stress_free_lamellar_observable,f0.3_chiN46,0.3,46.0,14.635,liu2019_opf,OPF (force/stress mapped),per_state_force_stress_mapping,4.5880130594251645,4.886019697349899,-0.06099169802495241,0.06099169802495241,0.12935083934053865,0.8987426339276764,0.9582620338489042,0.0,false,1.2576684951782224,StressRootBisection,48,true,false,true,true,true,true,true,-0.08255943005459349,0.9318781624882615,0.3,-0.4346312730273177,5.571231051848535e-7,1.4616317383087107e-6,mean-constrained Fourier nonlinear conjugate gradient,2.0008094866583798e-8,Polyorder.Successful(),1.8175884059351872e-7,6.831632644784734e-7,0.1,0.10179207702812289,0.01,"Anderson(SD(0.1); m=10, warmup=100, αw=0.2)","VariableCell(BB(1.0), field_updater)",128,,,,,,,,-1.0,-1.0543230532922694,2.147798243509216,0.020725100644573023,0.1823821233491244,0.12967565004164236,cases/f0.3_chiN46/native_profiles.csv#model=liu2019_opf,accepted,model_gates_pass,
liu2019-stress-free-period-map-v2,stress_free_lamellar_observable,f0.3_chiN46,0.3,46.0,14.635,uneyama_doi,Uneyama-Doi,not_applicable,4.1805868249051334,4.886019697349899,-0.14437782001316557,0.14437782001316557,0.01267705819035856,0.9990274205440166,0.9997421086688519,0.99609375,false,1.3372717398569318,BootstrapLocal,16,true,false,true,true,true,true,true,0.01020480322394686,0.9861663993023403,0.30000000000004867,-5.961686921868061,7.455994449062264e-7,2.2785045834528006e-6,mean-constrained fused-spectral L-BFGS with profile continuation,,Polyorder.Successful(),1.8175884059351872e-7,6.831632644784734e-7,0.1,0.10179207702812289,0.01,"Anderson(SD(0.1); m=10, warmup=100, αw=0.2)","VariableCell(BB(1.0), field_updater)",128,,,,,,1,,,,,,,,cases/f0.3_chiN46/native_profiles.csv#model=uneyama_doi,accepted,model_gates_pass,
liu2019-stress-free-period-map-v2,stress_free_lamellar_observable,f0.3_chiN46,0.3,46.0,14.635,burp_ti,BURP-TI,not_applicable,3.9997543087758793,4.886019697349899,-0.18138800976482272,0.18138800976482272,0.01228153191062997,0.9990871630611702,0.9996095806774336,0.99609375,false,1.2794276563358673,BoundedKKTNewtonGMRES+AnalyticStressRoot,1,true,false,true,true,true,true,true,1.0000000000324176e-6,0.9999989999999989,0.29999999999999993,-6.5570076365719165,0.0003653696607975029,0.001150981661702133,bounded-KKT Newton-GMRES,1.8875742600453604e-5,Polyorder.Successful(),1.8175884059351872e-7,6.831632644784734e-7,0.1,0.10179207702812289,0.01,"Anderson(SD(0.1); m=10, warmup=100, αw=0.2)","VariableCell(BB(1.0), field_updater)",128,64,,,,256,1,,,,,,,,cases/f0.3_chiN46/native_profiles.csv#model=burp_ti,accepted,model_gates_pass,
liu2019-stress-free-period-map-v2,stress_free_lamellar_observable,f0.3_chiN46,0.3,46.0,14.635,bvk2,BVK2,frozen_c2_evaluation,4.864388993144981,4.886019697349899,-0.004427060377314773,0.004427060377314773,0.015595241652524367,0.9985281202129952,0.9992803290586443,0.99609375,false,1.556004026384863,FilteredUDThetaAnalyticCellStressRoot,11,true,false,true,true,true,true,true,1.0002673504297768e-5,0.9950563839646387,0.30000000000000016,-7.757978222156768,1.561640702345416e-11,6.653158588653357e-11,oversampled filtered UD-theta L-BFGS with cosine-Newton polish,8.91543816550211e-9,Polyorder.Successful(),1.8175884059351872e-7,6.831632644784734e-7,0.1,0.10179207702812289,0.01,"Anderson(SD(0.1); m=10, warmup=100, αw=0.2)","VariableCell(BB(1.0), field_updater)",256,,2,12.0,ud-theta-spectral-adaptive-k-physical-sensor-filter-oversampled-v2,,,0.16,,,,,,,cases/f0.3_chiN46/native_profiles.csv#model=bvk2,accepted,model_gates_pass,
liu2019-stress-free-period-map-v2,stress_free_lamellar_observable,f0.3_chiN46,0.3,46.0,14.635,ohta_kawasaki,Ohta-Kawasaki (recomputed),liu2019_ok_asymptotic_quadratic_extrapolated_c3_c4,3.8827739448461616,4.886019697349899,-0.20532986247433305,0.20532986247433305,0.09081071181143803,0.9500929058538048,0.983564445509897,0.0,false,1.2014002785086633,StressRootBisection,108,true,false,true,true,true,true,true,0.010047948254857608,0.8449944072614517,0.29999999999999993,-8.425484602415402,3.7781832123043866e-6,8.60803865165849e-6,mean-constrained Fourier nonlinear conjugate gradient,2.0033774600489718e-8,Polyorder.Successful(),1.8175884059351872e-7,6.831632644784734e-7,0.1,0.10179207702812289,0.01,"Anderson(SD(0.1); m=10, warmup=100, αw=0.2)","VariableCell(BB(1.0), field_updater)",128,,,,,,,,-40.364275993570644,-65.2574240047879,132.12204441785616,1.1904761904761905,17.006802721088437,,cases/f0.3_chiN46/native_profiles.csv#model=ohta_kawasaki,accepted,model_gates_pass,
liu2019-stress-free-period-map-v2,stress_free_lamellar_observable,f0.3_chiN47,0.3,47.0,14.635,scft,SCFT,reference,4.910147943448713,4.910147943448713,0.0,0.0,0.0,1.0,1.0,0.0,false,,Polyorder.cell_solve!,158,true,false,true,true,true,true,true,3.850086235416716e-5,0.9943896343423826,0.3000000000000004,4.602851692412685,,,not_applicable,5.264436743077494e-6,Polyorder.Successful(),1.9682126283388968e-7,6.387338855411149e-7,0.1,0.10229474882184819,0.01,"Anderson(SD(0.1); m=10, warmup=100, αw=0.2)","VariableCell(BB(1.0), field_updater)",48,,,,Polyorder pseudospectral SCFT,,,,,,,,,,cases/f0.3_chiN47/native_profiles.csv#model=scft,accepted,reference_gates_pass,
liu2019-stress-free-period-map-v2,stress_free_lamellar_observable,f0.3_chiN47,0.3,47.0,14.635,liu2019_opf,OPF (force/stress mapped),per_state_force_stress_mapping,4.612496175341221,4.910147943448713,-0.060619714830513316,0.060619714830513316,0.13068902753418266,0.8971468540454076,0.9575241571930723,0.0,false,1.2636205673217773,StressRootBisection,48,true,false,true,true,true,true,true,-0.08268584558107939,0.9322791033029598,0.30000000000000004,-0.4413431332204775,6.663034043946115e-7,1.981832129016592e-6,mean-constrained Fourier nonlinear conjugate gradient,8.525284656278866e-9,Polyorder.Successful(),1.9682126283388968e-7,6.387338855411149e-7,0.1,0.10229474882184819,0.01,"Anderson(SD(0.1); m=10, warmup=100, αw=0.2)","VariableCell(BB(1.0), field_updater)",128,,,,,,,,-1.0,-1.0591222360837564,2.1531393716285128,0.02012100326897019,0.17664110513927483,0.12923223639716871,cases/f0.3_chiN47/native_profiles.csv#model=liu2019_opf,accepted,model_gates_pass,
liu2019-stress-free-period-map-v2,stress_free_lamellar_observable,f0.3_chiN47,0.3,47.0,14.635,uneyama_doi,Uneyama-Doi,not_applicable,4.192628544479491,4.910147943448713,-0.14612989409546429,0.14612989409546429,0.012185449580034946,0.99910582516902,0.9997596101841967,0.99609375,false,1.3411236037125367,BootstrapLocal,16,true,false,true,true,true,true,true,0.009637019114690592,0.986982547158188,0.3000000000004691,-6.2507597665747525,7.315811917753219e-7,2.0609568569529557e-6,mean-constrained fused-spectral L-BFGS with profile continuation,,Polyorder.Successful(),1.9682126283388968e-7,6.387338855411149e-7,0.1,0.10229474882184819,0.01,"Anderson(SD(0.1); m=10, warmup=100, αw=0.2)","VariableCell(BB(1.0), field_updater)",128,,,,,,1,,,,,,,,cases/f0.3_chiN47/native_profiles.csv#model=uneyama_doi,accepted,model_gates_pass,
liu2019-stress-free-period-map-v2,stress_free_lamellar_observable,f0.3_chiN47,0.3,47.0,14.635,burp_ti,BURP-TI,not_applicable,4.016484353599658,4.910147943448713,-0.18200339381655728,0.18200339381655728,0.012135458423863769,0.9991131468751419,0.9996218842019026,0.99609375,false,1.2847792055528573,BoundedKKTNewtonGMRES+AnalyticStressRoot,1,true,false,true,true,true,true,true,1.0e-6,0.9999989999999991,0.3,-6.862304663241807,0.0002835358912271065,0.0009349687683730679,bounded-KKT Newton-GMRES,2.0690958314459625e-6,Polyorder.Successful(),1.9682126283388968e-7,6.387338855411149e-7,0.1,0.10229474882184819,0.01,"Anderson(SD(0.1); m=10, warmup=100, αw=0.2)","VariableCell(BB(1.0), field_updater)",128,64,,,,256,1,,,,,,,,cases/f0.3_chiN47/native_profiles.csv#model=burp_ti,accepted,model_gates_pass,
liu2019-stress-free-period-map-v2,stress_free_lamellar_observable,f0.3_chiN47,0.3,47.0,14.635,bvk2,BVK2,frozen_c2_evaluation,4.889124614281346,4.910147943448713,-0.0042816080919553245,0.0042816080919553245,0.014992642226340384,0.9986463833676115,0.9993365135463836,0.5,false,1.56391637182795,FilteredUDThetaAnalyticCellStressRoot,11,true,false,true,true,true,true,true,7.646276060394124e-6,0.9956705323108174,0.2999999999999999,-8.124003992766381,1.830280999634844e-11,1.0114939214574405e-10,oversampled filtered UD-theta L-BFGS with cosine-Newton polish,6.019246878707918e-9,Polyorder.Successful(),1.9682126283388968e-7,6.387338855411149e-7,0.1,0.10229474882184819,0.01,"Anderson(SD(0.1); m=10, warmup=100, αw=0.2)","VariableCell(BB(1.0), field_updater)",256,,2,12.0,ud-theta-spectral-adaptive-k-physical-sensor-filter-oversampled-v2,,,0.16,,,,,,,cases/f0.3_chiN47/native_profiles.csv#model=bvk2,accepted,model_gates_pass,
liu2019-stress-free-period-map-v2,stress_free_lamellar_observable,f0.3_chiN47,0.3,47.0,14.635,ohta_kawasaki,Ohta-Kawasaki (recomputed),liu2019_ok_asymptotic_quadratic_extrapolated_c3_c4,3.898142652881887,4.910147943448713,-0.2061048469867548,0.2061048469867548,0.09115489855058712,0.9499620681439568,0.9835662308148624,0.0,false,1.2061556339263917,StressRootBisection,100,true,false,true,true,true,true,true,0.010366674660000075,0.8452052951516862,0.30000000000000004,-8.779984207675353,1.8424303603621698e-6,4.162782463623671e-6,mean-constrained Fourier nonlinear conjugate gradient,8.062841040508418e-8,Polyorder.Successful(),1.9682126283388968e-7,6.387338855411149e-7,0.1,0.10229474882184819,0.01,"Anderson(SD(0.1); m=10, warmup=100, αw=0.2)","VariableCell(BB(1.0), field_updater)",128,,,,,,,,-41.364275993570644,-67.54347452751475,136.38551194421564,1.1904761904761905,17.006802721088437,,cases/f0.3_chiN47/native_profiles.csv#model=ohta_kawasaki,accepted,model_gates_pass,
liu2019-stress-free-period-map-v2,stress_free_lamellar_observable,f0.3_chiN48,0.3,48.0,14.635,scft,SCFT,reference,4.934031301109509,4.934031301109509,0.0,0.0,0.0,1.0,1.0,0.0,false,,Polyorder.cell_solve!,111,true,false,true,true,true,true,true,3.1036780886855564e-5,0.9948375713166588,0.29999999999999977,4.645669260406493,,,not_applicable,3.5972216785750457e-6,Polyorder.Successful(),1.8783953502606352e-7,6.433681672007037e-7,0.1,0.09868062602219017,0.01,"Anderson(SD(0.1); m=10, warmup=100, αw=0.2)","VariableCell(BB(1.0), field_updater)",50,,,,Polyorder pseudospectral SCFT,,,,,,,,,,cases/f0.3_chiN48/native_profiles.csv#model=scft,accepted,reference_gates_pass,
liu2019-stress-free-period-map-v2,stress_free_lamellar_observable,f0.3_chiN48,0.3,48.0,14.635,liu2019_opf,OPF (force/stress mapped),per_state_force_stress_mapping,4.641179799200677,4.934031301109509,-0.059353393612030514,0.059353393612030514,0.13232533822035106,0.8950994187277869,0.9565776704930447,0.0,false,1.270986557006836,StressRootBisection,47,true,false,true,true,true,true,true,-0.08268542868793655,0.9324764327753361,0.3,-0.44905865686673396,3.483097343519537e-7,8.341211470141996e-7,mean-constrained Fourier nonlinear conjugate gradient,5.003394465878853e-8,Polyorder.Successful(),1.8783953502606352e-7,6.433681672007037e-7,0.1,0.09868062602219017,0.01,"Anderson(SD(0.1); m=10, warmup=100, αw=0.2)","VariableCell(BB(1.0), field_updater)",128,,,,,,,,-1.0,-1.0649027726226918,2.1610246632645542,0.019384851105562626,0.16991518718642956,0.12916157148053367,cases/f0.3_chiN48/native_profiles.csv#model=liu2019_opf,accepted,model_gates_pass,
liu2019-stress-free-period-map-v2,stress_free_lamellar_observable,f0.3_chiN48,0.3,48.0,14.635,uneyama_doi,Uneyama-Doi,not_applicable,4.205031612033524,4.934031301109509,-0.14774930368035066,0.14774930368035066,0.011719977684321054,0.9991771030762642,0.9997804566680935,0.99609375,false,1.3450910543174939,BootstrapLocal,16,true,false,true,true,true,true,true,0.009114621133197151,0.987729595942545,0.30000000000004545,-6.543851615410445,9.403795987546992e-7,2.88646088297817e-6,mean-constrained fused-spectral L-BFGS with profile continuation,,Polyorder.Successful(),1.8783953502606352e-7,6.433681672007037e-7,0.1,0.09868062602219017,0.01,"Anderson(SD(0.1); m=10, warmup=100, αw=0.2)","VariableCell(BB(1.0), field_updater)",128,,,,,,1,,,,,,,,cases/f0.3_chiN48/native_profiles.csv#model=uneyama_doi,accepted,model_gates_pass,
liu2019-stress-free-period-map-v2,stress_free_lamellar_observable,f0.3_chiN48,0.3,48.0,14.635,burp_ti,BURP-TI,not_applicable,4.033261451917839,4.934031301109509,-0.1825626539882541,0.1825626539882541,0.012112198623908926,0.9991211032927504,0.9996228971643607,0.99609375,false,1.2901458060798572,BoundedKKTNewtonGMRES+AnalyticStressRoot,1,true,false,true,true,true,true,true,1.0e-6,0.999998999999999,0.29999999999999993,-7.171333812687486,0.0002155821881255504,0.0007288938571861081,bounded-KKT Newton-GMRES,8.624569501793488e-6,Polyorder.Successful(),1.8783953502606352e-7,6.433681672007037e-7,0.1,0.09868062602219017,0.01,"Anderson(SD(0.1); m=10, warmup=100, αw=0.2)","VariableCell(BB(1.0), field_updater)",128,64,,,,256,1,,,,,,,,cases/f0.3_chiN48/native_profiles.csv#model=burp_ti,accepted,model_gates_pass,
liu2019-stress-free-period-map-v2,stress_free_lamellar_observable,f0.3_chiN48,0.3,48.0,14.635,bvk2,BVK2,frozen_c2_evaluation,4.913137728608014,4.934031301109509,-0.0042345845063440635,0.0042345845063440635,0.014928921278704958,0.9986647926165869,0.999344316881094,0.5,false,1.5715976042768747,FilteredUDThetaAnalyticCellStressRoot,12,true,false,true,true,true,true,true,5.838724318049781e-6,0.9961954658473314,0.2999999999999999,-8.494042811168487,5.8010492295908544e-8,1.9600862225508545e-7,oversampled filtered UD-theta L-BFGS with cosine-Newton polish,9.899192576767746e-11,Polyorder.Successful(),1.8783953502606352e-7,6.433681672007037e-7,0.1,0.09868062602219017,0.01,"Anderson(SD(0.1); m=10, warmup=100, αw=0.2)","VariableCell(BB(1.0), field_updater)",256,,2,12.0,ud-theta-spectral-adaptive-k-physical-sensor-filter-oversampled-v2,,,0.16,,,,,,,cases/f0.3_chiN48/native_profiles.csv#model=bvk2,accepted,model_gates_pass,
liu2019-stress-free-period-map-v2,stress_free_lamellar_observable,f0.3_chiN48,0.3,48.0,14.635,ohta_kawasaki,Ohta-Kawasaki (recomputed),liu2019_ok_asymptotic_quadratic_extrapolated_c3_c4,3.913298475513637,4.934031301109509,-0.20687603367379148,0.20687603367379148,0.09167933503171544,0.9496459069037516,0.983490164120003,0.0,false,1.2108451187610627,StressRootBisection,106,true,false,true,true,true,true,true,0.01070776521466793,0.8453774332145214,0.29999999999999993,-9.137416422609395,2.8382995485094277e-6,6.645460805643211e-6,mean-constrained Fourier nonlinear conjugate gradient,2.1137882491750512e-8,Polyorder.Successful(),1.8783953502606352e-7,6.433681672007037e-7,0.1,0.09868062602219017,0.01,"Anderson(SD(0.1); m=10, warmup=100, αw=0.2)","VariableCell(BB(1.0), field_updater)",128,,,,,,,,-42.364275993570644,-69.8448090502416,140.66980059057514,1.1904761904761905,17.006802721088437,,cases/f0.3_chiN48/native_profiles.csv#model=ohta_kawasaki,accepted,model_gates_pass,
liu2019-stress-free-period-map-v2,stress_free_lamellar_observable,f0.3_chiN49,0.3,49.0,14.635,scft,SCFT,reference,4.957310202351636,4.957310202351636,0.0,0.0,0.0,1.0,1.0,0.0,false,,Polyorder.cell_solve!,82,true,false,true,true,true,true,true,2.5070518038984823e-5,0.9952433439101293,0.30000000000000104,4.687720078873923,,,not_applicable,3.1475660912561945e-6,Polyorder.Successful(),1.763587312169608e-7,6.832114308375692e-7,0.1,0.09914620404703273,0.01,"Anderson(SD(0.1); m=10, warmup=100, αw=0.2)","VariableCell(BB(1.0), field_updater)",50,,,,Polyorder pseudospectral SCFT,,,,,,,,,,cases/f0.3_chiN49/native_profiles.csv#model=scft,accepted,reference_gates_pass,
liu2019-stress-free-period-map-v2,stress_free_lamellar_observable,f0.3_chiN49,0.3,49.0,14.635,liu2019_opf,OPF (force/stress mapped),per_state_force_stress_mapping,4.665567225284417,4.957310202351636,-0.058851063411126225,0.058851063411126225,0.1336511395714997,0.8934678955551816,0.9558273841900614,0.0,false,1.2770587921142575,StressRootBisection,47,true,false,true,true,true,true,true,-0.08278984075957313,0.9328184943370674,0.3,-0.45563310520318734,6.916783150731307e-7,1.701551137600621e-6,mean-constrained Fourier nonlinear conjugate gradient,8.077474012686946e-9,Polyorder.Successful(),1.763587312169608e-7,6.832114308375692e-7,0.1,0.09914620404703273,0.01,"Anderson(SD(0.1); m=10, warmup=100, αw=0.2)","VariableCell(BB(1.0), field_updater)",128,,,,,,,,-1.0,-1.0694720406579061,2.166350480928019,0.018812321483055266,0.1645840044701498,0.128758626686937,cases/f0.3_chiN49/native_profiles.csv#model=liu2019_opf,accepted,model_gates_pass,
liu2019-stress-free-period-map-v2,stress_free_lamellar_observable,f0.3_chiN49,0.3,49.0,14.635,uneyama_doi,Uneyama-Doi,not_applicable,4.216969379945111,4.957310202351636,-0.14934325111535784,0.14934325111535784,0.011303520685685436,0.9992379865432437,0.9997937713307145,0.99609375,false,1.3489096664726183,BootstrapLocal,16,true,false,true,true,true,true,true,0.00863160678655171,0.988413436489093,0.30000000000000354,-6.839617320695505,9.152221190523906e-7,2.2466328275516645e-6,mean-constrained fused-spectral L-BFGS with profile continuation,,Polyorder.Successful(),1.763587312169608e-7,6.832114308375692e-7,0.1,0.09914620404703273,0.01,"Anderson(SD(0.1); m=10, warmup=100, αw=0.2)","VariableCell(BB(1.0), field_updater)",128,,,,,,1,,,,,,,,cases/f0.3_chiN49/native_profiles.csv#model=uneyama_doi,accepted,model_gates_pass,
liu2019-stress-free-period-map-v2,stress_free_lamellar_observable,f0.3_chiN49,0.3,49.0,14.635,burp_ti,BURP-TI,not_applicable,4.050013450760869,4.957310202351636,-0.18302198461584385,0.18302198461584385,0.012024047530825057,0.999137743369459,0.9996309182241674,0.99609375,false,1.2955043778730428,BoundedKKTNewtonGMRES+AnalyticStressRoot,1,true,false,true,true,true,true,true,1.0e-6,0.9999989999999992,0.30000000000000004,-7.483939411005744,0.00035897155583257336,0.0007442648884961045,bounded-KKT Newton-GMRES,4.651867627749928e-6,Polyorder.Successful(),1.763587312169608e-7,6.832114308375692e-7,0.1,0.09914620404703273,0.01,"Anderson(SD(0.1); m=10, warmup=100, αw=0.2)","VariableCell(BB(1.0), field_updater)",128,64,,,,256,1,,,,,,,,cases/f0.3_chiN49/native_profiles.csv#model=burp_ti,accepted,model_gates_pass,
liu2019-stress-free-period-map-v2,stress_free_lamellar_observable,f0.3_chiN49,0.3,49.0,14.635,bvk2,BVK2,frozen_c2_evaluation,4.9364883509371875,4.957310202351636,-0.0042002316910835225,0.0042002316910835225,0.014547448872618067,0.9987378561570196,0.9993789166403021,0.0,false,1.5790669210634203,FilteredUDThetaAnalyticCellStressRoot,11,true,false,true,true,true,true,true,4.457476006214495e-6,0.9966488846373863,0.29999999999999993,-8.86797301648254,1.6624398240054427e-11,6.110159401100565e-11,oversampled filtered UD-theta L-BFGS with cosine-Newton polish,1.4033791906342685e-9,Polyorder.Successful(),1.763587312169608e-7,6.832114308375692e-7,0.1,0.09914620404703273,0.01,"Anderson(SD(0.1); m=10, warmup=100, αw=0.2)","VariableCell(BB(1.0), field_updater)",256,,2,12.0,ud-theta-spectral-adaptive-k-physical-sensor-filter-oversampled-v2,,,0.16,,,,,,,cases/f0.3_chiN49/native_profiles.csv#model=bvk2,accepted,model_gates_pass,
liu2019-stress-free-period-map-v2,stress_free_lamellar_observable,f0.3_chiN49,0.3,49.0,14.635,ohta_kawasaki,Ohta-Kawasaki (recomputed),liu2019_ok_asymptotic_quadratic_extrapolated_c3_c4,3.9282489977320525,4.957310202351636,-0.20758458975018756,0.20758458975018756,0.09201114645815105,0.9495087574966493,0.9834897585547491,0.0,false,1.2154710799455648,StressRootBisection,108,true,false,true,true,true,true,true,0.011034308350652444,0.8455157054927123,0.29999999999999993,-9.497709062059121,3.440292902608625e-6,8.145341652721072e-6,mean-constrained Fourier nonlinear conjugate gradient,3.915388139200125e-8,Polyorder.Successful(),1.763587312169608e-7,6.832114308375692e-7,0.1,0.09914620404703273,0.01,"Anderson(SD(0.1); m=10, warmup=100, αw=0.2)","VariableCell(BB(1.0), field_updater)",128,,,,,,,,-43.364275993570644,-72.16142757296845,144.97491035693466,1.1904761904761905,17.006802721088437,,cases/f0.3_chiN49/native_profiles.csv#model=ohta_kawasaki,accepted,model_gates_pass,
liu2019-stress-free-period-map-v2,stress_free_lamellar_observable,f0.3_chiN50,0.3,50.0,14.635,scft,SCFT,reference,4.980186896815921,4.980186896815921,0.0,0.0,0.0,1.0,1.0,0.0,false,,Polyorder.cell_solve!,179,true,false,true,true,true,true,true,2.029600854794829e-5,0.9956128756845529,0.29999999999999943,4.729027154331636,,,not_applicable,6.981752142635008e-7,Polyorder.Successful(),8.12519602580374e-7,5.134521451140579e-7,0.1,0.09960373793631842,0.01,"Anderson(SD(0.1); m=10, warmup=100, αw=0.2)","VariableCell(BB(1.0), field_updater)",50,,,,Polyorder pseudospectral SCFT,,,,,,,,,,cases/f0.3_chiN50/native_profiles.csv#model=scft,accepted,reference_gates_pass,
liu2019-stress-free-period-map-v2,stress_free_lamellar_observable,f0.3_chiN50,0.3,50.0,14.635,liu2019_opf,OPF (force/stress mapped),per_state_force_stress_mapping,4.689600459028893,4.980186896815921,-0.05834850052973206,0.05834850052973206,0.13495623758543132,0.8918438657097101,0.9550809275584521,0.0,false,1.283086967468262,StressRootBisection,48,true,false,true,true,true,true,true,-0.082886392683647,0.9331440126892658,0.3,-0.4620704785729904,5.326843961658707e-7,1.3895714359446476e-6,mean-constrained Fourier nonlinear conjugate gradient,8.706869798834321e-8,Polyorder.Successful(),8.12519602580374e-7,5.134521451140579e-7,0.1,0.09960373793631842,0.01,"Anderson(SD(0.1); m=10, warmup=100, αw=0.2)","VariableCell(BB(1.0), field_updater)",128,,,,,,,,-1.0,-1.0738695931287798,2.1715102692887434,0.01826288998346415,0.15950341180029698,0.12835420036321937,cases/f0.3_chiN50/native_profiles.csv#model=liu2019_opf,accepted,model_gates_pass,
liu2019-stress-free-period-map-v2,stress_free_lamellar_observable,f0.3_chiN50,0.3,50.0,14.635,uneyama_doi,Uneyama-Doi,not_applicable,4.22875531022078,4.980186896815921,-0.15088421422006626,0.15088421422006626,0.01091809769354274,0.9992921207468273,0.999805650112226,0.99609375,false,1.3526797093268135,BootstrapLocal,16,true,false,true,true,true,true,true,0.008184876753773928,0.989041142732352,0.3000000000004461,-7.138424038829466,5.199521415969645e-7,1.2537071500950958e-6,mean-constrained fused-spectral L-BFGS with profile continuation,,Polyorder.Successful(),8.12519602580374e-7,5.134521451140579e-7,0.1,0.09960373793631842,0.01,"Anderson(SD(0.1); m=10, warmup=100, αw=0.2)","VariableCell(BB(1.0), field_updater)",128,,,,,,1,,,,,,,,cases/f0.3_chiN50/native_profiles.csv#model=uneyama_doi,accepted,model_gates_pass,
liu2019-stress-free-period-map-v2,stress_free_lamellar_observable,f0.3_chiN50,0.3,50.0,14.635,burp_ti,BURP-TI,not_applicable,4.065790874460244,4.980186896815921,-0.18360676844081814,0.18360676844081814,0.011911375059012822,0.9991574629041023,0.999639226043737,0.99609375,false,1.30055120592006,BoundedKKTNewtonGMRES+AnalyticStressRoot,1,true,false,true,true,true,true,true,1.0000000000555111e-6,0.999998999999999,0.30000000000000004,-7.798230819598537,0.00034972218858728073,0.0006925106750514942,bounded-KKT Newton-GMRES,2.370713866075626e-5,Polyorder.Successful(),8.12519602580374e-7,5.134521451140579e-7,0.1,0.09960373793631842,0.01,"Anderson(SD(0.1); m=10, warmup=100, αw=0.2)","VariableCell(BB(1.0), field_updater)",128,64,,,,256,1,,,,,,,,cases/f0.3_chiN50/native_profiles.csv#model=burp_ti,accepted,model_gates_pass,
liu2019-stress-free-period-map-v2,stress_free_lamellar_observable,f0.3_chiN50,0.3,50.0,14.635,bvk2,BVK2,frozen_c2_evaluation,4.959224189476028,4.980186896815921,-0.004209221014033759,0.004209221014033759,0.014160186132434182,0.9988092977995022,0.9994130752806143,0.0,false,1.5863395829248639,FilteredUDThetaAnalyticCellStressRoot,11,true,false,true,true,true,true,true,3.4036844068310673e-6,0.9970429564755597,0.2999999999999999,-9.245678551753556,3.4819167515027975e-11,1.4290070090249493e-10,oversampled filtered UD-theta L-BFGS with cosine-Newton polish,2.4584778657299466e-12,Polyorder.Successful(),8.12519602580374e-7,5.134521451140579e-7,0.1,0.09960373793631842,0.01,"Anderson(SD(0.1); m=10, warmup=100, αw=0.2)","VariableCell(BB(1.0), field_updater)",256,,2,12.0,ud-theta-spectral-adaptive-k-physical-sensor-filter-oversampled-v2,,,0.16,,,,,,,cases/f0.3_chiN50/native_profiles.csv#model=bvk2,accepted,model_gates_pass,
liu2019-stress-free-period-map-v2,stress_free_lamellar_observable,f0.3_chiN50,0.3,50.0,14.635,ohta_kawasaki,Ohta-Kawasaki (recomputed),liu2019_ok_asymptotic_quadratic_extrapolated_c3_c4,3.9430012988617285,4.980186896815921,-0.20826238441318667,0.20826238441318667,0.09233420533990734,0.9493720358678038,0.9834901297910977,0.0,false,1.2200357079505924,StressRootBisection,104,true,false,true,true,true,true,true,0.0113452981337826,0.8456243810612802,0.2999999999999999,-9.8607937737301,4.101534145144703e-6,1.0425770447852756e-5,mean-constrained Fourier nonlinear conjugate gradient,4.084284572213176e-8,Polyorder.Successful(),8.12519602580374e-7,5.134521451140579e-7,0.1,0.09960373793631842,0.01,"Anderson(SD(0.1); m=10, warmup=100, αw=0.2)","VariableCell(BB(1.0), field_updater)",128,,,,,,,,-44.364275993570644,-74.49333009569531,149.30084124329414,1.1904761904761905,17.006802721088437,,cases/f0.3_chiN50/native_profiles.csv#model=ohta_kawasaki,accepted,model_gates_pass,
liu2019-stress-free-period-map-v2,stress_free_lamellar_observable,f0.35_chiN36,0.35,36.0,12.562,scft,SCFT,reference,4.643039792555906,4.643039792555906,0.0,0.0,0.0,1.0,1.0,0.0,false,,Polyorder.cell_solve!,12,true,false,true,true,true,true,true,0.00029333956769665834,0.9923471469320849,0.3500000000000006,4.081740891917303,,,not_applicable,9.069841886877599e-7,Polyorder.Successful(),1.9115219052423967e-7,1.2058625795321729e-7,0.1,0.09286079585111812,0.01,"Anderson(SD(0.1); m=10, warmup=100, αw=0.2)","VariableCell(BB(1.0), field_updater)",50,,,,Polyorder pseudospectral SCFT,,,,,,,,,,cases/f0.35_chiN36/native_profiles.csv#model=scft,accepted,reference_gates_pass,
liu2019-stress-free-period-map-v2,stress_free_lamellar_observable,f0.35_chiN36,0.35,36.0,12.562,liu2019_opf,OPF (force/stress mapped),per_state_force_stress_mapping,4.516881956860715,4.643039792555906,-0.027171387998323415,0.027171387998323415,0.08344725585901146,0.9596786014848283,0.9821833225950817,0.0,false,1.1909840583801268,StressRootBisection,49,true,false,true,true,true,true,true,-0.053962042554634604,0.9417010331951798,0.3499999999999999,-0.37812620141617836,4.778424207297744e-7,1.5122060244288082e-6,mean-constrained Fourier nonlinear conjugate gradient,2.844121677118409e-8,Polyorder.Successful(),1.9115219052423967e-7,1.2058625795321729e-7,0.1,0.09286079585111812,0.01,"Anderson(SD(0.1); m=10, warmup=100, αw=0.2)","VariableCell(BB(1.0), field_updater)",128,,,,,,,,-1.0,-0.7349072612824836,2.008296453219241,0.02648881130641192,0.19954955919153292,0.10051037356866827,cases/f0.35_chiN36/native_profiles.csv#model=liu2019_opf,accepted,model_gates_pass,
liu2019-stress-free-period-map-v2,stress_free_lamellar_observable,f0.35_chiN36,0.35,36.0,12.562,uneyama_doi,Uneyama-Doi,not_applicable,3.8995859123647394,4.643039792555906,-0.1601222288430807,0.1601222288430807,0.017332087907415354,0.9982605448562626,0.9997824193707471,0.99609375,false,1.2289131900332924,BootstrapLocal,36,true,false,true,true,true,true,true,0.017839162501819966,0.9790220334884253,0.35000000000014925,-3.982595251698308,7.517698717202985e-7,1.9013703916881397e-6,mean-constrained fused-spectral L-BFGS with profile continuation,,Polyorder.Successful(),1.9115219052423967e-7,1.2058625795321729e-7,0.1,0.09286079585111812,0.01,"Anderson(SD(0.1); m=10, warmup=100, αw=0.2)","VariableCell(BB(1.0), field_updater)",128,,,,,,1,,,,,,,,cases/f0.35_chiN36/native_profiles.csv#model=uneyama_doi,accepted,model_gates_pass,
liu2019-stress-free-period-map-v2,stress_free_lamellar_observable,f0.35_chiN36,0.35,36.0,12.562,burp_ti,BURP-TI,not_applicable,3.7527994053844314,4.643039792555906,-0.1917365404877166,0.1917365404877166,0.012672710988809791,0.9990700694212514,0.99968718484352,0.99609375,false,1.1826549773407489,BoundedKKTNewtonGMRES+AnalyticStressRoot,3,true,false,true,true,true,true,true,1.0000000000277555e-6,0.9997799431596254,0.35,-4.784743577616663,0.00048269235063808216,0.0011599496941752108,bounded-KKT Newton-GMRES,7.817732445397568e-6,Polyorder.Successful(),1.9115219052423967e-7,1.2058625795321729e-7,0.1,0.09286079585111812,0.01,"Anderson(SD(0.1); m=10, warmup=100, αw=0.2)","VariableCell(BB(1.0), field_updater)",128,64,,,,256,1,,,,,,,,cases/f0.35_chiN36/native_profiles.csv#model=burp_ti,accepted,model_gates_pass,
liu2019-stress-free-period-map-v2,stress_free_lamellar_observable,f0.35_chiN36,0.35,36.0,12.562,bvk2,BVK2,frozen_c2_evaluation,4.617410726679804,4.643039792555906,-0.0055198893443025865,0.0055198893443025865,0.016092157116682528,0.9985005223530163,0.9992587002941034,0.0,false,1.4551280759902585,FilteredUDThetaAnalyticCellStressRoot,29,true,false,true,true,true,true,true,9.710088025449685e-5,0.9939582202883136,0.35,-5.635423019867684,2.2735773215754605e-11,1.0103479889634234e-10,oversampled filtered UD-theta L-BFGS with cosine-Newton polish,1.5276668818842154e-13,Polyorder.Successful(),1.9115219052423967e-7,1.2058625795321729e-7,0.1,0.09286079585111812,0.01,"Anderson(SD(0.1); m=10, warmup=100, αw=0.2)","VariableCell(BB(1.0), field_updater)",256,,2,12.0,ud-theta-spectral-adaptive-k-physical-sensor-filter-oversampled-v2,,,0.16,,,,,,,cases/f0.35_chiN36/native_profiles.csv#model=bvk2,accepted,model_gates_pass,
liu2019-stress-free-period-map-v2,stress_free_lamellar_observable,f0.35_chiN36,0.35,36.0,12.562,ohta_kawasaki,Ohta-Kawasaki (recomputed),liu2019_ok_asymptotic_quadratic_extrapolated_c3_c4,3.744327768330965,4.643039792555906,-0.19356112899696198,0.19356112899696198,0.10255391615787228,0.9391001860385167,0.9941237815815667,0.0,false,1.1356093347072602,StressRootBisection,107,true,false,true,true,true,true,true,0.05772023547872507,0.8323886029346792,0.35000000000000003,-4.808156637850848,7.949753428241096e-6,1.858272903376701e-5,mean-constrained Fourier nonlinear conjugate gradient,8.777452748149926e-8,Polyorder.Successful(),1.9115219052423967e-7,1.2058625795321729e-7,0.1,0.09286079585111812,0.01,"Anderson(SD(0.1); m=10, warmup=100, αw=0.2)","VariableCell(BB(1.0), field_updater)",128,,,,,,,,-31.419018059533183,-37.51548928436896,102.64235326089837,1.098901098901099,14.491003501992514,,cases/f0.35_chiN36/native_profiles.csv#model=ohta_kawasaki,accepted,model_gates_pass,
liu2019-stress-free-period-map-v2,stress_free_lamellar_observable,f0.35_chiN37,0.35,37.0,12.562,scft,SCFT,reference,4.67289994818811,4.67289994818811,0.0,0.0,0.0,1.0,1.0,0.0,false,,Polyorder.cell_solve!,298,true,false,true,true,true,true,true,0.00023918723345021028,0.9931193252388525,0.34999999999999964,4.135319544970148,,,not_applicable,3.176003736035869e-7,Polyorder.Successful(),1.9988505164036879e-7,1.2844514166726835e-7,0.1,0.09735208225391896,0.01,"Anderson(SD(0.1); m=10, warmup=100, αw=0.2)","VariableCell(BB(1.0), field_updater)",48,,,,Polyorder pseudospectral SCFT,,,,,,,,,,cases/f0.35_chiN37/native_profiles.csv#model=scft,accepted,reference_gates_pass,
liu2019-stress-free-period-map-v2,stress_free_lamellar_observable,f0.35_chiN37,0.35,37.0,12.562,liu2019_opf,OPF (force/stress mapped),per_state_force_stress_mapping,4.548328989849569,4.67289994818811,-0.02665816938512522,0.02665816938512522,0.08474204302667429,0.9587158695636188,0.9817403778716975,0.0,false,1.1977632522583006,StressRootBisection,48,true,false,true,true,true,true,true,-0.05430441521074736,0.9422462734530103,0.34999999999999987,-0.3864636667455529,5.014403859547722e-7,1.1075761038592535e-6,mean-constrained Fourier nonlinear conjugate gradient,7.133970295525092e-8,Polyorder.Successful(),1.9988505164036879e-7,1.2844514166726835e-7,0.1,0.09735208225391896,0.01,"Anderson(SD(0.1); m=10, warmup=100, αw=0.2)","VariableCell(BB(1.0), field_updater)",128,,,,,,,,-1.0,-0.7393257856960156,2.0140987336114518,0.025534831748873256,0.1913942694917767,0.10022561618387187,cases/f0.35_chiN37/native_profiles.csv#model=liu2019_opf,accepted,model_gates_pass,
liu2019-stress-free-period-map-v2,stress_free_lamellar_observable,f0.35_chiN37,0.35,37.0,12.562,uneyama_doi,Uneyama-Doi,not_applicable,3.9125704680699993,4.67289994818811,-0.1627104129231195,0.1627104129231195,0.01654556260599084,0.9984262042802223,0.9997868808538986,0.99609375,false,1.2330051352119638,BootstrapLocal,16,true,false,true,true,true,true,true,0.016716404680103686,0.9805850483117025,0.35000000000028336,-4.253709022912371,7.974225410077871e-7,1.9792681575925286e-6,mean-constrained fused-spectral L-BFGS with profile continuation,,Polyorder.Successful(),1.9988505164036879e-7,1.2844514166726835e-7,0.1,0.09735208225391896,0.01,"Anderson(SD(0.1); m=10, warmup=100, αw=0.2)","VariableCell(BB(1.0), field_updater)",128,,,,,,1,,,,,,,,cases/f0.35_chiN37/native_profiles.csv#model=uneyama_doi,accepted,model_gates_pass,
liu2019-stress-free-period-map-v2,stress_free_lamellar_observable,f0.35_chiN37,0.35,37.0,12.562,burp_ti,BURP-TI,not_applicable,3.7725031310050094,4.67289994818811,-0.19268480540274024,0.19268480540274024,0.012714656489577323,0.9990706173854704,0.9996878283707792,0.99609375,false,1.1888643977387319,BoundedKKTNewtonGMRES+AnalyticStressRoot,1,true,false,true,true,true,true,true,1.0000000000277555e-6,0.9999966319253016,0.3499999999999999,-5.086200321821794,0.0004312989886235464,0.0010171928608198044,bounded-KKT Newton-GMRES,9.179795575425313e-6,Polyorder.Successful(),1.9988505164036879e-7,1.2844514166726835e-7,0.1,0.09735208225391896,0.01,"Anderson(SD(0.1); m=10, warmup=100, αw=0.2)","VariableCell(BB(1.0), field_updater)",128,64,,,,256,1,,,,,,,,cases/f0.35_chiN37/native_profiles.csv#model=burp_ti,accepted,model_gates_pass,
liu2019-stress-free-period-map-v2,stress_free_lamellar_observable,f0.35_chiN37,0.35,37.0,12.562,bvk2,BVK2,frozen_c2_evaluation,4.647970685249418,4.67289994818811,-0.005334859127116287,0.005334859127116287,0.01516819731889788,0.9986773247696297,0.99934614246824,0.49609375,false,1.4647587231966683,FilteredUDThetaAnalyticCellStressRoot,13,true,false,true,true,true,true,true,7.267910470104162e-5,0.9947484509063067,0.35,-5.998503675863641,4.120414598730257e-8,1.0416062718101592e-7,oversampled filtered UD-theta L-BFGS with cosine-Newton polish,7.072153085374566e-9,Polyorder.Successful(),1.9988505164036879e-7,1.2844514166726835e-7,0.1,0.09735208225391896,0.01,"Anderson(SD(0.1); m=10, warmup=100, αw=0.2)","VariableCell(BB(1.0), field_updater)",256,,2,12.0,ud-theta-spectral-adaptive-k-physical-sensor-filter-oversampled-v2,,,0.16,,,,,,,cases/f0.35_chiN37/native_profiles.csv#model=bvk2,accepted,model_gates_pass,
liu2019-stress-free-period-map-v2,stress_free_lamellar_observable,f0.35_chiN37,0.35,37.0,12.562,ohta_kawasaki,Ohta-Kawasaki (recomputed),liu2019_ok_asymptotic_quadratic_extrapolated_c3_c4,3.7607624735500687,4.67289994818811,-0.19519730461845597,0.19519730461845597,0.10311706941836513,0.9388711247327614,0.9941964364387654,0.0,false,1.140593782067299,StressRootBisection,107,true,false,true,true,true,true,true,0.058227293345282594,0.832568078921331,0.35000000000000003,-5.069394152615016,4.207551339094393e-6,8.317164896354257e-6,mean-constrained Fourier nonlinear conjugate gradient,3.047488048270469e-8,Polyorder.Successful(),1.9988505164036879e-7,1.2844514166726835e-7,0.1,0.09735208225391896,0.01,"Anderson(SD(0.1); m=10, warmup=100, αw=0.2)","VariableCell(BB(1.0), field_updater)",128,,,,,,,,-32.41901805953319,-39.22198929679369,106.96446447382074,1.098901098901099,14.491003501992514,,cases/f0.35_chiN37/native_profiles.csv#model=ohta_kawasaki,accepted,model_gates_pass,
liu2019-stress-free-period-map-v2,stress_free_lamellar_observable,f0.35_chiN38,0.35,38.0,12.562,scft,SCFT,reference,4.70193100503491,4.70193100503491,0.0,0.0,0.0,1.0,1.0,0.0,false,,Polyorder.cell_solve!,405,true,false,true,true,true,true,true,0.00019918917424391176,0.9936679139171364,0.3500000000000003,4.187608609561551,,,not_applicable,1.3137618935255005e-6,Polyorder.Successful(),1.4717985010414695e-7,6.070160604486149e-7,0.1,0.0979568959382273,0.01,"Anderson(SD(0.1); m=10, warmup=100, αw=0.2)","VariableCell(BB(1.0), field_updater)",48,,,,Polyorder pseudospectral SCFT,,,,,,,,,,cases/f0.35_chiN38/native_profiles.csv#model=scft,accepted,reference_gates_pass,
liu2019-stress-free-period-map-v2,stress_free_lamellar_observable,f0.35_chiN38,0.35,38.0,12.562,liu2019_opf,OPF (force/stress mapped),per_state_force_stress_mapping,4.578503892602349,4.70193100503491,-0.026250302758673683,0.026250302758673683,0.085955741262711,0.9578260493312646,0.981315887983881,0.0078125,false,1.20430212020874,StressRootBisection,49,true,false,true,true,true,true,true,-0.05464610485639937,0.9427852588420558,0.35000000000000003,-0.3944069203623867,5.166529001668743e-7,9.892601367245124e-7,mean-constrained Fourier nonlinear conjugate gradient,6.825699094457736e-8,Polyorder.Successful(),1.4717985010414695e-7,6.070160604486149e-7,0.1,0.0979568959382273,0.01,"Anderson(SD(0.1); m=10, warmup=100, αw=0.2)","VariableCell(BB(1.0), field_updater)",128,,,,,,,,-1.0,-0.7434221593980197,2.019334001392592,0.02465625672039245,0.18394757609351486,0.0998632607653841,cases/f0.35_chiN38/native_profiles.csv#model=liu2019_opf,accepted,model_gates_pass,
liu2019-stress-free-period-map-v2,stress_free_lamellar_observable,f0.35_chiN38,0.35,38.0,12.562,uneyama_doi,Uneyama-Doi,not_applicable,3.9265754427864614,4.70193100503491,-0.16490151842257672,0.16490151842257672,0.01566447410526423,0.9985993612281817,0.9998119190168425,0.00390625,false,1.2374186546322106,BootstrapLocal,16,true,false,true,true,true,true,true,0.015705553045944905,0.9819845085996427,0.3500000000001469,-4.530693783485569,6.454844676987426e-7,1.7707341144479471e-6,mean-constrained fused-spectral L-BFGS with profile continuation,,Polyorder.Successful(),1.4717985010414695e-7,6.070160604486149e-7,0.1,0.0979568959382273,0.01,"Anderson(SD(0.1); m=10, warmup=100, αw=0.2)","VariableCell(BB(1.0), field_updater)",128,,,,,,1,,,,,,,,cases/f0.35_chiN38/native_profiles.csv#model=uneyama_doi,accepted,model_gates_pass,
liu2019-stress-free-period-map-v2,stress_free_lamellar_observable,f0.35_chiN38,0.35,38.0,12.562,burp_ti,BURP-TI,not_applicable,3.7924011534258,4.70193100503491,-0.19343751548782184,0.19343751548782184,0.012446536471980817,0.9991157164665033,0.9997071450696022,0.00390625,false,1.1951350487150196,BoundedKKTNewtonGMRES+AnalyticStressRoot,1,true,false,true,true,true,true,true,1.0e-6,0.9999989999999993,0.3499999999999999,-5.392775916809456,0.00038035728325095536,0.000977713349264775,bounded-KKT Newton-GMRES,1.9752711820375213e-6,Polyorder.Successful(),1.4717985010414695e-7,6.070160604486149e-7,0.1,0.0979568959382273,0.01,"Anderson(SD(0.1); m=10, warmup=100, αw=0.2)","VariableCell(BB(1.0), field_updater)",128,64,,,,256,1,,,,,,,,cases/f0.35_chiN38/native_profiles.csv#model=burp_ti,accepted,model_gates_pass,
liu2019-stress-free-period-map-v2,stress_free_lamellar_observable,f0.35_chiN38,0.35,38.0,12.562,bvk2,BVK2,frozen_c2_evaluation,4.677626666938169,4.70193100503491,-0.005169012065620704,0.005169012065620704,0.015703763908732682,0.9985923262219433,0.9993030019144964,0.00390625,false,1.4741044916653492,FilteredUDThetaAnalyticCellStressRoot,11,true,false,true,true,true,true,true,5.447746638968902e-5,0.9954290526627917,0.34999999999999987,-6.36714270864114,2.7386420668112097e-11,1.0944274512979157e-10,oversampled filtered UD-theta L-BFGS with cosine-Newton polish,4.3720582709738665e-12,Polyorder.Successful(),1.4717985010414695e-7,6.070160604486149e-7,0.1,0.0979568959382273,0.01,"Anderson(SD(0.1); m=10, warmup=100, αw=0.2)","VariableCell(BB(1.0), field_updater)",256,,2,12.0,ud-theta-spectral-adaptive-k-physical-sensor-filter-oversampled-v2,,,0.16,,,,,,,cases/f0.35_chiN38/native_profiles.csv#model=bvk2,accepted,model_gates_pass,
liu2019-stress-free-period-map-v2,stress_free_lamellar_observable,f0.35_chiN38,0.35,38.0,12.562,ohta_kawasaki,Ohta-Kawasaki (recomputed),liu2019_ok_asymptotic_quadratic_extrapolated_c3_c4,3.7769384100092736,4.70193100503491,-0.19672610976961136,0.19672610976961136,0.10374310428396119,0.9385654071820607,0.994265663595132,0.0078125,false,1.145499747991562,StressRootBisection,107,true,false,true,true,true,true,true,0.05869429905062351,0.8326580125945424,0.35,-5.332549738387819,2.5307663580975233e-6,7.476589182431326e-6,mean-constrained Fourier nonlinear conjugate gradient,3.983842669159883e-8,Polyorder.Successful(),1.4717985010414695e-7,6.070160604486149e-7,0.1,0.0979568959382273,0.01,"Anderson(SD(0.1); m=10, warmup=100, αw=0.2)","VariableCell(BB(1.0), field_updater)",128,,,,,,,,-33.41901805953319,-40.94152599671839,111.3167415879931,1.098901098901099,14.491003501992514,,cases/f0.35_chiN38/native_profiles.csv#model=ohta_kawasaki,accepted,model_gates_pass,
liu2019-stress-free-period-map-v2,stress_free_lamellar_observable,f0.35_chiN39,0.35,39.0,12.562,scft,SCFT,reference,4.730206179200245,4.730206179200245,0.0,0.0,0.0,1.0,1.0,0.0,false,,Polyorder.cell_solve!,138,true,false,true,true,true,true,true,0.0001641580904130934,0.9942700502530918,0.34999999999999987,4.2386782259921745,,,not_applicable,1.886922267591106e-7,Polyorder.Successful(),1.99421476280634e-7,8.262110866754549e-7,0.1,0.09854596206667177,0.01,"Anderson(SD(0.1); m=10, warmup=100, αw=0.2)","VariableCell(BB(1.0), field_updater)",48,,,,Polyorder pseudospectral SCFT,,,,,,,,,,cases/f0.35_chiN39/native_profiles.csv#model=scft,accepted,reference_gates_pass,
liu2019-stress-free-period-map-v2,stress_free_lamellar_observable,f0.35_chiN39,0.35,39.0,12.562,liu2019_opf,OPF (force/stress mapped),per_state_force_stress_mapping,4.608197625950602,4.730206179200245,-0.025793495807041378,0.025793495807041378,0.08725270641526152,0.9568333570155297,0.9808436465158759,0.01171875,false,1.210828971862793,StressRootBisection,48,true,false,true,true,true,true,true,-0.05492115887237753,0.9432762416428011,0.35,-0.40216158769417965,4.7242868779759063e-7,1.4522816019491014e-6,mean-constrained Fourier nonlinear conjugate gradient,4.6437109006685074e-8,Polyorder.Successful(),1.99421476280634e-7,8.262110866754549e-7,0.1,0.09854596206667177,0.01,"Anderson(SD(0.1); m=10, warmup=100, αw=0.2)","VariableCell(BB(1.0), field_updater)",128,,,,,,,,-1.0,-0.747340967915772,2.024511694644054,0.023813348490821656,0.17690771507327138,0.09953175544622155,cases/f0.35_chiN39/native_profiles.csv#model=liu2019_opf,accepted,model_gates_pass,
liu2019-stress-free-period-map-v2,stress_free_lamellar_observable,f0.35_chiN39,0.35,39.0,12.562,uneyama_doi,Uneyama-Doi,not_applicable,3.9402166104719374,4.730206179200245,-0.16700954224829878,0.16700954224829878,0.015461141309273377,0.9986445810264907,0.9997797303574588,0.0078125,false,1.2417175241206306,BootstrapLocal,16,true,false,true,true,true,true,true,0.014776134096819672,0.9832385605528028,0.3500000000000092,-4.811912949144661,8.183780659759079e-7,2.624685143448602e-6,mean-constrained fused-spectral L-BFGS with profile continuation,,Polyorder.Successful(),1.99421476280634e-7,8.262110866754549e-7,0.1,0.09854596206667177,0.01,"Anderson(SD(0.1); m=10, warmup=100, αw=0.2)","VariableCell(BB(1.0), field_updater)",128,,,,,,1,,,,,,,,cases/f0.35_chiN39/native_profiles.csv#model=uneyama_doi,accepted,model_gates_pass,
liu2019-stress-free-period-map-v2,stress_free_lamellar_observable,f0.35_chiN39,0.35,39.0,12.562,burp_ti,BURP-TI,not_applicable,3.8117822851983774,4.730206179200245,-0.19416149301068075,0.19416149301068075,0.01294417968322692,0.9990499651700154,0.99967082896812,0.0078125,false,1.201242807079202,BoundedKKTNewtonGMRES+AnalyticStressRoot,0,true,false,true,true,true,true,true,1.0e-6,0.999999,0.34999999999999976,-5.7033572384765865,0.0002930211230447612,0.0008970266066921084,bounded-KKT Newton-GMRES,4.091169320268816e-5,Polyorder.Successful(),1.99421476280634e-7,8.262110866754549e-7,0.1,0.09854596206667177,0.01,"Anderson(SD(0.1); m=10, warmup=100, αw=0.2)","VariableCell(BB(1.0), field_updater)",128,64,,,,256,1,,,,,,,,cases/f0.35_chiN39/native_profiles.csv#model=burp_ti,accepted,model_gates_pass,
liu2019-stress-free-period-map-v2,stress_free_lamellar_observable,f0.35_chiN39,0.35,39.0,12.562,bvk2,BVK2,frozen_c2_evaluation,4.706433539123345,4.730206179200245,-0.0050257090655865255,0.0050257090655865255,0.014605943693211155,0.9987903779193711,0.9994021049732557,0.01171875,false,1.4831826722690171,FilteredUDThetaAnalyticCellStressRoot,11,true,false,true,true,true,true,true,4.089148049519648e-5,0.9960163934029855,0.35000000000000003,-6.741126679706086,2.2236275016564664e-11,8.27061770107465e-11,oversampled filtered UD-theta L-BFGS with cosine-Newton polish,2.5702817652017984e-10,Polyorder.Successful(),1.99421476280634e-7,8.262110866754549e-7,0.1,0.09854596206667177,0.01,"Anderson(SD(0.1); m=10, warmup=100, αw=0.2)","VariableCell(BB(1.0), field_updater)",256,,2,12.0,ud-theta-spectral-adaptive-k-physical-sensor-filter-oversampled-v2,,,0.16,,,,,,,cases/f0.35_chiN39/native_profiles.csv#model=bvk2,accepted,model_gates_pass,
liu2019-stress-free-period-map-v2,stress_free_lamellar_observable,f0.35_chiN39,0.35,39.0,12.562,ohta_kawasaki,Ohta-Kawasaki (recomputed),liu2019_ok_asymptotic_quadratic_extrapolated_c3_c4,3.792864038250168,4.730206179200245,-0.1981609480516464,0.1981609480516464,0.10441710664286505,0.9381793208859025,0.9942850054642732,0.01171875,false,1.1503297984600067,StressRootBisection,106,true,false,true,true,true,true,true,0.05918876009301516,0.8326713904869898,0.3499999999999999,-5.597516411384573,5.043654927303165e-6,1.2120259285985924e-5,mean-constrained Fourier nonlinear conjugate gradient,2.111019085083844e-8,Polyorder.Successful(),1.99421476280634e-7,8.262110866754549e-7,0.1,0.09854596206667177,0.01,"Anderson(SD(0.1); m=10, warmup=100, αw=0.2)","VariableCell(BB(1.0), field_updater)",128,,,,,,,,-34.41901805953319,-42.67409938414312,115.69918460341546,1.098901098901099,14.491003501992514,,cases/f0.35_chiN39/native_profiles.csv#model=ohta_kawasaki,accepted,model_gates_pass,
liu2019-stress-free-period-map-v2,stress_free_lamellar_observable,f0.35_chiN40,0.35,40.0,12.562,scft,SCFT,reference,4.757817267745058,4.757817267745058,0.0,0.0,0.0,1.0,1.0,0.0,false,,Polyorder.cell_solve!,45,true,false,true,true,true,true,true,0.000132617406616222,0.9949508478172784,0.34999999999999853,4.288589086774378,,,not_applicable,1.6611470531657406e-7,Polyorder.Successful(),7.597418861130618e-7,5.58074829582158e-7,0.1,0.09912119307802204,0.01,"Anderson(SD(0.1); m=10, warmup=100, αw=0.2)","VariableCell(BB(1.0), field_updater)",48,,,,Polyorder pseudospectral SCFT,,,,,,,,,,cases/f0.35_chiN40/native_profiles.csv#model=scft,accepted,reference_gates_pass,
liu2019-stress-free-period-map-v2,stress_free_lamellar_observable,f0.35_chiN40,0.35,40.0,12.562,liu2019_opf,OPF (force/stress mapped),per_state_force_stress_mapping,4.6379467860390795,4.757817267745058,-0.02519442739396982,0.02519442739396982,0.08841045712946079,0.9559578598153925,0.9804304212169737,0.0,false,1.2174920082092289,StressRootBisection,49,true,false,true,true,true,true,true,-0.05519026890901685,0.9437191761742019,0.3499999999999999,-0.4098576685498838,6.597271734710572e-7,1.8074134420231758e-6,mean-constrained Fourier nonlinear conjugate gradient,5.265607923621826e-9,Polyorder.Successful(),7.597418861130618e-7,5.58074829582158e-7,0.1,0.09912119307802204,0.01,"Anderson(SD(0.1); m=10, warmup=100, αw=0.2)","VariableCell(BB(1.0), field_updater)",128,,,,,,,,-1.0,-0.7511633442116382,2.0298920452371965,0.02298470259192241,0.1701060628831657,0.09929195827704593,cases/f0.35_chiN40/native_profiles.csv#model=liu2019_opf,accepted,model_gates_pass,
liu2019-stress-free-period-map-v2,stress_free_lamellar_observable,f0.35_chiN40,0.35,40.0,12.562,uneyama_doi,Uneyama-Doi,not_applicable,3.955006597962749,4.757817267745058,-0.16873507842027669,0.16873507842027669,0.014313578994611935,0.9988455965366471,0.9998343062603061,0.99609375,false,1.246378432000684,BootstrapLocal,20,true,false,true,true,true,true,true,0.013920891148823585,0.984367188635357,0.3500000000001181,-5.099104692349766,9.694993388456816e-7,2.43878831307498e-6,mean-constrained fused-spectral L-BFGS with profile continuation,,Polyorder.Successful(),7.597418861130618e-7,5.58074829582158e-7,0.1,0.09912119307802204,0.01,"Anderson(SD(0.1); m=10, warmup=100, αw=0.2)","VariableCell(BB(1.0), field_updater)",128,,,,,,1,,,,,,,,cases/f0.35_chiN40/native_profiles.csv#model=uneyama_doi,accepted,model_gates_pass,
liu2019-stress-free-period-map-v2,stress_free_lamellar_observable,f0.35_chiN40,0.35,40.0,12.562,burp_ti,BURP-TI,not_applicable,3.83096049520764,4.757817267745058,-0.19480713957236473,0.19480713957236473,0.012232354627304725,0.9991568957683673,0.999719671219383,0.99609375,false,1.2072866167993268,BoundedKKTNewtonGMRES+AnalyticStressRoot,1,true,false,true,true,true,true,true,1.0000000000017347e-6,0.9999989999999981,0.34999999999999987,-6.018213228700929,0.00033357719951688765,0.0009803910340870914,bounded-KKT Newton-GMRES,5.532769533241653e-5,Polyorder.Successful(),7.597418861130618e-7,5.58074829582158e-7,0.1,0.09912119307802204,0.01,"Anderson(SD(0.1); m=10, warmup=100, αw=0.2)","VariableCell(BB(1.0), field_updater)",128,64,,,,256,1,,,,,,,,cases/f0.35_chiN40/native_profiles.csv#model=burp_ti,accepted,model_gates_pass,
liu2019-stress-free-period-map-v2,stress_free_lamellar_observable,f0.35_chiN40,0.35,40.0,12.562,bvk2,BVK2,frozen_c2_evaluation,4.7344413951809345,4.757817267745058,-0.0049131505580504164,0.0049131505580504164,0.01589222267354694,0.998576916360615,0.9992945922022844,0.0,false,1.4920090514044504,FilteredUDThetaAnalyticCellStressRoot,12,true,false,true,true,true,true,true,3.0735919019591754e-5,0.9965241870864013,0.3499999999999998,-7.120259323824838,6.253308235716464e-11,2.613995643006913e-10,oversampled filtered UD-theta L-BFGS with cosine-Newton polish,6.899922855296836e-9,Polyorder.Successful(),7.597418861130618e-7,5.58074829582158e-7,0.1,0.09912119307802204,0.01,"Anderson(SD(0.1); m=10, warmup=100, αw=0.2)","VariableCell(BB(1.0), field_updater)",256,,2,12.0,ud-theta-spectral-adaptive-k-physical-sensor-filter-oversampled-v2,,,0.16,,,,,,,cases/f0.35_chiN40/native_profiles.csv#model=bvk2,accepted,model_gates_pass,
liu2019-stress-free-period-map-v2,stress_free_lamellar_observable,f0.35_chiN40,0.35,40.0,12.562,ohta_kawasaki,Ohta-Kawasaki (recomputed),liu2019_ok_asymptotic_quadratic_extrapolated_c3_c4,3.808546993395654,4.757817267745058,-0.1995180186479305,0.1995180186479305,0.10498028088149561,0.9379021443402638,0.9943758247545813,0.0,false,1.1550862491130829,StressRootBisection,106,true,false,true,true,true,true,true,0.05966020407679645,0.8326192106018145,0.3500000000000001,-5.864194183933893,2.376419017653106e-6,5.429857321992415e-6,mean-constrained Fourier nonlinear conjugate gradient,6.522730094765675e-8,Polyorder.Successful(),7.597418861130618e-7,5.58074829582158e-7,0.1,0.09912119307802204,0.01,"Anderson(SD(0.1); m=10, warmup=100, αw=0.2)","VariableCell(BB(1.0), field_updater)",128,,,,,,,,-35.41901805953319,-44.419709459067825,120.11179352008783,1.098901098901099,14.491003501992514,,cases/f0.35_chiN40/native_profiles.csv#model=ohta_kawasaki,accepted,model_gates_pass,
liu2019-stress-free-period-map-v2,stress_free_lamellar_observable,f0.35_chiN41,0.35,41.0,12.562,scft,SCFT,reference,4.784685191008962,4.784685191008962,0.0,0.0,0.0,1.0,1.0,0.0,false,,Polyorder.cell_solve!,96,true,false,true,true,true,true,true,0.00011318677033337017,0.9952638246103251,0.35000000000000037,4.3374111453270245,,,not_applicable,7.203975069148523e-7,Polyorder.Successful(),1.994817953122621e-7,7.864467931853053e-7,0.1,0.09968094147935337,0.01,"Anderson(SD(0.1); m=10, warmup=100, αw=0.2)","VariableCell(BB(1.0), field_updater)",48,,,,Polyorder pseudospectral SCFT,,,,,,,,,,cases/f0.35_chiN41/native_profiles.csv#model=scft,accepted,reference_gates_pass,
liu2019-stress-free-period-map-v2,stress_free_lamellar_observable,f0.35_chiN41,0.35,41.0,12.562,liu2019_opf,OPF (force/stress mapped),per_state_force_stress_mapping,4.6654782339854135,4.784685191008962,-0.024914273826740718,0.024914273826740718,0.08970800240642028,0.9549238351119504,0.9799355775633969,0.0078125,false,1.2235942840576173,StressRootBisection,47,true,false,true,true,true,true,true,-0.05546181127012312,0.9441990068263714,0.35,-0.41694848943500956,4.934837730421529e-7,1.518711632897407e-6,mean-constrained Fourier nonlinear conjugate gradient,7.262042736157803e-8,Polyorder.Successful(),1.994817953122621e-7,7.864467931853053e-7,0.1,0.09968094147935337,0.01,"Anderson(SD(0.1); m=10, warmup=100, αw=0.2)","VariableCell(BB(1.0), field_updater)",128,,,,,,,,-1.0,-0.7545596011031269,2.0341476413968236,0.02226290961139431,0.16415967517181998,0.09883778662909609,cases/f0.35_chiN41/native_profiles.csv#model=liu2019_opf,accepted,model_gates_pass,
liu2019-stress-free-period-map-v2,stress_free_lamellar_observable,f0.35_chiN41,0.35,41.0,12.562,uneyama_doi,Uneyama-Doi,not_applicable,3.9671318819154178,4.784685191008962,-0.17086877745474915,0.17086877745474915,0.014844114851964992,0.9987657782410243,0.9997518800082008,0.00390625,false,1.2501995867892184,BootstrapLocal,16,true,false,true,true,true,true,true,0.013126074550526336,0.9853827216090669,0.3500000000002823,-5.387203541533051,7.783274843406361e-7,2.403585980914613e-6,mean-constrained fused-spectral L-BFGS with profile continuation,,Polyorder.Successful(),1.994817953122621e-7,7.864467931853053e-7,0.1,0.09968094147935337,0.01,"Anderson(SD(0.1); m=10, warmup=100, αw=0.2)","VariableCell(BB(1.0), field_updater)",128,,,,,,1,,,,,,,,cases/f0.35_chiN41/native_profiles.csv#model=uneyama_doi,accepted,model_gates_pass,
liu2019-stress-free-period-map-v2,stress_free_lamellar_observable,f0.35_chiN41,0.35,41.0,12.562,burp_ti,BURP-TI,not_applicable,3.8499750759355225,4.784685191008962,-0.19535456937268936,0.19535456937268936,0.013449087344676942,0.9989868582437255,0.9996327100975272,0.00390625,false,1.2132788604848306,BoundedKKTNewtonGMRES+AnalyticStressRoot,1,true,false,true,true,true,true,true,1.0e-6,0.9999989999999995,0.35,-6.337311717994675,0.0004300093039660692,0.0008112539038567235,bounded-KKT Newton-GMRES,9.374723065896187e-6,Polyorder.Successful(),1.994817953122621e-7,7.864467931853053e-7,0.1,0.09968094147935337,0.01,"Anderson(SD(0.1); m=10, warmup=100, αw=0.2)","VariableCell(BB(1.0), field_updater)",128,64,,,,256,1,,,,,,,,cases/f0.35_chiN41/native_profiles.csv#model=burp_ti,accepted,model_gates_pass,
liu2019-stress-free-period-map-v2,stress_free_lamellar_observable,f0.35_chiN41,0.35,41.0,12.562,bvk2,BVK2,frozen_c2_evaluation,4.7616960296481015,4.784685191008962,-0.0048047385445672,0.0048047385445672,0.014214796926251543,0.9988682098597157,0.9994405917200724,0.5078125,false,1.500598060734912,FilteredUDThetaAnalyticCellStressRoot,11,true,false,true,true,true,true,true,2.3133808156715367e-5,0.9969639646883169,0.3499999999999998,-7.504359560245762,3.007201419560245e-11,1.0255970741048044e-10,oversampled filtered UD-theta L-BFGS with cosine-Newton polish,4.3308379105155836e-10,Polyorder.Successful(),1.994817953122621e-7,7.864467931853053e-7,0.1,0.09968094147935337,0.01,"Anderson(SD(0.1); m=10, warmup=100, αw=0.2)","VariableCell(BB(1.0), field_updater)",256,,2,12.0,ud-theta-spectral-adaptive-k-physical-sensor-filter-oversampled-v2,,,0.16,,,,,,,cases/f0.35_chiN41/native_profiles.csv#model=bvk2,accepted,model_gates_pass,
liu2019-stress-free-period-map-v2,stress_free_lamellar_observable,f0.35_chiN41,0.35,41.0,12.562,ohta_kawasaki,Ohta-Kawasaki (recomputed),liu2019_ok_asymptotic_quadratic_extrapolated_c3_c4,3.8239944978592844,4.784685191008962,-0.20078451450785917,0.20078451450785917,0.10567949361273944,0.9374444230441707,0.9943515048077622,0.0078125,false,1.1597712904214859,StressRootBisection,108,true,false,true,true,true,true,true,0.06013897441802435,0.8325108606478314,0.35000000000000003,-6.132489749482045,2.2253585239523766e-6,6.093574224763643e-6,mean-constrained Fourier nonlinear conjugate gradient,5.395944134821079e-9,Polyorder.Successful(),1.994817953122621e-7,7.864467931853053e-7,0.1,0.09968094147935337,0.01,"Anderson(SD(0.1); m=10, warmup=100, αw=0.2)","VariableCell(BB(1.0), field_updater)",128,,,,,,,,-36.41901805953319,-46.17835622149254,124.55456833801021,1.098901098901099,14.491003501992514,,cases/f0.35_chiN41/native_profiles.csv#model=ohta_kawasaki,accepted,model_gates_pass,
liu2019-stress-free-period-map-v2,stress_free_lamellar_observable,f0.35_chiN42,0.35,42.0,12.562,scft,SCFT,reference,4.810967505611719,4.810967505611719,0.0,0.0,0.0,1.0,1.0,0.0,false,,Polyorder.cell_solve!,48,true,false,true,true,true,true,true,9.463972342997718e-5,0.9956782557951656,0.3500000000000014,4.385189799166554,,,not_applicable,2.6941768815424795e-7,Polyorder.Successful(),1.9032488149439968e-7,6.511424564755994e-7,0.1,0.10022848970024416,0.01,"Anderson(SD(0.1); m=10, warmup=100, αw=0.2)","VariableCell(BB(1.0), field_updater)",48,,,,Polyorder pseudospectral SCFT,,,,,,,,,,cases/f0.35_chiN42/native_profiles.csv#model=scft,accepted,reference_gates_pass,
liu2019-stress-free-period-map-v2,stress_free_lamellar_observable,f0.35_chiN42,0.35,42.0,12.562,liu2019_opf,OPF (force/stress mapped),per_state_force_stress_mapping,4.693151735578893,4.810967505611719,-0.024488997253754197,0.024488997253754197,0.09088755220492015,0.9539894838348623,0.9794911566306983,0.01171875,false,1.2298447608947756,StressRootBisection,49,true,false,true,true,true,true,true,-0.05567466902764445,0.9446256409448062,0.3499999999999999,-0.42401572126867204,7.532167093782613e-7,2.333548711375144e-6,mean-constrained Fourier nonlinear conjugate gradient,3.5817594312571165e-8,Polyorder.Successful(),1.9032488149439968e-7,6.511424564755994e-7,0.1,0.10022848970024416,0.01,"Anderson(SD(0.1); m=10, warmup=100, αw=0.2)","VariableCell(BB(1.0), field_updater)",128,,,,,,,,-1.0,-0.7578963679411614,2.038650561012428,0.021547361018517622,0.15836396261765887,0.0984815908513845,cases/f0.35_chiN42/native_profiles.csv#model=liu2019_opf,accepted,model_gates_pass,
liu2019-stress-free-period-map-v2,stress_free_lamellar_observable,f0.35_chiN42,0.35,42.0,12.562,uneyama_doi,Uneyama-Doi,not_applicable,3.9802533303221157,4.810967505611719,-0.17267091792256395,0.17267091792256395,0.014598513902325735,0.9988129593631552,0.9997395251720513,0.0078125,false,1.2543346722525757,BootstrapLocal,16,true,false,true,true,true,true,true,0.01240022311518031,0.9863018558493931,0.35000000000033527,-5.680765842115513,8.577625295990121e-7,2.5254373916538952e-6,mean-constrained fused-spectral L-BFGS with profile continuation,,Polyorder.Successful(),1.9032488149439968e-7,6.511424564755994e-7,0.1,0.10022848970024416,0.01,"Anderson(SD(0.1); m=10, warmup=100, αw=0.2)","VariableCell(BB(1.0), field_updater)",128,,,,,,1,,,,,,,,cases/f0.35_chiN42/native_profiles.csv#model=uneyama_doi,accepted,model_gates_pass,
liu2019-stress-free-period-map-v2,stress_free_lamellar_observable,f0.35_chiN42,0.35,42.0,12.562,burp_ti,BURP-TI,not_applicable,3.8681675701336413,4.810967505611719,-0.1959688845078159,0.1959688845078159,0.013630583345148235,0.9989651505422047,0.9996174752691183,0.0078125,false,1.2190120323092501,BoundedKKTNewtonGMRES+AnalyticStressRoot,1,true,false,true,true,true,true,true,1.0e-6,0.9999989999999995,0.34999999999999987,-6.659392745622685,0.0004220284765846357,0.0008114968090993102,bounded-KKT Newton-GMRES,2.5160885557370004e-5,Polyorder.Successful(),1.9032488149439968e-7,6.511424564755994e-7,0.1,0.10022848970024416,0.01,"Anderson(SD(0.1); m=10, warmup=100, αw=0.2)","VariableCell(BB(1.0), field_updater)",128,64,,,,256,1,,,,,,,,cases/f0.35_chiN42/native_profiles.csv#model=burp_ti,accepted,model_gates_pass,
liu2019-stress-free-period-map-v2,stress_free_lamellar_observable,f0.35_chiN42,0.35,42.0,12.562,bvk2,BVK2,frozen_c2_evaluation,4.788239310587523,4.810967505611719,-0.004724246214027783,0.004724246214027783,0.014094476515146026,0.998893513315932,0.9994530581376984,0.5078125,false,1.5089628945368254,FilteredUDThetaAnalyticCellStressRoot,11,true,false,true,true,true,true,true,1.7435212565072852e-5,0.9973454536118737,0.34999999999999987,-7.893259696602598,1.9633055486326456e-11,8.756605714551213e-11,oversampled filtered UD-theta L-BFGS with cosine-Newton polish,4.670561715158783e-10,Polyorder.Successful(),1.9032488149439968e-7,6.511424564755994e-7,0.1,0.10022848970024416,0.01,"Anderson(SD(0.1); m=10, warmup=100, αw=0.2)","VariableCell(BB(1.0), field_updater)",256,,2,12.0,ud-theta-spectral-adaptive-k-physical-sensor-filter-oversampled-v2,,,0.16,,,,,,,cases/f0.35_chiN42/native_profiles.csv#model=bvk2,accepted,model_gates_pass,
liu2019-stress-free-period-map-v2,stress_free_lamellar_observable,f0.35_chiN42,0.35,42.0,12.562,ohta_kawasaki,Ohta-Kawasaki (recomputed),liu2019_ok_asymptotic_quadratic_extrapolated_c3_c4,3.8392137740546137,4.810967505611719,-0.20198717418556877,0.20198717418556877,0.10628887368009729,0.9370749019291744,0.9943864687385758,0.01171875,false,1.1643871128559113,StressRootBisection,106,true,false,true,true,true,true,true,0.060633234956718685,0.8323542979601162,0.3499999999999999,-6.402316436548945,5.2454831220541334e-6,1.1885869867889198e-5,mean-constrained Fourier nonlinear conjugate gradient,6.685567005619867e-8,Polyorder.Successful(),1.9032488149439968e-7,6.511424564755994e-7,0.1,0.10022848970024416,0.01,"Anderson(SD(0.1); m=10, warmup=100, αw=0.2)","VariableCell(BB(1.0), field_updater)",128,,,,,,,,-37.41901805953319,-47.95003967141725,129.02750905718256,1.098901098901099,14.491003501992514,,cases/f0.35_chiN42/native_profiles.csv#model=ohta_kawasaki,accepted,model_gates_pass,
liu2019-stress-free-period-map-v2,stress_free_lamellar_observable,f0.35_chiN43,0.35,43.0,12.562,scft,SCFT,reference,4.836671111341854,4.836671111341854,0.0,0.0,0.0,1.0,1.0,0.0,false,,Polyorder.cell_solve!,80,true,false,true,true,true,true,true,7.898305475353139e-5,0.996074025825666,0.3500000000000003,4.4319785824609,,,not_applicable,2.1579357109871225e-7,Polyorder.Successful(),1.956056986047758e-7,8.052946337261592e-7,0.1,0.10076398148628862,0.01,"Anderson(SD(0.1); m=10, warmup=100, αw=0.2)","VariableCell(BB(1.0), field_updater)",48,,,,Polyorder pseudospectral SCFT,,,,,,,,,,cases/f0.35_chiN43/native_profiles.csv#model=scft,accepted,reference_gates_pass,
liu2019-stress-free-period-map-v2,stress_free_lamellar_observable,f0.35_chiN43,0.35,43.0,12.562,liu2019_opf,OPF (force/stress mapped),per_state_force_stress_mapping,4.720278817437432,4.836671111341854,-0.024064545888076938,0.024064545888076938,0.09187699020280875,0.9532313962018714,0.979130548494775,0.01171875,false,1.236023139953613,StressRootBisection,48,true,false,true,true,true,true,true,-0.05588774505129995,0.945021454983297,0.35,-0.43089057896903893,6.238294922236555e-7,1.9468065482752817e-6,mean-constrained Fourier nonlinear conjugate gradient,2.154794222100036e-8,Polyorder.Successful(),1.956056986047758e-7,8.052946337261592e-7,0.1,0.10076398148628862,0.01,"Anderson(SD(0.1); m=10, warmup=100, αw=0.2)","VariableCell(BB(1.0), field_updater)",128,,,,,,,,-1.0,-0.7610720649920707,2.0429754595913474,0.02086685863154071,0.1529017104009063,0.09812388917037966,cases/f0.35_chiN43/native_profiles.csv#model=liu2019_opf,accepted,model_gates_pass,
liu2019-stress-free-period-map-v2,stress_free_lamellar_observable,f0.35_chiN43,0.35,43.0,12.562,uneyama_doi,Uneyama-Doi,not_applicable,3.9930660099314452,4.836671111341854,-0.17441853745899305,0.17441853745899305,0.01317243811575244,0.9990386683975525,0.9998232519030329,0.0078125,false,1.2583724525003834,BootstrapLocal,16,true,false,true,true,true,true,true,0.011717364806539524,0.9871351130924908,0.35000000000023385,-5.977939649706775,9.86830332770577e-7,3.338878589942418e-6,mean-constrained fused-spectral L-BFGS with profile continuation,,Polyorder.Successful(),1.956056986047758e-7,8.052946337261592e-7,0.1,0.10076398148628862,0.01,"Anderson(SD(0.1); m=10, warmup=100, αw=0.2)","VariableCell(BB(1.0), field_updater)",128,,,,,,1,,,,,,,,cases/f0.35_chiN43/native_profiles.csv#model=uneyama_doi,accepted,model_gates_pass,
liu2019-stress-free-period-map-v2,stress_free_lamellar_observable,f0.35_chiN43,0.35,43.0,12.562,burp_ti,BURP-TI,not_applicable,3.8863360377315352,4.836671111341854,-0.19648536188078003,0.19648536188078003,0.012487572087766009,0.9991360335020517,0.9996974700779255,0.0078125,false,1.2247376324051342,BoundedKKTNewtonGMRES+AnalyticStressRoot,1,true,false,true,true,true,true,true,1.0000000000069388e-6,0.9999989999999984,0.3499999999999998,-6.98563262721948,0.0004697592571807959,0.0008890627169400034,bounded-KKT Newton-GMRES,8.766744836443335e-6,Polyorder.Successful(),1.956056986047758e-7,8.052946337261592e-7,0.1,0.10076398148628862,0.01,"Anderson(SD(0.1); m=10, warmup=100, αw=0.2)","VariableCell(BB(1.0), field_updater)",128,64,,,,256,1,,,,,,,,cases/f0.35_chiN43/native_profiles.csv#model=burp_ti,accepted,model_gates_pass,
liu2019-stress-free-period-map-v2,stress_free_lamellar_observable,f0.35_chiN43,0.35,43.0,12.562,bvk2,BVK2,frozen_c2_evaluation,4.814109582431107,4.836671111341854,-0.004664681222140699,0.004664681222140699,0.014505754770526224,0.998834206719365,0.9994230664887007,0.0078125,false,1.5171156366517051,FilteredUDThetaAnalyticCellStressRoot,11,true,false,true,true,true,true,true,1.3157701286437031e-5,0.9976768852532281,0.35,-8.286803977490576,2.0623196699161006e-11,8.359312449338561e-11,oversampled filtered UD-theta L-BFGS with cosine-Newton polish,4.770437378454062e-10,Polyorder.Successful(),1.956056986047758e-7,8.052946337261592e-7,0.1,0.10076398148628862,0.01,"Anderson(SD(0.1); m=10, warmup=100, αw=0.2)","VariableCell(BB(1.0), field_updater)",256,,2,12.0,ud-theta-spectral-adaptive-k-physical-sensor-filter-oversampled-v2,,,0.16,,,,,,,cases/f0.35_chiN43/native_profiles.csv#model=bvk2,accepted,model_gates_pass,
liu2019-stress-free-period-map-v2,stress_free_lamellar_observable,f0.35_chiN43,0.35,43.0,12.562,ohta_kawasaki,Ohta-Kawasaki (recomputed),liu2019_ok_asymptotic_quadratic_extrapolated_c3_c4,3.85421163168585,4.836671111341854,-0.2031272040292681,0.2031272040292681,0.10677917788056537,0.936829541204814,0.9945041756635304,0.01171875,false,1.1689357817173005,StressRootBisection,107,true,false,true,true,true,true,true,0.06109324538707872,0.8321564428588264,0.35,-6.673592981459617,6.241961283576835e-6,1.8387787836360303e-5,mean-constrained Fourier nonlinear conjugate gradient,7.587922259503699e-8,Polyorder.Successful(),1.956056986047758e-7,8.052946337261592e-7,0.1,0.10076398148628862,0.01,"Anderson(SD(0.1); m=10, warmup=100, αw=0.2)","VariableCell(BB(1.0), field_updater)",128,,,,,,,,-38.41901805953319,-49.73475980884198,133.5306156776049,1.098901098901099,14.491003501992514,,cases/f0.35_chiN43/native_profiles.csv#model=ohta_kawasaki,accepted,model_gates_pass,
liu2019-stress-free-period-map-v2,stress_free_lamellar_observable,f0.35_chiN44,0.35,44.0,12.562,scft,SCFT,reference,4.861824662998064,4.861824662998064,0.0,0.0,0.0,1.0,1.0,0.0,false,,Polyorder.cell_solve!,97,true,false,true,true,true,true,true,6.618925307150743e-5,0.9964258680959409,0.35000000000000026,4.47782161095445,,,not_applicable,1.3218736838230803e-6,Polyorder.Successful(),1.6690429003464782e-7,5.901549396605548e-7,0.1,0.10128801381245967,0.01,"Anderson(SD(0.1); m=10, warmup=100, αw=0.2)","VariableCell(BB(1.0), field_updater)",48,,,,Polyorder pseudospectral SCFT,,,,,,,,,,cases/f0.35_chiN44/native_profiles.csv#model=scft,accepted,reference_gates_pass,
liu2019-stress-free-period-map-v2,stress_free_lamellar_observable,f0.35_chiN44,0.35,44.0,12.562,liu2019_opf,OPF (force/stress mapped),per_state_force_stress_mapping,4.746839172918285,4.861824662998064,-0.023650686326658454,0.023650686326658454,0.09309493127744865,0.9522245912374823,0.9786519072294254,0.01171875,false,1.2421174049377441,StressRootBisection,49,true,false,true,true,true,true,true,-0.05610140473390757,0.9454097924474234,0.35000000000000003,-0.43757479936811877,5.900158336807262e-7,1.6338721674502565e-6,mean-constrained Fourier nonlinear conjugate gradient,1.8564295678444752e-8,Polyorder.Successful(),1.6690429003464782e-7,5.901549396605548e-7,0.1,0.10128801381245967,0.01,"Anderson(SD(0.1); m=10, warmup=100, αw=0.2)","VariableCell(BB(1.0), field_updater)",128,,,,,,,,-1.0,-0.7640942315005863,2.0471085453899516,0.02022041092137662,0.14775492608430546,0.09776102936790382,cases/f0.35_chiN44/native_profiles.csv#model=liu2019_opf,accepted,model_gates_pass,
liu2019-stress-free-period-map-v2,stress_free_lamellar_observable,f0.35_chiN44,0.35,44.0,12.562,uneyama_doi,Uneyama-Doi,not_applicable,4.0059404355460195,4.861824662998064,-0.17604177171709434,0.17604177171709434,0.013609059977624923,0.9989790403077302,0.99976434502917,0.0078125,false,1.262429691347638,BootstrapLocal,16,true,false,true,true,true,true,true,0.01109094203099853,0.9878924336653686,0.35000000000045367,-6.2791431345020605,5.858842380017924e-7,2.4697531640915926e-6,mean-constrained fused-spectral L-BFGS with profile continuation,,Polyorder.Successful(),1.6690429003464782e-7,5.901549396605548e-7,0.1,0.10128801381245967,0.01,"Anderson(SD(0.1); m=10, warmup=100, αw=0.2)","VariableCell(BB(1.0), field_updater)",128,,,,,,1,,,,,,,,cases/f0.35_chiN44/native_profiles.csv#model=uneyama_doi,accepted,model_gates_pass,
liu2019-stress-free-period-map-v2,stress_free_lamellar_observable,f0.35_chiN44,0.35,44.0,12.562,burp_ti,BURP-TI,not_applicable,3.9044532398944285,4.861824662998064,-0.19691607358650987,0.19691607358650987,0.013368667336479626,0.9990147905401646,0.9996345901615695,0.0078125,false,1.2304470767422582,BoundedKKTNewtonGMRES+AnalyticStressRoot,1,true,false,true,true,true,true,true,1.0e-6,0.9999989999999986,0.35000000000000026,-7.315943671313667,0.0003741262843905212,0.0008491580868632553,bounded-KKT Newton-GMRES,8.570867598170604e-6,Polyorder.Successful(),1.6690429003464782e-7,5.901549396605548e-7,0.1,0.10128801381245967,0.01,"Anderson(SD(0.1); m=10, warmup=100, αw=0.2)","VariableCell(BB(1.0), field_updater)",128,64,,,,256,1,,,,,,,,cases/f0.35_chiN44/native_profiles.csv#model=burp_ti,accepted,model_gates_pass,
liu2019-stress-free-period-map-v2,stress_free_lamellar_observable,f0.35_chiN44,0.35,44.0,12.562,bvk2,BVK2,frozen_c2_evaluation,4.839341970475196,4.861824662998064,-0.004624332237642581,0.004624332237642581,0.013988718092541867,0.9989212813769422,0.9994665753650668,0.5078125,false,1.5250673564445938,FilteredUDThetaAnalyticCellStressRoot,10,true,false,true,true,true,true,true,9.942629467161831e-6,0.9979652453122414,0.34999999999999987,-8.684847242600148,2.8838540115874085e-11,9.851666474112772e-11,oversampled filtered UD-theta L-BFGS with cosine-Newton polish,4.729021618743445e-10,Polyorder.Successful(),1.6690429003464782e-7,5.901549396605548e-7,0.1,0.10128801381245967,0.01,"Anderson(SD(0.1); m=10, warmup=100, αw=0.2)","VariableCell(BB(1.0), field_updater)",256,,2,12.0,ud-theta-spectral-adaptive-k-physical-sensor-filter-oversampled-v2,,,0.16,,,,,,,cases/f0.35_chiN44/native_profiles.csv#model=bvk2,accepted,model_gates_pass,
liu2019-stress-free-period-map-v2,stress_free_lamellar_observable,f0.35_chiN44,0.35,44.0,12.562,ohta_kawasaki,Ohta-Kawasaki (recomputed),liu2019_ok_asymptotic_quadratic_extrapolated_c3_c4,3.8689944677478536,4.861824662998064,-0.2042093790025693,0.2042093790025693,0.10741780711739206,0.9363930011870405,0.9944986248587718,0.01171875,false,1.1734192371368408,StressRootBisection,104,true,false,true,true,true,true,true,0.06157595749875405,0.8319230469992558,0.3499999999999999,-6.946242957069776,2.1907932031700985e-6,6.046463817632741e-6,mean-constrained Fourier nonlinear conjugate gradient,5.1325462404981784e-8,Polyorder.Successful(),1.6690429003464782e-7,5.901549396605548e-7,0.1,0.10128801381245967,0.01,"Anderson(SD(0.1); m=10, warmup=100, αw=0.2)","VariableCell(BB(1.0), field_updater)",128,,,,,,,,-39.41901805953319,-51.53251663376669,138.0638881992773,1.098901098901099,14.491003501992514,,cases/f0.35_chiN44/native_profiles.csv#model=ohta_kawasaki,accepted,model_gates_pass,
liu2019-stress-free-period-map-v2,stress_free_lamellar_observable,f0.35_chiN45,0.35,45.0,12.562,scft,SCFT,reference,4.886481031367305,4.886481031367305,0.0,0.0,0.0,1.0,1.0,0.0,false,,Polyorder.cell_solve!,641,true,false,true,true,true,true,true,5.562294186800296e-5,0.996741763280559,0.35000000000000053,4.522764505734445,,,not_applicable,8.77759742661913e-6,Polyorder.Successful(),9.905032440598122e-7,6.108849521359638e-7,0.1,0.10180168815348552,0.01,"Anderson(SD(0.1); m=10, warmup=100, αw=0.2)","VariableCell(BB(1.0), field_updater)",48,,,,Polyorder pseudospectral SCFT,,,,,,,,,,cases/f0.35_chiN45/native_profiles.csv#model=scft,accepted,reference_gates_pass,
liu2019-stress-free-period-map-v2,stress_free_lamellar_observable,f0.35_chiN45,0.35,45.0,12.562,liu2019_opf,OPF (force/stress mapped),per_state_force_stress_mapping,4.772897188511859,4.886481031367305,-0.023244507064762665,0.023244507064762665,0.09415744640040338,0.951361400575671,0.9782414333535939,0.01171875,false,1.2481355667114258,StressRootBisection,48,true,false,true,true,true,true,true,-0.05627730190673996,0.9457600243015979,0.3499999999999999,-0.4440843135586924,4.61277864187962e-7,1.0042151667721821e-6,mean-constrained Fourier nonlinear conjugate gradient,4.5162178758334464e-8,Polyorder.Successful(),9.905032440598122e-7,6.108849521359638e-7,0.1,0.10180168815348552,0.01,"Anderson(SD(0.1); m=10, warmup=100, αw=0.2)","VariableCell(BB(1.0), field_updater)",128,,,,,,,,-1.0,-0.7669760060369947,2.0510711220798665,0.019605204394895506,0.14289254319418776,0.09739442383926003,cases/f0.35_chiN45/native_profiles.csv#model=liu2019_opf,accepted,model_gates_pass,
liu2019-stress-free-period-map-v2,stress_free_lamellar_observable,f0.35_chiN45,0.35,45.0,12.562,uneyama_doi,Uneyama-Doi,not_applicable,4.018516998245902,4.886481031367305,-0.17762558117994676,0.17762558117994676,0.013078815709592503,0.9990615555767153,0.9997816434351051,0.0078125,false,1.266393061852737,BootstrapLocal,16,true,false,true,true,true,true,true,0.010513724864608777,0.9885824398237137,0.3499999999997867,-6.583710220949463,3.1600928918107584e-7,8.41789890571043e-7,mean-constrained fused-spectral L-BFGS with profile continuation,,Polyorder.Successful(),9.905032440598122e-7,6.108849521359638e-7,0.1,0.10180168815348552,0.01,"Anderson(SD(0.1); m=10, warmup=100, αw=0.2)","VariableCell(BB(1.0), field_updater)",128,,,,,,1,,,,,,,,cases/f0.35_chiN45/native_profiles.csv#model=uneyama_doi,accepted,model_gates_pass,
liu2019-stress-free-period-map-v2,stress_free_lamellar_observable,f0.35_chiN45,0.35,45.0,12.562,burp_ti,BURP-TI,not_applicable,3.9217468231089523,4.886481031367305,-0.19742923426194225,0.19742923426194225,0.013129453289006032,0.9990542747114859,0.9996496155151904,0.0078125,false,1.2358969662928077,BoundedKKTNewtonGMRES+AnalyticStressRoot,1,true,false,true,true,true,true,true,1.0000000000555111e-6,0.999998999999999,0.35000000000000037,-7.648752099223596,0.0001877891664911567,0.0007158867758096932,bounded-KKT Newton-GMRES,1.7934765740808714e-5,Polyorder.Successful(),9.905032440598122e-7,6.108849521359638e-7,0.1,0.10180168815348552,0.01,"Anderson(SD(0.1); m=10, warmup=100, αw=0.2)","VariableCell(BB(1.0), field_updater)",128,64,,,,256,1,,,,,,,,cases/f0.35_chiN45/native_profiles.csv#model=burp_ti,accepted,model_gates_pass,
liu2019-stress-free-period-map-v2,stress_free_lamellar_observable,f0.35_chiN45,0.35,45.0,12.562,bvk2,BVK2,frozen_c2_evaluation,4.86396866757797,4.886481031367305,-0.00460707074166955,0.00460707074166955,0.013960112156501838,0.9989308231858677,0.9994711687689548,0.5078125,false,1.5328281991537112,FilteredUDThetaAnalyticCellStressRoot,11,true,false,true,true,true,true,true,7.522977785417152e-6,0.9982164788344653,0.35,-9.08725378044975,2.2767613661433878e-11,8.386518568764174e-11,oversampled filtered UD-theta L-BFGS with cosine-Newton polish,1.2878587085651816e-14,Polyorder.Successful(),9.905032440598122e-7,6.108849521359638e-7,0.1,0.10180168815348552,0.01,"Anderson(SD(0.1); m=10, warmup=100, αw=0.2)","VariableCell(BB(1.0), field_updater)",256,,2,12.0,ud-theta-spectral-adaptive-k-physical-sensor-filter-oversampled-v2,,,0.16,,,,,,,cases/f0.35_chiN45/native_profiles.csv#model=bvk2,accepted,model_gates_pass,
liu2019-stress-free-period-map-v2,stress_free_lamellar_observable,f0.35_chiN45,0.35,45.0,12.562,ohta_kawasaki,Ohta-Kawasaki (recomputed),liu2019_ok_asymptotic_quadratic_extrapolated_c3_c4,3.883568472880815,4.886481031367305,-0.20524229032070163,0.20524229032070163,0.10796140061799218,0.9360546840370911,0.9945590339871145,0.01171875,false,1.1778393566608427,StressRootBisection,106,true,false,true,true,true,true,true,0.06206844734751632,0.831659209260786,0.34999999999999987,-7.220194645549848,2.3742298261874887e-6,5.1179953501900854e-6,mean-constrained Fourier nonlinear conjugate gradient,8.542223409555766e-9,Polyorder.Successful(),9.905032440598122e-7,6.108849521359638e-7,0.1,0.10180168815348552,0.01,"Anderson(SD(0.1); m=10, warmup=100, αw=0.2)","VariableCell(BB(1.0), field_updater)",128,,,,,,,,-40.41901805953319,-53.343310146191406,142.62732662219966,1.098901098901099,14.491003501992514,,cases/f0.35_chiN45/native_profiles.csv#model=ohta_kawasaki,accepted,model_gates_pass,
liu2019-stress-free-period-map-v2,stress_free_lamellar_observable,f0.35_chiN46,0.35,46.0,12.562,scft,SCFT,reference,4.910586611057311,4.910586611057311,0.0,0.0,0.0,1.0,1.0,0.0,false,,Polyorder.cell_solve!,50,true,false,true,true,true,true,true,4.682674252276168e-5,0.9970306590303477,0.35000000000000125,4.566845504877165,,,not_applicable,4.215169617574537e-7,Polyorder.Successful(),1.8373145632741334e-7,7.115423019332277e-7,0.1,0.10230388773036064,0.01,"Anderson(SD(0.1); m=10, warmup=100, αw=0.2)","VariableCell(BB(1.0), field_updater)",48,,,,Polyorder pseudospectral SCFT,,,,,,,,,,cases/f0.35_chiN46/native_profiles.csv#model=scft,accepted,reference_gates_pass,
liu2019-stress-free-period-map-v2,stress_free_lamellar_observable,f0.35_chiN46,0.35,46.0,12.562,liu2019_opf,OPF (force/stress mapped),per_state_force_stress_mapping,4.798400692702631,4.910586611057311,-0.02284572643562932,0.02284572643562932,0.09516170968881331,0.9505442608914855,0.9778528185589723,0.01171875,false,1.2540756225585934,StressRootBisection,45,true,false,true,true,true,true,true,-0.056421021718805364,0.9461144427387246,0.3500000000000001,-0.4504177289718094,6.236930288085487e-7,1.6277067507175502e-6,mean-constrained Fourier nonlinear conjugate gradient,1.3883736043888847e-8,Polyorder.Successful(),1.8373145632741334e-7,7.115423019332277e-7,0.1,0.10230388773036064,0.01,"Anderson(SD(0.1); m=10, warmup=100, αw=0.2)","VariableCell(BB(1.0), field_updater)",128,,,,,,,,-1.0,-0.7697237996605515,2.0548648186795453,0.019019346532466955,0.1383005552739694,0.09702464211595754,cases/f0.35_chiN46/native_profiles.csv#model=liu2019_opf,accepted,model_gates_pass,
liu2019-stress-free-period-map-v2,stress_free_lamellar_observable,f0.35_chiN46,0.35,46.0,12.562,uneyama_doi,Uneyama-Doi,not_applicable,4.03081713046956,4.910586611057311,-0.17915771582294215,0.17915771582294215,0.012243332640572778,0.9991813627112983,0.9998208109684145,0.0078125,false,1.2702693182216194,BootstrapLocal,16,true,false,true,true,true,true,true,0.009972526875869142,0.989212659220815,0.35000000000048503,-6.891530803357011,9.490434921279833e-7,3.125244737112176e-6,mean-constrained fused-spectral L-BFGS with profile continuation,,Polyorder.Successful(),1.8373145632741334e-7,7.115423019332277e-7,0.1,0.10230388773036064,0.01,"Anderson(SD(0.1); m=10, warmup=100, αw=0.2)","VariableCell(BB(1.0), field_updater)",128,,,,,,1,,,,,,,,cases/f0.35_chiN46/native_profiles.csv#model=uneyama_doi,accepted,model_gates_pass,
liu2019-stress-free-period-map-v2,stress_free_lamellar_observable,f0.35_chiN46,0.35,46.0,12.562,burp_ti,BURP-TI,not_applicable,3.938795798237328,4.910586611057311,-0.1978970925045438,0.1978970925045438,0.012563568440960543,0.9991379782088368,0.9996869150909427,0.0078125,false,1.2412697701962625,BoundedKKTNewtonGMRES+AnalyticStressRoot,1,true,false,true,true,true,true,true,1.0000000000208166e-6,0.9999989999999964,0.35000000000000037,-7.984957360332215,0.0002353241746182659,0.0004777035777490113,bounded-KKT Newton-GMRES,8.781338513728089e-6,Polyorder.Successful(),1.8373145632741334e-7,7.115423019332277e-7,0.1,0.10230388773036064,0.01,"Anderson(SD(0.1); m=10, warmup=100, αw=0.2)","VariableCell(BB(1.0), field_updater)",128,64,,,,256,1,,,,,,,,cases/f0.35_chiN46/native_profiles.csv#model=burp_ti,accepted,model_gates_pass,
liu2019-stress-free-period-map-v2,stress_free_lamellar_observable,f0.35_chiN46,0.35,46.0,12.562,bvk2,BVK2,frozen_c2_evaluation,4.888019174713842,4.910586611057311,-0.0045956701573397485,0.0045956701573397485,0.014103046026648816,0.998913779309127,0.9994624148394027,0.0078125,false,1.540407461698626,FilteredUDThetaAnalyticCellStressRoot,10,true,false,true,true,true,true,true,5.699654486266143e-6,0.9984356590138597,0.3499999999999997,-9.49389630423451,5.025566877847723e-11,1.6934629577156456e-10,oversampled filtered UD-theta L-BFGS with cosine-Newton polish,4.442308743080048e-10,Polyorder.Successful(),1.8373145632741334e-7,7.115423019332277e-7,0.1,0.10230388773036064,0.01,"Anderson(SD(0.1); m=10, warmup=100, αw=0.2)","VariableCell(BB(1.0), field_updater)",256,,2,12.0,ud-theta-spectral-adaptive-k-physical-sensor-filter-oversampled-v2,,,0.16,,,,,,,cases/f0.35_chiN46/native_profiles.csv#model=bvk2,accepted,model_gates_pass,
liu2019-stress-free-period-map-v2,stress_free_lamellar_observable,f0.35_chiN46,0.35,46.0,12.562,ohta_kawasaki,Ohta-Kawasaki (recomputed),liu2019_ok_asymptotic_quadratic_extrapolated_c3_c4,3.8979398377249237,4.910586611057311,-0.20621706804889273,0.20621706804889273,0.10847064803896213,0.9357435550361528,0.9946386007948969,0.01171875,false,1.182198017835617,StressRootBisection,106,true,false,true,true,true,true,true,0.06252853992681529,0.8313692022922526,0.3499999999999999,-7.495381040257133,2.000424337025415e-6,6.0127578827007255e-6,mean-constrained Fourier nonlinear conjugate gradient,9.48760724717428e-9,Polyorder.Successful(),1.8373145632741334e-7,7.115423019332277e-7,0.1,0.10230388773036064,0.01,"Anderson(SD(0.1); m=10, warmup=100, αw=0.2)","VariableCell(BB(1.0), field_updater)",128,,,,,,,,-41.41901805953319,-55.16714034611612,147.22093094637202,1.098901098901099,14.491003501992514,,cases/f0.35_chiN46/native_profiles.csv#model=ohta_kawasaki,accepted,model_gates_pass,
liu2019-stress-free-period-map-v2,stress_free_lamellar_observable,f0.35_chiN47,0.35,47.0,12.562,scft,SCFT,reference,4.934407671879057,4.934407671879057,0.0,0.0,0.0,1.0,1.0,0.0,false,,Polyorder.cell_solve!,70,true,false,true,true,true,true,true,3.8589780981866626e-5,0.9973563536282792,0.3499999999999996,4.610091982176712,,,not_applicable,5.703410833824938e-7,Polyorder.Successful(),1.985295964727645e-7,7.863924503612556e-7,0.1,0.09868815343758114,0.01,"Anderson(SD(0.1); m=10, warmup=100, αw=0.2)","VariableCell(BB(1.0), field_updater)",50,,,,Polyorder pseudospectral SCFT,,,,,,,,,,cases/f0.35_chiN47/native_profiles.csv#model=scft,accepted,reference_gates_pass,
liu2019-stress-free-period-map-v2,stress_free_lamellar_observable,f0.35_chiN47,0.35,47.0,12.562,liu2019_opf,OPF (force/stress mapped),per_state_force_stress_mapping,4.8247160638613895,4.934407671879057,-0.02222994436450687,0.02222994436450687,0.09627784319420571,0.9496228174965955,0.9774002504169909,0.01171875,false,1.2603721618652344,StressRootBisection,46,true,false,true,true,true,true,true,-0.056587269837094334,0.9463893828320824,0.35000000000000003,-0.45690192824838793,5.56575027091289e-7,1.758845470045678e-6,mean-constrained Fourier nonlinear conjugate gradient,1.7024618150222543e-8,Polyorder.Successful(),1.985295964727645e-7,7.863924503612556e-7,0.1,0.09868815343758114,0.01,"Anderson(SD(0.1); m=10, warmup=100, αw=0.2)","VariableCell(BB(1.0), field_updater)",128,,,,,,,,-1.0,-0.7724504869236827,2.059105754223915,0.018414693825430675,0.13365713406946278,0.09684621645951988,cases/f0.35_chiN47/native_profiles.csv#model=liu2019_opf,accepted,model_gates_pass,
liu2019-stress-free-period-map-v2,stress_free_lamellar_observable,f0.35_chiN47,0.35,47.0,12.562,uneyama_doi,Uneyama-Doi,not_applicable,4.042852723105341,4.934407671879057,-0.18068125052873985,0.18068125052873985,0.011739970882440628,0.9992509424103474,0.9998420820706343,0.0078125,false,1.274062207741781,BootstrapLocal,16,true,false,true,true,true,true,true,0.009463673990739479,0.9897896418052381,0.3500000000003205,-7.2024893984869,9.649106103253744e-7,2.5913195054183547e-6,mean-constrained fused-spectral L-BFGS with profile continuation,,Polyorder.Successful(),1.985295964727645e-7,7.863924503612556e-7,0.1,0.09868815343758114,0.01,"Anderson(SD(0.1); m=10, warmup=100, αw=0.2)","VariableCell(BB(1.0), field_updater)",128,,,,,,1,,,,,,,,cases/f0.35_chiN47/native_profiles.csv#model=uneyama_doi,accepted,model_gates_pass,
liu2019-stress-free-period-map-v2,stress_free_lamellar_observable,f0.35_chiN47,0.35,47.0,12.562,burp_ti,BURP-TI,not_applicable,3.955753700028478,4.934407671879057,-0.19833261394835267,0.19833261394835267,0.012176009407401779,0.9991942670594237,0.999707095115463,0.0078125,false,1.2466138733022756,BoundedKKTNewtonGMRES+AnalyticStressRoot,1,true,false,true,true,true,true,true,1.000000000040766e-6,0.9999989999999987,0.35000000000000026,-8.324804901813089,0.00029997717205728665,0.0006080169833033722,bounded-KKT Newton-GMRES,6.627435458729898e-6,Polyorder.Successful(),1.985295964727645e-7,7.863924503612556e-7,0.1,0.09868815343758114,0.01,"Anderson(SD(0.1); m=10, warmup=100, αw=0.2)","VariableCell(BB(1.0), field_updater)",128,64,,,,256,1,,,,,,,,cases/f0.35_chiN47/native_profiles.csv#model=burp_ti,accepted,model_gates_pass,
liu2019-stress-free-period-map-v2,stress_free_lamellar_observable,f0.35_chiN47,0.35,47.0,12.562,bvk2,BVK2,frozen_c2_evaluation,4.911520501566771,4.934407671879057,-0.004638281194867422,0.004638281194867422,0.014487693926191283,0.9988592783247496,0.9994357383695935,0.01171875,false,1.5478136558951103,FilteredUDThetaAnalyticCellStressRoot,10,true,false,true,true,true,true,true,4.324004761584751e-6,0.9986271270486086,0.35,-9.904655034780484,9.141896895111797e-11,3.461548629642016e-10,oversampled filtered UD-theta L-BFGS with cosine-Newton polish,4.2737280381288656e-10,Polyorder.Successful(),1.985295964727645e-7,7.863924503612556e-7,0.1,0.09868815343758114,0.01,"Anderson(SD(0.1); m=10, warmup=100, αw=0.2)","VariableCell(BB(1.0), field_updater)",256,,2,12.0,ud-theta-spectral-adaptive-k-physical-sensor-filter-oversampled-v2,,,0.16,,,,,,,cases/f0.35_chiN47/native_profiles.csv#model=bvk2,accepted,model_gates_pass,
liu2019-stress-free-period-map-v2,stress_free_lamellar_observable,f0.35_chiN47,0.35,47.0,12.562,ohta_kawasaki,Ohta-Kawasaki (recomputed),liu2019_ok_asymptotic_quadratic_extrapolated_c3_c4,3.9121143402110206,4.934407671879057,-0.2071765041818565,0.2071765041818565,0.10913485520880563,0.9352696250892646,0.994672974845728,0.01171875,false,1.1864969730377195,StressRootBisection,100,true,false,true,true,true,true,true,0.06300752924749975,0.8310567876286634,0.35,-7.7717387383782075,7.361355783829144e-6,1.6079872861674005e-5,mean-constrained Fourier nonlinear conjugate gradient,8.767281320039394e-8,Polyorder.Successful(),1.985295964727645e-7,7.863924503612556e-7,0.1,0.09868815343758114,0.01,"Anderson(SD(0.1); m=10, warmup=100, αw=0.2)","VariableCell(BB(1.0), field_updater)",128,,,,,,,,-42.41901805953319,-57.00400723354083,151.8447011717944,1.098901098901099,14.491003501992514,,cases/f0.35_chiN47/native_profiles.csv#model=ohta_kawasaki,accepted,model_gates_pass,
liu2019-stress-free-period-map-v2,stress_free_lamellar_observable,f0.35_chiN48,0.35,48.0,12.562,scft,SCFT,reference,4.957671565277458,4.957671565277458,0.0,0.0,0.0,1.0,1.0,0.0,false,,Polyorder.cell_solve!,23,true,false,true,true,true,true,true,3.321541545831073e-5,0.9975409127416007,0.35,4.652555813721179,,,not_applicable,1.0965637980236249e-8,Polyorder.Successful(),1.7923275962754588e-7,5.464617016229368e-7,0.1,0.09915343130554916,0.01,"Anderson(SD(0.1); m=10, warmup=100, αw=0.2)","VariableCell(BB(1.0), field_updater)",50,,,,Polyorder pseudospectral SCFT,,,,,,,,,,cases/f0.35_chiN48/native_profiles.csv#model=scft,accepted,reference_gates_pass,
liu2019-stress-free-period-map-v2,stress_free_lamellar_observable,f0.35_chiN48,0.35,48.0,12.562,liu2019_opf,OPF (force/stress mapped),per_state_force_stress_mapping,4.849206460822525,4.957671565277458,-0.021878235180926686,0.021878235180926686,0.09749680741722697,0.9485535573954096,0.9768913380829468,0.0078125,false,1.2661600112915037,StressRootBisection,48,true,false,true,true,true,true,true,-0.056748254976654644,0.9466850066236557,0.35,-0.4629106666580686,4.605119814619022e-7,1.1192148157423976e-6,mean-constrained Fourier nonlinear conjugate gradient,8.209105917305233e-8,Polyorder.Successful(),1.7923275962754588e-7,5.464617016229368e-7,0.1,0.09915343130554916,0.01,"Anderson(SD(0.1); m=10, warmup=100, αw=0.2)","VariableCell(BB(1.0), field_updater)",128,,,,,,,,-1.0,-0.7749126681523058,2.0625477754183295,0.017883356676521456,0.1295508253960195,0.09648751689422638,cases/f0.35_chiN48/native_profiles.csv#model=liu2019_opf,accepted,model_gates_pass,
liu2019-stress-free-period-map-v2,stress_free_lamellar_observable,f0.35_chiN48,0.35,48.0,12.562,uneyama_doi,Uneyama-Doi,not_applicable,4.055259751827193,4.957671565277458,-0.18202331509222547,0.18202331509222547,0.013108112894867106,0.9990700600473841,0.9997320456868672,0.00390625,false,1.2779721514096614,BootstrapLocal,16,true,false,true,true,true,true,true,0.008994855365059989,0.9903184750648014,0.35000000000027454,-7.517635936330324,9.847914901889673e-7,2.5127382065059933e-6,mean-constrained fused-spectral L-BFGS with profile continuation,,Polyorder.Successful(),1.7923275962754588e-7,5.464617016229368e-7,0.1,0.09915343130554916,0.01,"Anderson(SD(0.1); m=10, warmup=100, αw=0.2)","VariableCell(BB(1.0), field_updater)",128,,,,,,1,,,,,,,,cases/f0.35_chiN48/native_profiles.csv#model=uneyama_doi,accepted,model_gates_pass,
liu2019-stress-free-period-map-v2,stress_free_lamellar_observable,f0.35_chiN48,0.35,48.0,12.562,burp_ti,BURP-TI,not_applicable,3.9726763371746365,4.957671565277458,-0.19868101691155415,0.19868101691155415,0.013781004927542742,0.998972134388915,0.9995945283786932,0.00390625,false,1.2519468631289956,BoundedKKTNewtonGMRES+AnalyticStressRoot,1,true,false,true,true,true,true,true,1.0e-6,0.9999989999999964,0.35000000000000026,-8.668363902229729,0.0002950825353116661,0.0006048319600839847,bounded-KKT Newton-GMRES,5.274646595659045e-6,Polyorder.Successful(),1.7923275962754588e-7,5.464617016229368e-7,0.1,0.09915343130554916,0.01,"Anderson(SD(0.1); m=10, warmup=100, αw=0.2)","VariableCell(BB(1.0), field_updater)",128,64,,,,256,1,,,,,,,,cases/f0.35_chiN48/native_profiles.csv#model=burp_ti,accepted,model_gates_pass,
liu2019-stress-free-period-map-v2,stress_free_lamellar_observable,f0.35_chiN48,0.35,48.0,12.562,bvk2,BVK2,frozen_c2_evaluation,4.934497310141583,4.957671565277458,-0.004674423230893954,0.004674423230893954,0.013759896156651626,0.9989752808013651,0.9994937752577691,0.5078125,false,1.5550545537127285,FilteredUDThetaAnalyticCellStressRoot,10,true,false,true,true,true,true,true,3.2848812819930664e-6,0.9987946089581916,0.35,-10.319416838071865,2.8106122414390886e-11,1.1088716382040254e-10,oversampled filtered UD-theta L-BFGS with cosine-Newton polish,4.094355965378327e-10,Polyorder.Successful(),1.7923275962754588e-7,5.464617016229368e-7,0.1,0.09915343130554916,0.01,"Anderson(SD(0.1); m=10, warmup=100, αw=0.2)","VariableCell(BB(1.0), field_updater)",256,,2,12.0,ud-theta-spectral-adaptive-k-physical-sensor-filter-oversampled-v2,,,0.16,,,,,,,cases/f0.35_chiN48/native_profiles.csv#model=bvk2,accepted,model_gates_pass,
liu2019-stress-free-period-map-v2,stress_free_lamellar_observable,f0.35_chiN48,0.35,48.0,12.562,ohta_kawasaki,Ohta-Kawasaki (recomputed),liu2019_ok_asymptotic_quadratic_extrapolated_c3_c4,3.9260974487379423,4.957671565277458,-0.20807633239855072,0.20807633239855072,0.10979468846953623,0.9347565043515382,0.994624585482235,0.0078125,false,1.1907378807663918,StressRootBisection,108,true,false,true,true,true,true,true,0.06350244938850758,0.8307251765213344,0.35,-8.049207768605262,2.4602553495577565e-6,6.538047776061262e-6,mean-constrained Fourier nonlinear conjugate gradient,2.15102872842047e-8,Polyorder.Successful(),1.7923275962754588e-7,5.464617016229368e-7,0.1,0.09915343130554916,0.01,"Anderson(SD(0.1); m=10, warmup=100, αw=0.2)","VariableCell(BB(1.0), field_updater)",128,,,,,,,,-43.41901805953319,-58.853910808465564,156.49863729846675,1.098901098901099,14.491003501992514,,cases/f0.35_chiN48/native_profiles.csv#model=ohta_kawasaki,accepted,model_gates_pass,
liu2019-stress-free-period-map-v2,stress_free_lamellar_observable,f0.35_chiN49,0.35,49.0,12.562,scft,SCFT,reference,4.980522139086187,4.980522139086187,0.0,0.0,0.0,1.0,1.0,0.0,false,,Polyorder.cell_solve!,16,true,false,true,true,true,true,true,2.8236606699634967e-5,0.9977446478516361,0.34999999999999803,4.6942610152965045,,,not_applicable,4.2633949596376506e-8,Polyorder.Successful(),1.4107043162365877e-7,4.5879281162701474e-7,0.1,0.09961044278172373,0.01,"Anderson(SD(0.1); m=10, warmup=100, αw=0.2)","VariableCell(BB(1.0), field_updater)",50,,,,Polyorder pseudospectral SCFT,,,,,,,,,,cases/f0.35_chiN49/native_profiles.csv#model=scft,accepted,reference_gates_pass,
liu2019-stress-free-period-map-v2,stress_free_lamellar_observable,f0.35_chiN49,0.35,49.0,12.562,liu2019_opf,OPF (force/stress mapped),per_state_force_stress_mapping,4.873493171132921,4.980522139086187,-0.021489507518362982,0.021489507518362982,0.09847365161146343,0.9477257340916981,0.9764976596733562,0.01171875,false,1.2719438552856444,StressRootBisection,48,true,false,true,true,true,true,true,-0.05687683654570963,0.946990032331938,0.3500000000000001,-0.46882304284613296,9.551737745894766e-7,1.7895259771527616e-6,mean-constrained Fourier nonlinear conjugate gradient,1.7292943918053245e-8,Polyorder.Successful(),1.4107043162365877e-7,4.5879281162701474e-7,0.1,0.09961044278172373,0.01,"Anderson(SD(0.1); m=10, warmup=100, αw=0.2)","VariableCell(BB(1.0), field_updater)",128,,,,,,,,-1.0,-0.7773085418833453,2.065946137111553,0.017370223927720918,0.1256131797989798,0.09614230501821575,cases/f0.35_chiN49/native_profiles.csv#model=liu2019_opf,accepted,model_gates_pass,
liu2019-stress-free-period-map-v2,stress_free_lamellar_observable,f0.35_chiN49,0.35,49.0,12.562,uneyama_doi,Uneyama-Doi,not_applicable,4.067190835466305,4.980522139086187,-0.18338063321759623,0.18338063321759623,0.012500474443991154,0.999157633959339,0.9997610321671413,0.0078125,false,1.2817321060266387,BootstrapLocal,16,true,false,true,true,true,true,true,0.008559664088879477,0.9908048462974413,0.35000000000030607,-7.835352099583609,4.869477372796048e-7,1.7635903855062196e-6,mean-constrained fused-spectral L-BFGS with profile continuation,,Polyorder.Successful(),1.4107043162365877e-7,4.5879281162701474e-7,0.1,0.09961044278172373,0.01,"Anderson(SD(0.1); m=10, warmup=100, αw=0.2)","VariableCell(BB(1.0), field_updater)",128,,,,,,1,,,,,,,,cases/f0.35_chiN49/native_profiles.csv#model=uneyama_doi,accepted,model_gates_pass,
liu2019-stress-free-period-map-v2,stress_free_lamellar_observable,f0.35_chiN49,0.35,49.0,12.562,burp_ti,BURP-TI,not_applicable,3.9888638108782235,4.980522139086187,-0.19910730251063802,0.19910730251063802,0.01336495073166489,0.9990370969077679,0.9996229779718204,0.0078125,false,1.2570481739847401,BoundedKKTNewtonGMRES+AnalyticStressRoot,1,true,false,true,true,true,true,true,1.0e-6,0.9999989999999934,0.35000000000000037,-9.014015681455904,0.0003058489995945155,0.000802762927039069,bounded-KKT Newton-GMRES,1.3841071982012316e-5,Polyorder.Successful(),1.4107043162365877e-7,4.5879281162701474e-7,0.1,0.09961044278172373,0.01,"Anderson(SD(0.1); m=10, warmup=100, αw=0.2)","VariableCell(BB(1.0), field_updater)",128,64,,,,256,1,,,,,,,,cases/f0.35_chiN49/native_profiles.csv#model=burp_ti,accepted,model_gates_pass,
liu2019-stress-free-period-map-v2,stress_free_lamellar_observable,f0.35_chiN49,0.35,49.0,12.562,bvk2,BVK2,frozen_c2_evaluation,4.956971991957952,4.980522139086187,-0.004728449441759985,0.004728449441759985,0.013701538423325776,0.9989879859940805,0.9994999359772531,0.5078125,false,1.562137211601701,FilteredUDThetaAnalyticCellStressRoot,10,true,false,true,true,true,true,true,2.499072424857012e-6,0.9989413145010636,0.3499999999999998,-10.738074383008088,2.8472040439341716e-11,9.509645552583182e-11,oversampled filtered UD-theta L-BFGS with cosine-Newton polish,4.016071919465958e-10,Polyorder.Successful(),1.4107043162365877e-7,4.5879281162701474e-7,0.1,0.09961044278172373,0.01,"Anderson(SD(0.1); m=10, warmup=100, αw=0.2)","VariableCell(BB(1.0), field_updater)",256,,2,12.0,ud-theta-spectral-adaptive-k-physical-sensor-filter-oversampled-v2,,,0.16,,,,,,,cases/f0.35_chiN49/native_profiles.csv#model=bvk2,accepted,model_gates_pass,
liu2019-stress-free-period-map-v2,stress_free_lamellar_observable,f0.35_chiN49,0.35,49.0,12.562,ohta_kawasaki,Ohta-Kawasaki (recomputed),liu2019_ok_asymptotic_quadratic_extrapolated_c3_c4,3.93989463170452,4.980522139086187,-0.20893944014725296,0.20893944014725296,0.11029385473083392,0.9344231595727601,0.9946955323527609,0.01171875,false,1.194922399520874,StressRootBisection,100,true,false,true,true,true,true,true,0.06397120564162512,0.8303771488852878,0.3500000000000001,-8.327731924223057,2.4370924292916973e-6,6.4975091165209165e-6,mean-constrained Fourier nonlinear conjugate gradient,6.656328476088199e-8,Polyorder.Successful(),1.4107043162365877e-7,4.5879281162701474e-7,0.1,0.09961044278172373,0.01,"Anderson(SD(0.1); m=10, warmup=100, αw=0.2)","VariableCell(BB(1.0), field_updater)",128,,,,,,,,-44.41901805953319,-60.71685107089028,161.18273932638908,1.098901098901099,14.491003501992514,,cases/f0.35_chiN49/native_profiles.csv#model=ohta_kawasaki,accepted,model_gates_pass,
liu2019-stress-free-period-map-v2,stress_free_lamellar_observable,f0.35_chiN50,0.35,50.0,12.562,scft,SCFT,reference,5.003099619354565,5.003099619354565,0.0,0.0,0.0,1.0,1.0,0.0,false,,Polyorder.cell_solve!,446,true,false,true,true,true,true,true,2.2763704436364088e-5,0.9980465086906122,0.3500000000000009,4.735230230590886,,,not_applicable,6.656922810566967e-6,Polyorder.Successful(),9.767029140872508e-7,6.870064983782773e-7,0.1,0.09264999295101045,0.01,"Anderson(SD(0.1); m=10, warmup=100, αw=0.2)","VariableCell(BB(1.0), field_updater)",54,,,,Polyorder pseudospectral SCFT,,,,,,,,,,cases/f0.35_chiN50/native_profiles.csv#model=scft,accepted,reference_gates_pass,
liu2019-stress-free-period-map-v2,stress_free_lamellar_observable,f0.35_chiN50,0.35,50.0,12.562,liu2019_opf,OPF (force/stress mapped),per_state_force_stress_mapping,4.901178550356753,5.003099619354565,-0.020371584967752487,0.020371584967752487,0.09961772011690562,0.9467537416852899,0.976013121510255,0.98046875,false,1.278757095336914,StressRootBisection,47,true,false,true,true,true,true,true,-0.056919880421122115,0.9471828007461603,0.35000000000000003,-0.4754193186810829,4.923962723654864e-7,1.3917344159897205e-6,mean-constrained Fourier nonlinear conjugate gradient,6.920466436720967e-8,Polyorder.Successful(),9.767029140872508e-7,6.870064983782773e-7,0.1,0.09264999295101045,0.01,"Anderson(SD(0.1); m=10, warmup=100, αw=0.2)","VariableCell(BB(1.0), field_updater)",128,,,,,,,,-1.0,-0.780115717312072,2.07068809973971,0.016781604383306274,0.12120012874703275,0.0961301899468457,cases/f0.35_chiN50/native_profiles.csv#model=liu2019_opf,accepted,model_gates_pass,
liu2019-stress-free-period-map-v2,stress_free_lamellar_observable,f0.35_chiN50,0.35,50.0,12.562,uneyama_doi,Uneyama-Doi,not_applicable,4.078966722196264,5.003099619354565,-0.184712072008976,0.184712072008976,0.011402921689139079,0.9993023329985005,0.9998288435149626,0.9765625,false,1.285443151981774,BootstrapLocal,16,true,false,true,true,true,true,true,0.008154147841626,0.9912528533109635,0.34999999999965814,-8.156113240545784,9.938684185015586e-7,2.6131773552817705e-6,mean-constrained fused-spectral L-BFGS with profile continuation,,Polyorder.Successful(),9.767029140872508e-7,6.870064983782773e-7,0.1,0.09264999295101045,0.01,"Anderson(SD(0.1); m=10, warmup=100, αw=0.2)","VariableCell(BB(1.0), field_updater)",128,,,,,,1,,,,,,,,cases/f0.35_chiN50/native_profiles.csv#model=uneyama_doi,accepted,model_gates_pass,
liu2019-stress-free-period-map-v2,stress_free_lamellar_observable,f0.35_chiN50,0.35,50.0,12.562,burp_ti,BURP-TI,not_applicable,4.004502764602772,5.003099619354565,-0.19959563685054482,0.19959563685054482,0.012211841419129616,0.999199837469788,0.9996929821863834,0.9765625,false,1.2619766245798352,BoundedKKTNewtonGMRES+AnalyticStressRoot,1,true,false,true,true,true,true,true,1.0e-6,0.9999989999999985,0.35000000000000026,-9.361943354633212,0.0002646926568869677,0.0010240110128716395,bounded-KKT Newton-GMRES,2.1796827434764836e-5,Polyorder.Successful(),9.767029140872508e-7,6.870064983782773e-7,0.1,0.09264999295101045,0.01,"Anderson(SD(0.1); m=10, warmup=100, αw=0.2)","VariableCell(BB(1.0), field_updater)",128,64,,,,256,1,,,,,,,,cases/f0.35_chiN50/native_profiles.csv#model=burp_ti,accepted,model_gates_pass,
liu2019-stress-free-period-map-v2,stress_free_lamellar_observable,f0.35_chiN50,0.35,50.0,12.562,bvk2,BVK2,frozen_c2_evaluation,4.978964632542182,5.003099619354565,-0.004824006845479678,0.004824006845479678,0.014349936445865076,0.9988951181134791,0.9994546500520696,0.98046875,false,1.5690679593028671,FilteredUDThetaAnalyticCellStressRoot,12,true,false,true,true,true,true,true,1.9042073726826666e-6,0.9990700231920329,0.35,-11.160525219393513,6.271024085967155e-8,1.9456402671259705e-7,oversampled filtered UD-theta L-BFGS with cosine-Newton polish,6.3581464537776355e-9,Polyorder.Successful(),9.767029140872508e-7,6.870064983782773e-7,0.1,0.09264999295101045,0.01,"Anderson(SD(0.1); m=10, warmup=100, αw=0.2)","VariableCell(BB(1.0), field_updater)",256,,2,12.0,ud-theta-spectral-adaptive-k-physical-sensor-filter-oversampled-v2,,,0.16,,,,,,,cases/f0.35_chiN50/native_profiles.csv#model=bvk2,accepted,model_gates_pass,
liu2019-stress-free-period-map-v2,stress_free_lamellar_observable,f0.35_chiN50,0.35,50.0,12.562,ohta_kawasaki,Ohta-Kawasaki (recomputed),liu2019_ok_asymptotic_quadratic_extrapolated_c3_c4,3.9535111511549155,5.003099619354565,-0.20978764127328198,0.20978764127328198,0.11100411238240938,0.9338859083621958,0.9947365044071725,0.98046875,false,1.1990521252155304,StressRootBisection,106,true,false,true,true,true,true,true,0.06444086231624219,0.8300151012803787,0.3499999999999999,-8.607258116260269,4.846496255634756e-6,1.227502316147877e-5,mean-constrained Fourier nonlinear conjugate gradient,3.27638090956518e-8,Polyorder.Successful(),9.767029140872508e-7,6.870064983782773e-7,0.1,0.09264999295101045,0.01,"Anderson(SD(0.1); m=10, warmup=100, αw=0.2)","VariableCell(BB(1.0), field_updater)",128,,,,,,,,-45.41901805953319,-62.592828020814984,165.8970072555615,1.098901098901099,14.491003501992514,,cases/f0.35_chiN50/native_profiles.csv#model=ohta_kawasaki,accepted,model_gates_pass,
liu2019-stress-free-period-map-v2,stress_free_lamellar_observable,f0.4_chiN36,0.4,36.0,11.344,scft,SCFT,reference,4.6619527768564035,4.6619527768564035,0.0,0.0,0.0,1.0,1.0,0.0,false,,Polyorder.cell_solve!,12,true,false,true,true,true,true,true,0.00040136646551343195,0.9959671013932739,0.39999999999999886,4.088684247725761,,,not_applicable,1.6657060140649077e-7,Polyorder.Successful(),1.7832262208830663e-7,1.5360614045088978e-7,0.1,0.09323905553712807,0.01,"Anderson(SD(0.1); m=10, warmup=100, αw=0.2)","VariableCell(BB(1.0), field_updater)",50,,,,Polyorder pseudospectral SCFT,,,,,,,,,,cases/f0.4_chiN36/native_profiles.csv#model=scft,accepted,reference_gates_pass,
liu2019-stress-free-period-map-v2,stress_free_lamellar_observable,f0.4_chiN36,0.4,36.0,11.344,liu2019_opf,OPF (force/stress mapped),per_state_force_stress_mapping,4.648115439915157,4.6619527768564035,-0.00296814180742877,0.00296814180742877,0.055135744185976464,0.983622702988285,0.9923261086250177,0.0,false,1.1865580558776854,StressRootBisection,49,true,false,true,true,true,true,true,-0.031005407714353672,0.9572431288019817,0.39999999999999997,-0.39059847899004363,7.495018673042713e-7,2.031544884054104e-6,mean-constrained Fourier nonlinear conjugate gradient,4.159362616593113e-8,Polyorder.Successful(),1.7832262208830663e-7,1.5360614045088978e-7,0.1,0.09323905553712807,0.01,"Anderson(SD(0.1); m=10, warmup=100, αw=0.2)","VariableCell(BB(1.0), field_updater)",128,,,,,,,,-1.0,-0.48039414212349796,1.9450252794195468,0.02494066615085542,0.16507293343714458,0.07132217975341722,cases/f0.4_chiN36/native_profiles.csv#model=liu2019_opf,accepted,model_gates_pass,
liu2019-stress-free-period-map-v2,stress_free_lamellar_observable,f0.4_chiN36,0.4,36.0,11.344,uneyama_doi,Uneyama-Doi,not_applicable,3.8085416510128476,4.6619527768564035,-0.18305872382066868,0.18305872382066868,0.016957377464206017,0.9984508512578718,0.9998356318315849,0.99609375,false,1.1883132215977195,BootstrapLocal,36,true,false,true,true,true,true,true,0.016493698858306018,0.9829252343403448,0.4000000000003233,-4.478116370565207,8.35289431547178e-7,1.98758571268165e-6,mean-constrained fused-spectral L-BFGS with profile continuation,,Polyorder.Successful(),1.7832262208830663e-7,1.5360614045088978e-7,0.1,0.09323905553712807,0.01,"Anderson(SD(0.1); m=10, warmup=100, αw=0.2)","VariableCell(BB(1.0), field_updater)",128,,,,,,1,,,,,,,,cases/f0.4_chiN36/native_profiles.csv#model=uneyama_doi,accepted,model_gates_pass,
liu2019-stress-free-period-map-v2,stress_free_lamellar_observable,f0.4_chiN36,0.4,36.0,11.344,burp_ti,BURP-TI,not_applicable,3.7083638590144132,4.6619527768564035,-0.20454709935629245,0.20454709935629245,0.012848688791416466,0.9991106077022243,0.9997601017960869,0.99609375,false,1.1570564819712676,BoundedKKTNewtonGMRES+AnalyticStressRoot,2,true,false,true,true,true,true,true,1.0e-6,0.999998999999997,0.40000000000000024,-5.536245510236788,0.00033585856996112465,0.000812657891443358,bounded-KKT Newton-GMRES,9.462721803544441e-5,Polyorder.Successful(),1.7832262208830663e-7,1.5360614045088978e-7,0.1,0.09323905553712807,0.01,"Anderson(SD(0.1); m=10, warmup=100, αw=0.2)","VariableCell(BB(1.0), field_updater)",128,64,,,,256,1,,,,,,,,cases/f0.4_chiN36/native_profiles.csv#model=burp_ti,accepted,model_gates_pass,
liu2019-stress-free-period-map-v2,stress_free_lamellar_observable,f0.4_chiN36,0.4,36.0,11.344,bvk2,BVK2,frozen_c2_evaluation,4.636906344687425,4.6619527768564035,-0.005372519492972572,0.005372519492972572,0.013137733774572852,0.9990701419446049,0.9995355544177155,0.99609375,false,1.4467734953711373,FilteredUDThetaAnalyticCellStressRoot,31,true,false,true,true,true,true,true,0.00010301208876617851,0.9977914040418887,0.40000000000000013,-6.558239015305479,5.57639161148578e-8,1.6118211523764133e-7,oversampled filtered UD-theta L-BFGS with cosine-Newton polish,1.378738012647318e-9,Polyorder.Successful(),1.7832262208830663e-7,1.5360614045088978e-7,0.1,0.09323905553712807,0.01,"Anderson(SD(0.1); m=10, warmup=100, αw=0.2)","VariableCell(BB(1.0), field_updater)",256,,2,12.0,ud-theta-spectral-adaptive-k-physical-sensor-filter-oversampled-v2,,,0.16,,,,,,,cases/f0.4_chiN36/native_profiles.csv#model=bvk2,accepted,model_gates_pass,
liu2019-stress-free-period-map-v2,stress_free_lamellar_observable,f0.4_chiN36,0.4,36.0,11.344,ohta_kawasaki,Ohta-Kawasaki (recomputed),liu2019_ok_asymptotic_quadratic_extrapolated_c3_c4,3.7244912022951873,4.6619527768564035,-0.2010877457221596,0.2010877457221596,0.12522613817827236,0.9155177019015468,0.9974334203279533,0.0,false,1.1145885765552523,StressRootBisection,106,true,false,true,true,true,true,true,0.09960088309828502,0.8298995795866915,0.4000000000000001,-4.4055692444150925,2.8358934699946574e-6,7.922704977403328e-6,mean-constrained Fourier nonlinear conjugate gradient,1.6692290447259487e-8,Polyorder.Successful(),1.7832262208830663e-7,1.5360614045088978e-7,0.1,0.09323905553712807,0.01,"Anderson(SD(0.1); m=10, warmup=100, αw=0.2)","VariableCell(BB(1.0), field_updater)",128,,,,,,,,-32.021727022714686,-27.131197385176442,109.89439219162568,1.0416666666666667,13.02083333333333,,cases/f0.4_chiN36/native_profiles.csv#model=ohta_kawasaki,accepted,model_gates_pass,
liu2019-stress-free-period-map-v2,stress_free_lamellar_observable,f0.4_chiN37,0.4,37.0,11.344,scft,SCFT,reference,4.691324307617946,4.691324307617946,0.0,0.0,0.0,1.0,1.0,0.0,false,,Polyorder.cell_solve!,377,true,false,true,true,true,true,true,0.0003388213508098401,0.996404963611638,0.39999999999999947,4.141855777547661,,,not_applicable,4.5488036206492285e-7,Polyorder.Successful(),1.708249918615536e-7,5.826092235329703e-7,0.1,0.09773592307537388,0.01,"Anderson(SD(0.1); m=10, warmup=100, αw=0.2)","VariableCell(BB(1.0), field_updater)",48,,,,Polyorder pseudospectral SCFT,,,,,,,,,,cases/f0.4_chiN37/native_profiles.csv#model=scft,accepted,reference_gates_pass,
liu2019-stress-free-period-map-v2,stress_free_lamellar_observable,f0.4_chiN37,0.4,37.0,11.344,liu2019_opf,OPF (force/stress mapped),per_state_force_stress_mapping,4.680125795641293,4.691324307617946,-0.002387068393133407,0.002387068393133407,0.056434403799596106,0.9829532206881353,0.9920078904844397,0.99609375,false,1.1933392524719237,StressRootBisection,49,true,false,true,true,true,true,true,-0.03138291222329764,0.957721472681601,0.4,-0.3984909539151802,3.6354849537411867e-7,1.139737323838097e-6,mean-constrained Fourier nonlinear conjugate gradient,8.132619938394053e-9,Polyorder.Successful(),1.708249918615536e-7,5.826092235329703e-7,0.1,0.09773592307537388,0.01,"Anderson(SD(0.1); m=10, warmup=100, αw=0.2)","VariableCell(BB(1.0), field_updater)",128,,,,,,,,-1.0,-0.48280957247858824,1.9496550816884084,0.02402780799203792,0.15829209412537498,0.07122738745778613,cases/f0.4_chiN37/native_profiles.csv#model=liu2019_opf,accepted,model_gates_pass,
liu2019-stress-free-period-map-v2,stress_free_lamellar_observable,f0.4_chiN37,0.4,37.0,11.344,uneyama_doi,Uneyama-Doi,not_applicable,3.8203571657541597,4.691324307617946,-0.18565485665731474,0.18565485665731474,0.01748020993744362,0.9983645105589484,0.9997210048021239,0.9921875,false,1.1919998118135178,BootstrapLocal,16,true,false,true,true,true,true,true,0.015539400660727908,0.9841006989556105,0.40000000000009417,-4.76312934914565,9.864748153249432e-7,2.411450149342187e-6,mean-constrained fused-spectral L-BFGS with profile continuation,,Polyorder.Successful(),1.708249918615536e-7,5.826092235329703e-7,0.1,0.09773592307537388,0.01,"Anderson(SD(0.1); m=10, warmup=100, αw=0.2)","VariableCell(BB(1.0), field_updater)",128,,,,,,1,,,,,,,,cases/f0.4_chiN37/native_profiles.csv#model=uneyama_doi,accepted,model_gates_pass,
liu2019-stress-free-period-map-v2,stress_free_lamellar_observable,f0.4_chiN37,0.4,37.0,11.344,burp_ti,BURP-TI,not_applicable,3.728629465755611,4.691324307617946,-0.205207480603947,0.205207480603947,0.014554432549492543,0.9988661776548985,0.9996357978205317,0.9921875,false,1.1633796078921463,BoundedKKTNewtonGMRES+AnalyticStressRoot,1,true,false,true,true,true,true,true,1.000000000025289e-6,0.9999989999999978,0.40000000000000024,-5.861525430744613,0.00039153528636762746,0.0007610252927028327,bounded-KKT Newton-GMRES,2.1464727163396882e-5,Polyorder.Successful(),1.708249918615536e-7,5.826092235329703e-7,0.1,0.09773592307537388,0.01,"Anderson(SD(0.1); m=10, warmup=100, αw=0.2)","VariableCell(BB(1.0), field_updater)",128,64,,,,256,1,,,,,,,,cases/f0.4_chiN37/native_profiles.csv#model=burp_ti,accepted,model_gates_pass,
liu2019-stress-free-period-map-v2,stress_free_lamellar_observable,f0.4_chiN37,0.4,37.0,11.344,bvk2,BVK2,frozen_c2_evaluation,4.6658368943346265,4.691324307617946,-0.005432882404214134,0.005432882404214134,0.011039529453190542,0.9993476876796727,0.9996743868031798,0.49609375,false,1.4558001932004012,FilteredUDThetaAnalyticCellStressRoot,13,true,false,true,true,true,true,true,7.867319358937643e-5,0.9981247554203977,0.4000000000000002,-6.952841490538936,1.2261543524160129e-11,5.727543802928516e-11,oversampled filtered UD-theta L-BFGS with cosine-Newton polish,6.163958232718869e-13,Polyorder.Successful(),1.708249918615536e-7,5.826092235329703e-7,0.1,0.09773592307537388,0.01,"Anderson(SD(0.1); m=10, warmup=100, αw=0.2)","VariableCell(BB(1.0), field_updater)",256,,2,12.0,ud-theta-spectral-adaptive-k-physical-sensor-filter-oversampled-v2,,,0.16,,,,,,,cases/f0.4_chiN37/native_profiles.csv#model=bvk2,accepted,model_gates_pass,
liu2019-stress-free-period-map-v2,stress_free_lamellar_observable,f0.4_chiN37,0.4,37.0,11.344,ohta_kawasaki,Ohta-Kawasaki (recomputed),liu2019_ok_asymptotic_quadratic_extrapolated_c3_c4,3.7395546062995115,4.691324307617946,-0.20287868390870267,0.20287868390870267,0.1261372974043942,0.9148388535240762,0.997381584145127,0.99609375,false,1.1190964400768282,StressRootBisection,106,true,false,true,true,true,true,true,0.10027580333983821,0.8295573217372475,0.39999999999999997,-4.621801789825414,4.511406483513261e-6,1.1760154869477901e-5,mean-constrained Fourier nonlinear conjugate gradient,4.279144467673578e-8,Polyorder.Successful(),1.708249918615536e-7,5.826092235329703e-7,0.1,0.09773592307537388,0.01,"Anderson(SD(0.1); m=10, warmup=100, αw=0.2)","VariableCell(BB(1.0), field_updater)",128,,,,,,,,-33.021727022714686,-28.33029112642614,114.41255765307413,1.0416666666666667,13.02083333333333,,cases/f0.4_chiN37/native_profiles.csv#model=ohta_kawasaki,accepted,model_gates_pass,
liu2019-stress-free-period-map-v2,stress_free_lamellar_observable,f0.4_chiN38,0.4,38.0,11.344,scft,SCFT,reference,4.719928106290993,4.719928106290993,0.0,0.0,0.0,1.0,1.0,0.0,false,,Polyorder.cell_solve!,279,true,false,true,true,true,true,true,0.0002865206540696308,0.9967929518075546,0.39999999999999974,4.193767789228815,,,not_applicable,1.1591081891965087e-6,Polyorder.Successful(),1.9984895439596413e-7,5.102676373146804e-7,0.1,0.09833183554772902,0.01,"Anderson(SD(0.1); m=10, warmup=100, αw=0.2)","VariableCell(BB(1.0), field_updater)",48,,,,Polyorder pseudospectral SCFT,,,,,,,,,,cases/f0.4_chiN38/native_profiles.csv#model=scft,accepted,reference_gates_pass,
liu2019-stress-free-period-map-v2,stress_free_lamellar_observable,f0.4_chiN38,0.4,38.0,11.344,liu2019_opf,OPF (force/stress mapped),per_state_force_stress_mapping,4.711029809895511,4.719928106290993,-0.0018852610029425065,0.0018852610029425065,0.05720744382372216,0.9825960950454391,0.9918347230929035,0.99609375,false,1.199934196472168,StressRootBisection,48,true,false,true,true,true,true,true,-0.03170466248785725,0.9581649846276699,0.39999999999999997,-0.40605497976337573,4.889349618385826e-7,1.298448252681772e-6,mean-constrained Fourier nonlinear conjugate gradient,5.393481061552863e-8,Polyorder.Successful(),1.9984895439596413e-7,5.102676373146804e-7,0.1,0.09833183554772902,0.01,"Anderson(SD(0.1); m=10, warmup=100, αw=0.2)","VariableCell(BB(1.0), field_updater)",128,,,,,,,,-1.0,-0.48505002832955324,1.9538875342533502,0.023179782049112536,0.15205304912459303,0.07106910380228418,cases/f0.4_chiN38/native_profiles.csv#model=liu2019_opf,accepted,model_gates_pass,
liu2019-stress-free-period-map-v2,stress_free_lamellar_observable,f0.4_chiN38,0.4,38.0,11.344,uneyama_doi,Uneyama-Doi,not_applicable,3.8341341449748496,4.719928106290993,-0.18767107069607825,0.18767107069607825,0.016640379883540172,0.9985274566443617,0.9997494107321135,0.9921875,false,1.1962984037843496,BootstrapLocal,16,true,false,true,true,true,true,true,0.01467341569954904,0.9851523980105512,0.3999999999997332,-5.055229129923442,9.991357887734687e-7,2.2005904843913626e-6,mean-constrained fused-spectral L-BFGS with profile continuation,,Polyorder.Successful(),1.9984895439596413e-7,5.102676373146804e-7,0.1,0.09833183554772902,0.01,"Anderson(SD(0.1); m=10, warmup=100, αw=0.2)","VariableCell(BB(1.0), field_updater)",128,,,,,,1,,,,,,,,cases/f0.4_chiN38/native_profiles.csv#model=uneyama_doi,accepted,model_gates_pass,
liu2019-stress-free-period-map-v2,stress_free_lamellar_observable,f0.4_chiN38,0.4,38.0,11.344,burp_ti,BURP-TI,not_applicable,3.7488622814674155,4.719928106290993,-0.2057374186545946,0.2057374186545946,0.014199242331849587,0.9989278094884398,0.9996590270751445,0.9921875,false,1.1696925025966307,BoundedKKTNewtonGMRES+AnalyticStressRoot,1,true,false,true,true,true,true,true,1.0e-6,0.9999989999999992,0.4000000000000003,-6.191721438773322,0.0002679696099917187,0.0007167784822756929,bounded-KKT Newton-GMRES,5.776695293070423e-6,Polyorder.Successful(),1.9984895439596413e-7,5.102676373146804e-7,0.1,0.09833183554772902,0.01,"Anderson(SD(0.1); m=10, warmup=100, αw=0.2)","VariableCell(BB(1.0), field_updater)",128,64,,,,256,1,,,,,,,,cases/f0.4_chiN38/native_profiles.csv#model=burp_ti,accepted,model_gates_pass,
liu2019-stress-free-period-map-v2,stress_free_lamellar_observable,f0.4_chiN38,0.4,38.0,11.344,bvk2,BVK2,frozen_c2_evaluation,4.693991823642827,4.719928106290993,-0.005495058836509914,0.005495058836509914,0.011073457914143076,0.999347909105298,0.9996745761846039,0.99609375,false,1.4645848876624366,FilteredUDThetaAnalyticCellStressRoot,10,true,false,true,true,true,true,true,6.0183743585174896e-5,0.998405540319525,0.4000000000000002,-7.352952424753624,3.587269241130667e-11,1.512364275065336e-10,oversampled filtered UD-theta L-BFGS with cosine-Newton polish,3.68549635254567e-12,Polyorder.Successful(),1.9984895439596413e-7,5.102676373146804e-7,0.1,0.09833183554772902,0.01,"Anderson(SD(0.1); m=10, warmup=100, αw=0.2)","VariableCell(BB(1.0), field_updater)",256,,2,12.0,ud-theta-spectral-adaptive-k-physical-sensor-filter-oversampled-v2,,,0.16,,,,,,,cases/f0.4_chiN38/native_profiles.csv#model=bvk2,accepted,model_gates_pass,
liu2019-stress-free-period-map-v2,stress_free_lamellar_observable,f0.4_chiN38,0.4,38.0,11.344,ohta_kawasaki,Ohta-Kawasaki (recomputed),liu2019_ok_asymptotic_quadratic_extrapolated_c3_c4,3.754413060340985,4.719928106290993,-0.2045613882684174,0.2045613882684174,0.12699342921648865,0.9142361796211913,0.9974404565830711,0.99609375,false,1.1235429704189301,StressRootBisection,106,true,false,true,true,true,true,true,0.10093841036996515,0.829167845634873,0.3999999999999999,-4.838924621684227,1.9252702036023853e-6,6.229150110836912e-6,mean-constrained Fourier nonlinear conjugate gradient,1.7770077546067683e-8,Polyorder.Successful(),1.9984895439596413e-7,5.102676373146804e-7,0.1,0.09833183554772902,0.01,"Anderson(SD(0.1); m=10, warmup=100, αw=0.2)","VariableCell(BB(1.0), field_updater)",128,,,,,,,,-34.021727022714686,-29.540002867675835,118.96722193452253,1.0416666666666667,13.02083333333333,,cases/f0.4_chiN38/native_profiles.csv#model=ohta_kawasaki,accepted,model_gates_pass,
liu2019-stress-free-period-map-v2,stress_free_lamellar_observable,f0.4_chiN39,0.4,39.0,11.344,scft,SCFT,reference,4.747830364883139,4.747830364883139,0.0,0.0,0.0,1.0,1.0,0.0,false,,Polyorder.cell_solve!,108,true,false,true,true,true,true,true,0.00024250707279738494,0.9971400489530692,0.39999999999999986,4.24448711970966,,,not_applicable,4.0383763640034345e-7,Polyorder.Successful(),1.9929551637143541e-7,6.470873942484193e-7,0.1,0.09891313260173207,0.01,"Anderson(SD(0.1); m=10, warmup=100, αw=0.2)","VariableCell(BB(1.0), field_updater)",48,,,,Polyorder pseudospectral SCFT,,,,,,,,,,cases/f0.4_chiN39/native_profiles.csv#model=scft,accepted,reference_gates_pass,
liu2019-stress-free-period-map-v2,stress_free_lamellar_observable,f0.4_chiN39,0.4,39.0,11.344,liu2019_opf,OPF (force/stress mapped),per_state_force_stress_mapping,4.741321014228072,4.747830364883139,-0.001371015844039647,0.001371015844039647,0.05786801100850095,0.982300131730744,0.9916915263306485,0.0,false,1.2064690589904785,StressRootBisection,49,true,false,true,true,true,true,true,-0.03200631456633363,0.9585999986725295,0.40000000000000013,-0.41340814917296115,5.433700026117018e-7,1.4017876619892844e-6,mean-constrained Fourier nonlinear conjugate gradient,4.144897993926804e-9,Polyorder.Successful(),1.9929551637143541e-7,6.470873942484193e-7,0.1,0.09891313260173207,0.01,"Anderson(SD(0.1); m=10, warmup=100, αw=0.2)","VariableCell(BB(1.0), field_updater)",128,,,,,,,,-1.0,-0.4871779144181165,1.9579740519890034,0.022374392424252994,0.14619685708490707,0.07092086040323001,cases/f0.4_chiN39/native_profiles.csv#model=liu2019_opf,accepted,model_gates_pass,
liu2019-stress-free-period-map-v2,stress_free_lamellar_observable,f0.4_chiN39,0.4,39.0,11.344,uneyama_doi,Uneyama-Doi,not_applicable,3.847553239800336,4.747830364883139,-0.1896186375447646,0.1896186375447646,0.015479037790346815,0.9987335710073205,0.9998072338929224,0.99609375,false,1.2004853312920896,BootstrapLocal,16,true,false,true,true,true,true,true,0.013877166901012632,0.9860989688913127,0.3999999999999758,-5.351476310534528,8.498737853229763e-7,2.304574661993186e-6,mean-constrained fused-spectral L-BFGS with profile continuation,,Polyorder.Successful(),1.9929551637143541e-7,6.470873942484193e-7,0.1,0.09891313260173207,0.01,"Anderson(SD(0.1); m=10, warmup=100, αw=0.2)","VariableCell(BB(1.0), field_updater)",128,,,,,,1,,,,,,,,cases/f0.4_chiN39/native_profiles.csv#model=uneyama_doi,accepted,model_gates_pass,
liu2019-stress-free-period-map-v2,stress_free_lamellar_observable,f0.4_chiN39,0.4,39.0,11.344,burp_ti,BURP-TI,not_applicable,3.7683165280745285,4.747830364883139,-0.20630767351198742,0.20630767351198742,0.013353845686863213,0.9990574473256124,0.9997144402173359,0.99609375,false,1.175762473881652,BoundedKKTNewtonGMRES+AnalyticStressRoot,1,true,false,true,true,true,true,true,1.0000000000555111e-6,0.999998999999997,0.40000000000000036,-6.525452043344597,0.0002736891443530375,0.0005534230019854647,bounded-KKT Newton-GMRES,1.9108536864101295e-5,Polyorder.Successful(),1.9929551637143541e-7,6.470873942484193e-7,0.1,0.09891313260173207,0.01,"Anderson(SD(0.1); m=10, warmup=100, αw=0.2)","VariableCell(BB(1.0), field_updater)",128,64,,,,256,1,,,,,,,,cases/f0.4_chiN39/native_profiles.csv#model=burp_ti,accepted,model_gates_pass,
liu2019-stress-free-period-map-v2,stress_free_lamellar_observable,f0.4_chiN39,0.4,39.0,11.344,bvk2,BVK2,frozen_c2_evaluation,4.721415210306148,4.747830364883139,-0.0055636264455377615,0.0055636264455377615,0.01140990752466686,0.9993118911041408,0.9996566246900783,0.99609375,false,1.4731413315559527,FilteredUDThetaAnalyticCellStressRoot,11,true,false,true,true,true,true,true,4.6112133770726885e-5,0.998642494084009,0.3999999999999999,-7.758377904674722,1.3319715316202493e-11,5.112195658449692e-11,oversampled filtered UD-theta L-BFGS with cosine-Newton polish,1.1546319456101628e-14,Polyorder.Successful(),1.9929551637143541e-7,6.470873942484193e-7,0.1,0.09891313260173207,0.01,"Anderson(SD(0.1); m=10, warmup=100, αw=0.2)","VariableCell(BB(1.0), field_updater)",256,,2,12.0,ud-theta-spectral-adaptive-k-physical-sensor-filter-oversampled-v2,,,0.16,,,,,,,cases/f0.4_chiN39/native_profiles.csv#model=bvk2,accepted,model_gates_pass,
liu2019-stress-free-period-map-v2,stress_free_lamellar_observable,f0.4_chiN39,0.4,39.0,11.344,ohta_kawasaki,Ohta-Kawasaki (recomputed),liu2019_ok_asymptotic_quadratic_extrapolated_c3_c4,3.769068969444682,4.747830364883139,-0.20614919241381702,0.20614919241381702,0.12780186140681593,0.913668898546699,0.9975256715393391,0.0,false,1.127928887307644,StressRootBisection,110,true,false,true,true,true,true,true,0.10159653025002302,0.828738909444139,0.39999999999999997,-5.056858759735813,1.8437944232604489e-6,5.943935121432986e-6,mean-constrained Fourier nonlinear conjugate gradient,8.290036257209656e-8,Polyorder.Successful(),1.9929551637143541e-7,6.470873942484193e-7,0.1,0.09891313260173207,0.01,"Anderson(SD(0.1); m=10, warmup=100, αw=0.2)","VariableCell(BB(1.0), field_updater)",128,,,,,,,,-35.021727022714686,-30.760332608925534,123.55838503597093,1.0416666666666667,13.02083333333333,,cases/f0.4_chiN39/native_profiles.csv#model=ohta_kawasaki,accepted,model_gates_pass,
liu2019-stress-free-period-map-v2,stress_free_lamellar_observable,f0.4_chiN40,0.4,40.0,11.344,scft,SCFT,reference,4.775065553487122,4.775065553487122,0.0,0.0,0.0,1.0,1.0,0.0,false,,Polyorder.cell_solve!,197,true,false,true,true,true,true,true,0.0002059411634919185,0.9974428839440503,0.3999999999999997,4.294074657203748,,,not_applicable,1.4354671336679324e-7,Polyorder.Successful(),9.960493010229883e-7,6.928021801132011e-7,0.1,0.09948053236431503,0.01,"Anderson(SD(0.1); m=10, warmup=100, αw=0.2)","VariableCell(BB(1.0), field_updater)",48,,,,Polyorder pseudospectral SCFT,,,,,,,,,,cases/f0.4_chiN40/native_profiles.csv#model=scft,accepted,reference_gates_pass,
liu2019-stress-free-period-map-v2,stress_free_lamellar_observable,f0.4_chiN40,0.4,40.0,11.344,liu2019_opf,OPF (force/stress mapped),per_state_force_stress_mapping,4.770919303044169,4.775065553487122,-0.000868312779481184,0.000868312779481184,0.0586016473910584,0.9819526371293231,0.9915231563875596,0.0,false,1.212913799285889,StressRootBisection,49,true,false,true,true,true,true,true,-0.03230496482087808,0.9589845548149123,0.39999999999999997,-0.420537117188225,4.71612079851313e-7,1.0947217344153826e-6,mean-constrained Fourier nonlinear conjugate gradient,3.07075051618038e-8,Polyorder.Successful(),9.960493010229883e-7,6.928021801132011e-7,0.1,0.09948053236431503,0.01,"Anderson(SD(0.1); m=10, warmup=100, αw=0.2)","VariableCell(BB(1.0), field_updater)",128,,,,,,,,-1.0,-0.4891886287287772,1.9618645237102483,0.0216129079466374,0.1407162140731111,0.0707642805604781,cases/f0.4_chiN40/native_profiles.csv#model=liu2019_opf,accepted,model_gates_pass,
liu2019-stress-free-period-map-v2,stress_free_lamellar_observable,f0.4_chiN40,0.4,40.0,11.344,uneyama_doi,Uneyama-Doi,not_applicable,3.86215628164373,4.775065553487122,-0.19118256317480609,0.19118256317480609,0.014606207694344593,0.9988788362580028,0.9998388767063555,0.99609375,false,1.2050416652614016,BootstrapLocal,20,true,false,true,true,true,true,true,0.013143583447650568,0.9869504570865157,0.4000000000000434,-5.653923777850885,7.213314211114126e-7,2.1185256406930364e-6,mean-constrained fused-spectral L-BFGS with profile continuation,,Polyorder.Successful(),9.960493010229883e-7,6.928021801132011e-7,0.1,0.09948053236431503,0.01,"Anderson(SD(0.1); m=10, warmup=100, αw=0.2)","VariableCell(BB(1.0), field_updater)",128,,,,,,1,,,,,,,,cases/f0.4_chiN40/native_profiles.csv#model=uneyama_doi,accepted,model_gates_pass,
liu2019-stress-free-period-map-v2,stress_free_lamellar_observable,f0.4_chiN40,0.4,40.0,11.344,burp_ti,BURP-TI,not_applicable,3.78761877474263,4.775065553487122,-0.20679229796612564,0.20679229796612564,0.01287678689538625,0.999128616930657,0.9997423335495242,0.99609375,false,1.1817850192609693,BoundedKKTNewtonGMRES+AnalyticStressRoot,2,true,false,true,true,true,true,true,1.0e-6,0.9999989999999952,0.4000000000000005,-6.863585445435358,0.00026446352157758683,0.0006532278929416435,bounded-KKT Newton-GMRES,2.085400958421644e-5,Polyorder.Successful(),9.960493010229883e-7,6.928021801132011e-7,0.1,0.09948053236431503,0.01,"Anderson(SD(0.1); m=10, warmup=100, αw=0.2)","VariableCell(BB(1.0), field_updater)",128,64,,,,256,1,,,,,,,,cases/f0.4_chiN40/native_profiles.csv#model=burp_ti,accepted,model_gates_pass,
liu2019-stress-free-period-map-v2,stress_free_lamellar_observable,f0.4_chiN40,0.4,40.0,11.344,bvk2,BVK2,frozen_c2_evaluation,4.748147301151027,4.775065553487122,-0.005637252941257831,0.005637252941257831,0.011885145588872634,0.9992576595722287,0.9996295526833244,0.99609375,false,1.4814820824004322,FilteredUDThetaAnalyticCellStressRoot,14,true,false,true,true,true,true,true,3.538397879775925e-5,0.998842810450176,0.4,-8.168938484417147,4.660435484131635e-8,1.1869267795848669e-7,oversampled filtered UD-theta L-BFGS with cosine-Newton polish,2.1910047109940933e-9,Polyorder.Successful(),9.960493010229883e-7,6.928021801132011e-7,0.1,0.09948053236431503,0.01,"Anderson(SD(0.1); m=10, warmup=100, αw=0.2)","VariableCell(BB(1.0), field_updater)",256,,2,12.0,ud-theta-spectral-adaptive-k-physical-sensor-filter-oversampled-v2,,,0.16,,,,,,,cases/f0.4_chiN40/native_profiles.csv#model=bvk2,accepted,model_gates_pass,
liu2019-stress-free-period-map-v2,stress_free_lamellar_observable,f0.4_chiN40,0.4,40.0,11.344,ohta_kawasaki,Ohta-Kawasaki (recomputed),liu2019_ok_asymptotic_quadratic_extrapolated_c3_c4,3.78352452950306,4.775065553487122,-0.2076497197530538,0.2076497197530538,0.1286175989158935,0.9130649524096999,0.9975864565583308,0.0,false,1.1322548478841779,StressRootBisection,105,true,false,true,true,true,true,true,0.10224942756235506,0.8282770240392485,0.4,-5.27552979439609,6.933667024406821e-6,1.9672180329166622e-5,mean-constrained Fourier nonlinear conjugate gradient,5.279925079212996e-9,Polyorder.Successful(),9.960493010229883e-7,6.928021801132011e-7,0.1,0.09948053236431503,0.01,"Anderson(SD(0.1); m=10, warmup=100, αw=0.2)","VariableCell(BB(1.0), field_updater)",128,,,,,,,,-36.021727022714686,-31.991280350175234,128.18604695741936,1.0416666666666667,13.02083333333333,,cases/f0.4_chiN40/native_profiles.csv#model=ohta_kawasaki,accepted,model_gates_pass,
liu2019-stress-free-period-map-v2,stress_free_lamellar_observable,f0.4_chiN41,0.4,41.0,11.344,scft,SCFT,reference,4.801612673207055,4.801612673207055,0.0,0.0,0.0,1.0,1.0,0.0,false,,Polyorder.cell_solve!,12,true,false,true,true,true,true,true,0.00017528410358895325,0.9977106286772983,0.3999999999999986,4.342590499772179,,,not_applicable,4.2411049351576305e-8,Polyorder.Successful(),8.821863159410543e-8,6.12940475300634e-8,0.1,0.0960322534641411,0.01,"Anderson(SD(0.1); m=10, warmup=100, αw=0.2)","VariableCell(BB(1.0), field_updater)",50,,,,Polyorder pseudospectral SCFT,,,,,,,,,,cases/f0.4_chiN41/native_profiles.csv#model=scft,accepted,reference_gates_pass,
liu2019-stress-free-period-map-v2,stress_free_lamellar_observable,f0.4_chiN41,0.4,41.0,11.344,liu2019_opf,OPF (force/stress mapped),per_state_force_stress_mapping,4.7984131909735295,4.801612673207055,-0.0006663349277168384,0.0006663349277168384,0.059310845707740374,0.9816214199956881,0.9913530018003043,0.0,false,1.218863868713379,StressRootBisection,48,true,false,true,true,true,true,true,-0.03258418447675371,0.9594199109212176,0.4,-0.4271423539437328,4.967943077923346e-7,1.5692444289006069e-6,mean-constrained Fourier nonlinear conjugate gradient,1.1911054166924456e-8,Polyorder.Successful(),8.821863159410543e-8,6.12940475300634e-8,0.1,0.0960322534641411,0.01,"Anderson(SD(0.1); m=10, warmup=100, αw=0.2)","VariableCell(BB(1.0), field_updater)",128,,,,,,,,-1.0,-0.490951713319959,1.964920485140613,0.020941215913915876,0.13587877155645767,0.07039729150081449,cases/f0.4_chiN41/native_profiles.csv#model=liu2019_opf,accepted,model_gates_pass,
liu2019-stress-free-period-map-v2,stress_free_lamellar_observable,f0.4_chiN41,0.4,41.0,11.344,uneyama_doi,Uneyama-Doi,not_applicable,3.874193492205655,4.801612673207055,-0.1931474369385079,0.1931474369385079,0.014026807111069963,0.9989720751396279,0.9998559910366379,0.99609375,false,1.2087974273805024,BootstrapLocal,16,true,false,true,true,true,true,true,0.012453904083481394,0.9877259786497212,0.39999999999939356,-5.956954548242198,9.783348228249035e-7,2.4889131389205232e-6,mean-constrained fused-spectral L-BFGS with profile continuation,,Polyorder.Successful(),8.821863159410543e-8,6.12940475300634e-8,0.1,0.0960322534641411,0.01,"Anderson(SD(0.1); m=10, warmup=100, αw=0.2)","VariableCell(BB(1.0), field_updater)",128,,,,,,1,,,,,,,,cases/f0.4_chiN41/native_profiles.csv#model=uneyama_doi,accepted,model_gates_pass,
liu2019-stress-free-period-map-v2,stress_free_lamellar_observable,f0.4_chiN41,0.4,41.0,11.344,burp_ti,BURP-TI,not_applicable,3.806701402018447,4.801612673207055,-0.20720356657258132,0.20720356657258132,0.012465217546342298,0.9991882104721962,0.9997611371557216,0.99609375,false,1.1877390406089159,BoundedKKTNewtonGMRES+AnalyticStressRoot,1,true,false,true,true,true,true,true,1.0e-6,0.9999989999999925,0.40000000000000024,-7.205908344681303,0.00019662393086090143,0.00038916593094917573,bounded-KKT Newton-GMRES,3.5399897082531103e-6,Polyorder.Successful(),8.821863159410543e-8,6.12940475300634e-8,0.1,0.0960322534641411,0.01,"Anderson(SD(0.1); m=10, warmup=100, αw=0.2)","VariableCell(BB(1.0), field_updater)",128,64,,,,256,1,,,,,,,,cases/f0.4_chiN41/native_profiles.csv#model=burp_ti,accepted,model_gates_pass,
liu2019-stress-free-period-map-v2,stress_free_lamellar_observable,f0.4_chiN41,0.4,41.0,11.344,bvk2,BVK2,frozen_c2_evaluation,4.774224915211589,4.801612673207055,-0.005703866567224214,0.005703866567224214,0.013356954826578778,0.9990679083138665,0.999534894720548,0.99609375,false,1.4896186282007515,FilteredUDThetaAnalyticCellStressRoot,10,true,false,true,true,true,true,true,2.7191129470488307e-5,0.9990124323709901,0.4,-8.584467515995613,1.7544165717477195e-11,5.8163426064328585e-11,oversampled filtered UD-theta L-BFGS with cosine-Newton polish,4.262812325350751e-12,Polyorder.Successful(),8.821863159410543e-8,6.12940475300634e-8,0.1,0.0960322534641411,0.01,"Anderson(SD(0.1); m=10, warmup=100, αw=0.2)","VariableCell(BB(1.0), field_updater)",256,,2,12.0,ud-theta-spectral-adaptive-k-physical-sensor-filter-oversampled-v2,,,0.16,,,,,,,cases/f0.4_chiN41/native_profiles.csv#model=bvk2,accepted,model_gates_pass,
liu2019-stress-free-period-map-v2,stress_free_lamellar_observable,f0.4_chiN41,0.4,41.0,11.344,ohta_kawasaki,Ohta-Kawasaki (recomputed),liu2019_ok_asymptotic_quadratic_extrapolated_c3_c4,3.797782563806428,4.801612673207055,-0.2090610338068266,0.2090610338068266,0.12954431001445052,0.9123240653510012,0.9976144330295273,0.0,false,1.136521697044373,StressRootBisection,102,true,false,true,true,true,true,true,0.10288892788917897,0.8277877181048167,0.39999999999999997,-5.494868590421432,3.5904068107595686e-6,1.118199744531978e-5,mean-constrained Fourier nonlinear conjugate gradient,4.122477896946505e-8,Polyorder.Successful(),8.821863159410543e-8,6.12940475300634e-8,0.1,0.0960322534641411,0.01,"Anderson(SD(0.1); m=10, warmup=100, αw=0.2)","VariableCell(BB(1.0), field_updater)",128,,,,,,,,-37.021727022714686,-33.232846091424925,132.85020769886776,1.0416666666666667,13.02083333333333,,cases/f0.4_chiN41/native_profiles.csv#model=ohta_kawasaki,accepted,model_gates_pass,
liu2019-stress-free-period-map-v2,stress_free_lamellar_observable,f0.4_chiN42,0.4,42.0,11.344,scft,SCFT,reference,4.8276945876417425,4.8276945876417425,0.0,0.0,0.0,1.0,1.0,0.0,false,,Polyorder.cell_solve!,209,true,false,true,true,true,true,true,0.00014951322308671362,0.9979475105977461,0.39999999999999986,4.390076931377214,,,not_applicable,1.0813281370056394e-6,Polyorder.Successful(),1.9862471890739964e-7,1.188821994337058e-7,0.1,0.10057697057586963,0.01,"Anderson(SD(0.1); m=10, warmup=100, αw=0.2)","VariableCell(BB(1.0), field_updater)",48,,,,Polyorder pseudospectral SCFT,,,,,,,,,,cases/f0.4_chiN42/native_profiles.csv#model=scft,accepted,reference_gates_pass,
liu2019-stress-free-period-map-v2,stress_free_lamellar_observable,f0.4_chiN42,0.4,42.0,11.344,liu2019_opf,OPF (force/stress mapped),per_state_force_stress_mapping,4.828326221950606,4.8276945876417425,0.00013083559810933565,0.00013083559810933565,0.06014023305258834,0.9811927814466069,0.9911548589736591,0.0,false,1.2255849838256836,StressRootBisection,48,true,false,true,true,true,true,true,-0.03279321622454018,0.9597266005479804,0.4,-0.43420542850347155,5.733713708033944e-7,1.6320374669198667e-6,mean-constrained Fourier nonlinear conjugate gradient,7.122948860604006e-8,Polyorder.Successful(),1.9862471890739964e-7,1.188821994337058e-7,0.1,0.10057697057586963,0.01,"Anderson(SD(0.1); m=10, warmup=100, αw=0.2)","VariableCell(BB(1.0), field_updater)",128,,,,,,,,-1.0,-0.49290878936527555,1.969163913076139,0.020204222720113123,0.13072207259759228,0.07044830821341679,cases/f0.4_chiN42/native_profiles.csv#model=liu2019_opf,accepted,model_gates_pass,
liu2019-stress-free-period-map-v2,stress_free_lamellar_observable,f0.4_chiN42,0.4,42.0,11.344,uneyama_doi,Uneyama-Doi,not_applicable,3.88718381767298,4.8276945876417425,-0.19481571439426704,0.19481571439426704,0.013408067122842624,0.9990651827692021,0.9998650822068543,0.99609375,false,1.2128505734191113,BootstrapLocal,16,true,false,true,true,true,true,true,0.011813027072507075,0.9884278056331606,0.4000000000001787,-6.265563759834333,8.884443066679247e-7,2.339804147877267e-6,mean-constrained fused-spectral L-BFGS with profile continuation,,Polyorder.Successful(),1.9862471890739964e-7,1.188821994337058e-7,0.1,0.10057697057586963,0.01,"Anderson(SD(0.1); m=10, warmup=100, αw=0.2)","VariableCell(BB(1.0), field_updater)",128,,,,,,1,,,,,,,,cases/f0.4_chiN42/native_profiles.csv#model=uneyama_doi,accepted,model_gates_pass,
liu2019-stress-free-period-map-v2,stress_free_lamellar_observable,f0.4_chiN42,0.4,42.0,11.344,burp_ti,BURP-TI,not_applicable,3.824971366252904,4.8276945876417425,-0.20770229002382978,0.20770229002382978,0.012402803331353372,0.9992001029918043,0.9997639197734196,0.99609375,false,1.193439500797437,BoundedKKTNewtonGMRES+AnalyticStressRoot,1,true,false,true,true,true,true,true,1.0e-6,0.9999989999999986,0.4000000000000002,-7.551127639053914,0.0002853084368369201,0.0005955452539465611,bounded-KKT Newton-GMRES,2.910298498761348e-5,Polyorder.Successful(),1.9862471890739964e-7,1.188821994337058e-7,0.1,0.10057697057586963,0.01,"Anderson(SD(0.1); m=10, warmup=100, αw=0.2)","VariableCell(BB(1.0), field_updater)",128,64,,,,256,1,,,,,,,,cases/f0.4_chiN42/native_profiles.csv#model=burp_ti,accepted,model_gates_pass,
liu2019-stress-free-period-map-v2,stress_free_lamellar_observable,f0.4_chiN42,0.4,42.0,11.344,bvk2,BVK2,frozen_c2_evaluation,4.79968180116518,4.8276945876417425,-0.005802518359026121,0.005802518359026121,0.013167441807046322,0.9990984347303912,0.9995499748096058,0.0,false,1.4975614989715915,FilteredUDThetaAnalyticCellStressRoot,10,true,false,true,true,true,true,true,2.0924373048442392e-5,0.9991562838167968,0.39999999999999997,-9.004809718479024,1.4683333985161795e-11,6.970035818894293e-11,oversampled filtered UD-theta L-BFGS with cosine-Newton polish,2.865707671162454e-12,Polyorder.Successful(),1.9862471890739964e-7,1.188821994337058e-7,0.1,0.10057697057586963,0.01,"Anderson(SD(0.1); m=10, warmup=100, αw=0.2)","VariableCell(BB(1.0), field_updater)",256,,2,12.0,ud-theta-spectral-adaptive-k-physical-sensor-filter-oversampled-v2,,,0.16,,,,,,,cases/f0.4_chiN42/native_profiles.csv#model=bvk2,accepted,model_gates_pass,
liu2019-stress-free-period-map-v2,stress_free_lamellar_observable,f0.4_chiN42,0.4,42.0,11.344,ohta_kawasaki,Ohta-Kawasaki (recomputed),liu2019_ok_asymptotic_quadratic_extrapolated_c3_c4,3.8118465230429295,4.8276945876417425,-0.21042094651124976,0.21042094651124976,0.13023382123933971,0.911805414179439,0.9976755370555276,0.0,false,1.1407304674386978,StressRootBisection,107,true,false,true,true,true,true,true,0.10354453433284311,0.8272756720703859,0.40000000000000013,-5.714811063019876,1.3880751353070454e-6,3.335694618300522e-6,mean-constrained Fourier nonlinear conjugate gradient,7.324699959517546e-8,Polyorder.Successful(),1.9862471890739964e-7,1.188821994337058e-7,0.1,0.10057697057586963,0.01,"Anderson(SD(0.1); m=10, warmup=100, αw=0.2)","VariableCell(BB(1.0), field_updater)",128,,,,,,,,-38.021727022714686,-34.48502983267462,137.5508672603162,1.0416666666666667,13.02083333333333,,cases/f0.4_chiN42/native_profiles.csv#model=ohta_kawasaki,accepted,model_gates_pass,
liu2019-stress-free-period-map-v2,stress_free_lamellar_observable,f0.4_chiN43,0.4,43.0,11.344,scft,SCFT,reference,4.853151189875319,4.853151189875319,0.0,0.0,0.0,1.0,1.0,0.0,false,,Polyorder.cell_solve!,248,true,false,true,true,true,true,true,0.00012777415487565588,0.9981573448175098,0.4000000000000008,4.436591613947858,,,not_applicable,4.6040982652804455e-6,Polyorder.Successful(),1.8088420619562308e-7,1.1079676642435649e-7,0.1,0.1011073164557358,0.01,"Anderson(SD(0.1); m=10, warmup=100, αw=0.2)","VariableCell(BB(1.0), field_updater)",48,,,,Polyorder pseudospectral SCFT,,,,,,,,,,cases/f0.4_chiN43/native_profiles.csv#model=scft,accepted,reference_gates_pass,
liu2019-stress-free-period-map-v2,stress_free_lamellar_observable,f0.4_chiN43,0.4,43.0,11.344,liu2019_opf,OPF (force/stress mapped),per_state_force_stress_mapping,4.856187243479373,4.853151189875319,0.000625583973231203,0.000625583973231203,0.060923275007948495,0.980793941836822,0.9909615276407633,0.0,false,1.2318154335021974,StressRootBisection,49,true,false,true,true,true,true,true,-0.03303831191431267,0.9600607742335011,0.39999999999999997,-0.44076710401517155,5.550845707415182e-7,1.480563252817535e-6,mean-constrained Fourier nonlinear conjugate gradient,2.9019753909383716e-8,Polyorder.Successful(),1.8088420619562308e-7,1.1079676642435649e-7,0.1,0.1011073164557358,0.01,"Anderson(SD(0.1); m=10, warmup=100, αw=0.2)","VariableCell(BB(1.0), field_updater)",128,,,,,,,,-1.0,-0.4946337864667227,1.9725938754230303,0.019551433275804355,0.12615339505183074,0.07029036146542782,cases/f0.4_chiN43/native_profiles.csv#model=liu2019_opf,accepted,model_gates_pass,
liu2019-stress-free-period-map-v2,stress_free_lamellar_observable,f0.4_chiN43,0.4,43.0,11.344,uneyama_doi,Uneyama-Doi,not_applicable,3.8998684598767164,4.853151189875319,-0.19642551668024433,0.19642551668024433,0.012991634634829528,0.9991266278204425,0.9998676106027042,0.99609375,false,1.2168083424087002,BootstrapLocal,16,true,false,true,true,true,true,true,0.01122272520785582,0.9890669483449529,0.4000000000000274,-6.577743713727614,9.506533216377162e-7,2.3149480007922385e-6,mean-constrained fused-spectral L-BFGS with profile continuation,,Polyorder.Successful(),1.8088420619562308e-7,1.1079676642435649e-7,0.1,0.1011073164557358,0.01,"Anderson(SD(0.1); m=10, warmup=100, αw=0.2)","VariableCell(BB(1.0), field_updater)",128,,,,,,1,,,,,,,,cases/f0.4_chiN43/native_profiles.csv#model=uneyama_doi,accepted,model_gates_pass,
liu2019-stress-free-period-map-v2,stress_free_lamellar_observable,f0.4_chiN43,0.4,43.0,11.344,burp_ti,BURP-TI,not_applicable,3.8430179275591834,4.853151189875319,-0.20813966488896596,0.20813966488896596,0.012315056915251584,0.9992152260045368,0.9997645841202846,0.99609375,false,1.1990702564434785,BoundedKKTNewtonGMRES+AnalyticStressRoot,1,true,false,true,true,true,true,true,1.0e-6,0.9999989999999956,0.4000000000000005,-7.90018900555522,0.00021336409305330834,0.0004236149255429922,bounded-KKT Newton-GMRES,4.474909771899417e-6,Polyorder.Successful(),1.8088420619562308e-7,1.1079676642435649e-7,0.1,0.1011073164557358,0.01,"Anderson(SD(0.1); m=10, warmup=100, αw=0.2)","VariableCell(BB(1.0), field_updater)",128,64,,,,256,1,,,,,,,,cases/f0.4_chiN43/native_profiles.csv#model=burp_ti,accepted,model_gates_pass,
liu2019-stress-free-period-map-v2,stress_free_lamellar_observable,f0.4_chiN43,0.4,43.0,11.344,bvk2,BVK2,frozen_c2_evaluation,4.824548954258223,4.853151189875319,-0.005893538960163869,0.005893538960163869,0.013240384218754462,0.9990928628918307,0.9995472634432917,0.5,false,1.5053203656223209,FilteredUDThetaAnalyticCellStressRoot,10,true,false,true,true,true,true,true,1.6123504257746407e-5,0.9992784557018511,0.4000000000000001,-9.429819947211456,1.492504963730841e-11,6.14289020443177e-11,oversampled filtered UD-theta L-BFGS with cosine-Newton polish,4.04121180963557e-14,Polyorder.Successful(),1.8088420619562308e-7,1.1079676642435649e-7,0.1,0.1011073164557358,0.01,"Anderson(SD(0.1); m=10, warmup=100, αw=0.2)","VariableCell(BB(1.0), field_updater)",256,,2,12.0,ud-theta-spectral-adaptive-k-physical-sensor-filter-oversampled-v2,,,0.16,,,,,,,cases/f0.4_chiN43/native_profiles.csv#model=bvk2,accepted,model_gates_pass,
liu2019-stress-free-period-map-v2,stress_free_lamellar_observable,f0.4_chiN43,0.4,43.0,11.344,ohta_kawasaki,Ohta-Kawasaki (recomputed),liu2019_ok_asymptotic_quadratic_extrapolated_c3_c4,3.825719753334411,4.853151189875319,-0.21170398290585768,0.21170398290585768,0.13103003958500184,0.9111589870818482,0.997710044811275,0.0,false,1.144882160425186,StressRootBisection,106,true,false,true,true,true,true,true,0.10416703488712964,0.8267447802634138,0.4,-5.935296868982155,7.320123802705248e-6,2.2457148586951803e-5,mean-constrained Fourier nonlinear conjugate gradient,4.4039196677910615e-8,Polyorder.Successful(),1.8088420619562308e-7,1.1079676642435649e-7,0.1,0.1011073164557358,0.01,"Anderson(SD(0.1); m=10, warmup=100, αw=0.2)","VariableCell(BB(1.0), field_updater)",128,,,,,,,,-39.021727022714686,-35.74783157392432,142.28802564176462,1.0416666666666667,13.02083333333333,,cases/f0.4_chiN43/native_profiles.csv#model=ohta_kawasaki,accepted,model_gates_pass,
liu2019-stress-free-period-map-v2,stress_free_lamellar_observable,f0.4_chiN44,0.4,44.0,11.344,scft,SCFT,reference,4.8781149704043765,4.8781149704043765,0.0,0.0,0.0,1.0,1.0,0.0,false,,Polyorder.cell_solve!,69,true,false,true,true,true,true,true,0.00010938135087039181,0.9983440339922194,0.39999999999999875,4.482176156680806,,,not_applicable,2.667028141743481e-7,Polyorder.Successful(),1.801333910121955e-7,1.2093028079301633e-7,0.1,0.10162739521675784,0.01,"Anderson(SD(0.1); m=10, warmup=100, αw=0.2)","VariableCell(BB(1.0), field_updater)",48,,,,Polyorder pseudospectral SCFT,,,,,,,,,,cases/f0.4_chiN44/native_profiles.csv#model=scft,accepted,reference_gates_pass,
liu2019-stress-free-period-map-v2,stress_free_lamellar_observable,f0.4_chiN44,0.4,44.0,11.344,liu2019_opf,OPF (force/stress mapped),per_state_force_stress_mapping,4.8835806948975184,4.8781149704043765,0.0011204583176702698,0.0011204583176702698,0.06169486069991977,0.9803956562951547,0.9907685035527398,0.0,false,1.2379858016967773,StressRootBisection,48,true,false,true,true,true,true,true,-0.033244119751681234,0.9603850246211464,0.39999999999999997,-0.4471676559313585,4.2508836389965725e-7,1.0578810557965168e-6,mean-constrained Fourier nonlinear conjugate gradient,6.54678276242639e-8,Polyorder.Successful(),1.801333910121955e-7,1.2093028079301633e-7,0.1,0.10162739521675784,0.01,"Anderson(SD(0.1); m=10, warmup=100, αw=0.2)","VariableCell(BB(1.0), field_updater)",128,,,,,,,,-1.0,-0.49627871011852853,1.975892985346532,0.01892968836108524,0.12183501468007987,0.07013342005928451,cases/f0.4_chiN44/native_profiles.csv#model=liu2019_opf,accepted,model_gates_pass,
liu2019-stress-free-period-map-v2,stress_free_lamellar_observable,f0.4_chiN44,0.4,44.0,11.344,uneyama_doi,Uneyama-Doi,not_applicable,3.9126415791255815,4.8781149704043765,-0.19791935965764273,0.19791935965764273,0.01260714671353852,0.9991813694537262,0.9998698565184737,0.99609375,false,1.220793717356729,BootstrapLocal,16,true,false,true,true,true,true,true,0.010669643127862548,0.9896496341708573,0.3999999999996738,-6.894030061937995,9.624948641364654e-7,2.76841567053987e-6,mean-constrained fused-spectral L-BFGS with profile continuation,,Polyorder.Successful(),1.801333910121955e-7,1.2093028079301633e-7,0.1,0.10162739521675784,0.01,"Anderson(SD(0.1); m=10, warmup=100, αw=0.2)","VariableCell(BB(1.0), field_updater)",128,,,,,,1,,,,,,,,cases/f0.4_chiN44/native_profiles.csv#model=uneyama_doi,accepted,model_gates_pass,
liu2019-stress-free-period-map-v2,stress_free_lamellar_observable,f0.4_chiN44,0.4,44.0,11.344,burp_ti,BURP-TI,not_applicable,3.861098436971126,4.8781149704043765,-0.20848556042723687,0.20848556042723687,0.012260795505441931,0.9992257314303322,0.9997643005437701,0.99609375,false,1.2047116043283626,BoundedKKTNewtonGMRES+AnalyticStressRoot,1,true,false,true,true,true,true,true,1.0e-6,0.9999989999999932,0.40000000000000024,-8.25355781538661,0.0004536331898631715,0.0008928528076515008,bounded-KKT Newton-GMRES,7.3639590474579606e-6,Polyorder.Successful(),1.801333910121955e-7,1.2093028079301633e-7,0.1,0.10162739521675784,0.01,"Anderson(SD(0.1); m=10, warmup=100, αw=0.2)","VariableCell(BB(1.0), field_updater)",128,64,,,,256,1,,,,,,,,cases/f0.4_chiN44/native_profiles.csv#model=burp_ti,accepted,model_gates_pass,
liu2019-stress-free-period-map-v2,stress_free_lamellar_observable,f0.4_chiN44,0.4,44.0,11.344,bvk2,BVK2,frozen_c2_evaluation,4.848854897218721,4.8781149704043765,-0.005998233613429993,0.005998233613429993,0.01325794609348354,0.9990946701711894,0.9995482448722334,0.5,false,1.5129041276052517,FilteredUDThetaAnalyticCellStressRoot,11,true,false,true,true,true,true,true,1.244018799902813e-5,0.9993823554498603,0.3999999999999999,-9.859362131070235,8.21415441647969e-11,3.8873112697306974e-10,oversampled filtered UD-theta L-BFGS with cosine-Newton polish,1.7649126604624144e-10,Polyorder.Successful(),1.801333910121955e-7,1.2093028079301633e-7,0.1,0.10162739521675784,0.01,"Anderson(SD(0.1); m=10, warmup=100, αw=0.2)","VariableCell(BB(1.0), field_updater)",256,,2,12.0,ud-theta-spectral-adaptive-k-physical-sensor-filter-oversampled-v2,,,0.16,,,,,,,cases/f0.4_chiN44/native_profiles.csv#model=bvk2,accepted,model_gates_pass,
liu2019-stress-free-period-map-v2,stress_free_lamellar_observable,f0.4_chiN44,0.4,44.0,11.344,ohta_kawasaki,Ohta-Kawasaki (recomputed),liu2019_ok_asymptotic_quadratic_extrapolated_c3_c4,3.839406019067947,4.8781149704043765,-0.21293244575789994,0.21293244575789994,0.13181364581922703,0.9105098828443334,0.9977438657071854,0.0,false,1.148977902531624,StressRootBisection,106,true,false,true,true,true,true,true,0.10480164688485638,0.8261984319960106,0.4000000000000001,-6.156269922940647,3.8348762039840664e-6,8.66394560627981e-6,mean-constrained Fourier nonlinear conjugate gradient,3.966713668561637e-8,Polyorder.Successful(),1.801333910121955e-7,1.2093028079301633e-7,0.1,0.10162739521675784,0.01,"Anderson(SD(0.1); m=10, warmup=100, αw=0.2)","VariableCell(BB(1.0), field_updater)",128,,,,,,,,-40.021727022714686,-37.02125131517402,147.06168284321302,1.0416666666666667,13.02083333333333,,cases/f0.4_chiN44/native_profiles.csv#model=ohta_kawasaki,accepted,model_gates_pass,
liu2019-stress-free-period-map-v2,stress_free_lamellar_observable,f0.4_chiN45,0.4,45.0,11.344,scft,SCFT,reference,4.9023755444972466,4.9023755444972466,0.0,0.0,0.0,1.0,1.0,0.0,false,,Polyorder.cell_solve!,55,true,false,true,true,true,true,true,9.37980250755384e-5,0.9985099476716756,0.3999999999999996,4.526882711467341,,,not_applicable,4.584278157042724e-7,Polyorder.Successful(),7.240521618248214e-7,5.178490991967494e-7,0.1,0.09804751088994493,0.01,"Anderson(SD(0.1); m=10, warmup=100, αw=0.2)","VariableCell(BB(1.0), field_updater)",50,,,,Polyorder pseudospectral SCFT,,,,,,,,,,cases/f0.4_chiN45/native_profiles.csv#model=scft,accepted,reference_gates_pass,
liu2019-stress-free-period-map-v2,stress_free_lamellar_observable,f0.4_chiN45,0.4,45.0,11.344,liu2019_opf,OPF (force/stress mapped),per_state_force_stress_mapping,4.907073964591847,4.9023755444972466,0.0009583966083288598,0.0009583966083288598,0.06237247456814809,0.9800600123332143,0.9905932646222659,0.0,false,1.2431147575378416,StressRootBisection,49,true,false,true,true,true,true,true,-0.033477569959233955,0.9607583038664052,0.4000000000000001,-0.4526928935587938,5.37898956476732e-7,1.29070128734865e-6,mean-constrained Fourier nonlinear conjugate gradient,1.8233728798688667e-8,Polyorder.Successful(),7.240521618248214e-7,5.178490991967494e-7,0.1,0.09804751088994493,0.01,"Anderson(SD(0.1); m=10, warmup=100, αw=0.2)","VariableCell(BB(1.0), field_updater)",128,,,,,,,,-1.0,-0.49755422330573557,1.9777179271754322,0.0184379122842222,0.11835474934217215,0.0695511299935209,cases/f0.4_chiN45/native_profiles.csv#model=liu2019_opf,accepted,model_gates_pass,
liu2019-stress-free-period-map-v2,stress_free_lamellar_observable,f0.4_chiN45,0.4,45.0,11.344,uneyama_doi,Uneyama-Doi,not_applicable,3.9251148862257046,4.9023755444972466,-0.1993443075507515,0.1993443075507515,0.01243437515447713,0.9992075226313943,0.9998654729058797,0.99609375,false,1.224685547117914,BootstrapLocal,16,true,false,true,true,true,true,true,0.010153824396492487,0.9901830124691333,0.39999999999983454,-7.213646135304964,9.826206032893319e-7,2.4628766431833427e-6,mean-constrained fused-spectral L-BFGS with profile continuation,,Polyorder.Successful(),7.240521618248214e-7,5.178490991967494e-7,0.1,0.09804751088994493,0.01,"Anderson(SD(0.1); m=10, warmup=100, αw=0.2)","VariableCell(BB(1.0), field_updater)",128,,,,,,1,,,,,,,,cases/f0.4_chiN45/native_profiles.csv#model=uneyama_doi,accepted,model_gates_pass,
liu2019-stress-free-period-map-v2,stress_free_lamellar_observable,f0.4_chiN45,0.4,45.0,11.344,burp_ti,BURP-TI,not_applicable,3.878453537087673,4.9023755444972466,-0.20886241743737732,0.20886241743737732,0.012131364022600503,0.999245675514006,0.9997643584311571,0.99609375,false,1.210126615327431,BoundedKKTNewtonGMRES+AnalyticStressRoot,1,true,false,true,true,true,true,true,1.0000000000555111e-6,0.999998999999999,0.4000000000000004,-8.609527766356754,0.00046111325854952275,0.001783945112075358,bounded-KKT Newton-GMRES,9.560308674216851e-6,Polyorder.Successful(),7.240521618248214e-7,5.178490991967494e-7,0.1,0.09804751088994493,0.01,"Anderson(SD(0.1); m=10, warmup=100, αw=0.2)","VariableCell(BB(1.0), field_updater)",128,64,,,,256,1,,,,,,,,cases/f0.4_chiN45/native_profiles.csv#model=burp_ti,accepted,model_gates_pass,
liu2019-stress-free-period-map-v2,stress_free_lamellar_observable,f0.4_chiN45,0.4,45.0,11.344,bvk2,BVK2,frozen_c2_evaluation,4.872625929939241,4.9023755444972466,-0.006068407915301055,0.006068407915301055,0.013479553154050049,0.9990686993043286,0.9995356598221677,0.99609375,false,1.520320990819893,FilteredUDThetaAnalyticCellStressRoot,12,true,false,true,true,true,true,true,9.610262883518296e-6,0.9994708279470988,0.39999999999999986,-10.293308352799357,8.862045186214836e-8,2.7394356315228613e-7,oversampled filtered UD-theta L-BFGS with cosine-Newton polish,4.686410370879912e-9,Polyorder.Successful(),7.240521618248214e-7,5.178490991967494e-7,0.1,0.09804751088994493,0.01,"Anderson(SD(0.1); m=10, warmup=100, αw=0.2)","VariableCell(BB(1.0), field_updater)",256,,2,12.0,ud-theta-spectral-adaptive-k-physical-sensor-filter-oversampled-v2,,,0.16,,,,,,,cases/f0.4_chiN45/native_profiles.csv#model=bvk2,accepted,model_gates_pass,
liu2019-stress-free-period-map-v2,stress_free_lamellar_observable,f0.4_chiN45,0.4,45.0,11.344,ohta_kawasaki,Ohta-Kawasaki (recomputed),liu2019_ok_asymptotic_quadratic_extrapolated_c3_c4,3.852908666365374,4.9023755444972466,-0.21407313018070673,0.21407313018070673,0.13271229723401062,0.9097262944367688,0.9977491841250548,0.0,false,1.1530186951160428,StressRootBisection,106,true,false,true,true,true,true,true,0.10544616516045557,0.8256394672444558,0.4000000000000001,-6.377676862506727,6.763804261254901e-6,1.3742204779454426e-5,mean-constrained Fourier nonlinear conjugate gradient,1.703236565110341e-8,Polyorder.Successful(),7.240521618248214e-7,5.178490991967494e-7,0.1,0.09804751088994493,0.01,"Anderson(SD(0.1); m=10, warmup=100, αw=0.2)","VariableCell(BB(1.0), field_updater)",128,,,,,,,,-41.021727022714686,-38.30528905642372,151.87183886466144,1.0416666666666667,13.02083333333333,,cases/f0.4_chiN45/native_profiles.csv#model=ohta_kawasaki,accepted,model_gates_pass,
liu2019-stress-free-period-map-v2,stress_free_lamellar_observable,f0.4_chiN46,0.4,46.0,11.344,scft,SCFT,reference,4.926307257253816,4.926307257253816,0.0,0.0,0.0,1.0,1.0,0.0,false,,Polyorder.cell_solve!,11,true,false,true,true,true,true,true,8.055092399905017e-5,0.9986578310214842,0.4000000000000022,4.570730179255673,,,not_applicable,2.159847366446354e-7,Polyorder.Successful(),1.0101888708916626e-7,6.734995438578064e-8,0.1,0.09852614514507632,0.01,"Anderson(SD(0.1); m=10, warmup=100, αw=0.2)","VariableCell(BB(1.0), field_updater)",50,,,,Polyorder pseudospectral SCFT,,,,,,,,,,cases/f0.4_chiN46/native_profiles.csv#model=scft,accepted,reference_gates_pass,
liu2019-stress-free-period-map-v2,stress_free_lamellar_observable,f0.4_chiN46,0.4,46.0,11.344,liu2019_opf,OPF (force/stress mapped),per_state_force_stress_mapping,4.932888763033251,4.926307257253816,0.0013359917349335948,0.0013359917349335948,0.06310482665718924,0.9796748718452355,0.9904058113209808,0.0,false,1.2489767074584963,StressRootBisection,48,true,false,true,true,true,true,true,-0.03368050622204616,0.9610452675232983,0.40000000000000013,-0.4586585993689174,5.187415354511246e-7,1.4047627380914252e-6,mean-constrained Fourier nonlinear conjugate gradient,4.464601495986455e-8,Polyorder.Successful(),1.0101888708916626e-7,6.734995438578064e-8,0.1,0.09852614514507632,0.01,"Anderson(SD(0.1); m=10, warmup=100, αw=0.2)","VariableCell(BB(1.0), field_updater)",128,,,,,,,,-1.0,-0.4990087223113045,1.980564392265021,0.01788743498535273,0.11457229420420638,0.06932902214789191,cases/f0.4_chiN46/native_profiles.csv#model=liu2019_opf,accepted,model_gates_pass,
liu2019-stress-free-period-map-v2,stress_free_lamellar_observable,f0.4_chiN46,0.4,46.0,11.344,uneyama_doi,Uneyama-Doi,not_applicable,3.937314032388213,4.926307257253816,-0.20075751941971232,0.20075751941971232,0.012115497229095771,0.9992508123293317,0.9998670567451866,0.99609375,false,1.2284918351949414,BootstrapLocal,16,true,false,true,true,true,true,true,0.009676337556436888,0.9906724608005031,0.4000000000000172,-7.536495615404423,9.94354184005733e-7,3.2751094950489446e-6,mean-constrained fused-spectral L-BFGS with profile continuation,,Polyorder.Successful(),1.0101888708916626e-7,6.734995438578064e-8,0.1,0.09852614514507632,0.01,"Anderson(SD(0.1); m=10, warmup=100, αw=0.2)","VariableCell(BB(1.0), field_updater)",128,,,,,,1,,,,,,,,cases/f0.4_chiN46/native_profiles.csv#model=uneyama_doi,accepted,model_gates_pass,
liu2019-stress-free-period-map-v2,stress_free_lamellar_observable,f0.4_chiN46,0.4,46.0,11.344,burp_ti,BURP-TI,not_applicable,3.8952440975815863,4.926307257253816,-0.2092973714041131,0.2092973714041131,0.012026670507604259,0.9992617576384742,0.9997660603235794,0.99609375,false,1.2153654828156328,BoundedKKTNewtonGMRES+AnalyticStressRoot,1,true,false,true,true,true,true,true,1.0000000000138777e-6,0.9999989999999965,0.40000000000000013,-8.968194882899791,0.00048278433512703045,0.0015962595460594642,bounded-KKT Newton-GMRES,2.5034577714162893e-5,Polyorder.Successful(),1.0101888708916626e-7,6.734995438578064e-8,0.1,0.09852614514507632,0.01,"Anderson(SD(0.1); m=10, warmup=100, αw=0.2)","VariableCell(BB(1.0), field_updater)",128,64,,,,256,1,,,,,,,,cases/f0.4_chiN46/native_profiles.csv#model=burp_ti,accepted,model_gates_pass,
liu2019-stress-free-period-map-v2,stress_free_lamellar_observable,f0.4_chiN46,0.4,46.0,11.344,bvk2,BVK2,frozen_c2_evaluation,4.895886349419809,4.926307257253816,-0.006175194977782517,0.006175194977782517,0.013498706325806395,0.9990699796865583,0.9995363762220264,0.5,false,1.5275785362379184,FilteredUDThetaAnalyticCellStressRoot,11,true,false,true,true,true,true,true,7.433035080440992e-6,0.9995462537469525,0.3999999999999999,-10.731538046126525,5.1351157605543834e-11,2.0049471397845426e-10,oversampled filtered UD-theta L-BFGS with cosine-Newton polish,1.9845680654384523e-10,Polyorder.Successful(),1.0101888708916626e-7,6.734995438578064e-8,0.1,0.09852614514507632,0.01,"Anderson(SD(0.1); m=10, warmup=100, αw=0.2)","VariableCell(BB(1.0), field_updater)",256,,2,12.0,ud-theta-spectral-adaptive-k-physical-sensor-filter-oversampled-v2,,,0.16,,,,,,,cases/f0.4_chiN46/native_profiles.csv#model=bvk2,accepted,model_gates_pass,
liu2019-stress-free-period-map-v2,stress_free_lamellar_observable,f0.4_chiN46,0.4,46.0,11.344,ohta_kawasaki,Ohta-Kawasaki (recomputed),liu2019_ok_asymptotic_quadratic_extrapolated_c3_c4,3.8662320870116162,4.926307257253816,-0.2151865717838196,0.2151865717838196,0.13347352031188545,0.9090718476592379,0.9977815857273528,0.0,false,1.1570058524608609,StressRootBisection,105,true,false,true,true,true,true,true,0.10605795208689478,0.825070319032152,0.4,-6.599469210157696,2.722119185786244e-6,7.253752126068491e-6,mean-constrained Fourier nonlinear conjugate gradient,3.535911195398804e-8,Polyorder.Successful(),1.0101888708916626e-7,6.734995438578064e-8,0.1,0.09852614514507632,0.01,"Anderson(SD(0.1); m=10, warmup=100, αw=0.2)","VariableCell(BB(1.0), field_updater)",128,,,,,,,,-42.021727022714686,-39.59994479767342,156.71849370610985,1.0416666666666667,13.02083333333333,,cases/f0.4_chiN46/native_profiles.csv#model=ohta_kawasaki,accepted,model_gates_pass,
liu2019-stress-free-period-map-v2,stress_free_lamellar_observable,f0.4_chiN47,0.4,47.0,11.344,scft,SCFT,reference,4.949789731974666,4.949789731974666,0.0,0.0,0.0,1.0,1.0,0.0,false,,Polyorder.cell_solve!,44,true,false,true,true,true,true,true,6.92727729818344e-5,0.9987899855761305,0.399999999999999,4.613763985659533,,,not_applicable,1.6244706164330645e-8,Polyorder.Successful(),1.2854771026835232e-7,1.096636935225849e-7,0.1,0.09899579463949332,0.01,"Anderson(SD(0.1); m=10, warmup=100, αw=0.2)","VariableCell(BB(1.0), field_updater)",50,,,,Polyorder pseudospectral SCFT,,,,,,,,,,cases/f0.4_chiN47/native_profiles.csv#model=scft,accepted,reference_gates_pass,
liu2019-stress-free-period-map-v2,stress_free_lamellar_observable,f0.4_chiN47,0.4,47.0,11.344,liu2019_opf,OPF (force/stress mapped),per_state_force_stress_mapping,4.958209886174329,4.949789731974666,0.001701113513018715,0.001701113513018715,0.06382490715157597,0.9792918310333273,0.9902193549822776,0.0,false,1.2547605514526368,StressRootBisection,48,true,false,true,true,true,true,true,-0.033873755227133984,0.961338505638063,0.4000000000000001,-0.4644720185977642,6.853592505386768e-7,2.03038760422658e-6,mean-constrained Fourier nonlinear conjugate gradient,4.1328884133037544e-8,Polyorder.Successful(),1.2854771026835232e-7,1.096636935225849e-7,0.1,0.09899579463949332,0.01,"Anderson(SD(0.1); m=10, warmup=100, αw=0.2)","VariableCell(BB(1.0), field_updater)",128,,,,,,,,-1.0,-0.5003949928180799,1.9832851887467153,0.0173632488765983,0.11099266048143958,0.06910332665461943,cases/f0.4_chiN47/native_profiles.csv#model=liu2019_opf,accepted,model_gates_pass,
liu2019-stress-free-period-map-v2,stress_free_lamellar_observable,f0.4_chiN47,0.4,47.0,11.344,uneyama_doi,Uneyama-Doi,not_applicable,3.94958049452345,4.949789731974666,-0.20207105586527474,0.20207105586527474,0.011819273869310074,0.9992898617452202,0.9998685189104498,0.99609375,false,1.232319126707863,BootstrapLocal,16,true,false,true,true,true,true,true,0.009223459772835535,0.9911218038145154,0.4000000000001419,-7.863123679997198,8.041704002668448e-7,2.1206998608858108e-6,mean-constrained fused-spectral L-BFGS with profile continuation,,Polyorder.Successful(),1.2854771026835232e-7,1.096636935225849e-7,0.1,0.09899579463949332,0.01,"Anderson(SD(0.1); m=10, warmup=100, αw=0.2)","VariableCell(BB(1.0), field_updater)",128,,,,,,1,,,,,,,,cases/f0.4_chiN47/native_profiles.csv#model=uneyama_doi,accepted,model_gates_pass,
liu2019-stress-free-period-map-v2,stress_free_lamellar_observable,f0.4_chiN47,0.4,47.0,11.344,burp_ti,BURP-TI,not_applicable,3.9121494771321763,4.949789731974666,-0.20963319878812992,0.20963319878812992,0.011952102817089456,0.999273810512816,0.9997668911302074,0.99609375,false,1.2206401753034388,BoundedKKTNewtonGMRES+AnalyticStressRoot,1,true,false,true,true,true,true,true,1.0000000000555111e-6,0.9999989999999941,0.4000000000000006,-9.331019951017797,0.0003573624836525663,0.0007239332903941076,bounded-KKT Newton-GMRES,7.496444448633062e-6,Polyorder.Successful(),1.2854771026835232e-7,1.096636935225849e-7,0.1,0.09899579463949332,0.01,"Anderson(SD(0.1); m=10, warmup=100, αw=0.2)","VariableCell(BB(1.0), field_updater)",128,64,,,,256,1,,,,,,,,cases/f0.4_chiN47/native_profiles.csv#model=burp_ti,accepted,model_gates_pass,
liu2019-stress-free-period-map-v2,stress_free_lamellar_observable,f0.4_chiN47,0.4,47.0,11.344,bvk2,BVK2,frozen_c2_evaluation,4.918658647323243,4.949789731974666,-0.006289375172913392,0.006289375172913392,0.013519461264251645,0.9990708622870198,0.9995368834295648,0.99609375,false,1.5346837815429335,FilteredUDThetaAnalyticCellStressRoot,11,true,false,true,true,true,true,true,5.755763855769739e-6,0.999610628962441,0.4,-11.17393729990329,5.7187084324444814e-11,2.3119960347196625e-10,oversampled filtered UD-theta L-BFGS with cosine-Newton polish,2.0373436271370338e-10,Polyorder.Successful(),1.2854771026835232e-7,1.096636935225849e-7,0.1,0.09899579463949332,0.01,"Anderson(SD(0.1); m=10, warmup=100, αw=0.2)","VariableCell(BB(1.0), field_updater)",256,,2,12.0,ud-theta-spectral-adaptive-k-physical-sensor-filter-oversampled-v2,,,0.16,,,,,,,cases/f0.4_chiN47/native_profiles.csv#model=bvk2,accepted,model_gates_pass,
liu2019-stress-free-period-map-v2,stress_free_lamellar_observable,f0.4_chiN47,0.4,47.0,11.344,ohta_kawasaki,Ohta-Kawasaki (recomputed),liu2019_ok_asymptotic_quadratic_extrapolated_c3_c4,3.8793794179958994,4.949789731974666,-0.21625369398302452,0.21625369398302452,0.13422389898483916,0.9084157028267971,0.9978134885357111,0.0,false,1.1609403133392333,StressRootBisection,100,true,false,true,true,true,true,true,0.10668259498598848,0.8244930164519233,0.4,-6.82159939480982,5.7701070452951385e-6,1.346235500498949e-5,mean-constrained Fourier nonlinear conjugate gradient,9.668184108526923e-8,Polyorder.Successful(),1.2854771026835232e-7,1.096636935225849e-7,0.1,0.09899579463949332,0.01,"Anderson(SD(0.1); m=10, warmup=100, αw=0.2)","VariableCell(BB(1.0), field_updater)",128,,,,,,,,-43.021727022714686,-40.905218538923116,161.6016473675583,1.0416666666666667,13.02083333333333,,cases/f0.4_chiN47/native_profiles.csv#model=ohta_kawasaki,accepted,model_gates_pass,
liu2019-stress-free-period-map-v2,stress_free_lamellar_observable,f0.4_chiN48,0.4,48.0,11.344,scft,SCFT,reference,4.9728514461755084,4.9728514461755084,0.0,0.0,0.0,1.0,1.0,0.0,false,,Polyorder.cell_solve!,88,true,false,true,true,true,true,true,5.9652826125310756e-5,0.9989082726587591,0.4000000000000014,4.656016886407759,,,not_applicable,3.075353924221428e-6,Polyorder.Successful(),1.5451761738708603e-7,9.353682308426215e-8,0.1,0.09945702892351017,0.01,"Anderson(SD(0.1); m=10, warmup=100, αw=0.2)","VariableCell(BB(1.0), field_updater)",50,,,,Polyorder pseudospectral SCFT,,,,,,,,,,cases/f0.4_chiN48/native_profiles.csv#model=scft,accepted,reference_gates_pass,
liu2019-stress-free-period-map-v2,stress_free_lamellar_observable,f0.4_chiN48,0.4,48.0,11.344,liu2019_opf,OPF (force/stress mapped),per_state_force_stress_mapping,4.983064351826993,4.9728514461755084,0.0020537323026890153,0.0020537323026890153,0.0645332757297364,0.9789108136088419,0.9900338660189231,0.0,false,1.2604682922363282,StressRootBisection,46,true,false,true,true,true,true,true,-0.03403914393184676,0.9616026503039978,0.4000000000000001,-0.4701415805742613,8.032658955487159e-7,1.9133779918523164e-6,mean-constrained Fourier nonlinear conjugate gradient,7.064033735979148e-8,Polyorder.Successful(),1.5451761738708603e-7,9.353682308426215e-8,0.1,0.09945702892351017,0.01,"Anderson(SD(0.1); m=10, warmup=100, αw=0.2)","VariableCell(BB(1.0), field_updater)",128,,,,,,,,-1.0,-0.5017182063104985,1.9858877176090541,0.016863635074162803,0.10760002866613347,0.06887451030708602,cases/f0.4_chiN48/native_profiles.csv#model=liu2019_opf,accepted,model_gates_pass,
liu2019-stress-free-period-map-v2,stress_free_lamellar_observable,f0.4_chiN48,0.4,48.0,11.344,uneyama_doi,Uneyama-Doi,not_applicable,3.9615752639340283,4.9728514461755084,-0.20335941927628398,0.20335941927628398,0.011548422892735544,0.9993246362255646,0.9998697107663834,0.99609375,false,1.2360616466503231,BootstrapLocal,16,true,false,true,true,true,true,true,0.008801121392241436,0.9915360416902693,0.40000000000009495,-8.192778181736816,9.773949186522814e-7,3.012806174484961e-6,mean-constrained fused-spectral L-BFGS with profile continuation,,Polyorder.Successful(),1.5451761738708603e-7,9.353682308426215e-8,0.1,0.09945702892351017,0.01,"Anderson(SD(0.1); m=10, warmup=100, αw=0.2)","VariableCell(BB(1.0), field_updater)",128,,,,,,1,,,,,,,,cases/f0.4_chiN48/native_profiles.csv#model=uneyama_doi,accepted,model_gates_pass,
liu2019-stress-free-period-map-v2,stress_free_lamellar_observable,f0.4_chiN48,0.4,48.0,11.344,burp_ti,BURP-TI,not_applicable,3.9290783335958706,4.9728514461755084,-0.20989428778983066,0.20989428778983066,0.011902386696369586,0.9992826014146906,0.9997670402669894,0.99609375,false,1.225922192885415,BoundedKKTNewtonGMRES+AnalyticStressRoot,1,true,false,true,true,true,true,true,1.0000000000497242e-6,0.9999989999999915,0.4000000000000002,-9.69780041563487,0.0002906006925822176,0.0005651991026729419,bounded-KKT Newton-GMRES,6.1362362069549755e-6,Polyorder.Successful(),1.5451761738708603e-7,9.353682308426215e-8,0.1,0.09945702892351017,0.01,"Anderson(SD(0.1); m=10, warmup=100, αw=0.2)","VariableCell(BB(1.0), field_updater)",128,64,,,,256,1,,,,,,,,cases/f0.4_chiN48/native_profiles.csv#model=burp_ti,accepted,model_gates_pass,
liu2019-stress-free-period-map-v2,stress_free_lamellar_observable,f0.4_chiN48,0.4,48.0,11.344,bvk2,BVK2,frozen_c2_evaluation,4.940963682956921,4.9728514461755084,-0.006412369957906394,0.006412369957906394,0.013535431137022389,0.9990722379764356,0.9995376273047106,0.49609375,false,1.5416432351029752,FilteredUDThetaAnalyticCellStressRoot,11,true,false,true,true,true,true,true,4.462008102910763e-6,0.9996656307064544,0.3999999999999999,-11.620398243571833,4.767822221652804e-11,2.0626929960073518e-10,oversampled filtered UD-theta L-BFGS with cosine-Newton polish,2.0250645604846795e-10,Polyorder.Successful(),1.5451761738708603e-7,9.353682308426215e-8,0.1,0.09945702892351017,0.01,"Anderson(SD(0.1); m=10, warmup=100, αw=0.2)","VariableCell(BB(1.0), field_updater)",256,,2,12.0,ud-theta-spectral-adaptive-k-physical-sensor-filter-oversampled-v2,,,0.16,,,,,,,cases/f0.4_chiN48/native_profiles.csv#model=bvk2,accepted,model_gates_pass,
liu2019-stress-free-period-map-v2,stress_free_lamellar_observable,f0.4_chiN48,0.4,48.0,11.344,ohta_kawasaki,Ohta-Kawasaki (recomputed),liu2019_ok_asymptotic_quadratic_extrapolated_c3_c4,3.892355678500985,4.9728514461755084,-0.21727891519975018,0.21727891519975018,0.1349641563843774,0.9077578763735965,0.9978448929453447,0.0,false,1.1648235797882078,StressRootBisection,103,true,false,true,true,true,true,true,0.10731792494462083,0.8239093358524678,0.4000000000000001,-7.044025924768206,7.2203338639984476e-6,2.2290050596396327e-5,mean-constrained Fourier nonlinear conjugate gradient,7.54682809550121e-8,Polyorder.Successful(),1.5451761738708603e-7,9.353682308426215e-8,0.1,0.09945702892351017,0.01,"Anderson(SD(0.1); m=10, warmup=100, αw=0.2)","VariableCell(BB(1.0), field_updater)",128,,,,,,,,-44.021727022714686,-42.22111028017281,166.5212998490067,1.0416666666666667,13.02083333333333,,cases/f0.4_chiN48/native_profiles.csv#model=ohta_kawasaki,accepted,model_gates_pass,
liu2019-stress-free-period-map-v2,stress_free_lamellar_observable,f0.4_chiN49,0.4,49.0,11.344,scft,SCFT,reference,4.995481244100122,4.995481244100122,0.0,0.0,0.0,1.0,1.0,0.0,false,,Polyorder.cell_solve!,23,true,false,true,true,true,true,true,5.143532025332981e-5,0.9990139213623299,0.40000000000000113,4.697521257098703,,,not_applicable,9.402081652629983e-8,Polyorder.Successful(),1.9049984622677265e-7,1.3026292720123624e-7,0.1,0.09990962488200245,0.01,"Anderson(SD(0.1); m=10, warmup=100, αw=0.2)","VariableCell(BB(1.0), field_updater)",50,,,,Polyorder pseudospectral SCFT,,,,,,,,,,cases/f0.4_chiN49/native_profiles.csv#model=scft,accepted,reference_gates_pass,
liu2019-stress-free-period-map-v2,stress_free_lamellar_observable,f0.4_chiN49,0.4,49.0,11.344,liu2019_opf,OPF (force/stress mapped),per_state_force_stress_mapping,5.007454778824094,4.995481244100122,0.0023968731217063333,0.0023968731217063333,0.065230028198625,0.9785319947920283,0.9898494310827727,0.0,false,1.2661039352416992,StressRootBisection,48,true,false,true,true,true,true,true,-0.0341804290947888,0.9618412125055286,0.4000000000000001,-0.475671132614187,3.8428179729548734e-7,1.0465262930692276e-6,mean-constrained Fourier nonlinear conjugate gradient,1.5647401800834328e-8,Polyorder.Successful(),1.9049984622677265e-7,1.3026292720123624e-7,0.1,0.09990962488200245,0.01,"Anderson(SD(0.1); m=10, warmup=100, αw=0.2)","VariableCell(BB(1.0), field_updater)",128,,,,,,,,-1.0,-0.5029815435253976,1.9883773612196165,0.01638708179207014,0.1043831468683203,0.06864208857198033,cases/f0.4_chiN49/native_profiles.csv#model=liu2019_opf,accepted,model_gates_pass,
liu2019-stress-free-period-map-v2,stress_free_lamellar_observable,f0.4_chiN49,0.4,49.0,11.344,uneyama_doi,Uneyama-Doi,not_applicable,3.9733227008020076,4.995481244100122,-0.20461663118149587,0.20461663118149587,0.011300393227527798,0.9993557066159244,0.9998706709176085,0.99609375,false,1.239726995707591,BootstrapLocal,16,true,false,true,true,true,true,true,0.008408543496332917,0.9919187325626065,0.40000000000016084,-8.525386270493353,7.400241888939282e-7,1.9309353253005312e-6,mean-constrained fused-spectral L-BFGS with profile continuation,,Polyorder.Successful(),1.9049984622677265e-7,1.3026292720123624e-7,0.1,0.09990962488200245,0.01,"Anderson(SD(0.1); m=10, warmup=100, αw=0.2)","VariableCell(BB(1.0), field_updater)",128,,,,,,1,,,,,,,,cases/f0.4_chiN49/native_profiles.csv#model=uneyama_doi,accepted,model_gates_pass,
liu2019-stress-free-period-map-v2,stress_free_lamellar_observable,f0.4_chiN49,0.4,49.0,11.344,burp_ti,BURP-TI,not_applicable,3.9451569390974273,4.995481244100122,-0.21025487909561724,0.21025487909561724,0.011817989759786535,0.9992953332524511,0.9997682880837965,0.99609375,false,1.2309389214007174,BoundedKKTNewtonGMRES+AnalyticStressRoot,1,true,false,true,true,true,true,true,1.0e-6,0.9999989999999986,0.4000000000000002,-10.066280224703021,0.00025023392520796546,0.0005692046026757325,bounded-KKT Newton-GMRES,1.2382452553410698e-5,Polyorder.Successful(),1.9049984622677265e-7,1.3026292720123624e-7,0.1,0.09990962488200245,0.01,"Anderson(SD(0.1); m=10, warmup=100, αw=0.2)","VariableCell(BB(1.0), field_updater)",128,64,,,,256,1,,,,,,,,cases/f0.4_chiN49/native_profiles.csv#model=burp_ti,accepted,model_gates_pass,
liu2019-stress-free-period-map-v2,stress_free_lamellar_observable,f0.4_chiN49,0.4,49.0,11.344,bvk2,BVK2,frozen_c2_evaluation,4.962820838417452,4.995481244100122,-0.00653798985257803,0.00653798985257803,0.013550081388240522,0.999073638777826,0.9995383716613191,0.0,false,1.548462944377615,FilteredUDThetaAnalyticCellStressRoot,11,true,false,true,true,true,true,true,3.46285701631986e-6,0.9997126706548821,0.4000000000000002,-12.07081851001772,2.2835819846958823e-11,8.722788823146553e-11,oversampled filtered UD-theta L-BFGS with cosine-Newton polish,2.0155166424729032e-10,Polyorder.Successful(),1.9049984622677265e-7,1.3026292720123624e-7,0.1,0.09990962488200245,0.01,"Anderson(SD(0.1); m=10, warmup=100, αw=0.2)","VariableCell(BB(1.0), field_updater)",256,,2,12.0,ud-theta-spectral-adaptive-k-physical-sensor-filter-oversampled-v2,,,0.16,,,,,,,cases/f0.4_chiN49/native_profiles.csv#model=bvk2,accepted,model_gates_pass,
liu2019-stress-free-period-map-v2,stress_free_lamellar_observable,f0.4_chiN49,0.4,49.0,11.344,ohta_kawasaki,Ohta-Kawasaki (recomputed),liu2019_ok_asymptotic_quadratic_extrapolated_c3_c4,3.905163378118257,4.995481244100122,-0.21826082667602387,0.21826082667602387,0.13569459029077788,0.9070987350139283,0.997875836585259,0.0,false,1.1686564028263091,StressRootBisection,107,true,false,true,true,true,true,true,0.1079298164695453,0.82332077129182,0.4,-7.266705535249097,3.593396681966406e-6,7.452502543081607e-6,mean-constrained Fourier nonlinear conjugate gradient,5.700102931891624e-8,Polyorder.Successful(),1.9049984622677265e-7,1.3026292720123624e-7,0.1,0.09990962488200245,0.01,"Anderson(SD(0.1); m=10, warmup=100, αw=0.2)","VariableCell(BB(1.0), field_updater)",128,,,,,,,,-45.021727022714686,-43.5476200214225,171.4774511504551,1.0416666666666667,13.02083333333333,,cases/f0.4_chiN49/native_profiles.csv#model=ohta_kawasaki,accepted,model_gates_pass,
liu2019-stress-free-period-map-v2,stress_free_lamellar_observable,f0.4_chiN50,0.4,50.0,11.344,scft,SCFT,reference,5.018280991059233,5.018280991059233,0.0,0.0,0.0,1.0,1.0,0.0,false,,Polyorder.cell_solve!,378,true,false,true,true,true,true,true,4.690925428084078e-5,0.9990582447084891,0.4000000000000013,4.738272228469732,,,not_applicable,7.323815607782548e-6,Polyorder.Successful(),5.837655122430257e-7,4.6423602508961107e-7,0.1,0.10036561982118465,0.01,"Anderson(SD(0.1); m=10, warmup=100, αw=0.2)","VariableCell(BB(1.0), field_updater)",50,,,,Polyorder pseudospectral SCFT,,,,,,,,,,cases/f0.4_chiN50/native_profiles.csv#model=scft,accepted,reference_gates_pass,
liu2019-stress-free-period-map-v2,stress_free_lamellar_observable,f0.4_chiN50,0.4,50.0,11.344,liu2019_opf,OPF (force/stress mapped),per_state_force_stress_mapping,5.038432738909055,5.018280991059233,0.004015667493654895,0.004015667493654895,0.06650972370273801,0.9777608430343545,0.9894822362359288,0.01171875,false,1.2737623214721678,StressRootBisection,48,true,false,true,true,true,true,true,-0.0342395643760402,0.9619401638496137,0.4,-0.48251430818563146,5.309426464208662e-7,1.5146601462651121e-6,mean-constrained Fourier nonlinear conjugate gradient,7.248658986112948e-8,Polyorder.Successful(),5.837655122430257e-7,4.6423602508961107e-7,0.1,0.10036561982118465,0.01,"Anderson(SD(0.1); m=10, warmup=100, αw=0.2)","VariableCell(BB(1.0), field_updater)",128,,,,,,,,-1.0,-0.5046755384983644,1.9931759981520996,0.015751362142746507,0.10027884456168448,0.06925444206959665,cases/f0.4_chiN50/native_profiles.csv#model=liu2019_opf,accepted,model_gates_pass,
liu2019-stress-free-period-map-v2,stress_free_lamellar_observable,f0.4_chiN50,0.4,50.0,11.344,uneyama_doi,Uneyama-Doi,not_applicable,3.9851035629384874,5.018280991059233,-0.20588273752735153,0.20588273752735153,0.013113658816430309,0.9991354386964006,0.9997453405989654,0.0078125,false,1.2434027738718854,BootstrapLocal,16,true,false,true,true,true,true,true,0.008037670266570849,0.9922723140211734,0.3999999999992876,-8.861456453928287,7.700970207253056e-7,2.6096101336525734e-6,mean-constrained fused-spectral L-BFGS with profile continuation,,Polyorder.Successful(),5.837655122430257e-7,4.6423602508961107e-7,0.1,0.10036561982118465,0.01,"Anderson(SD(0.1); m=10, warmup=100, αw=0.2)","VariableCell(BB(1.0), field_updater)",128,,,,,,1,,,,,,,,cases/f0.4_chiN50/native_profiles.csv#model=uneyama_doi,accepted,model_gates_pass,
liu2019-stress-free-period-map-v2,stress_free_lamellar_observable,f0.4_chiN50,0.4,50.0,11.344,burp_ti,BURP-TI,not_applicable,3.960624165363807,5.018280991059233,-0.21076078194501047,0.21076078194501047,0.013763001153611905,0.9990476988136937,0.9996406300818994,0.0078125,false,1.235764891852923,BoundedKKTNewtonGMRES+AnalyticStressRoot,1,true,false,true,true,true,true,true,1.0000000000138777e-6,0.9999989999999986,0.40000000000000013,-10.436789377421512,0.00039214721770538266,0.0008653218850529498,bounded-KKT Newton-GMRES,1.8321516553119326e-5,Polyorder.Successful(),5.837655122430257e-7,4.6423602508961107e-7,0.1,0.10036561982118465,0.01,"Anderson(SD(0.1); m=10, warmup=100, αw=0.2)","VariableCell(BB(1.0), field_updater)",128,64,,,,256,1,,,,,,,,cases/f0.4_chiN50/native_profiles.csv#model=burp_ti,accepted,model_gates_pass,
liu2019-stress-free-period-map-v2,stress_free_lamellar_observable,f0.4_chiN50,0.4,50.0,11.344,bvk2,BVK2,frozen_c2_evaluation,4.98424815595697,5.018280991059233,-0.0067817715195496175,0.0067817715195496175,0.011099553043725426,0.9993806173800542,0.999692292259842,0.5078125,false,1.555148538777984,FilteredUDThetaAnalyticCellStressRoot,12,true,false,true,true,true,true,true,2.690316070140389e-6,0.9997529391403124,0.4,-12.525100760576356,1.2204409309256306e-11,5.963657830463429e-11,oversampled filtered UD-theta L-BFGS with cosine-Newton polish,1.3455903058456897e-13,Polyorder.Successful(),5.837655122430257e-7,4.6423602508961107e-7,0.1,0.10036561982118465,0.01,"Anderson(SD(0.1); m=10, warmup=100, αw=0.2)","VariableCell(BB(1.0), field_updater)",256,,2,12.0,ud-theta-spectral-adaptive-k-physical-sensor-filter-oversampled-v2,,,0.16,,,,,,,cases/f0.4_chiN50/native_profiles.csv#model=bvk2,accepted,model_gates_pass,
liu2019-stress-free-period-map-v2,stress_free_lamellar_observable,f0.4_chiN50,0.4,50.0,11.344,ohta_kawasaki,Ohta-Kawasaki (recomputed),liu2019_ok_asymptotic_quadratic_extrapolated_c3_c4,3.9178075360304785,5.018280991059233,-0.219292912650647,0.219292912650647,0.13654456327624379,0.9062660630681464,0.9977901898670821,0.01171875,false,1.1724402844905852,StressRootBisection,107,true,false,true,true,true,true,true,0.10854081010492733,0.8227285913906871,0.4000000000000001,-7.489601996481514,4.7036033696482165e-6,1.1002082986877326e-5,mean-constrained Fourier nonlinear conjugate gradient,8.99359508505764e-8,Polyorder.Successful(),5.837655122430257e-7,4.6423602508961107e-7,0.1,0.10036561982118465,0.01,"Anderson(SD(0.1); m=10, warmup=100, αw=0.2)","VariableCell(BB(1.0), field_updater)",128,,,,,,,,-46.021727022714686,-44.88474776267221,176.47010127190353,1.0416666666666667,13.02083333333333,,cases/f0.4_chiN50/native_profiles.csv#model=ohta_kawasaki,accepted,model_gates_pass,
liu2019-stress-free-period-map-v2,stress_free_lamellar_observable,f0.45_chiN36,0.45,36.0,10.698,scft,SCFT,reference,4.672152390947934,4.672152390947934,0.0,0.0,0.0,1.0,1.0,0.0,false,,Polyorder.cell_solve!,13,true,false,true,true,true,true,true,0.0006794649505173707,0.9978168490885383,0.4500000000000003,4.092108492050411,,,not_applicable,7.13166755302776e-8,Polyorder.Successful(),1.8764477830357184e-7,1.1466319832317235e-7,0.1,0.09344304781895868,0.01,"Anderson(SD(0.1); m=10, warmup=100, αw=0.2)","VariableCell(BB(1.0), field_updater)",50,,,,Polyorder pseudospectral SCFT,,,,,,,,,,cases/f0.45_chiN36/native_profiles.csv#model=scft,accepted,reference_gates_pass,
liu2019-stress-free-period-map-v2,stress_free_lamellar_observable,f0.45_chiN36,0.45,36.0,10.698,liu2019_opf,OPF (force/stress mapped),per_state_force_stress_mapping,4.721506284154942,4.672152390947934,0.010563416831743,0.010563416831743,0.028765780470067774,0.9957197671269712,0.9979349068322135,0.0,false,1.1831634521484375,StressRootBisection,44,true,false,true,true,true,true,true,-0.010290960888588552,0.9736705277161204,0.4500000000000001,-0.3969652152689073,7.464406680509966e-7,2.2614524609124165e-6,mean-constrained Fourier nonlinear conjugate gradient,2.241921448429089e-9,Polyorder.Successful(),1.8764477830357184e-7,1.1466319832317235e-7,0.1,0.09344304781895868,0.01,"Anderson(SD(0.1); m=10, warmup=100, αw=0.2)","VariableCell(BB(1.0), field_updater)",128,,,,,,,,-1.0,-0.23667815967303707,1.9050179698400516,0.024051654319340966,0.14781588980148666,0.048195681568661324,cases/f0.45_chiN36/native_profiles.csv#model=liu2019_opf,accepted,model_gates_pass,
liu2019-stress-free-period-map-v2,stress_free_lamellar_observable,f0.45_chiN36,0.45,36.0,10.698,uneyama_doi,Uneyama-Doi,not_applicable,3.7580567109032224,4.672152390947934,-0.19564765948467933,0.19564765948467933,0.01718601157739705,0.9984722043305279,0.9998273877841657,0.99609375,false,1.1658530825963165,BootstrapLocal,32,true,false,true,true,true,true,true,0.015164081469686199,0.9847932063832758,0.4500000000000463,-4.770201500812964,9.386813195626873e-7,2.651539344866727e-6,mean-constrained fused-spectral L-BFGS with profile continuation,,Polyorder.Successful(),1.8764477830357184e-7,1.1466319832317235e-7,0.1,0.09344304781895868,0.01,"Anderson(SD(0.1); m=10, warmup=100, αw=0.2)","VariableCell(BB(1.0), field_updater)",128,,,,,,1,,,,,,,,cases/f0.45_chiN36/native_profiles.csv#model=uneyama_doi,accepted,model_gates_pass,
liu2019-stress-free-period-map-v2,stress_free_lamellar_observable,f0.45_chiN36,0.45,36.0,10.698,burp_ti,BURP-TI,not_applicable,3.6815691956821786,4.672152390947934,-0.21201859707850323,0.21201859707850323,0.013211222867021507,0.9990971801221938,0.9997746122342883,0.99609375,false,1.142124540889676,BoundedKKTNewtonGMRES+AnalyticStressRoot,2,true,false,true,true,true,true,true,1.0000000000485722e-6,0.9999989999999983,0.45000000000000034,-5.9764771443521685,0.00046957013659689633,0.0010465904065073417,bounded-KKT Newton-GMRES,1.5742289161566483e-6,Polyorder.Successful(),1.8764477830357184e-7,1.1466319832317235e-7,0.1,0.09344304781895868,0.01,"Anderson(SD(0.1); m=10, warmup=100, αw=0.2)","VariableCell(BB(1.0), field_updater)",128,64,,,,256,1,,,,,,,,cases/f0.45_chiN36/native_profiles.csv#model=burp_ti,accepted,model_gates_pass,
liu2019-stress-free-period-map-v2,stress_free_lamellar_observable,f0.45_chiN36,0.45,36.0,10.698,bvk2,BVK2,frozen_c2_evaluation,4.644394333672083,4.672152390947934,-0.005941171210432028,0.005941171210432028,0.011131491011321125,0.9993590535380569,0.9996795276691414,0.0,false,1.4408195158404309,FilteredUDThetaAnalyticCellStressRoot,31,true,false,true,true,true,true,true,0.00016645786713378902,0.9991587013419798,0.45,-7.1120558524641435,3.4112913878931015e-8,7.003338259002637e-8,oversampled filtered UD-theta L-BFGS with cosine-Newton polish,6.013893383283175e-9,Polyorder.Successful(),1.8764477830357184e-7,1.1466319832317235e-7,0.1,0.09344304781895868,0.01,"Anderson(SD(0.1); m=10, warmup=100, αw=0.2)","VariableCell(BB(1.0), field_updater)",256,,2,12.0,ud-theta-spectral-adaptive-k-physical-sensor-filter-oversampled-v2,,,0.16,,,,,,,cases/f0.45_chiN36/native_profiles.csv#model=bvk2,accepted,model_gates_pass,
liu2019-stress-free-period-map-v2,stress_free_lamellar_observable,f0.45_chiN36,0.45,36.0,10.698,ohta_kawasaki,Ohta-Kawasaki (recomputed),liu2019_ok_asymptotic_quadratic_extrapolated_c3_c4,3.6941452812874287,4.672152390947934,-0.2093268857315841,0.2093268857315841,0.14128900491986543,0.8967400744544887,0.9979956611327125,0.0,false,1.0970353335142138,StressRootBisection,107,true,false,true,true,true,true,true,0.13174240812271615,0.8341130246005092,0.45,-4.100808130384717,4.551541191342872e-6,1.2430509955363434e-5,mean-constrained Fourier nonlinear conjugate gradient,1.663639093516263e-8,Polyorder.Successful(),1.8764477830357184e-7,1.1466319832317235e-7,0.1,0.09344304781895868,0.01,"Anderson(SD(0.1); m=10, warmup=100, αw=0.2)","VariableCell(BB(1.0), field_updater)",128,,,,,,,,-32.335646277502086,-14.153445998912249,113.7511714362622,1.01010101010101,12.24364860728497,,cases/f0.45_chiN36/native_profiles.csv#model=ohta_kawasaki,accepted,model_gates_pass,
liu2019-stress-free-period-map-v2,stress_free_lamellar_observable,f0.45_chiN37,0.45,37.0,10.698,scft,SCFT,reference,4.70130164962074,4.70130164962074,0.0,0.0,0.0,1.0,1.0,0.0,false,,Polyorder.cell_solve!,13,true,false,true,true,true,true,true,0.0005830929504896629,0.9980783062101103,0.4499999999999998,4.145078095621585,,,not_applicable,7.911121923888023e-9,Polyorder.Successful(),1.5738826105722745e-7,1.0070479169617401e-7,0.1,0.09794378436709876,0.01,"Anderson(SD(0.1); m=10, warmup=100, αw=0.2)","VariableCell(BB(1.0), field_updater)",48,,,,Polyorder pseudospectral SCFT,,,,,,,,,,cases/f0.45_chiN37/native_profiles.csv#model=scft,accepted,reference_gates_pass,
liu2019-stress-free-period-map-v2,stress_free_lamellar_observable,f0.45_chiN37,0.45,37.0,10.698,liu2019_opf,OPF (force/stress mapped),per_state_force_stress_mapping,4.75324023489785,4.70130164962074,0.011047703199666081,0.011047703199666081,0.029299860376405047,0.9955867129134334,0.9978717773081643,0.0,false,1.1897724151611326,StressRootBisection,47,true,false,true,true,true,true,true,-0.01068850835639057,0.9741241860783578,0.45000000000000007,-0.4044768659916219,4.194206890533776e-7,8.847046597468267e-7,mean-constrained Fourier nonlinear conjugate gradient,7.099361968184658e-8,Polyorder.Successful(),1.5738826105722745e-7,1.0070479169617401e-7,0.1,0.09794378436709876,0.01,"Anderson(SD(0.1); m=10, warmup=100, αw=0.2)","VariableCell(BB(1.0), field_updater)",128,,,,,,,,-1.0,-0.23772591805279003,1.9087560248896254,0.023188240031078323,0.14186778382863352,0.04823026795517834,cases/f0.45_chiN37/native_profiles.csv#model=liu2019_opf,accepted,model_gates_pass,
liu2019-stress-free-period-map-v2,stress_free_lamellar_observable,f0.45_chiN37,0.45,37.0,10.698,uneyama_doi,Uneyama-Doi,not_applicable,3.7694393015186147,4.70130164962074,-0.19821369006970657,0.19821369006970657,0.016467193346469153,0.9986059760112761,0.9998322702860339,0.99609375,false,1.1693842768751004,BootstrapLocal,16,true,false,true,true,true,true,true,0.014322426943913086,0.9857597713028482,0.45000000000000195,-5.063475788577817,8.680376473207494e-7,2.4266949654183634e-6,mean-constrained fused-spectral L-BFGS with profile continuation,,Polyorder.Successful(),1.5738826105722745e-7,1.0070479169617401e-7,0.1,0.09794378436709876,0.01,"Anderson(SD(0.1); m=10, warmup=100, αw=0.2)","VariableCell(BB(1.0), field_updater)",128,,,,,,1,,,,,,,,cases/f0.45_chiN37/native_profiles.csv#model=uneyama_doi,accepted,model_gates_pass,
liu2019-stress-free-period-map-v2,stress_free_lamellar_observable,f0.45_chiN37,0.45,37.0,10.698,burp_ti,BURP-TI,not_applicable,3.7020726984607664,4.70130164962074,-0.21254304140228542,0.21254304140228542,0.013238674582214933,0.9990990097490274,0.9997694162718836,0.99609375,false,1.148485294267635,BoundedKKTNewtonGMRES+AnalyticStressRoot,1,true,false,true,true,true,true,true,1.0000000000555111e-6,0.999998999999995,0.4500000000000007,-6.315393847731644,0.0004301946158140366,0.0009348441423622234,bounded-KKT Newton-GMRES,2.7129309077387735e-5,Polyorder.Successful(),1.5738826105722745e-7,1.0070479169617401e-7,0.1,0.09794378436709876,0.01,"Anderson(SD(0.1); m=10, warmup=100, αw=0.2)","VariableCell(BB(1.0), field_updater)",128,64,,,,256,1,,,,,,,,cases/f0.45_chiN37/native_profiles.csv#model=burp_ti,accepted,model_gates_pass,
liu2019-stress-free-period-map-v2,stress_free_lamellar_observable,f0.45_chiN37,0.45,37.0,10.698,bvk2,BVK2,frozen_c2_evaluation,4.672592060295956,4.70130164962074,-0.006106732021141537,0.006106732021141537,0.010690262406273715,0.9994125000835851,0.9997062593323617,0.99609375,false,1.4495672301607796,FilteredUDThetaAnalyticCellStressRoot,13,true,false,true,true,true,true,true,0.00013045107128694175,0.9993038531514,0.44999999999999996,-7.525181296599477,3.331044817962211e-8,6.95948574692447e-8,oversampled filtered UD-theta L-BFGS with cosine-Newton polish,5.8579612272069426e-9,Polyorder.Successful(),1.5738826105722745e-7,1.0070479169617401e-7,0.1,0.09794378436709876,0.01,"Anderson(SD(0.1); m=10, warmup=100, αw=0.2)","VariableCell(BB(1.0), field_updater)",256,,2,12.0,ud-theta-spectral-adaptive-k-physical-sensor-filter-oversampled-v2,,,0.16,,,,,,,cases/f0.45_chiN37/native_profiles.csv#model=bvk2,accepted,model_gates_pass,
liu2019-stress-free-period-map-v2,stress_free_lamellar_observable,f0.45_chiN37,0.45,37.0,10.698,ohta_kawasaki,Ohta-Kawasaki (recomputed),liu2019_ok_asymptotic_quadratic_extrapolated_c3_c4,3.7080769660166144,4.70130164962074,-0.21126589136952112,0.21126589136952112,0.1422605570505707,0.8959600612829661,0.9980201915789041,0.0,false,1.1011725693941115,StressRootBisection,107,true,false,true,true,true,true,true,0.13258190538935238,0.8334229216647346,0.45,-4.289258278867486,2.1845394568257504e-6,5.304799942873473e-6,mean-constrained Fourier nonlinear conjugate gradient,4.895658458912945e-8,Polyorder.Successful(),1.5738826105722745e-7,1.0070479169617401e-7,0.1,0.09794378436709876,0.01,"Anderson(SD(0.1); m=10, warmup=100, αw=0.2)","VariableCell(BB(1.0), field_updater)",128,,,,,,,,-33.335646277502086,-14.774298396787083,118.38743449069945,1.01010101010101,12.24364860728497,,cases/f0.45_chiN37/native_profiles.csv#model=ohta_kawasaki,accepted,model_gates_pass,
liu2019-stress-free-period-map-v2,stress_free_lamellar_observable,f0.45_chiN38,0.45,38.0,10.698,scft,SCFT,reference,4.729714154002381,4.729714154002381,0.0,0.0,0.0,1.0,1.0,0.0,false,,Polyorder.cell_solve!,19,true,false,true,true,true,true,true,0.000501391648720801,0.9983053632826717,0.45000000000000084,4.196801020555961,,,not_applicable,4.538992379416322e-8,Polyorder.Successful(),1.9334539137769313e-7,1.4253257249232356e-7,0.1,0.09853571154171627,0.01,"Anderson(SD(0.1); m=10, warmup=100, αw=0.2)","VariableCell(BB(1.0), field_updater)",48,,,,Polyorder pseudospectral SCFT,,,,,,,,,,cases/f0.45_chiN38/native_profiles.csv#model=scft,accepted,reference_gates_pass,
liu2019-stress-free-period-map-v2,stress_free_lamellar_observable,f0.45_chiN38,0.45,38.0,10.698,liu2019_opf,OPF (force/stress mapped),per_state_force_stress_mapping,4.7842572109548565,4.729714154002381,0.011531998589453751,0.011531998589453751,0.029795176519717772,0.9954642624482957,0.997811601655249,0.0,false,1.19630126953125,StressRootBisection,42,true,false,true,true,true,true,true,-0.011034301756391807,0.9745182795149268,0.4499999999999999,-0.41175768255975653,3.9593769841488536e-7,1.3122931967202156e-6,mean-constrained Fourier nonlinear conjugate gradient,1.6707532910763868e-8,Polyorder.Successful(),1.9334539137769313e-7,1.4253257249232356e-7,0.1,0.09853571154171627,0.01,"Anderson(SD(0.1); m=10, warmup=100, αw=0.2)","VariableCell(BB(1.0), field_updater)",128,,,,,,,,-1.0,-0.23870977308587332,1.9123309228622336,0.02237208561113951,0.1363107539616844,0.0482674155206698,cases/f0.45_chiN38/native_profiles.csv#model=liu2019_opf,accepted,model_gates_pass,
liu2019-stress-free-period-map-v2,stress_free_lamellar_observable,f0.45_chiN38,0.45,38.0,10.698,uneyama_doi,Uneyama-Doi,not_applicable,3.783070976763523,4.729714154002381,-0.20014807373460175,0.20014807373460175,0.015945335631629413,0.9987009576130315,0.9998293733787057,0.99609375,false,1.1736131993815435,BootstrapLocal,16,true,false,true,true,true,true,true,0.013576309278853251,0.9866212211562463,0.44999999999928375,-5.364368553441385,9.237177946954865e-7,2.0317445747486396e-6,mean-constrained fused-spectral L-BFGS with profile continuation,,Polyorder.Successful(),1.9334539137769313e-7,1.4253257249232356e-7,0.1,0.09853571154171627,0.01,"Anderson(SD(0.1); m=10, warmup=100, αw=0.2)","VariableCell(BB(1.0), field_updater)",128,,,,,,1,,,,,,,,cases/f0.45_chiN38/native_profiles.csv#model=uneyama_doi,accepted,model_gates_pass,
liu2019-stress-free-period-map-v2,stress_free_lamellar_observable,f0.45_chiN38,0.45,38.0,10.698,burp_ti,BURP-TI,not_applicable,3.7221144587638424,4.729714154002381,-0.21303606569667366,0.21303606569667366,0.013246017246052368,0.9991035488592698,0.999761824137271,0.99609375,false,1.1547028023648935,BoundedKKTNewtonGMRES+AnalyticStressRoot,1,true,false,true,true,true,true,true,1.0e-6,0.9999989999999995,0.45,-6.658533503592104,0.0003183268256943276,0.000854259201750196,bounded-KKT Newton-GMRES,8.86386053719337e-7,Polyorder.Successful(),1.9334539137769313e-7,1.4253257249232356e-7,0.1,0.09853571154171627,0.01,"Anderson(SD(0.1); m=10, warmup=100, αw=0.2)","VariableCell(BB(1.0), field_updater)",128,64,,,,256,1,,,,,,,,cases/f0.45_chiN38/native_profiles.csv#model=burp_ti,accepted,model_gates_pass,
liu2019-stress-free-period-map-v2,stress_free_lamellar_observable,f0.45_chiN38,0.45,38.0,10.698,bvk2,BVK2,frozen_c2_evaluation,4.7000766798324385,4.729714154002381,-0.006266229460159423,0.006266229460159423,0.010235779433699356,0.999464699277349,0.9997323246532569,0.5,false,1.4580937189488887,FilteredUDThetaAnalyticCellStressRoot,11,true,false,true,true,true,true,true,0.0001023991149776818,0.9994231198460142,0.44999999999999984,-7.943822916734278,3.415191434593274e-11,1.5514870143775367e-10,oversampled filtered UD-theta L-BFGS with cosine-Newton polish,4.149525167918e-10,Polyorder.Successful(),1.9334539137769313e-7,1.4253257249232356e-7,0.1,0.09853571154171627,0.01,"Anderson(SD(0.1); m=10, warmup=100, αw=0.2)","VariableCell(BB(1.0), field_updater)",256,,2,12.0,ud-theta-spectral-adaptive-k-physical-sensor-filter-oversampled-v2,,,0.16,,,,,,,cases/f0.45_chiN38/native_profiles.csv#model=bvk2,accepted,model_gates_pass,
liu2019-stress-free-period-map-v2,stress_free_lamellar_observable,f0.45_chiN38,0.45,38.0,10.698,ohta_kawasaki,Ohta-Kawasaki (recomputed),liu2019_ok_asymptotic_quadratic_extrapolated_c3_c4,3.7218345731796756,4.729714154002381,-0.2130952417007732,0.2130952417007732,0.14330784193361054,0.8950709106043687,0.9980225228454513,0.0,false,1.1052581101655958,StressRootBisection,107,true,false,true,true,true,true,true,0.13340369748885078,0.8327130806522679,0.45,-4.478041047780756,3.189961217002056e-6,7.767885590537205e-6,mean-constrained Fourier nonlinear conjugate gradient,1.4620802433351187e-8,Polyorder.Successful(),1.9334539137769313e-7,1.4253257249232356e-7,0.1,0.09853571154171627,0.01,"Anderson(SD(0.1); m=10, warmup=100, αw=0.2)","VariableCell(BB(1.0), field_updater)",128,,,,,,,,-34.335646277502086,-15.401273357161923,123.06385934638669,1.01010101010101,12.24364860728497,,cases/f0.45_chiN38/native_profiles.csv#model=ohta_kawasaki,accepted,model_gates_pass,
liu2019-stress-free-period-map-v2,stress_free_lamellar_observable,f0.45_chiN39,0.45,39.0,10.698,scft,SCFT,reference,4.757431447274903,4.757431447274903,0.0,0.0,0.0,1.0,1.0,0.0,false,,Polyorder.cell_solve!,26,true,false,true,true,true,true,true,0.0004318753612877963,0.9985035659842977,0.4499999999999991,4.247342842688536,,,not_applicable,6.094206261898099e-8,Polyorder.Successful(),1.9917525852392084e-7,1.1224231840320629e-7,0.1,0.09911315515156048,0.01,"Anderson(SD(0.1); m=10, warmup=100, αw=0.2)","VariableCell(BB(1.0), field_updater)",48,,,,Polyorder pseudospectral SCFT,,,,,,,,,,cases/f0.45_chiN39/native_profiles.csv#model=scft,accepted,reference_gates_pass,
liu2019-stress-free-period-map-v2,stress_free_lamellar_observable,f0.45_chiN39,0.45,39.0,10.698,liu2019_opf,OPF (force/stress mapped),per_state_force_stress_mapping,4.814546674188682,4.757431447274903,0.012005475548469535,0.012005475548469535,0.03020466384328618,0.9953657136078626,0.997763238771412,0.0,false,1.2027379989624023,StressRootBisection,48,true,false,true,true,true,true,true,-0.011350020396129146,0.9749158338503014,0.44999999999999996,-0.4188115876603257,9.542447755164578e-7,2.0999308296687502e-6,mean-constrained Fourier nonlinear conjugate gradient,6.90568350936345e-8,Polyorder.Successful(),1.9917525852392084e-7,1.1224231840320629e-7,0.1,0.09911315515156048,0.01,"Anderson(SD(0.1); m=10, warmup=100, αw=0.2)","VariableCell(BB(1.0), field_updater)",128,,,,,,,,-1.0,-0.2396384547308199,1.9157309691252786,0.0216013509573471,0.13111817925862002,0.04829406710262837,cases/f0.45_chiN39/native_profiles.csv#model=liu2019_opf,accepted,model_gates_pass,
liu2019-stress-free-period-map-v2,stress_free_lamellar_observable,f0.45_chiN39,0.45,39.0,10.698,uneyama_doi,Uneyama-Doi,not_applicable,3.7963485421725607,4.757431447274903,-0.2020171842208801,0.2020171842208801,0.01534787192292669,0.998803449070678,0.9998368879065574,0.99609375,false,1.17773226722759,BootstrapLocal,16,true,false,true,true,true,true,true,0.012893183792836367,0.9874006643570975,0.4499999999997421,-5.669368166715401,9.139723047735815e-7,2.2933267863345375e-6,mean-constrained fused-spectral L-BFGS with profile continuation,,Polyorder.Successful(),1.9917525852392084e-7,1.1224231840320629e-7,0.1,0.09911315515156048,0.01,"Anderson(SD(0.1); m=10, warmup=100, αw=0.2)","VariableCell(BB(1.0), field_updater)",128,,,,,,1,,,,,,,,cases/f0.45_chiN39/native_profiles.csv#model=uneyama_doi,accepted,model_gates_pass,
liu2019-stress-free-period-map-v2,stress_free_lamellar_observable,f0.45_chiN39,0.45,39.0,10.698,burp_ti,BURP-TI,not_applicable,3.741941640332592,4.757431447274903,-0.21345337672159037,0.21345337672159037,0.01310275414082682,0.99912791254399,0.9997652481923007,0.99609375,false,1.1608537422067695,BoundedKKTNewtonGMRES+AnalyticStressRoot,1,true,false,true,true,true,true,true,1.0000000000555111e-6,0.9999989999999984,0.45000000000000034,-7.006192367985437,0.00033007448169789985,0.000716475129062033,bounded-KKT Newton-GMRES,6.51121525686381e-6,Polyorder.Successful(),1.9917525852392084e-7,1.1224231840320629e-7,0.1,0.09911315515156048,0.01,"Anderson(SD(0.1); m=10, warmup=100, αw=0.2)","VariableCell(BB(1.0), field_updater)",128,64,,,,256,1,,,,,,,,cases/f0.45_chiN39/native_profiles.csv#model=burp_ti,accepted,model_gates_pass,
liu2019-stress-free-period-map-v2,stress_free_lamellar_observable,f0.45_chiN39,0.45,39.0,10.698,bvk2,BVK2,frozen_c2_evaluation,4.726886287885915,4.757431447274903,-0.006420514878145989,0.006420514878145989,0.010718228707688897,0.999416446208154,0.9997081809266909,0.0,false,1.4664108005143854,FilteredUDThetaAnalyticCellStressRoot,11,true,false,true,true,true,true,true,8.050323319696239e-5,0.9995212986318022,0.44999999999999996,-8.367794998458798,1.4640962867533175e-11,4.473546355888953e-11,oversampled filtered UD-theta L-BFGS with cosine-Newton polish,4.173652534689154e-10,Polyorder.Successful(),1.9917525852392084e-7,1.1224231840320629e-7,0.1,0.09911315515156048,0.01,"Anderson(SD(0.1); m=10, warmup=100, αw=0.2)","VariableCell(BB(1.0), field_updater)",256,,2,12.0,ud-theta-spectral-adaptive-k-physical-sensor-filter-oversampled-v2,,,0.16,,,,,,,cases/f0.45_chiN39/native_profiles.csv#model=bvk2,accepted,model_gates_pass,
liu2019-stress-free-period-map-v2,stress_free_lamellar_observable,f0.45_chiN39,0.45,39.0,10.698,ohta_kawasaki,Ohta-Kawasaki (recomputed),liu2019_ok_asymptotic_quadratic_extrapolated_c3_c4,3.735416627543001,4.757431447274903,-0.2148249178277326,0.2148249178277326,0.14432231039545812,0.8941960696288567,0.9980349680340878,0.0,false,1.1092915177345277,StressRootBisection,104,true,false,true,true,true,true,true,0.13420413055307034,0.8319880050038928,0.44999999999999996,-4.6670920445029935,2.5308117729710935e-6,5.494818616336161e-6,mean-constrained Fourier nonlinear conjugate gradient,1.3834654065597499e-8,Polyorder.Successful(),1.9917525852392084e-7,1.1224231840320629e-7,0.1,0.09911315515156048,0.01,"Anderson(SD(0.1); m=10, warmup=100, αw=0.2)","VariableCell(BB(1.0), field_updater)",128,,,,,,,,-35.335646277502086,-16.03437088003676,127.78044600332392,1.01010101010101,12.24364860728497,,cases/f0.45_chiN39/native_profiles.csv#model=ohta_kawasaki,accepted,model_gates_pass,
liu2019-stress-free-period-map-v2,stress_free_lamellar_observable,f0.45_chiN40,0.45,40.0,10.698,scft,SCFT,reference,4.784493722577174,4.784493722577174,0.0,0.0,0.0,1.0,1.0,0.0,false,,Polyorder.cell_solve!,35,true,false,true,true,true,true,true,0.0003726445755882165,0.9986768692337243,0.4499999999999999,4.296763107789747,,,not_applicable,4.990798549874158e-7,Polyorder.Successful(),1.3904603040499484e-7,9.658969371032367e-8,0.1,0.09967695255369113,0.01,"Anderson(SD(0.1); m=10, warmup=100, αw=0.2)","VariableCell(BB(1.0), field_updater)",48,,,,Polyorder pseudospectral SCFT,,,,,,,,,,cases/f0.45_chiN40/native_profiles.csv#model=scft,accepted,reference_gates_pass,
liu2019-stress-free-period-map-v2,stress_free_lamellar_observable,f0.45_chiN40,0.45,40.0,10.698,liu2019_opf,OPF (force/stress mapped),per_state_force_stress_mapping,4.844136165012762,4.784493722577174,0.012465779222187168,0.012465779222187168,0.030624623689109638,0.9952619936139524,0.9977123068932661,0.0,false,1.20908260345459,StressRootBisection,48,true,false,true,true,true,true,true,-0.011672941285475968,0.9752744071686139,0.45,-0.4256516607790869,3.8569090462228314e-7,1.1886283637907447e-6,mean-constrained Fourier nonlinear conjugate gradient,7.357864016647466e-8,Polyorder.Successful(),1.3904603040499484e-7,9.658969371032367e-8,0.1,0.09967695255369113,0.01,"Anderson(SD(0.1); m=10, warmup=100, αw=0.2)","VariableCell(BB(1.0), field_updater)",128,,,,,,,,-1.0,-0.24051655622352897,1.918969256362269,0.02087241982499338,0.12625564228728625,0.04831154927680237,cases/f0.45_chiN40/native_profiles.csv#model=liu2019_opf,accepted,model_gates_pass,
liu2019-stress-free-period-map-v2,stress_free_lamellar_observable,f0.45_chiN40,0.45,40.0,10.698,uneyama_doi,Uneyama-Doi,not_applicable,3.8108121831753934,4.784493722577174,-0.20350774728936338,0.20350774728936338,0.014804782220886301,0.9988927181873682,0.9998423017400201,0.99609375,false,1.182219288511701,BootstrapLocal,20,true,false,true,true,true,true,true,0.012277410010665308,0.9881016374593625,0.449999999999599,-5.980691157054572,6.551332464885179e-7,1.6166827385699634e-6,mean-constrained fused-spectral L-BFGS with profile continuation,,Polyorder.Successful(),1.3904603040499484e-7,9.658969371032367e-8,0.1,0.09967695255369113,0.01,"Anderson(SD(0.1); m=10, warmup=100, αw=0.2)","VariableCell(BB(1.0), field_updater)",128,,,,,,1,,,,,,,,cases/f0.45_chiN40/native_profiles.csv#model=uneyama_doi,accepted,model_gates_pass,
liu2019-stress-free-period-map-v2,stress_free_lamellar_observable,f0.45_chiN40,0.45,40.0,10.698,burp_ti,BURP-TI,not_applicable,3.7609783060843185,4.784493722577174,-0.21392345268697266,0.21392345268697266,0.012961946547540255,0.999151221104716,0.9997673519942851,0.99609375,false,1.166759442188522,BoundedKKTNewtonGMRES+AnalyticStressRoot,2,true,false,true,true,true,true,true,1.0000000000017347e-6,0.9999989999999953,0.4500000000000007,-7.357107926821793,0.0002847027898088042,0.0008727929712093463,bounded-KKT Newton-GMRES,1.545646265945413e-5,Polyorder.Successful(),1.3904603040499484e-7,9.658969371032367e-8,0.1,0.09967695255369113,0.01,"Anderson(SD(0.1); m=10, warmup=100, αw=0.2)","VariableCell(BB(1.0), field_updater)",128,64,,,,256,1,,,,,,,,cases/f0.45_chiN40/native_profiles.csv#model=burp_ti,accepted,model_gates_pass,
liu2019-stress-free-period-map-v2,stress_free_lamellar_observable,f0.45_chiN40,0.45,40.0,10.698,bvk2,BVK2,frozen_c2_evaluation,4.753055723405331,4.784493722577174,-0.006570809994690396,0.006570809994690396,0.01135826672297406,0.9993482541930433,0.9996740766989639,0.99609375,false,1.47452928286235,FilteredUDThetaAnalyticCellStressRoot,14,true,false,true,true,true,true,true,6.338189208812894e-5,0.999602257775684,0.4499999999999999,-8.796924884287579,1.0387751686485144e-11,2.8281229620745173e-11,oversampled filtered UD-theta L-BFGS with cosine-Newton polish,4.1300296516055823e-14,Polyorder.Successful(),1.3904603040499484e-7,9.658969371032367e-8,0.1,0.09967695255369113,0.01,"Anderson(SD(0.1); m=10, warmup=100, αw=0.2)","VariableCell(BB(1.0), field_updater)",256,,2,12.0,ud-theta-spectral-adaptive-k-physical-sensor-filter-oversampled-v2,,,0.16,,,,,,,cases/f0.45_chiN40/native_profiles.csv#model=bvk2,accepted,model_gates_pass,
liu2019-stress-free-period-map-v2,stress_free_lamellar_observable,f0.45_chiN40,0.45,40.0,10.698,ohta_kawasaki,Ohta-Kawasaki (recomputed),liu2019_ok_asymptotic_quadratic_extrapolated_c3_c4,3.7488227076112697,4.784493722577174,-0.21646407645572985,0.21646407645572985,0.14531732636028033,0.8933185480893139,0.9980451053011499,0.0,false,1.1132726669311521,StressRootBisection,103,true,false,true,true,true,true,true,0.13500445536788647,0.8312513610897512,0.45,-4.856351455312268,2.99946352331162e-6,8.065974921089847e-6,mean-constrained Fourier nonlinear conjugate gradient,9.01394275412421e-8,Polyorder.Successful(),1.3904603040499484e-7,9.658969371032367e-8,0.1,0.09967695255369113,0.01,"Anderson(SD(0.1); m=10, warmup=100, αw=0.2)","VariableCell(BB(1.0), field_updater)",128,,,,,,,,-36.335646277502086,-16.6735909654116,132.53719446151115,1.01010101010101,12.24364860728497,,cases/f0.45_chiN40/native_profiles.csv#model=ohta_kawasaki,accepted,model_gates_pass,
liu2019-stress-free-period-map-v2,stress_free_lamellar_observable,f0.45_chiN41,0.45,41.0,10.698,scft,SCFT,reference,4.810945819190921,4.810945819190921,0.0,0.0,0.0,1.0,1.0,0.0,false,,Polyorder.cell_solve!,266,true,false,true,true,true,true,true,0.0003220705703668854,0.998828240707875,0.4499999999999995,4.345118429921298,,,not_applicable,3.607267666987882e-7,Polyorder.Successful(),1.994758415399028e-7,1.3131562168114253e-7,0.1,0.10022803789981084,0.01,"Anderson(SD(0.1); m=10, warmup=100, αw=0.2)","VariableCell(BB(1.0), field_updater)",48,,,,Polyorder pseudospectral SCFT,,,,,,,,,,cases/f0.45_chiN41/native_profiles.csv#model=scft,accepted,reference_gates_pass,
liu2019-stress-free-period-map-v2,stress_free_lamellar_observable,f0.45_chiN41,0.45,41.0,10.698,liu2019_opf,OPF (force/stress mapped),per_state_force_stress_mapping,4.87310495088698,4.810945819190921,0.012920355795341898,0.012920355795341898,0.031075744419147792,0.9951466136972331,0.9976556013575762,0.0,false,1.2153470993041995,StressRootBisection,48,true,false,true,true,true,true,true,-0.011949934215790992,0.9756034640955764,0.45000000000000007,-0.4322949282294221,4.488805733990672e-7,1.1209545043508462e-6,mean-constrained Fourier nonlinear conjugate gradient,6.594176252439285e-8,Polyorder.Successful(),1.994758415399028e-7,1.3131562168114253e-7,0.1,0.10022803789981084,0.01,"Anderson(SD(0.1); m=10, warmup=100, αw=0.2)","VariableCell(BB(1.0), field_updater)",128,,,,,,,,-1.0,-0.24134811157452288,1.922058936352611,0.020182000261541162,0.12169197426789381,0.04832142284021917,cases/f0.45_chiN41/native_profiles.csv#model=liu2019_opf,accepted,model_gates_pass,
liu2019-stress-free-period-map-v2,stress_free_lamellar_observable,f0.45_chiN41,0.45,41.0,10.698,uneyama_doi,Uneyama-Doi,not_applicable,3.822789371696238,4.810945819190921,-0.20539754231962348,0.20539754231962348,0.014415129977816452,0.9989556672356068,0.9998400920249411,0.99609375,false,1.1859349434983197,BootstrapLocal,16,true,false,true,true,true,true,true,0.011686910382160635,0.988748655076895,0.44999999999917306,-6.292457300699023,6.286427264186634e-7,1.5850514596404963e-6,mean-constrained fused-spectral L-BFGS with profile continuation,,Polyorder.Successful(),1.994758415399028e-7,1.3131562168114253e-7,0.1,0.10022803789981084,0.01,"Anderson(SD(0.1); m=10, warmup=100, αw=0.2)","VariableCell(BB(1.0), field_updater)",128,,,,,,1,,,,,,,,cases/f0.45_chiN41/native_profiles.csv#model=uneyama_doi,accepted,model_gates_pass,
liu2019-stress-free-period-map-v2,stress_free_lamellar_observable,f0.45_chiN41,0.45,41.0,10.698,burp_ti,BURP-TI,not_applicable,3.779997985582887,4.810945819190921,-0.21429213139245307,0.21429213139245307,0.012945622286246633,0.999157737158435,0.9997627117690028,0.99609375,false,1.1726598725649626,BoundedKKTNewtonGMRES+AnalyticStressRoot,1,true,false,true,true,true,true,true,1.0000000000555111e-6,0.9999989999999933,0.44999999999999996,-7.712594181407964,0.00030902340270801116,0.0006881576461674754,bounded-KKT Newton-GMRES,1.0261334789296714e-5,Polyorder.Successful(),1.994758415399028e-7,1.3131562168114253e-7,0.1,0.10022803789981084,0.01,"Anderson(SD(0.1); m=10, warmup=100, αw=0.2)","VariableCell(BB(1.0), field_updater)",128,64,,,,256,1,,,,,,,,cases/f0.45_chiN41/native_profiles.csv#model=burp_ti,accepted,model_gates_pass,
liu2019-stress-free-period-map-v2,stress_free_lamellar_observable,f0.45_chiN41,0.45,41.0,10.698,bvk2,BVK2,frozen_c2_evaluation,4.778616924763399,4.810945819190921,-0.006719862505738861,0.006719862505738861,0.010705609425604177,0.9994239972352067,0.999711985422412,0.0,false,1.482459074158928,FilteredUDThetaAnalyticCellStressRoot,11,true,false,true,true,true,true,true,4.997129510977879e-5,0.9996691254976923,0.44999999999999996,-9.23105150337046,1.785353901232888e-11,5.718221067751125e-11,oversampled filtered UD-theta L-BFGS with cosine-Newton polish,4.192388658452728e-10,Polyorder.Successful(),1.994758415399028e-7,1.3131562168114253e-7,0.1,0.10022803789981084,0.01,"Anderson(SD(0.1); m=10, warmup=100, αw=0.2)","VariableCell(BB(1.0), field_updater)",256,,2,12.0,ud-theta-spectral-adaptive-k-physical-sensor-filter-oversampled-v2,,,0.16,,,,,,,cases/f0.45_chiN41/native_profiles.csv#model=bvk2,accepted,model_gates_pass,
liu2019-stress-free-period-map-v2,stress_free_lamellar_observable,f0.45_chiN41,0.45,41.0,10.698,ohta_kawasaki,Ohta-Kawasaki (recomputed),liu2019_ok_asymptotic_quadratic_extrapolated_c3_c4,3.762053024132144,4.810945819190921,-0.21802215915106138,0.21802215915106138,0.14629700203808632,0.8924345914031999,0.9980502112201872,0.0,false,1.1172016203403472,StressRootBisection,106,true,false,true,true,true,true,true,0.13577611710789722,0.8305062534701132,0.44999999999999996,-5.045763392320786,2.4271004471463127e-6,5.717568487551006e-6,mean-constrained Fourier nonlinear conjugate gradient,4.4001476835762265e-8,Polyorder.Successful(),1.994758415399028e-7,1.3131562168114253e-7,0.1,0.10022803789981084,0.01,"Anderson(SD(0.1); m=10, warmup=100, αw=0.2)","VariableCell(BB(1.0), field_updater)",128,,,,,,,,-37.335646277502086,-17.318933613286436,137.3341047209484,1.01010101010101,12.24364860728497,,cases/f0.45_chiN41/native_profiles.csv#model=ohta_kawasaki,accepted,model_gates_pass,
liu2019-stress-free-period-map-v2,stress_free_lamellar_observable,f0.45_chiN42,0.45,42.0,10.698,scft,SCFT,reference,4.836845457317249,4.836845457317249,0.0,0.0,0.0,1.0,1.0,0.0,false,,Polyorder.cell_solve!,371,true,false,true,true,true,true,true,0.0002915034234929442,0.9989132270477148,0.4500000000000008,4.392456609079661,,,not_applicable,4.310119069972127e-7,Polyorder.Successful(),1.992393199277749e-7,1.3711296221969844e-7,0.1,0.10076761369410936,0.01,"Anderson(SD(0.1); m=10, warmup=100, αw=0.2)","VariableCell(BB(1.0), field_updater)",48,,,,Polyorder pseudospectral SCFT,,,,,,,,,,cases/f0.45_chiN42/native_profiles.csv#model=scft,accepted,reference_gates_pass,
liu2019-stress-free-period-map-v2,stress_free_lamellar_observable,f0.45_chiN42,0.45,42.0,10.698,liu2019_opf,OPF (force/stress mapped),per_state_force_stress_mapping,4.901886754450191,4.836845457317249,0.013447048847621712,0.013447048847621712,0.03203048165803869,0.9948690614379716,0.9975189764366724,0.98828125,false,1.221657657623291,StressRootBisection,49,true,false,true,true,true,true,true,-0.012198405166292559,0.9759238080997472,0.45,-0.43884289722284014,6.36649599522121e-7,1.8690927389916623e-6,mean-constrained Fourier nonlinear conjugate gradient,2.3618340296187866e-8,Polyorder.Successful(),1.992393199277749e-7,1.3711296221969844e-7,0.1,0.10076761369410936,0.01,"Anderson(SD(0.1); m=10, warmup=100, αw=0.2)","VariableCell(BB(1.0), field_updater)",128,,,,,,,,-1.0,-0.2421233295031678,1.925186885811057,0.019512242543675482,0.11731989090988448,0.04843007880849114,cases/f0.45_chiN42/native_profiles.csv#model=liu2019_opf,accepted,model_gates_pass,
liu2019-stress-free-period-map-v2,stress_free_lamellar_observable,f0.45_chiN42,0.45,42.0,10.698,uneyama_doi,Uneyama-Doi,not_applicable,3.8356853036507617,4.836845457317249,-0.2069861777683879,0.2069861777683879,0.015036650376374595,0.9988692357242515,0.9997645545465825,0.984375,false,1.1899356180965805,BootstrapLocal,16,true,false,true,true,true,true,true,0.011143281714199732,0.9893345302210075,0.44999999999993334,-6.609858009094669,6.310734397445656e-7,1.3365808317344907e-6,mean-constrained fused-spectral L-BFGS with profile continuation,,Polyorder.Successful(),1.992393199277749e-7,1.3711296221969844e-7,0.1,0.10076761369410936,0.01,"Anderson(SD(0.1); m=10, warmup=100, αw=0.2)","VariableCell(BB(1.0), field_updater)",128,,,,,,1,,,,,,,,cases/f0.45_chiN42/native_profiles.csv#model=uneyama_doi,accepted,model_gates_pass,
liu2019-stress-free-period-map-v2,stress_free_lamellar_observable,f0.45_chiN42,0.45,42.0,10.698,burp_ti,BURP-TI,not_applicable,3.7986429403775968,4.836845457317249,-0.21464455006910443,0.21464455006910443,0.014090763277933542,0.9990070236305388,0.9996815402104093,0.984375,false,1.178444052979062,BoundedKKTNewtonGMRES+AnalyticStressRoot,1,true,false,true,true,true,true,true,1.0000000000555111e-6,0.9999989999999997,0.44999999999999973,-8.071868647957702,0.0002643750698191619,0.0007781270115292394,bounded-KKT Newton-GMRES,2.1417874344825825e-6,Polyorder.Successful(),1.992393199277749e-7,1.3711296221969844e-7,0.1,0.10076761369410936,0.01,"Anderson(SD(0.1); m=10, warmup=100, αw=0.2)","VariableCell(BB(1.0), field_updater)",128,64,,,,256,1,,,,,,,,cases/f0.45_chiN42/native_profiles.csv#model=burp_ti,accepted,model_gates_pass,
liu2019-stress-free-period-map-v2,stress_free_lamellar_observable,f0.45_chiN42,0.45,42.0,10.698,bvk2,BVK2,frozen_c2_evaluation,4.803599244817632,4.836845457317249,-0.006873532097107171,0.006873532097107171,0.008926863210544022,0.9996014639284423,0.9998008091707347,0.98828125,false,1.4902092804719766,FilteredUDThetaAnalyticCellStressRoot,11,true,false,true,true,true,true,true,3.9450330077862e-5,0.9997244383764307,0.44999999999999984,-9.670024119261003,5.201430835013102e-11,1.9108558229346495e-10,oversampled filtered UD-theta L-BFGS with cosine-Newton polish,4.1798298155981684e-10,Polyorder.Successful(),1.992393199277749e-7,1.3711296221969844e-7,0.1,0.10076761369410936,0.01,"Anderson(SD(0.1); m=10, warmup=100, αw=0.2)","VariableCell(BB(1.0), field_updater)",256,,2,12.0,ud-theta-spectral-adaptive-k-physical-sensor-filter-oversampled-v2,,,0.16,,,,,,,cases/f0.45_chiN42/native_profiles.csv#model=bvk2,accepted,model_gates_pass,
liu2019-stress-free-period-map-v2,stress_free_lamellar_observable,f0.45_chiN42,0.45,42.0,10.698,ohta_kawasaki,Ohta-Kawasaki (recomputed),liu2019_ok_asymptotic_quadratic_extrapolated_c3_c4,3.775108841591575,4.836845457317249,-0.2195101383939121,0.2195101383939121,0.14731664073595105,0.8914640805319559,0.9979898954703745,0.98828125,false,1.1210787534713744,StressRootBisection,102,true,false,true,true,true,true,true,0.13655432348715785,0.8297551774768452,0.44999999999999996,-5.2352763341832365,3.692470573638605e-6,8.040089070071588e-6,mean-constrained Fourier nonlinear conjugate gradient,7.366078472913668e-8,Polyorder.Successful(),1.992393199277749e-7,1.3711296221969844e-7,0.1,0.10076761369410936,0.01,"Anderson(SD(0.1); m=10, warmup=100, αw=0.2)","VariableCell(BB(1.0), field_updater)",128,,,,,,,,-38.335646277502086,-17.970398823661277,142.17117678163567,1.01010101010101,12.24364860728497,,cases/f0.45_chiN42/native_profiles.csv#model=ohta_kawasaki,accepted,model_gates_pass,
liu2019-stress-free-period-map-v2,stress_free_lamellar_observable,f0.45_chiN43,0.45,43.0,10.698,scft,SCFT,reference,4.862176422121565,4.862176422121565,0.0,0.0,0.0,1.0,1.0,0.0,false,,Polyorder.cell_solve!,87,true,false,true,true,true,true,true,0.00025319799059060475,0.9990331688553798,0.4500000000000006,4.438828804714488,,,not_applicable,4.2270134107427214e-8,Polyorder.Successful(),1.910266790057617e-7,1.3881060674669248e-7,0.1,0.1012953421275326,0.01,"Anderson(SD(0.1); m=10, warmup=100, αw=0.2)","VariableCell(BB(1.0), field_updater)",48,,,,Polyorder pseudospectral SCFT,,,,,,,,,,cases/f0.45_chiN43/native_profiles.csv#model=scft,accepted,reference_gates_pass,
liu2019-stress-free-period-map-v2,stress_free_lamellar_observable,f0.45_chiN43,0.45,43.0,10.698,liu2019_opf,OPF (force/stress mapped),per_state_force_stress_mapping,4.929748931846518,4.862176422121565,0.013897584920513628,0.013897584920513628,0.03240921666598141,0.9947714588568197,0.9974711055242268,0.98828125,false,1.2277879714965823,StressRootBisection,48,true,false,true,true,true,true,true,-0.01246763808713136,0.9762162051798879,0.45,-0.44514001858490976,6.630045302787661e-7,2.0941409923647125e-6,mean-constrained Fourier nonlinear conjugate gradient,1.7978528064954844e-8,Polyorder.Successful(),1.910266790057617e-7,1.3881060674669248e-7,0.1,0.1012953421275326,0.01,"Anderson(SD(0.1); m=10, warmup=100, αw=0.2)","VariableCell(BB(1.0), field_updater)",128,,,,,,,,-1.0,-0.24286886391505355,1.9280361895345777,0.01888803298855242,0.11326624344016946,0.048448478443500295,cases/f0.45_chiN43/native_profiles.csv#model=liu2019_opf,accepted,model_gates_pass,
liu2019-stress-free-period-map-v2,stress_free_lamellar_observable,f0.45_chiN43,0.45,43.0,10.698,uneyama_doi,Uneyama-Doi,not_applicable,3.8482777735729607,4.862176422121565,-0.20852773748308362,0.20852773748308362,0.0146256886788432,0.9989351802173443,0.9997709152847213,0.984375,false,1.193842150383255,BootstrapLocal,16,true,false,true,true,true,true,true,0.010633082380939603,0.9898709495781415,0.45000000000019613,-6.930812244162574,8.062067213035275e-7,2.174679958222292e-6,mean-constrained fused-spectral L-BFGS with profile continuation,,Polyorder.Successful(),1.910266790057617e-7,1.3881060674669248e-7,0.1,0.1012953421275326,0.01,"Anderson(SD(0.1); m=10, warmup=100, αw=0.2)","VariableCell(BB(1.0), field_updater)",128,,,,,,1,,,,,,,,cases/f0.45_chiN43/native_profiles.csv#model=uneyama_doi,accepted,model_gates_pass,
liu2019-stress-free-period-map-v2,stress_free_lamellar_observable,f0.45_chiN43,0.45,43.0,10.698,burp_ti,BURP-TI,not_applicable,3.816394686827248,4.862176422121565,-0.2150851068538563,0.2150851068538563,0.013915405253377828,0.9990360929011985,0.9996874886682636,0.984375,false,1.183951135471923,BoundedKKTNewtonGMRES+AnalyticStressRoot,1,true,false,true,true,true,true,true,1.000000000112757e-6,0.9999989999999997,0.44999999999999973,-8.433594051011898,0.0003458703429590376,0.0007222261472454861,bounded-KKT Newton-GMRES,2.4154505609429696e-5,Polyorder.Successful(),1.910266790057617e-7,1.3881060674669248e-7,0.1,0.1012953421275326,0.01,"Anderson(SD(0.1); m=10, warmup=100, αw=0.2)","VariableCell(BB(1.0), field_updater)",128,64,,,,256,1,,,,,,,,cases/f0.45_chiN43/native_profiles.csv#model=burp_ti,accepted,model_gates_pass,
liu2019-stress-free-period-map-v2,stress_free_lamellar_observable,f0.45_chiN43,0.45,43.0,10.698,bvk2,BVK2,frozen_c2_evaluation,4.828029723561332,4.862176422121565,-0.007022924632038352,0.007022924632038352,0.008989454159272851,0.9995977369838314,0.9997989975997049,0.48828125,false,1.4977882903549329,FilteredUDThetaAnalyticCellStressRoot,11,true,false,true,true,true,true,true,3.118376366762448e-5,0.9997702584155624,0.45,-10.113701247174678,4.9562885722666826e-11,2.5812635483275485e-10,oversampled filtered UD-theta L-BFGS with cosine-Newton polish,4.1555248131430744e-10,Polyorder.Successful(),1.910266790057617e-7,1.3881060674669248e-7,0.1,0.1012953421275326,0.01,"Anderson(SD(0.1); m=10, warmup=100, αw=0.2)","VariableCell(BB(1.0), field_updater)",256,,2,12.0,ud-theta-spectral-adaptive-k-physical-sensor-filter-oversampled-v2,,,0.16,,,,,,,cases/f0.45_chiN43/native_profiles.csv#model=bvk2,accepted,model_gates_pass,
liu2019-stress-free-period-map-v2,stress_free_lamellar_observable,f0.45_chiN43,0.45,43.0,10.698,ohta_kawasaki,Ohta-Kawasaki (recomputed),liu2019_ok_asymptotic_quadratic_extrapolated_c3_c4,3.7879918459708324,4.862176422121565,-0.22092669679024568,0.22092669679024568,0.1482532301163122,0.8905913169864564,0.9980026707137652,0.98828125,false,1.12490456700325,StressRootBisection,106,true,false,true,true,true,true,true,0.13730924070711864,0.8290002781785673,0.45000000000000007,-5.424842206409982,7.792870812641286e-6,1.994689655715476e-5,mean-constrained Fourier nonlinear conjugate gradient,6.503539618498861e-8,Polyorder.Successful(),1.910266790057617e-7,1.3881060674669248e-7,0.1,0.1012953421275326,0.01,"Anderson(SD(0.1); m=10, warmup=100, αw=0.2)","VariableCell(BB(1.0), field_updater)",128,,,,,,,,-39.33564627750208,-18.627986596536108,147.04841064357288,1.01010101010101,12.24364860728497,,cases/f0.45_chiN43/native_profiles.csv#model=ohta_kawasaki,accepted,model_gates_pass,
liu2019-stress-free-period-map-v2,stress_free_lamellar_observable,f0.45_chiN44,0.45,44.0,10.698,scft,SCFT,reference,4.886982905703628,4.886982905703628,0.0,0.0,0.0,1.0,1.0,0.0,false,,Polyorder.cell_solve!,179,true,false,true,true,true,true,true,0.00022013432729106375,0.9991392863025994,0.4499999999999988,4.4842771872028635,,,not_applicable,1.7280210892302934e-6,Polyorder.Successful(),1.9908146104025417e-7,1.4582309170378203e-7,0.1,0.10181214386882559,0.01,"Anderson(SD(0.1); m=10, warmup=100, αw=0.2)","VariableCell(BB(1.0), field_updater)",48,,,,Polyorder pseudospectral SCFT,,,,,,,,,,cases/f0.45_chiN44/native_profiles.csv#model=scft,accepted,reference_gates_pass,
liu2019-stress-free-period-map-v2,stress_free_lamellar_observable,f0.45_chiN44,0.45,44.0,10.698,liu2019_opf,OPF (force/stress mapped),per_state_force_stress_mapping,4.957060157291246,4.886982905703628,0.014339573708316067,0.014339573708316067,0.03264703752078338,0.9947179235398504,0.997445034322264,0.98828125,false,1.2338441848754882,StressRootBisection,48,true,false,true,true,true,true,true,-0.012699529708321888,0.9764853538177567,0.44999999999999996,-0.4512710856733337,4.953349248497809e-7,1.4205554310642299e-6,mean-constrained Fourier nonlinear conjugate gradient,7.551730033559996e-8,Polyorder.Successful(),1.9908146104025417e-7,1.4582309170378203e-7,0.1,0.10181214386882559,0.01,"Anderson(SD(0.1); m=10, warmup=100, αw=0.2)","VariableCell(BB(1.0), field_updater)",128,,,,,,,,-1.0,-0.2435773034107884,1.930765290642258,0.018294358691070645,0.1094412841085895,0.048463859887942495,cases/f0.45_chiN44/native_profiles.csv#model=liu2019_opf,accepted,model_gates_pass,
liu2019-stress-free-period-map-v2,stress_free_lamellar_observable,f0.45_chiN44,0.45,44.0,10.698,uneyama_doi,Uneyama-Doi,not_applicable,3.8609730448512694,4.886982905703628,-0.20994750353124758,0.20994750353124758,0.013951813278241954,0.9990353307448061,0.9997976404092033,0.984375,false,1.1977805744925216,BootstrapLocal,16,true,false,true,true,true,true,true,0.010155843800793094,0.9903617829500927,0.4499999999997251,-7.255926220390007,8.340010278887914e-7,2.217682086941286e-6,mean-constrained fused-spectral L-BFGS with profile continuation,,Polyorder.Successful(),1.9908146104025417e-7,1.4582309170378203e-7,0.1,0.10181214386882559,0.01,"Anderson(SD(0.1); m=10, warmup=100, αw=0.2)","VariableCell(BB(1.0), field_updater)",128,,,,,,1,,,,,,,,cases/f0.45_chiN44/native_profiles.csv#model=uneyama_doi,accepted,model_gates_pass,
liu2019-stress-free-period-map-v2,stress_free_lamellar_observable,f0.45_chiN44,0.45,44.0,10.698,burp_ti,BURP-TI,not_applicable,3.8342684974215198,4.886982905703628,-0.21541192768517337,0.21541192768517337,0.013452652592672998,0.9991031228063838,0.9997136149891849,0.984375,false,1.189496085636889,BoundedKKTNewtonGMRES+AnalyticStressRoot,1,true,false,true,true,true,true,true,1.0e-6,0.9999989999999994,0.4499999999999996,-8.799834108280347,0.0003226784581163845,0.0006252239017427996,bounded-KKT Newton-GMRES,6.5093965945563575e-6,Polyorder.Successful(),1.9908146104025417e-7,1.4582309170378203e-7,0.1,0.10181214386882559,0.01,"Anderson(SD(0.1); m=10, warmup=100, αw=0.2)","VariableCell(BB(1.0), field_updater)",128,64,,,,256,1,,,,,,,,cases/f0.45_chiN44/native_profiles.csv#model=burp_ti,accepted,model_gates_pass,
liu2019-stress-free-period-map-v2,stress_free_lamellar_observable,f0.45_chiN44,0.45,44.0,10.698,bvk2,BVK2,frozen_c2_evaluation,4.851933331190558,4.886982905703628,-0.007172027238352641,0.007172027238352641,0.009288169309700932,0.9995724593890665,0.9997864064681115,0.48828125,false,1.5052038502529124,FilteredUDThetaAnalyticCellStressRoot,11,true,false,true,true,true,true,true,2.4679106664676253e-5,0.9998082657712641,0.4500000000000001,-10.561949726549077,4.898885095918916e-11,3.16439849021047e-10,oversampled filtered UD-theta L-BFGS with cosine-Newton polish,4.129514508122156e-10,Polyorder.Successful(),1.9908146104025417e-7,1.4582309170378203e-7,0.1,0.10181214386882559,0.01,"Anderson(SD(0.1); m=10, warmup=100, αw=0.2)","VariableCell(BB(1.0), field_updater)",256,,2,12.0,ud-theta-spectral-adaptive-k-physical-sensor-filter-oversampled-v2,,,0.16,,,,,,,cases/f0.45_chiN44/native_profiles.csv#model=bvk2,accepted,model_gates_pass,
liu2019-stress-free-period-map-v2,stress_free_lamellar_observable,f0.45_chiN44,0.45,44.0,10.698,ohta_kawasaki,Ohta-Kawasaki (recomputed),liu2019_ok_asymptotic_quadratic_extrapolated_c3_c4,3.8007037232511864,4.886982905703628,-0.22228012731221924,0.22228012731221924,0.14915702881554113,0.8897434055258274,0.998033640896662,0.98828125,false,1.12867956161499,StressRootBisection,98,true,false,true,true,true,true,true,0.13806487182865684,0.828243266819356,0.45000000000000007,-5.614415628655349,3.628079988329651e-6,8.156027095918006e-6,mean-constrained Fourier nonlinear conjugate gradient,8.490560545297955e-8,Polyorder.Successful(),1.9908146104025417e-7,1.4582309170378203e-7,0.1,0.10181214386882559,0.01,"Anderson(SD(0.1); m=10, warmup=100, αw=0.2)","VariableCell(BB(1.0), field_updater)",128,,,,,,,,-40.33564627750208,-19.291696931910952,151.96580630676016,1.01010101010101,12.24364860728497,,cases/f0.45_chiN44/native_profiles.csv#model=ohta_kawasaki,accepted,model_gates_pass,
liu2019-stress-free-period-map-v2,stress_free_lamellar_observable,f0.45_chiN45,0.45,45.0,10.698,scft,SCFT,reference,4.911272726139261,4.911272726139261,0.0,0.0,0.0,1.0,1.0,0.0,false,,Polyorder.cell_solve!,14,true,false,true,true,true,true,true,0.00018218768777958813,0.9992705485149436,0.45000000000000157,4.528845096607105,,,not_applicable,3.1771670444856584e-8,Polyorder.Successful(),1.669940651484059e-7,1.285080853781729e-7,0.1,0.09822545452278522,0.01,"Anderson(SD(0.1); m=10, warmup=100, αw=0.2)","VariableCell(BB(1.0), field_updater)",50,,,,Polyorder pseudospectral SCFT,,,,,,,,,,cases/f0.45_chiN45/native_profiles.csv#model=scft,accepted,reference_gates_pass,
liu2019-stress-free-period-map-v2,stress_free_lamellar_observable,f0.45_chiN45,0.45,45.0,10.698,liu2019_opf,OPF (force/stress mapped),per_state_force_stress_mapping,4.983553214060781,4.911272726139261,0.014717262093147943,0.014717262093147943,0.03261831300745556,0.9947516154033863,0.997459170199615,0.0,false,1.2397281646728513,StressRootBisection,47,true,false,true,true,true,true,true,-0.012905336769053422,0.9767772246022204,0.45000000000000007,-0.4571782337748152,4.001265646388754e-7,1.07108342330825e-6,mean-constrained Fourier nonlinear conjugate gradient,2.2341559824642327e-8,Polyorder.Successful(),1.669940651484059e-7,1.285080853781729e-7,0.1,0.09822545452278522,0.01,"Anderson(SD(0.1); m=10, warmup=100, αw=0.2)","VariableCell(BB(1.0), field_updater)",128,,,,,,,,-1.0,-0.2442443588436298,1.933246109909251,0.017740071474376777,0.10588252999680675,0.04841454566461705,cases/f0.45_chiN45/native_profiles.csv#model=liu2019_opf,accepted,model_gates_pass,
liu2019-stress-free-period-map-v2,stress_free_lamellar_observable,f0.45_chiN45,0.45,45.0,10.698,uneyama_doi,Uneyama-Doi,not_applicable,3.87336532524992,4.911272726139261,-0.2113316565307578,0.2113316565307578,0.01304487607729473,0.9991605736923003,0.9998445661843169,0.99609375,false,1.2016250024547843,BootstrapLocal,16,true,false,true,true,true,true,true,0.009707695787802964,0.9908135713319686,0.44999999999954715,-7.5843498418456985,8.03893489509381e-7,2.4312334795384416e-6,mean-constrained fused-spectral L-BFGS with profile continuation,,Polyorder.Successful(),1.669940651484059e-7,1.285080853781729e-7,0.1,0.09822545452278522,0.01,"Anderson(SD(0.1); m=10, warmup=100, αw=0.2)","VariableCell(BB(1.0), field_updater)",128,,,,,,1,,,,,,,,cases/f0.45_chiN45/native_profiles.csv#model=uneyama_doi,accepted,model_gates_pass,
liu2019-stress-free-period-map-v2,stress_free_lamellar_observable,f0.45_chiN45,0.45,45.0,10.698,burp_ti,BURP-TI,not_applicable,3.8521859767065556,4.911272726139261,-0.2156440516520146,0.2156440516520146,0.012455770756279436,0.9992346785712923,0.9997690745634478,0.99609375,false,1.195054583036944,BoundedKKTNewtonGMRES+AnalyticStressRoot,0,true,false,true,true,true,true,true,1.0000000001110223e-6,0.9999989999999997,0.44999999999999957,-9.170426830162224,0.00018447021281320234,0.0003801535035101722,bounded-KKT Newton-GMRES,2.9509682146461846e-5,Polyorder.Successful(),1.669940651484059e-7,1.285080853781729e-7,0.1,0.09822545452278522,0.01,"Anderson(SD(0.1); m=10, warmup=100, αw=0.2)","VariableCell(BB(1.0), field_updater)",128,64,,,,256,1,,,,,,,,cases/f0.45_chiN45/native_profiles.csv#model=burp_ti,accepted,model_gates_pass,
liu2019-stress-free-period-map-v2,stress_free_lamellar_observable,f0.45_chiN45,0.45,45.0,10.698,bvk2,BVK2,frozen_c2_evaluation,4.875333180913752,4.911272726139261,-0.00731776613304902,0.00731776613304902,0.011712256204486758,0.9993233193024906,0.999661925918427,0.0,false,1.512463130522134,FilteredUDThetaAnalyticCellStressRoot,10,true,false,true,true,true,true,true,1.9553761058489633e-5,0.9998398324750675,0.45,-11.014643916021399,1.529470695168632e-11,5.4650475512815496e-11,oversampled filtered UD-theta L-BFGS with cosine-Newton polish,2.457274383971253e-10,Polyorder.Successful(),1.669940651484059e-7,1.285080853781729e-7,0.1,0.09822545452278522,0.01,"Anderson(SD(0.1); m=10, warmup=100, αw=0.2)","VariableCell(BB(1.0), field_updater)",256,,2,12.0,ud-theta-spectral-adaptive-k-physical-sensor-filter-oversampled-v2,,,0.16,,,,,,,cases/f0.45_chiN45/native_profiles.csv#model=bvk2,accepted,model_gates_pass,
liu2019-stress-free-period-map-v2,stress_free_lamellar_observable,f0.45_chiN45,0.45,45.0,10.698,ohta_kawasaki,Ohta-Kawasaki (recomputed),liu2019_ok_asymptotic_quadratic_extrapolated_c3_c4,3.8132470024045433,4.911272726139261,-0.22357254116447178,0.22357254116447178,0.15013939979864951,0.8888032712428952,0.9980637168383822,0.0,false,1.1324044883251192,StressRootBisection,107,true,false,true,true,true,true,true,0.13881667122116603,0.8274855392645211,0.45,-5.803954997438835,5.832015457204309e-6,1.6081649520494068e-5,mean-constrained Fourier nonlinear conjugate gradient,7.715058965487702e-8,Polyorder.Successful(),1.669940651484059e-7,1.285080853781729e-7,0.1,0.09822545452278522,0.01,"Anderson(SD(0.1); m=10, warmup=100, αw=0.2)","VariableCell(BB(1.0), field_updater)",128,,,,,,,,-41.33564627750208,-19.96152982978579,156.9233637711974,1.01010101010101,12.24364860728497,,cases/f0.45_chiN45/native_profiles.csv#model=ohta_kawasaki,accepted,model_gates_pass,
liu2019-stress-free-period-map-v2,stress_free_lamellar_observable,f0.45_chiN46,0.45,46.0,10.698,scft,SCFT,reference,4.935170476504401,4.935170476504401,0.0,0.0,0.0,1.0,1.0,0.0,false,,Polyorder.cell_solve!,140,true,false,true,true,true,true,true,0.0001671249178814013,0.9993148725930058,0.4499999999999982,4.57256317113351,,,not_applicable,4.027370502637933e-7,Polyorder.Successful(),1.7829320382140122e-7,1.251364574993139e-7,0.1,0.10281605159384168,0.01,"Anderson(SD(0.1); m=10, warmup=100, αw=0.2)","VariableCell(BB(1.0), field_updater)",48,,,,Polyorder pseudospectral SCFT,,,,,,,,,,cases/f0.45_chiN46/native_profiles.csv#model=scft,accepted,reference_gates_pass,
liu2019-stress-free-period-map-v2,stress_free_lamellar_observable,f0.45_chiN46,0.45,46.0,10.698,liu2019_opf,OPF (force/stress mapped),per_state_force_stress_mapping,5.010213887642869,4.935170476504401,0.015205839696062817,0.015205839696062817,0.03356292063900211,0.9944632739802444,0.9973198842900713,0.98828125,false,1.2457563400268556,StressRootBisection,48,true,false,true,true,true,true,true,-0.013114181533531444,0.977017655523327,0.45000000000000007,-0.46307864010565,3.8557526538879354e-7,9.62369705523325e-7,mean-constrained Fourier nonlinear conjugate gradient,2.894029585596542e-8,Polyorder.Successful(),1.7829320382140122e-7,1.251364574993139e-7,0.1,0.10281605159384168,0.01,"Anderson(SD(0.1); m=10, warmup=100, αw=0.2)","VariableCell(BB(1.0), field_updater)",128,,,,,,,,-1.0,-0.2448930725945138,1.9358936854848992,0.017190390333235984,0.10240297412941869,0.048488352129772906,cases/f0.45_chiN46/native_profiles.csv#model=liu2019_opf,accepted,model_gates_pass,
liu2019-stress-free-period-map-v2,stress_free_lamellar_observable,f0.45_chiN46,0.45,46.0,10.698,uneyama_doi,Uneyama-Doi,not_applicable,3.885485225662574,4.935170476504401,-0.2126948310781196,0.2126948310781196,0.013652524046766862,0.9990838650709621,0.9997809816298269,0.984375,false,1.2053849306154896,BootstrapLocal,16,true,false,true,true,true,true,true,0.009287772449956357,0.9912303839181693,0.4500000000003298,-7.915999691849066,5.291743883599507e-7,1.2212246480736155e-6,mean-constrained fused-spectral L-BFGS with profile continuation,,Polyorder.Successful(),1.7829320382140122e-7,1.251364574993139e-7,0.1,0.10281605159384168,0.01,"Anderson(SD(0.1); m=10, warmup=100, αw=0.2)","VariableCell(BB(1.0), field_updater)",128,,,,,,1,,,,,,,,cases/f0.45_chiN46/native_profiles.csv#model=uneyama_doi,accepted,model_gates_pass,
liu2019-stress-free-period-map-v2,stress_free_lamellar_observable,f0.45_chiN46,0.45,46.0,10.698,burp_ti,BURP-TI,not_applicable,3.868811015162851,4.935170476504401,-0.21607348042348806,0.21607348042348806,0.013603850655728061,0.9990903857561972,0.9996946118332181,0.984375,false,1.2002121295626045,BoundedKKTNewtonGMRES+AnalyticStressRoot,1,true,false,true,true,true,true,true,1.0e-6,0.9999989999999999,0.4499999999999994,-9.542035341491927,0.00045284107297955393,0.001036225172341254,bounded-KKT Newton-GMRES,2.4662868928763085e-5,Polyorder.Successful(),1.7829320382140122e-7,1.251364574993139e-7,0.1,0.10281605159384168,0.01,"Anderson(SD(0.1); m=10, warmup=100, αw=0.2)","VariableCell(BB(1.0), field_updater)",128,64,,,,256,1,,,,,,,,cases/f0.45_chiN46/native_profiles.csv#model=burp_ti,accepted,model_gates_pass,
liu2019-stress-free-period-map-v2,stress_free_lamellar_observable,f0.45_chiN46,0.45,46.0,10.698,bvk2,BVK2,frozen_c2_evaluation,4.8982507162008675,4.935170476504401,-0.007480949336867382,0.007480949336867382,0.009115019575084964,0.9995916347743528,0.9997961250322285,0.98828125,false,1.5195727835197792,FilteredUDThetaAnalyticCellStressRoot,11,true,false,true,true,true,true,true,1.5509926486645937e-5,0.9998660812529487,0.4500000000000001,-11.471664992778116,4.4511650758508484e-11,1.6210875605302517e-10,oversampled filtered UD-theta L-BFGS with cosine-Newton polish,4.000328956976773e-10,Polyorder.Successful(),1.7829320382140122e-7,1.251364574993139e-7,0.1,0.10281605159384168,0.01,"Anderson(SD(0.1); m=10, warmup=100, αw=0.2)","VariableCell(BB(1.0), field_updater)",256,,2,12.0,ud-theta-spectral-adaptive-k-physical-sensor-filter-oversampled-v2,,,0.16,,,,,,,cases/f0.45_chiN46/native_profiles.csv#model=bvk2,accepted,model_gates_pass,
liu2019-stress-free-period-map-v2,stress_free_lamellar_observable,f0.45_chiN46,0.45,46.0,10.698,ohta_kawasaki,Ohta-Kawasaki (recomputed),liu2019_ok_asymptotic_quadratic_extrapolated_c3_c4,3.825624633898124,4.935170476504401,-0.22482421790466134,0.22482421790466134,0.15097736362102576,0.8879640977113213,0.9980330539230327,0.98828125,false,1.136080223321915,StressRootBisection,106,true,false,true,true,true,true,true,0.13954900674370596,0.8267319144548696,0.45000000000000007,-5.993421835432696,4.7585987999230025e-6,1.002696301588557e-5,mean-constrained Fourier nonlinear conjugate gradient,8.589685415960129e-8,Polyorder.Successful(),1.7829320382140122e-7,1.251364574993139e-7,0.1,0.10281605159384168,0.01,"Anderson(SD(0.1); m=10, warmup=100, αw=0.2)","VariableCell(BB(1.0), field_updater)",128,,,,,,,,-42.33564627750208,-20.63748529016062,161.92108303688462,1.01010101010101,12.24364860728497,,cases/f0.45_chiN46/native_profiles.csv#model=ohta_kawasaki,accepted,model_gates_pass,
liu2019-stress-free-period-map-v2,stress_free_lamellar_observable,f0.45_chiN47,0.45,47.0,10.698,scft,SCFT,reference,4.958531564620598,4.958531564620598,0.0,0.0,0.0,1.0,1.0,0.0,false,,Polyorder.cell_solve!,22,true,false,true,true,true,true,true,0.00014444839524954678,0.9993944735020326,0.44999999999999973,4.6154774101099125,,,not_applicable,5.5670788599697846e-8,Polyorder.Successful(),1.7305034695973234e-7,9.719144717790244e-8,0.1,0.09917063129241196,0.01,"Anderson(SD(0.1); m=10, warmup=100, αw=0.2)","VariableCell(BB(1.0), field_updater)",50,,,,Polyorder pseudospectral SCFT,,,,,,,,,,cases/f0.45_chiN47/native_profiles.csv#model=scft,accepted,reference_gates_pass,
liu2019-stress-free-period-map-v2,stress_free_lamellar_observable,f0.45_chiN47,0.45,47.0,10.698,liu2019_opf,OPF (force/stress mapped),per_state_force_stress_mapping,5.036132044588788,4.958531564620598,0.01564989129480865,0.01564989129480865,0.03370597219637035,0.9944397434288516,0.9973057626260164,0.98828125,false,1.251588249206543,StressRootBisection,48,true,false,true,true,true,true,true,-0.013312287838409598,0.977250690571309,0.45,-0.46876441074695285,3.5777897910007453e-7,1.207132187056037e-6,mean-constrained Fourier nonlinear conjugate gradient,2.3340707897890198e-8,Polyorder.Successful(),1.7305034695973234e-7,9.719144717790244e-8,0.1,0.09917063129241196,0.01,"Anderson(SD(0.1); m=10, warmup=100, αw=0.2)","VariableCell(BB(1.0), field_updater)",128,,,,,,,,-1.0,-0.24557560872992756,1.938278892402227,0.01668016933274578,0.09916933535316286,0.04843621481861893,cases/f0.45_chiN47/native_profiles.csv#model=liu2019_opf,accepted,model_gates_pass,
liu2019-stress-free-period-map-v2,stress_free_lamellar_observable,f0.45_chiN47,0.45,47.0,10.698,uneyama_doi,Uneyama-Doi,not_applicable,3.8976860047483606,4.958531564620598,-0.21394349235193544,0.21394349235193544,0.013189678736845296,0.9991485688194004,0.9998008240192828,0.984375,false,1.2091699495764787,BootstrapLocal,16,true,false,true,true,true,true,true,0.008891114843608793,0.9916144770975038,0.4500000000000384,-8.2514897064826,7.576557125222654e-7,1.971743505052581e-6,mean-constrained fused-spectral L-BFGS with profile continuation,,Polyorder.Successful(),1.7305034695973234e-7,9.719144717790244e-8,0.1,0.09917063129241196,0.01,"Anderson(SD(0.1); m=10, warmup=100, αw=0.2)","VariableCell(BB(1.0), field_updater)",128,,,,,,1,,,,,,,,cases/f0.45_chiN47/native_profiles.csv#model=uneyama_doi,accepted,model_gates_pass,
liu2019-stress-free-period-map-v2,stress_free_lamellar_observable,f0.45_chiN47,0.45,47.0,10.698,burp_ti,BURP-TI,not_applicable,3.885335549104409,4.958531564620598,-0.21643424097035158,0.21643424097035158,0.013010735136585861,0.9991715147374503,0.9997245108160508,0.984375,false,1.2053384968093623,BoundedKKTNewtonGMRES+AnalyticStressRoot,1,true,false,true,true,true,true,true,1.0000000000555111e-6,0.999999,0.45000000000000007,-9.917285882764238,0.00019141334261825577,0.00035043110245558395,bounded-KKT Newton-GMRES,2.3350081546385106e-6,Polyorder.Successful(),1.7305034695973234e-7,9.719144717790244e-8,0.1,0.09917063129241196,0.01,"Anderson(SD(0.1); m=10, warmup=100, αw=0.2)","VariableCell(BB(1.0), field_updater)",128,64,,,,256,1,,,,,,,,cases/f0.45_chiN47/native_profiles.csv#model=burp_ti,accepted,model_gates_pass,
liu2019-stress-free-period-map-v2,stress_free_lamellar_observable,f0.45_chiN47,0.45,47.0,10.698,bvk2,BVK2,frozen_c2_evaluation,4.920705877316917,4.958531564620598,-0.007628405065235433,0.007628405065235433,0.009591715616943209,0.9995497292833552,0.9997754134455122,0.98828125,false,1.5265389952672999,FilteredUDThetaAnalyticCellStressRoot,11,true,false,true,true,true,true,true,1.2315381908312227e-5,0.9998879326073183,0.44999999999999996,-11.932900343815888,3.822545081704792e-11,1.4193267595499376e-10,oversampled filtered UD-theta L-BFGS with cosine-Newton polish,3.9259440143268876e-10,Polyorder.Successful(),1.7305034695973234e-7,9.719144717790244e-8,0.1,0.09917063129241196,0.01,"Anderson(SD(0.1); m=10, warmup=100, αw=0.2)","VariableCell(BB(1.0), field_updater)",256,,2,12.0,ud-theta-spectral-adaptive-k-physical-sensor-filter-oversampled-v2,,,0.16,,,,,,,cases/f0.45_chiN47/native_profiles.csv#model=bvk2,accepted,model_gates_pass,
liu2019-stress-free-period-map-v2,stress_free_lamellar_observable,f0.45_chiN47,0.45,47.0,10.698,ohta_kawasaki,Ohta-Kawasaki (recomputed),liu2019_ok_asymptotic_quadratic_extrapolated_c3_c4,3.837838725208515,4.958531564620598,-0.22601304938911537,0.22601304938911537,0.15195662557545622,0.8869890834266999,0.9980378149805935,0.98828125,false,1.1397073924541474,StressRootBisection,106,true,false,true,true,true,true,true,0.14028817661101695,0.8259899489838287,0.45,-6.182778686283276,3.5790248875058232e-6,8.499767903291655e-6,mean-constrained Fourier nonlinear conjugate gradient,8.174909546503448e-8,Polyorder.Successful(),1.7305034695973234e-7,9.719144717790244e-8,0.1,0.09917063129241196,0.01,"Anderson(SD(0.1); m=10, warmup=100, αw=0.2)","VariableCell(BB(1.0), field_updater)",128,,,,,,,,-43.33564627750208,-21.319563313035463,166.9589641038219,1.01010101010101,12.24364860728497,,cases/f0.45_chiN47/native_profiles.csv#model=ohta_kawasaki,accepted,model_gates_pass,
liu2019-stress-free-period-map-v2,stress_free_lamellar_observable,f0.45_chiN48,0.45,48.0,10.698,scft,SCFT,reference,4.981467546536887,4.981467546536887,0.0,0.0,0.0,1.0,1.0,0.0,false,,Polyorder.cell_solve!,26,true,false,true,true,true,true,true,0.00012040949171391075,0.9994830543563099,0.4500000000000007,4.657615722069821,,,not_applicable,8.020980415123845e-8,Polyorder.Successful(),1.7939578248641246e-7,1.1278688740047383e-7,0.1,0.09224939900994235,0.01,"Anderson(SD(0.1); m=10, warmup=100, αw=0.2)","VariableCell(BB(1.0), field_updater)",54,,,,Polyorder pseudospectral SCFT,,,,,,,,,,cases/f0.45_chiN48/native_profiles.csv#model=scft,accepted,reference_gates_pass,
liu2019-stress-free-period-map-v2,stress_free_lamellar_observable,f0.45_chiN48,0.45,48.0,10.698,liu2019_opf,OPF (force/stress mapped),per_state_force_stress_mapping,5.060527359120564,4.981467546536887,0.015870787442676226,0.015870787442676226,0.03368281167340921,0.994471913308479,0.9973166367442873,0.0,false,1.2570917129516601,StressRootBisection,48,true,false,true,true,true,true,true,-0.013511631104143329,0.9774930975689087,0.45000000000000007,-0.4741199464336067,3.9263321835810956e-7,1.202019976283275e-6,mean-constrained Fourier nonlinear conjugate gradient,3.893772634818756e-8,Polyorder.Successful(),1.7939578248641246e-7,1.1278688740047383e-7,0.1,0.09224939900994235,0.01,"Anderson(SD(0.1); m=10, warmup=100, αw=0.2)","VariableCell(BB(1.0), field_updater)",128,,,,,,,,-1.0,-0.24608390629602322,1.9402581765037052,0.01621510204479226,0.09623297335808909,0.04831107262381231,cases/f0.45_chiN48/native_profiles.csv#model=liu2019_opf,accepted,model_gates_pass,
liu2019-stress-free-period-map-v2,stress_free_lamellar_observable,f0.45_chiN48,0.45,48.0,10.698,uneyama_doi,Uneyama-Doi,not_applicable,3.909609781238596,4.981467546536887,-0.21516907523435458,0.21516907523435458,0.012609957381503249,0.9992252074994411,0.9998317184048893,0.99609375,false,1.2128690346746356,BootstrapLocal,16,true,false,true,true,true,true,true,0.008520689239530836,0.9919705234478281,0.4499999999998086,-8.589988832137617,7.069334024359675e-7,2.5894414741878258e-6,mean-constrained fused-spectral L-BFGS with profile continuation,,Polyorder.Successful(),1.7939578248641246e-7,1.1278688740047383e-7,0.1,0.09224939900994235,0.01,"Anderson(SD(0.1); m=10, warmup=100, αw=0.2)","VariableCell(BB(1.0), field_updater)",128,,,,,,1,,,,,,,,cases/f0.45_chiN48/native_profiles.csv#model=uneyama_doi,accepted,model_gates_pass,
liu2019-stress-free-period-map-v2,stress_free_lamellar_observable,f0.45_chiN48,0.45,48.0,10.698,burp_ti,BURP-TI,not_applicable,3.901980595233261,4.981467546536887,-0.21670058897685374,0.21670058897685374,0.012042231822417135,0.9992934024328732,0.9997731689463767,0.99609375,false,1.210502250268159,BoundedKKTNewtonGMRES+AnalyticStressRoot,1,true,false,true,true,true,true,true,1.0e-6,0.9999989999999999,0.4499999999999994,-10.296733826192806,0.0002836714045554733,0.0005810665861294417,bounded-KKT Newton-GMRES,2.9562701407007276e-6,Polyorder.Successful(),1.7939578248641246e-7,1.1278688740047383e-7,0.1,0.09224939900994235,0.01,"Anderson(SD(0.1); m=10, warmup=100, αw=0.2)","VariableCell(BB(1.0), field_updater)",128,64,,,,256,1,,,,,,,,cases/f0.45_chiN48/native_profiles.csv#model=burp_ti,accepted,model_gates_pass,
liu2019-stress-free-period-map-v2,stress_free_lamellar_observable,f0.45_chiN48,0.45,48.0,10.698,bvk2,BVK2,frozen_c2_evaluation,4.942717246824733,4.981467546536887,-0.00777889233446738,0.00777889233446738,0.012105393188247915,0.9992859708024022,0.9996438708627308,0.99609375,false,1.533367530589399,FilteredUDThetaAnalyticCellStressRoot,11,true,false,true,true,true,true,true,9.78872940175694e-6,0.9999061426186933,0.45000000000000023,-12.398243028621568,2.8445399876539927e-11,1.0525431708625844e-10,oversampled filtered UD-theta L-BFGS with cosine-Newton polish,3.8325609352796164e-10,Polyorder.Successful(),1.7939578248641246e-7,1.1278688740047383e-7,0.1,0.09224939900994235,0.01,"Anderson(SD(0.1); m=10, warmup=100, αw=0.2)","VariableCell(BB(1.0), field_updater)",256,,2,12.0,ud-theta-spectral-adaptive-k-physical-sensor-filter-oversampled-v2,,,0.16,,,,,,,cases/f0.45_chiN48/native_profiles.csv#model=bvk2,accepted,model_gates_pass,
liu2019-stress-free-period-map-v2,stress_free_lamellar_observable,f0.45_chiN48,0.45,48.0,10.698,ohta_kawasaki,Ohta-Kawasaki (recomputed),liu2019_ok_asymptotic_quadratic_extrapolated_c3_c4,3.8498926482982596,4.981467546536887,-0.22715693471200016,0.22715693471200016,0.1530095805615945,0.8859237017060134,0.9980298472715968,0.0,false,1.1432869970798496,StressRootBisection,106,true,false,true,true,true,true,true,0.14102108665143442,0.8252601335717152,0.4500000000000001,-6.371992270509958,6.3533165714591095e-6,2.059248946206793e-5,mean-constrained Fourier nonlinear conjugate gradient,3.628672563062352e-8,Polyorder.Successful(),1.7939578248641246e-7,1.1278688740047383e-7,0.1,0.09224939900994235,0.01,"Anderson(SD(0.1); m=10, warmup=100, αw=0.2)","VariableCell(BB(1.0), field_updater)",128,,,,,,,,-44.33564627750208,-22.007763898410303,172.0370069720091,1.01010101010101,12.24364860728497,,cases/f0.45_chiN48/native_profiles.csv#model=ohta_kawasaki,accepted,model_gates_pass,
liu2019-stress-free-period-map-v2,stress_free_lamellar_observable,f0.45_chiN49,0.45,49.0,10.698,scft,SCFT,reference,5.004099552160322,5.004099552160322,0.0,0.0,0.0,1.0,1.0,0.0,false,,Polyorder.cell_solve!,199,true,false,true,true,true,true,true,0.00010512102023739066,0.9995379684863936,0.44999999999999774,4.699003420842747,,,not_applicable,1.4100125463702778e-7,Polyorder.Successful(),1.9687467833513421e-7,1.40684953827398e-7,0.1,0.10008199104320643,0.01,"Anderson(SD(0.1); m=10, warmup=100, αw=0.2)","VariableCell(BB(1.0), field_updater)",50,,,,Polyorder pseudospectral SCFT,,,,,,,,,,cases/f0.45_chiN49/native_profiles.csv#model=scft,accepted,reference_gates_pass,
liu2019-stress-free-period-map-v2,stress_free_lamellar_observable,f0.45_chiN49,0.45,49.0,10.698,liu2019_opf,OPF (force/stress mapped),per_state_force_stress_mapping,5.086008826273815,5.004099552160322,0.0163684341727639,0.0163684341727639,0.034378877858299066,0.9942569945584937,0.99721588007344,0.0,false,1.2629636764526369,StressRootBisection,48,true,false,true,true,true,true,true,-0.013659841986713606,0.9777047713329965,0.45,-0.47964603659880156,4.3129461074556696e-7,9.297156168680543e-7,mean-constrained Fourier nonlinear conjugate gradient,8.426585590965123e-8,Polyorder.Successful(),1.9687467833513421e-7,1.40684953827398e-7,0.1,0.10008199104320643,0.01,"Anderson(SD(0.1); m=10, warmup=100, αw=0.2)","VariableCell(BB(1.0), field_updater)",128,,,,,,,,-1.0,-0.24663932605519268,1.942642931953951,0.015733328533191912,0.09323845908702384,0.0484123682696994,cases/f0.45_chiN49/native_profiles.csv#model=liu2019_opf,accepted,model_gates_pass,
liu2019-stress-free-period-map-v2,stress_free_lamellar_observable,f0.45_chiN49,0.45,49.0,10.698,uneyama_doi,Uneyama-Doi,not_applicable,3.9212876890626034,5.004099552160322,-0.21638495633650168,0.21638495633650168,0.012572346845774088,0.9992319516838039,0.9998129176802232,0.99609375,false,1.2164918445155286,BootstrapLocal,16,true,false,true,true,true,true,true,0.008167354866815656,0.9923012173797615,0.4500000000000397,-8.931441429758337,6.728627557993133e-7,1.8171861126403677e-6,mean-constrained fused-spectral L-BFGS with profile continuation,,Polyorder.Successful(),1.9687467833513421e-7,1.40684953827398e-7,0.1,0.10008199104320643,0.01,"Anderson(SD(0.1); m=10, warmup=100, αw=0.2)","VariableCell(BB(1.0), field_updater)",128,,,,,,1,,,,,,,,cases/f0.45_chiN49/native_profiles.csv#model=uneyama_doi,accepted,model_gates_pass,
liu2019-stress-free-period-map-v2,stress_free_lamellar_observable,f0.45_chiN49,0.45,49.0,10.698,burp_ti,BURP-TI,not_applicable,3.9186598956923437,5.004099552160322,-0.21691008445253301,0.21691008445253301,0.012707582941665267,0.9992153395920254,0.9997363777568131,0.99609375,false,1.2156766303671487,BoundedKKTNewtonGMRES+AnalyticStressRoot,1,true,false,true,true,true,true,true,1.0000000000555111e-6,0.999999,0.45,-10.680171838392312,0.00024346954752794235,0.0004847469717441655,bounded-KKT Newton-GMRES,2.000827980667168e-6,Polyorder.Successful(),1.9687467833513421e-7,1.40684953827398e-7,0.1,0.10008199104320643,0.01,"Anderson(SD(0.1); m=10, warmup=100, αw=0.2)","VariableCell(BB(1.0), field_updater)",128,64,,,,256,1,,,,,,,,cases/f0.45_chiN49/native_profiles.csv#model=burp_ti,accepted,model_gates_pass,
liu2019-stress-free-period-map-v2,stress_free_lamellar_observable,f0.45_chiN49,0.45,49.0,10.698,bvk2,BVK2,frozen_c2_evaluation,4.964302179588074,5.004099552160322,-0.007952953804659435,0.007952953804659435,0.009835936511029132,0.9995299032298591,0.9997656211561537,0.0,false,1.5400637734445866,FilteredUDThetaAnalyticCellStressRoot,11,true,false,true,true,true,true,true,7.788036873130982e-6,0.9999213333837635,0.4499999999999999,-12.867591309078588,8.273468802320958e-11,3.0265043541057173e-10,oversampled filtered UD-theta L-BFGS with cosine-Newton polish,3.7255976081951303e-10,Polyorder.Successful(),1.9687467833513421e-7,1.40684953827398e-7,0.1,0.10008199104320643,0.01,"Anderson(SD(0.1); m=10, warmup=100, αw=0.2)","VariableCell(BB(1.0), field_updater)",256,,2,12.0,ud-theta-spectral-adaptive-k-physical-sensor-filter-oversampled-v2,,,0.16,,,,,,,cases/f0.45_chiN49/native_profiles.csv#model=bvk2,accepted,model_gates_pass,
liu2019-stress-free-period-map-v2,stress_free_lamellar_observable,f0.45_chiN49,0.45,49.0,10.698,ohta_kawasaki,Ohta-Kawasaki (recomputed),liu2019_ok_asymptotic_quadratic_extrapolated_c3_c4,3.8617893536345766,5.004099552160322,-0.22827487475396013,0.22827487475396013,0.15367726048685199,0.8852440919698361,0.9980620656347722,0.0,false,1.1468199133872987,StressRootBisection,104,true,false,true,true,true,true,true,0.1417363016165713,0.8245394663332011,0.44999999999999996,-6.561030768312152,3.121486903961028e-6,9.88079762409555e-6,mean-constrained Fourier nonlinear conjugate gradient,7.257844321317757e-9,Polyorder.Successful(),1.9687467833513421e-7,1.40684953827398e-7,0.1,0.10008199104320643,0.01,"Anderson(SD(0.1); m=10, warmup=100, αw=0.2)","VariableCell(BB(1.0), field_updater)",128,,,,,,,,-45.33564627750208,-22.702087046285136,177.15521164144639,1.01010101010101,12.24364860728497,,cases/f0.45_chiN49/native_profiles.csv#model=ohta_kawasaki,accepted,model_gates_pass,
liu2019-stress-free-period-map-v2,stress_free_lamellar_observable,f0.45_chiN50,0.45,50.0,10.698,scft,SCFT,reference,5.026308765234334,5.026308765234334,0.0,0.0,0.0,1.0,1.0,0.0,false,,Polyorder.cell_solve!,275,true,false,true,true,true,true,true,9.210370435166767e-5,0.9995857716825541,0.4499999999999991,4.7396776718541105,,,not_applicable,3.3448370747539794e-7,Polyorder.Successful(),1.854200429762994e-7,3.3959375062466566e-7,0.1,0.10052617530468667,0.01,"Anderson(SD(0.1); m=10, warmup=100, αw=0.2)","VariableCell(BB(1.0), field_updater)",50,,,,Polyorder pseudospectral SCFT,,,,,,,,,,cases/f0.45_chiN50/native_profiles.csv#model=scft,accepted,reference_gates_pass,
liu2019-stress-free-period-map-v2,stress_free_lamellar_observable,f0.45_chiN50,0.45,50.0,10.698,liu2019_opf,OPF (force/stress mapped),per_state_force_stress_mapping,5.1106514259828435,5.026308765234334,0.016780238677712278,0.016780238677712278,0.03513026417145348,0.994023394466041,0.9971007031747446,0.00390625,false,1.2686393737792965,StressRootBisection,46,true,false,true,true,true,true,true,-0.013821736028495568,0.9779039780720211,0.45,-0.4849618008396305,4.423220654006205e-7,9.533603636396881e-7,mean-constrained Fourier nonlinear conjugate gradient,2.2068960284017696e-8,Polyorder.Successful(),1.854200429762994e-7,3.3959375062466566e-7,0.1,0.10052617530468667,0.01,"Anderson(SD(0.1); m=10, warmup=100, αw=0.2)","VariableCell(BB(1.0), field_updater)",128,,,,,,,,-1.0,-0.2471862615705348,1.9447931233790066,0.015284545664435045,0.09045231964449595,0.04840899319490964,cases/f0.45_chiN50/native_profiles.csv#model=liu2019_opf,accepted,model_gates_pass,
liu2019-stress-free-period-map-v2,stress_free_lamellar_observable,f0.45_chiN50,0.45,50.0,10.698,uneyama_doi,Uneyama-Doi,not_applicable,3.9329990903671073,5.026308765234334,-0.21751741206775121,0.21751741206775121,0.01331329991321036,0.9991416524089267,0.9997537321484956,0.0,false,1.2201250449599936,BootstrapLocal,16,true,false,true,true,true,true,true,0.00783774585889616,0.9926079822898379,0.4499999999995897,-9.27639081018959,9.838477787578047e-7,2.947671545294739e-6,mean-constrained fused-spectral L-BFGS with profile continuation,,Polyorder.Successful(),1.854200429762994e-7,3.3959375062466566e-7,0.1,0.10052617530468667,0.01,"Anderson(SD(0.1); m=10, warmup=100, αw=0.2)","VariableCell(BB(1.0), field_updater)",128,,,,,,1,,,,,,,,cases/f0.45_chiN50/native_profiles.csv#model=uneyama_doi,accepted,model_gates_pass,
liu2019-stress-free-period-map-v2,stress_free_lamellar_observable,f0.45_chiN50,0.45,50.0,10.698,burp_ti,BURP-TI,not_applicable,3.9343922116002576,5.026308765234334,-0.21724024619947313,0.21724024619947313,0.013616030243760758,0.9991021727631519,0.9996753388498155,0.0,false,1.2205572296791296,BoundedKKTNewtonGMRES+AnalyticStressRoot,1,true,false,true,true,true,true,true,1.0e-6,0.9999989999999999,0.4499999999999995,-11.064815907651717,0.00022887736750378638,0.0005030368372165306,bounded-KKT Newton-GMRES,1.795954025607581e-5,Polyorder.Successful(),1.854200429762994e-7,3.3959375062466566e-7,0.1,0.10052617530468667,0.01,"Anderson(SD(0.1); m=10, warmup=100, αw=0.2)","VariableCell(BB(1.0), field_updater)",128,64,,,,256,1,,,,,,,,cases/f0.45_chiN50/native_profiles.csv#model=burp_ti,accepted,model_gates_pass,
liu2019-stress-free-period-map-v2,stress_free_lamellar_observable,f0.45_chiN50,0.45,50.0,10.698,bvk2,BVK2,frozen_c2_evaluation,4.9854769230725555,5.026308765234334,-0.008123623929393586,0.008123623929393586,0.009091767866027795,0.9995996973743632,0.999800626608293,0.5,false,1.546632764245855,FilteredUDThetaAnalyticCellStressRoot,11,true,false,true,true,true,true,true,6.202076761932561e-6,0.9999340175904698,0.45000000000000007,-13.34084824789833,1.0558595009917742e-11,4.9696318487584825e-11,oversampled filtered UD-theta L-BFGS with cosine-Newton polish,9.964124636496763e-9,Polyorder.Successful(),1.854200429762994e-7,3.3959375062466566e-7,0.1,0.10052617530468667,0.01,"Anderson(SD(0.1); m=10, warmup=100, αw=0.2)","VariableCell(BB(1.0), field_updater)",256,,2,12.0,ud-theta-spectral-adaptive-k-physical-sensor-filter-oversampled-v2,,,0.16,,,,,,,cases/f0.45_chiN50/native_profiles.csv#model=bvk2,accepted,model_gates_pass,
liu2019-stress-free-period-map-v2,stress_free_lamellar_observable,f0.45_chiN50,0.45,50.0,10.698,ohta_kawasaki,Ohta-Kawasaki (recomputed),liu2019_ok_asymptotic_quadratic_extrapolated_c3_c4,3.873532213180008,5.026308765234334,-0.22934853505773078,0.22934853505773078,0.15457170621517094,0.8842950968636125,0.998016017989987,0.00390625,false,1.1503071427345277,StressRootBisection,105,true,false,true,true,true,true,true,0.14245730516920213,0.8238269981964198,0.44999999999999996,-6.749865075816507,4.947127249763753e-6,9.934897494456862e-6,mean-constrained Fourier nonlinear conjugate gradient,9.96431689932709e-8,Polyorder.Successful(),1.854200429762994e-7,3.3959375062466566e-7,0.1,0.10052617530468667,0.01,"Anderson(SD(0.1); m=10, warmup=100, αw=0.2)","VariableCell(BB(1.0), field_updater)",128,,,,,,,,-46.33564627750208,-23.40253275665998,182.31357811213365,1.01010101010101,12.24364860728497,,cases/f0.45_chiN50/native_profiles.csv#model=ohta_kawasaki,accepted,model_gates_pass,
liu2019-stress-free-period-map-v2,stress_free_lamellar_observable,f0.5_chiN36,0.5,36.0,10.495,scft,SCFT,reference,4.6754639211482685,4.6754639211482685,0.0,0.0,0.0,1.0,1.0,0.0,false,,Polyorder.cell_solve!,11,true,false,true,true,true,true,true,0.0012050167800692685,0.9987949387955076,0.5000000000000004,4.093147098666222,,,not_applicable,2.655253793735535e-8,Polyorder.Successful(),7.822580074960784e-8,5.450965504173018e-8,0.1,0.09350927842296537,0.01,"Anderson(SD(0.1); m=10, warmup=100, αw=0.2)","VariableCell(BB(1.0), field_updater)",50,,,,Polyorder pseudospectral SCFT,,,,,,,,,,cases/f0.5_chiN36/native_profiles.csv#model=scft,accepted,reference_gates_pass,
liu2019-stress-free-period-map-v2,stress_free_lamellar_observable,f0.5_chiN36,0.5,36.0,10.495,liu2019_opf,OPF (force/stress mapped),per_state_force_stress_mapping,4.745336655582325,4.6754639211482685,0.014944556435994683,0.014944556435994683,0.010561964310303764,0.9994305125677028,0.9997324839820828,0.0,false,1.1819718360900882,StressRootBisection,49,true,false,true,true,true,true,true,0.00870997176965016,0.9912900224885924,0.49999999999999994,-0.3989637459416626,6.108134605414065e-7,2.198373696348478e-6,mean-constrained Fourier nonlinear conjugate gradient,3.7348022349499464e-8,Polyorder.Successful(),7.822580074960784e-8,5.450965504173018e-8,0.1,0.09350927842296537,0.01,"Anderson(SD(0.1); m=10, warmup=100, αw=0.2)","VariableCell(BB(1.0), field_updater)",128,,,,,,,,-1.0,1.0459365638639838e-8,1.8915794588525423,0.023756599415677374,0.1425161713973832,0.038022862012135415,cases/f0.5_chiN36/native_profiles.csv#model=liu2019_opf,accepted,model_gates_pass,
liu2019-stress-free-period-map-v2,stress_free_lamellar_observable,f0.5_chiN36,0.5,36.0,10.495,uneyama_doi,Uneyama-Doi,not_applicable,3.742217498479219,4.6754639211482685,-0.1996050955388079,0.1996050955388079,0.01732022321852661,0.998468553877376,0.999819999965319,0.49609375,true,1.158765652401687,BootstrapLocal,32,true,false,true,true,true,true,true,0.014660102778376725,0.9853398972188275,0.49999999999936423,-4.867182169298316,9.473990190750436e-7,2.4705421693082457e-6,mean-constrained fused-spectral L-BFGS with profile continuation,,Polyorder.Successful(),7.822580074960784e-8,5.450965504173018e-8,0.1,0.09350927842296537,0.01,"Anderson(SD(0.1); m=10, warmup=100, αw=0.2)","VariableCell(BB(1.0), field_updater)",128,,,,,,1,,,,,,,,cases/f0.5_chiN36/native_profiles.csv#model=uneyama_doi,accepted,model_gates_pass,
liu2019-stress-free-period-map-v2,stress_free_lamellar_observable,f0.5_chiN36,0.5,36.0,10.495,burp_ti,BURP-TI,not_applicable,3.672411505366272,4.6754639211482685,-0.2145353771729357,0.2145353771729357,0.013343405770941433,0.9990910748110551,0.9997767869299758,0.99609375,false,1.1371504504034216,BoundedKKTNewtonGMRES+AnalyticStressRoot,2,true,false,true,true,true,true,true,1.0000000001110223e-6,0.9999989999999999,0.4999999999999995,-6.120998490101336,0.0002932072241085057,0.000818481763764319,bounded-KKT Newton-GMRES,6.590687736652668e-6,Polyorder.Successful(),7.822580074960784e-8,5.450965504173018e-8,0.1,0.09350927842296537,0.01,"Anderson(SD(0.1); m=10, warmup=100, αw=0.2)","VariableCell(BB(1.0), field_updater)",128,64,,,,256,1,,,,,,,,cases/f0.5_chiN36/native_profiles.csv#model=burp_ti,accepted,model_gates_pass,
liu2019-stress-free-period-map-v2,stress_free_lamellar_observable,f0.5_chiN36,0.5,36.0,10.495,bvk2,BVK2,frozen_c2_evaluation,4.6463238667911675,4.6754639211482685,-0.0062325482237801655,0.0062325482237801655,0.010299753841445734,0.999458437675211,0.9997294429042899,0.99609375,false,1.4387192911581896,FilteredUDThetaAnalyticCellStressRoot,31,true,false,true,true,true,true,true,0.00034752207545820713,0.9996524779245466,0.5000000000005209,-7.296513069506623,1.0493979649150838e-11,2.8957991928070966e-11,oversampled filtered UD-theta L-BFGS with cosine-Newton polish,2.220446049250313e-15,Polyorder.Successful(),7.822580074960784e-8,5.450965504173018e-8,0.1,0.09350927842296537,0.01,"Anderson(SD(0.1); m=10, warmup=100, αw=0.2)","VariableCell(BB(1.0), field_updater)",256,,2,12.0,ud-theta-spectral-adaptive-k-physical-sensor-filter-oversampled-v2,,,0.16,,,,,,,cases/f0.5_chiN36/native_profiles.csv#model=bvk2,accepted,model_gates_pass,
liu2019-stress-free-period-map-v2,stress_free_lamellar_observable,f0.5_chiN36,0.5,36.0,10.495,ohta_kawasaki,Ohta-Kawasaki (recomputed),liu2019_ok_asymptotic_quadratic_extrapolated_c3_c4,3.6805973427865393,4.6754639211482685,-0.21278456964702563,0.21278456964702563,0.14690405332047538,0.8898302634953854,0.9979927310055718,0.0,false,1.0902692198753356,StressRootBisection,105,true,false,true,true,true,true,true,0.15351836414337705,0.8464816373986507,0.4999999999999999,-3.990881516711512,7.562553411464892e-6,1.8540051509402604e-5,mean-constrained Fourier nonlinear conjugate gradient,9.914021425751538e-8,Polyorder.Successful(),7.822580074960784e-8,5.450965504173018e-8,0.1,0.09350927842296537,0.01,"Anderson(SD(0.1); m=10, warmup=100, αw=0.2)","VariableCell(BB(1.0), field_updater)",128,,,,,,,,-32.43333498491163,-0.0,114.95705722027553,1.0,12.0,,cases/f0.5_chiN36/native_profiles.csv#model=ohta_kawasaki,accepted,model_gates_pass,
liu2019-stress-free-period-map-v2,stress_free_lamellar_observable,f0.5_chiN37,0.5,37.0,10.495,scft,SCFT,reference,4.7045511527994694,4.7045511527994694,0.0,0.0,0.0,1.0,1.0,0.0,false,,Polyorder.cell_solve!,361,true,false,true,true,true,true,true,0.0010485593266557785,0.9989515439312118,0.5000000000000014,4.146055022813883,,,not_applicable,6.927083561119619e-7,Polyorder.Successful(),1.4879389157858208e-7,4.450159995380839e-7,0.1,0.09801148234998895,0.01,"Anderson(SD(0.1); m=10, warmup=100, αw=0.2)","VariableCell(BB(1.0), field_updater)",48,,,,Polyorder pseudospectral SCFT,,,,,,,,,,cases/f0.5_chiN37/native_profiles.csv#model=scft,accepted,reference_gates_pass,
liu2019-stress-free-period-map-v2,stress_free_lamellar_observable,f0.5_chiN37,0.5,37.0,10.495,liu2019_opf,OPF (force/stress mapped),per_state_force_stress_mapping,4.776701688449862,4.7045511527994694,0.0153363271663991,0.0153363271663991,0.011775367079407179,0.9992964161802291,0.9996670600430755,0.0,false,1.1884506225585936,StressRootBisection,45,true,false,true,true,true,true,true,0.008312672082904982,0.991687300673884,0.5,-0.40629504111681264,5.150666619027898e-7,1.3482109100587528e-6,mean-constrained Fourier nonlinear conjugate gradient,2.486757412734485e-8,Polyorder.Successful(),1.4879389157858208e-7,4.450159995380839e-7,0.1,0.09801148234998895,0.01,"Anderson(SD(0.1); m=10, warmup=100, αw=0.2)","VariableCell(BB(1.0), field_updater)",128,,,,,,,,-1.0,1.181499599519443e-7,1.8949214072216864,0.022919769364673964,0.1368805706558551,0.038074069511300816,cases/f0.5_chiN37/native_profiles.csv#model=liu2019_opf,accepted,model_gates_pass,
liu2019-stress-free-period-map-v2,stress_free_lamellar_observable,f0.5_chiN37,0.5,37.0,10.495,uneyama_doi,Uneyama-Doi,not_applicable,3.7531084112638915,4.7045511527994694,-0.20223879189185068,0.20223879189185068,0.017134033465533455,0.9985103434308246,0.9997787324868723,0.49609375,true,1.1621379886336962,BootstrapLocal,16,true,false,true,true,true,true,true,0.013792571681916865,0.9862074277580163,0.500000000000086,-5.16270410263759,8.646756231668185e-7,3.1141550532866703e-6,mean-constrained fused-spectral L-BFGS with profile continuation,,Polyorder.Successful(),1.4879389157858208e-7,4.450159995380839e-7,0.1,0.09801148234998895,0.01,"Anderson(SD(0.1); m=10, warmup=100, αw=0.2)","VariableCell(BB(1.0), field_updater)",128,,,,,,1,,,,,,,,cases/f0.5_chiN37/native_profiles.csv#model=uneyama_doi,accepted,model_gates_pass,
liu2019-stress-free-period-map-v2,stress_free_lamellar_observable,f0.5_chiN37,0.5,37.0,10.495,burp_ti,BURP-TI,not_applicable,3.6930864062266267,4.7045511527994694,-0.2149970770263525,0.2149970770263525,0.014087348909232198,0.9989930092602859,0.9997228422556453,0.49609375,true,1.1435523671796444,BoundedKKTNewtonGMRES+AnalyticStressRoot,1,true,false,true,true,true,true,true,1.0000000007494005e-6,0.999999,0.5000000000000003,-6.464515874995481,0.0004086917439913109,0.0012483489351175234,bounded-KKT Newton-GMRES,2.4071870558675915e-5,Polyorder.Successful(),1.4879389157858208e-7,4.450159995380839e-7,0.1,0.09801148234998895,0.01,"Anderson(SD(0.1); m=10, warmup=100, αw=0.2)","VariableCell(BB(1.0), field_updater)",128,64,,,,256,1,,,,,,,,cases/f0.5_chiN37/native_profiles.csv#model=burp_ti,accepted,model_gates_pass,
liu2019-stress-free-period-map-v2,stress_free_lamellar_observable,f0.5_chiN37,0.5,37.0,10.495,bvk2,BVK2,frozen_c2_evaluation,4.674313281492005,4.7045511527994694,-0.006427365826274567,0.006427365826274567,0.008064011695969245,0.9996700339692907,0.9998352027987312,0.5,false,1.4473861236978103,FilteredUDThetaAnalyticCellStressRoot,13,true,false,true,true,true,true,true,0.00027988678578447283,0.9997201132142217,0.5000000000008125,-7.715763813647929,8.82035447398404e-12,2.544150862207854e-11,oversampled filtered UD-theta L-BFGS with cosine-Newton polish,8.881784197001252e-16,Polyorder.Successful(),1.4879389157858208e-7,4.450159995380839e-7,0.1,0.09801148234998895,0.01,"Anderson(SD(0.1); m=10, warmup=100, αw=0.2)","VariableCell(BB(1.0), field_updater)",256,,2,12.0,ud-theta-spectral-adaptive-k-physical-sensor-filter-oversampled-v2,,,0.16,,,,,,,cases/f0.5_chiN37/native_profiles.csv#model=bvk2,accepted,model_gates_pass,
liu2019-stress-free-period-map-v2,stress_free_lamellar_observable,f0.5_chiN37,0.5,37.0,10.495,ohta_kawasaki,Ohta-Kawasaki (recomputed),liu2019_ok_asymptotic_quadratic_extrapolated_c3_c4,3.694066305451589,4.7045511527994694,-0.21478878952067204,0.21478878952067204,0.14796109509760474,0.8889133146105582,0.9979693686229106,0.0,false,1.0942590057849881,StressRootBisection,106,true,false,true,true,true,true,true,0.15442138584194331,0.8455786142161348,0.5,-4.169951571313529,8.573221974685433e-7,1.828685422276284e-6,mean-constrained Fourier nonlinear conjugate gradient,1.0138750239728681e-8,Polyorder.Successful(),1.4879389157858208e-7,4.450159995380839e-7,0.1,0.09801148234998895,0.01,"Anderson(SD(0.1); m=10, warmup=100, αw=0.2)","VariableCell(BB(1.0), field_updater)",128,,,,,,,,-33.43333498491163,-0.0,119.63262946964727,1.0,12.0,,cases/f0.5_chiN37/native_profiles.csv#model=ohta_kawasaki,accepted,model_gates_pass,
liu2019-stress-free-period-map-v2,stress_free_lamellar_observable,f0.5_chiN38,0.5,38.0,10.495,scft,SCFT,reference,4.732909256770043,4.732909256770043,0.0,0.0,0.0,1.0,1.0,0.0,false,,Polyorder.cell_solve!,22,true,false,true,true,true,true,true,0.0009130738768144254,0.9990864484237476,0.49999999999999784,4.19771975867323,,,not_applicable,9.229963324496721e-8,Polyorder.Successful(),1.963791734405452e-7,5.200168050956237e-7,0.1,0.09860227618270923,0.01,"Anderson(SD(0.1); m=10, warmup=100, αw=0.2)","VariableCell(BB(1.0), field_updater)",48,,,,Polyorder pseudospectral SCFT,,,,,,,,,,cases/f0.5_chiN38/native_profiles.csv#model=scft,accepted,reference_gates_pass,
liu2019-stress-free-period-map-v2,stress_free_lamellar_observable,f0.5_chiN38,0.5,38.0,10.495,liu2019_opf,OPF (force/stress mapped),per_state_force_stress_mapping,4.80767912873045,4.732909256770043,0.01579786721105103,0.01579786721105103,0.011168158384949944,0.9993709302762447,0.9997042901394919,0.0,false,1.1949374198913572,StressRootBisection,49,true,false,true,true,true,true,true,0.007917661941782506,0.992082299279903,0.5,-0.41347033021593205,4.949690632461691e-7,1.5382239924593285e-6,mean-constrained Fourier nonlinear conjugate gradient,2.3713469647399854e-8,Polyorder.Successful(),1.963791734405452e-7,5.200168050956237e-7,0.1,0.09860227618270923,0.01,"Anderson(SD(0.1); m=10, warmup=100, αw=0.2)","VariableCell(BB(1.0), field_updater)",128,,,,,,,,-1.0,1.542993027601005e-7,1.8982692315858687,0.022116421267695363,0.13154461513877266,0.038224299505796935,cases/f0.5_chiN38/native_profiles.csv#model=liu2019_opf,accepted,model_gates_pass,
liu2019-stress-free-period-map-v2,stress_free_lamellar_observable,f0.5_chiN38,0.5,38.0,10.495,uneyama_doi,Uneyama-Doi,not_applicable,3.7666883876496104,4.732909256770043,-0.2041494600257403,0.2041494600257403,0.016094492276754448,0.9986935577512881,0.9998225829671166,0.99609375,false,1.1663429847897433,BootstrapLocal,16,true,false,true,true,true,true,true,0.013024471524820808,0.9869755284724817,0.5000000000002083,-5.466482002445,4.749166222413626e-7,1.2301004416775373e-6,mean-constrained fused-spectral L-BFGS with profile continuation,,Polyorder.Successful(),1.963791734405452e-7,5.200168050956237e-7,0.1,0.09860227618270923,0.01,"Anderson(SD(0.1); m=10, warmup=100, αw=0.2)","VariableCell(BB(1.0), field_updater)",128,,,,,,1,,,,,,,,cases/f0.5_chiN38/native_profiles.csv#model=uneyama_doi,accepted,model_gates_pass,
liu2019-stress-free-period-map-v2,stress_free_lamellar_observable,f0.5_chiN38,0.5,38.0,10.495,burp_ti,BURP-TI,not_applicable,3.713083244505455,4.732909256770043,-0.21547550500906165,0.21547550500906165,0.013373582135930479,0.999097948872799,0.9997639469483115,0.49609375,true,1.149744324051086,BoundedKKTNewtonGMRES+AnalyticStressRoot,1,true,false,true,true,true,true,true,1.0e-6,0.999999,0.5000000000000003,-6.811913573505383,0.0003547437844966136,0.0008061222070184623,bounded-KKT Newton-GMRES,2.063144660323465e-5,Polyorder.Successful(),1.963791734405452e-7,5.200168050956237e-7,0.1,0.09860227618270923,0.01,"Anderson(SD(0.1); m=10, warmup=100, αw=0.2)","VariableCell(BB(1.0), field_updater)",128,64,,,,256,1,,,,,,,,cases/f0.5_chiN38/native_profiles.csv#model=burp_ti,accepted,model_gates_pass,
liu2019-stress-free-period-map-v2,stress_free_lamellar_observable,f0.5_chiN38,0.5,38.0,10.495,bvk2,BVK2,frozen_c2_evaluation,4.701608139791294,4.732909256770043,-0.0066135045657118585,0.0066135045657118585,0.009333799952516274,0.999560607507692,0.9997804121297827,0.5,false,1.4558378890741521,FilteredUDThetaAnalyticCellStressRoot,10,true,false,true,true,true,true,true,0.00022576137930746117,0.9997742386206924,0.49999999999999484,-8.14053866353182,1.0165274288410306e-11,2.8990477351571075e-11,oversampled filtered UD-theta L-BFGS with cosine-Newton polish,4.1879122392174395e-10,Polyorder.Successful(),1.963791734405452e-7,5.200168050956237e-7,0.1,0.09860227618270923,0.01,"Anderson(SD(0.1); m=10, warmup=100, αw=0.2)","VariableCell(BB(1.0), field_updater)",256,,2,12.0,ud-theta-spectral-adaptive-k-physical-sensor-filter-oversampled-v2,,,0.16,,,,,,,cases/f0.5_chiN38/native_profiles.csv#model=bvk2,accepted,model_gates_pass,
liu2019-stress-free-period-map-v2,stress_free_lamellar_observable,f0.5_chiN38,0.5,38.0,10.495,ohta_kawasaki,Ohta-Kawasaki (recomputed),liu2019_ok_asymptotic_quadratic_extrapolated_c3_c4,3.707370048841283,4.732909256770043,-0.21668262632794177,0.21668262632794177,0.1490247475914955,0.8879911225623001,0.9980044544658692,0.0,false,1.0981998503208161,StressRootBisection,106,true,false,true,true,true,true,true,0.15532478252430532,0.8446752165733371,0.49999999999999994,-4.349168396328347,5.3182447432971785e-6,1.4403835409458507e-5,mean-constrained Fourier nonlinear conjugate gradient,8.716609589106762e-8,Polyorder.Successful(),1.963791734405452e-7,5.200168050956237e-7,0.1,0.09860227618270923,0.01,"Anderson(SD(0.1); m=10, warmup=100, αw=0.2)","VariableCell(BB(1.0), field_updater)",128,,,,,,,,-34.43333498491163,-0.0,124.34956171901902,1.0,12.0,,cases/f0.5_chiN38/native_profiles.csv#model=ohta_kawasaki,accepted,model_gates_pass,
liu2019-stress-free-period-map-v2,stress_free_lamellar_observable,f0.5_chiN39,0.5,39.0,10.495,scft,SCFT,reference,4.760582421307615,4.760582421307615,0.0,0.0,0.0,1.0,1.0,0.0,false,,Polyorder.cell_solve!,17,true,false,true,true,true,true,true,0.0007966683912271677,0.9992034771054198,0.5000000000000018,4.2482064861882805,,,not_applicable,7.004141626194154e-7,Polyorder.Successful(),1.408577247150685e-7,3.4635052600001554e-7,0.1,0.09917880044390864,0.01,"Anderson(SD(0.1); m=10, warmup=100, αw=0.2)","VariableCell(BB(1.0), field_updater)",48,,,,Polyorder pseudospectral SCFT,,,,,,,,,,cases/f0.5_chiN39/native_profiles.csv#model=scft,accepted,reference_gates_pass,
liu2019-stress-free-period-map-v2,stress_free_lamellar_observable,f0.5_chiN39,0.5,39.0,10.495,liu2019_opf,OPF (force/stress mapped),per_state_force_stress_mapping,4.8379201209300255,4.760582421307615,0.016245428138426776,0.016245428138426776,0.011207637997710967,0.9993700831785439,0.9997040493930966,0.0,false,1.2013280868530274,StressRootBisection,48,true,false,true,true,true,true,true,0.007574902273321915,0.9924251125067426,0.5,-0.42042069815456523,5.451952612928995e-7,1.3992800954673178e-6,mean-constrained Fourier nonlinear conjugate gradient,7.783825540482178e-8,Polyorder.Successful(),1.408577247150685e-7,3.4635052600001554e-7,0.1,0.09917880044390864,0.01,"Anderson(SD(0.1); m=10, warmup=100, αw=0.2)","VariableCell(BB(1.0), field_updater)",128,,,,,,,,-1.0,-5.786777294864032e-8,1.9014500510057766,0.02135804083819595,0.12655888383504735,0.03835914828589415,cases/f0.5_chiN39/native_profiles.csv#model=liu2019_opf,accepted,model_gates_pass,
liu2019-stress-free-period-map-v2,stress_free_lamellar_observable,f0.5_chiN39,0.5,39.0,10.495,uneyama_doi,Uneyama-Doi,not_applicable,3.7799155971799965,4.760582421307615,-0.2059972367537024,0.2059972367537024,0.015495460961384877,0.9987958959516757,0.9998309529207504,0.99609375,false,1.1704387478198612,BootstrapLocal,16,true,false,true,true,true,true,true,0.012325371551582967,0.9876746284627413,0.500000000000822,-5.774354603603623,9.37654184270435e-7,2.2612440032247756e-6,mean-constrained fused-spectral L-BFGS with profile continuation,,Polyorder.Successful(),1.408577247150685e-7,3.4635052600001554e-7,0.1,0.09917880044390864,0.01,"Anderson(SD(0.1); m=10, warmup=100, αw=0.2)","VariableCell(BB(1.0), field_updater)",128,,,,,,1,,,,,,,,cases/f0.5_chiN39/native_profiles.csv#model=uneyama_doi,accepted,model_gates_pass,
liu2019-stress-free-period-map-v2,stress_free_lamellar_observable,f0.5_chiN39,0.5,39.0,10.495,burp_ti,BURP-TI,not_applicable,3.7327516677381625,4.760582421307615,-0.21590441307539265,0.21590441307539265,0.013189664915319779,0.999127586171547,0.9997688593516659,0.49609375,true,1.1558345882562593,BoundedKKTNewtonGMRES+AnalyticStressRoot,1,true,false,true,true,true,true,true,1.0000000000000002e-6,0.999999,0.5000000000000002,-7.163584802032318,0.00042778224260252333,0.0010942966971122434,bounded-KKT Newton-GMRES,4.517382107297758e-6,Polyorder.Successful(),1.408577247150685e-7,3.4635052600001554e-7,0.1,0.09917880044390864,0.01,"Anderson(SD(0.1); m=10, warmup=100, αw=0.2)","VariableCell(BB(1.0), field_updater)",128,64,,,,256,1,,,,,,,,cases/f0.5_chiN39/native_profiles.csv#model=burp_ti,accepted,model_gates_pass,
liu2019-stress-free-period-map-v2,stress_free_lamellar_observable,f0.5_chiN39,0.5,39.0,10.495,bvk2,BVK2,frozen_c2_evaluation,4.728244632167862,4.760582421307615,-0.006792822028458878,0.006792822028458878,0.009940405607982714,0.9995044776730106,0.9997522806010515,0.5,false,1.4640857935529725,FilteredUDThetaAnalyticCellStressRoot,10,true,false,true,true,true,true,true,0.00018236669664351053,0.9998176333033564,0.499999999999998,-8.570654049382632,9.042803706574515e-12,2.8145146049817984e-11,oversampled filtered UD-theta L-BFGS with cosine-Newton polish,4.248024154662744e-10,Polyorder.Successful(),1.408577247150685e-7,3.4635052600001554e-7,0.1,0.09917880044390864,0.01,"Anderson(SD(0.1); m=10, warmup=100, αw=0.2)","VariableCell(BB(1.0), field_updater)",256,,2,12.0,ud-theta-spectral-adaptive-k-physical-sensor-filter-oversampled-v2,,,0.16,,,,,,,cases/f0.5_chiN39/native_profiles.csv#model=bvk2,accepted,model_gates_pass,
liu2019-stress-free-period-map-v2,stress_free_lamellar_observable,f0.5_chiN39,0.5,39.0,10.495,ohta_kawasaki,Ohta-Kawasaki (recomputed),liu2019_ok_asymptotic_quadratic_extrapolated_c3_c4,3.7205068827328507,4.760582421307615,-0.21847653218218643,0.21847653218218643,0.15009160319253984,0.8870287825251113,0.9980085956014177,0.0,false,1.1020912528038023,StressRootBisection,107,true,false,true,true,true,true,true,0.156211666818938,0.843788332726465,0.5000000000000001,-4.528473347035101,7.755640244840896e-6,3.197698265666384e-5,mean-constrained Fourier nonlinear conjugate gradient,9.18525828401928e-8,Polyorder.Successful(),1.408577247150685e-7,3.4635052600001554e-7,0.1,0.09917880044390864,0.01,"Anderson(SD(0.1); m=10, warmup=100, αw=0.2)","VariableCell(BB(1.0), field_updater)",128,,,,,,,,-35.43333498491163,-0.0,129.1078539683908,1.0,12.0,,cases/f0.5_chiN39/native_profiles.csv#model=ohta_kawasaki,accepted,model_gates_pass,
liu2019-stress-free-period-map-v2,stress_free_lamellar_observable,f0.5_chiN40,0.5,40.0,10.495,scft,SCFT,reference,4.787650944236969,4.787650944236969,0.0,0.0,0.0,1.0,1.0,0.0,false,,Polyorder.cell_solve!,1025,true,false,true,true,true,true,true,0.0007052577704374557,0.9992945434451613,0.4999999999999987,4.2975733933555755,,,not_applicable,5.461654824864939e-6,Polyorder.Successful(),9.906312703358139e-7,6.509627790401722e-7,0.1,0.08866020267105498,0.01,"Anderson(SD(0.1); m=10, warmup=100, αw=0.2)","VariableCell(BB(1.0), field_updater)",54,,,,Polyorder pseudospectral SCFT,,,,,,,,,,cases/f0.5_chiN40/native_profiles.csv#model=scft,accepted,reference_gates_pass,
liu2019-stress-free-period-map-v2,stress_free_lamellar_observable,f0.5_chiN40,0.5,40.0,10.495,liu2019_opf,OPF (force/stress mapped),per_state_force_stress_mapping,4.868268649442017,4.787650944236969,0.016838676449896672,0.016838676449896672,0.010930137841180763,0.9994047555529988,0.999718468689256,0.96875,false,1.2078409194946291,StressRootBisection,48,true,false,true,true,true,true,true,0.007258601843595391,0.992741361309227,0.5,-0.4273207748941199,5.118866300776527e-7,1.1663506018003138e-6,mean-constrained Fourier nonlinear conjugate gradient,6.940039741353894e-8,Polyorder.Successful(),9.906312703358139e-7,6.509627790401722e-7,0.1,0.08866020267105498,0.01,"Anderson(SD(0.1); m=10, warmup=100, αw=0.2)","VariableCell(BB(1.0), field_updater)",128,,,,,,,,-1.0,1.404676156652619e-7,1.9047819104879187,0.02061602120235351,0.12174892501274767,0.038674897071371256,cases/f0.5_chiN40/native_profiles.csv#model=liu2019_opf,accepted,model_gates_pass,
liu2019-stress-free-period-map-v2,stress_free_lamellar_observable,f0.5_chiN40,0.5,40.0,10.495,uneyama_doi,Uneyama-Doi,not_applicable,3.794468682043474,4.787650944236969,-0.20744667348588075,0.20744667348588075,0.015443263732435432,0.9988117105232952,0.9998145127611924,0.96484375,false,1.1749450638966628,BootstrapLocal,32,true,false,true,true,true,true,true,0.011697309392334557,0.988302690597864,0.5000000000003166,-6.088815824010217,9.443880972437468e-7,4.2771738016912115e-6,mean-constrained fused-spectral L-BFGS with profile continuation,,Polyorder.Successful(),9.906312703358139e-7,6.509627790401722e-7,0.1,0.08866020267105498,0.01,"Anderson(SD(0.1); m=10, warmup=100, αw=0.2)","VariableCell(BB(1.0), field_updater)",128,,,,,,1,,,,,,,,cases/f0.5_chiN40/native_profiles.csv#model=uneyama_doi,accepted,model_gates_pass,
liu2019-stress-free-period-map-v2,stress_free_lamellar_observable,f0.5_chiN40,0.5,40.0,10.495,burp_ti,BURP-TI,not_applicable,3.7523661896991576,4.787650944236969,-0.216240650497717,0.216240650497717,0.012941227510403185,0.9991655601826703,0.9997690270813707,0.96484375,false,1.161908162105432,BoundedKKTNewtonGMRES+AnalyticStressRoot,3,true,false,true,true,true,true,true,1.0e-6,0.999999,0.5000000000000002,-7.519972180646086,0.0002056368249906333,0.0005761259607977704,bounded-KKT Newton-GMRES,4.984785617298206e-6,Polyorder.Successful(),9.906312703358139e-7,6.509627790401722e-7,0.1,0.08866020267105498,0.01,"Anderson(SD(0.1); m=10, warmup=100, αw=0.2)","VariableCell(BB(1.0), field_updater)",128,64,,,,256,1,,,,,,,,cases/f0.5_chiN40/native_profiles.csv#model=burp_ti,accepted,model_gates_pass,
liu2019-stress-free-period-map-v2,stress_free_lamellar_observable,f0.5_chiN40,0.5,40.0,10.495,bvk2,BVK2,frozen_c2_evaluation,4.75425588616648,4.787650944236969,-0.006975249127275429,0.006975249127275429,0.010713045204657361,0.9994281660320214,0.9997140790374431,0.46484375,false,1.4721400949723165,FilteredUDThetaAnalyticCellStressRoot,32,true,false,true,true,true,true,true,0.0001475144799603792,0.9998524855200951,0.49999999999994493,-9.00593902798691,9.787503796896188e-8,3.1018798647768725e-7,oversampled filtered UD-theta L-BFGS with cosine-Newton polish,4.689118870970788e-9,Polyorder.Successful(),9.906312703358139e-7,6.509627790401722e-7,0.1,0.08866020267105498,0.01,"Anderson(SD(0.1); m=10, warmup=100, αw=0.2)","VariableCell(BB(1.0), field_updater)",256,,2,12.0,ud-theta-spectral-adaptive-k-physical-sensor-filter-oversampled-v2,,,0.16,,,,,,,cases/f0.5_chiN40/native_profiles.csv#model=bvk2,accepted,model_gates_pass,
liu2019-stress-free-period-map-v2,stress_free_lamellar_observable,f0.5_chiN40,0.5,40.0,10.495,ohta_kawasaki,Ohta-Kawasaki (recomputed),liu2019_ok_asymptotic_quadratic_extrapolated_c3_c4,3.7334746943478394,4.787650944236969,-0.2201865303397006,0.2201865303397006,0.1514431870384788,0.8857270192604884,0.99793568998028,0.46875,true,1.1059325873851775,StressRootBisection,106,true,false,true,true,true,true,true,0.15707661867915967,0.8429233809233254,0.49999999999999994,-4.707810178042889,6.4010382009966985e-6,1.4439109777074819e-5,mean-constrained Fourier nonlinear conjugate gradient,6.84099701843162e-8,Polyorder.Successful(),9.906312703358139e-7,6.509627790401722e-7,0.1,0.08866020267105498,0.01,"Anderson(SD(0.1); m=10, warmup=100, αw=0.2)","VariableCell(BB(1.0), field_updater)",128,,,,,,,,-36.43333498491164,-0.0,133.90750621776255,1.0,12.0,,cases/f0.5_chiN40/native_profiles.csv#model=ohta_kawasaki,accepted,model_gates_pass,
liu2019-stress-free-period-map-v2,stress_free_lamellar_observable,f0.5_chiN41,0.5,41.0,10.495,scft,SCFT,reference,4.814004762077151,4.814004762077151,0.0,0.0,0.0,1.0,1.0,0.0,false,,Polyorder.cell_solve!,31,true,false,true,true,true,true,true,0.0006092521076422575,0.999390517624892,0.4999999999999982,4.345881360459259,,,not_applicable,3.5400932756563216e-8,Polyorder.Successful(),1.865139560873534e-7,4.927256012478064e-7,0.1,0.10029176587660732,0.01,"Anderson(SD(0.1); m=10, warmup=100, αw=0.2)","VariableCell(BB(1.0), field_updater)",48,,,,Polyorder pseudospectral SCFT,,,,,,,,,,cases/f0.5_chiN41/native_profiles.csv#model=scft,accepted,reference_gates_pass,
liu2019-stress-free-period-map-v2,stress_free_lamellar_observable,f0.5_chiN41,0.5,41.0,10.495,liu2019_opf,OPF (force/stress mapped),per_state_force_stress_mapping,4.8963313678396,4.814004762077151,0.01710147991771538,0.01710147991771538,0.011465704974596983,0.999347625331879,0.9996932222060483,0.0,false,1.2138330459594726,StressRootBisection,48,true,false,true,true,true,true,true,0.006921752779761814,0.9930781904548319,0.5,-0.4336941976364037,6.123856193015252e-7,1.692760572741873e-6,mean-constrained Fourier nonlinear conjugate gradient,2.4266356706101327e-8,Polyorder.Successful(),1.865139560873534e-7,4.927256012478064e-7,0.1,0.10029176587660732,0.01,"Anderson(SD(0.1); m=10, warmup=100, αw=0.2)","VariableCell(BB(1.0), field_updater)",128,,,,,,,,-1.0,2.2977029017924519e-7,1.90734668900704,0.01996335323841676,0.11751832282037758,0.03858153299798247,cases/f0.5_chiN41/native_profiles.csv#model=liu2019_opf,accepted,model_gates_pass,
liu2019-stress-free-period-map-v2,stress_free_lamellar_observable,f0.5_chiN41,0.5,41.0,10.495,uneyama_doi,Uneyama-Doi,not_applicable,3.806291384980114,4.814004762077151,-0.20932953474317473,0.20932953474317473,0.014537878205327133,0.9989511880770789,0.9998370782696248,0.49609375,true,1.1786059259622947,BootstrapLocal,16,true,false,true,true,true,true,true,0.011107969723742419,0.9888920302749246,0.4999999999999749,-6.40324488205651,7.914702511000183e-7,2.4886052741929847e-6,mean-constrained fused-spectral L-BFGS with profile continuation,,Polyorder.Successful(),1.865139560873534e-7,4.927256012478064e-7,0.1,0.10029176587660732,0.01,"Anderson(SD(0.1); m=10, warmup=100, αw=0.2)","VariableCell(BB(1.0), field_updater)",128,,,,,,1,,,,,,,,cases/f0.5_chiN41/native_profiles.csv#model=uneyama_doi,accepted,model_gates_pass,
liu2019-stress-free-period-map-v2,stress_free_lamellar_observable,f0.5_chiN41,0.5,41.0,10.495,burp_ti,BURP-TI,not_applicable,3.7708230952787596,4.814004762077151,-0.21669726524081767,0.21669726524081767,0.012978681065177291,0.9991640954596662,0.9997691849150223,0.99609375,false,1.1676232837529459,BoundedKKTNewtonGMRES+AnalyticStressRoot,1,true,false,true,true,true,true,true,1.0000000000000002e-6,0.999999,0.5000000000000002,-7.878670725036719,0.00032632276635853147,0.000743279359516415,bounded-KKT Newton-GMRES,1.5748810648281635e-5,Polyorder.Successful(),1.865139560873534e-7,4.927256012478064e-7,0.1,0.10029176587660732,0.01,"Anderson(SD(0.1); m=10, warmup=100, αw=0.2)","VariableCell(BB(1.0), field_updater)",128,64,,,,256,1,,,,,,,,cases/f0.5_chiN41/native_profiles.csv#model=burp_ti,accepted,model_gates_pass,
liu2019-stress-free-period-map-v2,stress_free_lamellar_observable,f0.5_chiN41,0.5,41.0,10.495,bvk2,BVK2,frozen_c2_evaluation,4.779672305486715,4.814004762077151,-0.0071317870021430085,0.0071317870021430085,0.010409600496661802,0.9994622707160381,0.99973110519063,0.5,false,1.4800102077402928,FilteredUDThetaAnalyticCellStressRoot,11,true,false,true,true,true,true,true,0.00011947704715241807,0.9998805229528475,0.4999999999999989,-9.446233878376997,9.906994527456071e-12,2.8836405867183942e-11,oversampled filtered UD-theta L-BFGS with cosine-Newton polish,4.342930459699801e-10,Polyorder.Successful(),1.865139560873534e-7,4.927256012478064e-7,0.1,0.10029176587660732,0.01,"Anderson(SD(0.1); m=10, warmup=100, αw=0.2)","VariableCell(BB(1.0), field_updater)",256,,2,12.0,ud-theta-spectral-adaptive-k-physical-sensor-filter-oversampled-v2,,,0.16,,,,,,,cases/f0.5_chiN41/native_profiles.csv#model=bvk2,accepted,model_gates_pass,
liu2019-stress-free-period-map-v2,stress_free_lamellar_observable,f0.5_chiN41,0.5,41.0,10.495,ohta_kawasaki,Ohta-Kawasaki (recomputed),liu2019_ok_asymptotic_quadratic_extrapolated_c3_c4,3.746273906241938,4.814004762077151,-0.22179680091851595,0.22179680091851595,0.15216493169287174,0.8850987603362663,0.998009631741499,0.0,false,1.1097239792346953,StressRootBisection,107,true,false,true,true,true,true,true,0.1579256694341457,0.8420743305808123,0.49999999999999994,-4.8871285143810335,4.069370170341436e-6,8.140744692950477e-6,mean-constrained Fourier nonlinear conjugate gradient,3.3199435392194566e-8,Polyorder.Successful(),1.865139560873534e-7,4.927256012478064e-7,0.1,0.10029176587660732,0.01,"Anderson(SD(0.1); m=10, warmup=100, αw=0.2)","VariableCell(BB(1.0), field_updater)",128,,,,,,,,-37.43333498491164,-0.0,138.7485184671343,1.0,12.0,,cases/f0.5_chiN41/native_profiles.csv#model=ohta_kawasaki,accepted,model_gates_pass,
liu2019-stress-free-period-map-v2,stress_free_lamellar_observable,f0.5_chiN42,0.5,42.0,10.495,scft,SCFT,reference,4.839839709740079,4.839839709740079,0.0,0.0,0.0,1.0,1.0,0.0,false,,Polyorder.cell_solve!,210,true,false,true,true,true,true,true,0.0005339024866608947,0.999465960494077,0.5000000000000006,4.393174996975446,,,not_applicable,3.0569650982452736e-6,Polyorder.Successful(),1.9303560525910418e-7,4.110567199126965e-7,0.1,0.1008299939529183,0.01,"Anderson(SD(0.1); m=10, warmup=100, αw=0.2)","VariableCell(BB(1.0), field_updater)",48,,,,Polyorder pseudospectral SCFT,,,,,,,,,,cases/f0.5_chiN42/native_profiles.csv#model=scft,accepted,reference_gates_pass,
liu2019-stress-free-period-map-v2,stress_free_lamellar_observable,f0.5_chiN42,0.5,42.0,10.495,liu2019_opf,OPF (force/stress mapped),per_state_force_stress_mapping,4.924574965332238,4.839839709740079,0.017507864035585907,0.017507864035585907,0.01165106126257166,0.9993296133773637,0.9996844248842407,0.0,false,1.2199493408203126,StressRootBisection,44,true,false,true,true,true,true,true,0.006640689972102487,0.9933592609034334,0.49999999999999994,-0.4400414508432536,4.1451073641046395e-7,9.797344750079373e-7,mean-constrained Fourier nonlinear conjugate gradient,3.5300781841323746e-8,Polyorder.Successful(),1.9303560525910418e-7,4.110567199126965e-7,0.1,0.1008299939529183,0.01,"Anderson(SD(0.1); m=10, warmup=100, αw=0.2)","VariableCell(BB(1.0), field_updater)",128,,,,,,,,-1.0,1.9229507749147017e-7,1.9100802276531896,0.019321261254763647,0.11340889560569041,0.03866990006310638,cases/f0.5_chiN42/native_profiles.csv#model=liu2019_opf,accepted,model_gates_pass,
liu2019-stress-free-period-map-v2,stress_free_lamellar_observable,f0.5_chiN42,0.5,42.0,10.495,uneyama_doi,Uneyama-Doi,not_applicable,3.8191550295042096,4.839839709740079,-0.21089224880356305,0.21089224880356305,0.014163038404170844,0.9990093796772221,0.9998363407673608,0.99609375,false,1.182589112253654,BootstrapLocal,16,true,false,true,true,true,true,true,0.010574453882595456,0.9894255461180411,0.4999999999998577,-6.723541159026286,7.843959892413936e-7,2.0949933291078363e-6,mean-constrained fused-spectral L-BFGS with profile continuation,,Polyorder.Successful(),1.9303560525910418e-7,4.110567199126965e-7,0.1,0.1008299939529183,0.01,"Anderson(SD(0.1); m=10, warmup=100, αw=0.2)","VariableCell(BB(1.0), field_updater)",128,,,,,,1,,,,,,,,cases/f0.5_chiN42/native_profiles.csv#model=uneyama_doi,accepted,model_gates_pass,
liu2019-stress-free-period-map-v2,stress_free_lamellar_observable,f0.5_chiN42,0.5,42.0,10.495,burp_ti,BURP-TI,not_applicable,3.7894004507834094,4.839839709740079,-0.21704009263833302,0.21704009263833302,0.012936742244293621,0.9991734974111309,0.9997659531373717,0.99609375,false,1.173375702333638,BoundedKKTNewtonGMRES+AnalyticStressRoot,1,true,false,true,true,true,true,true,1.0e-6,0.999999,0.5000000000000002,-8.242102367235276,0.0003562924728316793,0.0007154392056403225,bounded-KKT Newton-GMRES,3.360691346671457e-6,Polyorder.Successful(),1.9303560525910418e-7,4.110567199126965e-7,0.1,0.1008299939529183,0.01,"Anderson(SD(0.1); m=10, warmup=100, αw=0.2)","VariableCell(BB(1.0), field_updater)",128,64,,,,256,1,,,,,,,,cases/f0.5_chiN42/native_profiles.csv#model=burp_ti,accepted,model_gates_pass,
liu2019-stress-free-period-map-v2,stress_free_lamellar_observable,f0.5_chiN42,0.5,42.0,10.495,bvk2,BVK2,frozen_c2_evaluation,4.804521869112676,4.839839709740079,-0.007297316181014368,0.007297316181014368,0.010014451052600775,0.9995047224254198,0.9997523314166593,0.99609375,false,1.4877047954596427,FilteredUDThetaAnalyticCellStressRoot,11,true,false,true,true,true,true,true,9.688690476323427e-5,0.9999031130952367,0.4999999999999973,-9.891388907122384,9.905639079015474e-12,2.7311536550794737e-11,oversampled filtered UD-theta L-BFGS with cosine-Newton polish,4.3690695505915755e-10,Polyorder.Successful(),1.9303560525910418e-7,4.110567199126965e-7,0.1,0.1008299939529183,0.01,"Anderson(SD(0.1); m=10, warmup=100, αw=0.2)","VariableCell(BB(1.0), field_updater)",256,,2,12.0,ud-theta-spectral-adaptive-k-physical-sensor-filter-oversampled-v2,,,0.16,,,,,,,cases/f0.5_chiN42/native_profiles.csv#model=bvk2,accepted,model_gates_pass,
liu2019-stress-free-period-map-v2,stress_free_lamellar_observable,f0.5_chiN42,0.5,42.0,10.495,ohta_kawasaki,Ohta-Kawasaki (recomputed),liu2019_ok_asymptotic_quadratic_extrapolated_c3_c4,3.7589040958594553,4.839839709740079,-0.22334120109499955,0.22334120109499955,0.15317350127565493,0.8841324971693064,0.9980078870922222,0.0,false,1.1134653031826018,StressRootBisection,107,true,false,true,true,true,true,true,0.15875580749801615,0.8412441926363252,0.5,-5.06637958772993,3.3946276838275345e-6,1.04618676997979e-5,mean-constrained Fourier nonlinear conjugate gradient,8.845022239840032e-8,Polyorder.Successful(),1.9303560525910418e-7,4.110567199126965e-7,0.1,0.1008299939529183,0.01,"Anderson(SD(0.1); m=10, warmup=100, αw=0.2)","VariableCell(BB(1.0), field_updater)",128,,,,,,,,-38.43333498491164,-0.0,143.63089071650603,1.0,12.0,,cases/f0.5_chiN42/native_profiles.csv#model=ohta_kawasaki,accepted,model_gates_pass,
liu2019-stress-free-period-map-v2,stress_free_lamellar_observable,f0.5_chiN43,0.5,43.0,10.495,scft,SCFT,reference,4.865113438206891,4.865113438206891,0.0,0.0,0.0,1.0,1.0,0.0,false,,Polyorder.cell_solve!,76,true,false,true,true,true,true,true,0.0004684427472953256,0.999531348398412,0.4999999999999984,4.4395028272107595,,,not_applicable,2.78575953639919e-6,Polyorder.Successful(),1.8252259501696142e-7,4.79419560042577e-7,0.1,0.10135652996264356,0.01,"Anderson(SD(0.1); m=10, warmup=100, αw=0.2)","VariableCell(BB(1.0), field_updater)",48,,,,Polyorder pseudospectral SCFT,,,,,,,,,,cases/f0.5_chiN43/native_profiles.csv#model=scft,accepted,reference_gates_pass,
liu2019-stress-free-period-map-v2,stress_free_lamellar_observable,f0.5_chiN43,0.5,43.0,10.495,liu2019_opf,OPF (force/stress mapped),per_state_force_stress_mapping,4.952191088044267,4.865113438206891,0.01789838015975831,0.01789838015975831,0.011733618920289636,0.9993231947128697,0.9996813814126274,0.0,false,1.225975513458252,StressRootBisection,49,true,false,true,true,true,true,true,0.0063686541993593915,0.9936312948836707,0.5,-0.4462064218084038,3.2784412210128293e-7,8.4355695421339e-7,mean-constrained Fourier nonlinear conjugate gradient,1.727334490372196e-8,Polyorder.Successful(),1.8252259501696142e-7,4.79419560042577e-7,0.1,0.10135652996264356,0.01,"Anderson(SD(0.1); m=10, warmup=100, αw=0.2)","VariableCell(BB(1.0), field_updater)",128,,,,,,,,-1.0,2.043031022522796e-7,1.9126807348871822,0.01871254273793188,0.10954432555730996,0.03874301979804197,cases/f0.5_chiN43/native_profiles.csv#model=liu2019_opf,accepted,model_gates_pass,
liu2019-stress-free-period-map-v2,stress_free_lamellar_observable,f0.5_chiN43,0.5,43.0,10.495,uneyama_doi,Uneyama-Doi,not_applicable,3.8317159717711795,4.865113438206891,-0.2124097371132595,0.2124097371132595,0.013752198664572243,0.9990702973705313,0.999840418772196,0.49609375,true,1.1864785677614325,BootstrapLocal,16,true,false,true,true,true,true,true,0.010083164602763947,0.9899168362978251,0.49999999999991235,-7.047386365264665,9.577476579908783e-7,2.590924883581236e-6,mean-constrained fused-spectral L-BFGS with profile continuation,,Polyorder.Successful(),1.8252259501696142e-7,4.79419560042577e-7,0.1,0.10135652996264356,0.01,"Anderson(SD(0.1); m=10, warmup=100, αw=0.2)","VariableCell(BB(1.0), field_updater)",128,,,,,,1,,,,,,,,cases/f0.5_chiN43/native_profiles.csv#model=uneyama_doi,accepted,model_gates_pass,
liu2019-stress-free-period-map-v2,stress_free_lamellar_observable,f0.5_chiN43,0.5,43.0,10.495,burp_ti,BURP-TI,not_applicable,3.80799992886841,4.865113438206891,-0.21728445241106153,0.21728445241106153,0.012844377744463752,0.9991889905346076,0.9997671696244411,0.99609375,false,1.1791349711004202,BoundedKKTNewtonGMRES+AnalyticStressRoot,1,true,false,true,true,true,true,true,1.0000000000000002e-6,0.999999,0.5000000000000002,-8.61006721591308,0.00021234103583613547,0.0004267640668398631,bounded-KKT Newton-GMRES,7.848905667619105e-6,Polyorder.Successful(),1.8252259501696142e-7,4.79419560042577e-7,0.1,0.10135652996264356,0.01,"Anderson(SD(0.1); m=10, warmup=100, αw=0.2)","VariableCell(BB(1.0), field_updater)",128,64,,,,256,1,,,,,,,,cases/f0.5_chiN43/native_profiles.csv#model=burp_ti,accepted,model_gates_pass,
liu2019-stress-free-period-map-v2,stress_free_lamellar_observable,f0.5_chiN43,0.5,43.0,10.495,bvk2,BVK2,frozen_c2_evaluation,4.828830388948374,4.865113438206891,-0.007457801286518406,0.007457801286518406,0.010486334631133479,0.9994594358886244,0.9997296909308245,0.99609375,false,1.4952318507037001,FilteredUDThetaAnalyticCellStressRoot,11,true,false,true,true,true,true,true,7.865906941819639e-5,0.9999213409305819,0.49999999999999883,-10.341263414998274,1.2267105856417702e-11,3.3886139137693777e-11,oversampled filtered UD-theta L-BFGS with cosine-Newton polish,4.377538331823416e-10,Polyorder.Successful(),1.8252259501696142e-7,4.79419560042577e-7,0.1,0.10135652996264356,0.01,"Anderson(SD(0.1); m=10, warmup=100, αw=0.2)","VariableCell(BB(1.0), field_updater)",256,,2,12.0,ud-theta-spectral-adaptive-k-physical-sensor-filter-oversampled-v2,,,0.16,,,,,,,cases/f0.5_chiN43/native_profiles.csv#model=bvk2,accepted,model_gates_pass,
liu2019-stress-free-period-map-v2,stress_free_lamellar_observable,f0.5_chiN43,0.5,43.0,10.495,ohta_kawasaki,Ohta-Kawasaki (recomputed),liu2019_ok_asymptotic_quadratic_extrapolated_c3_c4,3.771367164701003,4.865113438206891,-0.22481413586709798,0.22481413586709798,0.1541592478811895,0.8831741499406128,0.9980111646939962,0.0,false,1.11715712249279,StressRootBisection,107,true,false,true,true,true,true,true,0.15957178142296347,0.8404282187887717,0.5,-5.245520231422502,7.405793498286219e-6,2.1016353693775616e-5,mean-constrained Fourier nonlinear conjugate gradient,5.5358861879779133e-8,Polyorder.Successful(),1.8252259501696142e-7,4.79419560042577e-7,0.1,0.10135652996264356,0.01,"Anderson(SD(0.1); m=10, warmup=100, αw=0.2)","VariableCell(BB(1.0), field_updater)",128,,,,,,,,-39.43333498491164,-0.0,148.55462296587777,1.0,12.0,,cases/f0.5_chiN43/native_profiles.csv#model=ohta_kawasaki,accepted,model_gates_pass,
liu2019-stress-free-period-map-v2,stress_free_lamellar_observable,f0.5_chiN44,0.5,44.0,10.495,scft,SCFT,reference,4.8898589678198565,4.8898589678198565,0.0,0.0,0.0,1.0,1.0,0.0,false,,Polyorder.cell_solve!,62,true,false,true,true,true,true,true,0.00041152055064191983,0.9995883731147621,0.4999999999999998,4.4849110672869585,,,not_applicable,7.540337757505365e-7,Polyorder.Successful(),1.9933523694861757e-7,5.12957924763347e-7,0.1,0.10187206182958035,0.01,"Anderson(SD(0.1); m=10, warmup=100, αw=0.2)","VariableCell(BB(1.0), field_updater)",48,,,,Polyorder pseudospectral SCFT,,,,,,,,,,cases/f0.5_chiN44/native_profiles.csv#model=scft,accepted,reference_gates_pass,
liu2019-stress-free-period-map-v2,stress_free_lamellar_observable,f0.5_chiN44,0.5,44.0,10.495,liu2019_opf,OPF (force/stress mapped),per_state_force_stress_mapping,4.979230172509652,4.8898589678198565,0.018276847098852356,0.018276847098852356,0.011851177554492798,0.9993125730243194,0.9996762431306255,0.0,false,1.2319175720214843,StressRootBisection,46,true,false,true,true,true,true,true,0.006094074614703293,0.9939059039555637,0.49999999999999994,-0.45220139736236875,2.6057206560856843e-7,6.029213577526247e-7,mean-constrained Fourier nonlinear conjugate gradient,1.1058027457730602e-9,Polyorder.Successful(),1.9933523694861757e-7,5.12957924763347e-7,0.1,0.10187206182958035,0.01,"Anderson(SD(0.1); m=10, warmup=100, αw=0.2)","VariableCell(BB(1.0), field_updater)",128,,,,,,,,-1.0,8.684493102836104e-8,1.9151581991739242,0.018134737291580532,0.1059030654855623,0.03880352504326293,cases/f0.5_chiN44/native_profiles.csv#model=liu2019_opf,accepted,model_gates_pass,
liu2019-stress-free-period-map-v2,stress_free_lamellar_observable,f0.5_chiN44,0.5,44.0,10.495,uneyama_doi,Uneyama-Doi,not_applicable,3.8443835859494557,4.8898589678198565,-0.21380481293032583,0.21380481293032583,0.013395143093831332,0.9991217902070874,0.9998424440992459,0.99609375,false,1.190401053884601,BootstrapLocal,16,true,false,true,true,true,true,true,0.009631790751695454,0.9903682089269228,0.5000000000006168,-7.375409032438986,7.871644942825889e-7,1.9975582945381563e-6,mean-constrained fused-spectral L-BFGS with profile continuation,,Polyorder.Successful(),1.9933523694861757e-7,5.12957924763347e-7,0.1,0.10187206182958035,0.01,"Anderson(SD(0.1); m=10, warmup=100, αw=0.2)","VariableCell(BB(1.0), field_updater)",128,,,,,,1,,,,,,,,cases/f0.5_chiN44/native_profiles.csv#model=uneyama_doi,accepted,model_gates_pass,
liu2019-stress-free-period-map-v2,stress_free_lamellar_observable,f0.5_chiN44,0.5,44.0,10.495,burp_ti,BURP-TI,not_applicable,3.8251737490222344,4.8898589678198565,-0.21773331824175535,0.21773331824175535,0.012697980376406695,0.9992108258264835,0.9997693951477937,0.49609375,true,1.1844527894588834,BoundedKKTNewtonGMRES+AnalyticStressRoot,1,true,false,true,true,true,true,true,1.0e-6,0.999999,0.5000000000000002,-8.979096702679861,0.0004919853843255209,0.0010586408789812949,bounded-KKT Newton-GMRES,1.9624507599140895e-5,Polyorder.Successful(),1.9933523694861757e-7,5.12957924763347e-7,0.1,0.10187206182958035,0.01,"Anderson(SD(0.1); m=10, warmup=100, αw=0.2)","VariableCell(BB(1.0), field_updater)",128,64,,,,256,1,,,,,,,,cases/f0.5_chiN44/native_profiles.csv#model=burp_ti,accepted,model_gates_pass,
liu2019-stress-free-period-map-v2,stress_free_lamellar_observable,f0.5_chiN44,0.5,44.0,10.495,bvk2,BVK2,frozen_c2_evaluation,4.852621739023184,4.8898589678198565,-0.007615194843395345,0.007615194843395345,0.010678994252237397,0.9994418328586702,0.9997209055738989,0.5,false,1.5025987659891313,FilteredUDThetaAnalyticCellStressRoot,11,true,false,true,true,true,true,true,6.393079101004893e-5,0.9999360692089899,0.4999999999999983,-10.795724812522272,1.1254608216144067e-11,3.9171862343738795e-11,oversampled filtered UD-theta L-BFGS with cosine-Newton polish,4.366413897116672e-10,Polyorder.Successful(),1.9933523694861757e-7,5.12957924763347e-7,0.1,0.10187206182958035,0.01,"Anderson(SD(0.1); m=10, warmup=100, αw=0.2)","VariableCell(BB(1.0), field_updater)",256,,2,12.0,ud-theta-spectral-adaptive-k-physical-sensor-filter-oversampled-v2,,,0.16,,,,,,,cases/f0.5_chiN44/native_profiles.csv#model=bvk2,accepted,model_gates_pass,
liu2019-stress-free-period-map-v2,stress_free_lamellar_observable,f0.5_chiN44,0.5,44.0,10.495,ohta_kawasaki,Ohta-Kawasaki (recomputed),liu2019_ok_asymptotic_quadratic_extrapolated_c3_c4,3.7836639578779647,4.8898589678198565,-0.22622227291661312,0.22622227291661312,0.15512905438044422,0.8822150366057011,0.9980129901844664,0.0,false,1.1207996875047683,StressRootBisection,106,true,false,true,true,true,true,true,0.1603818784797374,0.8396181217056302,0.5,-5.424508329201878,2.0488251384232667e-6,5.306132916951667e-6,mean-constrained Fourier nonlinear conjugate gradient,8.264614483777138e-9,Polyorder.Successful(),1.9933523694861757e-7,5.12957924763347e-7,0.1,0.10187206182958035,0.01,"Anderson(SD(0.1); m=10, warmup=100, αw=0.2)","VariableCell(BB(1.0), field_updater)",128,,,,,,,,-40.43333498491164,-0.0,153.51971521524953,1.0,12.0,,cases/f0.5_chiN44/native_profiles.csv#model=ohta_kawasaki,accepted,model_gates_pass,
liu2019-stress-free-period-map-v2,stress_free_lamellar_observable,f0.5_chiN45,0.5,45.0,10.495,scft,SCFT,reference,4.914138637860408,4.914138637860408,0.0,0.0,0.0,1.0,1.0,0.0,false,,Polyorder.cell_solve!,156,true,false,true,true,true,true,true,0.00036192487439104114,0.9996388523151994,0.5000000000000028,4.5294376316552825,,,not_applicable,6.774418016887547e-6,Polyorder.Successful(),9.99080027156019e-7,6.198811694190488e-7,0.1,0.1023778882887585,0.01,"Anderson(SD(0.1); m=10, warmup=100, αw=0.2)","VariableCell(BB(1.0), field_updater)",48,,,,Polyorder pseudospectral SCFT,,,,,,,,,,cases/f0.5_chiN45/native_profiles.csv#model=scft,accepted,reference_gates_pass,
liu2019-stress-free-period-map-v2,stress_free_lamellar_observable,f0.5_chiN45,0.5,45.0,10.495,liu2019_opf,OPF (force/stress mapped),per_state_force_stress_mapping,5.005746807666341,4.914138637860408,0.01864175526106404,0.01864175526106404,0.011978659880560134,0.9993006182398505,0.9996704357010497,0.0,false,1.2377775192260743,StressRootBisection,48,true,false,true,true,true,true,true,0.005852441062620284,0.9941475531246247,0.5,-0.4580383546005874,4.215801934198663e-7,1.77069345774853e-6,mean-constrained Fourier nonlinear conjugate gradient,2.3435199883893374e-9,Polyorder.Successful(),9.99080027156019e-7,6.198811694190488e-7,0.1,0.1023778882887585,0.01,"Anderson(SD(0.1); m=10, warmup=100, αw=0.2)","VariableCell(BB(1.0), field_updater)",128,,,,,,,,-1.0,2.997101408494847e-8,1.9175203917768195,0.017585831922095056,0.10246539956317256,0.03885070848700529,cases/f0.5_chiN45/native_profiles.csv#model=liu2019_opf,accepted,model_gates_pass,
liu2019-stress-free-period-map-v2,stress_free_lamellar_observable,f0.5_chiN45,0.5,45.0,10.495,uneyama_doi,Uneyama-Doi,not_applicable,3.8577868368064174,4.914138637860408,-0.21496174180261252,0.21496174180261252,0.013061757994957823,0.9991684256211392,0.9998441594283717,0.49609375,true,1.1945513275471773,BootstrapLocal,20,true,false,true,true,true,true,true,0.009219594636494704,0.9907804053577927,0.4999999999997554,-7.708812083580911,9.681657996270488e-7,3.0855634775202363e-6,mean-constrained fused-spectral L-BFGS with profile continuation,,Polyorder.Successful(),9.99080027156019e-7,6.198811694190488e-7,0.1,0.1023778882887585,0.01,"Anderson(SD(0.1); m=10, warmup=100, αw=0.2)","VariableCell(BB(1.0), field_updater)",128,,,,,,1,,,,,,,,cases/f0.5_chiN45/native_profiles.csv#model=uneyama_doi,accepted,model_gates_pass,
liu2019-stress-free-period-map-v2,stress_free_lamellar_observable,f0.5_chiN45,0.5,45.0,10.495,burp_ti,BURP-TI,not_applicable,3.842628654172753,4.914138637860408,-0.21804634802777678,0.21804634802777678,0.012608015875147175,0.9992251969385847,0.9997695820903595,0.49609375,true,1.1898576448855307,BoundedKKTNewtonGMRES+AnalyticStressRoot,1,true,false,true,true,true,true,true,1.0000000000000002e-6,0.999999,0.5000000000000001,-9.352917296077182,0.00041076308506827894,0.0015126347127218571,bounded-KKT Newton-GMRES,9.620039607828629e-5,Polyorder.Successful(),9.99080027156019e-7,6.198811694190488e-7,0.1,0.1023778882887585,0.01,"Anderson(SD(0.1); m=10, warmup=100, αw=0.2)","VariableCell(BB(1.0), field_updater)",128,64,,,,256,1,,,,,,,,cases/f0.5_chiN45/native_profiles.csv#model=burp_ti,accepted,model_gates_pass,
liu2019-stress-free-period-map-v2,stress_free_lamellar_observable,f0.5_chiN45,0.5,45.0,10.495,bvk2,BVK2,frozen_c2_evaluation,4.875918055609314,4.914138637860408,-0.007777676835697744,0.007777676835697744,0.010584145516345936,0.9994539788839294,0.9997270102448093,0.0,true,1.5098123957416654,FilteredUDThetaAnalyticCellStressRoot,14,true,false,true,true,true,true,true,5.201459521109165e-5,0.9999479854047897,0.49999999999993927,-11.254647852185114,3.646866346270389e-8,7.341471043777498e-8,oversampled filtered UD-theta L-BFGS with cosine-Newton polish,6.3099605540628545e-9,Polyorder.Successful(),9.99080027156019e-7,6.198811694190488e-7,0.1,0.1023778882887585,0.01,"Anderson(SD(0.1); m=10, warmup=100, αw=0.2)","VariableCell(BB(1.0), field_updater)",256,,2,12.0,ud-theta-spectral-adaptive-k-physical-sensor-filter-oversampled-v2,,,0.16,,,,,,,cases/f0.5_chiN45/native_profiles.csv#model=bvk2,accepted,model_gates_pass,
liu2019-stress-free-period-map-v2,stress_free_lamellar_observable,f0.5_chiN45,0.5,45.0,10.495,ohta_kawasaki,Ohta-Kawasaki (recomputed),liu2019_ok_asymptotic_quadratic_extrapolated_c3_c4,3.795796588168796,4.914138637860408,-0.2275764141197557,0.2275764141197557,0.1560832723332142,0.8812563054525192,0.9980144065942195,0.5,true,1.1243936240673063,StressRootBisection,106,true,false,true,true,true,true,true,0.16117036401152451,0.8388296359530144,0.49999999999999994,-5.603305836183958,1.9010041712430947e-6,4.4228386671077985e-6,mean-constrained Fourier nonlinear conjugate gradient,2.7598690968636572e-8,Polyorder.Successful(),9.99080027156019e-7,6.198811694190488e-7,0.1,0.1023778882887585,0.01,"Anderson(SD(0.1); m=10, warmup=100, αw=0.2)","VariableCell(BB(1.0), field_updater)",128,,,,,,,,-41.43333498491164,-0.0,158.5261674646213,1.0,12.0,,cases/f0.5_chiN45/native_profiles.csv#model=ohta_kawasaki,accepted,model_gates_pass,
liu2019-stress-free-period-map-v2,stress_free_lamellar_observable,f0.5_chiN46,0.5,46.0,10.495,scft,SCFT,reference,4.9379005928790205,4.9379005928790205,0.0,0.0,0.0,1.0,1.0,0.0,false,,Polyorder.cell_solve!,76,true,false,true,true,true,true,true,0.00031866747696513255,0.9996817112314248,0.5000000000000034,4.573121509920398,,,not_applicable,1.6662556369735423e-7,Polyorder.Successful(),1.580211905647747e-7,3.821428714941964e-7,0.1,0.10287292901831292,0.01,"Anderson(SD(0.1); m=10, warmup=100, αw=0.2)","VariableCell(BB(1.0), field_updater)",48,,,,Polyorder pseudospectral SCFT,,,,,,,,,,cases/f0.5_chiN46/native_profiles.csv#model=scft,accepted,reference_gates_pass,
liu2019-stress-free-period-map-v2,stress_free_lamellar_observable,f0.5_chiN46,0.5,46.0,10.495,liu2019_opf,OPF (force/stress mapped),per_state_force_stress_mapping,5.031687684545585,4.9379005928790205,0.01899331302898566,0.01899331302898566,0.0120841105029259,0.9992910650918299,0.9996658149703388,0.0,false,1.243553352355957,StressRootBisection,48,true,false,true,true,true,true,true,0.005639507774220176,0.9943605714603523,0.49999999999999994,-0.46371609205496456,6.936079423009197e-7,2.5411985002269726e-6,mean-constrained Fourier nonlinear conjugate gradient,3.1352462286858074e-8,Polyorder.Successful(),1.580211905647747e-7,3.821428714941964e-7,0.1,0.10287292901831292,0.01,"Anderson(SD(0.1); m=10, warmup=100, αw=0.2)","VariableCell(BB(1.0), field_updater)",128,,,,,,,,-1.0,-3.1053263599377944e-7,1.9197707183797883,0.017063886216152277,0.09922026975603694,0.038884959565791494,cases/f0.5_chiN46/native_profiles.csv#model=liu2019_opf,accepted,model_gates_pass,
liu2019-stress-free-period-map-v2,stress_free_lamellar_observable,f0.5_chiN46,0.5,46.0,10.495,uneyama_doi,Uneyama-Doi,not_applicable,3.868962501456014,4.9379005928790205,-0.2164762273595644,0.2164762273595644,0.012773806102447303,0.9992078313982372,0.9998452132354168,0.99609375,false,1.1980118362813637,BootstrapLocal,16,true,false,true,true,true,true,true,0.008826959183249506,0.9911730408231548,0.4999999999994969,-8.041542643595228,9.705973297433604e-7,3.0443944816919423e-6,mean-constrained fused-spectral L-BFGS with profile continuation,,Polyorder.Successful(),1.580211905647747e-7,3.821428714941964e-7,0.1,0.10287292901831292,0.01,"Anderson(SD(0.1); m=10, warmup=100, αw=0.2)","VariableCell(BB(1.0), field_updater)",128,,,,,,1,,,,,,,,cases/f0.5_chiN46/native_profiles.csv#model=uneyama_doi,accepted,model_gates_pass,
liu2019-stress-free-period-map-v2,stress_free_lamellar_observable,f0.5_chiN46,0.5,46.0,10.495,burp_ti,BURP-TI,not_applicable,3.859964276931259,4.9379005928790205,-0.2182985047334206,0.2182985047334206,0.012530837495495602,0.9992376802324762,0.9997699423239864,0.99609375,false,1.1952255649018615,BoundedKKTNewtonGMRES+AnalyticStressRoot,1,true,false,true,true,true,true,true,1.0e-6,0.999999,0.5000000000000001,-9.730581499412747,0.0001592784700111866,0.0003190465161057957,bounded-KKT Newton-GMRES,2.617057493851454e-6,Polyorder.Successful(),1.580211905647747e-7,3.821428714941964e-7,0.1,0.10287292901831292,0.01,"Anderson(SD(0.1); m=10, warmup=100, αw=0.2)","VariableCell(BB(1.0), field_updater)",128,64,,,,256,1,,,,,,,,cases/f0.5_chiN46/native_profiles.csv#model=burp_ti,accepted,model_gates_pass,
liu2019-stress-free-period-map-v2,stress_free_lamellar_observable,f0.5_chiN46,0.5,46.0,10.495,bvk2,BVK2,frozen_c2_evaluation,4.89873991193119,4.9379005928790205,-0.007930633719987035,0.007930633719987035,0.010837661837757945,0.999429772474615,0.9997149318447627,0.49609375,false,1.5168791103942965,FilteredUDThetaAnalyticCellStressRoot,11,true,false,true,true,true,true,true,4.236158966875278e-5,0.9999576384103313,0.4999999999999999,-11.717913957796355,9.734224723538352e-12,2.3820798265010978e-11,oversampled filtered UD-theta L-BFGS with cosine-Newton polish,4.284057553149978e-10,Polyorder.Successful(),1.580211905647747e-7,3.821428714941964e-7,0.1,0.10287292901831292,0.01,"Anderson(SD(0.1); m=10, warmup=100, αw=0.2)","VariableCell(BB(1.0), field_updater)",256,,2,12.0,ud-theta-spectral-adaptive-k-physical-sensor-filter-oversampled-v2,,,0.16,,,,,,,cases/f0.5_chiN46/native_profiles.csv#model=bvk2,accepted,model_gates_pass,
liu2019-stress-free-period-map-v2,stress_free_lamellar_observable,f0.5_chiN46,0.5,46.0,10.495,ohta_kawasaki,Ohta-Kawasaki (recomputed),liu2019_ok_asymptotic_quadratic_extrapolated_c3_c4,3.807767379629803,4.9379005928790205,-0.22886917061047973,0.22886917061047973,0.15702086692093317,0.8803006678741998,0.9980170527223247,0.0,false,1.127939620614052,StressRootBisection,104,true,false,true,true,true,true,true,0.16195949553259598,0.8380405044252699,0.5,-5.78187727982792,6.617326102623326e-6,1.7711285290430752e-5,mean-constrained Fourier nonlinear conjugate gradient,1.5780032487274354e-8,Polyorder.Successful(),1.580211905647747e-7,3.821428714941964e-7,0.1,0.10287292901831292,0.01,"Anderson(SD(0.1); m=10, warmup=100, αw=0.2)","VariableCell(BB(1.0), field_updater)",128,,,,,,,,-42.43333498491164,-0.0,163.57397971399303,1.0,12.0,,cases/f0.5_chiN46/native_profiles.csv#model=ohta_kawasaki,accepted,model_gates_pass,
liu2019-stress-free-period-map-v2,stress_free_lamellar_observable,f0.5_chiN47,0.5,47.0,10.495,scft,SCFT,reference,4.961607613211858,4.961607613211858,0.0,0.0,0.0,1.0,1.0,0.0,false,,Polyorder.cell_solve!,103,true,false,true,true,true,true,true,0.0002807627450880602,0.9997192752041083,0.5000000000000004,4.615976091477464,,,not_applicable,3.7696743383411243e-6,Polyorder.Successful(),1.9346772338768676e-7,4.960548617257608e-7,0.1,0.09923215226423716,0.01,"Anderson(SD(0.1); m=10, warmup=100, αw=0.2)","VariableCell(BB(1.0), field_updater)",50,,,,Polyorder pseudospectral SCFT,,,,,,,,,,cases/f0.5_chiN47/native_profiles.csv#model=scft,accepted,reference_gates_pass,
liu2019-stress-free-period-map-v2,stress_free_lamellar_observable,f0.5_chiN47,0.5,47.0,10.495,liu2019_opf,OPF (force/stress mapped),per_state_force_stress_mapping,5.06281460292432,4.961607613211858,0.020398023705656687,0.020398023705656687,0.012321954639481226,0.9992660291118419,0.9996532544535986,0.0,false,1.2508512496948245,StressRootBisection,48,true,false,true,true,true,true,true,0.005499131505971422,0.9945007810203623,0.49999999999999994,-0.47036095583001175,3.771768139113104e-7,1.4073929554710122e-6,mean-constrained Fourier nonlinear conjugate gradient,5.128986116743091e-8,Polyorder.Successful(),1.9346772338768676e-7,4.960548617257608e-7,0.1,0.09923215226423716,0.01,"Anderson(SD(0.1); m=10, warmup=100, αw=0.2)","VariableCell(BB(1.0), field_updater)",128,,,,,,,,-1.0,3.4795335846087417e-7,1.9237285313406614,0.016421072622916137,0.09536204724920129,0.040081449107642574,cases/f0.5_chiN47/native_profiles.csv#model=liu2019_opf,accepted,model_gates_pass,
liu2019-stress-free-period-map-v2,stress_free_lamellar_observable,f0.5_chiN47,0.5,47.0,10.495,uneyama_doi,Uneyama-Doi,not_applicable,3.8810162535854027,4.961607613211858,-0.21779057190033269,0.21779057190033269,0.0127521021171511,0.9992138902425767,0.9998360028424348,0.49609375,true,1.2017442419888822,BootstrapLocal,16,true,false,true,true,true,true,true,0.008467679027521666,0.9915323209753952,0.49999999999959366,-8.379698759700222,4.803815086406296e-7,1.2848957086357553e-6,mean-constrained fused-spectral L-BFGS with profile continuation,,Polyorder.Successful(),1.9346772338768676e-7,4.960548617257608e-7,0.1,0.09923215226423716,0.01,"Anderson(SD(0.1); m=10, warmup=100, αw=0.2)","VariableCell(BB(1.0), field_updater)",128,,,,,,1,,,,,,,,cases/f0.5_chiN47/native_profiles.csv#model=uneyama_doi,accepted,model_gates_pass,
liu2019-stress-free-period-map-v2,stress_free_lamellar_observable,f0.5_chiN47,0.5,47.0,10.495,burp_ti,BURP-TI,not_applicable,3.87704536187687,4.961607613211858,-0.21859089550874522,0.21859089550874522,0.012386639781216548,0.9992583028006173,0.9997704744646766,0.49609375,true,1.2005146681003724,BoundedKKTNewtonGMRES+AnalyticStressRoot,1,true,false,true,true,true,true,true,1.0000000000000002e-6,0.999999,0.5000000000000001,-10.111699177197512,0.00016514608918575564,0.000545586516987157,bounded-KKT Newton-GMRES,2.4698621270670255e-6,Polyorder.Successful(),1.9346772338768676e-7,4.960548617257608e-7,0.1,0.09923215226423716,0.01,"Anderson(SD(0.1); m=10, warmup=100, αw=0.2)","VariableCell(BB(1.0), field_updater)",128,64,,,,256,1,,,,,,,,cases/f0.5_chiN47/native_profiles.csv#model=burp_ti,accepted,model_gates_pass,
liu2019-stress-free-period-map-v2,stress_free_lamellar_observable,f0.5_chiN47,0.5,47.0,10.495,bvk2,BVK2,frozen_c2_evaluation,4.921106475383316,4.961607613211858,-0.008162906256572011,0.008162906256572011,0.011150118184844359,0.9993989943364425,0.9996997140282003,0.99609375,false,1.5238048450692905,FilteredUDThetaAnalyticCellStressRoot,11,true,false,true,true,true,true,true,3.4532719371192844e-5,0.9999654672806287,0.49999999999999895,-12.185410646404765,9.873724549846104e-12,2.5901560194853587e-11,oversampled filtered UD-theta L-BFGS with cosine-Newton polish,4.2139580713751457e-10,Polyorder.Successful(),1.9346772338768676e-7,4.960548617257608e-7,0.1,0.09923215226423716,0.01,"Anderson(SD(0.1); m=10, warmup=100, αw=0.2)","VariableCell(BB(1.0), field_updater)",256,,2,12.0,ud-theta-spectral-adaptive-k-physical-sensor-filter-oversampled-v2,,,0.16,,,,,,,cases/f0.5_chiN47/native_profiles.csv#model=bvk2,accepted,model_gates_pass,
liu2019-stress-free-period-map-v2,stress_free_lamellar_observable,f0.5_chiN47,0.5,47.0,10.495,ohta_kawasaki,Ohta-Kawasaki (recomputed),liu2019_ok_asymptotic_quadratic_extrapolated_c3_c4,3.8195784450394394,4.961607613211858,-0.23017321344223252,0.23017321344223252,0.15808771515255138,0.8791863880759718,0.9979824941050078,0.0,false,1.1314383029937745,StressRootBisection,100,true,false,true,true,true,true,true,0.16272910367691829,0.8372708963028503,0.49999999999999994,-5.960188995696889,4.6143627482872325e-6,1.197935863511654e-5,mean-constrained Fourier nonlinear conjugate gradient,1.650791211201812e-8,Polyorder.Successful(),1.9346772338768676e-7,4.960548617257608e-7,0.1,0.09923215226423716,0.01,"Anderson(SD(0.1); m=10, warmup=100, αw=0.2)","VariableCell(BB(1.0), field_updater)",128,,,,,,,,-43.43333498491164,-0.0,168.6631519633648,1.0,12.0,,cases/f0.5_chiN47/native_profiles.csv#model=ohta_kawasaki,accepted,model_gates_pass,
liu2019-stress-free-period-map-v2,stress_free_lamellar_observable,f0.5_chiN48,0.5,48.0,10.495,scft,SCFT,reference,4.984262309947817,4.984262309947817,0.0,0.0,0.0,1.0,1.0,0.0,false,,Polyorder.cell_solve!,152,true,false,true,true,true,true,true,0.00026113208248900707,0.9997387442799955,0.5000000000000016,4.658094216001274,,,not_applicable,5.708568827298885e-6,Polyorder.Successful(),1.652986187146629e-7,3.615330140258059e-7,0.1,0.09968524619895634,0.01,"Anderson(SD(0.1); m=10, warmup=100, αw=0.2)","VariableCell(BB(1.0), field_updater)",50,,,,Polyorder pseudospectral SCFT,,,,,,,,,,cases/f0.5_chiN48/native_profiles.csv#model=scft,accepted,reference_gates_pass,
liu2019-stress-free-period-map-v2,stress_free_lamellar_observable,f0.5_chiN48,0.5,48.0,10.495,liu2019_opf,OPF (force/stress mapped),per_state_force_stress_mapping,5.083051443060908,4.984262309947817,0.019820211491663242,0.019820211491663242,0.014083693593370155,0.9990445880639354,0.9995422470358793,0.98828125,false,1.2551410675048826,StressRootBisection,47,true,false,true,true,true,true,true,0.005205321605150359,0.9947946558925347,0.5,-0.47483027858868887,3.9952325711069543e-7,1.1767422258979215e-6,mean-constrained Fourier nonlinear conjugate gradient,8.970916915787994e-8,Polyorder.Successful(),1.652986187146629e-7,3.615330140258059e-7,0.1,0.09968524619895634,0.01,"Anderson(SD(0.1); m=10, warmup=100, αw=0.2)","VariableCell(BB(1.0), field_updater)",128,,,,,,,,-1.0,8.780375485377613e-8,1.9242719349919715,0.016069615250795564,0.0931101638401751,0.03911297314620697,cases/f0.5_chiN48/native_profiles.csv#model=liu2019_opf,accepted,model_gates_pass,
liu2019-stress-free-period-map-v2,stress_free_lamellar_observable,f0.5_chiN48,0.5,48.0,10.495,uneyama_doi,Uneyama-Doi,not_applicable,3.8928162235634582,4.984262309947817,-0.21897846030414592,0.21897846030414592,0.014196623528107122,0.9990292047154263,0.9997255192146617,0.484375,true,1.205398064866761,BootstrapLocal,16,true,false,true,true,true,true,true,0.008132916804548751,0.9918670830760241,0.5000000000001804,-8.720894383575395,7.52360793262327e-7,1.8841692551101152e-6,mean-constrained fused-spectral L-BFGS with profile continuation,,Polyorder.Successful(),1.652986187146629e-7,3.615330140258059e-7,0.1,0.09968524619895634,0.01,"Anderson(SD(0.1); m=10, warmup=100, αw=0.2)","VariableCell(BB(1.0), field_updater)",128,,,,,,1,,,,,,,,cases/f0.5_chiN48/native_profiles.csv#model=uneyama_doi,accepted,model_gates_pass,
liu2019-stress-free-period-map-v2,stress_free_lamellar_observable,f0.5_chiN48,0.5,48.0,10.495,burp_ti,BURP-TI,not_applicable,3.892891185869844,4.984262309947817,-0.21896342050452777,0.21896342050452777,0.014124208631264807,0.9990390832256433,0.9996560160979169,0.984375,false,1.2054212767046353,BoundedKKTNewtonGMRES+AnalyticStressRoot,1,true,false,true,true,true,true,true,1.0e-6,0.999999,0.5,-10.493469187171804,0.00034221421409707945,0.0006185216465340163,bounded-KKT Newton-GMRES,6.235194366233225e-6,Polyorder.Successful(),1.652986187146629e-7,3.615330140258059e-7,0.1,0.09968524619895634,0.01,"Anderson(SD(0.1); m=10, warmup=100, αw=0.2)","VariableCell(BB(1.0), field_updater)",128,64,,,,256,1,,,,,,,,cases/f0.5_chiN48/native_profiles.csv#model=burp_ti,accepted,model_gates_pass,
liu2019-stress-free-period-map-v2,stress_free_lamellar_observable,f0.5_chiN48,0.5,48.0,10.495,bvk2,BVK2,frozen_c2_evaluation,4.943035641681255,4.984262309947817,-0.00827136809880169,0.00827136809880169,0.008132710044572344,0.9996814129605365,0.9998411203217167,0.48828125,false,1.5305951411176049,FilteredUDThetaAnalyticCellStressRoot,11,true,false,true,true,true,true,true,2.8176163597906448e-5,0.9999718238364019,0.4999999999999988,-12.657031010695908,9.554453274796276e-12,3.028706746315388e-11,oversampled filtered UD-theta L-BFGS with cosine-Newton polish,4.126281538674448e-10,Polyorder.Successful(),1.652986187146629e-7,3.615330140258059e-7,0.1,0.09968524619895634,0.01,"Anderson(SD(0.1); m=10, warmup=100, αw=0.2)","VariableCell(BB(1.0), field_updater)",256,,2,12.0,ud-theta-spectral-adaptive-k-physical-sensor-filter-oversampled-v2,,,0.16,,,,,,,cases/f0.5_chiN48/native_profiles.csv#model=bvk2,accepted,model_gates_pass,
liu2019-stress-free-period-map-v2,stress_free_lamellar_observable,f0.5_chiN48,0.5,48.0,10.495,ohta_kawasaki,Ohta-Kawasaki (recomputed),liu2019_ok_asymptotic_quadratic_extrapolated_c3_c4,3.8312329535653937,4.984262309947817,-0.23133400384669867,0.23133400384669867,0.15907694356065974,0.8781088981638154,0.9978874348757177,0.98828125,false,1.1348906099796299,StressRootBisection,107,true,false,true,true,true,true,true,0.1634967605330082,0.8365032393508449,0.5,-6.138210979281345,2.294908779007388e-6,8.7663575170657e-6,mean-constrained Fourier nonlinear conjugate gradient,5.414355737684988e-8,Polyorder.Successful(),1.652986187146629e-7,3.615330140258059e-7,0.1,0.09968524619895634,0.01,"Anderson(SD(0.1); m=10, warmup=100, αw=0.2)","VariableCell(BB(1.0), field_updater)",128,,,,,,,,-44.43333498491164,-0.0,173.79368421273654,1.0,12.0,,cases/f0.5_chiN48/native_profiles.csv#model=ohta_kawasaki,accepted,model_gates_pass,
liu2019-stress-free-period-map-v2,stress_free_lamellar_observable,f0.5_chiN49,0.5,49.0,10.495,scft,SCFT,reference,5.006769649757526,5.006769649757526,0.0,0.0,0.0,1.0,1.0,0.0,false,,Polyorder.cell_solve!,14,true,false,true,true,true,true,true,0.00023097124610621647,0.9997688256036659,0.5000000000000004,4.699451906712525,,,not_applicable,1.9412623946298e-6,Polyorder.Successful(),1.6523160222035058e-7,3.4686988311049194e-7,0.1,0.10013539299515052,0.01,"Anderson(SD(0.1); m=10, warmup=100, αw=0.2)","VariableCell(BB(1.0), field_updater)",50,,,,Polyorder pseudospectral SCFT,,,,,,,,,,cases/f0.5_chiN49/native_profiles.csv#model=scft,accepted,reference_gates_pass,
liu2019-stress-free-period-map-v2,stress_free_lamellar_observable,f0.5_chiN49,0.5,49.0,10.495,liu2019_opf,OPF (force/stress mapped),per_state_force_stress_mapping,5.107681736582298,5.006769649757526,0.020155128732487038,0.020155128732487038,0.014298230043783335,0.9990186657371487,0.9995294702496711,0.98828125,false,1.2607246398925782,StressRootBisection,46,true,false,true,true,true,true,true,0.005014566476569726,0.9949854374678854,0.5,-0.4801158774950398,4.293397713837586e-7,8.738841542672162e-7,mean-constrained Fourier nonlinear conjugate gradient,9.064949133829585e-8,Polyorder.Successful(),1.6523160222035058e-7,3.4686988311049194e-7,0.1,0.10013539299515052,0.01,"Anderson(SD(0.1); m=10, warmup=100, αw=0.2)","VariableCell(BB(1.0), field_updater)",128,,,,,,,,-1.0,-2.1058514417461565e-8,1.9262611391054858,0.015616052218816909,0.09033922833860561,0.039134228489908815,cases/f0.5_chiN49/native_profiles.csv#model=liu2019_opf,accepted,model_gates_pass,
liu2019-stress-free-period-map-v2,stress_free_lamellar_observable,f0.5_chiN49,0.5,49.0,10.495,uneyama_doi,Uneyama-Doi,not_applicable,3.904372877769668,5.006769649757526,-0.22018124441599718,0.22018124441599718,0.014111741656008122,0.9990440974140584,0.9997188314181622,0.484375,true,1.2089765457958574,BootstrapLocal,16,true,false,true,true,true,true,true,0.007820361237817111,0.992179638764359,0.5000000000003938,-9.065032627743435,4.999612304930818e-7,1.1916561710433127e-6,mean-constrained fused-spectral L-BFGS with profile continuation,,Polyorder.Successful(),1.6523160222035058e-7,3.4686988311049194e-7,0.1,0.10013539299515052,0.01,"Anderson(SD(0.1); m=10, warmup=100, αw=0.2)","VariableCell(BB(1.0), field_updater)",128,,,,,,1,,,,,,,,cases/f0.5_chiN49/native_profiles.csv#model=uneyama_doi,accepted,model_gates_pass,
liu2019-stress-free-period-map-v2,stress_free_lamellar_observable,f0.5_chiN49,0.5,49.0,10.495,burp_ti,BURP-TI,not_applicable,3.9088890202690845,5.006769649757526,-0.21927923717073972,0.21927923717073972,0.01415499756169363,0.9990382282868323,0.9996498689687456,0.484375,true,1.2103749548439158,BoundedKKTNewtonGMRES+AnalyticStressRoot,1,true,false,true,true,true,true,true,1.0000000000000002e-6,0.999999,0.5000000000000001,-10.879390099550339,9.372639677717629e-5,0.00018991657399302188,bounded-KKT Newton-GMRES,9.469381928609512e-6,Polyorder.Successful(),1.6523160222035058e-7,3.4686988311049194e-7,0.1,0.10013539299515052,0.01,"Anderson(SD(0.1); m=10, warmup=100, αw=0.2)","VariableCell(BB(1.0), field_updater)",128,64,,,,256,1,,,,,,,,cases/f0.5_chiN49/native_profiles.csv#model=burp_ti,accepted,model_gates_pass,
liu2019-stress-free-period-map-v2,stress_free_lamellar_observable,f0.5_chiN49,0.5,49.0,10.495,bvk2,BVK2,frozen_c2_evaluation,4.964544156644599,5.006769649757526,-0.008433680010617728,0.008433680010617728,0.008115251719631998,0.9996838767830716,0.999842412732462,0.48828125,true,1.5372551838285962,FilteredUDThetaAnalyticCellStressRoot,11,true,false,true,true,true,true,true,2.3009537475717896e-5,0.9999769904625242,0.4999999999999985,-13.132673270397524,9.353067044612628e-12,2.7130633821115406e-11,oversampled filtered UD-theta L-BFGS with cosine-Newton polish,4.022453481411503e-10,Polyorder.Successful(),1.6523160222035058e-7,3.4686988311049194e-7,0.1,0.10013539299515052,0.01,"Anderson(SD(0.1); m=10, warmup=100, αw=0.2)","VariableCell(BB(1.0), field_updater)",256,,2,12.0,ud-theta-spectral-adaptive-k-physical-sensor-filter-oversampled-v2,,,0.16,,,,,,,cases/f0.5_chiN49/native_profiles.csv#model=bvk2,accepted,model_gates_pass,
liu2019-stress-free-period-map-v2,stress_free_lamellar_observable,f0.5_chiN49,0.5,49.0,10.495,ohta_kawasaki,Ohta-Kawasaki (recomputed),liu2019_ok_asymptotic_quadratic_extrapolated_c3_c4,3.84273301798612,5.006769649757526,-0.23249254773040728,0.23249254773040728,0.1599810032601571,0.8771460190223977,0.997883093102304,0.98828125,false,1.1382971674203872,StressRootBisection,105,true,false,true,true,true,true,true,0.16425868775899827,0.8357413124307312,0.5000000000000001,-6.315913510677238,3.253870446994571e-6,8.02526860304373e-6,mean-constrained Fourier nonlinear conjugate gradient,5.203135170017359e-8,Polyorder.Successful(),1.6523160222035058e-7,3.4686988311049194e-7,0.1,0.10013539299515052,0.01,"Anderson(SD(0.1); m=10, warmup=100, αw=0.2)","VariableCell(BB(1.0), field_updater)",128,,,,,,,,-45.43333498491164,-0.0,178.9655764621083,1.0,12.0,,cases/f0.5_chiN49/native_profiles.csv#model=ohta_kawasaki,accepted,model_gates_pass,
liu2019-stress-free-period-map-v2,stress_free_lamellar_observable,f0.5_chiN50,0.5,50.0,10.495,scft,SCFT,reference,5.029062492138277,5.029062492138277,0.0,0.0,0.0,1.0,1.0,0.0,false,,Polyorder.cell_solve!,253,true,false,true,true,true,true,true,0.00020287435795195556,0.9997968558604964,0.5,4.740084569089678,,,not_applicable,8.46918583640988e-7,Polyorder.Successful(),9.146551637628559e-7,6.208309456170925e-7,0.1,0.09313078689144959,0.01,"Anderson(SD(0.1); m=10, warmup=100, αw=0.2)","VariableCell(BB(1.0), field_updater)",54,,,,Polyorder pseudospectral SCFT,,,,,,,,,,cases/f0.5_chiN50/native_profiles.csv#model=scft,accepted,reference_gates_pass,
liu2019-stress-free-period-map-v2,stress_free_lamellar_observable,f0.5_chiN50,0.5,50.0,10.495,liu2019_opf,OPF (force/stress mapped),per_state_force_stress_mapping,5.133640883863085,5.029062492138277,0.020794808552944133,0.020794808552944133,0.01356493048296692,0.9991204040930749,0.9995779581894144,0.9921875,false,1.266748809814453,StressRootBisection,46,true,false,true,true,true,true,true,0.004876281770899049,0.995123595732908,0.5,-0.4856209490173277,3.663534142171388e-7,1.0385560855910566e-6,mean-constrained Fourier nonlinear conjugate gradient,2.1911456206058046e-8,Polyorder.Successful(),9.146551637628559e-7,6.208309456170925e-7,0.1,0.09313078689144959,0.01,"Anderson(SD(0.1); m=10, warmup=100, αw=0.2)","VariableCell(BB(1.0), field_updater)",128,,,,,,,,-1.0,4.853988905893982e-7,1.9286976240913356,0.015140388370281203,0.0874815700275215,0.03950491780384444,cases/f0.5_chiN50/native_profiles.csv#model=liu2019_opf,accepted,model_gates_pass,
liu2019-stress-free-period-map-v2,stress_free_lamellar_observable,f0.5_chiN50,0.5,50.0,10.495,uneyama_doi,Uneyama-Doi,not_applicable,3.9162578803541677,5.029062492138277,-0.22127476314396777,0.22127476314396777,0.01384925731571198,0.9990831442273335,0.9997337335279468,0.48828125,true,1.2126566987477425,BootstrapLocal,16,true,false,true,true,true,true,true,0.007530661305973784,0.9924693387007094,0.49999999999963396,-9.413372437132253,9.688843043903352e-7,2.160134781067941e-6,mean-constrained fused-spectral L-BFGS with profile continuation,,Polyorder.Successful(),9.146551637628559e-7,6.208309456170925e-7,0.1,0.09313078689144959,0.01,"Anderson(SD(0.1); m=10, warmup=100, αw=0.2)","VariableCell(BB(1.0), field_updater)",128,,,,,,1,,,,,,,,cases/f0.5_chiN50/native_profiles.csv#model=uneyama_doi,accepted,model_gates_pass,
liu2019-stress-free-period-map-v2,stress_free_lamellar_observable,f0.5_chiN50,0.5,50.0,10.495,burp_ti,BURP-TI,not_applicable,3.9250254295708515,5.029062492138277,-0.2195313866736237,0.2195313866736237,0.013456900718971716,0.9991343583353484,0.9996859052305515,0.98828125,false,1.21537154225755,BoundedKKTNewtonGMRES+AnalyticStressRoot,1,true,false,true,true,true,true,true,1.0e-6,0.999999,0.5000000000000001,-11.26946465131456,0.0003301870954830079,0.0007269262580319963,bounded-KKT Newton-GMRES,3.623999261076467e-5,Polyorder.Successful(),9.146551637628559e-7,6.208309456170925e-7,0.1,0.09313078689144959,0.01,"Anderson(SD(0.1); m=10, warmup=100, αw=0.2)","VariableCell(BB(1.0), field_updater)",128,64,,,,256,1,,,,,,,,cases/f0.5_chiN50/native_profiles.csv#model=burp_ti,accepted,model_gates_pass,
liu2019-stress-free-period-map-v2,stress_free_lamellar_observable,f0.5_chiN50,0.5,50.0,10.495,bvk2,BVK2,frozen_c2_evaluation,4.985647722884788,5.029062492138277,-0.008632775854616637,0.008632775854616637,0.00880550414156541,0.9996293563993326,0.9998156837932425,0.98828125,true,1.5437898354655608,FilteredUDThetaAnalyticCellStressRoot,11,true,false,true,true,true,true,true,1.8805830347917344e-5,0.999981194169652,0.4999999999998523,-13.612240372862264,9.690892334807268e-12,3.35583342741437e-11,oversampled filtered UD-theta L-BFGS with cosine-Newton polish,2.830180534374449e-12,Polyorder.Successful(),9.146551637628559e-7,6.208309456170925e-7,0.1,0.09313078689144959,0.01,"Anderson(SD(0.1); m=10, warmup=100, αw=0.2)","VariableCell(BB(1.0), field_updater)",256,,2,12.0,ud-theta-spectral-adaptive-k-physical-sensor-filter-oversampled-v2,,,0.16,,,,,,,cases/f0.5_chiN50/native_profiles.csv#model=bvk2,accepted,model_gates_pass,
liu2019-stress-free-period-map-v2,stress_free_lamellar_observable,f0.5_chiN50,0.5,50.0,10.495,ohta_kawasaki,Ohta-Kawasaki (recomputed),liu2019_ok_asymptotic_quadratic_extrapolated_c3_c4,3.8540818074693073,5.029062492138277,-0.23363811575333737,0.23363811575333737,0.1610895877382583,0.8759539341711278,0.997846456441373,0.9921875,false,1.1416589140892028,StressRootBisection,106,true,false,true,true,true,true,true,0.16500427896070546,0.8349957204320431,0.5,-6.493270383360127,3.988703166476389e-6,9.01626759368375e-6,mean-constrained Fourier nonlinear conjugate gradient,1.4589600172127206e-8,Polyorder.Successful(),9.146551637628559e-7,6.208309456170925e-7,0.1,0.09313078689144959,0.01,"Anderson(SD(0.1); m=10, warmup=100, αw=0.2)","VariableCell(BB(1.0), field_updater)",128,,,,,,,,-46.43333498491164,-0.0,184.17882871148004,1.0,12.0,,cases/f0.5_chiN50/native_profiles.csv#model=ohta_kawasaki,accepted,model_gates_pass,
