theory,transition,side,curve_id,point_index,fA,chiN,role,source,source_svg
SCFT,DIS/S_cp,left,0,0,0.23724137931,17.747440273038,literature reference overlay; not a BVK2 accepted root,/home/lyx/projects/dfm/Glenn_DFT_Paper01/MonteCarlo/results/jcp2021_ab_phase_diagram_digitization/jcp2021_ab_phase_boundaries.csv,/home/lyx/projects/dfm/Glenn_DFT_Paper01/references/AB_phase_diagram_fig1_jcp2021.eps
SCFT,DIS/S_cp,left,0,1,0.235862068966,17.832764505119,literature reference overlay; not a BVK2 accepted root,/home/lyx/projects/dfm/Glenn_DFT_Paper01/MonteCarlo/results/jcp2021_ab_phase_diagram_digitization/jcp2021_ab_phase_boundaries.csv,/home/lyx/projects/dfm/Glenn_DFT_Paper01/references/AB_phase_diagram_fig1_jcp2021.eps
SCFT,DIS/S_cp,left,0,2,0.234482758621,17.918088737201,literature reference overlay; not a BVK2 accepted root,/home/lyx/projects/dfm/Glenn_DFT_Paper01/MonteCarlo/results/jcp2021_ab_phase_diagram_digitization/jcp2021_ab_phase_boundaries.csv,/home/lyx/projects/dfm/Glenn_DFT_Paper01/references/AB_phase_diagram_fig1_jcp2021.eps
SCFT,DIS/S_cp,left,0,3,0.233103448276,18.046075085324,literature reference overlay; not a BVK2 accepted root,/home/lyx/projects/dfm/Glenn_DFT_Paper01/MonteCarlo/results/jcp2021_ab_phase_diagram_digitization/jcp2021_ab_phase_boundaries.csv,/home/lyx/projects/dfm/Glenn_DFT_Paper01/references/AB_phase_diagram_fig1_jcp2021.eps
SCFT,DIS/S_cp,left,0,4,0.231724137931,18.131399317406,literature reference overlay; not a BVK2 accepted root,/home/lyx/projects/dfm/Glenn_DFT_Paper01/MonteCarlo/results/jcp2021_ab_phase_diagram_digitization/jcp2021_ab_phase_boundaries.csv,/home/lyx/projects/dfm/Glenn_DFT_Paper01/references/AB_phase_diagram_fig1_jcp2021.eps
SCFT,DIS/S_cp,left,0,5,0.230344827586,18.259385665529,literature reference overlay; not a BVK2 accepted root,/home/lyx/projects/dfm/Glenn_DFT_Paper01/MonteCarlo/results/jcp2021_ab_phase_diagram_digitization/jcp2021_ab_phase_boundaries.csv,/home/lyx/projects/dfm/Glenn_DFT_Paper01/references/AB_phase_diagram_fig1_jcp2021.eps
SCFT,DIS/S_cp,left,0,6,0.228275862069,18.387372013652,literature reference overlay; not a BVK2 accepted root,/home/lyx/projects/dfm/Glenn_DFT_Paper01/MonteCarlo/results/jcp2021_ab_phase_diagram_digitization/jcp2021_ab_phase_boundaries.csv,/home/lyx/projects/dfm/Glenn_DFT_Paper01/references/AB_phase_diagram_fig1_jcp2021.eps
SCFT,DIS/S_cp,left,0,7,0.226896551724,18.472696245734,literature reference overlay; not a BVK2 accepted root,/home/lyx/projects/dfm/Glenn_DFT_Paper01/MonteCarlo/results/jcp2021_ab_phase_diagram_digitization/jcp2021_ab_phase_boundaries.csv,/home/lyx/projects/dfm/Glenn_DFT_Paper01/references/AB_phase_diagram_fig1_jcp2021.eps
SCFT,DIS/S_cp,left,0,8,0.225517241379,18.600682593857,literature reference overlay; not a BVK2 accepted root,/home/lyx/projects/dfm/Glenn_DFT_Paper01/MonteCarlo/results/jcp2021_ab_phase_diagram_digitization/jcp2021_ab_phase_boundaries.csv,/home/lyx/projects/dfm/Glenn_DFT_Paper01/references/AB_phase_diagram_fig1_jcp2021.eps
SCFT,DIS/S_cp,left,0,9,0.224137931034,18.72866894198,literature reference overlay; not a BVK2 accepted root,/home/lyx/projects/dfm/Glenn_DFT_Paper01/MonteCarlo/results/jcp2021_ab_phase_diagram_digitization/jcp2021_ab_phase_boundaries.csv,/home/lyx/projects/dfm/Glenn_DFT_Paper01/references/AB_phase_diagram_fig1_jcp2021.eps
SCFT,DIS/S_cp,left,0,10,0.22275862069,18.813993174061,literature reference overlay; not a BVK2 accepted root,/home/lyx/projects/dfm/Glenn_DFT_Paper01/MonteCarlo/results/jcp2021_ab_phase_diagram_digitization/jcp2021_ab_phase_boundaries.csv,/home/lyx/projects/dfm/Glenn_DFT_Paper01/references/AB_phase_diagram_fig1_jcp2021.eps
SCFT,DIS/S_cp,left,0,11,0.221379310345,18.941979522184,literature reference overlay; not a BVK2 accepted root,/home/lyx/projects/dfm/Glenn_DFT_Paper01/MonteCarlo/results/jcp2021_ab_phase_diagram_digitization/jcp2021_ab_phase_boundaries.csv,/home/lyx/projects/dfm/Glenn_DFT_Paper01/references/AB_phase_diagram_fig1_jcp2021.eps
SCFT,DIS/S_cp,left,0,12,0.22,19.069965870307,literature reference overlay; not a BVK2 accepted root,/home/lyx/projects/dfm/Glenn_DFT_Paper01/MonteCarlo/results/jcp2021_ab_phase_diagram_digitization/jcp2021_ab_phase_boundaries.csv,/home/lyx/projects/dfm/Glenn_DFT_Paper01/references/AB_phase_diagram_fig1_jcp2021.eps
SCFT,DIS/S_cp,left,0,13,0.218620689655,19.19795221843,literature reference overlay; not a BVK2 accepted root,/home/lyx/projects/dfm/Glenn_DFT_Paper01/MonteCarlo/results/jcp2021_ab_phase_diagram_digitization/jcp2021_ab_phase_boundaries.csv,/home/lyx/projects/dfm/Glenn_DFT_Paper01/references/AB_phase_diagram_fig1_jcp2021.eps
SCFT,DIS/S_cp,left,0,14,0.21724137931,19.325938566553,literature reference overlay; not a BVK2 accepted root,/home/lyx/projects/dfm/Glenn_DFT_Paper01/MonteCarlo/results/jcp2021_ab_phase_diagram_digitization/jcp2021_ab_phase_boundaries.csv,/home/lyx/projects/dfm/Glenn_DFT_Paper01/references/AB_phase_diagram_fig1_jcp2021.eps
SCFT,DIS/S_cp,left,0,15,0.215862068966,19.453924914676,literature reference overlay; not a BVK2 accepted root,/home/lyx/projects/dfm/Glenn_DFT_Paper01/MonteCarlo/results/jcp2021_ab_phase_diagram_digitization/jcp2021_ab_phase_boundaries.csv,/home/lyx/projects/dfm/Glenn_DFT_Paper01/references/AB_phase_diagram_fig1_jcp2021.eps
SCFT,DIS/S_cp,left,0,16,0.214482758621,19.581911262799,literature reference overlay; not a BVK2 accepted root,/home/lyx/projects/dfm/Glenn_DFT_Paper01/MonteCarlo/results/jcp2021_ab_phase_diagram_digitization/jcp2021_ab_phase_boundaries.csv,/home/lyx/projects/dfm/Glenn_DFT_Paper01/references/AB_phase_diagram_fig1_jcp2021.eps
SCFT,DIS/S_cp,left,0,17,0.213103448276,19.752559726962,literature reference overlay; not a BVK2 accepted root,/home/lyx/projects/dfm/Glenn_DFT_Paper01/MonteCarlo/results/jcp2021_ab_phase_diagram_digitization/jcp2021_ab_phase_boundaries.csv,/home/lyx/projects/dfm/Glenn_DFT_Paper01/references/AB_phase_diagram_fig1_jcp2021.eps
SCFT,DIS/S_cp,left,0,18,0.211724137931,19.880546075085,literature reference overlay; not a BVK2 accepted root,/home/lyx/projects/dfm/Glenn_DFT_Paper01/MonteCarlo/results/jcp2021_ab_phase_diagram_digitization/jcp2021_ab_phase_boundaries.csv,/home/lyx/projects/dfm/Glenn_DFT_Paper01/references/AB_phase_diagram_fig1_jcp2021.eps
SCFT,DIS/S_cp,left,0,19,0.210344827586,20.008532423208,literature reference overlay; not a BVK2 accepted root,/home/lyx/projects/dfm/Glenn_DFT_Paper01/MonteCarlo/results/jcp2021_ab_phase_diagram_digitization/jcp2021_ab_phase_boundaries.csv,/home/lyx/projects/dfm/Glenn_DFT_Paper01/references/AB_phase_diagram_fig1_jcp2021.eps
SCFT,DIS/S_cp,left,0,20,0.208965517241,20.179180887372,literature reference overlay; not a BVK2 accepted root,/home/lyx/projects/dfm/Glenn_DFT_Paper01/MonteCarlo/results/jcp2021_ab_phase_diagram_digitization/jcp2021_ab_phase_boundaries.csv,/home/lyx/projects/dfm/Glenn_DFT_Paper01/references/AB_phase_diagram_fig1_jcp2021.eps
SCFT,DIS/S_cp,left,0,21,0.207586206897,20.307167235495,literature reference overlay; not a BVK2 accepted root,/home/lyx/projects/dfm/Glenn_DFT_Paper01/MonteCarlo/results/jcp2021_ab_phase_diagram_digitization/jcp2021_ab_phase_boundaries.csv,/home/lyx/projects/dfm/Glenn_DFT_Paper01/references/AB_phase_diagram_fig1_jcp2021.eps
SCFT,DIS/S_cp,left,0,22,0.206206896552,20.477815699659,literature reference overlay; not a BVK2 accepted root,/home/lyx/projects/dfm/Glenn_DFT_Paper01/MonteCarlo/results/jcp2021_ab_phase_diagram_digitization/jcp2021_ab_phase_boundaries.csv,/home/lyx/projects/dfm/Glenn_DFT_Paper01/references/AB_phase_diagram_fig1_jcp2021.eps
SCFT,DIS/S_cp,left,0,23,0.204827586207,20.605802047782,literature reference overlay; not a BVK2 accepted root,/home/lyx/projects/dfm/Glenn_DFT_Paper01/MonteCarlo/results/jcp2021_ab_phase_diagram_digitization/jcp2021_ab_phase_boundaries.csv,/home/lyx/projects/dfm/Glenn_DFT_Paper01/references/AB_phase_diagram_fig1_jcp2021.eps
SCFT,DIS/S_cp,left,0,24,0.203448275862,20.776450511945,literature reference overlay; not a BVK2 accepted root,/home/lyx/projects/dfm/Glenn_DFT_Paper01/MonteCarlo/results/jcp2021_ab_phase_diagram_digitization/jcp2021_ab_phase_boundaries.csv,/home/lyx/projects/dfm/Glenn_DFT_Paper01/references/AB_phase_diagram_fig1_jcp2021.eps
SCFT,DIS/S_cp,left,0,25,0.202068965517,20.947098976109,literature reference overlay; not a BVK2 accepted root,/home/lyx/projects/dfm/Glenn_DFT_Paper01/MonteCarlo/results/jcp2021_ab_phase_diagram_digitization/jcp2021_ab_phase_boundaries.csv,/home/lyx/projects/dfm/Glenn_DFT_Paper01/references/AB_phase_diagram_fig1_jcp2021.eps
SCFT,DIS/S_cp,left,0,26,0.200689655172,21.117747440273,literature reference overlay; not a BVK2 accepted root,/home/lyx/projects/dfm/Glenn_DFT_Paper01/MonteCarlo/results/jcp2021_ab_phase_diagram_digitization/jcp2021_ab_phase_boundaries.csv,/home/lyx/projects/dfm/Glenn_DFT_Paper01/references/AB_phase_diagram_fig1_jcp2021.eps
SCFT,DIS/S_cp,left,0,27,0.198620689655,21.245733788396,literature reference overlay; not a BVK2 accepted root,/home/lyx/projects/dfm/Glenn_DFT_Paper01/MonteCarlo/results/jcp2021_ab_phase_diagram_digitization/jcp2021_ab_phase_boundaries.csv,/home/lyx/projects/dfm/Glenn_DFT_Paper01/references/AB_phase_diagram_fig1_jcp2021.eps
SCFT,DIS/S_cp,left,0,28,0.19724137931,21.41638225256,literature reference overlay; not a BVK2 accepted root,/home/lyx/projects/dfm/Glenn_DFT_Paper01/MonteCarlo/results/jcp2021_ab_phase_diagram_digitization/jcp2021_ab_phase_boundaries.csv,/home/lyx/projects/dfm/Glenn_DFT_Paper01/references/AB_phase_diagram_fig1_jcp2021.eps
SCFT,DIS/S_cp,left,0,29,0.195862068966,21.629692832765,literature reference overlay; not a BVK2 accepted root,/home/lyx/projects/dfm/Glenn_DFT_Paper01/MonteCarlo/results/jcp2021_ab_phase_diagram_digitization/jcp2021_ab_phase_boundaries.csv,/home/lyx/projects/dfm/Glenn_DFT_Paper01/references/AB_phase_diagram_fig1_jcp2021.eps
SCFT,DIS/S_cp,left,0,30,0.194482758621,21.800341296928,literature reference overlay; not a BVK2 accepted root,/home/lyx/projects/dfm/Glenn_DFT_Paper01/MonteCarlo/results/jcp2021_ab_phase_diagram_digitization/jcp2021_ab_phase_boundaries.csv,/home/lyx/projects/dfm/Glenn_DFT_Paper01/references/AB_phase_diagram_fig1_jcp2021.eps
SCFT,DIS/S_cp,left,0,31,0.193103448276,21.970989761092,literature reference overlay; not a BVK2 accepted root,/home/lyx/projects/dfm/Glenn_DFT_Paper01/MonteCarlo/results/jcp2021_ab_phase_diagram_digitization/jcp2021_ab_phase_boundaries.csv,/home/lyx/projects/dfm/Glenn_DFT_Paper01/references/AB_phase_diagram_fig1_jcp2021.eps
SCFT,DIS/S_cp,left,0,32,0.191724137931,22.141638225256,literature reference overlay; not a BVK2 accepted root,/home/lyx/projects/dfm/Glenn_DFT_Paper01/MonteCarlo/results/jcp2021_ab_phase_diagram_digitization/jcp2021_ab_phase_boundaries.csv,/home/lyx/projects/dfm/Glenn_DFT_Paper01/references/AB_phase_diagram_fig1_jcp2021.eps
SCFT,DIS/S_cp,left,0,33,0.190344827586,22.354948805461,literature reference overlay; not a BVK2 accepted root,/home/lyx/projects/dfm/Glenn_DFT_Paper01/MonteCarlo/results/jcp2021_ab_phase_diagram_digitization/jcp2021_ab_phase_boundaries.csv,/home/lyx/projects/dfm/Glenn_DFT_Paper01/references/AB_phase_diagram_fig1_jcp2021.eps
SCFT,DIS/S_cp,left,0,34,0.188965517241,22.525597269625,literature reference overlay; not a BVK2 accepted root,/home/lyx/projects/dfm/Glenn_DFT_Paper01/MonteCarlo/results/jcp2021_ab_phase_diagram_digitization/jcp2021_ab_phase_boundaries.csv,/home/lyx/projects/dfm/Glenn_DFT_Paper01/references/AB_phase_diagram_fig1_jcp2021.eps
SCFT,DIS/S_cp,left,0,35,0.187586206897,22.738907849829,literature reference overlay; not a BVK2 accepted root,/home/lyx/projects/dfm/Glenn_DFT_Paper01/MonteCarlo/results/jcp2021_ab_phase_diagram_digitization/jcp2021_ab_phase_boundaries.csv,/home/lyx/projects/dfm/Glenn_DFT_Paper01/references/AB_phase_diagram_fig1_jcp2021.eps
SCFT,DIS/S_cp,left,0,36,0.186206896552,22.952218430034,literature reference overlay; not a BVK2 accepted root,/home/lyx/projects/dfm/Glenn_DFT_Paper01/MonteCarlo/results/jcp2021_ab_phase_diagram_digitization/jcp2021_ab_phase_boundaries.csv,/home/lyx/projects/dfm/Glenn_DFT_Paper01/references/AB_phase_diagram_fig1_jcp2021.eps
SCFT,DIS/S_cp,left,0,37,0.184827586207,23.122866894198,literature reference overlay; not a BVK2 accepted root,/home/lyx/projects/dfm/Glenn_DFT_Paper01/MonteCarlo/results/jcp2021_ab_phase_diagram_digitization/jcp2021_ab_phase_boundaries.csv,/home/lyx/projects/dfm/Glenn_DFT_Paper01/references/AB_phase_diagram_fig1_jcp2021.eps
SCFT,DIS/S_cp,left,0,38,0.183448275862,23.336177474403,literature reference overlay; not a BVK2 accepted root,/home/lyx/projects/dfm/Glenn_DFT_Paper01/MonteCarlo/results/jcp2021_ab_phase_diagram_digitization/jcp2021_ab_phase_boundaries.csv,/home/lyx/projects/dfm/Glenn_DFT_Paper01/references/AB_phase_diagram_fig1_jcp2021.eps
SCFT,DIS/S_cp,left,0,39,0.182068965517,23.549488054608,literature reference overlay; not a BVK2 accepted root,/home/lyx/projects/dfm/Glenn_DFT_Paper01/MonteCarlo/results/jcp2021_ab_phase_diagram_digitization/jcp2021_ab_phase_boundaries.csv,/home/lyx/projects/dfm/Glenn_DFT_Paper01/references/AB_phase_diagram_fig1_jcp2021.eps
SCFT,DIS/S_cp,left,0,40,0.180689655172,23.762798634812,literature reference overlay; not a BVK2 accepted root,/home/lyx/projects/dfm/Glenn_DFT_Paper01/MonteCarlo/results/jcp2021_ab_phase_diagram_digitization/jcp2021_ab_phase_boundaries.csv,/home/lyx/projects/dfm/Glenn_DFT_Paper01/references/AB_phase_diagram_fig1_jcp2021.eps
SCFT,DIS/S_cp,left,0,41,0.179310344828,23.976109215017,literature reference overlay; not a BVK2 accepted root,/home/lyx/projects/dfm/Glenn_DFT_Paper01/MonteCarlo/results/jcp2021_ab_phase_diagram_digitization/jcp2021_ab_phase_boundaries.csv,/home/lyx/projects/dfm/Glenn_DFT_Paper01/references/AB_phase_diagram_fig1_jcp2021.eps
SCFT,DIS/S_cp,left,0,42,0.177931034483,24.232081911263,literature reference overlay; not a BVK2 accepted root,/home/lyx/projects/dfm/Glenn_DFT_Paper01/MonteCarlo/results/jcp2021_ab_phase_diagram_digitization/jcp2021_ab_phase_boundaries.csv,/home/lyx/projects/dfm/Glenn_DFT_Paper01/references/AB_phase_diagram_fig1_jcp2021.eps
SCFT,DIS/S_cp,left,0,43,0.176551724138,24.445392491468,literature reference overlay; not a BVK2 accepted root,/home/lyx/projects/dfm/Glenn_DFT_Paper01/MonteCarlo/results/jcp2021_ab_phase_diagram_digitization/jcp2021_ab_phase_boundaries.csv,/home/lyx/projects/dfm/Glenn_DFT_Paper01/references/AB_phase_diagram_fig1_jcp2021.eps
SCFT,DIS/S_cp,left,0,44,0.175172413793,24.701365187713,literature reference overlay; not a BVK2 accepted root,/home/lyx/projects/dfm/Glenn_DFT_Paper01/MonteCarlo/results/jcp2021_ab_phase_diagram_digitization/jcp2021_ab_phase_boundaries.csv,/home/lyx/projects/dfm/Glenn_DFT_Paper01/references/AB_phase_diagram_fig1_jcp2021.eps
SCFT,DIS/S_cp,left,0,45,0.173793103448,24.914675767918,literature reference overlay; not a BVK2 accepted root,/home/lyx/projects/dfm/Glenn_DFT_Paper01/MonteCarlo/results/jcp2021_ab_phase_diagram_digitization/jcp2021_ab_phase_boundaries.csv,/home/lyx/projects/dfm/Glenn_DFT_Paper01/references/AB_phase_diagram_fig1_jcp2021.eps
SCFT,DIS/S_cp,left,0,46,0.172413793103,25.170648464164,literature reference overlay; not a BVK2 accepted root,/home/lyx/projects/dfm/Glenn_DFT_Paper01/MonteCarlo/results/jcp2021_ab_phase_diagram_digitization/jcp2021_ab_phase_boundaries.csv,/home/lyx/projects/dfm/Glenn_DFT_Paper01/references/AB_phase_diagram_fig1_jcp2021.eps
SCFT,DIS/S_cp,left,0,47,0.171034482759,25.42662116041,literature reference overlay; not a BVK2 accepted root,/home/lyx/projects/dfm/Glenn_DFT_Paper01/MonteCarlo/results/jcp2021_ab_phase_diagram_digitization/jcp2021_ab_phase_boundaries.csv,/home/lyx/projects/dfm/Glenn_DFT_Paper01/references/AB_phase_diagram_fig1_jcp2021.eps
SCFT,DIS/S_cp,left,0,48,0.168965517241,25.682593856655,literature reference overlay; not a BVK2 accepted root,/home/lyx/projects/dfm/Glenn_DFT_Paper01/MonteCarlo/results/jcp2021_ab_phase_diagram_digitization/jcp2021_ab_phase_boundaries.csv,/home/lyx/projects/dfm/Glenn_DFT_Paper01/references/AB_phase_diagram_fig1_jcp2021.eps
SCFT,DIS/S_cp,left,0,49,0.167586206897,25.938566552901,literature reference overlay; not a BVK2 accepted root,/home/lyx/projects/dfm/Glenn_DFT_Paper01/MonteCarlo/results/jcp2021_ab_phase_diagram_digitization/jcp2021_ab_phase_boundaries.csv,/home/lyx/projects/dfm/Glenn_DFT_Paper01/references/AB_phase_diagram_fig1_jcp2021.eps
SCFT,DIS/S_cp,left,0,50,0.166206896552,26.194539249147,literature reference overlay; not a BVK2 accepted root,/home/lyx/projects/dfm/Glenn_DFT_Paper01/MonteCarlo/results/jcp2021_ab_phase_diagram_digitization/jcp2021_ab_phase_boundaries.csv,/home/lyx/projects/dfm/Glenn_DFT_Paper01/references/AB_phase_diagram_fig1_jcp2021.eps
SCFT,DIS/S_cp,left,0,51,0.164827586207,26.450511945392,literature reference overlay; not a BVK2 accepted root,/home/lyx/projects/dfm/Glenn_DFT_Paper01/MonteCarlo/results/jcp2021_ab_phase_diagram_digitization/jcp2021_ab_phase_boundaries.csv,/home/lyx/projects/dfm/Glenn_DFT_Paper01/references/AB_phase_diagram_fig1_jcp2021.eps
SCFT,DIS/S_cp,left,0,52,0.163448275862,26.706484641638,literature reference overlay; not a BVK2 accepted root,/home/lyx/projects/dfm/Glenn_DFT_Paper01/MonteCarlo/results/jcp2021_ab_phase_diagram_digitization/jcp2021_ab_phase_boundaries.csv,/home/lyx/projects/dfm/Glenn_DFT_Paper01/references/AB_phase_diagram_fig1_jcp2021.eps
SCFT,DIS/S_cp,left,0,53,0.162068965517,27.005119453925,literature reference overlay; not a BVK2 accepted root,/home/lyx/projects/dfm/Glenn_DFT_Paper01/MonteCarlo/results/jcp2021_ab_phase_diagram_digitization/jcp2021_ab_phase_boundaries.csv,/home/lyx/projects/dfm/Glenn_DFT_Paper01/references/AB_phase_diagram_fig1_jcp2021.eps
SCFT,DIS/S_cp,left,0,54,0.160689655172,27.261092150171,literature reference overlay; not a BVK2 accepted root,/home/lyx/projects/dfm/Glenn_DFT_Paper01/MonteCarlo/results/jcp2021_ab_phase_diagram_digitization/jcp2021_ab_phase_boundaries.csv,/home/lyx/projects/dfm/Glenn_DFT_Paper01/references/AB_phase_diagram_fig1_jcp2021.eps
SCFT,DIS/S_cp,left,0,55,0.159310344828,27.559726962457,literature reference overlay; not a BVK2 accepted root,/home/lyx/projects/dfm/Glenn_DFT_Paper01/MonteCarlo/results/jcp2021_ab_phase_diagram_digitization/jcp2021_ab_phase_boundaries.csv,/home/lyx/projects/dfm/Glenn_DFT_Paper01/references/AB_phase_diagram_fig1_jcp2021.eps
SCFT,DIS/S_cp,left,0,56,0.157931034483,27.815699658703,literature reference overlay; not a BVK2 accepted root,/home/lyx/projects/dfm/Glenn_DFT_Paper01/MonteCarlo/results/jcp2021_ab_phase_diagram_digitization/jcp2021_ab_phase_boundaries.csv,/home/lyx/projects/dfm/Glenn_DFT_Paper01/references/AB_phase_diagram_fig1_jcp2021.eps
SCFT,DIS/S_cp,left,0,57,0.156551724138,28.11433447099,literature reference overlay; not a BVK2 accepted root,/home/lyx/projects/dfm/Glenn_DFT_Paper01/MonteCarlo/results/jcp2021_ab_phase_diagram_digitization/jcp2021_ab_phase_boundaries.csv,/home/lyx/projects/dfm/Glenn_DFT_Paper01/references/AB_phase_diagram_fig1_jcp2021.eps
SCFT,DIS/S_cp,left,0,58,0.155172413793,28.412969283276,literature reference overlay; not a BVK2 accepted root,/home/lyx/projects/dfm/Glenn_DFT_Paper01/MonteCarlo/results/jcp2021_ab_phase_diagram_digitization/jcp2021_ab_phase_boundaries.csv,/home/lyx/projects/dfm/Glenn_DFT_Paper01/references/AB_phase_diagram_fig1_jcp2021.eps
SCFT,DIS/S_cp,left,0,59,0.153793103448,28.711604095563,literature reference overlay; not a BVK2 accepted root,/home/lyx/projects/dfm/Glenn_DFT_Paper01/MonteCarlo/results/jcp2021_ab_phase_diagram_digitization/jcp2021_ab_phase_boundaries.csv,/home/lyx/projects/dfm/Glenn_DFT_Paper01/references/AB_phase_diagram_fig1_jcp2021.eps
SCFT,DIS/S_cp,left,0,60,0.152413793103,29.01023890785,literature reference overlay; not a BVK2 accepted root,/home/lyx/projects/dfm/Glenn_DFT_Paper01/MonteCarlo/results/jcp2021_ab_phase_diagram_digitization/jcp2021_ab_phase_boundaries.csv,/home/lyx/projects/dfm/Glenn_DFT_Paper01/references/AB_phase_diagram_fig1_jcp2021.eps
SCFT,DIS/S_cp,left,0,61,0.151034482759,29.308873720137,literature reference overlay; not a BVK2 accepted root,/home/lyx/projects/dfm/Glenn_DFT_Paper01/MonteCarlo/results/jcp2021_ab_phase_diagram_digitization/jcp2021_ab_phase_boundaries.csv,/home/lyx/projects/dfm/Glenn_DFT_Paper01/references/AB_phase_diagram_fig1_jcp2021.eps
SCFT,DIS/S_cp,left,0,62,0.149655172414,29.650170648464,literature reference overlay; not a BVK2 accepted root,/home/lyx/projects/dfm/Glenn_DFT_Paper01/MonteCarlo/results/jcp2021_ab_phase_diagram_digitization/jcp2021_ab_phase_boundaries.csv,/home/lyx/projects/dfm/Glenn_DFT_Paper01/references/AB_phase_diagram_fig1_jcp2021.eps
SCFT,DIS/S_cp,left,0,63,0.148275862069,29.948805460751,literature reference overlay; not a BVK2 accepted root,/home/lyx/projects/dfm/Glenn_DFT_Paper01/MonteCarlo/results/jcp2021_ab_phase_diagram_digitization/jcp2021_ab_phase_boundaries.csv,/home/lyx/projects/dfm/Glenn_DFT_Paper01/references/AB_phase_diagram_fig1_jcp2021.eps
SCFT,DIS/S_cp,left,0,64,0.146896551724,30.290102389078,literature reference overlay; not a BVK2 accepted root,/home/lyx/projects/dfm/Glenn_DFT_Paper01/MonteCarlo/results/jcp2021_ab_phase_diagram_digitization/jcp2021_ab_phase_boundaries.csv,/home/lyx/projects/dfm/Glenn_DFT_Paper01/references/AB_phase_diagram_fig1_jcp2021.eps
SCFT,DIS/S_cp,left,0,65,0.145517241379,30.631399317406,literature reference overlay; not a BVK2 accepted root,/home/lyx/projects/dfm/Glenn_DFT_Paper01/MonteCarlo/results/jcp2021_ab_phase_diagram_digitization/jcp2021_ab_phase_boundaries.csv,/home/lyx/projects/dfm/Glenn_DFT_Paper01/references/AB_phase_diagram_fig1_jcp2021.eps
SCFT,DIS/S_cp,left,0,66,0.144137931034,30.972696245734,literature reference overlay; not a BVK2 accepted root,/home/lyx/projects/dfm/Glenn_DFT_Paper01/MonteCarlo/results/jcp2021_ab_phase_diagram_digitization/jcp2021_ab_phase_boundaries.csv,/home/lyx/projects/dfm/Glenn_DFT_Paper01/references/AB_phase_diagram_fig1_jcp2021.eps
SCFT,DIS/S_cp,left,0,67,0.14275862069,31.356655290102,literature reference overlay; not a BVK2 accepted root,/home/lyx/projects/dfm/Glenn_DFT_Paper01/MonteCarlo/results/jcp2021_ab_phase_diagram_digitization/jcp2021_ab_phase_boundaries.csv,/home/lyx/projects/dfm/Glenn_DFT_Paper01/references/AB_phase_diagram_fig1_jcp2021.eps
SCFT,DIS/S_cp,left,0,68,0.141379310345,31.740614334471,literature reference overlay; not a BVK2 accepted root,/home/lyx/projects/dfm/Glenn_DFT_Paper01/MonteCarlo/results/jcp2021_ab_phase_diagram_digitization/jcp2021_ab_phase_boundaries.csv,/home/lyx/projects/dfm/Glenn_DFT_Paper01/references/AB_phase_diagram_fig1_jcp2021.eps
SCFT,DIS/S_cp,left,0,69,0.139310344828,32.12457337884,literature reference overlay; not a BVK2 accepted root,/home/lyx/projects/dfm/Glenn_DFT_Paper01/MonteCarlo/results/jcp2021_ab_phase_diagram_digitization/jcp2021_ab_phase_boundaries.csv,/home/lyx/projects/dfm/Glenn_DFT_Paper01/references/AB_phase_diagram_fig1_jcp2021.eps
SCFT,DIS/S_cp,left,0,70,0.137931034483,32.551194539249,literature reference overlay; not a BVK2 accepted root,/home/lyx/projects/dfm/Glenn_DFT_Paper01/MonteCarlo/results/jcp2021_ab_phase_diagram_digitization/jcp2021_ab_phase_boundaries.csv,/home/lyx/projects/dfm/Glenn_DFT_Paper01/references/AB_phase_diagram_fig1_jcp2021.eps
SCFT,DIS/S_cp,left,0,71,0.136551724138,32.977815699659,literature reference overlay; not a BVK2 accepted root,/home/lyx/projects/dfm/Glenn_DFT_Paper01/MonteCarlo/results/jcp2021_ab_phase_diagram_digitization/jcp2021_ab_phase_boundaries.csv,/home/lyx/projects/dfm/Glenn_DFT_Paper01/references/AB_phase_diagram_fig1_jcp2021.eps
SCFT,DIS/S_cp,left,0,72,0.135172413793,33.404436860068,literature reference overlay; not a BVK2 accepted root,/home/lyx/projects/dfm/Glenn_DFT_Paper01/MonteCarlo/results/jcp2021_ab_phase_diagram_digitization/jcp2021_ab_phase_boundaries.csv,/home/lyx/projects/dfm/Glenn_DFT_Paper01/references/AB_phase_diagram_fig1_jcp2021.eps
SCFT,DIS/S_cp,left,0,73,0.133793103448,33.831058020478,literature reference overlay; not a BVK2 accepted root,/home/lyx/projects/dfm/Glenn_DFT_Paper01/MonteCarlo/results/jcp2021_ab_phase_diagram_digitization/jcp2021_ab_phase_boundaries.csv,/home/lyx/projects/dfm/Glenn_DFT_Paper01/references/AB_phase_diagram_fig1_jcp2021.eps
SCFT,DIS/S_cp,left,0,74,0.132413793103,34.300341296928,literature reference overlay; not a BVK2 accepted root,/home/lyx/projects/dfm/Glenn_DFT_Paper01/MonteCarlo/results/jcp2021_ab_phase_diagram_digitization/jcp2021_ab_phase_boundaries.csv,/home/lyx/projects/dfm/Glenn_DFT_Paper01/references/AB_phase_diagram_fig1_jcp2021.eps
SCFT,DIS/S_cp,left,0,75,0.131034482759,34.769624573379,literature reference overlay; not a BVK2 accepted root,/home/lyx/projects/dfm/Glenn_DFT_Paper01/MonteCarlo/results/jcp2021_ab_phase_diagram_digitization/jcp2021_ab_phase_boundaries.csv,/home/lyx/projects/dfm/Glenn_DFT_Paper01/references/AB_phase_diagram_fig1_jcp2021.eps
SCFT,DIS/S_cp,left,0,76,0.129655172414,35.238907849829,literature reference overlay; not a BVK2 accepted root,/home/lyx/projects/dfm/Glenn_DFT_Paper01/MonteCarlo/results/jcp2021_ab_phase_diagram_digitization/jcp2021_ab_phase_boundaries.csv,/home/lyx/projects/dfm/Glenn_DFT_Paper01/references/AB_phase_diagram_fig1_jcp2021.eps
SCFT,DIS/S_cp,left,0,77,0.128275862069,35.750853242321,literature reference overlay; not a BVK2 accepted root,/home/lyx/projects/dfm/Glenn_DFT_Paper01/MonteCarlo/results/jcp2021_ab_phase_diagram_digitization/jcp2021_ab_phase_boundaries.csv,/home/lyx/projects/dfm/Glenn_DFT_Paper01/references/AB_phase_diagram_fig1_jcp2021.eps
SCFT,DIS/S_cp,left,0,78,0.126896551724,36.220136518771,literature reference overlay; not a BVK2 accepted root,/home/lyx/projects/dfm/Glenn_DFT_Paper01/MonteCarlo/results/jcp2021_ab_phase_diagram_digitization/jcp2021_ab_phase_boundaries.csv,/home/lyx/projects/dfm/Glenn_DFT_Paper01/references/AB_phase_diagram_fig1_jcp2021.eps
SCFT,DIS/S_cp,left,0,79,0.125517241379,36.732081911263,literature reference overlay; not a BVK2 accepted root,/home/lyx/projects/dfm/Glenn_DFT_Paper01/MonteCarlo/results/jcp2021_ab_phase_diagram_digitization/jcp2021_ab_phase_boundaries.csv,/home/lyx/projects/dfm/Glenn_DFT_Paper01/references/AB_phase_diagram_fig1_jcp2021.eps
SCFT,DIS/S_cp,left,0,80,0.124137931034,37.244027303754,literature reference overlay; not a BVK2 accepted root,/home/lyx/projects/dfm/Glenn_DFT_Paper01/MonteCarlo/results/jcp2021_ab_phase_diagram_digitization/jcp2021_ab_phase_boundaries.csv,/home/lyx/projects/dfm/Glenn_DFT_Paper01/references/AB_phase_diagram_fig1_jcp2021.eps
SCFT,DIS/S_cp,left,0,81,0.12275862069,37.798634812287,literature reference overlay; not a BVK2 accepted root,/home/lyx/projects/dfm/Glenn_DFT_Paper01/MonteCarlo/results/jcp2021_ab_phase_diagram_digitization/jcp2021_ab_phase_boundaries.csv,/home/lyx/projects/dfm/Glenn_DFT_Paper01/references/AB_phase_diagram_fig1_jcp2021.eps
SCFT,DIS/S_cp,left,0,82,0.121379310345,38.310580204778,literature reference overlay; not a BVK2 accepted root,/home/lyx/projects/dfm/Glenn_DFT_Paper01/MonteCarlo/results/jcp2021_ab_phase_diagram_digitization/jcp2021_ab_phase_boundaries.csv,/home/lyx/projects/dfm/Glenn_DFT_Paper01/references/AB_phase_diagram_fig1_jcp2021.eps
SCFT,DIS/S_cp,left,0,83,0.12,38.865187713311,literature reference overlay; not a BVK2 accepted root,/home/lyx/projects/dfm/Glenn_DFT_Paper01/MonteCarlo/results/jcp2021_ab_phase_diagram_digitization/jcp2021_ab_phase_boundaries.csv,/home/lyx/projects/dfm/Glenn_DFT_Paper01/references/AB_phase_diagram_fig1_jcp2021.eps
SCFT,DIS/S_cp,left,0,84,0.118620689655,39.419795221843,literature reference overlay; not a BVK2 accepted root,/home/lyx/projects/dfm/Glenn_DFT_Paper01/MonteCarlo/results/jcp2021_ab_phase_diagram_digitization/jcp2021_ab_phase_boundaries.csv,/home/lyx/projects/dfm/Glenn_DFT_Paper01/references/AB_phase_diagram_fig1_jcp2021.eps
SCFT,DIS/S_cp,left,0,85,0.11724137931,39.974402730375,literature reference overlay; not a BVK2 accepted root,/home/lyx/projects/dfm/Glenn_DFT_Paper01/MonteCarlo/results/jcp2021_ab_phase_diagram_digitization/jcp2021_ab_phase_boundaries.csv,/home/lyx/projects/dfm/Glenn_DFT_Paper01/references/AB_phase_diagram_fig1_jcp2021.eps
SCFT,DIS/S_cp,left,0,86,0.115862068966,40.529010238908,literature reference overlay; not a BVK2 accepted root,/home/lyx/projects/dfm/Glenn_DFT_Paper01/MonteCarlo/results/jcp2021_ab_phase_diagram_digitization/jcp2021_ab_phase_boundaries.csv,/home/lyx/projects/dfm/Glenn_DFT_Paper01/references/AB_phase_diagram_fig1_jcp2021.eps
SCFT,DIS/S_cp,left,0,87,0.114482758621,41.126279863481,literature reference overlay; not a BVK2 accepted root,/home/lyx/projects/dfm/Glenn_DFT_Paper01/MonteCarlo/results/jcp2021_ab_phase_diagram_digitization/jcp2021_ab_phase_boundaries.csv,/home/lyx/projects/dfm/Glenn_DFT_Paper01/references/AB_phase_diagram_fig1_jcp2021.eps
SCFT,DIS/S_cp,left,0,88,0.113103448276,41.723549488055,literature reference overlay; not a BVK2 accepted root,/home/lyx/projects/dfm/Glenn_DFT_Paper01/MonteCarlo/results/jcp2021_ab_phase_diagram_digitization/jcp2021_ab_phase_boundaries.csv,/home/lyx/projects/dfm/Glenn_DFT_Paper01/references/AB_phase_diagram_fig1_jcp2021.eps
SCFT,DIS/S_cp,left,0,89,0.111724137931,42.363481228669,literature reference overlay; not a BVK2 accepted root,/home/lyx/projects/dfm/Glenn_DFT_Paper01/MonteCarlo/results/jcp2021_ab_phase_diagram_digitization/jcp2021_ab_phase_boundaries.csv,/home/lyx/projects/dfm/Glenn_DFT_Paper01/references/AB_phase_diagram_fig1_jcp2021.eps
SCFT,DIS/S_cp,left,0,90,0.109655172414,43.003412969283,literature reference overlay; not a BVK2 accepted root,/home/lyx/projects/dfm/Glenn_DFT_Paper01/MonteCarlo/results/jcp2021_ab_phase_diagram_digitization/jcp2021_ab_phase_boundaries.csv,/home/lyx/projects/dfm/Glenn_DFT_Paper01/references/AB_phase_diagram_fig1_jcp2021.eps
SCFT,DIS/S_cp,left,0,91,0.108275862069,43.643344709898,literature reference overlay; not a BVK2 accepted root,/home/lyx/projects/dfm/Glenn_DFT_Paper01/MonteCarlo/results/jcp2021_ab_phase_diagram_digitization/jcp2021_ab_phase_boundaries.csv,/home/lyx/projects/dfm/Glenn_DFT_Paper01/references/AB_phase_diagram_fig1_jcp2021.eps
SCFT,DIS/S_cp,left,0,92,0.106896551724,44.325938566553,literature reference overlay; not a BVK2 accepted root,/home/lyx/projects/dfm/Glenn_DFT_Paper01/MonteCarlo/results/jcp2021_ab_phase_diagram_digitization/jcp2021_ab_phase_boundaries.csv,/home/lyx/projects/dfm/Glenn_DFT_Paper01/references/AB_phase_diagram_fig1_jcp2021.eps
SCFT,DIS/S_cp,left,0,93,0.105517241379,45.051194539249,literature reference overlay; not a BVK2 accepted root,/home/lyx/projects/dfm/Glenn_DFT_Paper01/MonteCarlo/results/jcp2021_ab_phase_diagram_digitization/jcp2021_ab_phase_boundaries.csv,/home/lyx/projects/dfm/Glenn_DFT_Paper01/references/AB_phase_diagram_fig1_jcp2021.eps
SCFT,DIS/S_cp,left,0,94,0.104137931034,45.819112627986,literature reference overlay; not a BVK2 accepted root,/home/lyx/projects/dfm/Glenn_DFT_Paper01/MonteCarlo/results/jcp2021_ab_phase_diagram_digitization/jcp2021_ab_phase_boundaries.csv,/home/lyx/projects/dfm/Glenn_DFT_Paper01/references/AB_phase_diagram_fig1_jcp2021.eps
SCFT,DIS/S_cp,left,0,95,0.10275862069,46.587030716724,literature reference overlay; not a BVK2 accepted root,/home/lyx/projects/dfm/Glenn_DFT_Paper01/MonteCarlo/results/jcp2021_ab_phase_diagram_digitization/jcp2021_ab_phase_boundaries.csv,/home/lyx/projects/dfm/Glenn_DFT_Paper01/references/AB_phase_diagram_fig1_jcp2021.eps
SCFT,DIS/S_cp,left,0,96,0.101379310345,47.354948805461,literature reference overlay; not a BVK2 accepted root,/home/lyx/projects/dfm/Glenn_DFT_Paper01/MonteCarlo/results/jcp2021_ab_phase_diagram_digitization/jcp2021_ab_phase_boundaries.csv,/home/lyx/projects/dfm/Glenn_DFT_Paper01/references/AB_phase_diagram_fig1_jcp2021.eps
SCFT,DIS/S_cp,left,0,97,0.1,48.20819112628,literature reference overlay; not a BVK2 accepted root,/home/lyx/projects/dfm/Glenn_DFT_Paper01/MonteCarlo/results/jcp2021_ab_phase_diagram_digitization/jcp2021_ab_phase_boundaries.csv,/home/lyx/projects/dfm/Glenn_DFT_Paper01/references/AB_phase_diagram_fig1_jcp2021.eps
SCFT,DIS/S_cp,left,0,98,0.098620689655,49.10409556314,literature reference overlay; not a BVK2 accepted root,/home/lyx/projects/dfm/Glenn_DFT_Paper01/MonteCarlo/results/jcp2021_ab_phase_diagram_digitization/jcp2021_ab_phase_boundaries.csv,/home/lyx/projects/dfm/Glenn_DFT_Paper01/references/AB_phase_diagram_fig1_jcp2021.eps
SCFT,DIS/S_cp,left,0,99,0.09724137931,50.0,literature reference overlay; not a BVK2 accepted root,/home/lyx/projects/dfm/Glenn_DFT_Paper01/MonteCarlo/results/jcp2021_ab_phase_diagram_digitization/jcp2021_ab_phase_boundaries.csv,/home/lyx/projects/dfm/Glenn_DFT_Paper01/references/AB_phase_diagram_fig1_jcp2021.eps
SCFT,DIS/S_cp,right,4,0,0.76275862069,17.747440273038,literature reference overlay; not a BVK2 accepted root,/home/lyx/projects/dfm/Glenn_DFT_Paper01/MonteCarlo/results/jcp2021_ab_phase_diagram_digitization/jcp2021_ab_phase_boundaries.csv,/home/lyx/projects/dfm/Glenn_DFT_Paper01/references/AB_phase_diagram_fig1_jcp2021.eps
SCFT,DIS/S_cp,right,4,1,0.764137931034,17.832764505119,literature reference overlay; not a BVK2 accepted root,/home/lyx/projects/dfm/Glenn_DFT_Paper01/MonteCarlo/results/jcp2021_ab_phase_diagram_digitization/jcp2021_ab_phase_boundaries.csv,/home/lyx/projects/dfm/Glenn_DFT_Paper01/references/AB_phase_diagram_fig1_jcp2021.eps
SCFT,DIS/S_cp,right,4,2,0.765517241379,17.918088737201,literature reference overlay; not a BVK2 accepted root,/home/lyx/projects/dfm/Glenn_DFT_Paper01/MonteCarlo/results/jcp2021_ab_phase_diagram_digitization/jcp2021_ab_phase_boundaries.csv,/home/lyx/projects/dfm/Glenn_DFT_Paper01/references/AB_phase_diagram_fig1_jcp2021.eps
SCFT,DIS/S_cp,right,4,3,0.766896551724,18.046075085324,literature reference overlay; not a BVK2 accepted root,/home/lyx/projects/dfm/Glenn_DFT_Paper01/MonteCarlo/results/jcp2021_ab_phase_diagram_digitization/jcp2021_ab_phase_boundaries.csv,/home/lyx/projects/dfm/Glenn_DFT_Paper01/references/AB_phase_diagram_fig1_jcp2021.eps
SCFT,DIS/S_cp,right,4,4,0.768275862069,18.131399317406,literature reference overlay; not a BVK2 accepted root,/home/lyx/projects/dfm/Glenn_DFT_Paper01/MonteCarlo/results/jcp2021_ab_phase_diagram_digitization/jcp2021_ab_phase_boundaries.csv,/home/lyx/projects/dfm/Glenn_DFT_Paper01/references/AB_phase_diagram_fig1_jcp2021.eps
SCFT,DIS/S_cp,right,4,5,0.769655172414,18.259385665529,literature reference overlay; not a BVK2 accepted root,/home/lyx/projects/dfm/Glenn_DFT_Paper01/MonteCarlo/results/jcp2021_ab_phase_diagram_digitization/jcp2021_ab_phase_boundaries.csv,/home/lyx/projects/dfm/Glenn_DFT_Paper01/references/AB_phase_diagram_fig1_jcp2021.eps
SCFT,DIS/S_cp,right,4,6,0.771724137931,18.387372013652,literature reference overlay; not a BVK2 accepted root,/home/lyx/projects/dfm/Glenn_DFT_Paper01/MonteCarlo/results/jcp2021_ab_phase_diagram_digitization/jcp2021_ab_phase_boundaries.csv,/home/lyx/projects/dfm/Glenn_DFT_Paper01/references/AB_phase_diagram_fig1_jcp2021.eps
SCFT,DIS/S_cp,right,4,7,0.773103448276,18.472696245734,literature reference overlay; not a BVK2 accepted root,/home/lyx/projects/dfm/Glenn_DFT_Paper01/MonteCarlo/results/jcp2021_ab_phase_diagram_digitization/jcp2021_ab_phase_boundaries.csv,/home/lyx/projects/dfm/Glenn_DFT_Paper01/references/AB_phase_diagram_fig1_jcp2021.eps
SCFT,DIS/S_cp,right,4,8,0.774482758621,18.600682593857,literature reference overlay; not a BVK2 accepted root,/home/lyx/projects/dfm/Glenn_DFT_Paper01/MonteCarlo/results/jcp2021_ab_phase_diagram_digitization/jcp2021_ab_phase_boundaries.csv,/home/lyx/projects/dfm/Glenn_DFT_Paper01/references/AB_phase_diagram_fig1_jcp2021.eps
SCFT,DIS/S_cp,right,4,9,0.775862068966,18.72866894198,literature reference overlay; not a BVK2 accepted root,/home/lyx/projects/dfm/Glenn_DFT_Paper01/MonteCarlo/results/jcp2021_ab_phase_diagram_digitization/jcp2021_ab_phase_boundaries.csv,/home/lyx/projects/dfm/Glenn_DFT_Paper01/references/AB_phase_diagram_fig1_jcp2021.eps
SCFT,DIS/S_cp,right,4,10,0.77724137931,18.813993174061,literature reference overlay; not a BVK2 accepted root,/home/lyx/projects/dfm/Glenn_DFT_Paper01/MonteCarlo/results/jcp2021_ab_phase_diagram_digitization/jcp2021_ab_phase_boundaries.csv,/home/lyx/projects/dfm/Glenn_DFT_Paper01/references/AB_phase_diagram_fig1_jcp2021.eps
SCFT,DIS/S_cp,right,4,11,0.778620689655,18.941979522184,literature reference overlay; not a BVK2 accepted root,/home/lyx/projects/dfm/Glenn_DFT_Paper01/MonteCarlo/results/jcp2021_ab_phase_diagram_digitization/jcp2021_ab_phase_boundaries.csv,/home/lyx/projects/dfm/Glenn_DFT_Paper01/references/AB_phase_diagram_fig1_jcp2021.eps
SCFT,DIS/S_cp,right,4,12,0.78,19.069965870307,literature reference overlay; not a BVK2 accepted root,/home/lyx/projects/dfm/Glenn_DFT_Paper01/MonteCarlo/results/jcp2021_ab_phase_diagram_digitization/jcp2021_ab_phase_boundaries.csv,/home/lyx/projects/dfm/Glenn_DFT_Paper01/references/AB_phase_diagram_fig1_jcp2021.eps
SCFT,DIS/S_cp,right,4,13,0.781379310345,19.19795221843,literature reference overlay; not a BVK2 accepted root,/home/lyx/projects/dfm/Glenn_DFT_Paper01/MonteCarlo/results/jcp2021_ab_phase_diagram_digitization/jcp2021_ab_phase_boundaries.csv,/home/lyx/projects/dfm/Glenn_DFT_Paper01/references/AB_phase_diagram_fig1_jcp2021.eps
SCFT,DIS/S_cp,right,4,14,0.78275862069,19.325938566553,literature reference overlay; not a BVK2 accepted root,/home/lyx/projects/dfm/Glenn_DFT_Paper01/MonteCarlo/results/jcp2021_ab_phase_diagram_digitization/jcp2021_ab_phase_boundaries.csv,/home/lyx/projects/dfm/Glenn_DFT_Paper01/references/AB_phase_diagram_fig1_jcp2021.eps
SCFT,DIS/S_cp,right,4,15,0.784137931034,19.453924914676,literature reference overlay; not a BVK2 accepted root,/home/lyx/projects/dfm/Glenn_DFT_Paper01/MonteCarlo/results/jcp2021_ab_phase_diagram_digitization/jcp2021_ab_phase_boundaries.csv,/home/lyx/projects/dfm/Glenn_DFT_Paper01/references/AB_phase_diagram_fig1_jcp2021.eps
SCFT,DIS/S_cp,right,4,16,0.785517241379,19.581911262799,literature reference overlay; not a BVK2 accepted root,/home/lyx/projects/dfm/Glenn_DFT_Paper01/MonteCarlo/results/jcp2021_ab_phase_diagram_digitization/jcp2021_ab_phase_boundaries.csv,/home/lyx/projects/dfm/Glenn_DFT_Paper01/references/AB_phase_diagram_fig1_jcp2021.eps
SCFT,DIS/S_cp,right,4,17,0.786896551724,19.752559726962,literature reference overlay; not a BVK2 accepted root,/home/lyx/projects/dfm/Glenn_DFT_Paper01/MonteCarlo/results/jcp2021_ab_phase_diagram_digitization/jcp2021_ab_phase_boundaries.csv,/home/lyx/projects/dfm/Glenn_DFT_Paper01/references/AB_phase_diagram_fig1_jcp2021.eps
SCFT,DIS/S_cp,right,4,18,0.788275862069,19.880546075085,literature reference overlay; not a BVK2 accepted root,/home/lyx/projects/dfm/Glenn_DFT_Paper01/MonteCarlo/results/jcp2021_ab_phase_diagram_digitization/jcp2021_ab_phase_boundaries.csv,/home/lyx/projects/dfm/Glenn_DFT_Paper01/references/AB_phase_diagram_fig1_jcp2021.eps
SCFT,DIS/S_cp,right,4,19,0.789655172414,20.008532423208,literature reference overlay; not a BVK2 accepted root,/home/lyx/projects/dfm/Glenn_DFT_Paper01/MonteCarlo/results/jcp2021_ab_phase_diagram_digitization/jcp2021_ab_phase_boundaries.csv,/home/lyx/projects/dfm/Glenn_DFT_Paper01/references/AB_phase_diagram_fig1_jcp2021.eps
SCFT,DIS/S_cp,right,4,20,0.791034482759,20.179180887372,literature reference overlay; not a BVK2 accepted root,/home/lyx/projects/dfm/Glenn_DFT_Paper01/MonteCarlo/results/jcp2021_ab_phase_diagram_digitization/jcp2021_ab_phase_boundaries.csv,/home/lyx/projects/dfm/Glenn_DFT_Paper01/references/AB_phase_diagram_fig1_jcp2021.eps
SCFT,DIS/S_cp,right,4,21,0.792413793103,20.307167235495,literature reference overlay; not a BVK2 accepted root,/home/lyx/projects/dfm/Glenn_DFT_Paper01/MonteCarlo/results/jcp2021_ab_phase_diagram_digitization/jcp2021_ab_phase_boundaries.csv,/home/lyx/projects/dfm/Glenn_DFT_Paper01/references/AB_phase_diagram_fig1_jcp2021.eps
SCFT,DIS/S_cp,right,4,22,0.793793103448,20.477815699659,literature reference overlay; not a BVK2 accepted root,/home/lyx/projects/dfm/Glenn_DFT_Paper01/MonteCarlo/results/jcp2021_ab_phase_diagram_digitization/jcp2021_ab_phase_boundaries.csv,/home/lyx/projects/dfm/Glenn_DFT_Paper01/references/AB_phase_diagram_fig1_jcp2021.eps
SCFT,DIS/S_cp,right,4,23,0.795172413793,20.605802047782,literature reference overlay; not a BVK2 accepted root,/home/lyx/projects/dfm/Glenn_DFT_Paper01/MonteCarlo/results/jcp2021_ab_phase_diagram_digitization/jcp2021_ab_phase_boundaries.csv,/home/lyx/projects/dfm/Glenn_DFT_Paper01/references/AB_phase_diagram_fig1_jcp2021.eps
SCFT,DIS/S_cp,right,4,24,0.796551724138,20.776450511945,literature reference overlay; not a BVK2 accepted root,/home/lyx/projects/dfm/Glenn_DFT_Paper01/MonteCarlo/results/jcp2021_ab_phase_diagram_digitization/jcp2021_ab_phase_boundaries.csv,/home/lyx/projects/dfm/Glenn_DFT_Paper01/references/AB_phase_diagram_fig1_jcp2021.eps
SCFT,DIS/S_cp,right,4,25,0.797931034483,20.947098976109,literature reference overlay; not a BVK2 accepted root,/home/lyx/projects/dfm/Glenn_DFT_Paper01/MonteCarlo/results/jcp2021_ab_phase_diagram_digitization/jcp2021_ab_phase_boundaries.csv,/home/lyx/projects/dfm/Glenn_DFT_Paper01/references/AB_phase_diagram_fig1_jcp2021.eps
SCFT,DIS/S_cp,right,4,26,0.799310344828,21.117747440273,literature reference overlay; not a BVK2 accepted root,/home/lyx/projects/dfm/Glenn_DFT_Paper01/MonteCarlo/results/jcp2021_ab_phase_diagram_digitization/jcp2021_ab_phase_boundaries.csv,/home/lyx/projects/dfm/Glenn_DFT_Paper01/references/AB_phase_diagram_fig1_jcp2021.eps
SCFT,DIS/S_cp,right,4,27,0.801379310345,21.245733788396,literature reference overlay; not a BVK2 accepted root,/home/lyx/projects/dfm/Glenn_DFT_Paper01/MonteCarlo/results/jcp2021_ab_phase_diagram_digitization/jcp2021_ab_phase_boundaries.csv,/home/lyx/projects/dfm/Glenn_DFT_Paper01/references/AB_phase_diagram_fig1_jcp2021.eps
SCFT,DIS/S_cp,right,4,28,0.80275862069,21.41638225256,literature reference overlay; not a BVK2 accepted root,/home/lyx/projects/dfm/Glenn_DFT_Paper01/MonteCarlo/results/jcp2021_ab_phase_diagram_digitization/jcp2021_ab_phase_boundaries.csv,/home/lyx/projects/dfm/Glenn_DFT_Paper01/references/AB_phase_diagram_fig1_jcp2021.eps
SCFT,DIS/S_cp,right,4,29,0.804137931034,21.629692832765,literature reference overlay; not a BVK2 accepted root,/home/lyx/projects/dfm/Glenn_DFT_Paper01/MonteCarlo/results/jcp2021_ab_phase_diagram_digitization/jcp2021_ab_phase_boundaries.csv,/home/lyx/projects/dfm/Glenn_DFT_Paper01/references/AB_phase_diagram_fig1_jcp2021.eps
SCFT,DIS/S_cp,right,4,30,0.805517241379,21.800341296928,literature reference overlay; not a BVK2 accepted root,/home/lyx/projects/dfm/Glenn_DFT_Paper01/MonteCarlo/results/jcp2021_ab_phase_diagram_digitization/jcp2021_ab_phase_boundaries.csv,/home/lyx/projects/dfm/Glenn_DFT_Paper01/references/AB_phase_diagram_fig1_jcp2021.eps
SCFT,DIS/S_cp,right,4,31,0.806896551724,21.970989761092,literature reference overlay; not a BVK2 accepted root,/home/lyx/projects/dfm/Glenn_DFT_Paper01/MonteCarlo/results/jcp2021_ab_phase_diagram_digitization/jcp2021_ab_phase_boundaries.csv,/home/lyx/projects/dfm/Glenn_DFT_Paper01/references/AB_phase_diagram_fig1_jcp2021.eps
SCFT,DIS/S_cp,right,4,32,0.808275862069,22.141638225256,literature reference overlay; not a BVK2 accepted root,/home/lyx/projects/dfm/Glenn_DFT_Paper01/MonteCarlo/results/jcp2021_ab_phase_diagram_digitization/jcp2021_ab_phase_boundaries.csv,/home/lyx/projects/dfm/Glenn_DFT_Paper01/references/AB_phase_diagram_fig1_jcp2021.eps
SCFT,DIS/S_cp,right,4,33,0.809655172414,22.354948805461,literature reference overlay; not a BVK2 accepted root,/home/lyx/projects/dfm/Glenn_DFT_Paper01/MonteCarlo/results/jcp2021_ab_phase_diagram_digitization/jcp2021_ab_phase_boundaries.csv,/home/lyx/projects/dfm/Glenn_DFT_Paper01/references/AB_phase_diagram_fig1_jcp2021.eps
SCFT,DIS/S_cp,right,4,34,0.811034482759,22.525597269625,literature reference overlay; not a BVK2 accepted root,/home/lyx/projects/dfm/Glenn_DFT_Paper01/MonteCarlo/results/jcp2021_ab_phase_diagram_digitization/jcp2021_ab_phase_boundaries.csv,/home/lyx/projects/dfm/Glenn_DFT_Paper01/references/AB_phase_diagram_fig1_jcp2021.eps
SCFT,DIS/S_cp,right,4,35,0.812413793103,22.738907849829,literature reference overlay; not a BVK2 accepted root,/home/lyx/projects/dfm/Glenn_DFT_Paper01/MonteCarlo/results/jcp2021_ab_phase_diagram_digitization/jcp2021_ab_phase_boundaries.csv,/home/lyx/projects/dfm/Glenn_DFT_Paper01/references/AB_phase_diagram_fig1_jcp2021.eps
SCFT,DIS/S_cp,right,4,36,0.813793103448,22.952218430034,literature reference overlay; not a BVK2 accepted root,/home/lyx/projects/dfm/Glenn_DFT_Paper01/MonteCarlo/results/jcp2021_ab_phase_diagram_digitization/jcp2021_ab_phase_boundaries.csv,/home/lyx/projects/dfm/Glenn_DFT_Paper01/references/AB_phase_diagram_fig1_jcp2021.eps
SCFT,DIS/S_cp,right,4,37,0.815172413793,23.122866894198,literature reference overlay; not a BVK2 accepted root,/home/lyx/projects/dfm/Glenn_DFT_Paper01/MonteCarlo/results/jcp2021_ab_phase_diagram_digitization/jcp2021_ab_phase_boundaries.csv,/home/lyx/projects/dfm/Glenn_DFT_Paper01/references/AB_phase_diagram_fig1_jcp2021.eps
SCFT,DIS/S_cp,right,4,38,0.816551724138,23.336177474403,literature reference overlay; not a BVK2 accepted root,/home/lyx/projects/dfm/Glenn_DFT_Paper01/MonteCarlo/results/jcp2021_ab_phase_diagram_digitization/jcp2021_ab_phase_boundaries.csv,/home/lyx/projects/dfm/Glenn_DFT_Paper01/references/AB_phase_diagram_fig1_jcp2021.eps
SCFT,DIS/S_cp,right,4,39,0.817931034483,23.549488054608,literature reference overlay; not a BVK2 accepted root,/home/lyx/projects/dfm/Glenn_DFT_Paper01/MonteCarlo/results/jcp2021_ab_phase_diagram_digitization/jcp2021_ab_phase_boundaries.csv,/home/lyx/projects/dfm/Glenn_DFT_Paper01/references/AB_phase_diagram_fig1_jcp2021.eps
SCFT,DIS/S_cp,right,4,40,0.819310344828,23.762798634812,literature reference overlay; not a BVK2 accepted root,/home/lyx/projects/dfm/Glenn_DFT_Paper01/MonteCarlo/results/jcp2021_ab_phase_diagram_digitization/jcp2021_ab_phase_boundaries.csv,/home/lyx/projects/dfm/Glenn_DFT_Paper01/references/AB_phase_diagram_fig1_jcp2021.eps
SCFT,DIS/S_cp,right,4,41,0.820689655172,23.976109215017,literature reference overlay; not a BVK2 accepted root,/home/lyx/projects/dfm/Glenn_DFT_Paper01/MonteCarlo/results/jcp2021_ab_phase_diagram_digitization/jcp2021_ab_phase_boundaries.csv,/home/lyx/projects/dfm/Glenn_DFT_Paper01/references/AB_phase_diagram_fig1_jcp2021.eps
SCFT,DIS/S_cp,right,4,42,0.822068965517,24.232081911263,literature reference overlay; not a BVK2 accepted root,/home/lyx/projects/dfm/Glenn_DFT_Paper01/MonteCarlo/results/jcp2021_ab_phase_diagram_digitization/jcp2021_ab_phase_boundaries.csv,/home/lyx/projects/dfm/Glenn_DFT_Paper01/references/AB_phase_diagram_fig1_jcp2021.eps
SCFT,DIS/S_cp,right,4,43,0.823448275862,24.445392491468,literature reference overlay; not a BVK2 accepted root,/home/lyx/projects/dfm/Glenn_DFT_Paper01/MonteCarlo/results/jcp2021_ab_phase_diagram_digitization/jcp2021_ab_phase_boundaries.csv,/home/lyx/projects/dfm/Glenn_DFT_Paper01/references/AB_phase_diagram_fig1_jcp2021.eps
SCFT,DIS/S_cp,right,4,44,0.824827586207,24.701365187713,literature reference overlay; not a BVK2 accepted root,/home/lyx/projects/dfm/Glenn_DFT_Paper01/MonteCarlo/results/jcp2021_ab_phase_diagram_digitization/jcp2021_ab_phase_boundaries.csv,/home/lyx/projects/dfm/Glenn_DFT_Paper01/references/AB_phase_diagram_fig1_jcp2021.eps
SCFT,DIS/S_cp,right,4,45,0.826206896552,24.914675767918,literature reference overlay; not a BVK2 accepted root,/home/lyx/projects/dfm/Glenn_DFT_Paper01/MonteCarlo/results/jcp2021_ab_phase_diagram_digitization/jcp2021_ab_phase_boundaries.csv,/home/lyx/projects/dfm/Glenn_DFT_Paper01/references/AB_phase_diagram_fig1_jcp2021.eps
SCFT,DIS/S_cp,right,4,46,0.827586206897,25.170648464164,literature reference overlay; not a BVK2 accepted root,/home/lyx/projects/dfm/Glenn_DFT_Paper01/MonteCarlo/results/jcp2021_ab_phase_diagram_digitization/jcp2021_ab_phase_boundaries.csv,/home/lyx/projects/dfm/Glenn_DFT_Paper01/references/AB_phase_diagram_fig1_jcp2021.eps
SCFT,DIS/S_cp,right,4,47,0.828965517241,25.42662116041,literature reference overlay; not a BVK2 accepted root,/home/lyx/projects/dfm/Glenn_DFT_Paper01/MonteCarlo/results/jcp2021_ab_phase_diagram_digitization/jcp2021_ab_phase_boundaries.csv,/home/lyx/projects/dfm/Glenn_DFT_Paper01/references/AB_phase_diagram_fig1_jcp2021.eps
SCFT,DIS/S_cp,right,4,48,0.831034482759,25.682593856655,literature reference overlay; not a BVK2 accepted root,/home/lyx/projects/dfm/Glenn_DFT_Paper01/MonteCarlo/results/jcp2021_ab_phase_diagram_digitization/jcp2021_ab_phase_boundaries.csv,/home/lyx/projects/dfm/Glenn_DFT_Paper01/references/AB_phase_diagram_fig1_jcp2021.eps
SCFT,DIS/S_cp,right,4,49,0.832413793103,25.938566552901,literature reference overlay; not a BVK2 accepted root,/home/lyx/projects/dfm/Glenn_DFT_Paper01/MonteCarlo/results/jcp2021_ab_phase_diagram_digitization/jcp2021_ab_phase_boundaries.csv,/home/lyx/projects/dfm/Glenn_DFT_Paper01/references/AB_phase_diagram_fig1_jcp2021.eps
SCFT,DIS/S_cp,right,4,50,0.833793103448,26.194539249147,literature reference overlay; not a BVK2 accepted root,/home/lyx/projects/dfm/Glenn_DFT_Paper01/MonteCarlo/results/jcp2021_ab_phase_diagram_digitization/jcp2021_ab_phase_boundaries.csv,/home/lyx/projects/dfm/Glenn_DFT_Paper01/references/AB_phase_diagram_fig1_jcp2021.eps
SCFT,DIS/S_cp,right,4,51,0.835172413793,26.450511945392,literature reference overlay; not a BVK2 accepted root,/home/lyx/projects/dfm/Glenn_DFT_Paper01/MonteCarlo/results/jcp2021_ab_phase_diagram_digitization/jcp2021_ab_phase_boundaries.csv,/home/lyx/projects/dfm/Glenn_DFT_Paper01/references/AB_phase_diagram_fig1_jcp2021.eps
SCFT,DIS/S_cp,right,4,52,0.836551724138,26.706484641638,literature reference overlay; not a BVK2 accepted root,/home/lyx/projects/dfm/Glenn_DFT_Paper01/MonteCarlo/results/jcp2021_ab_phase_diagram_digitization/jcp2021_ab_phase_boundaries.csv,/home/lyx/projects/dfm/Glenn_DFT_Paper01/references/AB_phase_diagram_fig1_jcp2021.eps
SCFT,DIS/S_cp,right,4,53,0.837931034483,27.005119453925,literature reference overlay; not a BVK2 accepted root,/home/lyx/projects/dfm/Glenn_DFT_Paper01/MonteCarlo/results/jcp2021_ab_phase_diagram_digitization/jcp2021_ab_phase_boundaries.csv,/home/lyx/projects/dfm/Glenn_DFT_Paper01/references/AB_phase_diagram_fig1_jcp2021.eps
SCFT,DIS/S_cp,right,4,54,0.839310344828,27.261092150171,literature reference overlay; not a BVK2 accepted root,/home/lyx/projects/dfm/Glenn_DFT_Paper01/MonteCarlo/results/jcp2021_ab_phase_diagram_digitization/jcp2021_ab_phase_boundaries.csv,/home/lyx/projects/dfm/Glenn_DFT_Paper01/references/AB_phase_diagram_fig1_jcp2021.eps
SCFT,DIS/S_cp,right,4,55,0.840689655172,27.559726962457,literature reference overlay; not a BVK2 accepted root,/home/lyx/projects/dfm/Glenn_DFT_Paper01/MonteCarlo/results/jcp2021_ab_phase_diagram_digitization/jcp2021_ab_phase_boundaries.csv,/home/lyx/projects/dfm/Glenn_DFT_Paper01/references/AB_phase_diagram_fig1_jcp2021.eps
SCFT,DIS/S_cp,right,4,56,0.842068965517,27.815699658703,literature reference overlay; not a BVK2 accepted root,/home/lyx/projects/dfm/Glenn_DFT_Paper01/MonteCarlo/results/jcp2021_ab_phase_diagram_digitization/jcp2021_ab_phase_boundaries.csv,/home/lyx/projects/dfm/Glenn_DFT_Paper01/references/AB_phase_diagram_fig1_jcp2021.eps
SCFT,DIS/S_cp,right,4,57,0.843448275862,28.11433447099,literature reference overlay; not a BVK2 accepted root,/home/lyx/projects/dfm/Glenn_DFT_Paper01/MonteCarlo/results/jcp2021_ab_phase_diagram_digitization/jcp2021_ab_phase_boundaries.csv,/home/lyx/projects/dfm/Glenn_DFT_Paper01/references/AB_phase_diagram_fig1_jcp2021.eps
SCFT,DIS/S_cp,right,4,58,0.844827586207,28.412969283276,literature reference overlay; not a BVK2 accepted root,/home/lyx/projects/dfm/Glenn_DFT_Paper01/MonteCarlo/results/jcp2021_ab_phase_diagram_digitization/jcp2021_ab_phase_boundaries.csv,/home/lyx/projects/dfm/Glenn_DFT_Paper01/references/AB_phase_diagram_fig1_jcp2021.eps
SCFT,DIS/S_cp,right,4,59,0.846206896552,28.711604095563,literature reference overlay; not a BVK2 accepted root,/home/lyx/projects/dfm/Glenn_DFT_Paper01/MonteCarlo/results/jcp2021_ab_phase_diagram_digitization/jcp2021_ab_phase_boundaries.csv,/home/lyx/projects/dfm/Glenn_DFT_Paper01/references/AB_phase_diagram_fig1_jcp2021.eps
SCFT,DIS/S_cp,right,4,60,0.847586206897,29.01023890785,literature reference overlay; not a BVK2 accepted root,/home/lyx/projects/dfm/Glenn_DFT_Paper01/MonteCarlo/results/jcp2021_ab_phase_diagram_digitization/jcp2021_ab_phase_boundaries.csv,/home/lyx/projects/dfm/Glenn_DFT_Paper01/references/AB_phase_diagram_fig1_jcp2021.eps
SCFT,DIS/S_cp,right,4,61,0.848965517241,29.308873720137,literature reference overlay; not a BVK2 accepted root,/home/lyx/projects/dfm/Glenn_DFT_Paper01/MonteCarlo/results/jcp2021_ab_phase_diagram_digitization/jcp2021_ab_phase_boundaries.csv,/home/lyx/projects/dfm/Glenn_DFT_Paper01/references/AB_phase_diagram_fig1_jcp2021.eps
SCFT,DIS/S_cp,right,4,62,0.850344827586,29.650170648464,literature reference overlay; not a BVK2 accepted root,/home/lyx/projects/dfm/Glenn_DFT_Paper01/MonteCarlo/results/jcp2021_ab_phase_diagram_digitization/jcp2021_ab_phase_boundaries.csv,/home/lyx/projects/dfm/Glenn_DFT_Paper01/references/AB_phase_diagram_fig1_jcp2021.eps
SCFT,DIS/S_cp,right,4,63,0.851724137931,29.948805460751,literature reference overlay; not a BVK2 accepted root,/home/lyx/projects/dfm/Glenn_DFT_Paper01/MonteCarlo/results/jcp2021_ab_phase_diagram_digitization/jcp2021_ab_phase_boundaries.csv,/home/lyx/projects/dfm/Glenn_DFT_Paper01/references/AB_phase_diagram_fig1_jcp2021.eps
SCFT,DIS/S_cp,right,4,64,0.853103448276,30.290102389078,literature reference overlay; not a BVK2 accepted root,/home/lyx/projects/dfm/Glenn_DFT_Paper01/MonteCarlo/results/jcp2021_ab_phase_diagram_digitization/jcp2021_ab_phase_boundaries.csv,/home/lyx/projects/dfm/Glenn_DFT_Paper01/references/AB_phase_diagram_fig1_jcp2021.eps
SCFT,DIS/S_cp,right,4,65,0.854482758621,30.631399317406,literature reference overlay; not a BVK2 accepted root,/home/lyx/projects/dfm/Glenn_DFT_Paper01/MonteCarlo/results/jcp2021_ab_phase_diagram_digitization/jcp2021_ab_phase_boundaries.csv,/home/lyx/projects/dfm/Glenn_DFT_Paper01/references/AB_phase_diagram_fig1_jcp2021.eps
SCFT,DIS/S_cp,right,4,66,0.855862068966,30.972696245734,literature reference overlay; not a BVK2 accepted root,/home/lyx/projects/dfm/Glenn_DFT_Paper01/MonteCarlo/results/jcp2021_ab_phase_diagram_digitization/jcp2021_ab_phase_boundaries.csv,/home/lyx/projects/dfm/Glenn_DFT_Paper01/references/AB_phase_diagram_fig1_jcp2021.eps
SCFT,DIS/S_cp,right,4,67,0.85724137931,31.356655290102,literature reference overlay; not a BVK2 accepted root,/home/lyx/projects/dfm/Glenn_DFT_Paper01/MonteCarlo/results/jcp2021_ab_phase_diagram_digitization/jcp2021_ab_phase_boundaries.csv,/home/lyx/projects/dfm/Glenn_DFT_Paper01/references/AB_phase_diagram_fig1_jcp2021.eps
SCFT,DIS/S_cp,right,4,68,0.858620689655,31.740614334471,literature reference overlay; not a BVK2 accepted root,/home/lyx/projects/dfm/Glenn_DFT_Paper01/MonteCarlo/results/jcp2021_ab_phase_diagram_digitization/jcp2021_ab_phase_boundaries.csv,/home/lyx/projects/dfm/Glenn_DFT_Paper01/references/AB_phase_diagram_fig1_jcp2021.eps
SCFT,DIS/S_cp,right,4,69,0.860689655172,32.12457337884,literature reference overlay; not a BVK2 accepted root,/home/lyx/projects/dfm/Glenn_DFT_Paper01/MonteCarlo/results/jcp2021_ab_phase_diagram_digitization/jcp2021_ab_phase_boundaries.csv,/home/lyx/projects/dfm/Glenn_DFT_Paper01/references/AB_phase_diagram_fig1_jcp2021.eps
SCFT,DIS/S_cp,right,4,70,0.862068965517,32.551194539249,literature reference overlay; not a BVK2 accepted root,/home/lyx/projects/dfm/Glenn_DFT_Paper01/MonteCarlo/results/jcp2021_ab_phase_diagram_digitization/jcp2021_ab_phase_boundaries.csv,/home/lyx/projects/dfm/Glenn_DFT_Paper01/references/AB_phase_diagram_fig1_jcp2021.eps
SCFT,DIS/S_cp,right,4,71,0.863448275862,32.977815699659,literature reference overlay; not a BVK2 accepted root,/home/lyx/projects/dfm/Glenn_DFT_Paper01/MonteCarlo/results/jcp2021_ab_phase_diagram_digitization/jcp2021_ab_phase_boundaries.csv,/home/lyx/projects/dfm/Glenn_DFT_Paper01/references/AB_phase_diagram_fig1_jcp2021.eps
SCFT,DIS/S_cp,right,4,72,0.864827586207,33.404436860068,literature reference overlay; not a BVK2 accepted root,/home/lyx/projects/dfm/Glenn_DFT_Paper01/MonteCarlo/results/jcp2021_ab_phase_diagram_digitization/jcp2021_ab_phase_boundaries.csv,/home/lyx/projects/dfm/Glenn_DFT_Paper01/references/AB_phase_diagram_fig1_jcp2021.eps
SCFT,DIS/S_cp,right,4,73,0.866206896552,33.831058020478,literature reference overlay; not a BVK2 accepted root,/home/lyx/projects/dfm/Glenn_DFT_Paper01/MonteCarlo/results/jcp2021_ab_phase_diagram_digitization/jcp2021_ab_phase_boundaries.csv,/home/lyx/projects/dfm/Glenn_DFT_Paper01/references/AB_phase_diagram_fig1_jcp2021.eps
SCFT,DIS/S_cp,right,4,74,0.867586206897,34.300341296928,literature reference overlay; not a BVK2 accepted root,/home/lyx/projects/dfm/Glenn_DFT_Paper01/MonteCarlo/results/jcp2021_ab_phase_diagram_digitization/jcp2021_ab_phase_boundaries.csv,/home/lyx/projects/dfm/Glenn_DFT_Paper01/references/AB_phase_diagram_fig1_jcp2021.eps
SCFT,DIS/S_cp,right,4,75,0.868965517241,34.769624573379,literature reference overlay; not a BVK2 accepted root,/home/lyx/projects/dfm/Glenn_DFT_Paper01/MonteCarlo/results/jcp2021_ab_phase_diagram_digitization/jcp2021_ab_phase_boundaries.csv,/home/lyx/projects/dfm/Glenn_DFT_Paper01/references/AB_phase_diagram_fig1_jcp2021.eps
SCFT,DIS/S_cp,right,4,76,0.870344827586,35.238907849829,literature reference overlay; not a BVK2 accepted root,/home/lyx/projects/dfm/Glenn_DFT_Paper01/MonteCarlo/results/jcp2021_ab_phase_diagram_digitization/jcp2021_ab_phase_boundaries.csv,/home/lyx/projects/dfm/Glenn_DFT_Paper01/references/AB_phase_diagram_fig1_jcp2021.eps
SCFT,DIS/S_cp,right,4,77,0.871724137931,35.750853242321,literature reference overlay; not a BVK2 accepted root,/home/lyx/projects/dfm/Glenn_DFT_Paper01/MonteCarlo/results/jcp2021_ab_phase_diagram_digitization/jcp2021_ab_phase_boundaries.csv,/home/lyx/projects/dfm/Glenn_DFT_Paper01/references/AB_phase_diagram_fig1_jcp2021.eps
SCFT,DIS/S_cp,right,4,78,0.873103448276,36.220136518771,literature reference overlay; not a BVK2 accepted root,/home/lyx/projects/dfm/Glenn_DFT_Paper01/MonteCarlo/results/jcp2021_ab_phase_diagram_digitization/jcp2021_ab_phase_boundaries.csv,/home/lyx/projects/dfm/Glenn_DFT_Paper01/references/AB_phase_diagram_fig1_jcp2021.eps
SCFT,DIS/S_cp,right,4,79,0.874482758621,36.732081911263,literature reference overlay; not a BVK2 accepted root,/home/lyx/projects/dfm/Glenn_DFT_Paper01/MonteCarlo/results/jcp2021_ab_phase_diagram_digitization/jcp2021_ab_phase_boundaries.csv,/home/lyx/projects/dfm/Glenn_DFT_Paper01/references/AB_phase_diagram_fig1_jcp2021.eps
SCFT,DIS/S_cp,right,4,80,0.875862068966,37.244027303754,literature reference overlay; not a BVK2 accepted root,/home/lyx/projects/dfm/Glenn_DFT_Paper01/MonteCarlo/results/jcp2021_ab_phase_diagram_digitization/jcp2021_ab_phase_boundaries.csv,/home/lyx/projects/dfm/Glenn_DFT_Paper01/references/AB_phase_diagram_fig1_jcp2021.eps
SCFT,DIS/S_cp,right,4,81,0.87724137931,37.798634812287,literature reference overlay; not a BVK2 accepted root,/home/lyx/projects/dfm/Glenn_DFT_Paper01/MonteCarlo/results/jcp2021_ab_phase_diagram_digitization/jcp2021_ab_phase_boundaries.csv,/home/lyx/projects/dfm/Glenn_DFT_Paper01/references/AB_phase_diagram_fig1_jcp2021.eps
SCFT,DIS/S_cp,right,4,82,0.878620689655,38.310580204778,literature reference overlay; not a BVK2 accepted root,/home/lyx/projects/dfm/Glenn_DFT_Paper01/MonteCarlo/results/jcp2021_ab_phase_diagram_digitization/jcp2021_ab_phase_boundaries.csv,/home/lyx/projects/dfm/Glenn_DFT_Paper01/references/AB_phase_diagram_fig1_jcp2021.eps
SCFT,DIS/S_cp,right,4,83,0.88,38.865187713311,literature reference overlay; not a BVK2 accepted root,/home/lyx/projects/dfm/Glenn_DFT_Paper01/MonteCarlo/results/jcp2021_ab_phase_diagram_digitization/jcp2021_ab_phase_boundaries.csv,/home/lyx/projects/dfm/Glenn_DFT_Paper01/references/AB_phase_diagram_fig1_jcp2021.eps
SCFT,DIS/S_cp,right,4,84,0.881379310345,39.419795221843,literature reference overlay; not a BVK2 accepted root,/home/lyx/projects/dfm/Glenn_DFT_Paper01/MonteCarlo/results/jcp2021_ab_phase_diagram_digitization/jcp2021_ab_phase_boundaries.csv,/home/lyx/projects/dfm/Glenn_DFT_Paper01/references/AB_phase_diagram_fig1_jcp2021.eps
SCFT,DIS/S_cp,right,4,85,0.88275862069,39.974402730375,literature reference overlay; not a BVK2 accepted root,/home/lyx/projects/dfm/Glenn_DFT_Paper01/MonteCarlo/results/jcp2021_ab_phase_diagram_digitization/jcp2021_ab_phase_boundaries.csv,/home/lyx/projects/dfm/Glenn_DFT_Paper01/references/AB_phase_diagram_fig1_jcp2021.eps
SCFT,DIS/S_cp,right,4,86,0.884137931034,40.529010238908,literature reference overlay; not a BVK2 accepted root,/home/lyx/projects/dfm/Glenn_DFT_Paper01/MonteCarlo/results/jcp2021_ab_phase_diagram_digitization/jcp2021_ab_phase_boundaries.csv,/home/lyx/projects/dfm/Glenn_DFT_Paper01/references/AB_phase_diagram_fig1_jcp2021.eps
SCFT,DIS/S_cp,right,4,87,0.885517241379,41.126279863481,literature reference overlay; not a BVK2 accepted root,/home/lyx/projects/dfm/Glenn_DFT_Paper01/MonteCarlo/results/jcp2021_ab_phase_diagram_digitization/jcp2021_ab_phase_boundaries.csv,/home/lyx/projects/dfm/Glenn_DFT_Paper01/references/AB_phase_diagram_fig1_jcp2021.eps
SCFT,DIS/S_cp,right,4,88,0.886896551724,41.723549488055,literature reference overlay; not a BVK2 accepted root,/home/lyx/projects/dfm/Glenn_DFT_Paper01/MonteCarlo/results/jcp2021_ab_phase_diagram_digitization/jcp2021_ab_phase_boundaries.csv,/home/lyx/projects/dfm/Glenn_DFT_Paper01/references/AB_phase_diagram_fig1_jcp2021.eps
SCFT,DIS/S_cp,right,4,89,0.888275862069,42.363481228669,literature reference overlay; not a BVK2 accepted root,/home/lyx/projects/dfm/Glenn_DFT_Paper01/MonteCarlo/results/jcp2021_ab_phase_diagram_digitization/jcp2021_ab_phase_boundaries.csv,/home/lyx/projects/dfm/Glenn_DFT_Paper01/references/AB_phase_diagram_fig1_jcp2021.eps
SCFT,DIS/S_cp,right,4,90,0.890344827586,43.003412969283,literature reference overlay; not a BVK2 accepted root,/home/lyx/projects/dfm/Glenn_DFT_Paper01/MonteCarlo/results/jcp2021_ab_phase_diagram_digitization/jcp2021_ab_phase_boundaries.csv,/home/lyx/projects/dfm/Glenn_DFT_Paper01/references/AB_phase_diagram_fig1_jcp2021.eps
SCFT,DIS/S_cp,right,4,91,0.891724137931,43.643344709898,literature reference overlay; not a BVK2 accepted root,/home/lyx/projects/dfm/Glenn_DFT_Paper01/MonteCarlo/results/jcp2021_ab_phase_diagram_digitization/jcp2021_ab_phase_boundaries.csv,/home/lyx/projects/dfm/Glenn_DFT_Paper01/references/AB_phase_diagram_fig1_jcp2021.eps
SCFT,DIS/S_cp,right,4,92,0.893103448276,44.325938566553,literature reference overlay; not a BVK2 accepted root,/home/lyx/projects/dfm/Glenn_DFT_Paper01/MonteCarlo/results/jcp2021_ab_phase_diagram_digitization/jcp2021_ab_phase_boundaries.csv,/home/lyx/projects/dfm/Glenn_DFT_Paper01/references/AB_phase_diagram_fig1_jcp2021.eps
SCFT,DIS/S_cp,right,4,93,0.894482758621,45.051194539249,literature reference overlay; not a BVK2 accepted root,/home/lyx/projects/dfm/Glenn_DFT_Paper01/MonteCarlo/results/jcp2021_ab_phase_diagram_digitization/jcp2021_ab_phase_boundaries.csv,/home/lyx/projects/dfm/Glenn_DFT_Paper01/references/AB_phase_diagram_fig1_jcp2021.eps
SCFT,DIS/S_cp,right,4,94,0.895862068966,45.819112627986,literature reference overlay; not a BVK2 accepted root,/home/lyx/projects/dfm/Glenn_DFT_Paper01/MonteCarlo/results/jcp2021_ab_phase_diagram_digitization/jcp2021_ab_phase_boundaries.csv,/home/lyx/projects/dfm/Glenn_DFT_Paper01/references/AB_phase_diagram_fig1_jcp2021.eps
SCFT,DIS/S_cp,right,4,95,0.89724137931,46.587030716724,literature reference overlay; not a BVK2 accepted root,/home/lyx/projects/dfm/Glenn_DFT_Paper01/MonteCarlo/results/jcp2021_ab_phase_diagram_digitization/jcp2021_ab_phase_boundaries.csv,/home/lyx/projects/dfm/Glenn_DFT_Paper01/references/AB_phase_diagram_fig1_jcp2021.eps
SCFT,DIS/S_cp,right,4,96,0.898620689655,47.354948805461,literature reference overlay; not a BVK2 accepted root,/home/lyx/projects/dfm/Glenn_DFT_Paper01/MonteCarlo/results/jcp2021_ab_phase_diagram_digitization/jcp2021_ab_phase_boundaries.csv,/home/lyx/projects/dfm/Glenn_DFT_Paper01/references/AB_phase_diagram_fig1_jcp2021.eps
SCFT,DIS/S_cp,right,4,97,0.9,48.20819112628,literature reference overlay; not a BVK2 accepted root,/home/lyx/projects/dfm/Glenn_DFT_Paper01/MonteCarlo/results/jcp2021_ab_phase_diagram_digitization/jcp2021_ab_phase_boundaries.csv,/home/lyx/projects/dfm/Glenn_DFT_Paper01/references/AB_phase_diagram_fig1_jcp2021.eps
SCFT,DIS/S_cp,right,4,98,0.901379310345,49.10409556314,literature reference overlay; not a BVK2 accepted root,/home/lyx/projects/dfm/Glenn_DFT_Paper01/MonteCarlo/results/jcp2021_ab_phase_diagram_digitization/jcp2021_ab_phase_boundaries.csv,/home/lyx/projects/dfm/Glenn_DFT_Paper01/references/AB_phase_diagram_fig1_jcp2021.eps
SCFT,DIS/S_cp,right,4,99,0.90275862069,50.0,literature reference overlay; not a BVK2 accepted root,/home/lyx/projects/dfm/Glenn_DFT_Paper01/MonteCarlo/results/jcp2021_ab_phase_diagram_digitization/jcp2021_ab_phase_boundaries.csv,/home/lyx/projects/dfm/Glenn_DFT_Paper01/references/AB_phase_diagram_fig1_jcp2021.eps
SCFT,S_cp/S,left,1,0,0.23724137931,17.747440273038,literature reference overlay; not a BVK2 accepted root,/home/lyx/projects/dfm/Glenn_DFT_Paper01/MonteCarlo/results/jcp2021_ab_phase_diagram_digitization/jcp2021_ab_phase_boundaries.csv,/home/lyx/projects/dfm/Glenn_DFT_Paper01/references/AB_phase_diagram_fig1_jcp2021.eps
SCFT,S_cp/S,left,1,1,0.235862068966,17.832764505119,literature reference overlay; not a BVK2 accepted root,/home/lyx/projects/dfm/Glenn_DFT_Paper01/MonteCarlo/results/jcp2021_ab_phase_diagram_digitization/jcp2021_ab_phase_boundaries.csv,/home/lyx/projects/dfm/Glenn_DFT_Paper01/references/AB_phase_diagram_fig1_jcp2021.eps
SCFT,S_cp/S,left,1,2,0.234482758621,17.960750853242,literature reference overlay; not a BVK2 accepted root,/home/lyx/projects/dfm/Glenn_DFT_Paper01/MonteCarlo/results/jcp2021_ab_phase_diagram_digitization/jcp2021_ab_phase_boundaries.csv,/home/lyx/projects/dfm/Glenn_DFT_Paper01/references/AB_phase_diagram_fig1_jcp2021.eps
SCFT,S_cp/S,left,1,3,0.233103448276,18.046075085324,literature reference overlay; not a BVK2 accepted root,/home/lyx/projects/dfm/Glenn_DFT_Paper01/MonteCarlo/results/jcp2021_ab_phase_diagram_digitization/jcp2021_ab_phase_boundaries.csv,/home/lyx/projects/dfm/Glenn_DFT_Paper01/references/AB_phase_diagram_fig1_jcp2021.eps
SCFT,S_cp/S,left,1,4,0.231724137931,18.174061433447,literature reference overlay; not a BVK2 accepted root,/home/lyx/projects/dfm/Glenn_DFT_Paper01/MonteCarlo/results/jcp2021_ab_phase_diagram_digitization/jcp2021_ab_phase_boundaries.csv,/home/lyx/projects/dfm/Glenn_DFT_Paper01/references/AB_phase_diagram_fig1_jcp2021.eps
SCFT,S_cp/S,left,1,5,0.230344827586,18.30204778157,literature reference overlay; not a BVK2 accepted root,/home/lyx/projects/dfm/Glenn_DFT_Paper01/MonteCarlo/results/jcp2021_ab_phase_diagram_digitization/jcp2021_ab_phase_boundaries.csv,/home/lyx/projects/dfm/Glenn_DFT_Paper01/references/AB_phase_diagram_fig1_jcp2021.eps
SCFT,S_cp/S,left,1,6,0.228965517241,18.430034129693,literature reference overlay; not a BVK2 accepted root,/home/lyx/projects/dfm/Glenn_DFT_Paper01/MonteCarlo/results/jcp2021_ab_phase_diagram_digitization/jcp2021_ab_phase_boundaries.csv,/home/lyx/projects/dfm/Glenn_DFT_Paper01/references/AB_phase_diagram_fig1_jcp2021.eps
SCFT,S_cp/S,left,1,7,0.227586206897,18.515358361775,literature reference overlay; not a BVK2 accepted root,/home/lyx/projects/dfm/Glenn_DFT_Paper01/MonteCarlo/results/jcp2021_ab_phase_diagram_digitization/jcp2021_ab_phase_boundaries.csv,/home/lyx/projects/dfm/Glenn_DFT_Paper01/references/AB_phase_diagram_fig1_jcp2021.eps
SCFT,S_cp/S,left,1,8,0.226206896552,18.643344709898,literature reference overlay; not a BVK2 accepted root,/home/lyx/projects/dfm/Glenn_DFT_Paper01/MonteCarlo/results/jcp2021_ab_phase_diagram_digitization/jcp2021_ab_phase_boundaries.csv,/home/lyx/projects/dfm/Glenn_DFT_Paper01/references/AB_phase_diagram_fig1_jcp2021.eps
SCFT,S_cp/S,left,1,9,0.224827586207,18.77133105802,literature reference overlay; not a BVK2 accepted root,/home/lyx/projects/dfm/Glenn_DFT_Paper01/MonteCarlo/results/jcp2021_ab_phase_diagram_digitization/jcp2021_ab_phase_boundaries.csv,/home/lyx/projects/dfm/Glenn_DFT_Paper01/references/AB_phase_diagram_fig1_jcp2021.eps
SCFT,S_cp/S,left,1,10,0.223448275862,18.941979522184,literature reference overlay; not a BVK2 accepted root,/home/lyx/projects/dfm/Glenn_DFT_Paper01/MonteCarlo/results/jcp2021_ab_phase_diagram_digitization/jcp2021_ab_phase_boundaries.csv,/home/lyx/projects/dfm/Glenn_DFT_Paper01/references/AB_phase_diagram_fig1_jcp2021.eps
SCFT,S_cp/S,left,1,11,0.222068965517,19.069965870307,literature reference overlay; not a BVK2 accepted root,/home/lyx/projects/dfm/Glenn_DFT_Paper01/MonteCarlo/results/jcp2021_ab_phase_diagram_digitization/jcp2021_ab_phase_boundaries.csv,/home/lyx/projects/dfm/Glenn_DFT_Paper01/references/AB_phase_diagram_fig1_jcp2021.eps
SCFT,S_cp/S,left,1,12,0.220689655172,19.19795221843,literature reference overlay; not a BVK2 accepted root,/home/lyx/projects/dfm/Glenn_DFT_Paper01/MonteCarlo/results/jcp2021_ab_phase_diagram_digitization/jcp2021_ab_phase_boundaries.csv,/home/lyx/projects/dfm/Glenn_DFT_Paper01/references/AB_phase_diagram_fig1_jcp2021.eps
SCFT,S_cp/S,left,1,13,0.219310344828,19.325938566553,literature reference overlay; not a BVK2 accepted root,/home/lyx/projects/dfm/Glenn_DFT_Paper01/MonteCarlo/results/jcp2021_ab_phase_diagram_digitization/jcp2021_ab_phase_boundaries.csv,/home/lyx/projects/dfm/Glenn_DFT_Paper01/references/AB_phase_diagram_fig1_jcp2021.eps
SCFT,S_cp/S,left,1,14,0.217931034483,19.496587030717,literature reference overlay; not a BVK2 accepted root,/home/lyx/projects/dfm/Glenn_DFT_Paper01/MonteCarlo/results/jcp2021_ab_phase_diagram_digitization/jcp2021_ab_phase_boundaries.csv,/home/lyx/projects/dfm/Glenn_DFT_Paper01/references/AB_phase_diagram_fig1_jcp2021.eps
SCFT,S_cp/S,left,1,15,0.216551724138,19.62457337884,literature reference overlay; not a BVK2 accepted root,/home/lyx/projects/dfm/Glenn_DFT_Paper01/MonteCarlo/results/jcp2021_ab_phase_diagram_digitization/jcp2021_ab_phase_boundaries.csv,/home/lyx/projects/dfm/Glenn_DFT_Paper01/references/AB_phase_diagram_fig1_jcp2021.eps
SCFT,S_cp/S,left,1,16,0.215172413793,19.795221843003,literature reference overlay; not a BVK2 accepted root,/home/lyx/projects/dfm/Glenn_DFT_Paper01/MonteCarlo/results/jcp2021_ab_phase_diagram_digitization/jcp2021_ab_phase_boundaries.csv,/home/lyx/projects/dfm/Glenn_DFT_Paper01/references/AB_phase_diagram_fig1_jcp2021.eps
SCFT,S_cp/S,left,1,17,0.213793103448,19.923208191126,literature reference overlay; not a BVK2 accepted root,/home/lyx/projects/dfm/Glenn_DFT_Paper01/MonteCarlo/results/jcp2021_ab_phase_diagram_digitization/jcp2021_ab_phase_boundaries.csv,/home/lyx/projects/dfm/Glenn_DFT_Paper01/references/AB_phase_diagram_fig1_jcp2021.eps
SCFT,S_cp/S,left,1,18,0.212413793103,20.09385665529,literature reference overlay; not a BVK2 accepted root,/home/lyx/projects/dfm/Glenn_DFT_Paper01/MonteCarlo/results/jcp2021_ab_phase_diagram_digitization/jcp2021_ab_phase_boundaries.csv,/home/lyx/projects/dfm/Glenn_DFT_Paper01/references/AB_phase_diagram_fig1_jcp2021.eps
SCFT,S_cp/S,left,1,19,0.211034482759,20.264505119454,literature reference overlay; not a BVK2 accepted root,/home/lyx/projects/dfm/Glenn_DFT_Paper01/MonteCarlo/results/jcp2021_ab_phase_diagram_digitization/jcp2021_ab_phase_boundaries.csv,/home/lyx/projects/dfm/Glenn_DFT_Paper01/references/AB_phase_diagram_fig1_jcp2021.eps
SCFT,S_cp/S,left,1,20,0.209655172414,20.392491467577,literature reference overlay; not a BVK2 accepted root,/home/lyx/projects/dfm/Glenn_DFT_Paper01/MonteCarlo/results/jcp2021_ab_phase_diagram_digitization/jcp2021_ab_phase_boundaries.csv,/home/lyx/projects/dfm/Glenn_DFT_Paper01/references/AB_phase_diagram_fig1_jcp2021.eps
SCFT,S_cp/S,left,1,21,0.208275862069,20.563139931741,literature reference overlay; not a BVK2 accepted root,/home/lyx/projects/dfm/Glenn_DFT_Paper01/MonteCarlo/results/jcp2021_ab_phase_diagram_digitization/jcp2021_ab_phase_boundaries.csv,/home/lyx/projects/dfm/Glenn_DFT_Paper01/references/AB_phase_diagram_fig1_jcp2021.eps
SCFT,S_cp/S,left,1,22,0.206896551724,20.733788395904,literature reference overlay; not a BVK2 accepted root,/home/lyx/projects/dfm/Glenn_DFT_Paper01/MonteCarlo/results/jcp2021_ab_phase_diagram_digitization/jcp2021_ab_phase_boundaries.csv,/home/lyx/projects/dfm/Glenn_DFT_Paper01/references/AB_phase_diagram_fig1_jcp2021.eps
SCFT,S_cp/S,left,1,23,0.205517241379,20.904436860068,literature reference overlay; not a BVK2 accepted root,/home/lyx/projects/dfm/Glenn_DFT_Paper01/MonteCarlo/results/jcp2021_ab_phase_diagram_digitization/jcp2021_ab_phase_boundaries.csv,/home/lyx/projects/dfm/Glenn_DFT_Paper01/references/AB_phase_diagram_fig1_jcp2021.eps
SCFT,S_cp/S,left,1,24,0.204137931034,21.075085324232,literature reference overlay; not a BVK2 accepted root,/home/lyx/projects/dfm/Glenn_DFT_Paper01/MonteCarlo/results/jcp2021_ab_phase_diagram_digitization/jcp2021_ab_phase_boundaries.csv,/home/lyx/projects/dfm/Glenn_DFT_Paper01/references/AB_phase_diagram_fig1_jcp2021.eps
SCFT,S_cp/S,left,1,25,0.20275862069,21.288395904437,literature reference overlay; not a BVK2 accepted root,/home/lyx/projects/dfm/Glenn_DFT_Paper01/MonteCarlo/results/jcp2021_ab_phase_diagram_digitization/jcp2021_ab_phase_boundaries.csv,/home/lyx/projects/dfm/Glenn_DFT_Paper01/references/AB_phase_diagram_fig1_jcp2021.eps
SCFT,S_cp/S,left,1,26,0.201379310345,21.459044368601,literature reference overlay; not a BVK2 accepted root,/home/lyx/projects/dfm/Glenn_DFT_Paper01/MonteCarlo/results/jcp2021_ab_phase_diagram_digitization/jcp2021_ab_phase_boundaries.csv,/home/lyx/projects/dfm/Glenn_DFT_Paper01/references/AB_phase_diagram_fig1_jcp2021.eps
SCFT,S_cp/S,left,1,27,0.2,21.629692832765,literature reference overlay; not a BVK2 accepted root,/home/lyx/projects/dfm/Glenn_DFT_Paper01/MonteCarlo/results/jcp2021_ab_phase_diagram_digitization/jcp2021_ab_phase_boundaries.csv,/home/lyx/projects/dfm/Glenn_DFT_Paper01/references/AB_phase_diagram_fig1_jcp2021.eps
SCFT,S_cp/S,left,1,28,0.198620689655,21.843003412969,literature reference overlay; not a BVK2 accepted root,/home/lyx/projects/dfm/Glenn_DFT_Paper01/MonteCarlo/results/jcp2021_ab_phase_diagram_digitization/jcp2021_ab_phase_boundaries.csv,/home/lyx/projects/dfm/Glenn_DFT_Paper01/references/AB_phase_diagram_fig1_jcp2021.eps
SCFT,S_cp/S,left,1,29,0.19724137931,22.013651877133,literature reference overlay; not a BVK2 accepted root,/home/lyx/projects/dfm/Glenn_DFT_Paper01/MonteCarlo/results/jcp2021_ab_phase_diagram_digitization/jcp2021_ab_phase_boundaries.csv,/home/lyx/projects/dfm/Glenn_DFT_Paper01/references/AB_phase_diagram_fig1_jcp2021.eps
SCFT,S_cp/S,left,1,30,0.195862068966,22.226962457338,literature reference overlay; not a BVK2 accepted root,/home/lyx/projects/dfm/Glenn_DFT_Paper01/MonteCarlo/results/jcp2021_ab_phase_diagram_digitization/jcp2021_ab_phase_boundaries.csv,/home/lyx/projects/dfm/Glenn_DFT_Paper01/references/AB_phase_diagram_fig1_jcp2021.eps
SCFT,S_cp/S,left,1,31,0.194482758621,22.397610921502,literature reference overlay; not a BVK2 accepted root,/home/lyx/projects/dfm/Glenn_DFT_Paper01/MonteCarlo/results/jcp2021_ab_phase_diagram_digitization/jcp2021_ab_phase_boundaries.csv,/home/lyx/projects/dfm/Glenn_DFT_Paper01/references/AB_phase_diagram_fig1_jcp2021.eps
SCFT,S_cp/S,left,1,32,0.193103448276,22.610921501706,literature reference overlay; not a BVK2 accepted root,/home/lyx/projects/dfm/Glenn_DFT_Paper01/MonteCarlo/results/jcp2021_ab_phase_diagram_digitization/jcp2021_ab_phase_boundaries.csv,/home/lyx/projects/dfm/Glenn_DFT_Paper01/references/AB_phase_diagram_fig1_jcp2021.eps
SCFT,S_cp/S,left,1,33,0.191724137931,22.824232081911,literature reference overlay; not a BVK2 accepted root,/home/lyx/projects/dfm/Glenn_DFT_Paper01/MonteCarlo/results/jcp2021_ab_phase_diagram_digitization/jcp2021_ab_phase_boundaries.csv,/home/lyx/projects/dfm/Glenn_DFT_Paper01/references/AB_phase_diagram_fig1_jcp2021.eps
SCFT,S_cp/S,left,1,34,0.190344827586,23.037542662116,literature reference overlay; not a BVK2 accepted root,/home/lyx/projects/dfm/Glenn_DFT_Paper01/MonteCarlo/results/jcp2021_ab_phase_diagram_digitization/jcp2021_ab_phase_boundaries.csv,/home/lyx/projects/dfm/Glenn_DFT_Paper01/references/AB_phase_diagram_fig1_jcp2021.eps
SCFT,S_cp/S,left,1,35,0.188965517241,23.250853242321,literature reference overlay; not a BVK2 accepted root,/home/lyx/projects/dfm/Glenn_DFT_Paper01/MonteCarlo/results/jcp2021_ab_phase_diagram_digitization/jcp2021_ab_phase_boundaries.csv,/home/lyx/projects/dfm/Glenn_DFT_Paper01/references/AB_phase_diagram_fig1_jcp2021.eps
SCFT,S_cp/S,left,1,36,0.187586206897,23.464163822526,literature reference overlay; not a BVK2 accepted root,/home/lyx/projects/dfm/Glenn_DFT_Paper01/MonteCarlo/results/jcp2021_ab_phase_diagram_digitization/jcp2021_ab_phase_boundaries.csv,/home/lyx/projects/dfm/Glenn_DFT_Paper01/references/AB_phase_diagram_fig1_jcp2021.eps
SCFT,S_cp/S,left,1,37,0.186206896552,23.67747440273,literature reference overlay; not a BVK2 accepted root,/home/lyx/projects/dfm/Glenn_DFT_Paper01/MonteCarlo/results/jcp2021_ab_phase_diagram_digitization/jcp2021_ab_phase_boundaries.csv,/home/lyx/projects/dfm/Glenn_DFT_Paper01/references/AB_phase_diagram_fig1_jcp2021.eps
SCFT,S_cp/S,left,1,38,0.184827586207,23.890784982935,literature reference overlay; not a BVK2 accepted root,/home/lyx/projects/dfm/Glenn_DFT_Paper01/MonteCarlo/results/jcp2021_ab_phase_diagram_digitization/jcp2021_ab_phase_boundaries.csv,/home/lyx/projects/dfm/Glenn_DFT_Paper01/references/AB_phase_diagram_fig1_jcp2021.eps
SCFT,S_cp/S,left,1,39,0.183448275862,24.10409556314,literature reference overlay; not a BVK2 accepted root,/home/lyx/projects/dfm/Glenn_DFT_Paper01/MonteCarlo/results/jcp2021_ab_phase_diagram_digitization/jcp2021_ab_phase_boundaries.csv,/home/lyx/projects/dfm/Glenn_DFT_Paper01/references/AB_phase_diagram_fig1_jcp2021.eps
SCFT,S_cp/S,left,1,40,0.182068965517,24.317406143345,literature reference overlay; not a BVK2 accepted root,/home/lyx/projects/dfm/Glenn_DFT_Paper01/MonteCarlo/results/jcp2021_ab_phase_diagram_digitization/jcp2021_ab_phase_boundaries.csv,/home/lyx/projects/dfm/Glenn_DFT_Paper01/references/AB_phase_diagram_fig1_jcp2021.eps
SCFT,S_cp/S,left,1,41,0.180689655172,24.57337883959,literature reference overlay; not a BVK2 accepted root,/home/lyx/projects/dfm/Glenn_DFT_Paper01/MonteCarlo/results/jcp2021_ab_phase_diagram_digitization/jcp2021_ab_phase_boundaries.csv,/home/lyx/projects/dfm/Glenn_DFT_Paper01/references/AB_phase_diagram_fig1_jcp2021.eps
SCFT,S_cp/S,left,1,42,0.179310344828,24.786689419795,literature reference overlay; not a BVK2 accepted root,/home/lyx/projects/dfm/Glenn_DFT_Paper01/MonteCarlo/results/jcp2021_ab_phase_diagram_digitization/jcp2021_ab_phase_boundaries.csv,/home/lyx/projects/dfm/Glenn_DFT_Paper01/references/AB_phase_diagram_fig1_jcp2021.eps
SCFT,S_cp/S,left,1,43,0.177931034483,25.042662116041,literature reference overlay; not a BVK2 accepted root,/home/lyx/projects/dfm/Glenn_DFT_Paper01/MonteCarlo/results/jcp2021_ab_phase_diagram_digitization/jcp2021_ab_phase_boundaries.csv,/home/lyx/projects/dfm/Glenn_DFT_Paper01/references/AB_phase_diagram_fig1_jcp2021.eps
SCFT,S_cp/S,left,1,44,0.176551724138,25.298634812287,literature reference overlay; not a BVK2 accepted root,/home/lyx/projects/dfm/Glenn_DFT_Paper01/MonteCarlo/results/jcp2021_ab_phase_diagram_digitization/jcp2021_ab_phase_boundaries.csv,/home/lyx/projects/dfm/Glenn_DFT_Paper01/references/AB_phase_diagram_fig1_jcp2021.eps
SCFT,S_cp/S,left,1,45,0.175172413793,25.511945392491,literature reference overlay; not a BVK2 accepted root,/home/lyx/projects/dfm/Glenn_DFT_Paper01/MonteCarlo/results/jcp2021_ab_phase_diagram_digitization/jcp2021_ab_phase_boundaries.csv,/home/lyx/projects/dfm/Glenn_DFT_Paper01/references/AB_phase_diagram_fig1_jcp2021.eps
SCFT,S_cp/S,left,1,46,0.173793103448,25.767918088737,literature reference overlay; not a BVK2 accepted root,/home/lyx/projects/dfm/Glenn_DFT_Paper01/MonteCarlo/results/jcp2021_ab_phase_diagram_digitization/jcp2021_ab_phase_boundaries.csv,/home/lyx/projects/dfm/Glenn_DFT_Paper01/references/AB_phase_diagram_fig1_jcp2021.eps
SCFT,S_cp/S,left,1,47,0.172413793103,26.023890784983,literature reference overlay; not a BVK2 accepted root,/home/lyx/projects/dfm/Glenn_DFT_Paper01/MonteCarlo/results/jcp2021_ab_phase_diagram_digitization/jcp2021_ab_phase_boundaries.csv,/home/lyx/projects/dfm/Glenn_DFT_Paper01/references/AB_phase_diagram_fig1_jcp2021.eps
SCFT,S_cp/S,left,1,48,0.171034482759,26.279863481229,literature reference overlay; not a BVK2 accepted root,/home/lyx/projects/dfm/Glenn_DFT_Paper01/MonteCarlo/results/jcp2021_ab_phase_diagram_digitization/jcp2021_ab_phase_boundaries.csv,/home/lyx/projects/dfm/Glenn_DFT_Paper01/references/AB_phase_diagram_fig1_jcp2021.eps
SCFT,S_cp/S,left,1,49,0.169655172414,26.578498293515,literature reference overlay; not a BVK2 accepted root,/home/lyx/projects/dfm/Glenn_DFT_Paper01/MonteCarlo/results/jcp2021_ab_phase_diagram_digitization/jcp2021_ab_phase_boundaries.csv,/home/lyx/projects/dfm/Glenn_DFT_Paper01/references/AB_phase_diagram_fig1_jcp2021.eps
SCFT,S_cp/S,left,1,50,0.168275862069,26.834470989761,literature reference overlay; not a BVK2 accepted root,/home/lyx/projects/dfm/Glenn_DFT_Paper01/MonteCarlo/results/jcp2021_ab_phase_diagram_digitization/jcp2021_ab_phase_boundaries.csv,/home/lyx/projects/dfm/Glenn_DFT_Paper01/references/AB_phase_diagram_fig1_jcp2021.eps
SCFT,S_cp/S,left,1,51,0.166896551724,27.090443686007,literature reference overlay; not a BVK2 accepted root,/home/lyx/projects/dfm/Glenn_DFT_Paper01/MonteCarlo/results/jcp2021_ab_phase_diagram_digitization/jcp2021_ab_phase_boundaries.csv,/home/lyx/projects/dfm/Glenn_DFT_Paper01/references/AB_phase_diagram_fig1_jcp2021.eps
SCFT,S_cp/S,left,1,52,0.165517241379,27.389078498294,literature reference overlay; not a BVK2 accepted root,/home/lyx/projects/dfm/Glenn_DFT_Paper01/MonteCarlo/results/jcp2021_ab_phase_diagram_digitization/jcp2021_ab_phase_boundaries.csv,/home/lyx/projects/dfm/Glenn_DFT_Paper01/references/AB_phase_diagram_fig1_jcp2021.eps
SCFT,S_cp/S,left,1,53,0.164137931034,27.645051194539,literature reference overlay; not a BVK2 accepted root,/home/lyx/projects/dfm/Glenn_DFT_Paper01/MonteCarlo/results/jcp2021_ab_phase_diagram_digitization/jcp2021_ab_phase_boundaries.csv,/home/lyx/projects/dfm/Glenn_DFT_Paper01/references/AB_phase_diagram_fig1_jcp2021.eps
SCFT,S_cp/S,left,1,54,0.16275862069,27.943686006826,literature reference overlay; not a BVK2 accepted root,/home/lyx/projects/dfm/Glenn_DFT_Paper01/MonteCarlo/results/jcp2021_ab_phase_diagram_digitization/jcp2021_ab_phase_boundaries.csv,/home/lyx/projects/dfm/Glenn_DFT_Paper01/references/AB_phase_diagram_fig1_jcp2021.eps
SCFT,S_cp/S,left,1,55,0.161379310345,28.242320819113,literature reference overlay; not a BVK2 accepted root,/home/lyx/projects/dfm/Glenn_DFT_Paper01/MonteCarlo/results/jcp2021_ab_phase_diagram_digitization/jcp2021_ab_phase_boundaries.csv,/home/lyx/projects/dfm/Glenn_DFT_Paper01/references/AB_phase_diagram_fig1_jcp2021.eps
SCFT,S_cp/S,left,1,56,0.16,28.540955631399,literature reference overlay; not a BVK2 accepted root,/home/lyx/projects/dfm/Glenn_DFT_Paper01/MonteCarlo/results/jcp2021_ab_phase_diagram_digitization/jcp2021_ab_phase_boundaries.csv,/home/lyx/projects/dfm/Glenn_DFT_Paper01/references/AB_phase_diagram_fig1_jcp2021.eps
SCFT,S_cp/S,left,1,57,0.158620689655,28.839590443686,literature reference overlay; not a BVK2 accepted root,/home/lyx/projects/dfm/Glenn_DFT_Paper01/MonteCarlo/results/jcp2021_ab_phase_diagram_digitization/jcp2021_ab_phase_boundaries.csv,/home/lyx/projects/dfm/Glenn_DFT_Paper01/references/AB_phase_diagram_fig1_jcp2021.eps
SCFT,S_cp/S,left,1,58,0.15724137931,29.180887372014,literature reference overlay; not a BVK2 accepted root,/home/lyx/projects/dfm/Glenn_DFT_Paper01/MonteCarlo/results/jcp2021_ab_phase_diagram_digitization/jcp2021_ab_phase_boundaries.csv,/home/lyx/projects/dfm/Glenn_DFT_Paper01/references/AB_phase_diagram_fig1_jcp2021.eps
SCFT,S_cp/S,left,1,59,0.155862068966,29.4795221843,literature reference overlay; not a BVK2 accepted root,/home/lyx/projects/dfm/Glenn_DFT_Paper01/MonteCarlo/results/jcp2021_ab_phase_diagram_digitization/jcp2021_ab_phase_boundaries.csv,/home/lyx/projects/dfm/Glenn_DFT_Paper01/references/AB_phase_diagram_fig1_jcp2021.eps
SCFT,S_cp/S,left,1,60,0.154482758621,29.778156996587,literature reference overlay; not a BVK2 accepted root,/home/lyx/projects/dfm/Glenn_DFT_Paper01/MonteCarlo/results/jcp2021_ab_phase_diagram_digitization/jcp2021_ab_phase_boundaries.csv,/home/lyx/projects/dfm/Glenn_DFT_Paper01/references/AB_phase_diagram_fig1_jcp2021.eps
SCFT,S_cp/S,left,1,61,0.153103448276,30.119453924915,literature reference overlay; not a BVK2 accepted root,/home/lyx/projects/dfm/Glenn_DFT_Paper01/MonteCarlo/results/jcp2021_ab_phase_diagram_digitization/jcp2021_ab_phase_boundaries.csv,/home/lyx/projects/dfm/Glenn_DFT_Paper01/references/AB_phase_diagram_fig1_jcp2021.eps
SCFT,S_cp/S,left,1,62,0.151724137931,30.460750853242,literature reference overlay; not a BVK2 accepted root,/home/lyx/projects/dfm/Glenn_DFT_Paper01/MonteCarlo/results/jcp2021_ab_phase_diagram_digitization/jcp2021_ab_phase_boundaries.csv,/home/lyx/projects/dfm/Glenn_DFT_Paper01/references/AB_phase_diagram_fig1_jcp2021.eps
SCFT,S_cp/S,left,1,63,0.150344827586,30.80204778157,literature reference overlay; not a BVK2 accepted root,/home/lyx/projects/dfm/Glenn_DFT_Paper01/MonteCarlo/results/jcp2021_ab_phase_diagram_digitization/jcp2021_ab_phase_boundaries.csv,/home/lyx/projects/dfm/Glenn_DFT_Paper01/references/AB_phase_diagram_fig1_jcp2021.eps
SCFT,S_cp/S,left,1,64,0.148965517241,31.143344709898,literature reference overlay; not a BVK2 accepted root,/home/lyx/projects/dfm/Glenn_DFT_Paper01/MonteCarlo/results/jcp2021_ab_phase_diagram_digitization/jcp2021_ab_phase_boundaries.csv,/home/lyx/projects/dfm/Glenn_DFT_Paper01/references/AB_phase_diagram_fig1_jcp2021.eps
SCFT,S_cp/S,left,1,65,0.147586206897,31.484641638225,literature reference overlay; not a BVK2 accepted root,/home/lyx/projects/dfm/Glenn_DFT_Paper01/MonteCarlo/results/jcp2021_ab_phase_diagram_digitization/jcp2021_ab_phase_boundaries.csv,/home/lyx/projects/dfm/Glenn_DFT_Paper01/references/AB_phase_diagram_fig1_jcp2021.eps
SCFT,S_cp/S,left,1,66,0.146206896552,31.868600682594,literature reference overlay; not a BVK2 accepted root,/home/lyx/projects/dfm/Glenn_DFT_Paper01/MonteCarlo/results/jcp2021_ab_phase_diagram_digitization/jcp2021_ab_phase_boundaries.csv,/home/lyx/projects/dfm/Glenn_DFT_Paper01/references/AB_phase_diagram_fig1_jcp2021.eps
SCFT,S_cp/S,left,1,67,0.144827586207,32.252559726962,literature reference overlay; not a BVK2 accepted root,/home/lyx/projects/dfm/Glenn_DFT_Paper01/MonteCarlo/results/jcp2021_ab_phase_diagram_digitization/jcp2021_ab_phase_boundaries.csv,/home/lyx/projects/dfm/Glenn_DFT_Paper01/references/AB_phase_diagram_fig1_jcp2021.eps
SCFT,S_cp/S,left,1,68,0.143448275862,32.59385665529,literature reference overlay; not a BVK2 accepted root,/home/lyx/projects/dfm/Glenn_DFT_Paper01/MonteCarlo/results/jcp2021_ab_phase_diagram_digitization/jcp2021_ab_phase_boundaries.csv,/home/lyx/projects/dfm/Glenn_DFT_Paper01/references/AB_phase_diagram_fig1_jcp2021.eps
SCFT,S_cp/S,left,1,69,0.142068965517,32.977815699659,literature reference overlay; not a BVK2 accepted root,/home/lyx/projects/dfm/Glenn_DFT_Paper01/MonteCarlo/results/jcp2021_ab_phase_diagram_digitization/jcp2021_ab_phase_boundaries.csv,/home/lyx/projects/dfm/Glenn_DFT_Paper01/references/AB_phase_diagram_fig1_jcp2021.eps
SCFT,S_cp/S,left,1,70,0.140689655172,33.404436860068,literature reference overlay; not a BVK2 accepted root,/home/lyx/projects/dfm/Glenn_DFT_Paper01/MonteCarlo/results/jcp2021_ab_phase_diagram_digitization/jcp2021_ab_phase_boundaries.csv,/home/lyx/projects/dfm/Glenn_DFT_Paper01/references/AB_phase_diagram_fig1_jcp2021.eps
SCFT,S_cp/S,left,1,71,0.139310344828,33.788395904437,literature reference overlay; not a BVK2 accepted root,/home/lyx/projects/dfm/Glenn_DFT_Paper01/MonteCarlo/results/jcp2021_ab_phase_diagram_digitization/jcp2021_ab_phase_boundaries.csv,/home/lyx/projects/dfm/Glenn_DFT_Paper01/references/AB_phase_diagram_fig1_jcp2021.eps
SCFT,S_cp/S,left,1,72,0.137931034483,34.172354948805,literature reference overlay; not a BVK2 accepted root,/home/lyx/projects/dfm/Glenn_DFT_Paper01/MonteCarlo/results/jcp2021_ab_phase_diagram_digitization/jcp2021_ab_phase_boundaries.csv,/home/lyx/projects/dfm/Glenn_DFT_Paper01/references/AB_phase_diagram_fig1_jcp2021.eps
SCFT,S_cp/S,left,1,73,0.136551724138,34.598976109215,literature reference overlay; not a BVK2 accepted root,/home/lyx/projects/dfm/Glenn_DFT_Paper01/MonteCarlo/results/jcp2021_ab_phase_diagram_digitization/jcp2021_ab_phase_boundaries.csv,/home/lyx/projects/dfm/Glenn_DFT_Paper01/references/AB_phase_diagram_fig1_jcp2021.eps
SCFT,S_cp/S,left,1,74,0.135172413793,35.025597269625,literature reference overlay; not a BVK2 accepted root,/home/lyx/projects/dfm/Glenn_DFT_Paper01/MonteCarlo/results/jcp2021_ab_phase_diagram_digitization/jcp2021_ab_phase_boundaries.csv,/home/lyx/projects/dfm/Glenn_DFT_Paper01/references/AB_phase_diagram_fig1_jcp2021.eps
SCFT,S_cp/S,left,1,75,0.133793103448,35.452218430034,literature reference overlay; not a BVK2 accepted root,/home/lyx/projects/dfm/Glenn_DFT_Paper01/MonteCarlo/results/jcp2021_ab_phase_diagram_digitization/jcp2021_ab_phase_boundaries.csv,/home/lyx/projects/dfm/Glenn_DFT_Paper01/references/AB_phase_diagram_fig1_jcp2021.eps
SCFT,S_cp/S,left,1,76,0.132413793103,35.921501706485,literature reference overlay; not a BVK2 accepted root,/home/lyx/projects/dfm/Glenn_DFT_Paper01/MonteCarlo/results/jcp2021_ab_phase_diagram_digitization/jcp2021_ab_phase_boundaries.csv,/home/lyx/projects/dfm/Glenn_DFT_Paper01/references/AB_phase_diagram_fig1_jcp2021.eps
SCFT,S_cp/S,left,1,77,0.131034482759,36.348122866894,literature reference overlay; not a BVK2 accepted root,/home/lyx/projects/dfm/Glenn_DFT_Paper01/MonteCarlo/results/jcp2021_ab_phase_diagram_digitization/jcp2021_ab_phase_boundaries.csv,/home/lyx/projects/dfm/Glenn_DFT_Paper01/references/AB_phase_diagram_fig1_jcp2021.eps
SCFT,S_cp/S,left,1,78,0.129655172414,36.817406143345,literature reference overlay; not a BVK2 accepted root,/home/lyx/projects/dfm/Glenn_DFT_Paper01/MonteCarlo/results/jcp2021_ab_phase_diagram_digitization/jcp2021_ab_phase_boundaries.csv,/home/lyx/projects/dfm/Glenn_DFT_Paper01/references/AB_phase_diagram_fig1_jcp2021.eps
SCFT,S_cp/S,left,1,79,0.128275862069,37.286689419795,literature reference overlay; not a BVK2 accepted root,/home/lyx/projects/dfm/Glenn_DFT_Paper01/MonteCarlo/results/jcp2021_ab_phase_diagram_digitization/jcp2021_ab_phase_boundaries.csv,/home/lyx/projects/dfm/Glenn_DFT_Paper01/references/AB_phase_diagram_fig1_jcp2021.eps
SCFT,S_cp/S,left,1,80,0.126896551724,37.798634812287,literature reference overlay; not a BVK2 accepted root,/home/lyx/projects/dfm/Glenn_DFT_Paper01/MonteCarlo/results/jcp2021_ab_phase_diagram_digitization/jcp2021_ab_phase_boundaries.csv,/home/lyx/projects/dfm/Glenn_DFT_Paper01/references/AB_phase_diagram_fig1_jcp2021.eps
SCFT,S_cp/S,left,1,81,0.125517241379,38.267918088737,literature reference overlay; not a BVK2 accepted root,/home/lyx/projects/dfm/Glenn_DFT_Paper01/MonteCarlo/results/jcp2021_ab_phase_diagram_digitization/jcp2021_ab_phase_boundaries.csv,/home/lyx/projects/dfm/Glenn_DFT_Paper01/references/AB_phase_diagram_fig1_jcp2021.eps
SCFT,S_cp/S,left,1,82,0.124137931034,38.779863481229,literature reference overlay; not a BVK2 accepted root,/home/lyx/projects/dfm/Glenn_DFT_Paper01/MonteCarlo/results/jcp2021_ab_phase_diagram_digitization/jcp2021_ab_phase_boundaries.csv,/home/lyx/projects/dfm/Glenn_DFT_Paper01/references/AB_phase_diagram_fig1_jcp2021.eps
SCFT,S_cp/S,left,1,83,0.12275862069,39.334470989761,literature reference overlay; not a BVK2 accepted root,/home/lyx/projects/dfm/Glenn_DFT_Paper01/MonteCarlo/results/jcp2021_ab_phase_diagram_digitization/jcp2021_ab_phase_boundaries.csv,/home/lyx/projects/dfm/Glenn_DFT_Paper01/references/AB_phase_diagram_fig1_jcp2021.eps
SCFT,S_cp/S,left,1,84,0.121379310345,39.846416382253,literature reference overlay; not a BVK2 accepted root,/home/lyx/projects/dfm/Glenn_DFT_Paper01/MonteCarlo/results/jcp2021_ab_phase_diagram_digitization/jcp2021_ab_phase_boundaries.csv,/home/lyx/projects/dfm/Glenn_DFT_Paper01/references/AB_phase_diagram_fig1_jcp2021.eps
SCFT,S_cp/S,left,1,85,0.120689655172,40.401023890785,literature reference overlay; not a BVK2 accepted root,/home/lyx/projects/dfm/Glenn_DFT_Paper01/MonteCarlo/results/jcp2021_ab_phase_diagram_digitization/jcp2021_ab_phase_boundaries.csv,/home/lyx/projects/dfm/Glenn_DFT_Paper01/references/AB_phase_diagram_fig1_jcp2021.eps
SCFT,S_cp/S,left,1,86,0.119310344828,40.998293515358,literature reference overlay; not a BVK2 accepted root,/home/lyx/projects/dfm/Glenn_DFT_Paper01/MonteCarlo/results/jcp2021_ab_phase_diagram_digitization/jcp2021_ab_phase_boundaries.csv,/home/lyx/projects/dfm/Glenn_DFT_Paper01/references/AB_phase_diagram_fig1_jcp2021.eps
SCFT,S_cp/S,left,1,87,0.117931034483,41.552901023891,literature reference overlay; not a BVK2 accepted root,/home/lyx/projects/dfm/Glenn_DFT_Paper01/MonteCarlo/results/jcp2021_ab_phase_diagram_digitization/jcp2021_ab_phase_boundaries.csv,/home/lyx/projects/dfm/Glenn_DFT_Paper01/references/AB_phase_diagram_fig1_jcp2021.eps
SCFT,S_cp/S,left,1,88,0.116551724138,42.150170648464,literature reference overlay; not a BVK2 accepted root,/home/lyx/projects/dfm/Glenn_DFT_Paper01/MonteCarlo/results/jcp2021_ab_phase_diagram_digitization/jcp2021_ab_phase_boundaries.csv,/home/lyx/projects/dfm/Glenn_DFT_Paper01/references/AB_phase_diagram_fig1_jcp2021.eps
SCFT,S_cp/S,left,1,89,0.115172413793,42.790102389078,literature reference overlay; not a BVK2 accepted root,/home/lyx/projects/dfm/Glenn_DFT_Paper01/MonteCarlo/results/jcp2021_ab_phase_diagram_digitization/jcp2021_ab_phase_boundaries.csv,/home/lyx/projects/dfm/Glenn_DFT_Paper01/references/AB_phase_diagram_fig1_jcp2021.eps
SCFT,S_cp/S,left,1,90,0.113793103448,43.430034129693,literature reference overlay; not a BVK2 accepted root,/home/lyx/projects/dfm/Glenn_DFT_Paper01/MonteCarlo/results/jcp2021_ab_phase_diagram_digitization/jcp2021_ab_phase_boundaries.csv,/home/lyx/projects/dfm/Glenn_DFT_Paper01/references/AB_phase_diagram_fig1_jcp2021.eps
SCFT,S_cp/S,left,1,91,0.112413793103,44.069965870307,literature reference overlay; not a BVK2 accepted root,/home/lyx/projects/dfm/Glenn_DFT_Paper01/MonteCarlo/results/jcp2021_ab_phase_diagram_digitization/jcp2021_ab_phase_boundaries.csv,/home/lyx/projects/dfm/Glenn_DFT_Paper01/references/AB_phase_diagram_fig1_jcp2021.eps
SCFT,S_cp/S,left,1,92,0.111034482759,44.752559726962,literature reference overlay; not a BVK2 accepted root,/home/lyx/projects/dfm/Glenn_DFT_Paper01/MonteCarlo/results/jcp2021_ab_phase_diagram_digitization/jcp2021_ab_phase_boundaries.csv,/home/lyx/projects/dfm/Glenn_DFT_Paper01/references/AB_phase_diagram_fig1_jcp2021.eps
SCFT,S_cp/S,left,1,93,0.109655172414,45.435153583618,literature reference overlay; not a BVK2 accepted root,/home/lyx/projects/dfm/Glenn_DFT_Paper01/MonteCarlo/results/jcp2021_ab_phase_diagram_digitization/jcp2021_ab_phase_boundaries.csv,/home/lyx/projects/dfm/Glenn_DFT_Paper01/references/AB_phase_diagram_fig1_jcp2021.eps
SCFT,S_cp/S,left,1,94,0.108275862069,46.117747440273,literature reference overlay; not a BVK2 accepted root,/home/lyx/projects/dfm/Glenn_DFT_Paper01/MonteCarlo/results/jcp2021_ab_phase_diagram_digitization/jcp2021_ab_phase_boundaries.csv,/home/lyx/projects/dfm/Glenn_DFT_Paper01/references/AB_phase_diagram_fig1_jcp2021.eps
SCFT,S_cp/S,left,1,95,0.106896551724,46.843003412969,literature reference overlay; not a BVK2 accepted root,/home/lyx/projects/dfm/Glenn_DFT_Paper01/MonteCarlo/results/jcp2021_ab_phase_diagram_digitization/jcp2021_ab_phase_boundaries.csv,/home/lyx/projects/dfm/Glenn_DFT_Paper01/references/AB_phase_diagram_fig1_jcp2021.eps
SCFT,S_cp/S,left,1,96,0.105517241379,47.610921501706,literature reference overlay; not a BVK2 accepted root,/home/lyx/projects/dfm/Glenn_DFT_Paper01/MonteCarlo/results/jcp2021_ab_phase_diagram_digitization/jcp2021_ab_phase_boundaries.csv,/home/lyx/projects/dfm/Glenn_DFT_Paper01/references/AB_phase_diagram_fig1_jcp2021.eps
SCFT,S_cp/S,left,1,97,0.104137931034,48.378839590444,literature reference overlay; not a BVK2 accepted root,/home/lyx/projects/dfm/Glenn_DFT_Paper01/MonteCarlo/results/jcp2021_ab_phase_diagram_digitization/jcp2021_ab_phase_boundaries.csv,/home/lyx/projects/dfm/Glenn_DFT_Paper01/references/AB_phase_diagram_fig1_jcp2021.eps
SCFT,S_cp/S,left,1,98,0.10275862069,49.189419795222,literature reference overlay; not a BVK2 accepted root,/home/lyx/projects/dfm/Glenn_DFT_Paper01/MonteCarlo/results/jcp2021_ab_phase_diagram_digitization/jcp2021_ab_phase_boundaries.csv,/home/lyx/projects/dfm/Glenn_DFT_Paper01/references/AB_phase_diagram_fig1_jcp2021.eps
SCFT,S_cp/S,left,1,99,0.101379310345,50.0,literature reference overlay; not a BVK2 accepted root,/home/lyx/projects/dfm/Glenn_DFT_Paper01/MonteCarlo/results/jcp2021_ab_phase_diagram_digitization/jcp2021_ab_phase_boundaries.csv,/home/lyx/projects/dfm/Glenn_DFT_Paper01/references/AB_phase_diagram_fig1_jcp2021.eps
SCFT,S_cp/S,right,3,0,0.76275862069,17.747440273038,literature reference overlay; not a BVK2 accepted root,/home/lyx/projects/dfm/Glenn_DFT_Paper01/MonteCarlo/results/jcp2021_ab_phase_diagram_digitization/jcp2021_ab_phase_boundaries.csv,/home/lyx/projects/dfm/Glenn_DFT_Paper01/references/AB_phase_diagram_fig1_jcp2021.eps
SCFT,S_cp/S,right,3,1,0.764137931034,17.832764505119,literature reference overlay; not a BVK2 accepted root,/home/lyx/projects/dfm/Glenn_DFT_Paper01/MonteCarlo/results/jcp2021_ab_phase_diagram_digitization/jcp2021_ab_phase_boundaries.csv,/home/lyx/projects/dfm/Glenn_DFT_Paper01/references/AB_phase_diagram_fig1_jcp2021.eps
SCFT,S_cp/S,right,3,2,0.765517241379,17.960750853242,literature reference overlay; not a BVK2 accepted root,/home/lyx/projects/dfm/Glenn_DFT_Paper01/MonteCarlo/results/jcp2021_ab_phase_diagram_digitization/jcp2021_ab_phase_boundaries.csv,/home/lyx/projects/dfm/Glenn_DFT_Paper01/references/AB_phase_diagram_fig1_jcp2021.eps
SCFT,S_cp/S,right,3,3,0.766896551724,18.046075085324,literature reference overlay; not a BVK2 accepted root,/home/lyx/projects/dfm/Glenn_DFT_Paper01/MonteCarlo/results/jcp2021_ab_phase_diagram_digitization/jcp2021_ab_phase_boundaries.csv,/home/lyx/projects/dfm/Glenn_DFT_Paper01/references/AB_phase_diagram_fig1_jcp2021.eps
SCFT,S_cp/S,right,3,4,0.768275862069,18.174061433447,literature reference overlay; not a BVK2 accepted root,/home/lyx/projects/dfm/Glenn_DFT_Paper01/MonteCarlo/results/jcp2021_ab_phase_diagram_digitization/jcp2021_ab_phase_boundaries.csv,/home/lyx/projects/dfm/Glenn_DFT_Paper01/references/AB_phase_diagram_fig1_jcp2021.eps
SCFT,S_cp/S,right,3,5,0.769655172414,18.30204778157,literature reference overlay; not a BVK2 accepted root,/home/lyx/projects/dfm/Glenn_DFT_Paper01/MonteCarlo/results/jcp2021_ab_phase_diagram_digitization/jcp2021_ab_phase_boundaries.csv,/home/lyx/projects/dfm/Glenn_DFT_Paper01/references/AB_phase_diagram_fig1_jcp2021.eps
SCFT,S_cp/S,right,3,6,0.771034482759,18.430034129693,literature reference overlay; not a BVK2 accepted root,/home/lyx/projects/dfm/Glenn_DFT_Paper01/MonteCarlo/results/jcp2021_ab_phase_diagram_digitization/jcp2021_ab_phase_boundaries.csv,/home/lyx/projects/dfm/Glenn_DFT_Paper01/references/AB_phase_diagram_fig1_jcp2021.eps
SCFT,S_cp/S,right,3,7,0.772413793103,18.515358361775,literature reference overlay; not a BVK2 accepted root,/home/lyx/projects/dfm/Glenn_DFT_Paper01/MonteCarlo/results/jcp2021_ab_phase_diagram_digitization/jcp2021_ab_phase_boundaries.csv,/home/lyx/projects/dfm/Glenn_DFT_Paper01/references/AB_phase_diagram_fig1_jcp2021.eps
SCFT,S_cp/S,right,3,8,0.773793103448,18.643344709898,literature reference overlay; not a BVK2 accepted root,/home/lyx/projects/dfm/Glenn_DFT_Paper01/MonteCarlo/results/jcp2021_ab_phase_diagram_digitization/jcp2021_ab_phase_boundaries.csv,/home/lyx/projects/dfm/Glenn_DFT_Paper01/references/AB_phase_diagram_fig1_jcp2021.eps
SCFT,S_cp/S,right,3,9,0.775172413793,18.77133105802,literature reference overlay; not a BVK2 accepted root,/home/lyx/projects/dfm/Glenn_DFT_Paper01/MonteCarlo/results/jcp2021_ab_phase_diagram_digitization/jcp2021_ab_phase_boundaries.csv,/home/lyx/projects/dfm/Glenn_DFT_Paper01/references/AB_phase_diagram_fig1_jcp2021.eps
SCFT,S_cp/S,right,3,10,0.776551724138,18.941979522184,literature reference overlay; not a BVK2 accepted root,/home/lyx/projects/dfm/Glenn_DFT_Paper01/MonteCarlo/results/jcp2021_ab_phase_diagram_digitization/jcp2021_ab_phase_boundaries.csv,/home/lyx/projects/dfm/Glenn_DFT_Paper01/references/AB_phase_diagram_fig1_jcp2021.eps
SCFT,S_cp/S,right,3,11,0.777931034483,19.069965870307,literature reference overlay; not a BVK2 accepted root,/home/lyx/projects/dfm/Glenn_DFT_Paper01/MonteCarlo/results/jcp2021_ab_phase_diagram_digitization/jcp2021_ab_phase_boundaries.csv,/home/lyx/projects/dfm/Glenn_DFT_Paper01/references/AB_phase_diagram_fig1_jcp2021.eps
SCFT,S_cp/S,right,3,12,0.779310344828,19.19795221843,literature reference overlay; not a BVK2 accepted root,/home/lyx/projects/dfm/Glenn_DFT_Paper01/MonteCarlo/results/jcp2021_ab_phase_diagram_digitization/jcp2021_ab_phase_boundaries.csv,/home/lyx/projects/dfm/Glenn_DFT_Paper01/references/AB_phase_diagram_fig1_jcp2021.eps
SCFT,S_cp/S,right,3,13,0.780689655172,19.325938566553,literature reference overlay; not a BVK2 accepted root,/home/lyx/projects/dfm/Glenn_DFT_Paper01/MonteCarlo/results/jcp2021_ab_phase_diagram_digitization/jcp2021_ab_phase_boundaries.csv,/home/lyx/projects/dfm/Glenn_DFT_Paper01/references/AB_phase_diagram_fig1_jcp2021.eps
SCFT,S_cp/S,right,3,14,0.782068965517,19.496587030717,literature reference overlay; not a BVK2 accepted root,/home/lyx/projects/dfm/Glenn_DFT_Paper01/MonteCarlo/results/jcp2021_ab_phase_diagram_digitization/jcp2021_ab_phase_boundaries.csv,/home/lyx/projects/dfm/Glenn_DFT_Paper01/references/AB_phase_diagram_fig1_jcp2021.eps
SCFT,S_cp/S,right,3,15,0.783448275862,19.62457337884,literature reference overlay; not a BVK2 accepted root,/home/lyx/projects/dfm/Glenn_DFT_Paper01/MonteCarlo/results/jcp2021_ab_phase_diagram_digitization/jcp2021_ab_phase_boundaries.csv,/home/lyx/projects/dfm/Glenn_DFT_Paper01/references/AB_phase_diagram_fig1_jcp2021.eps
SCFT,S_cp/S,right,3,16,0.784827586207,19.795221843003,literature reference overlay; not a BVK2 accepted root,/home/lyx/projects/dfm/Glenn_DFT_Paper01/MonteCarlo/results/jcp2021_ab_phase_diagram_digitization/jcp2021_ab_phase_boundaries.csv,/home/lyx/projects/dfm/Glenn_DFT_Paper01/references/AB_phase_diagram_fig1_jcp2021.eps
SCFT,S_cp/S,right,3,17,0.786206896552,19.923208191126,literature reference overlay; not a BVK2 accepted root,/home/lyx/projects/dfm/Glenn_DFT_Paper01/MonteCarlo/results/jcp2021_ab_phase_diagram_digitization/jcp2021_ab_phase_boundaries.csv,/home/lyx/projects/dfm/Glenn_DFT_Paper01/references/AB_phase_diagram_fig1_jcp2021.eps
SCFT,S_cp/S,right,3,18,0.787586206897,20.09385665529,literature reference overlay; not a BVK2 accepted root,/home/lyx/projects/dfm/Glenn_DFT_Paper01/MonteCarlo/results/jcp2021_ab_phase_diagram_digitization/jcp2021_ab_phase_boundaries.csv,/home/lyx/projects/dfm/Glenn_DFT_Paper01/references/AB_phase_diagram_fig1_jcp2021.eps
SCFT,S_cp/S,right,3,19,0.788965517241,20.264505119454,literature reference overlay; not a BVK2 accepted root,/home/lyx/projects/dfm/Glenn_DFT_Paper01/MonteCarlo/results/jcp2021_ab_phase_diagram_digitization/jcp2021_ab_phase_boundaries.csv,/home/lyx/projects/dfm/Glenn_DFT_Paper01/references/AB_phase_diagram_fig1_jcp2021.eps
SCFT,S_cp/S,right,3,20,0.790344827586,20.392491467577,literature reference overlay; not a BVK2 accepted root,/home/lyx/projects/dfm/Glenn_DFT_Paper01/MonteCarlo/results/jcp2021_ab_phase_diagram_digitization/jcp2021_ab_phase_boundaries.csv,/home/lyx/projects/dfm/Glenn_DFT_Paper01/references/AB_phase_diagram_fig1_jcp2021.eps
SCFT,S_cp/S,right,3,21,0.791724137931,20.563139931741,literature reference overlay; not a BVK2 accepted root,/home/lyx/projects/dfm/Glenn_DFT_Paper01/MonteCarlo/results/jcp2021_ab_phase_diagram_digitization/jcp2021_ab_phase_boundaries.csv,/home/lyx/projects/dfm/Glenn_DFT_Paper01/references/AB_phase_diagram_fig1_jcp2021.eps
SCFT,S_cp/S,right,3,22,0.793103448276,20.733788395904,literature reference overlay; not a BVK2 accepted root,/home/lyx/projects/dfm/Glenn_DFT_Paper01/MonteCarlo/results/jcp2021_ab_phase_diagram_digitization/jcp2021_ab_phase_boundaries.csv,/home/lyx/projects/dfm/Glenn_DFT_Paper01/references/AB_phase_diagram_fig1_jcp2021.eps
SCFT,S_cp/S,right,3,23,0.794482758621,20.904436860068,literature reference overlay; not a BVK2 accepted root,/home/lyx/projects/dfm/Glenn_DFT_Paper01/MonteCarlo/results/jcp2021_ab_phase_diagram_digitization/jcp2021_ab_phase_boundaries.csv,/home/lyx/projects/dfm/Glenn_DFT_Paper01/references/AB_phase_diagram_fig1_jcp2021.eps
SCFT,S_cp/S,right,3,24,0.795862068966,21.075085324232,literature reference overlay; not a BVK2 accepted root,/home/lyx/projects/dfm/Glenn_DFT_Paper01/MonteCarlo/results/jcp2021_ab_phase_diagram_digitization/jcp2021_ab_phase_boundaries.csv,/home/lyx/projects/dfm/Glenn_DFT_Paper01/references/AB_phase_diagram_fig1_jcp2021.eps
SCFT,S_cp/S,right,3,25,0.79724137931,21.288395904437,literature reference overlay; not a BVK2 accepted root,/home/lyx/projects/dfm/Glenn_DFT_Paper01/MonteCarlo/results/jcp2021_ab_phase_diagram_digitization/jcp2021_ab_phase_boundaries.csv,/home/lyx/projects/dfm/Glenn_DFT_Paper01/references/AB_phase_diagram_fig1_jcp2021.eps
SCFT,S_cp/S,right,3,26,0.798620689655,21.459044368601,literature reference overlay; not a BVK2 accepted root,/home/lyx/projects/dfm/Glenn_DFT_Paper01/MonteCarlo/results/jcp2021_ab_phase_diagram_digitization/jcp2021_ab_phase_boundaries.csv,/home/lyx/projects/dfm/Glenn_DFT_Paper01/references/AB_phase_diagram_fig1_jcp2021.eps
SCFT,S_cp/S,right,3,27,0.8,21.629692832765,literature reference overlay; not a BVK2 accepted root,/home/lyx/projects/dfm/Glenn_DFT_Paper01/MonteCarlo/results/jcp2021_ab_phase_diagram_digitization/jcp2021_ab_phase_boundaries.csv,/home/lyx/projects/dfm/Glenn_DFT_Paper01/references/AB_phase_diagram_fig1_jcp2021.eps
SCFT,S_cp/S,right,3,28,0.801379310345,21.843003412969,literature reference overlay; not a BVK2 accepted root,/home/lyx/projects/dfm/Glenn_DFT_Paper01/MonteCarlo/results/jcp2021_ab_phase_diagram_digitization/jcp2021_ab_phase_boundaries.csv,/home/lyx/projects/dfm/Glenn_DFT_Paper01/references/AB_phase_diagram_fig1_jcp2021.eps
SCFT,S_cp/S,right,3,29,0.80275862069,22.013651877133,literature reference overlay; not a BVK2 accepted root,/home/lyx/projects/dfm/Glenn_DFT_Paper01/MonteCarlo/results/jcp2021_ab_phase_diagram_digitization/jcp2021_ab_phase_boundaries.csv,/home/lyx/projects/dfm/Glenn_DFT_Paper01/references/AB_phase_diagram_fig1_jcp2021.eps
SCFT,S_cp/S,right,3,30,0.804137931034,22.226962457338,literature reference overlay; not a BVK2 accepted root,/home/lyx/projects/dfm/Glenn_DFT_Paper01/MonteCarlo/results/jcp2021_ab_phase_diagram_digitization/jcp2021_ab_phase_boundaries.csv,/home/lyx/projects/dfm/Glenn_DFT_Paper01/references/AB_phase_diagram_fig1_jcp2021.eps
SCFT,S_cp/S,right,3,31,0.805517241379,22.397610921502,literature reference overlay; not a BVK2 accepted root,/home/lyx/projects/dfm/Glenn_DFT_Paper01/MonteCarlo/results/jcp2021_ab_phase_diagram_digitization/jcp2021_ab_phase_boundaries.csv,/home/lyx/projects/dfm/Glenn_DFT_Paper01/references/AB_phase_diagram_fig1_jcp2021.eps
SCFT,S_cp/S,right,3,32,0.806896551724,22.610921501706,literature reference overlay; not a BVK2 accepted root,/home/lyx/projects/dfm/Glenn_DFT_Paper01/MonteCarlo/results/jcp2021_ab_phase_diagram_digitization/jcp2021_ab_phase_boundaries.csv,/home/lyx/projects/dfm/Glenn_DFT_Paper01/references/AB_phase_diagram_fig1_jcp2021.eps
SCFT,S_cp/S,right,3,33,0.808275862069,22.824232081911,literature reference overlay; not a BVK2 accepted root,/home/lyx/projects/dfm/Glenn_DFT_Paper01/MonteCarlo/results/jcp2021_ab_phase_diagram_digitization/jcp2021_ab_phase_boundaries.csv,/home/lyx/projects/dfm/Glenn_DFT_Paper01/references/AB_phase_diagram_fig1_jcp2021.eps
SCFT,S_cp/S,right,3,34,0.809655172414,23.037542662116,literature reference overlay; not a BVK2 accepted root,/home/lyx/projects/dfm/Glenn_DFT_Paper01/MonteCarlo/results/jcp2021_ab_phase_diagram_digitization/jcp2021_ab_phase_boundaries.csv,/home/lyx/projects/dfm/Glenn_DFT_Paper01/references/AB_phase_diagram_fig1_jcp2021.eps
SCFT,S_cp/S,right,3,35,0.811034482759,23.250853242321,literature reference overlay; not a BVK2 accepted root,/home/lyx/projects/dfm/Glenn_DFT_Paper01/MonteCarlo/results/jcp2021_ab_phase_diagram_digitization/jcp2021_ab_phase_boundaries.csv,/home/lyx/projects/dfm/Glenn_DFT_Paper01/references/AB_phase_diagram_fig1_jcp2021.eps
SCFT,S_cp/S,right,3,36,0.812413793103,23.464163822526,literature reference overlay; not a BVK2 accepted root,/home/lyx/projects/dfm/Glenn_DFT_Paper01/MonteCarlo/results/jcp2021_ab_phase_diagram_digitization/jcp2021_ab_phase_boundaries.csv,/home/lyx/projects/dfm/Glenn_DFT_Paper01/references/AB_phase_diagram_fig1_jcp2021.eps
SCFT,S_cp/S,right,3,37,0.813793103448,23.67747440273,literature reference overlay; not a BVK2 accepted root,/home/lyx/projects/dfm/Glenn_DFT_Paper01/MonteCarlo/results/jcp2021_ab_phase_diagram_digitization/jcp2021_ab_phase_boundaries.csv,/home/lyx/projects/dfm/Glenn_DFT_Paper01/references/AB_phase_diagram_fig1_jcp2021.eps
SCFT,S_cp/S,right,3,38,0.815172413793,23.890784982935,literature reference overlay; not a BVK2 accepted root,/home/lyx/projects/dfm/Glenn_DFT_Paper01/MonteCarlo/results/jcp2021_ab_phase_diagram_digitization/jcp2021_ab_phase_boundaries.csv,/home/lyx/projects/dfm/Glenn_DFT_Paper01/references/AB_phase_diagram_fig1_jcp2021.eps
SCFT,S_cp/S,right,3,39,0.816551724138,24.10409556314,literature reference overlay; not a BVK2 accepted root,/home/lyx/projects/dfm/Glenn_DFT_Paper01/MonteCarlo/results/jcp2021_ab_phase_diagram_digitization/jcp2021_ab_phase_boundaries.csv,/home/lyx/projects/dfm/Glenn_DFT_Paper01/references/AB_phase_diagram_fig1_jcp2021.eps
SCFT,S_cp/S,right,3,40,0.817931034483,24.317406143345,literature reference overlay; not a BVK2 accepted root,/home/lyx/projects/dfm/Glenn_DFT_Paper01/MonteCarlo/results/jcp2021_ab_phase_diagram_digitization/jcp2021_ab_phase_boundaries.csv,/home/lyx/projects/dfm/Glenn_DFT_Paper01/references/AB_phase_diagram_fig1_jcp2021.eps
SCFT,S_cp/S,right,3,41,0.819310344828,24.57337883959,literature reference overlay; not a BVK2 accepted root,/home/lyx/projects/dfm/Glenn_DFT_Paper01/MonteCarlo/results/jcp2021_ab_phase_diagram_digitization/jcp2021_ab_phase_boundaries.csv,/home/lyx/projects/dfm/Glenn_DFT_Paper01/references/AB_phase_diagram_fig1_jcp2021.eps
SCFT,S_cp/S,right,3,42,0.820689655172,24.786689419795,literature reference overlay; not a BVK2 accepted root,/home/lyx/projects/dfm/Glenn_DFT_Paper01/MonteCarlo/results/jcp2021_ab_phase_diagram_digitization/jcp2021_ab_phase_boundaries.csv,/home/lyx/projects/dfm/Glenn_DFT_Paper01/references/AB_phase_diagram_fig1_jcp2021.eps
SCFT,S_cp/S,right,3,43,0.822068965517,25.042662116041,literature reference overlay; not a BVK2 accepted root,/home/lyx/projects/dfm/Glenn_DFT_Paper01/MonteCarlo/results/jcp2021_ab_phase_diagram_digitization/jcp2021_ab_phase_boundaries.csv,/home/lyx/projects/dfm/Glenn_DFT_Paper01/references/AB_phase_diagram_fig1_jcp2021.eps
SCFT,S_cp/S,right,3,44,0.823448275862,25.298634812287,literature reference overlay; not a BVK2 accepted root,/home/lyx/projects/dfm/Glenn_DFT_Paper01/MonteCarlo/results/jcp2021_ab_phase_diagram_digitization/jcp2021_ab_phase_boundaries.csv,/home/lyx/projects/dfm/Glenn_DFT_Paper01/references/AB_phase_diagram_fig1_jcp2021.eps
SCFT,S_cp/S,right,3,45,0.824827586207,25.511945392491,literature reference overlay; not a BVK2 accepted root,/home/lyx/projects/dfm/Glenn_DFT_Paper01/MonteCarlo/results/jcp2021_ab_phase_diagram_digitization/jcp2021_ab_phase_boundaries.csv,/home/lyx/projects/dfm/Glenn_DFT_Paper01/references/AB_phase_diagram_fig1_jcp2021.eps
SCFT,S_cp/S,right,3,46,0.826206896552,25.767918088737,literature reference overlay; not a BVK2 accepted root,/home/lyx/projects/dfm/Glenn_DFT_Paper01/MonteCarlo/results/jcp2021_ab_phase_diagram_digitization/jcp2021_ab_phase_boundaries.csv,/home/lyx/projects/dfm/Glenn_DFT_Paper01/references/AB_phase_diagram_fig1_jcp2021.eps
SCFT,S_cp/S,right,3,47,0.827586206897,26.023890784983,literature reference overlay; not a BVK2 accepted root,/home/lyx/projects/dfm/Glenn_DFT_Paper01/MonteCarlo/results/jcp2021_ab_phase_diagram_digitization/jcp2021_ab_phase_boundaries.csv,/home/lyx/projects/dfm/Glenn_DFT_Paper01/references/AB_phase_diagram_fig1_jcp2021.eps
SCFT,S_cp/S,right,3,48,0.828965517241,26.279863481229,literature reference overlay; not a BVK2 accepted root,/home/lyx/projects/dfm/Glenn_DFT_Paper01/MonteCarlo/results/jcp2021_ab_phase_diagram_digitization/jcp2021_ab_phase_boundaries.csv,/home/lyx/projects/dfm/Glenn_DFT_Paper01/references/AB_phase_diagram_fig1_jcp2021.eps
SCFT,S_cp/S,right,3,49,0.830344827586,26.578498293515,literature reference overlay; not a BVK2 accepted root,/home/lyx/projects/dfm/Glenn_DFT_Paper01/MonteCarlo/results/jcp2021_ab_phase_diagram_digitization/jcp2021_ab_phase_boundaries.csv,/home/lyx/projects/dfm/Glenn_DFT_Paper01/references/AB_phase_diagram_fig1_jcp2021.eps
SCFT,S_cp/S,right,3,50,0.831724137931,26.834470989761,literature reference overlay; not a BVK2 accepted root,/home/lyx/projects/dfm/Glenn_DFT_Paper01/MonteCarlo/results/jcp2021_ab_phase_diagram_digitization/jcp2021_ab_phase_boundaries.csv,/home/lyx/projects/dfm/Glenn_DFT_Paper01/references/AB_phase_diagram_fig1_jcp2021.eps
SCFT,S_cp/S,right,3,51,0.833103448276,27.090443686007,literature reference overlay; not a BVK2 accepted root,/home/lyx/projects/dfm/Glenn_DFT_Paper01/MonteCarlo/results/jcp2021_ab_phase_diagram_digitization/jcp2021_ab_phase_boundaries.csv,/home/lyx/projects/dfm/Glenn_DFT_Paper01/references/AB_phase_diagram_fig1_jcp2021.eps
SCFT,S_cp/S,right,3,52,0.834482758621,27.389078498294,literature reference overlay; not a BVK2 accepted root,/home/lyx/projects/dfm/Glenn_DFT_Paper01/MonteCarlo/results/jcp2021_ab_phase_diagram_digitization/jcp2021_ab_phase_boundaries.csv,/home/lyx/projects/dfm/Glenn_DFT_Paper01/references/AB_phase_diagram_fig1_jcp2021.eps
SCFT,S_cp/S,right,3,53,0.835862068966,27.645051194539,literature reference overlay; not a BVK2 accepted root,/home/lyx/projects/dfm/Glenn_DFT_Paper01/MonteCarlo/results/jcp2021_ab_phase_diagram_digitization/jcp2021_ab_phase_boundaries.csv,/home/lyx/projects/dfm/Glenn_DFT_Paper01/references/AB_phase_diagram_fig1_jcp2021.eps
SCFT,S_cp/S,right,3,54,0.83724137931,27.943686006826,literature reference overlay; not a BVK2 accepted root,/home/lyx/projects/dfm/Glenn_DFT_Paper01/MonteCarlo/results/jcp2021_ab_phase_diagram_digitization/jcp2021_ab_phase_boundaries.csv,/home/lyx/projects/dfm/Glenn_DFT_Paper01/references/AB_phase_diagram_fig1_jcp2021.eps
SCFT,S_cp/S,right,3,55,0.838620689655,28.242320819113,literature reference overlay; not a BVK2 accepted root,/home/lyx/projects/dfm/Glenn_DFT_Paper01/MonteCarlo/results/jcp2021_ab_phase_diagram_digitization/jcp2021_ab_phase_boundaries.csv,/home/lyx/projects/dfm/Glenn_DFT_Paper01/references/AB_phase_diagram_fig1_jcp2021.eps
SCFT,S_cp/S,right,3,56,0.84,28.540955631399,literature reference overlay; not a BVK2 accepted root,/home/lyx/projects/dfm/Glenn_DFT_Paper01/MonteCarlo/results/jcp2021_ab_phase_diagram_digitization/jcp2021_ab_phase_boundaries.csv,/home/lyx/projects/dfm/Glenn_DFT_Paper01/references/AB_phase_diagram_fig1_jcp2021.eps
SCFT,S_cp/S,right,3,57,0.841379310345,28.839590443686,literature reference overlay; not a BVK2 accepted root,/home/lyx/projects/dfm/Glenn_DFT_Paper01/MonteCarlo/results/jcp2021_ab_phase_diagram_digitization/jcp2021_ab_phase_boundaries.csv,/home/lyx/projects/dfm/Glenn_DFT_Paper01/references/AB_phase_diagram_fig1_jcp2021.eps
SCFT,S_cp/S,right,3,58,0.84275862069,29.180887372014,literature reference overlay; not a BVK2 accepted root,/home/lyx/projects/dfm/Glenn_DFT_Paper01/MonteCarlo/results/jcp2021_ab_phase_diagram_digitization/jcp2021_ab_phase_boundaries.csv,/home/lyx/projects/dfm/Glenn_DFT_Paper01/references/AB_phase_diagram_fig1_jcp2021.eps
SCFT,S_cp/S,right,3,59,0.844137931034,29.4795221843,literature reference overlay; not a BVK2 accepted root,/home/lyx/projects/dfm/Glenn_DFT_Paper01/MonteCarlo/results/jcp2021_ab_phase_diagram_digitization/jcp2021_ab_phase_boundaries.csv,/home/lyx/projects/dfm/Glenn_DFT_Paper01/references/AB_phase_diagram_fig1_jcp2021.eps
SCFT,S_cp/S,right,3,60,0.845517241379,29.778156996587,literature reference overlay; not a BVK2 accepted root,/home/lyx/projects/dfm/Glenn_DFT_Paper01/MonteCarlo/results/jcp2021_ab_phase_diagram_digitization/jcp2021_ab_phase_boundaries.csv,/home/lyx/projects/dfm/Glenn_DFT_Paper01/references/AB_phase_diagram_fig1_jcp2021.eps
SCFT,S_cp/S,right,3,61,0.846896551724,30.119453924915,literature reference overlay; not a BVK2 accepted root,/home/lyx/projects/dfm/Glenn_DFT_Paper01/MonteCarlo/results/jcp2021_ab_phase_diagram_digitization/jcp2021_ab_phase_boundaries.csv,/home/lyx/projects/dfm/Glenn_DFT_Paper01/references/AB_phase_diagram_fig1_jcp2021.eps
SCFT,S_cp/S,right,3,62,0.848275862069,30.460750853242,literature reference overlay; not a BVK2 accepted root,/home/lyx/projects/dfm/Glenn_DFT_Paper01/MonteCarlo/results/jcp2021_ab_phase_diagram_digitization/jcp2021_ab_phase_boundaries.csv,/home/lyx/projects/dfm/Glenn_DFT_Paper01/references/AB_phase_diagram_fig1_jcp2021.eps
SCFT,S_cp/S,right,3,63,0.849655172414,30.80204778157,literature reference overlay; not a BVK2 accepted root,/home/lyx/projects/dfm/Glenn_DFT_Paper01/MonteCarlo/results/jcp2021_ab_phase_diagram_digitization/jcp2021_ab_phase_boundaries.csv,/home/lyx/projects/dfm/Glenn_DFT_Paper01/references/AB_phase_diagram_fig1_jcp2021.eps
SCFT,S_cp/S,right,3,64,0.851034482759,31.143344709898,literature reference overlay; not a BVK2 accepted root,/home/lyx/projects/dfm/Glenn_DFT_Paper01/MonteCarlo/results/jcp2021_ab_phase_diagram_digitization/jcp2021_ab_phase_boundaries.csv,/home/lyx/projects/dfm/Glenn_DFT_Paper01/references/AB_phase_diagram_fig1_jcp2021.eps
SCFT,S_cp/S,right,3,65,0.852413793103,31.484641638225,literature reference overlay; not a BVK2 accepted root,/home/lyx/projects/dfm/Glenn_DFT_Paper01/MonteCarlo/results/jcp2021_ab_phase_diagram_digitization/jcp2021_ab_phase_boundaries.csv,/home/lyx/projects/dfm/Glenn_DFT_Paper01/references/AB_phase_diagram_fig1_jcp2021.eps
SCFT,S_cp/S,right,3,66,0.853793103448,31.868600682594,literature reference overlay; not a BVK2 accepted root,/home/lyx/projects/dfm/Glenn_DFT_Paper01/MonteCarlo/results/jcp2021_ab_phase_diagram_digitization/jcp2021_ab_phase_boundaries.csv,/home/lyx/projects/dfm/Glenn_DFT_Paper01/references/AB_phase_diagram_fig1_jcp2021.eps
SCFT,S_cp/S,right,3,67,0.855172413793,32.252559726962,literature reference overlay; not a BVK2 accepted root,/home/lyx/projects/dfm/Glenn_DFT_Paper01/MonteCarlo/results/jcp2021_ab_phase_diagram_digitization/jcp2021_ab_phase_boundaries.csv,/home/lyx/projects/dfm/Glenn_DFT_Paper01/references/AB_phase_diagram_fig1_jcp2021.eps
SCFT,S_cp/S,right,3,68,0.856551724138,32.59385665529,literature reference overlay; not a BVK2 accepted root,/home/lyx/projects/dfm/Glenn_DFT_Paper01/MonteCarlo/results/jcp2021_ab_phase_diagram_digitization/jcp2021_ab_phase_boundaries.csv,/home/lyx/projects/dfm/Glenn_DFT_Paper01/references/AB_phase_diagram_fig1_jcp2021.eps
SCFT,S_cp/S,right,3,69,0.857931034483,32.977815699659,literature reference overlay; not a BVK2 accepted root,/home/lyx/projects/dfm/Glenn_DFT_Paper01/MonteCarlo/results/jcp2021_ab_phase_diagram_digitization/jcp2021_ab_phase_boundaries.csv,/home/lyx/projects/dfm/Glenn_DFT_Paper01/references/AB_phase_diagram_fig1_jcp2021.eps
SCFT,S_cp/S,right,3,70,0.859310344828,33.404436860068,literature reference overlay; not a BVK2 accepted root,/home/lyx/projects/dfm/Glenn_DFT_Paper01/MonteCarlo/results/jcp2021_ab_phase_diagram_digitization/jcp2021_ab_phase_boundaries.csv,/home/lyx/projects/dfm/Glenn_DFT_Paper01/references/AB_phase_diagram_fig1_jcp2021.eps
SCFT,S_cp/S,right,3,71,0.860689655172,33.788395904437,literature reference overlay; not a BVK2 accepted root,/home/lyx/projects/dfm/Glenn_DFT_Paper01/MonteCarlo/results/jcp2021_ab_phase_diagram_digitization/jcp2021_ab_phase_boundaries.csv,/home/lyx/projects/dfm/Glenn_DFT_Paper01/references/AB_phase_diagram_fig1_jcp2021.eps
SCFT,S_cp/S,right,3,72,0.862068965517,34.172354948805,literature reference overlay; not a BVK2 accepted root,/home/lyx/projects/dfm/Glenn_DFT_Paper01/MonteCarlo/results/jcp2021_ab_phase_diagram_digitization/jcp2021_ab_phase_boundaries.csv,/home/lyx/projects/dfm/Glenn_DFT_Paper01/references/AB_phase_diagram_fig1_jcp2021.eps
SCFT,S_cp/S,right,3,73,0.863448275862,34.598976109215,literature reference overlay; not a BVK2 accepted root,/home/lyx/projects/dfm/Glenn_DFT_Paper01/MonteCarlo/results/jcp2021_ab_phase_diagram_digitization/jcp2021_ab_phase_boundaries.csv,/home/lyx/projects/dfm/Glenn_DFT_Paper01/references/AB_phase_diagram_fig1_jcp2021.eps
SCFT,S_cp/S,right,3,74,0.864827586207,35.025597269625,literature reference overlay; not a BVK2 accepted root,/home/lyx/projects/dfm/Glenn_DFT_Paper01/MonteCarlo/results/jcp2021_ab_phase_diagram_digitization/jcp2021_ab_phase_boundaries.csv,/home/lyx/projects/dfm/Glenn_DFT_Paper01/references/AB_phase_diagram_fig1_jcp2021.eps
SCFT,S_cp/S,right,3,75,0.866206896552,35.452218430034,literature reference overlay; not a BVK2 accepted root,/home/lyx/projects/dfm/Glenn_DFT_Paper01/MonteCarlo/results/jcp2021_ab_phase_diagram_digitization/jcp2021_ab_phase_boundaries.csv,/home/lyx/projects/dfm/Glenn_DFT_Paper01/references/AB_phase_diagram_fig1_jcp2021.eps
SCFT,S_cp/S,right,3,76,0.867586206897,35.921501706485,literature reference overlay; not a BVK2 accepted root,/home/lyx/projects/dfm/Glenn_DFT_Paper01/MonteCarlo/results/jcp2021_ab_phase_diagram_digitization/jcp2021_ab_phase_boundaries.csv,/home/lyx/projects/dfm/Glenn_DFT_Paper01/references/AB_phase_diagram_fig1_jcp2021.eps
SCFT,S_cp/S,right,3,77,0.868965517241,36.348122866894,literature reference overlay; not a BVK2 accepted root,/home/lyx/projects/dfm/Glenn_DFT_Paper01/MonteCarlo/results/jcp2021_ab_phase_diagram_digitization/jcp2021_ab_phase_boundaries.csv,/home/lyx/projects/dfm/Glenn_DFT_Paper01/references/AB_phase_diagram_fig1_jcp2021.eps
SCFT,S_cp/S,right,3,78,0.870344827586,36.817406143345,literature reference overlay; not a BVK2 accepted root,/home/lyx/projects/dfm/Glenn_DFT_Paper01/MonteCarlo/results/jcp2021_ab_phase_diagram_digitization/jcp2021_ab_phase_boundaries.csv,/home/lyx/projects/dfm/Glenn_DFT_Paper01/references/AB_phase_diagram_fig1_jcp2021.eps
SCFT,S_cp/S,right,3,79,0.871724137931,37.286689419795,literature reference overlay; not a BVK2 accepted root,/home/lyx/projects/dfm/Glenn_DFT_Paper01/MonteCarlo/results/jcp2021_ab_phase_diagram_digitization/jcp2021_ab_phase_boundaries.csv,/home/lyx/projects/dfm/Glenn_DFT_Paper01/references/AB_phase_diagram_fig1_jcp2021.eps
SCFT,S_cp/S,right,3,80,0.873103448276,37.798634812287,literature reference overlay; not a BVK2 accepted root,/home/lyx/projects/dfm/Glenn_DFT_Paper01/MonteCarlo/results/jcp2021_ab_phase_diagram_digitization/jcp2021_ab_phase_boundaries.csv,/home/lyx/projects/dfm/Glenn_DFT_Paper01/references/AB_phase_diagram_fig1_jcp2021.eps
SCFT,S_cp/S,right,3,81,0.874482758621,38.267918088737,literature reference overlay; not a BVK2 accepted root,/home/lyx/projects/dfm/Glenn_DFT_Paper01/MonteCarlo/results/jcp2021_ab_phase_diagram_digitization/jcp2021_ab_phase_boundaries.csv,/home/lyx/projects/dfm/Glenn_DFT_Paper01/references/AB_phase_diagram_fig1_jcp2021.eps
SCFT,S_cp/S,right,3,82,0.875862068966,38.779863481229,literature reference overlay; not a BVK2 accepted root,/home/lyx/projects/dfm/Glenn_DFT_Paper01/MonteCarlo/results/jcp2021_ab_phase_diagram_digitization/jcp2021_ab_phase_boundaries.csv,/home/lyx/projects/dfm/Glenn_DFT_Paper01/references/AB_phase_diagram_fig1_jcp2021.eps
SCFT,S_cp/S,right,3,83,0.87724137931,39.334470989761,literature reference overlay; not a BVK2 accepted root,/home/lyx/projects/dfm/Glenn_DFT_Paper01/MonteCarlo/results/jcp2021_ab_phase_diagram_digitization/jcp2021_ab_phase_boundaries.csv,/home/lyx/projects/dfm/Glenn_DFT_Paper01/references/AB_phase_diagram_fig1_jcp2021.eps
SCFT,S_cp/S,right,3,84,0.878620689655,39.846416382253,literature reference overlay; not a BVK2 accepted root,/home/lyx/projects/dfm/Glenn_DFT_Paper01/MonteCarlo/results/jcp2021_ab_phase_diagram_digitization/jcp2021_ab_phase_boundaries.csv,/home/lyx/projects/dfm/Glenn_DFT_Paper01/references/AB_phase_diagram_fig1_jcp2021.eps
SCFT,S_cp/S,right,3,85,0.879310344828,40.401023890785,literature reference overlay; not a BVK2 accepted root,/home/lyx/projects/dfm/Glenn_DFT_Paper01/MonteCarlo/results/jcp2021_ab_phase_diagram_digitization/jcp2021_ab_phase_boundaries.csv,/home/lyx/projects/dfm/Glenn_DFT_Paper01/references/AB_phase_diagram_fig1_jcp2021.eps
SCFT,S_cp/S,right,3,86,0.880689655172,40.998293515358,literature reference overlay; not a BVK2 accepted root,/home/lyx/projects/dfm/Glenn_DFT_Paper01/MonteCarlo/results/jcp2021_ab_phase_diagram_digitization/jcp2021_ab_phase_boundaries.csv,/home/lyx/projects/dfm/Glenn_DFT_Paper01/references/AB_phase_diagram_fig1_jcp2021.eps
SCFT,S_cp/S,right,3,87,0.882068965517,41.552901023891,literature reference overlay; not a BVK2 accepted root,/home/lyx/projects/dfm/Glenn_DFT_Paper01/MonteCarlo/results/jcp2021_ab_phase_diagram_digitization/jcp2021_ab_phase_boundaries.csv,/home/lyx/projects/dfm/Glenn_DFT_Paper01/references/AB_phase_diagram_fig1_jcp2021.eps
SCFT,S_cp/S,right,3,88,0.883448275862,42.150170648464,literature reference overlay; not a BVK2 accepted root,/home/lyx/projects/dfm/Glenn_DFT_Paper01/MonteCarlo/results/jcp2021_ab_phase_diagram_digitization/jcp2021_ab_phase_boundaries.csv,/home/lyx/projects/dfm/Glenn_DFT_Paper01/references/AB_phase_diagram_fig1_jcp2021.eps
SCFT,S_cp/S,right,3,89,0.884827586207,42.790102389078,literature reference overlay; not a BVK2 accepted root,/home/lyx/projects/dfm/Glenn_DFT_Paper01/MonteCarlo/results/jcp2021_ab_phase_diagram_digitization/jcp2021_ab_phase_boundaries.csv,/home/lyx/projects/dfm/Glenn_DFT_Paper01/references/AB_phase_diagram_fig1_jcp2021.eps
SCFT,S_cp/S,right,3,90,0.886206896552,43.430034129693,literature reference overlay; not a BVK2 accepted root,/home/lyx/projects/dfm/Glenn_DFT_Paper01/MonteCarlo/results/jcp2021_ab_phase_diagram_digitization/jcp2021_ab_phase_boundaries.csv,/home/lyx/projects/dfm/Glenn_DFT_Paper01/references/AB_phase_diagram_fig1_jcp2021.eps
SCFT,S_cp/S,right,3,91,0.887586206897,44.069965870307,literature reference overlay; not a BVK2 accepted root,/home/lyx/projects/dfm/Glenn_DFT_Paper01/MonteCarlo/results/jcp2021_ab_phase_diagram_digitization/jcp2021_ab_phase_boundaries.csv,/home/lyx/projects/dfm/Glenn_DFT_Paper01/references/AB_phase_diagram_fig1_jcp2021.eps
SCFT,S_cp/S,right,3,92,0.888965517241,44.752559726962,literature reference overlay; not a BVK2 accepted root,/home/lyx/projects/dfm/Glenn_DFT_Paper01/MonteCarlo/results/jcp2021_ab_phase_diagram_digitization/jcp2021_ab_phase_boundaries.csv,/home/lyx/projects/dfm/Glenn_DFT_Paper01/references/AB_phase_diagram_fig1_jcp2021.eps
SCFT,S_cp/S,right,3,93,0.890344827586,45.435153583618,literature reference overlay; not a BVK2 accepted root,/home/lyx/projects/dfm/Glenn_DFT_Paper01/MonteCarlo/results/jcp2021_ab_phase_diagram_digitization/jcp2021_ab_phase_boundaries.csv,/home/lyx/projects/dfm/Glenn_DFT_Paper01/references/AB_phase_diagram_fig1_jcp2021.eps
SCFT,S_cp/S,right,3,94,0.891724137931,46.117747440273,literature reference overlay; not a BVK2 accepted root,/home/lyx/projects/dfm/Glenn_DFT_Paper01/MonteCarlo/results/jcp2021_ab_phase_diagram_digitization/jcp2021_ab_phase_boundaries.csv,/home/lyx/projects/dfm/Glenn_DFT_Paper01/references/AB_phase_diagram_fig1_jcp2021.eps
SCFT,S_cp/S,right,3,95,0.893103448276,46.843003412969,literature reference overlay; not a BVK2 accepted root,/home/lyx/projects/dfm/Glenn_DFT_Paper01/MonteCarlo/results/jcp2021_ab_phase_diagram_digitization/jcp2021_ab_phase_boundaries.csv,/home/lyx/projects/dfm/Glenn_DFT_Paper01/references/AB_phase_diagram_fig1_jcp2021.eps
SCFT,S_cp/S,right,3,96,0.894482758621,47.610921501706,literature reference overlay; not a BVK2 accepted root,/home/lyx/projects/dfm/Glenn_DFT_Paper01/MonteCarlo/results/jcp2021_ab_phase_diagram_digitization/jcp2021_ab_phase_boundaries.csv,/home/lyx/projects/dfm/Glenn_DFT_Paper01/references/AB_phase_diagram_fig1_jcp2021.eps
SCFT,S_cp/S,right,3,97,0.895862068966,48.378839590444,literature reference overlay; not a BVK2 accepted root,/home/lyx/projects/dfm/Glenn_DFT_Paper01/MonteCarlo/results/jcp2021_ab_phase_diagram_digitization/jcp2021_ab_phase_boundaries.csv,/home/lyx/projects/dfm/Glenn_DFT_Paper01/references/AB_phase_diagram_fig1_jcp2021.eps
SCFT,S_cp/S,right,3,98,0.89724137931,49.189419795222,literature reference overlay; not a BVK2 accepted root,/home/lyx/projects/dfm/Glenn_DFT_Paper01/MonteCarlo/results/jcp2021_ab_phase_diagram_digitization/jcp2021_ab_phase_boundaries.csv,/home/lyx/projects/dfm/Glenn_DFT_Paper01/references/AB_phase_diagram_fig1_jcp2021.eps
SCFT,S_cp/S,right,3,99,0.898620689655,50.0,literature reference overlay; not a BVK2 accepted root,/home/lyx/projects/dfm/Glenn_DFT_Paper01/MonteCarlo/results/jcp2021_ab_phase_diagram_digitization/jcp2021_ab_phase_boundaries.csv,/home/lyx/projects/dfm/Glenn_DFT_Paper01/references/AB_phase_diagram_fig1_jcp2021.eps
SCFT,DIS/S,left,2,0,0.5,10.537542662116,literature reference overlay; not a BVK2 accepted root,/home/lyx/projects/dfm/Glenn_DFT_Paper01/MonteCarlo/results/jcp2021_ab_phase_diagram_digitization/jcp2021_ab_phase_boundaries.csv,/home/lyx/projects/dfm/Glenn_DFT_Paper01/references/AB_phase_diagram_fig1_jcp2021.eps
SCFT,DIS/S,left,2,1,0.49724137931,10.537542662116,literature reference overlay; not a BVK2 accepted root,/home/lyx/projects/dfm/Glenn_DFT_Paper01/MonteCarlo/results/jcp2021_ab_phase_diagram_digitization/jcp2021_ab_phase_boundaries.csv,/home/lyx/projects/dfm/Glenn_DFT_Paper01/references/AB_phase_diagram_fig1_jcp2021.eps
SCFT,DIS/S,left,2,2,0.491724137931,10.537542662116,literature reference overlay; not a BVK2 accepted root,/home/lyx/projects/dfm/Glenn_DFT_Paper01/MonteCarlo/results/jcp2021_ab_phase_diagram_digitization/jcp2021_ab_phase_boundaries.csv,/home/lyx/projects/dfm/Glenn_DFT_Paper01/references/AB_phase_diagram_fig1_jcp2021.eps
SCFT,DIS/S,left,2,3,0.486896551724,10.537542662116,literature reference overlay; not a BVK2 accepted root,/home/lyx/projects/dfm/Glenn_DFT_Paper01/MonteCarlo/results/jcp2021_ab_phase_diagram_digitization/jcp2021_ab_phase_boundaries.csv,/home/lyx/projects/dfm/Glenn_DFT_Paper01/references/AB_phase_diagram_fig1_jcp2021.eps
SCFT,DIS/S,left,2,4,0.481379310345,10.537542662116,literature reference overlay; not a BVK2 accepted root,/home/lyx/projects/dfm/Glenn_DFT_Paper01/MonteCarlo/results/jcp2021_ab_phase_diagram_digitization/jcp2021_ab_phase_boundaries.csv,/home/lyx/projects/dfm/Glenn_DFT_Paper01/references/AB_phase_diagram_fig1_jcp2021.eps
SCFT,DIS/S,left,2,5,0.475862068966,10.580204778157,literature reference overlay; not a BVK2 accepted root,/home/lyx/projects/dfm/Glenn_DFT_Paper01/MonteCarlo/results/jcp2021_ab_phase_diagram_digitization/jcp2021_ab_phase_boundaries.csv,/home/lyx/projects/dfm/Glenn_DFT_Paper01/references/AB_phase_diagram_fig1_jcp2021.eps
SCFT,DIS/S,left,2,6,0.471034482759,10.580204778157,literature reference overlay; not a BVK2 accepted root,/home/lyx/projects/dfm/Glenn_DFT_Paper01/MonteCarlo/results/jcp2021_ab_phase_diagram_digitization/jcp2021_ab_phase_boundaries.csv,/home/lyx/projects/dfm/Glenn_DFT_Paper01/references/AB_phase_diagram_fig1_jcp2021.eps
SCFT,DIS/S,left,2,7,0.465517241379,10.622866894198,literature reference overlay; not a BVK2 accepted root,/home/lyx/projects/dfm/Glenn_DFT_Paper01/MonteCarlo/results/jcp2021_ab_phase_diagram_digitization/jcp2021_ab_phase_boundaries.csv,/home/lyx/projects/dfm/Glenn_DFT_Paper01/references/AB_phase_diagram_fig1_jcp2021.eps
SCFT,DIS/S,left,2,8,0.46,10.622866894198,literature reference overlay; not a BVK2 accepted root,/home/lyx/projects/dfm/Glenn_DFT_Paper01/MonteCarlo/results/jcp2021_ab_phase_diagram_digitization/jcp2021_ab_phase_boundaries.csv,/home/lyx/projects/dfm/Glenn_DFT_Paper01/references/AB_phase_diagram_fig1_jcp2021.eps
SCFT,DIS/S,left,2,9,0.455172413793,10.665529010239,literature reference overlay; not a BVK2 accepted root,/home/lyx/projects/dfm/Glenn_DFT_Paper01/MonteCarlo/results/jcp2021_ab_phase_diagram_digitization/jcp2021_ab_phase_boundaries.csv,/home/lyx/projects/dfm/Glenn_DFT_Paper01/references/AB_phase_diagram_fig1_jcp2021.eps
SCFT,DIS/S,left,2,10,0.449655172414,10.70819112628,literature reference overlay; not a BVK2 accepted root,/home/lyx/projects/dfm/Glenn_DFT_Paper01/MonteCarlo/results/jcp2021_ab_phase_diagram_digitization/jcp2021_ab_phase_boundaries.csv,/home/lyx/projects/dfm/Glenn_DFT_Paper01/references/AB_phase_diagram_fig1_jcp2021.eps
SCFT,DIS/S,left,2,11,0.444137931034,10.750853242321,literature reference overlay; not a BVK2 accepted root,/home/lyx/projects/dfm/Glenn_DFT_Paper01/MonteCarlo/results/jcp2021_ab_phase_diagram_digitization/jcp2021_ab_phase_boundaries.csv,/home/lyx/projects/dfm/Glenn_DFT_Paper01/references/AB_phase_diagram_fig1_jcp2021.eps
SCFT,DIS/S,left,2,12,0.438620689655,10.793515358362,literature reference overlay; not a BVK2 accepted root,/home/lyx/projects/dfm/Glenn_DFT_Paper01/MonteCarlo/results/jcp2021_ab_phase_diagram_digitization/jcp2021_ab_phase_boundaries.csv,/home/lyx/projects/dfm/Glenn_DFT_Paper01/references/AB_phase_diagram_fig1_jcp2021.eps
SCFT,DIS/S,left,2,13,0.433793103448,10.836177474403,literature reference overlay; not a BVK2 accepted root,/home/lyx/projects/dfm/Glenn_DFT_Paper01/MonteCarlo/results/jcp2021_ab_phase_diagram_digitization/jcp2021_ab_phase_boundaries.csv,/home/lyx/projects/dfm/Glenn_DFT_Paper01/references/AB_phase_diagram_fig1_jcp2021.eps
SCFT,DIS/S,left,2,14,0.428275862069,10.921501706485,literature reference overlay; not a BVK2 accepted root,/home/lyx/projects/dfm/Glenn_DFT_Paper01/MonteCarlo/results/jcp2021_ab_phase_diagram_digitization/jcp2021_ab_phase_boundaries.csv,/home/lyx/projects/dfm/Glenn_DFT_Paper01/references/AB_phase_diagram_fig1_jcp2021.eps
SCFT,DIS/S,left,2,15,0.42275862069,10.964163822526,literature reference overlay; not a BVK2 accepted root,/home/lyx/projects/dfm/Glenn_DFT_Paper01/MonteCarlo/results/jcp2021_ab_phase_diagram_digitization/jcp2021_ab_phase_boundaries.csv,/home/lyx/projects/dfm/Glenn_DFT_Paper01/references/AB_phase_diagram_fig1_jcp2021.eps
SCFT,DIS/S,left,2,16,0.417931034483,11.049488054608,literature reference overlay; not a BVK2 accepted root,/home/lyx/projects/dfm/Glenn_DFT_Paper01/MonteCarlo/results/jcp2021_ab_phase_diagram_digitization/jcp2021_ab_phase_boundaries.csv,/home/lyx/projects/dfm/Glenn_DFT_Paper01/references/AB_phase_diagram_fig1_jcp2021.eps
SCFT,DIS/S,left,2,17,0.412413793103,11.092150170648,literature reference overlay; not a BVK2 accepted root,/home/lyx/projects/dfm/Glenn_DFT_Paper01/MonteCarlo/results/jcp2021_ab_phase_diagram_digitization/jcp2021_ab_phase_boundaries.csv,/home/lyx/projects/dfm/Glenn_DFT_Paper01/references/AB_phase_diagram_fig1_jcp2021.eps
SCFT,DIS/S,left,2,18,0.406896551724,11.17747440273,literature reference overlay; not a BVK2 accepted root,/home/lyx/projects/dfm/Glenn_DFT_Paper01/MonteCarlo/results/jcp2021_ab_phase_diagram_digitization/jcp2021_ab_phase_boundaries.csv,/home/lyx/projects/dfm/Glenn_DFT_Paper01/references/AB_phase_diagram_fig1_jcp2021.eps
SCFT,DIS/S,left,2,19,0.402068965517,11.262798634812,literature reference overlay; not a BVK2 accepted root,/home/lyx/projects/dfm/Glenn_DFT_Paper01/MonteCarlo/results/jcp2021_ab_phase_diagram_digitization/jcp2021_ab_phase_boundaries.csv,/home/lyx/projects/dfm/Glenn_DFT_Paper01/references/AB_phase_diagram_fig1_jcp2021.eps
SCFT,DIS/S,left,2,20,0.396551724138,11.348122866894,literature reference overlay; not a BVK2 accepted root,/home/lyx/projects/dfm/Glenn_DFT_Paper01/MonteCarlo/results/jcp2021_ab_phase_diagram_digitization/jcp2021_ab_phase_boundaries.csv,/home/lyx/projects/dfm/Glenn_DFT_Paper01/references/AB_phase_diagram_fig1_jcp2021.eps
SCFT,DIS/S,left,2,21,0.391034482759,11.433447098976,literature reference overlay; not a BVK2 accepted root,/home/lyx/projects/dfm/Glenn_DFT_Paper01/MonteCarlo/results/jcp2021_ab_phase_diagram_digitization/jcp2021_ab_phase_boundaries.csv,/home/lyx/projects/dfm/Glenn_DFT_Paper01/references/AB_phase_diagram_fig1_jcp2021.eps
SCFT,DIS/S,left,2,22,0.385517241379,11.518771331058,literature reference overlay; not a BVK2 accepted root,/home/lyx/projects/dfm/Glenn_DFT_Paper01/MonteCarlo/results/jcp2021_ab_phase_diagram_digitization/jcp2021_ab_phase_boundaries.csv,/home/lyx/projects/dfm/Glenn_DFT_Paper01/references/AB_phase_diagram_fig1_jcp2021.eps
SCFT,DIS/S,left,2,23,0.380689655172,11.60409556314,literature reference overlay; not a BVK2 accepted root,/home/lyx/projects/dfm/Glenn_DFT_Paper01/MonteCarlo/results/jcp2021_ab_phase_diagram_digitization/jcp2021_ab_phase_boundaries.csv,/home/lyx/projects/dfm/Glenn_DFT_Paper01/references/AB_phase_diagram_fig1_jcp2021.eps
SCFT,DIS/S,left,2,24,0.375172413793,11.689419795222,literature reference overlay; not a BVK2 accepted root,/home/lyx/projects/dfm/Glenn_DFT_Paper01/MonteCarlo/results/jcp2021_ab_phase_diagram_digitization/jcp2021_ab_phase_boundaries.csv,/home/lyx/projects/dfm/Glenn_DFT_Paper01/references/AB_phase_diagram_fig1_jcp2021.eps
SCFT,DIS/S,left,2,25,0.369655172414,11.817406143345,literature reference overlay; not a BVK2 accepted root,/home/lyx/projects/dfm/Glenn_DFT_Paper01/MonteCarlo/results/jcp2021_ab_phase_diagram_digitization/jcp2021_ab_phase_boundaries.csv,/home/lyx/projects/dfm/Glenn_DFT_Paper01/references/AB_phase_diagram_fig1_jcp2021.eps
SCFT,DIS/S,left,2,26,0.364827586207,11.945392491468,literature reference overlay; not a BVK2 accepted root,/home/lyx/projects/dfm/Glenn_DFT_Paper01/MonteCarlo/results/jcp2021_ab_phase_diagram_digitization/jcp2021_ab_phase_boundaries.csv,/home/lyx/projects/dfm/Glenn_DFT_Paper01/references/AB_phase_diagram_fig1_jcp2021.eps
SCFT,DIS/S,left,2,27,0.359310344828,12.07337883959,literature reference overlay; not a BVK2 accepted root,/home/lyx/projects/dfm/Glenn_DFT_Paper01/MonteCarlo/results/jcp2021_ab_phase_diagram_digitization/jcp2021_ab_phase_boundaries.csv,/home/lyx/projects/dfm/Glenn_DFT_Paper01/references/AB_phase_diagram_fig1_jcp2021.eps
SCFT,DIS/S,left,2,28,0.353793103448,12.201365187713,literature reference overlay; not a BVK2 accepted root,/home/lyx/projects/dfm/Glenn_DFT_Paper01/MonteCarlo/results/jcp2021_ab_phase_diagram_digitization/jcp2021_ab_phase_boundaries.csv,/home/lyx/projects/dfm/Glenn_DFT_Paper01/references/AB_phase_diagram_fig1_jcp2021.eps
SCFT,DIS/S,left,2,29,0.348275862069,12.329351535836,literature reference overlay; not a BVK2 accepted root,/home/lyx/projects/dfm/Glenn_DFT_Paper01/MonteCarlo/results/jcp2021_ab_phase_diagram_digitization/jcp2021_ab_phase_boundaries.csv,/home/lyx/projects/dfm/Glenn_DFT_Paper01/references/AB_phase_diagram_fig1_jcp2021.eps
SCFT,DIS/S,left,2,30,0.343448275862,12.457337883959,literature reference overlay; not a BVK2 accepted root,/home/lyx/projects/dfm/Glenn_DFT_Paper01/MonteCarlo/results/jcp2021_ab_phase_diagram_digitization/jcp2021_ab_phase_boundaries.csv,/home/lyx/projects/dfm/Glenn_DFT_Paper01/references/AB_phase_diagram_fig1_jcp2021.eps
SCFT,DIS/S,left,2,31,0.337931034483,12.627986348123,literature reference overlay; not a BVK2 accepted root,/home/lyx/projects/dfm/Glenn_DFT_Paper01/MonteCarlo/results/jcp2021_ab_phase_diagram_digitization/jcp2021_ab_phase_boundaries.csv,/home/lyx/projects/dfm/Glenn_DFT_Paper01/references/AB_phase_diagram_fig1_jcp2021.eps
SCFT,DIS/S,left,2,32,0.332413793103,12.798634812287,literature reference overlay; not a BVK2 accepted root,/home/lyx/projects/dfm/Glenn_DFT_Paper01/MonteCarlo/results/jcp2021_ab_phase_diagram_digitization/jcp2021_ab_phase_boundaries.csv,/home/lyx/projects/dfm/Glenn_DFT_Paper01/references/AB_phase_diagram_fig1_jcp2021.eps
SCFT,DIS/S,left,2,33,0.327586206897,12.969283276451,literature reference overlay; not a BVK2 accepted root,/home/lyx/projects/dfm/Glenn_DFT_Paper01/MonteCarlo/results/jcp2021_ab_phase_diagram_digitization/jcp2021_ab_phase_boundaries.csv,/home/lyx/projects/dfm/Glenn_DFT_Paper01/references/AB_phase_diagram_fig1_jcp2021.eps
SCFT,DIS/S,left,2,34,0.322068965517,13.139931740614,literature reference overlay; not a BVK2 accepted root,/home/lyx/projects/dfm/Glenn_DFT_Paper01/MonteCarlo/results/jcp2021_ab_phase_diagram_digitization/jcp2021_ab_phase_boundaries.csv,/home/lyx/projects/dfm/Glenn_DFT_Paper01/references/AB_phase_diagram_fig1_jcp2021.eps
SCFT,DIS/S,left,2,35,0.316551724138,13.310580204778,literature reference overlay; not a BVK2 accepted root,/home/lyx/projects/dfm/Glenn_DFT_Paper01/MonteCarlo/results/jcp2021_ab_phase_diagram_digitization/jcp2021_ab_phase_boundaries.csv,/home/lyx/projects/dfm/Glenn_DFT_Paper01/references/AB_phase_diagram_fig1_jcp2021.eps
SCFT,DIS/S,left,2,36,0.311724137931,13.523890784983,literature reference overlay; not a BVK2 accepted root,/home/lyx/projects/dfm/Glenn_DFT_Paper01/MonteCarlo/results/jcp2021_ab_phase_diagram_digitization/jcp2021_ab_phase_boundaries.csv,/home/lyx/projects/dfm/Glenn_DFT_Paper01/references/AB_phase_diagram_fig1_jcp2021.eps
SCFT,DIS/S,left,2,37,0.306206896552,13.694539249147,literature reference overlay; not a BVK2 accepted root,/home/lyx/projects/dfm/Glenn_DFT_Paper01/MonteCarlo/results/jcp2021_ab_phase_diagram_digitization/jcp2021_ab_phase_boundaries.csv,/home/lyx/projects/dfm/Glenn_DFT_Paper01/references/AB_phase_diagram_fig1_jcp2021.eps
SCFT,DIS/S,left,2,38,0.300689655172,13.907849829352,literature reference overlay; not a BVK2 accepted root,/home/lyx/projects/dfm/Glenn_DFT_Paper01/MonteCarlo/results/jcp2021_ab_phase_diagram_digitization/jcp2021_ab_phase_boundaries.csv,/home/lyx/projects/dfm/Glenn_DFT_Paper01/references/AB_phase_diagram_fig1_jcp2021.eps
SCFT,DIS/S,left,2,39,0.295172413793,14.163822525597,literature reference overlay; not a BVK2 accepted root,/home/lyx/projects/dfm/Glenn_DFT_Paper01/MonteCarlo/results/jcp2021_ab_phase_diagram_digitization/jcp2021_ab_phase_boundaries.csv,/home/lyx/projects/dfm/Glenn_DFT_Paper01/references/AB_phase_diagram_fig1_jcp2021.eps
SCFT,DIS/S,left,2,40,0.290344827586,14.377133105802,literature reference overlay; not a BVK2 accepted root,/home/lyx/projects/dfm/Glenn_DFT_Paper01/MonteCarlo/results/jcp2021_ab_phase_diagram_digitization/jcp2021_ab_phase_boundaries.csv,/home/lyx/projects/dfm/Glenn_DFT_Paper01/references/AB_phase_diagram_fig1_jcp2021.eps
SCFT,DIS/S,left,2,41,0.284827586207,14.633105802048,literature reference overlay; not a BVK2 accepted root,/home/lyx/projects/dfm/Glenn_DFT_Paper01/MonteCarlo/results/jcp2021_ab_phase_diagram_digitization/jcp2021_ab_phase_boundaries.csv,/home/lyx/projects/dfm/Glenn_DFT_Paper01/references/AB_phase_diagram_fig1_jcp2021.eps
SCFT,DIS/S,left,2,42,0.279310344828,14.889078498294,literature reference overlay; not a BVK2 accepted root,/home/lyx/projects/dfm/Glenn_DFT_Paper01/MonteCarlo/results/jcp2021_ab_phase_diagram_digitization/jcp2021_ab_phase_boundaries.csv,/home/lyx/projects/dfm/Glenn_DFT_Paper01/references/AB_phase_diagram_fig1_jcp2021.eps
SCFT,DIS/S,left,2,43,0.274482758621,15.145051194539,literature reference overlay; not a BVK2 accepted root,/home/lyx/projects/dfm/Glenn_DFT_Paper01/MonteCarlo/results/jcp2021_ab_phase_diagram_digitization/jcp2021_ab_phase_boundaries.csv,/home/lyx/projects/dfm/Glenn_DFT_Paper01/references/AB_phase_diagram_fig1_jcp2021.eps
SCFT,DIS/S,left,2,44,0.268965517241,15.443686006826,literature reference overlay; not a BVK2 accepted root,/home/lyx/projects/dfm/Glenn_DFT_Paper01/MonteCarlo/results/jcp2021_ab_phase_diagram_digitization/jcp2021_ab_phase_boundaries.csv,/home/lyx/projects/dfm/Glenn_DFT_Paper01/references/AB_phase_diagram_fig1_jcp2021.eps
SCFT,DIS/S,left,2,45,0.263448275862,15.742320819113,literature reference overlay; not a BVK2 accepted root,/home/lyx/projects/dfm/Glenn_DFT_Paper01/MonteCarlo/results/jcp2021_ab_phase_diagram_digitization/jcp2021_ab_phase_boundaries.csv,/home/lyx/projects/dfm/Glenn_DFT_Paper01/references/AB_phase_diagram_fig1_jcp2021.eps
SCFT,DIS/S,left,2,46,0.258620689655,16.08361774744,literature reference overlay; not a BVK2 accepted root,/home/lyx/projects/dfm/Glenn_DFT_Paper01/MonteCarlo/results/jcp2021_ab_phase_diagram_digitization/jcp2021_ab_phase_boundaries.csv,/home/lyx/projects/dfm/Glenn_DFT_Paper01/references/AB_phase_diagram_fig1_jcp2021.eps
SCFT,DIS/S,left,2,47,0.253103448276,16.467576791809,literature reference overlay; not a BVK2 accepted root,/home/lyx/projects/dfm/Glenn_DFT_Paper01/MonteCarlo/results/jcp2021_ab_phase_diagram_digitization/jcp2021_ab_phase_boundaries.csv,/home/lyx/projects/dfm/Glenn_DFT_Paper01/references/AB_phase_diagram_fig1_jcp2021.eps
SCFT,DIS/S,left,2,48,0.247586206897,16.851535836177,literature reference overlay; not a BVK2 accepted root,/home/lyx/projects/dfm/Glenn_DFT_Paper01/MonteCarlo/results/jcp2021_ab_phase_diagram_digitization/jcp2021_ab_phase_boundaries.csv,/home/lyx/projects/dfm/Glenn_DFT_Paper01/references/AB_phase_diagram_fig1_jcp2021.eps
SCFT,DIS/S,left,2,49,0.242068965517,17.278156996587,literature reference overlay; not a BVK2 accepted root,/home/lyx/projects/dfm/Glenn_DFT_Paper01/MonteCarlo/results/jcp2021_ab_phase_diagram_digitization/jcp2021_ab_phase_boundaries.csv,/home/lyx/projects/dfm/Glenn_DFT_Paper01/references/AB_phase_diagram_fig1_jcp2021.eps
SCFT,DIS/S,left,2,50,0.23724137931,17.747440273038,literature reference overlay; not a BVK2 accepted root,/home/lyx/projects/dfm/Glenn_DFT_Paper01/MonteCarlo/results/jcp2021_ab_phase_diagram_digitization/jcp2021_ab_phase_boundaries.csv,/home/lyx/projects/dfm/Glenn_DFT_Paper01/references/AB_phase_diagram_fig1_jcp2021.eps
SCFT,DIS/S,right,2,0,0.5,10.537542662116,literature reference overlay; not a BVK2 accepted root,/home/lyx/projects/dfm/Glenn_DFT_Paper01/MonteCarlo/results/jcp2021_ab_phase_diagram_digitization/jcp2021_ab_phase_boundaries.csv,/home/lyx/projects/dfm/Glenn_DFT_Paper01/references/AB_phase_diagram_fig1_jcp2021.eps
SCFT,DIS/S,right,2,1,0.50275862069,10.537542662116,literature reference overlay; not a BVK2 accepted root,/home/lyx/projects/dfm/Glenn_DFT_Paper01/MonteCarlo/results/jcp2021_ab_phase_diagram_digitization/jcp2021_ab_phase_boundaries.csv,/home/lyx/projects/dfm/Glenn_DFT_Paper01/references/AB_phase_diagram_fig1_jcp2021.eps
SCFT,DIS/S,right,2,2,0.508275862069,10.537542662116,literature reference overlay; not a BVK2 accepted root,/home/lyx/projects/dfm/Glenn_DFT_Paper01/MonteCarlo/results/jcp2021_ab_phase_diagram_digitization/jcp2021_ab_phase_boundaries.csv,/home/lyx/projects/dfm/Glenn_DFT_Paper01/references/AB_phase_diagram_fig1_jcp2021.eps
SCFT,DIS/S,right,2,3,0.513103448276,10.537542662116,literature reference overlay; not a BVK2 accepted root,/home/lyx/projects/dfm/Glenn_DFT_Paper01/MonteCarlo/results/jcp2021_ab_phase_diagram_digitization/jcp2021_ab_phase_boundaries.csv,/home/lyx/projects/dfm/Glenn_DFT_Paper01/references/AB_phase_diagram_fig1_jcp2021.eps
SCFT,DIS/S,right,2,4,0.518620689655,10.537542662116,literature reference overlay; not a BVK2 accepted root,/home/lyx/projects/dfm/Glenn_DFT_Paper01/MonteCarlo/results/jcp2021_ab_phase_diagram_digitization/jcp2021_ab_phase_boundaries.csv,/home/lyx/projects/dfm/Glenn_DFT_Paper01/references/AB_phase_diagram_fig1_jcp2021.eps
SCFT,DIS/S,right,2,5,0.524137931034,10.580204778157,literature reference overlay; not a BVK2 accepted root,/home/lyx/projects/dfm/Glenn_DFT_Paper01/MonteCarlo/results/jcp2021_ab_phase_diagram_digitization/jcp2021_ab_phase_boundaries.csv,/home/lyx/projects/dfm/Glenn_DFT_Paper01/references/AB_phase_diagram_fig1_jcp2021.eps
SCFT,DIS/S,right,2,6,0.528965517241,10.580204778157,literature reference overlay; not a BVK2 accepted root,/home/lyx/projects/dfm/Glenn_DFT_Paper01/MonteCarlo/results/jcp2021_ab_phase_diagram_digitization/jcp2021_ab_phase_boundaries.csv,/home/lyx/projects/dfm/Glenn_DFT_Paper01/references/AB_phase_diagram_fig1_jcp2021.eps
SCFT,DIS/S,right,2,7,0.534482758621,10.622866894198,literature reference overlay; not a BVK2 accepted root,/home/lyx/projects/dfm/Glenn_DFT_Paper01/MonteCarlo/results/jcp2021_ab_phase_diagram_digitization/jcp2021_ab_phase_boundaries.csv,/home/lyx/projects/dfm/Glenn_DFT_Paper01/references/AB_phase_diagram_fig1_jcp2021.eps
SCFT,DIS/S,right,2,8,0.54,10.622866894198,literature reference overlay; not a BVK2 accepted root,/home/lyx/projects/dfm/Glenn_DFT_Paper01/MonteCarlo/results/jcp2021_ab_phase_diagram_digitization/jcp2021_ab_phase_boundaries.csv,/home/lyx/projects/dfm/Glenn_DFT_Paper01/references/AB_phase_diagram_fig1_jcp2021.eps
SCFT,DIS/S,right,2,9,0.544827586207,10.665529010239,literature reference overlay; not a BVK2 accepted root,/home/lyx/projects/dfm/Glenn_DFT_Paper01/MonteCarlo/results/jcp2021_ab_phase_diagram_digitization/jcp2021_ab_phase_boundaries.csv,/home/lyx/projects/dfm/Glenn_DFT_Paper01/references/AB_phase_diagram_fig1_jcp2021.eps
SCFT,DIS/S,right,2,10,0.550344827586,10.70819112628,literature reference overlay; not a BVK2 accepted root,/home/lyx/projects/dfm/Glenn_DFT_Paper01/MonteCarlo/results/jcp2021_ab_phase_diagram_digitization/jcp2021_ab_phase_boundaries.csv,/home/lyx/projects/dfm/Glenn_DFT_Paper01/references/AB_phase_diagram_fig1_jcp2021.eps
SCFT,DIS/S,right,2,11,0.555862068966,10.750853242321,literature reference overlay; not a BVK2 accepted root,/home/lyx/projects/dfm/Glenn_DFT_Paper01/MonteCarlo/results/jcp2021_ab_phase_diagram_digitization/jcp2021_ab_phase_boundaries.csv,/home/lyx/projects/dfm/Glenn_DFT_Paper01/references/AB_phase_diagram_fig1_jcp2021.eps
SCFT,DIS/S,right,2,12,0.561379310345,10.793515358362,literature reference overlay; not a BVK2 accepted root,/home/lyx/projects/dfm/Glenn_DFT_Paper01/MonteCarlo/results/jcp2021_ab_phase_diagram_digitization/jcp2021_ab_phase_boundaries.csv,/home/lyx/projects/dfm/Glenn_DFT_Paper01/references/AB_phase_diagram_fig1_jcp2021.eps
SCFT,DIS/S,right,2,13,0.566206896552,10.836177474403,literature reference overlay; not a BVK2 accepted root,/home/lyx/projects/dfm/Glenn_DFT_Paper01/MonteCarlo/results/jcp2021_ab_phase_diagram_digitization/jcp2021_ab_phase_boundaries.csv,/home/lyx/projects/dfm/Glenn_DFT_Paper01/references/AB_phase_diagram_fig1_jcp2021.eps
SCFT,DIS/S,right,2,14,0.571724137931,10.921501706485,literature reference overlay; not a BVK2 accepted root,/home/lyx/projects/dfm/Glenn_DFT_Paper01/MonteCarlo/results/jcp2021_ab_phase_diagram_digitization/jcp2021_ab_phase_boundaries.csv,/home/lyx/projects/dfm/Glenn_DFT_Paper01/references/AB_phase_diagram_fig1_jcp2021.eps
SCFT,DIS/S,right,2,15,0.57724137931,10.964163822526,literature reference overlay; not a BVK2 accepted root,/home/lyx/projects/dfm/Glenn_DFT_Paper01/MonteCarlo/results/jcp2021_ab_phase_diagram_digitization/jcp2021_ab_phase_boundaries.csv,/home/lyx/projects/dfm/Glenn_DFT_Paper01/references/AB_phase_diagram_fig1_jcp2021.eps
SCFT,DIS/S,right,2,16,0.582068965517,11.049488054608,literature reference overlay; not a BVK2 accepted root,/home/lyx/projects/dfm/Glenn_DFT_Paper01/MonteCarlo/results/jcp2021_ab_phase_diagram_digitization/jcp2021_ab_phase_boundaries.csv,/home/lyx/projects/dfm/Glenn_DFT_Paper01/references/AB_phase_diagram_fig1_jcp2021.eps
SCFT,DIS/S,right,2,17,0.587586206897,11.092150170648,literature reference overlay; not a BVK2 accepted root,/home/lyx/projects/dfm/Glenn_DFT_Paper01/MonteCarlo/results/jcp2021_ab_phase_diagram_digitization/jcp2021_ab_phase_boundaries.csv,/home/lyx/projects/dfm/Glenn_DFT_Paper01/references/AB_phase_diagram_fig1_jcp2021.eps
SCFT,DIS/S,right,2,18,0.593103448276,11.17747440273,literature reference overlay; not a BVK2 accepted root,/home/lyx/projects/dfm/Glenn_DFT_Paper01/MonteCarlo/results/jcp2021_ab_phase_diagram_digitization/jcp2021_ab_phase_boundaries.csv,/home/lyx/projects/dfm/Glenn_DFT_Paper01/references/AB_phase_diagram_fig1_jcp2021.eps
SCFT,DIS/S,right,2,19,0.597931034483,11.262798634812,literature reference overlay; not a BVK2 accepted root,/home/lyx/projects/dfm/Glenn_DFT_Paper01/MonteCarlo/results/jcp2021_ab_phase_diagram_digitization/jcp2021_ab_phase_boundaries.csv,/home/lyx/projects/dfm/Glenn_DFT_Paper01/references/AB_phase_diagram_fig1_jcp2021.eps
SCFT,DIS/S,right,2,20,0.603448275862,11.348122866894,literature reference overlay; not a BVK2 accepted root,/home/lyx/projects/dfm/Glenn_DFT_Paper01/MonteCarlo/results/jcp2021_ab_phase_diagram_digitization/jcp2021_ab_phase_boundaries.csv,/home/lyx/projects/dfm/Glenn_DFT_Paper01/references/AB_phase_diagram_fig1_jcp2021.eps
SCFT,DIS/S,right,2,21,0.608965517241,11.433447098976,literature reference overlay; not a BVK2 accepted root,/home/lyx/projects/dfm/Glenn_DFT_Paper01/MonteCarlo/results/jcp2021_ab_phase_diagram_digitization/jcp2021_ab_phase_boundaries.csv,/home/lyx/projects/dfm/Glenn_DFT_Paper01/references/AB_phase_diagram_fig1_jcp2021.eps
SCFT,DIS/S,right,2,22,0.614482758621,11.518771331058,literature reference overlay; not a BVK2 accepted root,/home/lyx/projects/dfm/Glenn_DFT_Paper01/MonteCarlo/results/jcp2021_ab_phase_diagram_digitization/jcp2021_ab_phase_boundaries.csv,/home/lyx/projects/dfm/Glenn_DFT_Paper01/references/AB_phase_diagram_fig1_jcp2021.eps
SCFT,DIS/S,right,2,23,0.619310344828,11.60409556314,literature reference overlay; not a BVK2 accepted root,/home/lyx/projects/dfm/Glenn_DFT_Paper01/MonteCarlo/results/jcp2021_ab_phase_diagram_digitization/jcp2021_ab_phase_boundaries.csv,/home/lyx/projects/dfm/Glenn_DFT_Paper01/references/AB_phase_diagram_fig1_jcp2021.eps
SCFT,DIS/S,right,2,24,0.624827586207,11.689419795222,literature reference overlay; not a BVK2 accepted root,/home/lyx/projects/dfm/Glenn_DFT_Paper01/MonteCarlo/results/jcp2021_ab_phase_diagram_digitization/jcp2021_ab_phase_boundaries.csv,/home/lyx/projects/dfm/Glenn_DFT_Paper01/references/AB_phase_diagram_fig1_jcp2021.eps
SCFT,DIS/S,right,2,25,0.630344827586,11.817406143345,literature reference overlay; not a BVK2 accepted root,/home/lyx/projects/dfm/Glenn_DFT_Paper01/MonteCarlo/results/jcp2021_ab_phase_diagram_digitization/jcp2021_ab_phase_boundaries.csv,/home/lyx/projects/dfm/Glenn_DFT_Paper01/references/AB_phase_diagram_fig1_jcp2021.eps
SCFT,DIS/S,right,2,26,0.635172413793,11.945392491468,literature reference overlay; not a BVK2 accepted root,/home/lyx/projects/dfm/Glenn_DFT_Paper01/MonteCarlo/results/jcp2021_ab_phase_diagram_digitization/jcp2021_ab_phase_boundaries.csv,/home/lyx/projects/dfm/Glenn_DFT_Paper01/references/AB_phase_diagram_fig1_jcp2021.eps
SCFT,DIS/S,right,2,27,0.640689655172,12.07337883959,literature reference overlay; not a BVK2 accepted root,/home/lyx/projects/dfm/Glenn_DFT_Paper01/MonteCarlo/results/jcp2021_ab_phase_diagram_digitization/jcp2021_ab_phase_boundaries.csv,/home/lyx/projects/dfm/Glenn_DFT_Paper01/references/AB_phase_diagram_fig1_jcp2021.eps
SCFT,DIS/S,right,2,28,0.646206896552,12.201365187713,literature reference overlay; not a BVK2 accepted root,/home/lyx/projects/dfm/Glenn_DFT_Paper01/MonteCarlo/results/jcp2021_ab_phase_diagram_digitization/jcp2021_ab_phase_boundaries.csv,/home/lyx/projects/dfm/Glenn_DFT_Paper01/references/AB_phase_diagram_fig1_jcp2021.eps
SCFT,DIS/S,right,2,29,0.651724137931,12.329351535836,literature reference overlay; not a BVK2 accepted root,/home/lyx/projects/dfm/Glenn_DFT_Paper01/MonteCarlo/results/jcp2021_ab_phase_diagram_digitization/jcp2021_ab_phase_boundaries.csv,/home/lyx/projects/dfm/Glenn_DFT_Paper01/references/AB_phase_diagram_fig1_jcp2021.eps
SCFT,DIS/S,right,2,30,0.656551724138,12.457337883959,literature reference overlay; not a BVK2 accepted root,/home/lyx/projects/dfm/Glenn_DFT_Paper01/MonteCarlo/results/jcp2021_ab_phase_diagram_digitization/jcp2021_ab_phase_boundaries.csv,/home/lyx/projects/dfm/Glenn_DFT_Paper01/references/AB_phase_diagram_fig1_jcp2021.eps
SCFT,DIS/S,right,2,31,0.662068965517,12.627986348123,literature reference overlay; not a BVK2 accepted root,/home/lyx/projects/dfm/Glenn_DFT_Paper01/MonteCarlo/results/jcp2021_ab_phase_diagram_digitization/jcp2021_ab_phase_boundaries.csv,/home/lyx/projects/dfm/Glenn_DFT_Paper01/references/AB_phase_diagram_fig1_jcp2021.eps
SCFT,DIS/S,right,2,32,0.667586206897,12.798634812287,literature reference overlay; not a BVK2 accepted root,/home/lyx/projects/dfm/Glenn_DFT_Paper01/MonteCarlo/results/jcp2021_ab_phase_diagram_digitization/jcp2021_ab_phase_boundaries.csv,/home/lyx/projects/dfm/Glenn_DFT_Paper01/references/AB_phase_diagram_fig1_jcp2021.eps
SCFT,DIS/S,right,2,33,0.672413793103,12.969283276451,literature reference overlay; not a BVK2 accepted root,/home/lyx/projects/dfm/Glenn_DFT_Paper01/MonteCarlo/results/jcp2021_ab_phase_diagram_digitization/jcp2021_ab_phase_boundaries.csv,/home/lyx/projects/dfm/Glenn_DFT_Paper01/references/AB_phase_diagram_fig1_jcp2021.eps
SCFT,DIS/S,right,2,34,0.677931034483,13.139931740614,literature reference overlay; not a BVK2 accepted root,/home/lyx/projects/dfm/Glenn_DFT_Paper01/MonteCarlo/results/jcp2021_ab_phase_diagram_digitization/jcp2021_ab_phase_boundaries.csv,/home/lyx/projects/dfm/Glenn_DFT_Paper01/references/AB_phase_diagram_fig1_jcp2021.eps
SCFT,DIS/S,right,2,35,0.683448275862,13.310580204778,literature reference overlay; not a BVK2 accepted root,/home/lyx/projects/dfm/Glenn_DFT_Paper01/MonteCarlo/results/jcp2021_ab_phase_diagram_digitization/jcp2021_ab_phase_boundaries.csv,/home/lyx/projects/dfm/Glenn_DFT_Paper01/references/AB_phase_diagram_fig1_jcp2021.eps
SCFT,DIS/S,right,2,36,0.688275862069,13.523890784983,literature reference overlay; not a BVK2 accepted root,/home/lyx/projects/dfm/Glenn_DFT_Paper01/MonteCarlo/results/jcp2021_ab_phase_diagram_digitization/jcp2021_ab_phase_boundaries.csv,/home/lyx/projects/dfm/Glenn_DFT_Paper01/references/AB_phase_diagram_fig1_jcp2021.eps
SCFT,DIS/S,right,2,37,0.693793103448,13.694539249147,literature reference overlay; not a BVK2 accepted root,/home/lyx/projects/dfm/Glenn_DFT_Paper01/MonteCarlo/results/jcp2021_ab_phase_diagram_digitization/jcp2021_ab_phase_boundaries.csv,/home/lyx/projects/dfm/Glenn_DFT_Paper01/references/AB_phase_diagram_fig1_jcp2021.eps
SCFT,DIS/S,right,2,38,0.699310344828,13.907849829352,literature reference overlay; not a BVK2 accepted root,/home/lyx/projects/dfm/Glenn_DFT_Paper01/MonteCarlo/results/jcp2021_ab_phase_diagram_digitization/jcp2021_ab_phase_boundaries.csv,/home/lyx/projects/dfm/Glenn_DFT_Paper01/references/AB_phase_diagram_fig1_jcp2021.eps
SCFT,DIS/S,right,2,39,0.704827586207,14.163822525597,literature reference overlay; not a BVK2 accepted root,/home/lyx/projects/dfm/Glenn_DFT_Paper01/MonteCarlo/results/jcp2021_ab_phase_diagram_digitization/jcp2021_ab_phase_boundaries.csv,/home/lyx/projects/dfm/Glenn_DFT_Paper01/references/AB_phase_diagram_fig1_jcp2021.eps
SCFT,DIS/S,right,2,40,0.709655172414,14.377133105802,literature reference overlay; not a BVK2 accepted root,/home/lyx/projects/dfm/Glenn_DFT_Paper01/MonteCarlo/results/jcp2021_ab_phase_diagram_digitization/jcp2021_ab_phase_boundaries.csv,/home/lyx/projects/dfm/Glenn_DFT_Paper01/references/AB_phase_diagram_fig1_jcp2021.eps
SCFT,DIS/S,right,2,41,0.715172413793,14.633105802048,literature reference overlay; not a BVK2 accepted root,/home/lyx/projects/dfm/Glenn_DFT_Paper01/MonteCarlo/results/jcp2021_ab_phase_diagram_digitization/jcp2021_ab_phase_boundaries.csv,/home/lyx/projects/dfm/Glenn_DFT_Paper01/references/AB_phase_diagram_fig1_jcp2021.eps
SCFT,DIS/S,right,2,42,0.720689655172,14.889078498294,literature reference overlay; not a BVK2 accepted root,/home/lyx/projects/dfm/Glenn_DFT_Paper01/MonteCarlo/results/jcp2021_ab_phase_diagram_digitization/jcp2021_ab_phase_boundaries.csv,/home/lyx/projects/dfm/Glenn_DFT_Paper01/references/AB_phase_diagram_fig1_jcp2021.eps
SCFT,DIS/S,right,2,43,0.725517241379,15.145051194539,literature reference overlay; not a BVK2 accepted root,/home/lyx/projects/dfm/Glenn_DFT_Paper01/MonteCarlo/results/jcp2021_ab_phase_diagram_digitization/jcp2021_ab_phase_boundaries.csv,/home/lyx/projects/dfm/Glenn_DFT_Paper01/references/AB_phase_diagram_fig1_jcp2021.eps
SCFT,DIS/S,right,2,44,0.731034482759,15.443686006826,literature reference overlay; not a BVK2 accepted root,/home/lyx/projects/dfm/Glenn_DFT_Paper01/MonteCarlo/results/jcp2021_ab_phase_diagram_digitization/jcp2021_ab_phase_boundaries.csv,/home/lyx/projects/dfm/Glenn_DFT_Paper01/references/AB_phase_diagram_fig1_jcp2021.eps
SCFT,DIS/S,right,2,45,0.736551724138,15.742320819113,literature reference overlay; not a BVK2 accepted root,/home/lyx/projects/dfm/Glenn_DFT_Paper01/MonteCarlo/results/jcp2021_ab_phase_diagram_digitization/jcp2021_ab_phase_boundaries.csv,/home/lyx/projects/dfm/Glenn_DFT_Paper01/references/AB_phase_diagram_fig1_jcp2021.eps
SCFT,DIS/S,right,2,46,0.741379310345,16.08361774744,literature reference overlay; not a BVK2 accepted root,/home/lyx/projects/dfm/Glenn_DFT_Paper01/MonteCarlo/results/jcp2021_ab_phase_diagram_digitization/jcp2021_ab_phase_boundaries.csv,/home/lyx/projects/dfm/Glenn_DFT_Paper01/references/AB_phase_diagram_fig1_jcp2021.eps
SCFT,DIS/S,right,2,47,0.746896551724,16.467576791809,literature reference overlay; not a BVK2 accepted root,/home/lyx/projects/dfm/Glenn_DFT_Paper01/MonteCarlo/results/jcp2021_ab_phase_diagram_digitization/jcp2021_ab_phase_boundaries.csv,/home/lyx/projects/dfm/Glenn_DFT_Paper01/references/AB_phase_diagram_fig1_jcp2021.eps
SCFT,DIS/S,right,2,48,0.752413793103,16.851535836177,literature reference overlay; not a BVK2 accepted root,/home/lyx/projects/dfm/Glenn_DFT_Paper01/MonteCarlo/results/jcp2021_ab_phase_diagram_digitization/jcp2021_ab_phase_boundaries.csv,/home/lyx/projects/dfm/Glenn_DFT_Paper01/references/AB_phase_diagram_fig1_jcp2021.eps
SCFT,DIS/S,right,2,49,0.757931034483,17.278156996587,literature reference overlay; not a BVK2 accepted root,/home/lyx/projects/dfm/Glenn_DFT_Paper01/MonteCarlo/results/jcp2021_ab_phase_diagram_digitization/jcp2021_ab_phase_boundaries.csv,/home/lyx/projects/dfm/Glenn_DFT_Paper01/references/AB_phase_diagram_fig1_jcp2021.eps
SCFT,DIS/S,right,2,50,0.76275862069,17.747440273038,literature reference overlay; not a BVK2 accepted root,/home/lyx/projects/dfm/Glenn_DFT_Paper01/MonteCarlo/results/jcp2021_ab_phase_diagram_digitization/jcp2021_ab_phase_boundaries.csv,/home/lyx/projects/dfm/Glenn_DFT_Paper01/references/AB_phase_diagram_fig1_jcp2021.eps
SCFT,S/C,left,5,0,0.5,10.537542662116,literature reference overlay; not a BVK2 accepted root,/home/lyx/projects/dfm/Glenn_DFT_Paper01/MonteCarlo/results/jcp2021_ab_phase_diagram_digitization/jcp2021_ab_phase_boundaries.csv,/home/lyx/projects/dfm/Glenn_DFT_Paper01/references/AB_phase_diagram_fig1_jcp2021.eps
SCFT,S/C,left,5,1,0.496551724138,10.537542662116,literature reference overlay; not a BVK2 accepted root,/home/lyx/projects/dfm/Glenn_DFT_Paper01/MonteCarlo/results/jcp2021_ab_phase_diagram_digitization/jcp2021_ab_phase_boundaries.csv,/home/lyx/projects/dfm/Glenn_DFT_Paper01/references/AB_phase_diagram_fig1_jcp2021.eps
SCFT,S/C,left,5,2,0.489655172414,10.537542662116,literature reference overlay; not a BVK2 accepted root,/home/lyx/projects/dfm/Glenn_DFT_Paper01/MonteCarlo/results/jcp2021_ab_phase_diagram_digitization/jcp2021_ab_phase_boundaries.csv,/home/lyx/projects/dfm/Glenn_DFT_Paper01/references/AB_phase_diagram_fig1_jcp2021.eps
SCFT,S/C,left,5,3,0.482068965517,10.537542662116,literature reference overlay; not a BVK2 accepted root,/home/lyx/projects/dfm/Glenn_DFT_Paper01/MonteCarlo/results/jcp2021_ab_phase_diagram_digitization/jcp2021_ab_phase_boundaries.csv,/home/lyx/projects/dfm/Glenn_DFT_Paper01/references/AB_phase_diagram_fig1_jcp2021.eps
SCFT,S/C,left,5,4,0.475172413793,10.580204778157,literature reference overlay; not a BVK2 accepted root,/home/lyx/projects/dfm/Glenn_DFT_Paper01/MonteCarlo/results/jcp2021_ab_phase_diagram_digitization/jcp2021_ab_phase_boundaries.csv,/home/lyx/projects/dfm/Glenn_DFT_Paper01/references/AB_phase_diagram_fig1_jcp2021.eps
SCFT,S/C,left,5,5,0.468275862069,10.622866894198,literature reference overlay; not a BVK2 accepted root,/home/lyx/projects/dfm/Glenn_DFT_Paper01/MonteCarlo/results/jcp2021_ab_phase_diagram_digitization/jcp2021_ab_phase_boundaries.csv,/home/lyx/projects/dfm/Glenn_DFT_Paper01/references/AB_phase_diagram_fig1_jcp2021.eps
SCFT,S/C,left,5,6,0.461379310345,10.665529010239,literature reference overlay; not a BVK2 accepted root,/home/lyx/projects/dfm/Glenn_DFT_Paper01/MonteCarlo/results/jcp2021_ab_phase_diagram_digitization/jcp2021_ab_phase_boundaries.csv,/home/lyx/projects/dfm/Glenn_DFT_Paper01/references/AB_phase_diagram_fig1_jcp2021.eps
SCFT,S/C,left,5,7,0.454482758621,10.70819112628,literature reference overlay; not a BVK2 accepted root,/home/lyx/projects/dfm/Glenn_DFT_Paper01/MonteCarlo/results/jcp2021_ab_phase_diagram_digitization/jcp2021_ab_phase_boundaries.csv,/home/lyx/projects/dfm/Glenn_DFT_Paper01/references/AB_phase_diagram_fig1_jcp2021.eps
SCFT,S/C,left,5,8,0.446896551724,10.750853242321,literature reference overlay; not a BVK2 accepted root,/home/lyx/projects/dfm/Glenn_DFT_Paper01/MonteCarlo/results/jcp2021_ab_phase_diagram_digitization/jcp2021_ab_phase_boundaries.csv,/home/lyx/projects/dfm/Glenn_DFT_Paper01/references/AB_phase_diagram_fig1_jcp2021.eps
SCFT,S/C,left,5,9,0.44,10.836177474403,literature reference overlay; not a BVK2 accepted root,/home/lyx/projects/dfm/Glenn_DFT_Paper01/MonteCarlo/results/jcp2021_ab_phase_diagram_digitization/jcp2021_ab_phase_boundaries.csv,/home/lyx/projects/dfm/Glenn_DFT_Paper01/references/AB_phase_diagram_fig1_jcp2021.eps
SCFT,S/C,left,5,10,0.433103448276,10.921501706485,literature reference overlay; not a BVK2 accepted root,/home/lyx/projects/dfm/Glenn_DFT_Paper01/MonteCarlo/results/jcp2021_ab_phase_diagram_digitization/jcp2021_ab_phase_boundaries.csv,/home/lyx/projects/dfm/Glenn_DFT_Paper01/references/AB_phase_diagram_fig1_jcp2021.eps
SCFT,S/C,left,5,11,0.426206896552,11.006825938567,literature reference overlay; not a BVK2 accepted root,/home/lyx/projects/dfm/Glenn_DFT_Paper01/MonteCarlo/results/jcp2021_ab_phase_diagram_digitization/jcp2021_ab_phase_boundaries.csv,/home/lyx/projects/dfm/Glenn_DFT_Paper01/references/AB_phase_diagram_fig1_jcp2021.eps
SCFT,S/C,left,5,12,0.418620689655,11.092150170648,literature reference overlay; not a BVK2 accepted root,/home/lyx/projects/dfm/Glenn_DFT_Paper01/MonteCarlo/results/jcp2021_ab_phase_diagram_digitization/jcp2021_ab_phase_boundaries.csv,/home/lyx/projects/dfm/Glenn_DFT_Paper01/references/AB_phase_diagram_fig1_jcp2021.eps
SCFT,S/C,left,5,13,0.411724137931,11.220136518771,literature reference overlay; not a BVK2 accepted root,/home/lyx/projects/dfm/Glenn_DFT_Paper01/MonteCarlo/results/jcp2021_ab_phase_diagram_digitization/jcp2021_ab_phase_boundaries.csv,/home/lyx/projects/dfm/Glenn_DFT_Paper01/references/AB_phase_diagram_fig1_jcp2021.eps
SCFT,S/C,left,5,14,0.404827586207,11.305460750853,literature reference overlay; not a BVK2 accepted root,/home/lyx/projects/dfm/Glenn_DFT_Paper01/MonteCarlo/results/jcp2021_ab_phase_diagram_digitization/jcp2021_ab_phase_boundaries.csv,/home/lyx/projects/dfm/Glenn_DFT_Paper01/references/AB_phase_diagram_fig1_jcp2021.eps
SCFT,S/C,left,5,15,0.397931034483,11.433447098976,literature reference overlay; not a BVK2 accepted root,/home/lyx/projects/dfm/Glenn_DFT_Paper01/MonteCarlo/results/jcp2021_ab_phase_diagram_digitization/jcp2021_ab_phase_boundaries.csv,/home/lyx/projects/dfm/Glenn_DFT_Paper01/references/AB_phase_diagram_fig1_jcp2021.eps
SCFT,S/C,left,5,16,0.391034482759,11.60409556314,literature reference overlay; not a BVK2 accepted root,/home/lyx/projects/dfm/Glenn_DFT_Paper01/MonteCarlo/results/jcp2021_ab_phase_diagram_digitization/jcp2021_ab_phase_boundaries.csv,/home/lyx/projects/dfm/Glenn_DFT_Paper01/references/AB_phase_diagram_fig1_jcp2021.eps
SCFT,S/C,left,5,17,0.383448275862,11.732081911263,literature reference overlay; not a BVK2 accepted root,/home/lyx/projects/dfm/Glenn_DFT_Paper01/MonteCarlo/results/jcp2021_ab_phase_diagram_digitization/jcp2021_ab_phase_boundaries.csv,/home/lyx/projects/dfm/Glenn_DFT_Paper01/references/AB_phase_diagram_fig1_jcp2021.eps
SCFT,S/C,left,5,18,0.376551724138,11.945392491468,literature reference overlay; not a BVK2 accepted root,/home/lyx/projects/dfm/Glenn_DFT_Paper01/MonteCarlo/results/jcp2021_ab_phase_diagram_digitization/jcp2021_ab_phase_boundaries.csv,/home/lyx/projects/dfm/Glenn_DFT_Paper01/references/AB_phase_diagram_fig1_jcp2021.eps
SCFT,S/C,left,5,19,0.369655172414,12.116040955631,literature reference overlay; not a BVK2 accepted root,/home/lyx/projects/dfm/Glenn_DFT_Paper01/MonteCarlo/results/jcp2021_ab_phase_diagram_digitization/jcp2021_ab_phase_boundaries.csv,/home/lyx/projects/dfm/Glenn_DFT_Paper01/references/AB_phase_diagram_fig1_jcp2021.eps
SCFT,S/C,left,5,20,0.36275862069,12.329351535836,literature reference overlay; not a BVK2 accepted root,/home/lyx/projects/dfm/Glenn_DFT_Paper01/MonteCarlo/results/jcp2021_ab_phase_diagram_digitization/jcp2021_ab_phase_boundaries.csv,/home/lyx/projects/dfm/Glenn_DFT_Paper01/references/AB_phase_diagram_fig1_jcp2021.eps
SCFT,S/C,left,5,21,0.355862068966,12.542662116041,literature reference overlay; not a BVK2 accepted root,/home/lyx/projects/dfm/Glenn_DFT_Paper01/MonteCarlo/results/jcp2021_ab_phase_diagram_digitization/jcp2021_ab_phase_boundaries.csv,/home/lyx/projects/dfm/Glenn_DFT_Paper01/references/AB_phase_diagram_fig1_jcp2021.eps
SCFT,S/C,left,5,22,0.348275862069,12.755972696246,literature reference overlay; not a BVK2 accepted root,/home/lyx/projects/dfm/Glenn_DFT_Paper01/MonteCarlo/results/jcp2021_ab_phase_diagram_digitization/jcp2021_ab_phase_boundaries.csv,/home/lyx/projects/dfm/Glenn_DFT_Paper01/references/AB_phase_diagram_fig1_jcp2021.eps
SCFT,S/C,left,5,23,0.341379310345,13.011945392491,literature reference overlay; not a BVK2 accepted root,/home/lyx/projects/dfm/Glenn_DFT_Paper01/MonteCarlo/results/jcp2021_ab_phase_diagram_digitization/jcp2021_ab_phase_boundaries.csv,/home/lyx/projects/dfm/Glenn_DFT_Paper01/references/AB_phase_diagram_fig1_jcp2021.eps
SCFT,S/C,left,5,24,0.334482758621,13.310580204778,literature reference overlay; not a BVK2 accepted root,/home/lyx/projects/dfm/Glenn_DFT_Paper01/MonteCarlo/results/jcp2021_ab_phase_diagram_digitization/jcp2021_ab_phase_boundaries.csv,/home/lyx/projects/dfm/Glenn_DFT_Paper01/references/AB_phase_diagram_fig1_jcp2021.eps
SCFT,S/C,left,5,25,0.327586206897,13.609215017065,literature reference overlay; not a BVK2 accepted root,/home/lyx/projects/dfm/Glenn_DFT_Paper01/MonteCarlo/results/jcp2021_ab_phase_diagram_digitization/jcp2021_ab_phase_boundaries.csv,/home/lyx/projects/dfm/Glenn_DFT_Paper01/references/AB_phase_diagram_fig1_jcp2021.eps
SCFT,S/C,left,5,26,0.32,13.907849829352,literature reference overlay; not a BVK2 accepted root,/home/lyx/projects/dfm/Glenn_DFT_Paper01/MonteCarlo/results/jcp2021_ab_phase_diagram_digitization/jcp2021_ab_phase_boundaries.csv,/home/lyx/projects/dfm/Glenn_DFT_Paper01/references/AB_phase_diagram_fig1_jcp2021.eps
SCFT,S/C,left,5,27,0.313103448276,14.29180887372,literature reference overlay; not a BVK2 accepted root,/home/lyx/projects/dfm/Glenn_DFT_Paper01/MonteCarlo/results/jcp2021_ab_phase_diagram_digitization/jcp2021_ab_phase_boundaries.csv,/home/lyx/projects/dfm/Glenn_DFT_Paper01/references/AB_phase_diagram_fig1_jcp2021.eps
SCFT,S/C,left,5,28,0.306206896552,14.675767918089,literature reference overlay; not a BVK2 accepted root,/home/lyx/projects/dfm/Glenn_DFT_Paper01/MonteCarlo/results/jcp2021_ab_phase_diagram_digitization/jcp2021_ab_phase_boundaries.csv,/home/lyx/projects/dfm/Glenn_DFT_Paper01/references/AB_phase_diagram_fig1_jcp2021.eps
SCFT,S/C,left,5,29,0.299310344828,15.059726962457,literature reference overlay; not a BVK2 accepted root,/home/lyx/projects/dfm/Glenn_DFT_Paper01/MonteCarlo/results/jcp2021_ab_phase_diagram_digitization/jcp2021_ab_phase_boundaries.csv,/home/lyx/projects/dfm/Glenn_DFT_Paper01/references/AB_phase_diagram_fig1_jcp2021.eps
SCFT,S/C,left,5,30,0.292413793103,15.529010238908,literature reference overlay; not a BVK2 accepted root,/home/lyx/projects/dfm/Glenn_DFT_Paper01/MonteCarlo/results/jcp2021_ab_phase_diagram_digitization/jcp2021_ab_phase_boundaries.csv,/home/lyx/projects/dfm/Glenn_DFT_Paper01/references/AB_phase_diagram_fig1_jcp2021.eps
SCFT,S/C,left,5,31,0.284827586207,16.040955631399,literature reference overlay; not a BVK2 accepted root,/home/lyx/projects/dfm/Glenn_DFT_Paper01/MonteCarlo/results/jcp2021_ab_phase_diagram_digitization/jcp2021_ab_phase_boundaries.csv,/home/lyx/projects/dfm/Glenn_DFT_Paper01/references/AB_phase_diagram_fig1_jcp2021.eps
SCFT,S/C,left,5,32,0.277931034483,16.552901023891,literature reference overlay; not a BVK2 accepted root,/home/lyx/projects/dfm/Glenn_DFT_Paper01/MonteCarlo/results/jcp2021_ab_phase_diagram_digitization/jcp2021_ab_phase_boundaries.csv,/home/lyx/projects/dfm/Glenn_DFT_Paper01/references/AB_phase_diagram_fig1_jcp2021.eps
SCFT,S/C,left,5,33,0.271034482759,17.150170648464,literature reference overlay; not a BVK2 accepted root,/home/lyx/projects/dfm/Glenn_DFT_Paper01/MonteCarlo/results/jcp2021_ab_phase_diagram_digitization/jcp2021_ab_phase_boundaries.csv,/home/lyx/projects/dfm/Glenn_DFT_Paper01/references/AB_phase_diagram_fig1_jcp2021.eps
SCFT,S/C,left,5,34,0.264137931034,17.790102389078,literature reference overlay; not a BVK2 accepted root,/home/lyx/projects/dfm/Glenn_DFT_Paper01/MonteCarlo/results/jcp2021_ab_phase_diagram_digitization/jcp2021_ab_phase_boundaries.csv,/home/lyx/projects/dfm/Glenn_DFT_Paper01/references/AB_phase_diagram_fig1_jcp2021.eps
SCFT,S/C,left,5,35,0.256551724138,18.472696245734,literature reference overlay; not a BVK2 accepted root,/home/lyx/projects/dfm/Glenn_DFT_Paper01/MonteCarlo/results/jcp2021_ab_phase_diagram_digitization/jcp2021_ab_phase_boundaries.csv,/home/lyx/projects/dfm/Glenn_DFT_Paper01/references/AB_phase_diagram_fig1_jcp2021.eps
SCFT,S/C,left,5,36,0.249655172414,19.240614334471,literature reference overlay; not a BVK2 accepted root,/home/lyx/projects/dfm/Glenn_DFT_Paper01/MonteCarlo/results/jcp2021_ab_phase_diagram_digitization/jcp2021_ab_phase_boundaries.csv,/home/lyx/projects/dfm/Glenn_DFT_Paper01/references/AB_phase_diagram_fig1_jcp2021.eps
SCFT,S/C,left,5,37,0.24275862069,20.09385665529,literature reference overlay; not a BVK2 accepted root,/home/lyx/projects/dfm/Glenn_DFT_Paper01/MonteCarlo/results/jcp2021_ab_phase_diagram_digitization/jcp2021_ab_phase_boundaries.csv,/home/lyx/projects/dfm/Glenn_DFT_Paper01/references/AB_phase_diagram_fig1_jcp2021.eps
SCFT,S/C,left,5,38,0.235862068966,21.075085324232,literature reference overlay; not a BVK2 accepted root,/home/lyx/projects/dfm/Glenn_DFT_Paper01/MonteCarlo/results/jcp2021_ab_phase_diagram_digitization/jcp2021_ab_phase_boundaries.csv,/home/lyx/projects/dfm/Glenn_DFT_Paper01/references/AB_phase_diagram_fig1_jcp2021.eps
SCFT,S/C,left,5,39,0.228965517241,22.098976109215,literature reference overlay; not a BVK2 accepted root,/home/lyx/projects/dfm/Glenn_DFT_Paper01/MonteCarlo/results/jcp2021_ab_phase_diagram_digitization/jcp2021_ab_phase_boundaries.csv,/home/lyx/projects/dfm/Glenn_DFT_Paper01/references/AB_phase_diagram_fig1_jcp2021.eps
SCFT,S/C,left,5,40,0.221379310345,23.250853242321,literature reference overlay; not a BVK2 accepted root,/home/lyx/projects/dfm/Glenn_DFT_Paper01/MonteCarlo/results/jcp2021_ab_phase_diagram_digitization/jcp2021_ab_phase_boundaries.csv,/home/lyx/projects/dfm/Glenn_DFT_Paper01/references/AB_phase_diagram_fig1_jcp2021.eps
SCFT,S/C,left,5,41,0.214482758621,24.530716723549,literature reference overlay; not a BVK2 accepted root,/home/lyx/projects/dfm/Glenn_DFT_Paper01/MonteCarlo/results/jcp2021_ab_phase_diagram_digitization/jcp2021_ab_phase_boundaries.csv,/home/lyx/projects/dfm/Glenn_DFT_Paper01/references/AB_phase_diagram_fig1_jcp2021.eps
SCFT,S/C,left,5,42,0.207586206897,25.981228668942,literature reference overlay; not a BVK2 accepted root,/home/lyx/projects/dfm/Glenn_DFT_Paper01/MonteCarlo/results/jcp2021_ab_phase_diagram_digitization/jcp2021_ab_phase_boundaries.csv,/home/lyx/projects/dfm/Glenn_DFT_Paper01/references/AB_phase_diagram_fig1_jcp2021.eps
SCFT,S/C,left,5,43,0.200689655172,27.645051194539,literature reference overlay; not a BVK2 accepted root,/home/lyx/projects/dfm/Glenn_DFT_Paper01/MonteCarlo/results/jcp2021_ab_phase_diagram_digitization/jcp2021_ab_phase_boundaries.csv,/home/lyx/projects/dfm/Glenn_DFT_Paper01/references/AB_phase_diagram_fig1_jcp2021.eps
SCFT,S/C,left,5,44,0.193103448276,29.4795221843,literature reference overlay; not a BVK2 accepted root,/home/lyx/projects/dfm/Glenn_DFT_Paper01/MonteCarlo/results/jcp2021_ab_phase_diagram_digitization/jcp2021_ab_phase_boundaries.csv,/home/lyx/projects/dfm/Glenn_DFT_Paper01/references/AB_phase_diagram_fig1_jcp2021.eps
SCFT,S/C,left,5,45,0.186206896552,31.612627986348,literature reference overlay; not a BVK2 accepted root,/home/lyx/projects/dfm/Glenn_DFT_Paper01/MonteCarlo/results/jcp2021_ab_phase_diagram_digitization/jcp2021_ab_phase_boundaries.csv,/home/lyx/projects/dfm/Glenn_DFT_Paper01/references/AB_phase_diagram_fig1_jcp2021.eps
SCFT,S/C,left,5,46,0.179310344828,34.087030716724,literature reference overlay; not a BVK2 accepted root,/home/lyx/projects/dfm/Glenn_DFT_Paper01/MonteCarlo/results/jcp2021_ab_phase_diagram_digitization/jcp2021_ab_phase_boundaries.csv,/home/lyx/projects/dfm/Glenn_DFT_Paper01/references/AB_phase_diagram_fig1_jcp2021.eps
SCFT,S/C,left,5,47,0.172413793103,36.988054607509,literature reference overlay; not a BVK2 accepted root,/home/lyx/projects/dfm/Glenn_DFT_Paper01/MonteCarlo/results/jcp2021_ab_phase_diagram_digitization/jcp2021_ab_phase_boundaries.csv,/home/lyx/projects/dfm/Glenn_DFT_Paper01/references/AB_phase_diagram_fig1_jcp2021.eps
SCFT,S/C,left,5,48,0.165517241379,40.443686006826,literature reference overlay; not a BVK2 accepted root,/home/lyx/projects/dfm/Glenn_DFT_Paper01/MonteCarlo/results/jcp2021_ab_phase_diagram_digitization/jcp2021_ab_phase_boundaries.csv,/home/lyx/projects/dfm/Glenn_DFT_Paper01/references/AB_phase_diagram_fig1_jcp2021.eps
SCFT,S/C,left,5,49,0.157931034483,44.667235494881,literature reference overlay; not a BVK2 accepted root,/home/lyx/projects/dfm/Glenn_DFT_Paper01/MonteCarlo/results/jcp2021_ab_phase_diagram_digitization/jcp2021_ab_phase_boundaries.csv,/home/lyx/projects/dfm/Glenn_DFT_Paper01/references/AB_phase_diagram_fig1_jcp2021.eps
SCFT,S/C,left,5,50,0.151034482759,50.0,literature reference overlay; not a BVK2 accepted root,/home/lyx/projects/dfm/Glenn_DFT_Paper01/MonteCarlo/results/jcp2021_ab_phase_diagram_digitization/jcp2021_ab_phase_boundaries.csv,/home/lyx/projects/dfm/Glenn_DFT_Paper01/references/AB_phase_diagram_fig1_jcp2021.eps
SCFT,S/C,right,5,0,0.5,10.537542662116,literature reference overlay; not a BVK2 accepted root,/home/lyx/projects/dfm/Glenn_DFT_Paper01/MonteCarlo/results/jcp2021_ab_phase_diagram_digitization/jcp2021_ab_phase_boundaries.csv,/home/lyx/projects/dfm/Glenn_DFT_Paper01/references/AB_phase_diagram_fig1_jcp2021.eps
SCFT,S/C,right,5,1,0.503448275862,10.537542662116,literature reference overlay; not a BVK2 accepted root,/home/lyx/projects/dfm/Glenn_DFT_Paper01/MonteCarlo/results/jcp2021_ab_phase_diagram_digitization/jcp2021_ab_phase_boundaries.csv,/home/lyx/projects/dfm/Glenn_DFT_Paper01/references/AB_phase_diagram_fig1_jcp2021.eps
SCFT,S/C,right,5,2,0.510344827586,10.537542662116,literature reference overlay; not a BVK2 accepted root,/home/lyx/projects/dfm/Glenn_DFT_Paper01/MonteCarlo/results/jcp2021_ab_phase_diagram_digitization/jcp2021_ab_phase_boundaries.csv,/home/lyx/projects/dfm/Glenn_DFT_Paper01/references/AB_phase_diagram_fig1_jcp2021.eps
SCFT,S/C,right,5,3,0.517931034483,10.537542662116,literature reference overlay; not a BVK2 accepted root,/home/lyx/projects/dfm/Glenn_DFT_Paper01/MonteCarlo/results/jcp2021_ab_phase_diagram_digitization/jcp2021_ab_phase_boundaries.csv,/home/lyx/projects/dfm/Glenn_DFT_Paper01/references/AB_phase_diagram_fig1_jcp2021.eps
SCFT,S/C,right,5,4,0.524827586207,10.580204778157,literature reference overlay; not a BVK2 accepted root,/home/lyx/projects/dfm/Glenn_DFT_Paper01/MonteCarlo/results/jcp2021_ab_phase_diagram_digitization/jcp2021_ab_phase_boundaries.csv,/home/lyx/projects/dfm/Glenn_DFT_Paper01/references/AB_phase_diagram_fig1_jcp2021.eps
SCFT,S/C,right,5,5,0.531724137931,10.622866894198,literature reference overlay; not a BVK2 accepted root,/home/lyx/projects/dfm/Glenn_DFT_Paper01/MonteCarlo/results/jcp2021_ab_phase_diagram_digitization/jcp2021_ab_phase_boundaries.csv,/home/lyx/projects/dfm/Glenn_DFT_Paper01/references/AB_phase_diagram_fig1_jcp2021.eps
SCFT,S/C,right,5,6,0.538620689655,10.665529010239,literature reference overlay; not a BVK2 accepted root,/home/lyx/projects/dfm/Glenn_DFT_Paper01/MonteCarlo/results/jcp2021_ab_phase_diagram_digitization/jcp2021_ab_phase_boundaries.csv,/home/lyx/projects/dfm/Glenn_DFT_Paper01/references/AB_phase_diagram_fig1_jcp2021.eps
SCFT,S/C,right,5,7,0.545517241379,10.70819112628,literature reference overlay; not a BVK2 accepted root,/home/lyx/projects/dfm/Glenn_DFT_Paper01/MonteCarlo/results/jcp2021_ab_phase_diagram_digitization/jcp2021_ab_phase_boundaries.csv,/home/lyx/projects/dfm/Glenn_DFT_Paper01/references/AB_phase_diagram_fig1_jcp2021.eps
SCFT,S/C,right,5,8,0.553103448276,10.750853242321,literature reference overlay; not a BVK2 accepted root,/home/lyx/projects/dfm/Glenn_DFT_Paper01/MonteCarlo/results/jcp2021_ab_phase_diagram_digitization/jcp2021_ab_phase_boundaries.csv,/home/lyx/projects/dfm/Glenn_DFT_Paper01/references/AB_phase_diagram_fig1_jcp2021.eps
SCFT,S/C,right,5,9,0.56,10.836177474403,literature reference overlay; not a BVK2 accepted root,/home/lyx/projects/dfm/Glenn_DFT_Paper01/MonteCarlo/results/jcp2021_ab_phase_diagram_digitization/jcp2021_ab_phase_boundaries.csv,/home/lyx/projects/dfm/Glenn_DFT_Paper01/references/AB_phase_diagram_fig1_jcp2021.eps
SCFT,S/C,right,5,10,0.566896551724,10.921501706485,literature reference overlay; not a BVK2 accepted root,/home/lyx/projects/dfm/Glenn_DFT_Paper01/MonteCarlo/results/jcp2021_ab_phase_diagram_digitization/jcp2021_ab_phase_boundaries.csv,/home/lyx/projects/dfm/Glenn_DFT_Paper01/references/AB_phase_diagram_fig1_jcp2021.eps
SCFT,S/C,right,5,11,0.573793103448,11.006825938567,literature reference overlay; not a BVK2 accepted root,/home/lyx/projects/dfm/Glenn_DFT_Paper01/MonteCarlo/results/jcp2021_ab_phase_diagram_digitization/jcp2021_ab_phase_boundaries.csv,/home/lyx/projects/dfm/Glenn_DFT_Paper01/references/AB_phase_diagram_fig1_jcp2021.eps
SCFT,S/C,right,5,12,0.581379310345,11.092150170648,literature reference overlay; not a BVK2 accepted root,/home/lyx/projects/dfm/Glenn_DFT_Paper01/MonteCarlo/results/jcp2021_ab_phase_diagram_digitization/jcp2021_ab_phase_boundaries.csv,/home/lyx/projects/dfm/Glenn_DFT_Paper01/references/AB_phase_diagram_fig1_jcp2021.eps
SCFT,S/C,right,5,13,0.588275862069,11.220136518771,literature reference overlay; not a BVK2 accepted root,/home/lyx/projects/dfm/Glenn_DFT_Paper01/MonteCarlo/results/jcp2021_ab_phase_diagram_digitization/jcp2021_ab_phase_boundaries.csv,/home/lyx/projects/dfm/Glenn_DFT_Paper01/references/AB_phase_diagram_fig1_jcp2021.eps
SCFT,S/C,right,5,14,0.595172413793,11.305460750853,literature reference overlay; not a BVK2 accepted root,/home/lyx/projects/dfm/Glenn_DFT_Paper01/MonteCarlo/results/jcp2021_ab_phase_diagram_digitization/jcp2021_ab_phase_boundaries.csv,/home/lyx/projects/dfm/Glenn_DFT_Paper01/references/AB_phase_diagram_fig1_jcp2021.eps
SCFT,S/C,right,5,15,0.602068965517,11.433447098976,literature reference overlay; not a BVK2 accepted root,/home/lyx/projects/dfm/Glenn_DFT_Paper01/MonteCarlo/results/jcp2021_ab_phase_diagram_digitization/jcp2021_ab_phase_boundaries.csv,/home/lyx/projects/dfm/Glenn_DFT_Paper01/references/AB_phase_diagram_fig1_jcp2021.eps
SCFT,S/C,right,5,16,0.608965517241,11.60409556314,literature reference overlay; not a BVK2 accepted root,/home/lyx/projects/dfm/Glenn_DFT_Paper01/MonteCarlo/results/jcp2021_ab_phase_diagram_digitization/jcp2021_ab_phase_boundaries.csv,/home/lyx/projects/dfm/Glenn_DFT_Paper01/references/AB_phase_diagram_fig1_jcp2021.eps
SCFT,S/C,right,5,17,0.616551724138,11.732081911263,literature reference overlay; not a BVK2 accepted root,/home/lyx/projects/dfm/Glenn_DFT_Paper01/MonteCarlo/results/jcp2021_ab_phase_diagram_digitization/jcp2021_ab_phase_boundaries.csv,/home/lyx/projects/dfm/Glenn_DFT_Paper01/references/AB_phase_diagram_fig1_jcp2021.eps
SCFT,S/C,right,5,18,0.623448275862,11.945392491468,literature reference overlay; not a BVK2 accepted root,/home/lyx/projects/dfm/Glenn_DFT_Paper01/MonteCarlo/results/jcp2021_ab_phase_diagram_digitization/jcp2021_ab_phase_boundaries.csv,/home/lyx/projects/dfm/Glenn_DFT_Paper01/references/AB_phase_diagram_fig1_jcp2021.eps
SCFT,S/C,right,5,19,0.630344827586,12.116040955631,literature reference overlay; not a BVK2 accepted root,/home/lyx/projects/dfm/Glenn_DFT_Paper01/MonteCarlo/results/jcp2021_ab_phase_diagram_digitization/jcp2021_ab_phase_boundaries.csv,/home/lyx/projects/dfm/Glenn_DFT_Paper01/references/AB_phase_diagram_fig1_jcp2021.eps
SCFT,S/C,right,5,20,0.63724137931,12.329351535836,literature reference overlay; not a BVK2 accepted root,/home/lyx/projects/dfm/Glenn_DFT_Paper01/MonteCarlo/results/jcp2021_ab_phase_diagram_digitization/jcp2021_ab_phase_boundaries.csv,/home/lyx/projects/dfm/Glenn_DFT_Paper01/references/AB_phase_diagram_fig1_jcp2021.eps
SCFT,S/C,right,5,21,0.644137931034,12.542662116041,literature reference overlay; not a BVK2 accepted root,/home/lyx/projects/dfm/Glenn_DFT_Paper01/MonteCarlo/results/jcp2021_ab_phase_diagram_digitization/jcp2021_ab_phase_boundaries.csv,/home/lyx/projects/dfm/Glenn_DFT_Paper01/references/AB_phase_diagram_fig1_jcp2021.eps
SCFT,S/C,right,5,22,0.651724137931,12.755972696246,literature reference overlay; not a BVK2 accepted root,/home/lyx/projects/dfm/Glenn_DFT_Paper01/MonteCarlo/results/jcp2021_ab_phase_diagram_digitization/jcp2021_ab_phase_boundaries.csv,/home/lyx/projects/dfm/Glenn_DFT_Paper01/references/AB_phase_diagram_fig1_jcp2021.eps
SCFT,S/C,right,5,23,0.658620689655,13.011945392491,literature reference overlay; not a BVK2 accepted root,/home/lyx/projects/dfm/Glenn_DFT_Paper01/MonteCarlo/results/jcp2021_ab_phase_diagram_digitization/jcp2021_ab_phase_boundaries.csv,/home/lyx/projects/dfm/Glenn_DFT_Paper01/references/AB_phase_diagram_fig1_jcp2021.eps
SCFT,S/C,right,5,24,0.665517241379,13.310580204778,literature reference overlay; not a BVK2 accepted root,/home/lyx/projects/dfm/Glenn_DFT_Paper01/MonteCarlo/results/jcp2021_ab_phase_diagram_digitization/jcp2021_ab_phase_boundaries.csv,/home/lyx/projects/dfm/Glenn_DFT_Paper01/references/AB_phase_diagram_fig1_jcp2021.eps
SCFT,S/C,right,5,25,0.672413793103,13.609215017065,literature reference overlay; not a BVK2 accepted root,/home/lyx/projects/dfm/Glenn_DFT_Paper01/MonteCarlo/results/jcp2021_ab_phase_diagram_digitization/jcp2021_ab_phase_boundaries.csv,/home/lyx/projects/dfm/Glenn_DFT_Paper01/references/AB_phase_diagram_fig1_jcp2021.eps
SCFT,S/C,right,5,26,0.68,13.907849829352,literature reference overlay; not a BVK2 accepted root,/home/lyx/projects/dfm/Glenn_DFT_Paper01/MonteCarlo/results/jcp2021_ab_phase_diagram_digitization/jcp2021_ab_phase_boundaries.csv,/home/lyx/projects/dfm/Glenn_DFT_Paper01/references/AB_phase_diagram_fig1_jcp2021.eps
SCFT,S/C,right,5,27,0.686896551724,14.29180887372,literature reference overlay; not a BVK2 accepted root,/home/lyx/projects/dfm/Glenn_DFT_Paper01/MonteCarlo/results/jcp2021_ab_phase_diagram_digitization/jcp2021_ab_phase_boundaries.csv,/home/lyx/projects/dfm/Glenn_DFT_Paper01/references/AB_phase_diagram_fig1_jcp2021.eps
SCFT,S/C,right,5,28,0.693793103448,14.675767918089,literature reference overlay; not a BVK2 accepted root,/home/lyx/projects/dfm/Glenn_DFT_Paper01/MonteCarlo/results/jcp2021_ab_phase_diagram_digitization/jcp2021_ab_phase_boundaries.csv,/home/lyx/projects/dfm/Glenn_DFT_Paper01/references/AB_phase_diagram_fig1_jcp2021.eps
SCFT,S/C,right,5,29,0.700689655172,15.059726962457,literature reference overlay; not a BVK2 accepted root,/home/lyx/projects/dfm/Glenn_DFT_Paper01/MonteCarlo/results/jcp2021_ab_phase_diagram_digitization/jcp2021_ab_phase_boundaries.csv,/home/lyx/projects/dfm/Glenn_DFT_Paper01/references/AB_phase_diagram_fig1_jcp2021.eps
SCFT,S/C,right,5,30,0.707586206897,15.529010238908,literature reference overlay; not a BVK2 accepted root,/home/lyx/projects/dfm/Glenn_DFT_Paper01/MonteCarlo/results/jcp2021_ab_phase_diagram_digitization/jcp2021_ab_phase_boundaries.csv,/home/lyx/projects/dfm/Glenn_DFT_Paper01/references/AB_phase_diagram_fig1_jcp2021.eps
SCFT,S/C,right,5,31,0.715172413793,16.040955631399,literature reference overlay; not a BVK2 accepted root,/home/lyx/projects/dfm/Glenn_DFT_Paper01/MonteCarlo/results/jcp2021_ab_phase_diagram_digitization/jcp2021_ab_phase_boundaries.csv,/home/lyx/projects/dfm/Glenn_DFT_Paper01/references/AB_phase_diagram_fig1_jcp2021.eps
SCFT,S/C,right,5,32,0.722068965517,16.552901023891,literature reference overlay; not a BVK2 accepted root,/home/lyx/projects/dfm/Glenn_DFT_Paper01/MonteCarlo/results/jcp2021_ab_phase_diagram_digitization/jcp2021_ab_phase_boundaries.csv,/home/lyx/projects/dfm/Glenn_DFT_Paper01/references/AB_phase_diagram_fig1_jcp2021.eps
SCFT,S/C,right,5,33,0.728965517241,17.150170648464,literature reference overlay; not a BVK2 accepted root,/home/lyx/projects/dfm/Glenn_DFT_Paper01/MonteCarlo/results/jcp2021_ab_phase_diagram_digitization/jcp2021_ab_phase_boundaries.csv,/home/lyx/projects/dfm/Glenn_DFT_Paper01/references/AB_phase_diagram_fig1_jcp2021.eps
SCFT,S/C,right,5,34,0.735862068966,17.790102389078,literature reference overlay; not a BVK2 accepted root,/home/lyx/projects/dfm/Glenn_DFT_Paper01/MonteCarlo/results/jcp2021_ab_phase_diagram_digitization/jcp2021_ab_phase_boundaries.csv,/home/lyx/projects/dfm/Glenn_DFT_Paper01/references/AB_phase_diagram_fig1_jcp2021.eps
SCFT,S/C,right,5,35,0.743448275862,18.472696245734,literature reference overlay; not a BVK2 accepted root,/home/lyx/projects/dfm/Glenn_DFT_Paper01/MonteCarlo/results/jcp2021_ab_phase_diagram_digitization/jcp2021_ab_phase_boundaries.csv,/home/lyx/projects/dfm/Glenn_DFT_Paper01/references/AB_phase_diagram_fig1_jcp2021.eps
SCFT,S/C,right,5,36,0.750344827586,19.240614334471,literature reference overlay; not a BVK2 accepted root,/home/lyx/projects/dfm/Glenn_DFT_Paper01/MonteCarlo/results/jcp2021_ab_phase_diagram_digitization/jcp2021_ab_phase_boundaries.csv,/home/lyx/projects/dfm/Glenn_DFT_Paper01/references/AB_phase_diagram_fig1_jcp2021.eps
SCFT,S/C,right,5,37,0.75724137931,20.09385665529,literature reference overlay; not a BVK2 accepted root,/home/lyx/projects/dfm/Glenn_DFT_Paper01/MonteCarlo/results/jcp2021_ab_phase_diagram_digitization/jcp2021_ab_phase_boundaries.csv,/home/lyx/projects/dfm/Glenn_DFT_Paper01/references/AB_phase_diagram_fig1_jcp2021.eps
SCFT,S/C,right,5,38,0.764137931034,21.075085324232,literature reference overlay; not a BVK2 accepted root,/home/lyx/projects/dfm/Glenn_DFT_Paper01/MonteCarlo/results/jcp2021_ab_phase_diagram_digitization/jcp2021_ab_phase_boundaries.csv,/home/lyx/projects/dfm/Glenn_DFT_Paper01/references/AB_phase_diagram_fig1_jcp2021.eps
SCFT,S/C,right,5,39,0.771034482759,22.098976109215,literature reference overlay; not a BVK2 accepted root,/home/lyx/projects/dfm/Glenn_DFT_Paper01/MonteCarlo/results/jcp2021_ab_phase_diagram_digitization/jcp2021_ab_phase_boundaries.csv,/home/lyx/projects/dfm/Glenn_DFT_Paper01/references/AB_phase_diagram_fig1_jcp2021.eps
SCFT,S/C,right,5,40,0.778620689655,23.250853242321,literature reference overlay; not a BVK2 accepted root,/home/lyx/projects/dfm/Glenn_DFT_Paper01/MonteCarlo/results/jcp2021_ab_phase_diagram_digitization/jcp2021_ab_phase_boundaries.csv,/home/lyx/projects/dfm/Glenn_DFT_Paper01/references/AB_phase_diagram_fig1_jcp2021.eps
SCFT,S/C,right,5,41,0.785517241379,24.530716723549,literature reference overlay; not a BVK2 accepted root,/home/lyx/projects/dfm/Glenn_DFT_Paper01/MonteCarlo/results/jcp2021_ab_phase_diagram_digitization/jcp2021_ab_phase_boundaries.csv,/home/lyx/projects/dfm/Glenn_DFT_Paper01/references/AB_phase_diagram_fig1_jcp2021.eps
SCFT,S/C,right,5,42,0.792413793103,25.981228668942,literature reference overlay; not a BVK2 accepted root,/home/lyx/projects/dfm/Glenn_DFT_Paper01/MonteCarlo/results/jcp2021_ab_phase_diagram_digitization/jcp2021_ab_phase_boundaries.csv,/home/lyx/projects/dfm/Glenn_DFT_Paper01/references/AB_phase_diagram_fig1_jcp2021.eps
SCFT,S/C,right,5,43,0.799310344828,27.645051194539,literature reference overlay; not a BVK2 accepted root,/home/lyx/projects/dfm/Glenn_DFT_Paper01/MonteCarlo/results/jcp2021_ab_phase_diagram_digitization/jcp2021_ab_phase_boundaries.csv,/home/lyx/projects/dfm/Glenn_DFT_Paper01/references/AB_phase_diagram_fig1_jcp2021.eps
SCFT,S/C,right,5,44,0.806896551724,29.4795221843,literature reference overlay; not a BVK2 accepted root,/home/lyx/projects/dfm/Glenn_DFT_Paper01/MonteCarlo/results/jcp2021_ab_phase_diagram_digitization/jcp2021_ab_phase_boundaries.csv,/home/lyx/projects/dfm/Glenn_DFT_Paper01/references/AB_phase_diagram_fig1_jcp2021.eps
SCFT,S/C,right,5,45,0.813793103448,31.612627986348,literature reference overlay; not a BVK2 accepted root,/home/lyx/projects/dfm/Glenn_DFT_Paper01/MonteCarlo/results/jcp2021_ab_phase_diagram_digitization/jcp2021_ab_phase_boundaries.csv,/home/lyx/projects/dfm/Glenn_DFT_Paper01/references/AB_phase_diagram_fig1_jcp2021.eps
SCFT,S/C,right,5,46,0.820689655172,34.087030716724,literature reference overlay; not a BVK2 accepted root,/home/lyx/projects/dfm/Glenn_DFT_Paper01/MonteCarlo/results/jcp2021_ab_phase_diagram_digitization/jcp2021_ab_phase_boundaries.csv,/home/lyx/projects/dfm/Glenn_DFT_Paper01/references/AB_phase_diagram_fig1_jcp2021.eps
SCFT,S/C,right,5,47,0.827586206897,36.988054607509,literature reference overlay; not a BVK2 accepted root,/home/lyx/projects/dfm/Glenn_DFT_Paper01/MonteCarlo/results/jcp2021_ab_phase_diagram_digitization/jcp2021_ab_phase_boundaries.csv,/home/lyx/projects/dfm/Glenn_DFT_Paper01/references/AB_phase_diagram_fig1_jcp2021.eps
SCFT,S/C,right,5,48,0.834482758621,40.443686006826,literature reference overlay; not a BVK2 accepted root,/home/lyx/projects/dfm/Glenn_DFT_Paper01/MonteCarlo/results/jcp2021_ab_phase_diagram_digitization/jcp2021_ab_phase_boundaries.csv,/home/lyx/projects/dfm/Glenn_DFT_Paper01/references/AB_phase_diagram_fig1_jcp2021.eps
SCFT,S/C,right,5,49,0.842068965517,44.667235494881,literature reference overlay; not a BVK2 accepted root,/home/lyx/projects/dfm/Glenn_DFT_Paper01/MonteCarlo/results/jcp2021_ab_phase_diagram_digitization/jcp2021_ab_phase_boundaries.csv,/home/lyx/projects/dfm/Glenn_DFT_Paper01/references/AB_phase_diagram_fig1_jcp2021.eps
SCFT,S/C,right,5,50,0.848965517241,50.0,literature reference overlay; not a BVK2 accepted root,/home/lyx/projects/dfm/Glenn_DFT_Paper01/MonteCarlo/results/jcp2021_ab_phase_diagram_digitization/jcp2021_ab_phase_boundaries.csv,/home/lyx/projects/dfm/Glenn_DFT_Paper01/references/AB_phase_diagram_fig1_jcp2021.eps
SCFT,C/G,left,6,0,0.435172413793,11.561433447099,literature reference overlay; not a BVK2 accepted root,/home/lyx/projects/dfm/Glenn_DFT_Paper01/MonteCarlo/results/jcp2021_ab_phase_diagram_digitization/jcp2021_ab_phase_boundaries.csv,/home/lyx/projects/dfm/Glenn_DFT_Paper01/references/AB_phase_diagram_fig1_jcp2021.eps
SCFT,C/G,left,6,1,0.421379310345,11.988054607509,literature reference overlay; not a BVK2 accepted root,/home/lyx/projects/dfm/Glenn_DFT_Paper01/MonteCarlo/results/jcp2021_ab_phase_diagram_digitization/jcp2021_ab_phase_boundaries.csv,/home/lyx/projects/dfm/Glenn_DFT_Paper01/references/AB_phase_diagram_fig1_jcp2021.eps
SCFT,C/G,left,6,2,0.409655172414,12.372013651877,literature reference overlay; not a BVK2 accepted root,/home/lyx/projects/dfm/Glenn_DFT_Paper01/MonteCarlo/results/jcp2021_ab_phase_diagram_digitization/jcp2021_ab_phase_boundaries.csv,/home/lyx/projects/dfm/Glenn_DFT_Paper01/references/AB_phase_diagram_fig1_jcp2021.eps
SCFT,C/G,left,6,3,0.400689655172,12.755972696246,literature reference overlay; not a BVK2 accepted root,/home/lyx/projects/dfm/Glenn_DFT_Paper01/MonteCarlo/results/jcp2021_ab_phase_diagram_digitization/jcp2021_ab_phase_boundaries.csv,/home/lyx/projects/dfm/Glenn_DFT_Paper01/references/AB_phase_diagram_fig1_jcp2021.eps
SCFT,C/G,left,6,4,0.393103448276,13.139931740614,literature reference overlay; not a BVK2 accepted root,/home/lyx/projects/dfm/Glenn_DFT_Paper01/MonteCarlo/results/jcp2021_ab_phase_diagram_digitization/jcp2021_ab_phase_boundaries.csv,/home/lyx/projects/dfm/Glenn_DFT_Paper01/references/AB_phase_diagram_fig1_jcp2021.eps
SCFT,C/G,left,6,5,0.386896551724,13.523890784983,literature reference overlay; not a BVK2 accepted root,/home/lyx/projects/dfm/Glenn_DFT_Paper01/MonteCarlo/results/jcp2021_ab_phase_diagram_digitization/jcp2021_ab_phase_boundaries.csv,/home/lyx/projects/dfm/Glenn_DFT_Paper01/references/AB_phase_diagram_fig1_jcp2021.eps
SCFT,C/G,left,6,6,0.381379310345,13.907849829352,literature reference overlay; not a BVK2 accepted root,/home/lyx/projects/dfm/Glenn_DFT_Paper01/MonteCarlo/results/jcp2021_ab_phase_diagram_digitization/jcp2021_ab_phase_boundaries.csv,/home/lyx/projects/dfm/Glenn_DFT_Paper01/references/AB_phase_diagram_fig1_jcp2021.eps
SCFT,C/G,left,6,7,0.376551724138,14.29180887372,literature reference overlay; not a BVK2 accepted root,/home/lyx/projects/dfm/Glenn_DFT_Paper01/MonteCarlo/results/jcp2021_ab_phase_diagram_digitization/jcp2021_ab_phase_boundaries.csv,/home/lyx/projects/dfm/Glenn_DFT_Paper01/references/AB_phase_diagram_fig1_jcp2021.eps
SCFT,C/G,left,6,8,0.372413793103,14.675767918089,literature reference overlay; not a BVK2 accepted root,/home/lyx/projects/dfm/Glenn_DFT_Paper01/MonteCarlo/results/jcp2021_ab_phase_diagram_digitization/jcp2021_ab_phase_boundaries.csv,/home/lyx/projects/dfm/Glenn_DFT_Paper01/references/AB_phase_diagram_fig1_jcp2021.eps
SCFT,C/G,left,6,9,0.368275862069,15.059726962457,literature reference overlay; not a BVK2 accepted root,/home/lyx/projects/dfm/Glenn_DFT_Paper01/MonteCarlo/results/jcp2021_ab_phase_diagram_digitization/jcp2021_ab_phase_boundaries.csv,/home/lyx/projects/dfm/Glenn_DFT_Paper01/references/AB_phase_diagram_fig1_jcp2021.eps
SCFT,C/G,left,6,10,0.364137931034,15.443686006826,literature reference overlay; not a BVK2 accepted root,/home/lyx/projects/dfm/Glenn_DFT_Paper01/MonteCarlo/results/jcp2021_ab_phase_diagram_digitization/jcp2021_ab_phase_boundaries.csv,/home/lyx/projects/dfm/Glenn_DFT_Paper01/references/AB_phase_diagram_fig1_jcp2021.eps
SCFT,C/G,left,6,11,0.360689655172,15.827645051195,literature reference overlay; not a BVK2 accepted root,/home/lyx/projects/dfm/Glenn_DFT_Paper01/MonteCarlo/results/jcp2021_ab_phase_diagram_digitization/jcp2021_ab_phase_boundaries.csv,/home/lyx/projects/dfm/Glenn_DFT_Paper01/references/AB_phase_diagram_fig1_jcp2021.eps
SCFT,C/G,left,6,12,0.357931034483,16.254266211604,literature reference overlay; not a BVK2 accepted root,/home/lyx/projects/dfm/Glenn_DFT_Paper01/MonteCarlo/results/jcp2021_ab_phase_diagram_digitization/jcp2021_ab_phase_boundaries.csv,/home/lyx/projects/dfm/Glenn_DFT_Paper01/references/AB_phase_diagram_fig1_jcp2021.eps
SCFT,C/G,left,6,13,0.354482758621,16.638225255973,literature reference overlay; not a BVK2 accepted root,/home/lyx/projects/dfm/Glenn_DFT_Paper01/MonteCarlo/results/jcp2021_ab_phase_diagram_digitization/jcp2021_ab_phase_boundaries.csv,/home/lyx/projects/dfm/Glenn_DFT_Paper01/references/AB_phase_diagram_fig1_jcp2021.eps
SCFT,C/G,left,6,14,0.351724137931,17.022184300341,literature reference overlay; not a BVK2 accepted root,/home/lyx/projects/dfm/Glenn_DFT_Paper01/MonteCarlo/results/jcp2021_ab_phase_diagram_digitization/jcp2021_ab_phase_boundaries.csv,/home/lyx/projects/dfm/Glenn_DFT_Paper01/references/AB_phase_diagram_fig1_jcp2021.eps
SCFT,C/G,left,6,15,0.349655172414,17.40614334471,literature reference overlay; not a BVK2 accepted root,/home/lyx/projects/dfm/Glenn_DFT_Paper01/MonteCarlo/results/jcp2021_ab_phase_diagram_digitization/jcp2021_ab_phase_boundaries.csv,/home/lyx/projects/dfm/Glenn_DFT_Paper01/references/AB_phase_diagram_fig1_jcp2021.eps
SCFT,C/G,left,6,16,0.347586206897,17.790102389078,literature reference overlay; not a BVK2 accepted root,/home/lyx/projects/dfm/Glenn_DFT_Paper01/MonteCarlo/results/jcp2021_ab_phase_diagram_digitization/jcp2021_ab_phase_boundaries.csv,/home/lyx/projects/dfm/Glenn_DFT_Paper01/references/AB_phase_diagram_fig1_jcp2021.eps
SCFT,C/G,left,6,17,0.345517241379,18.174061433447,literature reference overlay; not a BVK2 accepted root,/home/lyx/projects/dfm/Glenn_DFT_Paper01/MonteCarlo/results/jcp2021_ab_phase_diagram_digitization/jcp2021_ab_phase_boundaries.csv,/home/lyx/projects/dfm/Glenn_DFT_Paper01/references/AB_phase_diagram_fig1_jcp2021.eps
SCFT,C/G,left,6,18,0.343448275862,18.558020477816,literature reference overlay; not a BVK2 accepted root,/home/lyx/projects/dfm/Glenn_DFT_Paper01/MonteCarlo/results/jcp2021_ab_phase_diagram_digitization/jcp2021_ab_phase_boundaries.csv,/home/lyx/projects/dfm/Glenn_DFT_Paper01/references/AB_phase_diagram_fig1_jcp2021.eps
SCFT,C/G,left,6,19,0.342068965517,18.941979522184,literature reference overlay; not a BVK2 accepted root,/home/lyx/projects/dfm/Glenn_DFT_Paper01/MonteCarlo/results/jcp2021_ab_phase_diagram_digitization/jcp2021_ab_phase_boundaries.csv,/home/lyx/projects/dfm/Glenn_DFT_Paper01/references/AB_phase_diagram_fig1_jcp2021.eps
SCFT,C/G,left,6,20,0.34,19.325938566553,literature reference overlay; not a BVK2 accepted root,/home/lyx/projects/dfm/Glenn_DFT_Paper01/MonteCarlo/results/jcp2021_ab_phase_diagram_digitization/jcp2021_ab_phase_boundaries.csv,/home/lyx/projects/dfm/Glenn_DFT_Paper01/references/AB_phase_diagram_fig1_jcp2021.eps
SCFT,C/G,left,6,21,0.338620689655,19.709897610922,literature reference overlay; not a BVK2 accepted root,/home/lyx/projects/dfm/Glenn_DFT_Paper01/MonteCarlo/results/jcp2021_ab_phase_diagram_digitization/jcp2021_ab_phase_boundaries.csv,/home/lyx/projects/dfm/Glenn_DFT_Paper01/references/AB_phase_diagram_fig1_jcp2021.eps
SCFT,C/G,left,6,22,0.33724137931,20.136518771331,literature reference overlay; not a BVK2 accepted root,/home/lyx/projects/dfm/Glenn_DFT_Paper01/MonteCarlo/results/jcp2021_ab_phase_diagram_digitization/jcp2021_ab_phase_boundaries.csv,/home/lyx/projects/dfm/Glenn_DFT_Paper01/references/AB_phase_diagram_fig1_jcp2021.eps
SCFT,C/G,left,6,23,0.336551724138,20.5204778157,literature reference overlay; not a BVK2 accepted root,/home/lyx/projects/dfm/Glenn_DFT_Paper01/MonteCarlo/results/jcp2021_ab_phase_diagram_digitization/jcp2021_ab_phase_boundaries.csv,/home/lyx/projects/dfm/Glenn_DFT_Paper01/references/AB_phase_diagram_fig1_jcp2021.eps
SCFT,C/G,left,6,24,0.335172413793,20.904436860068,literature reference overlay; not a BVK2 accepted root,/home/lyx/projects/dfm/Glenn_DFT_Paper01/MonteCarlo/results/jcp2021_ab_phase_diagram_digitization/jcp2021_ab_phase_boundaries.csv,/home/lyx/projects/dfm/Glenn_DFT_Paper01/references/AB_phase_diagram_fig1_jcp2021.eps
SCFT,C/G,left,6,25,0.333793103448,21.288395904437,literature reference overlay; not a BVK2 accepted root,/home/lyx/projects/dfm/Glenn_DFT_Paper01/MonteCarlo/results/jcp2021_ab_phase_diagram_digitization/jcp2021_ab_phase_boundaries.csv,/home/lyx/projects/dfm/Glenn_DFT_Paper01/references/AB_phase_diagram_fig1_jcp2021.eps
SCFT,C/G,left,6,26,0.333103448276,21.672354948805,literature reference overlay; not a BVK2 accepted root,/home/lyx/projects/dfm/Glenn_DFT_Paper01/MonteCarlo/results/jcp2021_ab_phase_diagram_digitization/jcp2021_ab_phase_boundaries.csv,/home/lyx/projects/dfm/Glenn_DFT_Paper01/references/AB_phase_diagram_fig1_jcp2021.eps
SCFT,C/G,left,6,27,0.331724137931,22.056313993174,literature reference overlay; not a BVK2 accepted root,/home/lyx/projects/dfm/Glenn_DFT_Paper01/MonteCarlo/results/jcp2021_ab_phase_diagram_digitization/jcp2021_ab_phase_boundaries.csv,/home/lyx/projects/dfm/Glenn_DFT_Paper01/references/AB_phase_diagram_fig1_jcp2021.eps
SCFT,C/G,left,6,28,0.331034482759,22.440273037543,literature reference overlay; not a BVK2 accepted root,/home/lyx/projects/dfm/Glenn_DFT_Paper01/MonteCarlo/results/jcp2021_ab_phase_diagram_digitization/jcp2021_ab_phase_boundaries.csv,/home/lyx/projects/dfm/Glenn_DFT_Paper01/references/AB_phase_diagram_fig1_jcp2021.eps
SCFT,C/G,left,6,29,0.330344827586,22.824232081911,literature reference overlay; not a BVK2 accepted root,/home/lyx/projects/dfm/Glenn_DFT_Paper01/MonteCarlo/results/jcp2021_ab_phase_diagram_digitization/jcp2021_ab_phase_boundaries.csv,/home/lyx/projects/dfm/Glenn_DFT_Paper01/references/AB_phase_diagram_fig1_jcp2021.eps
SCFT,C/G,left,6,30,0.328965517241,23.20819112628,literature reference overlay; not a BVK2 accepted root,/home/lyx/projects/dfm/Glenn_DFT_Paper01/MonteCarlo/results/jcp2021_ab_phase_diagram_digitization/jcp2021_ab_phase_boundaries.csv,/home/lyx/projects/dfm/Glenn_DFT_Paper01/references/AB_phase_diagram_fig1_jcp2021.eps
SCFT,C/G,left,6,31,0.328275862069,23.592150170648,literature reference overlay; not a BVK2 accepted root,/home/lyx/projects/dfm/Glenn_DFT_Paper01/MonteCarlo/results/jcp2021_ab_phase_diagram_digitization/jcp2021_ab_phase_boundaries.csv,/home/lyx/projects/dfm/Glenn_DFT_Paper01/references/AB_phase_diagram_fig1_jcp2021.eps
SCFT,C/G,left,6,32,0.327586206897,24.018771331058,literature reference overlay; not a BVK2 accepted root,/home/lyx/projects/dfm/Glenn_DFT_Paper01/MonteCarlo/results/jcp2021_ab_phase_diagram_digitization/jcp2021_ab_phase_boundaries.csv,/home/lyx/projects/dfm/Glenn_DFT_Paper01/references/AB_phase_diagram_fig1_jcp2021.eps
SCFT,C/G,left,6,33,0.326896551724,24.402730375427,literature reference overlay; not a BVK2 accepted root,/home/lyx/projects/dfm/Glenn_DFT_Paper01/MonteCarlo/results/jcp2021_ab_phase_diagram_digitization/jcp2021_ab_phase_boundaries.csv,/home/lyx/projects/dfm/Glenn_DFT_Paper01/references/AB_phase_diagram_fig1_jcp2021.eps
SCFT,C/G,left,6,34,0.326206896552,24.786689419795,literature reference overlay; not a BVK2 accepted root,/home/lyx/projects/dfm/Glenn_DFT_Paper01/MonteCarlo/results/jcp2021_ab_phase_diagram_digitization/jcp2021_ab_phase_boundaries.csv,/home/lyx/projects/dfm/Glenn_DFT_Paper01/references/AB_phase_diagram_fig1_jcp2021.eps
SCFT,C/G,left,6,35,0.325517241379,25.170648464164,literature reference overlay; not a BVK2 accepted root,/home/lyx/projects/dfm/Glenn_DFT_Paper01/MonteCarlo/results/jcp2021_ab_phase_diagram_digitization/jcp2021_ab_phase_boundaries.csv,/home/lyx/projects/dfm/Glenn_DFT_Paper01/references/AB_phase_diagram_fig1_jcp2021.eps
SCFT,C/G,left,6,36,0.324827586207,25.554607508532,literature reference overlay; not a BVK2 accepted root,/home/lyx/projects/dfm/Glenn_DFT_Paper01/MonteCarlo/results/jcp2021_ab_phase_diagram_digitization/jcp2021_ab_phase_boundaries.csv,/home/lyx/projects/dfm/Glenn_DFT_Paper01/references/AB_phase_diagram_fig1_jcp2021.eps
SCFT,C/G,left,6,37,0.324827586207,25.938566552901,literature reference overlay; not a BVK2 accepted root,/home/lyx/projects/dfm/Glenn_DFT_Paper01/MonteCarlo/results/jcp2021_ab_phase_diagram_digitization/jcp2021_ab_phase_boundaries.csv,/home/lyx/projects/dfm/Glenn_DFT_Paper01/references/AB_phase_diagram_fig1_jcp2021.eps
SCFT,C/G,left,6,38,0.324137931034,26.32252559727,literature reference overlay; not a BVK2 accepted root,/home/lyx/projects/dfm/Glenn_DFT_Paper01/MonteCarlo/results/jcp2021_ab_phase_diagram_digitization/jcp2021_ab_phase_boundaries.csv,/home/lyx/projects/dfm/Glenn_DFT_Paper01/references/AB_phase_diagram_fig1_jcp2021.eps
SCFT,C/G,left,6,39,0.323448275862,26.706484641638,literature reference overlay; not a BVK2 accepted root,/home/lyx/projects/dfm/Glenn_DFT_Paper01/MonteCarlo/results/jcp2021_ab_phase_diagram_digitization/jcp2021_ab_phase_boundaries.csv,/home/lyx/projects/dfm/Glenn_DFT_Paper01/references/AB_phase_diagram_fig1_jcp2021.eps
SCFT,C/G,left,6,40,0.32275862069,27.090443686007,literature reference overlay; not a BVK2 accepted root,/home/lyx/projects/dfm/Glenn_DFT_Paper01/MonteCarlo/results/jcp2021_ab_phase_diagram_digitization/jcp2021_ab_phase_boundaries.csv,/home/lyx/projects/dfm/Glenn_DFT_Paper01/references/AB_phase_diagram_fig1_jcp2021.eps
SCFT,C/G,left,6,41,0.32275862069,27.474402730375,literature reference overlay; not a BVK2 accepted root,/home/lyx/projects/dfm/Glenn_DFT_Paper01/MonteCarlo/results/jcp2021_ab_phase_diagram_digitization/jcp2021_ab_phase_boundaries.csv,/home/lyx/projects/dfm/Glenn_DFT_Paper01/references/AB_phase_diagram_fig1_jcp2021.eps
SCFT,C/G,left,6,42,0.322068965517,27.858361774744,literature reference overlay; not a BVK2 accepted root,/home/lyx/projects/dfm/Glenn_DFT_Paper01/MonteCarlo/results/jcp2021_ab_phase_diagram_digitization/jcp2021_ab_phase_boundaries.csv,/home/lyx/projects/dfm/Glenn_DFT_Paper01/references/AB_phase_diagram_fig1_jcp2021.eps
SCFT,C/G,left,6,43,0.321379310345,28.284982935154,literature reference overlay; not a BVK2 accepted root,/home/lyx/projects/dfm/Glenn_DFT_Paper01/MonteCarlo/results/jcp2021_ab_phase_diagram_digitization/jcp2021_ab_phase_boundaries.csv,/home/lyx/projects/dfm/Glenn_DFT_Paper01/references/AB_phase_diagram_fig1_jcp2021.eps
SCFT,C/G,left,6,44,0.321379310345,28.668941979522,literature reference overlay; not a BVK2 accepted root,/home/lyx/projects/dfm/Glenn_DFT_Paper01/MonteCarlo/results/jcp2021_ab_phase_diagram_digitization/jcp2021_ab_phase_boundaries.csv,/home/lyx/projects/dfm/Glenn_DFT_Paper01/references/AB_phase_diagram_fig1_jcp2021.eps
SCFT,C/G,left,6,45,0.320689655172,29.052901023891,literature reference overlay; not a BVK2 accepted root,/home/lyx/projects/dfm/Glenn_DFT_Paper01/MonteCarlo/results/jcp2021_ab_phase_diagram_digitization/jcp2021_ab_phase_boundaries.csv,/home/lyx/projects/dfm/Glenn_DFT_Paper01/references/AB_phase_diagram_fig1_jcp2021.eps
SCFT,C/G,left,6,46,0.320689655172,29.436860068259,literature reference overlay; not a BVK2 accepted root,/home/lyx/projects/dfm/Glenn_DFT_Paper01/MonteCarlo/results/jcp2021_ab_phase_diagram_digitization/jcp2021_ab_phase_boundaries.csv,/home/lyx/projects/dfm/Glenn_DFT_Paper01/references/AB_phase_diagram_fig1_jcp2021.eps
SCFT,C/G,left,6,47,0.32,29.820819112628,literature reference overlay; not a BVK2 accepted root,/home/lyx/projects/dfm/Glenn_DFT_Paper01/MonteCarlo/results/jcp2021_ab_phase_diagram_digitization/jcp2021_ab_phase_boundaries.csv,/home/lyx/projects/dfm/Glenn_DFT_Paper01/references/AB_phase_diagram_fig1_jcp2021.eps
SCFT,C/G,left,6,48,0.32,30.204778156997,literature reference overlay; not a BVK2 accepted root,/home/lyx/projects/dfm/Glenn_DFT_Paper01/MonteCarlo/results/jcp2021_ab_phase_diagram_digitization/jcp2021_ab_phase_boundaries.csv,/home/lyx/projects/dfm/Glenn_DFT_Paper01/references/AB_phase_diagram_fig1_jcp2021.eps
SCFT,C/G,left,6,49,0.319310344828,30.588737201365,literature reference overlay; not a BVK2 accepted root,/home/lyx/projects/dfm/Glenn_DFT_Paper01/MonteCarlo/results/jcp2021_ab_phase_diagram_digitization/jcp2021_ab_phase_boundaries.csv,/home/lyx/projects/dfm/Glenn_DFT_Paper01/references/AB_phase_diagram_fig1_jcp2021.eps
SCFT,C/G,left,6,50,0.319310344828,30.972696245734,literature reference overlay; not a BVK2 accepted root,/home/lyx/projects/dfm/Glenn_DFT_Paper01/MonteCarlo/results/jcp2021_ab_phase_diagram_digitization/jcp2021_ab_phase_boundaries.csv,/home/lyx/projects/dfm/Glenn_DFT_Paper01/references/AB_phase_diagram_fig1_jcp2021.eps
SCFT,C/G,left,6,51,0.318620689655,31.356655290102,literature reference overlay; not a BVK2 accepted root,/home/lyx/projects/dfm/Glenn_DFT_Paper01/MonteCarlo/results/jcp2021_ab_phase_diagram_digitization/jcp2021_ab_phase_boundaries.csv,/home/lyx/projects/dfm/Glenn_DFT_Paper01/references/AB_phase_diagram_fig1_jcp2021.eps
SCFT,C/G,left,6,52,0.318620689655,31.740614334471,literature reference overlay; not a BVK2 accepted root,/home/lyx/projects/dfm/Glenn_DFT_Paper01/MonteCarlo/results/jcp2021_ab_phase_diagram_digitization/jcp2021_ab_phase_boundaries.csv,/home/lyx/projects/dfm/Glenn_DFT_Paper01/references/AB_phase_diagram_fig1_jcp2021.eps
SCFT,C/G,left,6,53,0.318620689655,32.167235494881,literature reference overlay; not a BVK2 accepted root,/home/lyx/projects/dfm/Glenn_DFT_Paper01/MonteCarlo/results/jcp2021_ab_phase_diagram_digitization/jcp2021_ab_phase_boundaries.csv,/home/lyx/projects/dfm/Glenn_DFT_Paper01/references/AB_phase_diagram_fig1_jcp2021.eps
SCFT,C/G,left,6,54,0.317931034483,32.551194539249,literature reference overlay; not a BVK2 accepted root,/home/lyx/projects/dfm/Glenn_DFT_Paper01/MonteCarlo/results/jcp2021_ab_phase_diagram_digitization/jcp2021_ab_phase_boundaries.csv,/home/lyx/projects/dfm/Glenn_DFT_Paper01/references/AB_phase_diagram_fig1_jcp2021.eps
SCFT,C/G,left,6,55,0.317931034483,32.935153583618,literature reference overlay; not a BVK2 accepted root,/home/lyx/projects/dfm/Glenn_DFT_Paper01/MonteCarlo/results/jcp2021_ab_phase_diagram_digitization/jcp2021_ab_phase_boundaries.csv,/home/lyx/projects/dfm/Glenn_DFT_Paper01/references/AB_phase_diagram_fig1_jcp2021.eps
SCFT,C/G,left,6,56,0.317931034483,33.319112627986,literature reference overlay; not a BVK2 accepted root,/home/lyx/projects/dfm/Glenn_DFT_Paper01/MonteCarlo/results/jcp2021_ab_phase_diagram_digitization/jcp2021_ab_phase_boundaries.csv,/home/lyx/projects/dfm/Glenn_DFT_Paper01/references/AB_phase_diagram_fig1_jcp2021.eps
SCFT,C/G,left,6,57,0.317931034483,33.703071672355,literature reference overlay; not a BVK2 accepted root,/home/lyx/projects/dfm/Glenn_DFT_Paper01/MonteCarlo/results/jcp2021_ab_phase_diagram_digitization/jcp2021_ab_phase_boundaries.csv,/home/lyx/projects/dfm/Glenn_DFT_Paper01/references/AB_phase_diagram_fig1_jcp2021.eps
SCFT,C/G,left,6,58,0.31724137931,34.087030716724,literature reference overlay; not a BVK2 accepted root,/home/lyx/projects/dfm/Glenn_DFT_Paper01/MonteCarlo/results/jcp2021_ab_phase_diagram_digitization/jcp2021_ab_phase_boundaries.csv,/home/lyx/projects/dfm/Glenn_DFT_Paper01/references/AB_phase_diagram_fig1_jcp2021.eps
SCFT,C/G,left,6,59,0.31724137931,34.470989761092,literature reference overlay; not a BVK2 accepted root,/home/lyx/projects/dfm/Glenn_DFT_Paper01/MonteCarlo/results/jcp2021_ab_phase_diagram_digitization/jcp2021_ab_phase_boundaries.csv,/home/lyx/projects/dfm/Glenn_DFT_Paper01/references/AB_phase_diagram_fig1_jcp2021.eps
SCFT,C/G,left,6,60,0.31724137931,34.854948805461,literature reference overlay; not a BVK2 accepted root,/home/lyx/projects/dfm/Glenn_DFT_Paper01/MonteCarlo/results/jcp2021_ab_phase_diagram_digitization/jcp2021_ab_phase_boundaries.csv,/home/lyx/projects/dfm/Glenn_DFT_Paper01/references/AB_phase_diagram_fig1_jcp2021.eps
SCFT,C/G,left,6,61,0.316551724138,35.238907849829,literature reference overlay; not a BVK2 accepted root,/home/lyx/projects/dfm/Glenn_DFT_Paper01/MonteCarlo/results/jcp2021_ab_phase_diagram_digitization/jcp2021_ab_phase_boundaries.csv,/home/lyx/projects/dfm/Glenn_DFT_Paper01/references/AB_phase_diagram_fig1_jcp2021.eps
SCFT,C/G,left,6,62,0.316551724138,35.622866894198,literature reference overlay; not a BVK2 accepted root,/home/lyx/projects/dfm/Glenn_DFT_Paper01/MonteCarlo/results/jcp2021_ab_phase_diagram_digitization/jcp2021_ab_phase_boundaries.csv,/home/lyx/projects/dfm/Glenn_DFT_Paper01/references/AB_phase_diagram_fig1_jcp2021.eps
SCFT,C/G,left,6,63,0.316551724138,36.049488054608,literature reference overlay; not a BVK2 accepted root,/home/lyx/projects/dfm/Glenn_DFT_Paper01/MonteCarlo/results/jcp2021_ab_phase_diagram_digitization/jcp2021_ab_phase_boundaries.csv,/home/lyx/projects/dfm/Glenn_DFT_Paper01/references/AB_phase_diagram_fig1_jcp2021.eps
SCFT,C/G,left,6,64,0.316551724138,36.433447098976,literature reference overlay; not a BVK2 accepted root,/home/lyx/projects/dfm/Glenn_DFT_Paper01/MonteCarlo/results/jcp2021_ab_phase_diagram_digitization/jcp2021_ab_phase_boundaries.csv,/home/lyx/projects/dfm/Glenn_DFT_Paper01/references/AB_phase_diagram_fig1_jcp2021.eps
SCFT,C/G,left,6,65,0.315862068966,36.817406143345,literature reference overlay; not a BVK2 accepted root,/home/lyx/projects/dfm/Glenn_DFT_Paper01/MonteCarlo/results/jcp2021_ab_phase_diagram_digitization/jcp2021_ab_phase_boundaries.csv,/home/lyx/projects/dfm/Glenn_DFT_Paper01/references/AB_phase_diagram_fig1_jcp2021.eps
SCFT,C/G,left,6,66,0.315862068966,37.201365187713,literature reference overlay; not a BVK2 accepted root,/home/lyx/projects/dfm/Glenn_DFT_Paper01/MonteCarlo/results/jcp2021_ab_phase_diagram_digitization/jcp2021_ab_phase_boundaries.csv,/home/lyx/projects/dfm/Glenn_DFT_Paper01/references/AB_phase_diagram_fig1_jcp2021.eps
SCFT,C/G,left,6,67,0.315862068966,37.585324232082,literature reference overlay; not a BVK2 accepted root,/home/lyx/projects/dfm/Glenn_DFT_Paper01/MonteCarlo/results/jcp2021_ab_phase_diagram_digitization/jcp2021_ab_phase_boundaries.csv,/home/lyx/projects/dfm/Glenn_DFT_Paper01/references/AB_phase_diagram_fig1_jcp2021.eps
SCFT,C/G,left,6,68,0.315862068966,37.969283276451,literature reference overlay; not a BVK2 accepted root,/home/lyx/projects/dfm/Glenn_DFT_Paper01/MonteCarlo/results/jcp2021_ab_phase_diagram_digitization/jcp2021_ab_phase_boundaries.csv,/home/lyx/projects/dfm/Glenn_DFT_Paper01/references/AB_phase_diagram_fig1_jcp2021.eps
SCFT,C/G,left,6,69,0.315862068966,38.353242320819,literature reference overlay; not a BVK2 accepted root,/home/lyx/projects/dfm/Glenn_DFT_Paper01/MonteCarlo/results/jcp2021_ab_phase_diagram_digitization/jcp2021_ab_phase_boundaries.csv,/home/lyx/projects/dfm/Glenn_DFT_Paper01/references/AB_phase_diagram_fig1_jcp2021.eps
SCFT,C/G,left,6,70,0.315172413793,38.737201365188,literature reference overlay; not a BVK2 accepted root,/home/lyx/projects/dfm/Glenn_DFT_Paper01/MonteCarlo/results/jcp2021_ab_phase_diagram_digitization/jcp2021_ab_phase_boundaries.csv,/home/lyx/projects/dfm/Glenn_DFT_Paper01/references/AB_phase_diagram_fig1_jcp2021.eps
SCFT,C/G,left,6,71,0.315172413793,39.121160409556,literature reference overlay; not a BVK2 accepted root,/home/lyx/projects/dfm/Glenn_DFT_Paper01/MonteCarlo/results/jcp2021_ab_phase_diagram_digitization/jcp2021_ab_phase_boundaries.csv,/home/lyx/projects/dfm/Glenn_DFT_Paper01/references/AB_phase_diagram_fig1_jcp2021.eps
SCFT,C/G,left,6,72,0.315172413793,39.505119453925,literature reference overlay; not a BVK2 accepted root,/home/lyx/projects/dfm/Glenn_DFT_Paper01/MonteCarlo/results/jcp2021_ab_phase_diagram_digitization/jcp2021_ab_phase_boundaries.csv,/home/lyx/projects/dfm/Glenn_DFT_Paper01/references/AB_phase_diagram_fig1_jcp2021.eps
SCFT,C/G,left,6,73,0.315172413793,39.889078498294,literature reference overlay; not a BVK2 accepted root,/home/lyx/projects/dfm/Glenn_DFT_Paper01/MonteCarlo/results/jcp2021_ab_phase_diagram_digitization/jcp2021_ab_phase_boundaries.csv,/home/lyx/projects/dfm/Glenn_DFT_Paper01/references/AB_phase_diagram_fig1_jcp2021.eps
SCFT,C/G,left,6,74,0.314482758621,40.315699658703,literature reference overlay; not a BVK2 accepted root,/home/lyx/projects/dfm/Glenn_DFT_Paper01/MonteCarlo/results/jcp2021_ab_phase_diagram_digitization/jcp2021_ab_phase_boundaries.csv,/home/lyx/projects/dfm/Glenn_DFT_Paper01/references/AB_phase_diagram_fig1_jcp2021.eps
SCFT,C/G,left,6,75,0.314482758621,40.699658703072,literature reference overlay; not a BVK2 accepted root,/home/lyx/projects/dfm/Glenn_DFT_Paper01/MonteCarlo/results/jcp2021_ab_phase_diagram_digitization/jcp2021_ab_phase_boundaries.csv,/home/lyx/projects/dfm/Glenn_DFT_Paper01/references/AB_phase_diagram_fig1_jcp2021.eps
SCFT,C/G,left,6,76,0.314482758621,41.08361774744,literature reference overlay; not a BVK2 accepted root,/home/lyx/projects/dfm/Glenn_DFT_Paper01/MonteCarlo/results/jcp2021_ab_phase_diagram_digitization/jcp2021_ab_phase_boundaries.csv,/home/lyx/projects/dfm/Glenn_DFT_Paper01/references/AB_phase_diagram_fig1_jcp2021.eps
SCFT,C/G,left,6,77,0.314482758621,41.467576791809,literature reference overlay; not a BVK2 accepted root,/home/lyx/projects/dfm/Glenn_DFT_Paper01/MonteCarlo/results/jcp2021_ab_phase_diagram_digitization/jcp2021_ab_phase_boundaries.csv,/home/lyx/projects/dfm/Glenn_DFT_Paper01/references/AB_phase_diagram_fig1_jcp2021.eps
SCFT,C/G,left,6,78,0.313793103448,41.851535836177,literature reference overlay; not a BVK2 accepted root,/home/lyx/projects/dfm/Glenn_DFT_Paper01/MonteCarlo/results/jcp2021_ab_phase_diagram_digitization/jcp2021_ab_phase_boundaries.csv,/home/lyx/projects/dfm/Glenn_DFT_Paper01/references/AB_phase_diagram_fig1_jcp2021.eps
SCFT,C/G,left,6,79,0.313793103448,42.235494880546,literature reference overlay; not a BVK2 accepted root,/home/lyx/projects/dfm/Glenn_DFT_Paper01/MonteCarlo/results/jcp2021_ab_phase_diagram_digitization/jcp2021_ab_phase_boundaries.csv,/home/lyx/projects/dfm/Glenn_DFT_Paper01/references/AB_phase_diagram_fig1_jcp2021.eps
SCFT,C/G,left,6,80,0.313793103448,42.619453924915,literature reference overlay; not a BVK2 accepted root,/home/lyx/projects/dfm/Glenn_DFT_Paper01/MonteCarlo/results/jcp2021_ab_phase_diagram_digitization/jcp2021_ab_phase_boundaries.csv,/home/lyx/projects/dfm/Glenn_DFT_Paper01/references/AB_phase_diagram_fig1_jcp2021.eps
SCFT,C/G,left,6,81,0.313793103448,43.003412969283,literature reference overlay; not a BVK2 accepted root,/home/lyx/projects/dfm/Glenn_DFT_Paper01/MonteCarlo/results/jcp2021_ab_phase_diagram_digitization/jcp2021_ab_phase_boundaries.csv,/home/lyx/projects/dfm/Glenn_DFT_Paper01/references/AB_phase_diagram_fig1_jcp2021.eps
SCFT,C/G,left,6,82,0.313793103448,43.387372013652,literature reference overlay; not a BVK2 accepted root,/home/lyx/projects/dfm/Glenn_DFT_Paper01/MonteCarlo/results/jcp2021_ab_phase_diagram_digitization/jcp2021_ab_phase_boundaries.csv,/home/lyx/projects/dfm/Glenn_DFT_Paper01/references/AB_phase_diagram_fig1_jcp2021.eps
SCFT,C/G,left,6,83,0.313103448276,43.77133105802,literature reference overlay; not a BVK2 accepted root,/home/lyx/projects/dfm/Glenn_DFT_Paper01/MonteCarlo/results/jcp2021_ab_phase_diagram_digitization/jcp2021_ab_phase_boundaries.csv,/home/lyx/projects/dfm/Glenn_DFT_Paper01/references/AB_phase_diagram_fig1_jcp2021.eps
SCFT,C/G,left,6,84,0.313103448276,44.19795221843,literature reference overlay; not a BVK2 accepted root,/home/lyx/projects/dfm/Glenn_DFT_Paper01/MonteCarlo/results/jcp2021_ab_phase_diagram_digitization/jcp2021_ab_phase_boundaries.csv,/home/lyx/projects/dfm/Glenn_DFT_Paper01/references/AB_phase_diagram_fig1_jcp2021.eps
SCFT,C/G,left,6,85,0.313103448276,44.581911262799,literature reference overlay; not a BVK2 accepted root,/home/lyx/projects/dfm/Glenn_DFT_Paper01/MonteCarlo/results/jcp2021_ab_phase_diagram_digitization/jcp2021_ab_phase_boundaries.csv,/home/lyx/projects/dfm/Glenn_DFT_Paper01/references/AB_phase_diagram_fig1_jcp2021.eps
SCFT,C/G,left,6,86,0.313103448276,44.965870307167,literature reference overlay; not a BVK2 accepted root,/home/lyx/projects/dfm/Glenn_DFT_Paper01/MonteCarlo/results/jcp2021_ab_phase_diagram_digitization/jcp2021_ab_phase_boundaries.csv,/home/lyx/projects/dfm/Glenn_DFT_Paper01/references/AB_phase_diagram_fig1_jcp2021.eps
SCFT,C/G,left,6,87,0.313103448276,45.349829351536,literature reference overlay; not a BVK2 accepted root,/home/lyx/projects/dfm/Glenn_DFT_Paper01/MonteCarlo/results/jcp2021_ab_phase_diagram_digitization/jcp2021_ab_phase_boundaries.csv,/home/lyx/projects/dfm/Glenn_DFT_Paper01/references/AB_phase_diagram_fig1_jcp2021.eps
SCFT,C/G,left,6,88,0.312413793103,45.733788395904,literature reference overlay; not a BVK2 accepted root,/home/lyx/projects/dfm/Glenn_DFT_Paper01/MonteCarlo/results/jcp2021_ab_phase_diagram_digitization/jcp2021_ab_phase_boundaries.csv,/home/lyx/projects/dfm/Glenn_DFT_Paper01/references/AB_phase_diagram_fig1_jcp2021.eps
SCFT,C/G,left,6,89,0.312413793103,46.117747440273,literature reference overlay; not a BVK2 accepted root,/home/lyx/projects/dfm/Glenn_DFT_Paper01/MonteCarlo/results/jcp2021_ab_phase_diagram_digitization/jcp2021_ab_phase_boundaries.csv,/home/lyx/projects/dfm/Glenn_DFT_Paper01/references/AB_phase_diagram_fig1_jcp2021.eps
SCFT,C/G,left,6,90,0.312413793103,46.501706484642,literature reference overlay; not a BVK2 accepted root,/home/lyx/projects/dfm/Glenn_DFT_Paper01/MonteCarlo/results/jcp2021_ab_phase_diagram_digitization/jcp2021_ab_phase_boundaries.csv,/home/lyx/projects/dfm/Glenn_DFT_Paper01/references/AB_phase_diagram_fig1_jcp2021.eps
SCFT,C/G,left,6,91,0.312413793103,46.88566552901,literature reference overlay; not a BVK2 accepted root,/home/lyx/projects/dfm/Glenn_DFT_Paper01/MonteCarlo/results/jcp2021_ab_phase_diagram_digitization/jcp2021_ab_phase_boundaries.csv,/home/lyx/projects/dfm/Glenn_DFT_Paper01/references/AB_phase_diagram_fig1_jcp2021.eps
SCFT,C/G,left,6,92,0.311724137931,47.269624573379,literature reference overlay; not a BVK2 accepted root,/home/lyx/projects/dfm/Glenn_DFT_Paper01/MonteCarlo/results/jcp2021_ab_phase_diagram_digitization/jcp2021_ab_phase_boundaries.csv,/home/lyx/projects/dfm/Glenn_DFT_Paper01/references/AB_phase_diagram_fig1_jcp2021.eps
SCFT,C/G,left,6,93,0.311724137931,47.653583617747,literature reference overlay; not a BVK2 accepted root,/home/lyx/projects/dfm/Glenn_DFT_Paper01/MonteCarlo/results/jcp2021_ab_phase_diagram_digitization/jcp2021_ab_phase_boundaries.csv,/home/lyx/projects/dfm/Glenn_DFT_Paper01/references/AB_phase_diagram_fig1_jcp2021.eps
SCFT,C/G,left,6,94,0.311724137931,48.080204778157,literature reference overlay; not a BVK2 accepted root,/home/lyx/projects/dfm/Glenn_DFT_Paper01/MonteCarlo/results/jcp2021_ab_phase_diagram_digitization/jcp2021_ab_phase_boundaries.csv,/home/lyx/projects/dfm/Glenn_DFT_Paper01/references/AB_phase_diagram_fig1_jcp2021.eps
SCFT,C/G,left,6,95,0.311724137931,48.464163822526,literature reference overlay; not a BVK2 accepted root,/home/lyx/projects/dfm/Glenn_DFT_Paper01/MonteCarlo/results/jcp2021_ab_phase_diagram_digitization/jcp2021_ab_phase_boundaries.csv,/home/lyx/projects/dfm/Glenn_DFT_Paper01/references/AB_phase_diagram_fig1_jcp2021.eps
SCFT,C/G,left,6,96,0.311034482759,48.848122866894,literature reference overlay; not a BVK2 accepted root,/home/lyx/projects/dfm/Glenn_DFT_Paper01/MonteCarlo/results/jcp2021_ab_phase_diagram_digitization/jcp2021_ab_phase_boundaries.csv,/home/lyx/projects/dfm/Glenn_DFT_Paper01/references/AB_phase_diagram_fig1_jcp2021.eps
SCFT,C/G,left,6,97,0.311034482759,49.232081911263,literature reference overlay; not a BVK2 accepted root,/home/lyx/projects/dfm/Glenn_DFT_Paper01/MonteCarlo/results/jcp2021_ab_phase_diagram_digitization/jcp2021_ab_phase_boundaries.csv,/home/lyx/projects/dfm/Glenn_DFT_Paper01/references/AB_phase_diagram_fig1_jcp2021.eps
SCFT,C/G,left,6,98,0.311034482759,49.616040955631,literature reference overlay; not a BVK2 accepted root,/home/lyx/projects/dfm/Glenn_DFT_Paper01/MonteCarlo/results/jcp2021_ab_phase_diagram_digitization/jcp2021_ab_phase_boundaries.csv,/home/lyx/projects/dfm/Glenn_DFT_Paper01/references/AB_phase_diagram_fig1_jcp2021.eps
SCFT,C/G,left,6,99,0.311034482759,50.0,literature reference overlay; not a BVK2 accepted root,/home/lyx/projects/dfm/Glenn_DFT_Paper01/MonteCarlo/results/jcp2021_ab_phase_diagram_digitization/jcp2021_ab_phase_boundaries.csv,/home/lyx/projects/dfm/Glenn_DFT_Paper01/references/AB_phase_diagram_fig1_jcp2021.eps
SCFT,C/G,right,13,0,0.564827586207,11.561433447099,literature reference overlay; not a BVK2 accepted root,/home/lyx/projects/dfm/Glenn_DFT_Paper01/MonteCarlo/results/jcp2021_ab_phase_diagram_digitization/jcp2021_ab_phase_boundaries.csv,/home/lyx/projects/dfm/Glenn_DFT_Paper01/references/AB_phase_diagram_fig1_jcp2021.eps
SCFT,C/G,right,13,1,0.578620689655,11.988054607509,literature reference overlay; not a BVK2 accepted root,/home/lyx/projects/dfm/Glenn_DFT_Paper01/MonteCarlo/results/jcp2021_ab_phase_diagram_digitization/jcp2021_ab_phase_boundaries.csv,/home/lyx/projects/dfm/Glenn_DFT_Paper01/references/AB_phase_diagram_fig1_jcp2021.eps
SCFT,C/G,right,13,2,0.590344827586,12.372013651877,literature reference overlay; not a BVK2 accepted root,/home/lyx/projects/dfm/Glenn_DFT_Paper01/MonteCarlo/results/jcp2021_ab_phase_diagram_digitization/jcp2021_ab_phase_boundaries.csv,/home/lyx/projects/dfm/Glenn_DFT_Paper01/references/AB_phase_diagram_fig1_jcp2021.eps
SCFT,C/G,right,13,3,0.599310344828,12.755972696246,literature reference overlay; not a BVK2 accepted root,/home/lyx/projects/dfm/Glenn_DFT_Paper01/MonteCarlo/results/jcp2021_ab_phase_diagram_digitization/jcp2021_ab_phase_boundaries.csv,/home/lyx/projects/dfm/Glenn_DFT_Paper01/references/AB_phase_diagram_fig1_jcp2021.eps
SCFT,C/G,right,13,4,0.606896551724,13.139931740614,literature reference overlay; not a BVK2 accepted root,/home/lyx/projects/dfm/Glenn_DFT_Paper01/MonteCarlo/results/jcp2021_ab_phase_diagram_digitization/jcp2021_ab_phase_boundaries.csv,/home/lyx/projects/dfm/Glenn_DFT_Paper01/references/AB_phase_diagram_fig1_jcp2021.eps
SCFT,C/G,right,13,5,0.613103448276,13.523890784983,literature reference overlay; not a BVK2 accepted root,/home/lyx/projects/dfm/Glenn_DFT_Paper01/MonteCarlo/results/jcp2021_ab_phase_diagram_digitization/jcp2021_ab_phase_boundaries.csv,/home/lyx/projects/dfm/Glenn_DFT_Paper01/references/AB_phase_diagram_fig1_jcp2021.eps
SCFT,C/G,right,13,6,0.618620689655,13.907849829352,literature reference overlay; not a BVK2 accepted root,/home/lyx/projects/dfm/Glenn_DFT_Paper01/MonteCarlo/results/jcp2021_ab_phase_diagram_digitization/jcp2021_ab_phase_boundaries.csv,/home/lyx/projects/dfm/Glenn_DFT_Paper01/references/AB_phase_diagram_fig1_jcp2021.eps
SCFT,C/G,right,13,7,0.623448275862,14.29180887372,literature reference overlay; not a BVK2 accepted root,/home/lyx/projects/dfm/Glenn_DFT_Paper01/MonteCarlo/results/jcp2021_ab_phase_diagram_digitization/jcp2021_ab_phase_boundaries.csv,/home/lyx/projects/dfm/Glenn_DFT_Paper01/references/AB_phase_diagram_fig1_jcp2021.eps
SCFT,C/G,right,13,8,0.627586206897,14.675767918089,literature reference overlay; not a BVK2 accepted root,/home/lyx/projects/dfm/Glenn_DFT_Paper01/MonteCarlo/results/jcp2021_ab_phase_diagram_digitization/jcp2021_ab_phase_boundaries.csv,/home/lyx/projects/dfm/Glenn_DFT_Paper01/references/AB_phase_diagram_fig1_jcp2021.eps
SCFT,C/G,right,13,9,0.631724137931,15.059726962457,literature reference overlay; not a BVK2 accepted root,/home/lyx/projects/dfm/Glenn_DFT_Paper01/MonteCarlo/results/jcp2021_ab_phase_diagram_digitization/jcp2021_ab_phase_boundaries.csv,/home/lyx/projects/dfm/Glenn_DFT_Paper01/references/AB_phase_diagram_fig1_jcp2021.eps
SCFT,C/G,right,13,10,0.635862068966,15.443686006826,literature reference overlay; not a BVK2 accepted root,/home/lyx/projects/dfm/Glenn_DFT_Paper01/MonteCarlo/results/jcp2021_ab_phase_diagram_digitization/jcp2021_ab_phase_boundaries.csv,/home/lyx/projects/dfm/Glenn_DFT_Paper01/references/AB_phase_diagram_fig1_jcp2021.eps
SCFT,C/G,right,13,11,0.639310344828,15.827645051195,literature reference overlay; not a BVK2 accepted root,/home/lyx/projects/dfm/Glenn_DFT_Paper01/MonteCarlo/results/jcp2021_ab_phase_diagram_digitization/jcp2021_ab_phase_boundaries.csv,/home/lyx/projects/dfm/Glenn_DFT_Paper01/references/AB_phase_diagram_fig1_jcp2021.eps
SCFT,C/G,right,13,12,0.642068965517,16.254266211604,literature reference overlay; not a BVK2 accepted root,/home/lyx/projects/dfm/Glenn_DFT_Paper01/MonteCarlo/results/jcp2021_ab_phase_diagram_digitization/jcp2021_ab_phase_boundaries.csv,/home/lyx/projects/dfm/Glenn_DFT_Paper01/references/AB_phase_diagram_fig1_jcp2021.eps
SCFT,C/G,right,13,13,0.645517241379,16.638225255973,literature reference overlay; not a BVK2 accepted root,/home/lyx/projects/dfm/Glenn_DFT_Paper01/MonteCarlo/results/jcp2021_ab_phase_diagram_digitization/jcp2021_ab_phase_boundaries.csv,/home/lyx/projects/dfm/Glenn_DFT_Paper01/references/AB_phase_diagram_fig1_jcp2021.eps
SCFT,C/G,right,13,14,0.648275862069,17.022184300341,literature reference overlay; not a BVK2 accepted root,/home/lyx/projects/dfm/Glenn_DFT_Paper01/MonteCarlo/results/jcp2021_ab_phase_diagram_digitization/jcp2021_ab_phase_boundaries.csv,/home/lyx/projects/dfm/Glenn_DFT_Paper01/references/AB_phase_diagram_fig1_jcp2021.eps
SCFT,C/G,right,13,15,0.650344827586,17.40614334471,literature reference overlay; not a BVK2 accepted root,/home/lyx/projects/dfm/Glenn_DFT_Paper01/MonteCarlo/results/jcp2021_ab_phase_diagram_digitization/jcp2021_ab_phase_boundaries.csv,/home/lyx/projects/dfm/Glenn_DFT_Paper01/references/AB_phase_diagram_fig1_jcp2021.eps
SCFT,C/G,right,13,16,0.652413793103,17.790102389078,literature reference overlay; not a BVK2 accepted root,/home/lyx/projects/dfm/Glenn_DFT_Paper01/MonteCarlo/results/jcp2021_ab_phase_diagram_digitization/jcp2021_ab_phase_boundaries.csv,/home/lyx/projects/dfm/Glenn_DFT_Paper01/references/AB_phase_diagram_fig1_jcp2021.eps
SCFT,C/G,right,13,17,0.654482758621,18.174061433447,literature reference overlay; not a BVK2 accepted root,/home/lyx/projects/dfm/Glenn_DFT_Paper01/MonteCarlo/results/jcp2021_ab_phase_diagram_digitization/jcp2021_ab_phase_boundaries.csv,/home/lyx/projects/dfm/Glenn_DFT_Paper01/references/AB_phase_diagram_fig1_jcp2021.eps
SCFT,C/G,right,13,18,0.656551724138,18.558020477816,literature reference overlay; not a BVK2 accepted root,/home/lyx/projects/dfm/Glenn_DFT_Paper01/MonteCarlo/results/jcp2021_ab_phase_diagram_digitization/jcp2021_ab_phase_boundaries.csv,/home/lyx/projects/dfm/Glenn_DFT_Paper01/references/AB_phase_diagram_fig1_jcp2021.eps
SCFT,C/G,right,13,19,0.657931034483,18.941979522184,literature reference overlay; not a BVK2 accepted root,/home/lyx/projects/dfm/Glenn_DFT_Paper01/MonteCarlo/results/jcp2021_ab_phase_diagram_digitization/jcp2021_ab_phase_boundaries.csv,/home/lyx/projects/dfm/Glenn_DFT_Paper01/references/AB_phase_diagram_fig1_jcp2021.eps
SCFT,C/G,right,13,20,0.66,19.325938566553,literature reference overlay; not a BVK2 accepted root,/home/lyx/projects/dfm/Glenn_DFT_Paper01/MonteCarlo/results/jcp2021_ab_phase_diagram_digitization/jcp2021_ab_phase_boundaries.csv,/home/lyx/projects/dfm/Glenn_DFT_Paper01/references/AB_phase_diagram_fig1_jcp2021.eps
SCFT,C/G,right,13,21,0.661379310345,19.709897610922,literature reference overlay; not a BVK2 accepted root,/home/lyx/projects/dfm/Glenn_DFT_Paper01/MonteCarlo/results/jcp2021_ab_phase_diagram_digitization/jcp2021_ab_phase_boundaries.csv,/home/lyx/projects/dfm/Glenn_DFT_Paper01/references/AB_phase_diagram_fig1_jcp2021.eps
SCFT,C/G,right,13,22,0.66275862069,20.136518771331,literature reference overlay; not a BVK2 accepted root,/home/lyx/projects/dfm/Glenn_DFT_Paper01/MonteCarlo/results/jcp2021_ab_phase_diagram_digitization/jcp2021_ab_phase_boundaries.csv,/home/lyx/projects/dfm/Glenn_DFT_Paper01/references/AB_phase_diagram_fig1_jcp2021.eps
SCFT,C/G,right,13,23,0.663448275862,20.5204778157,literature reference overlay; not a BVK2 accepted root,/home/lyx/projects/dfm/Glenn_DFT_Paper01/MonteCarlo/results/jcp2021_ab_phase_diagram_digitization/jcp2021_ab_phase_boundaries.csv,/home/lyx/projects/dfm/Glenn_DFT_Paper01/references/AB_phase_diagram_fig1_jcp2021.eps
SCFT,C/G,right,13,24,0.664827586207,20.904436860068,literature reference overlay; not a BVK2 accepted root,/home/lyx/projects/dfm/Glenn_DFT_Paper01/MonteCarlo/results/jcp2021_ab_phase_diagram_digitization/jcp2021_ab_phase_boundaries.csv,/home/lyx/projects/dfm/Glenn_DFT_Paper01/references/AB_phase_diagram_fig1_jcp2021.eps
SCFT,C/G,right,13,25,0.666206896552,21.288395904437,literature reference overlay; not a BVK2 accepted root,/home/lyx/projects/dfm/Glenn_DFT_Paper01/MonteCarlo/results/jcp2021_ab_phase_diagram_digitization/jcp2021_ab_phase_boundaries.csv,/home/lyx/projects/dfm/Glenn_DFT_Paper01/references/AB_phase_diagram_fig1_jcp2021.eps
SCFT,C/G,right,13,26,0.666896551724,21.672354948805,literature reference overlay; not a BVK2 accepted root,/home/lyx/projects/dfm/Glenn_DFT_Paper01/MonteCarlo/results/jcp2021_ab_phase_diagram_digitization/jcp2021_ab_phase_boundaries.csv,/home/lyx/projects/dfm/Glenn_DFT_Paper01/references/AB_phase_diagram_fig1_jcp2021.eps
SCFT,C/G,right,13,27,0.668275862069,22.056313993174,literature reference overlay; not a BVK2 accepted root,/home/lyx/projects/dfm/Glenn_DFT_Paper01/MonteCarlo/results/jcp2021_ab_phase_diagram_digitization/jcp2021_ab_phase_boundaries.csv,/home/lyx/projects/dfm/Glenn_DFT_Paper01/references/AB_phase_diagram_fig1_jcp2021.eps
SCFT,C/G,right,13,28,0.668965517241,22.440273037543,literature reference overlay; not a BVK2 accepted root,/home/lyx/projects/dfm/Glenn_DFT_Paper01/MonteCarlo/results/jcp2021_ab_phase_diagram_digitization/jcp2021_ab_phase_boundaries.csv,/home/lyx/projects/dfm/Glenn_DFT_Paper01/references/AB_phase_diagram_fig1_jcp2021.eps
SCFT,C/G,right,13,29,0.669655172414,22.824232081911,literature reference overlay; not a BVK2 accepted root,/home/lyx/projects/dfm/Glenn_DFT_Paper01/MonteCarlo/results/jcp2021_ab_phase_diagram_digitization/jcp2021_ab_phase_boundaries.csv,/home/lyx/projects/dfm/Glenn_DFT_Paper01/references/AB_phase_diagram_fig1_jcp2021.eps
SCFT,C/G,right,13,30,0.671034482759,23.20819112628,literature reference overlay; not a BVK2 accepted root,/home/lyx/projects/dfm/Glenn_DFT_Paper01/MonteCarlo/results/jcp2021_ab_phase_diagram_digitization/jcp2021_ab_phase_boundaries.csv,/home/lyx/projects/dfm/Glenn_DFT_Paper01/references/AB_phase_diagram_fig1_jcp2021.eps
SCFT,C/G,right,13,31,0.671724137931,23.592150170648,literature reference overlay; not a BVK2 accepted root,/home/lyx/projects/dfm/Glenn_DFT_Paper01/MonteCarlo/results/jcp2021_ab_phase_diagram_digitization/jcp2021_ab_phase_boundaries.csv,/home/lyx/projects/dfm/Glenn_DFT_Paper01/references/AB_phase_diagram_fig1_jcp2021.eps
SCFT,C/G,right,13,32,0.672413793103,24.018771331058,literature reference overlay; not a BVK2 accepted root,/home/lyx/projects/dfm/Glenn_DFT_Paper01/MonteCarlo/results/jcp2021_ab_phase_diagram_digitization/jcp2021_ab_phase_boundaries.csv,/home/lyx/projects/dfm/Glenn_DFT_Paper01/references/AB_phase_diagram_fig1_jcp2021.eps
SCFT,C/G,right,13,33,0.673103448276,24.402730375427,literature reference overlay; not a BVK2 accepted root,/home/lyx/projects/dfm/Glenn_DFT_Paper01/MonteCarlo/results/jcp2021_ab_phase_diagram_digitization/jcp2021_ab_phase_boundaries.csv,/home/lyx/projects/dfm/Glenn_DFT_Paper01/references/AB_phase_diagram_fig1_jcp2021.eps
SCFT,C/G,right,13,34,0.673793103448,24.786689419795,literature reference overlay; not a BVK2 accepted root,/home/lyx/projects/dfm/Glenn_DFT_Paper01/MonteCarlo/results/jcp2021_ab_phase_diagram_digitization/jcp2021_ab_phase_boundaries.csv,/home/lyx/projects/dfm/Glenn_DFT_Paper01/references/AB_phase_diagram_fig1_jcp2021.eps
SCFT,C/G,right,13,35,0.674482758621,25.170648464164,literature reference overlay; not a BVK2 accepted root,/home/lyx/projects/dfm/Glenn_DFT_Paper01/MonteCarlo/results/jcp2021_ab_phase_diagram_digitization/jcp2021_ab_phase_boundaries.csv,/home/lyx/projects/dfm/Glenn_DFT_Paper01/references/AB_phase_diagram_fig1_jcp2021.eps
SCFT,C/G,right,13,36,0.675172413793,25.554607508532,literature reference overlay; not a BVK2 accepted root,/home/lyx/projects/dfm/Glenn_DFT_Paper01/MonteCarlo/results/jcp2021_ab_phase_diagram_digitization/jcp2021_ab_phase_boundaries.csv,/home/lyx/projects/dfm/Glenn_DFT_Paper01/references/AB_phase_diagram_fig1_jcp2021.eps
SCFT,C/G,right,13,37,0.675172413793,25.938566552901,literature reference overlay; not a BVK2 accepted root,/home/lyx/projects/dfm/Glenn_DFT_Paper01/MonteCarlo/results/jcp2021_ab_phase_diagram_digitization/jcp2021_ab_phase_boundaries.csv,/home/lyx/projects/dfm/Glenn_DFT_Paper01/references/AB_phase_diagram_fig1_jcp2021.eps
SCFT,C/G,right,13,38,0.675862068966,26.32252559727,literature reference overlay; not a BVK2 accepted root,/home/lyx/projects/dfm/Glenn_DFT_Paper01/MonteCarlo/results/jcp2021_ab_phase_diagram_digitization/jcp2021_ab_phase_boundaries.csv,/home/lyx/projects/dfm/Glenn_DFT_Paper01/references/AB_phase_diagram_fig1_jcp2021.eps
SCFT,C/G,right,13,39,0.676551724138,26.706484641638,literature reference overlay; not a BVK2 accepted root,/home/lyx/projects/dfm/Glenn_DFT_Paper01/MonteCarlo/results/jcp2021_ab_phase_diagram_digitization/jcp2021_ab_phase_boundaries.csv,/home/lyx/projects/dfm/Glenn_DFT_Paper01/references/AB_phase_diagram_fig1_jcp2021.eps
SCFT,C/G,right,13,40,0.67724137931,27.090443686007,literature reference overlay; not a BVK2 accepted root,/home/lyx/projects/dfm/Glenn_DFT_Paper01/MonteCarlo/results/jcp2021_ab_phase_diagram_digitization/jcp2021_ab_phase_boundaries.csv,/home/lyx/projects/dfm/Glenn_DFT_Paper01/references/AB_phase_diagram_fig1_jcp2021.eps
SCFT,C/G,right,13,41,0.67724137931,27.474402730375,literature reference overlay; not a BVK2 accepted root,/home/lyx/projects/dfm/Glenn_DFT_Paper01/MonteCarlo/results/jcp2021_ab_phase_diagram_digitization/jcp2021_ab_phase_boundaries.csv,/home/lyx/projects/dfm/Glenn_DFT_Paper01/references/AB_phase_diagram_fig1_jcp2021.eps
SCFT,C/G,right,13,42,0.677931034483,27.858361774744,literature reference overlay; not a BVK2 accepted root,/home/lyx/projects/dfm/Glenn_DFT_Paper01/MonteCarlo/results/jcp2021_ab_phase_diagram_digitization/jcp2021_ab_phase_boundaries.csv,/home/lyx/projects/dfm/Glenn_DFT_Paper01/references/AB_phase_diagram_fig1_jcp2021.eps
SCFT,C/G,right,13,43,0.678620689655,28.284982935154,literature reference overlay; not a BVK2 accepted root,/home/lyx/projects/dfm/Glenn_DFT_Paper01/MonteCarlo/results/jcp2021_ab_phase_diagram_digitization/jcp2021_ab_phase_boundaries.csv,/home/lyx/projects/dfm/Glenn_DFT_Paper01/references/AB_phase_diagram_fig1_jcp2021.eps
SCFT,C/G,right,13,44,0.678620689655,28.668941979522,literature reference overlay; not a BVK2 accepted root,/home/lyx/projects/dfm/Glenn_DFT_Paper01/MonteCarlo/results/jcp2021_ab_phase_diagram_digitization/jcp2021_ab_phase_boundaries.csv,/home/lyx/projects/dfm/Glenn_DFT_Paper01/references/AB_phase_diagram_fig1_jcp2021.eps
SCFT,C/G,right,13,45,0.679310344828,29.052901023891,literature reference overlay; not a BVK2 accepted root,/home/lyx/projects/dfm/Glenn_DFT_Paper01/MonteCarlo/results/jcp2021_ab_phase_diagram_digitization/jcp2021_ab_phase_boundaries.csv,/home/lyx/projects/dfm/Glenn_DFT_Paper01/references/AB_phase_diagram_fig1_jcp2021.eps
SCFT,C/G,right,13,46,0.679310344828,29.436860068259,literature reference overlay; not a BVK2 accepted root,/home/lyx/projects/dfm/Glenn_DFT_Paper01/MonteCarlo/results/jcp2021_ab_phase_diagram_digitization/jcp2021_ab_phase_boundaries.csv,/home/lyx/projects/dfm/Glenn_DFT_Paper01/references/AB_phase_diagram_fig1_jcp2021.eps
SCFT,C/G,right,13,47,0.68,29.820819112628,literature reference overlay; not a BVK2 accepted root,/home/lyx/projects/dfm/Glenn_DFT_Paper01/MonteCarlo/results/jcp2021_ab_phase_diagram_digitization/jcp2021_ab_phase_boundaries.csv,/home/lyx/projects/dfm/Glenn_DFT_Paper01/references/AB_phase_diagram_fig1_jcp2021.eps
SCFT,C/G,right,13,48,0.68,30.204778156997,literature reference overlay; not a BVK2 accepted root,/home/lyx/projects/dfm/Glenn_DFT_Paper01/MonteCarlo/results/jcp2021_ab_phase_diagram_digitization/jcp2021_ab_phase_boundaries.csv,/home/lyx/projects/dfm/Glenn_DFT_Paper01/references/AB_phase_diagram_fig1_jcp2021.eps
SCFT,C/G,right,13,49,0.680689655172,30.588737201365,literature reference overlay; not a BVK2 accepted root,/home/lyx/projects/dfm/Glenn_DFT_Paper01/MonteCarlo/results/jcp2021_ab_phase_diagram_digitization/jcp2021_ab_phase_boundaries.csv,/home/lyx/projects/dfm/Glenn_DFT_Paper01/references/AB_phase_diagram_fig1_jcp2021.eps
SCFT,C/G,right,13,50,0.680689655172,30.972696245734,literature reference overlay; not a BVK2 accepted root,/home/lyx/projects/dfm/Glenn_DFT_Paper01/MonteCarlo/results/jcp2021_ab_phase_diagram_digitization/jcp2021_ab_phase_boundaries.csv,/home/lyx/projects/dfm/Glenn_DFT_Paper01/references/AB_phase_diagram_fig1_jcp2021.eps
SCFT,C/G,right,13,51,0.681379310345,31.356655290102,literature reference overlay; not a BVK2 accepted root,/home/lyx/projects/dfm/Glenn_DFT_Paper01/MonteCarlo/results/jcp2021_ab_phase_diagram_digitization/jcp2021_ab_phase_boundaries.csv,/home/lyx/projects/dfm/Glenn_DFT_Paper01/references/AB_phase_diagram_fig1_jcp2021.eps
SCFT,C/G,right,13,52,0.681379310345,31.740614334471,literature reference overlay; not a BVK2 accepted root,/home/lyx/projects/dfm/Glenn_DFT_Paper01/MonteCarlo/results/jcp2021_ab_phase_diagram_digitization/jcp2021_ab_phase_boundaries.csv,/home/lyx/projects/dfm/Glenn_DFT_Paper01/references/AB_phase_diagram_fig1_jcp2021.eps
SCFT,C/G,right,13,53,0.681379310345,32.167235494881,literature reference overlay; not a BVK2 accepted root,/home/lyx/projects/dfm/Glenn_DFT_Paper01/MonteCarlo/results/jcp2021_ab_phase_diagram_digitization/jcp2021_ab_phase_boundaries.csv,/home/lyx/projects/dfm/Glenn_DFT_Paper01/references/AB_phase_diagram_fig1_jcp2021.eps
SCFT,C/G,right,13,54,0.682068965517,32.551194539249,literature reference overlay; not a BVK2 accepted root,/home/lyx/projects/dfm/Glenn_DFT_Paper01/MonteCarlo/results/jcp2021_ab_phase_diagram_digitization/jcp2021_ab_phase_boundaries.csv,/home/lyx/projects/dfm/Glenn_DFT_Paper01/references/AB_phase_diagram_fig1_jcp2021.eps
SCFT,C/G,right,13,55,0.682068965517,32.935153583618,literature reference overlay; not a BVK2 accepted root,/home/lyx/projects/dfm/Glenn_DFT_Paper01/MonteCarlo/results/jcp2021_ab_phase_diagram_digitization/jcp2021_ab_phase_boundaries.csv,/home/lyx/projects/dfm/Glenn_DFT_Paper01/references/AB_phase_diagram_fig1_jcp2021.eps
SCFT,C/G,right,13,56,0.682068965517,33.319112627986,literature reference overlay; not a BVK2 accepted root,/home/lyx/projects/dfm/Glenn_DFT_Paper01/MonteCarlo/results/jcp2021_ab_phase_diagram_digitization/jcp2021_ab_phase_boundaries.csv,/home/lyx/projects/dfm/Glenn_DFT_Paper01/references/AB_phase_diagram_fig1_jcp2021.eps
SCFT,C/G,right,13,57,0.682068965517,33.703071672355,literature reference overlay; not a BVK2 accepted root,/home/lyx/projects/dfm/Glenn_DFT_Paper01/MonteCarlo/results/jcp2021_ab_phase_diagram_digitization/jcp2021_ab_phase_boundaries.csv,/home/lyx/projects/dfm/Glenn_DFT_Paper01/references/AB_phase_diagram_fig1_jcp2021.eps
SCFT,C/G,right,13,58,0.68275862069,34.087030716724,literature reference overlay; not a BVK2 accepted root,/home/lyx/projects/dfm/Glenn_DFT_Paper01/MonteCarlo/results/jcp2021_ab_phase_diagram_digitization/jcp2021_ab_phase_boundaries.csv,/home/lyx/projects/dfm/Glenn_DFT_Paper01/references/AB_phase_diagram_fig1_jcp2021.eps
SCFT,C/G,right,13,59,0.68275862069,34.470989761092,literature reference overlay; not a BVK2 accepted root,/home/lyx/projects/dfm/Glenn_DFT_Paper01/MonteCarlo/results/jcp2021_ab_phase_diagram_digitization/jcp2021_ab_phase_boundaries.csv,/home/lyx/projects/dfm/Glenn_DFT_Paper01/references/AB_phase_diagram_fig1_jcp2021.eps
SCFT,C/G,right,13,60,0.68275862069,34.854948805461,literature reference overlay; not a BVK2 accepted root,/home/lyx/projects/dfm/Glenn_DFT_Paper01/MonteCarlo/results/jcp2021_ab_phase_diagram_digitization/jcp2021_ab_phase_boundaries.csv,/home/lyx/projects/dfm/Glenn_DFT_Paper01/references/AB_phase_diagram_fig1_jcp2021.eps
SCFT,C/G,right,13,61,0.683448275862,35.238907849829,literature reference overlay; not a BVK2 accepted root,/home/lyx/projects/dfm/Glenn_DFT_Paper01/MonteCarlo/results/jcp2021_ab_phase_diagram_digitization/jcp2021_ab_phase_boundaries.csv,/home/lyx/projects/dfm/Glenn_DFT_Paper01/references/AB_phase_diagram_fig1_jcp2021.eps
SCFT,C/G,right,13,62,0.683448275862,35.622866894198,literature reference overlay; not a BVK2 accepted root,/home/lyx/projects/dfm/Glenn_DFT_Paper01/MonteCarlo/results/jcp2021_ab_phase_diagram_digitization/jcp2021_ab_phase_boundaries.csv,/home/lyx/projects/dfm/Glenn_DFT_Paper01/references/AB_phase_diagram_fig1_jcp2021.eps
SCFT,C/G,right,13,63,0.683448275862,36.049488054608,literature reference overlay; not a BVK2 accepted root,/home/lyx/projects/dfm/Glenn_DFT_Paper01/MonteCarlo/results/jcp2021_ab_phase_diagram_digitization/jcp2021_ab_phase_boundaries.csv,/home/lyx/projects/dfm/Glenn_DFT_Paper01/references/AB_phase_diagram_fig1_jcp2021.eps
SCFT,C/G,right,13,64,0.683448275862,36.433447098976,literature reference overlay; not a BVK2 accepted root,/home/lyx/projects/dfm/Glenn_DFT_Paper01/MonteCarlo/results/jcp2021_ab_phase_diagram_digitization/jcp2021_ab_phase_boundaries.csv,/home/lyx/projects/dfm/Glenn_DFT_Paper01/references/AB_phase_diagram_fig1_jcp2021.eps
SCFT,C/G,right,13,65,0.684137931034,36.817406143345,literature reference overlay; not a BVK2 accepted root,/home/lyx/projects/dfm/Glenn_DFT_Paper01/MonteCarlo/results/jcp2021_ab_phase_diagram_digitization/jcp2021_ab_phase_boundaries.csv,/home/lyx/projects/dfm/Glenn_DFT_Paper01/references/AB_phase_diagram_fig1_jcp2021.eps
SCFT,C/G,right,13,66,0.684137931034,37.201365187713,literature reference overlay; not a BVK2 accepted root,/home/lyx/projects/dfm/Glenn_DFT_Paper01/MonteCarlo/results/jcp2021_ab_phase_diagram_digitization/jcp2021_ab_phase_boundaries.csv,/home/lyx/projects/dfm/Glenn_DFT_Paper01/references/AB_phase_diagram_fig1_jcp2021.eps
SCFT,C/G,right,13,67,0.684137931034,37.585324232082,literature reference overlay; not a BVK2 accepted root,/home/lyx/projects/dfm/Glenn_DFT_Paper01/MonteCarlo/results/jcp2021_ab_phase_diagram_digitization/jcp2021_ab_phase_boundaries.csv,/home/lyx/projects/dfm/Glenn_DFT_Paper01/references/AB_phase_diagram_fig1_jcp2021.eps
SCFT,C/G,right,13,68,0.684137931034,37.969283276451,literature reference overlay; not a BVK2 accepted root,/home/lyx/projects/dfm/Glenn_DFT_Paper01/MonteCarlo/results/jcp2021_ab_phase_diagram_digitization/jcp2021_ab_phase_boundaries.csv,/home/lyx/projects/dfm/Glenn_DFT_Paper01/references/AB_phase_diagram_fig1_jcp2021.eps
SCFT,C/G,right,13,69,0.684137931034,38.353242320819,literature reference overlay; not a BVK2 accepted root,/home/lyx/projects/dfm/Glenn_DFT_Paper01/MonteCarlo/results/jcp2021_ab_phase_diagram_digitization/jcp2021_ab_phase_boundaries.csv,/home/lyx/projects/dfm/Glenn_DFT_Paper01/references/AB_phase_diagram_fig1_jcp2021.eps
SCFT,C/G,right,13,70,0.684827586207,38.737201365188,literature reference overlay; not a BVK2 accepted root,/home/lyx/projects/dfm/Glenn_DFT_Paper01/MonteCarlo/results/jcp2021_ab_phase_diagram_digitization/jcp2021_ab_phase_boundaries.csv,/home/lyx/projects/dfm/Glenn_DFT_Paper01/references/AB_phase_diagram_fig1_jcp2021.eps
SCFT,C/G,right,13,71,0.684827586207,39.121160409556,literature reference overlay; not a BVK2 accepted root,/home/lyx/projects/dfm/Glenn_DFT_Paper01/MonteCarlo/results/jcp2021_ab_phase_diagram_digitization/jcp2021_ab_phase_boundaries.csv,/home/lyx/projects/dfm/Glenn_DFT_Paper01/references/AB_phase_diagram_fig1_jcp2021.eps
SCFT,C/G,right,13,72,0.684827586207,39.505119453925,literature reference overlay; not a BVK2 accepted root,/home/lyx/projects/dfm/Glenn_DFT_Paper01/MonteCarlo/results/jcp2021_ab_phase_diagram_digitization/jcp2021_ab_phase_boundaries.csv,/home/lyx/projects/dfm/Glenn_DFT_Paper01/references/AB_phase_diagram_fig1_jcp2021.eps
SCFT,C/G,right,13,73,0.684827586207,39.889078498294,literature reference overlay; not a BVK2 accepted root,/home/lyx/projects/dfm/Glenn_DFT_Paper01/MonteCarlo/results/jcp2021_ab_phase_diagram_digitization/jcp2021_ab_phase_boundaries.csv,/home/lyx/projects/dfm/Glenn_DFT_Paper01/references/AB_phase_diagram_fig1_jcp2021.eps
SCFT,C/G,right,13,74,0.685517241379,40.315699658703,literature reference overlay; not a BVK2 accepted root,/home/lyx/projects/dfm/Glenn_DFT_Paper01/MonteCarlo/results/jcp2021_ab_phase_diagram_digitization/jcp2021_ab_phase_boundaries.csv,/home/lyx/projects/dfm/Glenn_DFT_Paper01/references/AB_phase_diagram_fig1_jcp2021.eps
SCFT,C/G,right,13,75,0.685517241379,40.699658703072,literature reference overlay; not a BVK2 accepted root,/home/lyx/projects/dfm/Glenn_DFT_Paper01/MonteCarlo/results/jcp2021_ab_phase_diagram_digitization/jcp2021_ab_phase_boundaries.csv,/home/lyx/projects/dfm/Glenn_DFT_Paper01/references/AB_phase_diagram_fig1_jcp2021.eps
SCFT,C/G,right,13,76,0.685517241379,41.08361774744,literature reference overlay; not a BVK2 accepted root,/home/lyx/projects/dfm/Glenn_DFT_Paper01/MonteCarlo/results/jcp2021_ab_phase_diagram_digitization/jcp2021_ab_phase_boundaries.csv,/home/lyx/projects/dfm/Glenn_DFT_Paper01/references/AB_phase_diagram_fig1_jcp2021.eps
SCFT,C/G,right,13,77,0.685517241379,41.467576791809,literature reference overlay; not a BVK2 accepted root,/home/lyx/projects/dfm/Glenn_DFT_Paper01/MonteCarlo/results/jcp2021_ab_phase_diagram_digitization/jcp2021_ab_phase_boundaries.csv,/home/lyx/projects/dfm/Glenn_DFT_Paper01/references/AB_phase_diagram_fig1_jcp2021.eps
SCFT,C/G,right,13,78,0.686206896552,41.851535836177,literature reference overlay; not a BVK2 accepted root,/home/lyx/projects/dfm/Glenn_DFT_Paper01/MonteCarlo/results/jcp2021_ab_phase_diagram_digitization/jcp2021_ab_phase_boundaries.csv,/home/lyx/projects/dfm/Glenn_DFT_Paper01/references/AB_phase_diagram_fig1_jcp2021.eps
SCFT,C/G,right,13,79,0.686206896552,42.235494880546,literature reference overlay; not a BVK2 accepted root,/home/lyx/projects/dfm/Glenn_DFT_Paper01/MonteCarlo/results/jcp2021_ab_phase_diagram_digitization/jcp2021_ab_phase_boundaries.csv,/home/lyx/projects/dfm/Glenn_DFT_Paper01/references/AB_phase_diagram_fig1_jcp2021.eps
SCFT,C/G,right,13,80,0.686206896552,42.619453924915,literature reference overlay; not a BVK2 accepted root,/home/lyx/projects/dfm/Glenn_DFT_Paper01/MonteCarlo/results/jcp2021_ab_phase_diagram_digitization/jcp2021_ab_phase_boundaries.csv,/home/lyx/projects/dfm/Glenn_DFT_Paper01/references/AB_phase_diagram_fig1_jcp2021.eps
SCFT,C/G,right,13,81,0.686206896552,43.003412969283,literature reference overlay; not a BVK2 accepted root,/home/lyx/projects/dfm/Glenn_DFT_Paper01/MonteCarlo/results/jcp2021_ab_phase_diagram_digitization/jcp2021_ab_phase_boundaries.csv,/home/lyx/projects/dfm/Glenn_DFT_Paper01/references/AB_phase_diagram_fig1_jcp2021.eps
SCFT,C/G,right,13,82,0.686206896552,43.387372013652,literature reference overlay; not a BVK2 accepted root,/home/lyx/projects/dfm/Glenn_DFT_Paper01/MonteCarlo/results/jcp2021_ab_phase_diagram_digitization/jcp2021_ab_phase_boundaries.csv,/home/lyx/projects/dfm/Glenn_DFT_Paper01/references/AB_phase_diagram_fig1_jcp2021.eps
SCFT,C/G,right,13,83,0.686896551724,43.77133105802,literature reference overlay; not a BVK2 accepted root,/home/lyx/projects/dfm/Glenn_DFT_Paper01/MonteCarlo/results/jcp2021_ab_phase_diagram_digitization/jcp2021_ab_phase_boundaries.csv,/home/lyx/projects/dfm/Glenn_DFT_Paper01/references/AB_phase_diagram_fig1_jcp2021.eps
SCFT,C/G,right,13,84,0.686896551724,44.19795221843,literature reference overlay; not a BVK2 accepted root,/home/lyx/projects/dfm/Glenn_DFT_Paper01/MonteCarlo/results/jcp2021_ab_phase_diagram_digitization/jcp2021_ab_phase_boundaries.csv,/home/lyx/projects/dfm/Glenn_DFT_Paper01/references/AB_phase_diagram_fig1_jcp2021.eps
SCFT,C/G,right,13,85,0.686896551724,44.581911262799,literature reference overlay; not a BVK2 accepted root,/home/lyx/projects/dfm/Glenn_DFT_Paper01/MonteCarlo/results/jcp2021_ab_phase_diagram_digitization/jcp2021_ab_phase_boundaries.csv,/home/lyx/projects/dfm/Glenn_DFT_Paper01/references/AB_phase_diagram_fig1_jcp2021.eps
SCFT,C/G,right,13,86,0.686896551724,44.965870307167,literature reference overlay; not a BVK2 accepted root,/home/lyx/projects/dfm/Glenn_DFT_Paper01/MonteCarlo/results/jcp2021_ab_phase_diagram_digitization/jcp2021_ab_phase_boundaries.csv,/home/lyx/projects/dfm/Glenn_DFT_Paper01/references/AB_phase_diagram_fig1_jcp2021.eps
SCFT,C/G,right,13,87,0.686896551724,45.349829351536,literature reference overlay; not a BVK2 accepted root,/home/lyx/projects/dfm/Glenn_DFT_Paper01/MonteCarlo/results/jcp2021_ab_phase_diagram_digitization/jcp2021_ab_phase_boundaries.csv,/home/lyx/projects/dfm/Glenn_DFT_Paper01/references/AB_phase_diagram_fig1_jcp2021.eps
SCFT,C/G,right,13,88,0.687586206897,45.733788395904,literature reference overlay; not a BVK2 accepted root,/home/lyx/projects/dfm/Glenn_DFT_Paper01/MonteCarlo/results/jcp2021_ab_phase_diagram_digitization/jcp2021_ab_phase_boundaries.csv,/home/lyx/projects/dfm/Glenn_DFT_Paper01/references/AB_phase_diagram_fig1_jcp2021.eps
SCFT,C/G,right,13,89,0.687586206897,46.117747440273,literature reference overlay; not a BVK2 accepted root,/home/lyx/projects/dfm/Glenn_DFT_Paper01/MonteCarlo/results/jcp2021_ab_phase_diagram_digitization/jcp2021_ab_phase_boundaries.csv,/home/lyx/projects/dfm/Glenn_DFT_Paper01/references/AB_phase_diagram_fig1_jcp2021.eps
SCFT,C/G,right,13,90,0.687586206897,46.501706484642,literature reference overlay; not a BVK2 accepted root,/home/lyx/projects/dfm/Glenn_DFT_Paper01/MonteCarlo/results/jcp2021_ab_phase_diagram_digitization/jcp2021_ab_phase_boundaries.csv,/home/lyx/projects/dfm/Glenn_DFT_Paper01/references/AB_phase_diagram_fig1_jcp2021.eps
SCFT,C/G,right,13,91,0.687586206897,46.88566552901,literature reference overlay; not a BVK2 accepted root,/home/lyx/projects/dfm/Glenn_DFT_Paper01/MonteCarlo/results/jcp2021_ab_phase_diagram_digitization/jcp2021_ab_phase_boundaries.csv,/home/lyx/projects/dfm/Glenn_DFT_Paper01/references/AB_phase_diagram_fig1_jcp2021.eps
SCFT,C/G,right,13,92,0.688275862069,47.269624573379,literature reference overlay; not a BVK2 accepted root,/home/lyx/projects/dfm/Glenn_DFT_Paper01/MonteCarlo/results/jcp2021_ab_phase_diagram_digitization/jcp2021_ab_phase_boundaries.csv,/home/lyx/projects/dfm/Glenn_DFT_Paper01/references/AB_phase_diagram_fig1_jcp2021.eps
SCFT,C/G,right,13,93,0.688275862069,47.653583617747,literature reference overlay; not a BVK2 accepted root,/home/lyx/projects/dfm/Glenn_DFT_Paper01/MonteCarlo/results/jcp2021_ab_phase_diagram_digitization/jcp2021_ab_phase_boundaries.csv,/home/lyx/projects/dfm/Glenn_DFT_Paper01/references/AB_phase_diagram_fig1_jcp2021.eps
SCFT,C/G,right,13,94,0.688275862069,48.080204778157,literature reference overlay; not a BVK2 accepted root,/home/lyx/projects/dfm/Glenn_DFT_Paper01/MonteCarlo/results/jcp2021_ab_phase_diagram_digitization/jcp2021_ab_phase_boundaries.csv,/home/lyx/projects/dfm/Glenn_DFT_Paper01/references/AB_phase_diagram_fig1_jcp2021.eps
SCFT,C/G,right,13,95,0.688275862069,48.464163822526,literature reference overlay; not a BVK2 accepted root,/home/lyx/projects/dfm/Glenn_DFT_Paper01/MonteCarlo/results/jcp2021_ab_phase_diagram_digitization/jcp2021_ab_phase_boundaries.csv,/home/lyx/projects/dfm/Glenn_DFT_Paper01/references/AB_phase_diagram_fig1_jcp2021.eps
SCFT,C/G,right,13,96,0.688965517241,48.848122866894,literature reference overlay; not a BVK2 accepted root,/home/lyx/projects/dfm/Glenn_DFT_Paper01/MonteCarlo/results/jcp2021_ab_phase_diagram_digitization/jcp2021_ab_phase_boundaries.csv,/home/lyx/projects/dfm/Glenn_DFT_Paper01/references/AB_phase_diagram_fig1_jcp2021.eps
SCFT,C/G,right,13,97,0.688965517241,49.232081911263,literature reference overlay; not a BVK2 accepted root,/home/lyx/projects/dfm/Glenn_DFT_Paper01/MonteCarlo/results/jcp2021_ab_phase_diagram_digitization/jcp2021_ab_phase_boundaries.csv,/home/lyx/projects/dfm/Glenn_DFT_Paper01/references/AB_phase_diagram_fig1_jcp2021.eps
SCFT,C/G,right,13,98,0.688965517241,49.616040955631,literature reference overlay; not a BVK2 accepted root,/home/lyx/projects/dfm/Glenn_DFT_Paper01/MonteCarlo/results/jcp2021_ab_phase_diagram_digitization/jcp2021_ab_phase_boundaries.csv,/home/lyx/projects/dfm/Glenn_DFT_Paper01/references/AB_phase_diagram_fig1_jcp2021.eps
SCFT,C/G,right,13,99,0.688965517241,50.0,literature reference overlay; not a BVK2 accepted root,/home/lyx/projects/dfm/Glenn_DFT_Paper01/MonteCarlo/results/jcp2021_ab_phase_diagram_digitization/jcp2021_ab_phase_boundaries.csv,/home/lyx/projects/dfm/Glenn_DFT_Paper01/references/AB_phase_diagram_fig1_jcp2021.eps
SCFT,C/O70,left,7,0,0.5,10.537542662116,literature reference overlay; not a BVK2 accepted root,/home/lyx/projects/dfm/Glenn_DFT_Paper01/MonteCarlo/results/jcp2021_ab_phase_diagram_digitization/jcp2021_ab_phase_boundaries.csv,/home/lyx/projects/dfm/Glenn_DFT_Paper01/references/AB_phase_diagram_fig1_jcp2021.eps
SCFT,C/O70,left,7,1,0.499310344828,10.537542662116,literature reference overlay; not a BVK2 accepted root,/home/lyx/projects/dfm/Glenn_DFT_Paper01/MonteCarlo/results/jcp2021_ab_phase_diagram_digitization/jcp2021_ab_phase_boundaries.csv,/home/lyx/projects/dfm/Glenn_DFT_Paper01/references/AB_phase_diagram_fig1_jcp2021.eps
SCFT,C/O70,left,7,2,0.497931034483,10.537542662116,literature reference overlay; not a BVK2 accepted root,/home/lyx/projects/dfm/Glenn_DFT_Paper01/MonteCarlo/results/jcp2021_ab_phase_diagram_digitization/jcp2021_ab_phase_boundaries.csv,/home/lyx/projects/dfm/Glenn_DFT_Paper01/references/AB_phase_diagram_fig1_jcp2021.eps
SCFT,C/O70,left,7,3,0.496551724138,10.537542662116,literature reference overlay; not a BVK2 accepted root,/home/lyx/projects/dfm/Glenn_DFT_Paper01/MonteCarlo/results/jcp2021_ab_phase_diagram_digitization/jcp2021_ab_phase_boundaries.csv,/home/lyx/projects/dfm/Glenn_DFT_Paper01/references/AB_phase_diagram_fig1_jcp2021.eps
SCFT,C/O70,left,7,4,0.495172413793,10.537542662116,literature reference overlay; not a BVK2 accepted root,/home/lyx/projects/dfm/Glenn_DFT_Paper01/MonteCarlo/results/jcp2021_ab_phase_diagram_digitization/jcp2021_ab_phase_boundaries.csv,/home/lyx/projects/dfm/Glenn_DFT_Paper01/references/AB_phase_diagram_fig1_jcp2021.eps
SCFT,C/O70,left,7,5,0.493793103448,10.537542662116,literature reference overlay; not a BVK2 accepted root,/home/lyx/projects/dfm/Glenn_DFT_Paper01/MonteCarlo/results/jcp2021_ab_phase_diagram_digitization/jcp2021_ab_phase_boundaries.csv,/home/lyx/projects/dfm/Glenn_DFT_Paper01/references/AB_phase_diagram_fig1_jcp2021.eps
SCFT,C/O70,left,7,6,0.493103448276,10.537542662116,literature reference overlay; not a BVK2 accepted root,/home/lyx/projects/dfm/Glenn_DFT_Paper01/MonteCarlo/results/jcp2021_ab_phase_diagram_digitization/jcp2021_ab_phase_boundaries.csv,/home/lyx/projects/dfm/Glenn_DFT_Paper01/references/AB_phase_diagram_fig1_jcp2021.eps
SCFT,C/O70,left,7,7,0.491724137931,10.537542662116,literature reference overlay; not a BVK2 accepted root,/home/lyx/projects/dfm/Glenn_DFT_Paper01/MonteCarlo/results/jcp2021_ab_phase_diagram_digitization/jcp2021_ab_phase_boundaries.csv,/home/lyx/projects/dfm/Glenn_DFT_Paper01/references/AB_phase_diagram_fig1_jcp2021.eps
SCFT,C/O70,left,7,8,0.490344827586,10.537542662116,literature reference overlay; not a BVK2 accepted root,/home/lyx/projects/dfm/Glenn_DFT_Paper01/MonteCarlo/results/jcp2021_ab_phase_diagram_digitization/jcp2021_ab_phase_boundaries.csv,/home/lyx/projects/dfm/Glenn_DFT_Paper01/references/AB_phase_diagram_fig1_jcp2021.eps
SCFT,C/O70,left,7,9,0.488965517241,10.537542662116,literature reference overlay; not a BVK2 accepted root,/home/lyx/projects/dfm/Glenn_DFT_Paper01/MonteCarlo/results/jcp2021_ab_phase_diagram_digitization/jcp2021_ab_phase_boundaries.csv,/home/lyx/projects/dfm/Glenn_DFT_Paper01/references/AB_phase_diagram_fig1_jcp2021.eps
SCFT,C/O70,left,7,10,0.487586206897,10.580204778157,literature reference overlay; not a BVK2 accepted root,/home/lyx/projects/dfm/Glenn_DFT_Paper01/MonteCarlo/results/jcp2021_ab_phase_diagram_digitization/jcp2021_ab_phase_boundaries.csv,/home/lyx/projects/dfm/Glenn_DFT_Paper01/references/AB_phase_diagram_fig1_jcp2021.eps
SCFT,C/O70,left,7,11,0.486206896552,10.580204778157,literature reference overlay; not a BVK2 accepted root,/home/lyx/projects/dfm/Glenn_DFT_Paper01/MonteCarlo/results/jcp2021_ab_phase_diagram_digitization/jcp2021_ab_phase_boundaries.csv,/home/lyx/projects/dfm/Glenn_DFT_Paper01/references/AB_phase_diagram_fig1_jcp2021.eps
SCFT,C/O70,left,7,12,0.484827586207,10.580204778157,literature reference overlay; not a BVK2 accepted root,/home/lyx/projects/dfm/Glenn_DFT_Paper01/MonteCarlo/results/jcp2021_ab_phase_diagram_digitization/jcp2021_ab_phase_boundaries.csv,/home/lyx/projects/dfm/Glenn_DFT_Paper01/references/AB_phase_diagram_fig1_jcp2021.eps
SCFT,C/O70,left,7,13,0.483448275862,10.580204778157,literature reference overlay; not a BVK2 accepted root,/home/lyx/projects/dfm/Glenn_DFT_Paper01/MonteCarlo/results/jcp2021_ab_phase_diagram_digitization/jcp2021_ab_phase_boundaries.csv,/home/lyx/projects/dfm/Glenn_DFT_Paper01/references/AB_phase_diagram_fig1_jcp2021.eps
SCFT,C/O70,left,7,14,0.482068965517,10.622866894198,literature reference overlay; not a BVK2 accepted root,/home/lyx/projects/dfm/Glenn_DFT_Paper01/MonteCarlo/results/jcp2021_ab_phase_diagram_digitization/jcp2021_ab_phase_boundaries.csv,/home/lyx/projects/dfm/Glenn_DFT_Paper01/references/AB_phase_diagram_fig1_jcp2021.eps
SCFT,C/O70,left,7,15,0.480689655172,10.622866894198,literature reference overlay; not a BVK2 accepted root,/home/lyx/projects/dfm/Glenn_DFT_Paper01/MonteCarlo/results/jcp2021_ab_phase_diagram_digitization/jcp2021_ab_phase_boundaries.csv,/home/lyx/projects/dfm/Glenn_DFT_Paper01/references/AB_phase_diagram_fig1_jcp2021.eps
SCFT,C/O70,left,7,16,0.48,10.622866894198,literature reference overlay; not a BVK2 accepted root,/home/lyx/projects/dfm/Glenn_DFT_Paper01/MonteCarlo/results/jcp2021_ab_phase_diagram_digitization/jcp2021_ab_phase_boundaries.csv,/home/lyx/projects/dfm/Glenn_DFT_Paper01/references/AB_phase_diagram_fig1_jcp2021.eps
SCFT,C/O70,left,7,17,0.478620689655,10.622866894198,literature reference overlay; not a BVK2 accepted root,/home/lyx/projects/dfm/Glenn_DFT_Paper01/MonteCarlo/results/jcp2021_ab_phase_diagram_digitization/jcp2021_ab_phase_boundaries.csv,/home/lyx/projects/dfm/Glenn_DFT_Paper01/references/AB_phase_diagram_fig1_jcp2021.eps
SCFT,C/O70,left,7,18,0.47724137931,10.665529010239,literature reference overlay; not a BVK2 accepted root,/home/lyx/projects/dfm/Glenn_DFT_Paper01/MonteCarlo/results/jcp2021_ab_phase_diagram_digitization/jcp2021_ab_phase_boundaries.csv,/home/lyx/projects/dfm/Glenn_DFT_Paper01/references/AB_phase_diagram_fig1_jcp2021.eps
SCFT,C/O70,left,7,19,0.475862068966,10.665529010239,literature reference overlay; not a BVK2 accepted root,/home/lyx/projects/dfm/Glenn_DFT_Paper01/MonteCarlo/results/jcp2021_ab_phase_diagram_digitization/jcp2021_ab_phase_boundaries.csv,/home/lyx/projects/dfm/Glenn_DFT_Paper01/references/AB_phase_diagram_fig1_jcp2021.eps
SCFT,C/O70,left,7,20,0.474482758621,10.665529010239,literature reference overlay; not a BVK2 accepted root,/home/lyx/projects/dfm/Glenn_DFT_Paper01/MonteCarlo/results/jcp2021_ab_phase_diagram_digitization/jcp2021_ab_phase_boundaries.csv,/home/lyx/projects/dfm/Glenn_DFT_Paper01/references/AB_phase_diagram_fig1_jcp2021.eps
SCFT,C/O70,left,7,21,0.473103448276,10.70819112628,literature reference overlay; not a BVK2 accepted root,/home/lyx/projects/dfm/Glenn_DFT_Paper01/MonteCarlo/results/jcp2021_ab_phase_diagram_digitization/jcp2021_ab_phase_boundaries.csv,/home/lyx/projects/dfm/Glenn_DFT_Paper01/references/AB_phase_diagram_fig1_jcp2021.eps
SCFT,C/O70,left,7,22,0.471724137931,10.70819112628,literature reference overlay; not a BVK2 accepted root,/home/lyx/projects/dfm/Glenn_DFT_Paper01/MonteCarlo/results/jcp2021_ab_phase_diagram_digitization/jcp2021_ab_phase_boundaries.csv,/home/lyx/projects/dfm/Glenn_DFT_Paper01/references/AB_phase_diagram_fig1_jcp2021.eps
SCFT,C/O70,left,7,23,0.470344827586,10.750853242321,literature reference overlay; not a BVK2 accepted root,/home/lyx/projects/dfm/Glenn_DFT_Paper01/MonteCarlo/results/jcp2021_ab_phase_diagram_digitization/jcp2021_ab_phase_boundaries.csv,/home/lyx/projects/dfm/Glenn_DFT_Paper01/references/AB_phase_diagram_fig1_jcp2021.eps
SCFT,C/O70,left,7,24,0.468965517241,10.750853242321,literature reference overlay; not a BVK2 accepted root,/home/lyx/projects/dfm/Glenn_DFT_Paper01/MonteCarlo/results/jcp2021_ab_phase_diagram_digitization/jcp2021_ab_phase_boundaries.csv,/home/lyx/projects/dfm/Glenn_DFT_Paper01/references/AB_phase_diagram_fig1_jcp2021.eps
SCFT,C/O70,left,7,25,0.467586206897,10.793515358362,literature reference overlay; not a BVK2 accepted root,/home/lyx/projects/dfm/Glenn_DFT_Paper01/MonteCarlo/results/jcp2021_ab_phase_diagram_digitization/jcp2021_ab_phase_boundaries.csv,/home/lyx/projects/dfm/Glenn_DFT_Paper01/references/AB_phase_diagram_fig1_jcp2021.eps
SCFT,C/O70,left,7,26,0.466896551724,10.793515358362,literature reference overlay; not a BVK2 accepted root,/home/lyx/projects/dfm/Glenn_DFT_Paper01/MonteCarlo/results/jcp2021_ab_phase_diagram_digitization/jcp2021_ab_phase_boundaries.csv,/home/lyx/projects/dfm/Glenn_DFT_Paper01/references/AB_phase_diagram_fig1_jcp2021.eps
SCFT,C/O70,left,7,27,0.465517241379,10.836177474403,literature reference overlay; not a BVK2 accepted root,/home/lyx/projects/dfm/Glenn_DFT_Paper01/MonteCarlo/results/jcp2021_ab_phase_diagram_digitization/jcp2021_ab_phase_boundaries.csv,/home/lyx/projects/dfm/Glenn_DFT_Paper01/references/AB_phase_diagram_fig1_jcp2021.eps
SCFT,C/O70,left,7,28,0.464137931034,10.836177474403,literature reference overlay; not a BVK2 accepted root,/home/lyx/projects/dfm/Glenn_DFT_Paper01/MonteCarlo/results/jcp2021_ab_phase_diagram_digitization/jcp2021_ab_phase_boundaries.csv,/home/lyx/projects/dfm/Glenn_DFT_Paper01/references/AB_phase_diagram_fig1_jcp2021.eps
SCFT,C/O70,left,7,29,0.46275862069,10.878839590444,literature reference overlay; not a BVK2 accepted root,/home/lyx/projects/dfm/Glenn_DFT_Paper01/MonteCarlo/results/jcp2021_ab_phase_diagram_digitization/jcp2021_ab_phase_boundaries.csv,/home/lyx/projects/dfm/Glenn_DFT_Paper01/references/AB_phase_diagram_fig1_jcp2021.eps
SCFT,C/O70,left,7,30,0.461379310345,10.878839590444,literature reference overlay; not a BVK2 accepted root,/home/lyx/projects/dfm/Glenn_DFT_Paper01/MonteCarlo/results/jcp2021_ab_phase_diagram_digitization/jcp2021_ab_phase_boundaries.csv,/home/lyx/projects/dfm/Glenn_DFT_Paper01/references/AB_phase_diagram_fig1_jcp2021.eps
SCFT,C/O70,left,7,31,0.46,10.921501706485,literature reference overlay; not a BVK2 accepted root,/home/lyx/projects/dfm/Glenn_DFT_Paper01/MonteCarlo/results/jcp2021_ab_phase_diagram_digitization/jcp2021_ab_phase_boundaries.csv,/home/lyx/projects/dfm/Glenn_DFT_Paper01/references/AB_phase_diagram_fig1_jcp2021.eps
SCFT,C/O70,left,7,32,0.458620689655,10.964163822526,literature reference overlay; not a BVK2 accepted root,/home/lyx/projects/dfm/Glenn_DFT_Paper01/MonteCarlo/results/jcp2021_ab_phase_diagram_digitization/jcp2021_ab_phase_boundaries.csv,/home/lyx/projects/dfm/Glenn_DFT_Paper01/references/AB_phase_diagram_fig1_jcp2021.eps
SCFT,C/O70,left,7,33,0.45724137931,10.964163822526,literature reference overlay; not a BVK2 accepted root,/home/lyx/projects/dfm/Glenn_DFT_Paper01/MonteCarlo/results/jcp2021_ab_phase_diagram_digitization/jcp2021_ab_phase_boundaries.csv,/home/lyx/projects/dfm/Glenn_DFT_Paper01/references/AB_phase_diagram_fig1_jcp2021.eps
SCFT,C/O70,left,7,34,0.455862068966,11.006825938567,literature reference overlay; not a BVK2 accepted root,/home/lyx/projects/dfm/Glenn_DFT_Paper01/MonteCarlo/results/jcp2021_ab_phase_diagram_digitization/jcp2021_ab_phase_boundaries.csv,/home/lyx/projects/dfm/Glenn_DFT_Paper01/references/AB_phase_diagram_fig1_jcp2021.eps
SCFT,C/O70,left,7,35,0.455172413793,11.049488054608,literature reference overlay; not a BVK2 accepted root,/home/lyx/projects/dfm/Glenn_DFT_Paper01/MonteCarlo/results/jcp2021_ab_phase_diagram_digitization/jcp2021_ab_phase_boundaries.csv,/home/lyx/projects/dfm/Glenn_DFT_Paper01/references/AB_phase_diagram_fig1_jcp2021.eps
SCFT,C/O70,left,7,36,0.453793103448,11.049488054608,literature reference overlay; not a BVK2 accepted root,/home/lyx/projects/dfm/Glenn_DFT_Paper01/MonteCarlo/results/jcp2021_ab_phase_diagram_digitization/jcp2021_ab_phase_boundaries.csv,/home/lyx/projects/dfm/Glenn_DFT_Paper01/references/AB_phase_diagram_fig1_jcp2021.eps
SCFT,C/O70,left,7,37,0.452413793103,11.092150170648,literature reference overlay; not a BVK2 accepted root,/home/lyx/projects/dfm/Glenn_DFT_Paper01/MonteCarlo/results/jcp2021_ab_phase_diagram_digitization/jcp2021_ab_phase_boundaries.csv,/home/lyx/projects/dfm/Glenn_DFT_Paper01/references/AB_phase_diagram_fig1_jcp2021.eps
SCFT,C/O70,left,7,38,0.451034482759,11.134812286689,literature reference overlay; not a BVK2 accepted root,/home/lyx/projects/dfm/Glenn_DFT_Paper01/MonteCarlo/results/jcp2021_ab_phase_diagram_digitization/jcp2021_ab_phase_boundaries.csv,/home/lyx/projects/dfm/Glenn_DFT_Paper01/references/AB_phase_diagram_fig1_jcp2021.eps
SCFT,C/O70,left,7,39,0.449655172414,11.134812286689,literature reference overlay; not a BVK2 accepted root,/home/lyx/projects/dfm/Glenn_DFT_Paper01/MonteCarlo/results/jcp2021_ab_phase_diagram_digitization/jcp2021_ab_phase_boundaries.csv,/home/lyx/projects/dfm/Glenn_DFT_Paper01/references/AB_phase_diagram_fig1_jcp2021.eps
SCFT,C/O70,left,7,40,0.448275862069,11.17747440273,literature reference overlay; not a BVK2 accepted root,/home/lyx/projects/dfm/Glenn_DFT_Paper01/MonteCarlo/results/jcp2021_ab_phase_diagram_digitization/jcp2021_ab_phase_boundaries.csv,/home/lyx/projects/dfm/Glenn_DFT_Paper01/references/AB_phase_diagram_fig1_jcp2021.eps
SCFT,C/O70,left,7,41,0.446896551724,11.220136518771,literature reference overlay; not a BVK2 accepted root,/home/lyx/projects/dfm/Glenn_DFT_Paper01/MonteCarlo/results/jcp2021_ab_phase_diagram_digitization/jcp2021_ab_phase_boundaries.csv,/home/lyx/projects/dfm/Glenn_DFT_Paper01/references/AB_phase_diagram_fig1_jcp2021.eps
SCFT,C/O70,left,7,42,0.445517241379,11.262798634812,literature reference overlay; not a BVK2 accepted root,/home/lyx/projects/dfm/Glenn_DFT_Paper01/MonteCarlo/results/jcp2021_ab_phase_diagram_digitization/jcp2021_ab_phase_boundaries.csv,/home/lyx/projects/dfm/Glenn_DFT_Paper01/references/AB_phase_diagram_fig1_jcp2021.eps
SCFT,C/O70,left,7,43,0.444137931034,11.305460750853,literature reference overlay; not a BVK2 accepted root,/home/lyx/projects/dfm/Glenn_DFT_Paper01/MonteCarlo/results/jcp2021_ab_phase_diagram_digitization/jcp2021_ab_phase_boundaries.csv,/home/lyx/projects/dfm/Glenn_DFT_Paper01/references/AB_phase_diagram_fig1_jcp2021.eps
SCFT,C/O70,left,7,44,0.44275862069,11.348122866894,literature reference overlay; not a BVK2 accepted root,/home/lyx/projects/dfm/Glenn_DFT_Paper01/MonteCarlo/results/jcp2021_ab_phase_diagram_digitization/jcp2021_ab_phase_boundaries.csv,/home/lyx/projects/dfm/Glenn_DFT_Paper01/references/AB_phase_diagram_fig1_jcp2021.eps
SCFT,C/O70,left,7,45,0.442068965517,11.390784982935,literature reference overlay; not a BVK2 accepted root,/home/lyx/projects/dfm/Glenn_DFT_Paper01/MonteCarlo/results/jcp2021_ab_phase_diagram_digitization/jcp2021_ab_phase_boundaries.csv,/home/lyx/projects/dfm/Glenn_DFT_Paper01/references/AB_phase_diagram_fig1_jcp2021.eps
SCFT,C/O70,left,7,46,0.440689655172,11.390784982935,literature reference overlay; not a BVK2 accepted root,/home/lyx/projects/dfm/Glenn_DFT_Paper01/MonteCarlo/results/jcp2021_ab_phase_diagram_digitization/jcp2021_ab_phase_boundaries.csv,/home/lyx/projects/dfm/Glenn_DFT_Paper01/references/AB_phase_diagram_fig1_jcp2021.eps
SCFT,C/O70,left,7,47,0.439310344828,11.433447098976,literature reference overlay; not a BVK2 accepted root,/home/lyx/projects/dfm/Glenn_DFT_Paper01/MonteCarlo/results/jcp2021_ab_phase_diagram_digitization/jcp2021_ab_phase_boundaries.csv,/home/lyx/projects/dfm/Glenn_DFT_Paper01/references/AB_phase_diagram_fig1_jcp2021.eps
SCFT,C/O70,left,7,48,0.437931034483,11.476109215017,literature reference overlay; not a BVK2 accepted root,/home/lyx/projects/dfm/Glenn_DFT_Paper01/MonteCarlo/results/jcp2021_ab_phase_diagram_digitization/jcp2021_ab_phase_boundaries.csv,/home/lyx/projects/dfm/Glenn_DFT_Paper01/references/AB_phase_diagram_fig1_jcp2021.eps
SCFT,C/O70,left,7,49,0.436551724138,11.518771331058,literature reference overlay; not a BVK2 accepted root,/home/lyx/projects/dfm/Glenn_DFT_Paper01/MonteCarlo/results/jcp2021_ab_phase_diagram_digitization/jcp2021_ab_phase_boundaries.csv,/home/lyx/projects/dfm/Glenn_DFT_Paper01/references/AB_phase_diagram_fig1_jcp2021.eps
SCFT,C/O70,left,7,50,0.435172413793,11.561433447099,literature reference overlay; not a BVK2 accepted root,/home/lyx/projects/dfm/Glenn_DFT_Paper01/MonteCarlo/results/jcp2021_ab_phase_diagram_digitization/jcp2021_ab_phase_boundaries.csv,/home/lyx/projects/dfm/Glenn_DFT_Paper01/references/AB_phase_diagram_fig1_jcp2021.eps
SCFT,C/O70,right,7,0,0.5,10.537542662116,literature reference overlay; not a BVK2 accepted root,/home/lyx/projects/dfm/Glenn_DFT_Paper01/MonteCarlo/results/jcp2021_ab_phase_diagram_digitization/jcp2021_ab_phase_boundaries.csv,/home/lyx/projects/dfm/Glenn_DFT_Paper01/references/AB_phase_diagram_fig1_jcp2021.eps
SCFT,C/O70,right,7,1,0.500689655172,10.537542662116,literature reference overlay; not a BVK2 accepted root,/home/lyx/projects/dfm/Glenn_DFT_Paper01/MonteCarlo/results/jcp2021_ab_phase_diagram_digitization/jcp2021_ab_phase_boundaries.csv,/home/lyx/projects/dfm/Glenn_DFT_Paper01/references/AB_phase_diagram_fig1_jcp2021.eps
SCFT,C/O70,right,7,2,0.502068965517,10.537542662116,literature reference overlay; not a BVK2 accepted root,/home/lyx/projects/dfm/Glenn_DFT_Paper01/MonteCarlo/results/jcp2021_ab_phase_diagram_digitization/jcp2021_ab_phase_boundaries.csv,/home/lyx/projects/dfm/Glenn_DFT_Paper01/references/AB_phase_diagram_fig1_jcp2021.eps
SCFT,C/O70,right,7,3,0.503448275862,10.537542662116,literature reference overlay; not a BVK2 accepted root,/home/lyx/projects/dfm/Glenn_DFT_Paper01/MonteCarlo/results/jcp2021_ab_phase_diagram_digitization/jcp2021_ab_phase_boundaries.csv,/home/lyx/projects/dfm/Glenn_DFT_Paper01/references/AB_phase_diagram_fig1_jcp2021.eps
SCFT,C/O70,right,7,4,0.504827586207,10.537542662116,literature reference overlay; not a BVK2 accepted root,/home/lyx/projects/dfm/Glenn_DFT_Paper01/MonteCarlo/results/jcp2021_ab_phase_diagram_digitization/jcp2021_ab_phase_boundaries.csv,/home/lyx/projects/dfm/Glenn_DFT_Paper01/references/AB_phase_diagram_fig1_jcp2021.eps
SCFT,C/O70,right,7,5,0.506206896552,10.537542662116,literature reference overlay; not a BVK2 accepted root,/home/lyx/projects/dfm/Glenn_DFT_Paper01/MonteCarlo/results/jcp2021_ab_phase_diagram_digitization/jcp2021_ab_phase_boundaries.csv,/home/lyx/projects/dfm/Glenn_DFT_Paper01/references/AB_phase_diagram_fig1_jcp2021.eps
SCFT,C/O70,right,7,6,0.506896551724,10.537542662116,literature reference overlay; not a BVK2 accepted root,/home/lyx/projects/dfm/Glenn_DFT_Paper01/MonteCarlo/results/jcp2021_ab_phase_diagram_digitization/jcp2021_ab_phase_boundaries.csv,/home/lyx/projects/dfm/Glenn_DFT_Paper01/references/AB_phase_diagram_fig1_jcp2021.eps
SCFT,C/O70,right,7,7,0.508275862069,10.537542662116,literature reference overlay; not a BVK2 accepted root,/home/lyx/projects/dfm/Glenn_DFT_Paper01/MonteCarlo/results/jcp2021_ab_phase_diagram_digitization/jcp2021_ab_phase_boundaries.csv,/home/lyx/projects/dfm/Glenn_DFT_Paper01/references/AB_phase_diagram_fig1_jcp2021.eps
SCFT,C/O70,right,7,8,0.509655172414,10.537542662116,literature reference overlay; not a BVK2 accepted root,/home/lyx/projects/dfm/Glenn_DFT_Paper01/MonteCarlo/results/jcp2021_ab_phase_diagram_digitization/jcp2021_ab_phase_boundaries.csv,/home/lyx/projects/dfm/Glenn_DFT_Paper01/references/AB_phase_diagram_fig1_jcp2021.eps
SCFT,C/O70,right,7,9,0.511034482759,10.537542662116,literature reference overlay; not a BVK2 accepted root,/home/lyx/projects/dfm/Glenn_DFT_Paper01/MonteCarlo/results/jcp2021_ab_phase_diagram_digitization/jcp2021_ab_phase_boundaries.csv,/home/lyx/projects/dfm/Glenn_DFT_Paper01/references/AB_phase_diagram_fig1_jcp2021.eps
SCFT,C/O70,right,7,10,0.512413793103,10.580204778157,literature reference overlay; not a BVK2 accepted root,/home/lyx/projects/dfm/Glenn_DFT_Paper01/MonteCarlo/results/jcp2021_ab_phase_diagram_digitization/jcp2021_ab_phase_boundaries.csv,/home/lyx/projects/dfm/Glenn_DFT_Paper01/references/AB_phase_diagram_fig1_jcp2021.eps
SCFT,C/O70,right,7,11,0.513793103448,10.580204778157,literature reference overlay; not a BVK2 accepted root,/home/lyx/projects/dfm/Glenn_DFT_Paper01/MonteCarlo/results/jcp2021_ab_phase_diagram_digitization/jcp2021_ab_phase_boundaries.csv,/home/lyx/projects/dfm/Glenn_DFT_Paper01/references/AB_phase_diagram_fig1_jcp2021.eps
SCFT,C/O70,right,7,12,0.515172413793,10.580204778157,literature reference overlay; not a BVK2 accepted root,/home/lyx/projects/dfm/Glenn_DFT_Paper01/MonteCarlo/results/jcp2021_ab_phase_diagram_digitization/jcp2021_ab_phase_boundaries.csv,/home/lyx/projects/dfm/Glenn_DFT_Paper01/references/AB_phase_diagram_fig1_jcp2021.eps
SCFT,C/O70,right,7,13,0.516551724138,10.580204778157,literature reference overlay; not a BVK2 accepted root,/home/lyx/projects/dfm/Glenn_DFT_Paper01/MonteCarlo/results/jcp2021_ab_phase_diagram_digitization/jcp2021_ab_phase_boundaries.csv,/home/lyx/projects/dfm/Glenn_DFT_Paper01/references/AB_phase_diagram_fig1_jcp2021.eps
SCFT,C/O70,right,7,14,0.517931034483,10.622866894198,literature reference overlay; not a BVK2 accepted root,/home/lyx/projects/dfm/Glenn_DFT_Paper01/MonteCarlo/results/jcp2021_ab_phase_diagram_digitization/jcp2021_ab_phase_boundaries.csv,/home/lyx/projects/dfm/Glenn_DFT_Paper01/references/AB_phase_diagram_fig1_jcp2021.eps
SCFT,C/O70,right,7,15,0.519310344828,10.622866894198,literature reference overlay; not a BVK2 accepted root,/home/lyx/projects/dfm/Glenn_DFT_Paper01/MonteCarlo/results/jcp2021_ab_phase_diagram_digitization/jcp2021_ab_phase_boundaries.csv,/home/lyx/projects/dfm/Glenn_DFT_Paper01/references/AB_phase_diagram_fig1_jcp2021.eps
SCFT,C/O70,right,7,16,0.52,10.622866894198,literature reference overlay; not a BVK2 accepted root,/home/lyx/projects/dfm/Glenn_DFT_Paper01/MonteCarlo/results/jcp2021_ab_phase_diagram_digitization/jcp2021_ab_phase_boundaries.csv,/home/lyx/projects/dfm/Glenn_DFT_Paper01/references/AB_phase_diagram_fig1_jcp2021.eps
SCFT,C/O70,right,7,17,0.521379310345,10.622866894198,literature reference overlay; not a BVK2 accepted root,/home/lyx/projects/dfm/Glenn_DFT_Paper01/MonteCarlo/results/jcp2021_ab_phase_diagram_digitization/jcp2021_ab_phase_boundaries.csv,/home/lyx/projects/dfm/Glenn_DFT_Paper01/references/AB_phase_diagram_fig1_jcp2021.eps
SCFT,C/O70,right,7,18,0.52275862069,10.665529010239,literature reference overlay; not a BVK2 accepted root,/home/lyx/projects/dfm/Glenn_DFT_Paper01/MonteCarlo/results/jcp2021_ab_phase_diagram_digitization/jcp2021_ab_phase_boundaries.csv,/home/lyx/projects/dfm/Glenn_DFT_Paper01/references/AB_phase_diagram_fig1_jcp2021.eps
SCFT,C/O70,right,7,19,0.524137931034,10.665529010239,literature reference overlay; not a BVK2 accepted root,/home/lyx/projects/dfm/Glenn_DFT_Paper01/MonteCarlo/results/jcp2021_ab_phase_diagram_digitization/jcp2021_ab_phase_boundaries.csv,/home/lyx/projects/dfm/Glenn_DFT_Paper01/references/AB_phase_diagram_fig1_jcp2021.eps
SCFT,C/O70,right,7,20,0.525517241379,10.665529010239,literature reference overlay; not a BVK2 accepted root,/home/lyx/projects/dfm/Glenn_DFT_Paper01/MonteCarlo/results/jcp2021_ab_phase_diagram_digitization/jcp2021_ab_phase_boundaries.csv,/home/lyx/projects/dfm/Glenn_DFT_Paper01/references/AB_phase_diagram_fig1_jcp2021.eps
SCFT,C/O70,right,7,21,0.526896551724,10.70819112628,literature reference overlay; not a BVK2 accepted root,/home/lyx/projects/dfm/Glenn_DFT_Paper01/MonteCarlo/results/jcp2021_ab_phase_diagram_digitization/jcp2021_ab_phase_boundaries.csv,/home/lyx/projects/dfm/Glenn_DFT_Paper01/references/AB_phase_diagram_fig1_jcp2021.eps
SCFT,C/O70,right,7,22,0.528275862069,10.70819112628,literature reference overlay; not a BVK2 accepted root,/home/lyx/projects/dfm/Glenn_DFT_Paper01/MonteCarlo/results/jcp2021_ab_phase_diagram_digitization/jcp2021_ab_phase_boundaries.csv,/home/lyx/projects/dfm/Glenn_DFT_Paper01/references/AB_phase_diagram_fig1_jcp2021.eps
SCFT,C/O70,right,7,23,0.529655172414,10.750853242321,literature reference overlay; not a BVK2 accepted root,/home/lyx/projects/dfm/Glenn_DFT_Paper01/MonteCarlo/results/jcp2021_ab_phase_diagram_digitization/jcp2021_ab_phase_boundaries.csv,/home/lyx/projects/dfm/Glenn_DFT_Paper01/references/AB_phase_diagram_fig1_jcp2021.eps
SCFT,C/O70,right,7,24,0.531034482759,10.750853242321,literature reference overlay; not a BVK2 accepted root,/home/lyx/projects/dfm/Glenn_DFT_Paper01/MonteCarlo/results/jcp2021_ab_phase_diagram_digitization/jcp2021_ab_phase_boundaries.csv,/home/lyx/projects/dfm/Glenn_DFT_Paper01/references/AB_phase_diagram_fig1_jcp2021.eps
SCFT,C/O70,right,7,25,0.532413793103,10.793515358362,literature reference overlay; not a BVK2 accepted root,/home/lyx/projects/dfm/Glenn_DFT_Paper01/MonteCarlo/results/jcp2021_ab_phase_diagram_digitization/jcp2021_ab_phase_boundaries.csv,/home/lyx/projects/dfm/Glenn_DFT_Paper01/references/AB_phase_diagram_fig1_jcp2021.eps
SCFT,C/O70,right,7,26,0.533103448276,10.793515358362,literature reference overlay; not a BVK2 accepted root,/home/lyx/projects/dfm/Glenn_DFT_Paper01/MonteCarlo/results/jcp2021_ab_phase_diagram_digitization/jcp2021_ab_phase_boundaries.csv,/home/lyx/projects/dfm/Glenn_DFT_Paper01/references/AB_phase_diagram_fig1_jcp2021.eps
SCFT,C/O70,right,7,27,0.534482758621,10.836177474403,literature reference overlay; not a BVK2 accepted root,/home/lyx/projects/dfm/Glenn_DFT_Paper01/MonteCarlo/results/jcp2021_ab_phase_diagram_digitization/jcp2021_ab_phase_boundaries.csv,/home/lyx/projects/dfm/Glenn_DFT_Paper01/references/AB_phase_diagram_fig1_jcp2021.eps
SCFT,C/O70,right,7,28,0.535862068966,10.836177474403,literature reference overlay; not a BVK2 accepted root,/home/lyx/projects/dfm/Glenn_DFT_Paper01/MonteCarlo/results/jcp2021_ab_phase_diagram_digitization/jcp2021_ab_phase_boundaries.csv,/home/lyx/projects/dfm/Glenn_DFT_Paper01/references/AB_phase_diagram_fig1_jcp2021.eps
SCFT,C/O70,right,7,29,0.53724137931,10.878839590444,literature reference overlay; not a BVK2 accepted root,/home/lyx/projects/dfm/Glenn_DFT_Paper01/MonteCarlo/results/jcp2021_ab_phase_diagram_digitization/jcp2021_ab_phase_boundaries.csv,/home/lyx/projects/dfm/Glenn_DFT_Paper01/references/AB_phase_diagram_fig1_jcp2021.eps
SCFT,C/O70,right,7,30,0.538620689655,10.878839590444,literature reference overlay; not a BVK2 accepted root,/home/lyx/projects/dfm/Glenn_DFT_Paper01/MonteCarlo/results/jcp2021_ab_phase_diagram_digitization/jcp2021_ab_phase_boundaries.csv,/home/lyx/projects/dfm/Glenn_DFT_Paper01/references/AB_phase_diagram_fig1_jcp2021.eps
SCFT,C/O70,right,7,31,0.54,10.921501706485,literature reference overlay; not a BVK2 accepted root,/home/lyx/projects/dfm/Glenn_DFT_Paper01/MonteCarlo/results/jcp2021_ab_phase_diagram_digitization/jcp2021_ab_phase_boundaries.csv,/home/lyx/projects/dfm/Glenn_DFT_Paper01/references/AB_phase_diagram_fig1_jcp2021.eps
SCFT,C/O70,right,7,32,0.541379310345,10.964163822526,literature reference overlay; not a BVK2 accepted root,/home/lyx/projects/dfm/Glenn_DFT_Paper01/MonteCarlo/results/jcp2021_ab_phase_diagram_digitization/jcp2021_ab_phase_boundaries.csv,/home/lyx/projects/dfm/Glenn_DFT_Paper01/references/AB_phase_diagram_fig1_jcp2021.eps
SCFT,C/O70,right,7,33,0.54275862069,10.964163822526,literature reference overlay; not a BVK2 accepted root,/home/lyx/projects/dfm/Glenn_DFT_Paper01/MonteCarlo/results/jcp2021_ab_phase_diagram_digitization/jcp2021_ab_phase_boundaries.csv,/home/lyx/projects/dfm/Glenn_DFT_Paper01/references/AB_phase_diagram_fig1_jcp2021.eps
SCFT,C/O70,right,7,34,0.544137931034,11.006825938567,literature reference overlay; not a BVK2 accepted root,/home/lyx/projects/dfm/Glenn_DFT_Paper01/MonteCarlo/results/jcp2021_ab_phase_diagram_digitization/jcp2021_ab_phase_boundaries.csv,/home/lyx/projects/dfm/Glenn_DFT_Paper01/references/AB_phase_diagram_fig1_jcp2021.eps
SCFT,C/O70,right,7,35,0.544827586207,11.049488054608,literature reference overlay; not a BVK2 accepted root,/home/lyx/projects/dfm/Glenn_DFT_Paper01/MonteCarlo/results/jcp2021_ab_phase_diagram_digitization/jcp2021_ab_phase_boundaries.csv,/home/lyx/projects/dfm/Glenn_DFT_Paper01/references/AB_phase_diagram_fig1_jcp2021.eps
SCFT,C/O70,right,7,36,0.546206896552,11.049488054608,literature reference overlay; not a BVK2 accepted root,/home/lyx/projects/dfm/Glenn_DFT_Paper01/MonteCarlo/results/jcp2021_ab_phase_diagram_digitization/jcp2021_ab_phase_boundaries.csv,/home/lyx/projects/dfm/Glenn_DFT_Paper01/references/AB_phase_diagram_fig1_jcp2021.eps
SCFT,C/O70,right,7,37,0.547586206897,11.092150170648,literature reference overlay; not a BVK2 accepted root,/home/lyx/projects/dfm/Glenn_DFT_Paper01/MonteCarlo/results/jcp2021_ab_phase_diagram_digitization/jcp2021_ab_phase_boundaries.csv,/home/lyx/projects/dfm/Glenn_DFT_Paper01/references/AB_phase_diagram_fig1_jcp2021.eps
SCFT,C/O70,right,7,38,0.548965517241,11.134812286689,literature reference overlay; not a BVK2 accepted root,/home/lyx/projects/dfm/Glenn_DFT_Paper01/MonteCarlo/results/jcp2021_ab_phase_diagram_digitization/jcp2021_ab_phase_boundaries.csv,/home/lyx/projects/dfm/Glenn_DFT_Paper01/references/AB_phase_diagram_fig1_jcp2021.eps
SCFT,C/O70,right,7,39,0.550344827586,11.134812286689,literature reference overlay; not a BVK2 accepted root,/home/lyx/projects/dfm/Glenn_DFT_Paper01/MonteCarlo/results/jcp2021_ab_phase_diagram_digitization/jcp2021_ab_phase_boundaries.csv,/home/lyx/projects/dfm/Glenn_DFT_Paper01/references/AB_phase_diagram_fig1_jcp2021.eps
SCFT,C/O70,right,7,40,0.551724137931,11.17747440273,literature reference overlay; not a BVK2 accepted root,/home/lyx/projects/dfm/Glenn_DFT_Paper01/MonteCarlo/results/jcp2021_ab_phase_diagram_digitization/jcp2021_ab_phase_boundaries.csv,/home/lyx/projects/dfm/Glenn_DFT_Paper01/references/AB_phase_diagram_fig1_jcp2021.eps
SCFT,C/O70,right,7,41,0.553103448276,11.220136518771,literature reference overlay; not a BVK2 accepted root,/home/lyx/projects/dfm/Glenn_DFT_Paper01/MonteCarlo/results/jcp2021_ab_phase_diagram_digitization/jcp2021_ab_phase_boundaries.csv,/home/lyx/projects/dfm/Glenn_DFT_Paper01/references/AB_phase_diagram_fig1_jcp2021.eps
SCFT,C/O70,right,7,42,0.554482758621,11.262798634812,literature reference overlay; not a BVK2 accepted root,/home/lyx/projects/dfm/Glenn_DFT_Paper01/MonteCarlo/results/jcp2021_ab_phase_diagram_digitization/jcp2021_ab_phase_boundaries.csv,/home/lyx/projects/dfm/Glenn_DFT_Paper01/references/AB_phase_diagram_fig1_jcp2021.eps
SCFT,C/O70,right,7,43,0.555862068966,11.305460750853,literature reference overlay; not a BVK2 accepted root,/home/lyx/projects/dfm/Glenn_DFT_Paper01/MonteCarlo/results/jcp2021_ab_phase_diagram_digitization/jcp2021_ab_phase_boundaries.csv,/home/lyx/projects/dfm/Glenn_DFT_Paper01/references/AB_phase_diagram_fig1_jcp2021.eps
SCFT,C/O70,right,7,44,0.55724137931,11.348122866894,literature reference overlay; not a BVK2 accepted root,/home/lyx/projects/dfm/Glenn_DFT_Paper01/MonteCarlo/results/jcp2021_ab_phase_diagram_digitization/jcp2021_ab_phase_boundaries.csv,/home/lyx/projects/dfm/Glenn_DFT_Paper01/references/AB_phase_diagram_fig1_jcp2021.eps
SCFT,C/O70,right,7,45,0.557931034483,11.390784982935,literature reference overlay; not a BVK2 accepted root,/home/lyx/projects/dfm/Glenn_DFT_Paper01/MonteCarlo/results/jcp2021_ab_phase_diagram_digitization/jcp2021_ab_phase_boundaries.csv,/home/lyx/projects/dfm/Glenn_DFT_Paper01/references/AB_phase_diagram_fig1_jcp2021.eps
SCFT,C/O70,right,7,46,0.559310344828,11.390784982935,literature reference overlay; not a BVK2 accepted root,/home/lyx/projects/dfm/Glenn_DFT_Paper01/MonteCarlo/results/jcp2021_ab_phase_diagram_digitization/jcp2021_ab_phase_boundaries.csv,/home/lyx/projects/dfm/Glenn_DFT_Paper01/references/AB_phase_diagram_fig1_jcp2021.eps
SCFT,C/O70,right,7,47,0.560689655172,11.433447098976,literature reference overlay; not a BVK2 accepted root,/home/lyx/projects/dfm/Glenn_DFT_Paper01/MonteCarlo/results/jcp2021_ab_phase_diagram_digitization/jcp2021_ab_phase_boundaries.csv,/home/lyx/projects/dfm/Glenn_DFT_Paper01/references/AB_phase_diagram_fig1_jcp2021.eps
SCFT,C/O70,right,7,48,0.562068965517,11.476109215017,literature reference overlay; not a BVK2 accepted root,/home/lyx/projects/dfm/Glenn_DFT_Paper01/MonteCarlo/results/jcp2021_ab_phase_diagram_digitization/jcp2021_ab_phase_boundaries.csv,/home/lyx/projects/dfm/Glenn_DFT_Paper01/references/AB_phase_diagram_fig1_jcp2021.eps
SCFT,C/O70,right,7,49,0.563448275862,11.518771331058,literature reference overlay; not a BVK2 accepted root,/home/lyx/projects/dfm/Glenn_DFT_Paper01/MonteCarlo/results/jcp2021_ab_phase_diagram_digitization/jcp2021_ab_phase_boundaries.csv,/home/lyx/projects/dfm/Glenn_DFT_Paper01/references/AB_phase_diagram_fig1_jcp2021.eps
SCFT,C/O70,right,7,50,0.564827586207,11.561433447099,literature reference overlay; not a BVK2 accepted root,/home/lyx/projects/dfm/Glenn_DFT_Paper01/MonteCarlo/results/jcp2021_ab_phase_diagram_digitization/jcp2021_ab_phase_boundaries.csv,/home/lyx/projects/dfm/Glenn_DFT_Paper01/references/AB_phase_diagram_fig1_jcp2021.eps
SCFT,G/O70,left,8,0,0.435172413793,11.561433447099,literature reference overlay; not a BVK2 accepted root,/home/lyx/projects/dfm/Glenn_DFT_Paper01/MonteCarlo/results/jcp2021_ab_phase_diagram_digitization/jcp2021_ab_phase_boundaries.csv,/home/lyx/projects/dfm/Glenn_DFT_Paper01/references/AB_phase_diagram_fig1_jcp2021.eps
SCFT,G/O70,left,8,1,0.435172413793,11.60409556314,literature reference overlay; not a BVK2 accepted root,/home/lyx/projects/dfm/Glenn_DFT_Paper01/MonteCarlo/results/jcp2021_ab_phase_diagram_digitization/jcp2021_ab_phase_boundaries.csv,/home/lyx/projects/dfm/Glenn_DFT_Paper01/references/AB_phase_diagram_fig1_jcp2021.eps
SCFT,G/O70,left,8,2,0.434482758621,11.60409556314,literature reference overlay; not a BVK2 accepted root,/home/lyx/projects/dfm/Glenn_DFT_Paper01/MonteCarlo/results/jcp2021_ab_phase_diagram_digitization/jcp2021_ab_phase_boundaries.csv,/home/lyx/projects/dfm/Glenn_DFT_Paper01/references/AB_phase_diagram_fig1_jcp2021.eps
SCFT,G/O70,left,8,3,0.434482758621,11.646757679181,literature reference overlay; not a BVK2 accepted root,/home/lyx/projects/dfm/Glenn_DFT_Paper01/MonteCarlo/results/jcp2021_ab_phase_diagram_digitization/jcp2021_ab_phase_boundaries.csv,/home/lyx/projects/dfm/Glenn_DFT_Paper01/references/AB_phase_diagram_fig1_jcp2021.eps
SCFT,G/O70,left,8,4,0.433793103448,11.646757679181,literature reference overlay; not a BVK2 accepted root,/home/lyx/projects/dfm/Glenn_DFT_Paper01/MonteCarlo/results/jcp2021_ab_phase_diagram_digitization/jcp2021_ab_phase_boundaries.csv,/home/lyx/projects/dfm/Glenn_DFT_Paper01/references/AB_phase_diagram_fig1_jcp2021.eps
SCFT,G/O70,left,8,5,0.433103448276,11.689419795222,literature reference overlay; not a BVK2 accepted root,/home/lyx/projects/dfm/Glenn_DFT_Paper01/MonteCarlo/results/jcp2021_ab_phase_diagram_digitization/jcp2021_ab_phase_boundaries.csv,/home/lyx/projects/dfm/Glenn_DFT_Paper01/references/AB_phase_diagram_fig1_jcp2021.eps
SCFT,G/O70,left,8,6,0.432413793103,11.689419795222,literature reference overlay; not a BVK2 accepted root,/home/lyx/projects/dfm/Glenn_DFT_Paper01/MonteCarlo/results/jcp2021_ab_phase_diagram_digitization/jcp2021_ab_phase_boundaries.csv,/home/lyx/projects/dfm/Glenn_DFT_Paper01/references/AB_phase_diagram_fig1_jcp2021.eps
SCFT,G/O70,left,8,7,0.432413793103,11.732081911263,literature reference overlay; not a BVK2 accepted root,/home/lyx/projects/dfm/Glenn_DFT_Paper01/MonteCarlo/results/jcp2021_ab_phase_diagram_digitization/jcp2021_ab_phase_boundaries.csv,/home/lyx/projects/dfm/Glenn_DFT_Paper01/references/AB_phase_diagram_fig1_jcp2021.eps
SCFT,G/O70,left,8,8,0.431724137931,11.732081911263,literature reference overlay; not a BVK2 accepted root,/home/lyx/projects/dfm/Glenn_DFT_Paper01/MonteCarlo/results/jcp2021_ab_phase_diagram_digitization/jcp2021_ab_phase_boundaries.csv,/home/lyx/projects/dfm/Glenn_DFT_Paper01/references/AB_phase_diagram_fig1_jcp2021.eps
SCFT,G/O70,left,8,9,0.431724137931,11.774744027304,literature reference overlay; not a BVK2 accepted root,/home/lyx/projects/dfm/Glenn_DFT_Paper01/MonteCarlo/results/jcp2021_ab_phase_diagram_digitization/jcp2021_ab_phase_boundaries.csv,/home/lyx/projects/dfm/Glenn_DFT_Paper01/references/AB_phase_diagram_fig1_jcp2021.eps
SCFT,G/O70,left,8,10,0.431034482759,11.774744027304,literature reference overlay; not a BVK2 accepted root,/home/lyx/projects/dfm/Glenn_DFT_Paper01/MonteCarlo/results/jcp2021_ab_phase_diagram_digitization/jcp2021_ab_phase_boundaries.csv,/home/lyx/projects/dfm/Glenn_DFT_Paper01/references/AB_phase_diagram_fig1_jcp2021.eps
SCFT,G/O70,left,8,11,0.431034482759,11.817406143345,literature reference overlay; not a BVK2 accepted root,/home/lyx/projects/dfm/Glenn_DFT_Paper01/MonteCarlo/results/jcp2021_ab_phase_diagram_digitization/jcp2021_ab_phase_boundaries.csv,/home/lyx/projects/dfm/Glenn_DFT_Paper01/references/AB_phase_diagram_fig1_jcp2021.eps
SCFT,G/O70,left,8,12,0.430344827586,11.817406143345,literature reference overlay; not a BVK2 accepted root,/home/lyx/projects/dfm/Glenn_DFT_Paper01/MonteCarlo/results/jcp2021_ab_phase_diagram_digitization/jcp2021_ab_phase_boundaries.csv,/home/lyx/projects/dfm/Glenn_DFT_Paper01/references/AB_phase_diagram_fig1_jcp2021.eps
SCFT,G/O70,left,8,13,0.430344827586,11.860068259386,literature reference overlay; not a BVK2 accepted root,/home/lyx/projects/dfm/Glenn_DFT_Paper01/MonteCarlo/results/jcp2021_ab_phase_diagram_digitization/jcp2021_ab_phase_boundaries.csv,/home/lyx/projects/dfm/Glenn_DFT_Paper01/references/AB_phase_diagram_fig1_jcp2021.eps
SCFT,G/O70,left,8,14,0.429655172414,11.860068259386,literature reference overlay; not a BVK2 accepted root,/home/lyx/projects/dfm/Glenn_DFT_Paper01/MonteCarlo/results/jcp2021_ab_phase_diagram_digitization/jcp2021_ab_phase_boundaries.csv,/home/lyx/projects/dfm/Glenn_DFT_Paper01/references/AB_phase_diagram_fig1_jcp2021.eps
SCFT,G/O70,left,8,15,0.429655172414,11.902730375427,literature reference overlay; not a BVK2 accepted root,/home/lyx/projects/dfm/Glenn_DFT_Paper01/MonteCarlo/results/jcp2021_ab_phase_diagram_digitization/jcp2021_ab_phase_boundaries.csv,/home/lyx/projects/dfm/Glenn_DFT_Paper01/references/AB_phase_diagram_fig1_jcp2021.eps
SCFT,G/O70,left,8,16,0.428965517241,11.902730375427,literature reference overlay; not a BVK2 accepted root,/home/lyx/projects/dfm/Glenn_DFT_Paper01/MonteCarlo/results/jcp2021_ab_phase_diagram_digitization/jcp2021_ab_phase_boundaries.csv,/home/lyx/projects/dfm/Glenn_DFT_Paper01/references/AB_phase_diagram_fig1_jcp2021.eps
SCFT,G/O70,left,8,17,0.428965517241,11.945392491468,literature reference overlay; not a BVK2 accepted root,/home/lyx/projects/dfm/Glenn_DFT_Paper01/MonteCarlo/results/jcp2021_ab_phase_diagram_digitization/jcp2021_ab_phase_boundaries.csv,/home/lyx/projects/dfm/Glenn_DFT_Paper01/references/AB_phase_diagram_fig1_jcp2021.eps
SCFT,G/O70,left,8,18,0.428275862069,11.945392491468,literature reference overlay; not a BVK2 accepted root,/home/lyx/projects/dfm/Glenn_DFT_Paper01/MonteCarlo/results/jcp2021_ab_phase_diagram_digitization/jcp2021_ab_phase_boundaries.csv,/home/lyx/projects/dfm/Glenn_DFT_Paper01/references/AB_phase_diagram_fig1_jcp2021.eps
SCFT,G/O70,left,8,19,0.428275862069,11.988054607509,literature reference overlay; not a BVK2 accepted root,/home/lyx/projects/dfm/Glenn_DFT_Paper01/MonteCarlo/results/jcp2021_ab_phase_diagram_digitization/jcp2021_ab_phase_boundaries.csv,/home/lyx/projects/dfm/Glenn_DFT_Paper01/references/AB_phase_diagram_fig1_jcp2021.eps
SCFT,G/O70,left,8,20,0.427586206897,11.988054607509,literature reference overlay; not a BVK2 accepted root,/home/lyx/projects/dfm/Glenn_DFT_Paper01/MonteCarlo/results/jcp2021_ab_phase_diagram_digitization/jcp2021_ab_phase_boundaries.csv,/home/lyx/projects/dfm/Glenn_DFT_Paper01/references/AB_phase_diagram_fig1_jcp2021.eps
SCFT,G/O70,left,8,21,0.427586206897,12.030716723549,literature reference overlay; not a BVK2 accepted root,/home/lyx/projects/dfm/Glenn_DFT_Paper01/MonteCarlo/results/jcp2021_ab_phase_diagram_digitization/jcp2021_ab_phase_boundaries.csv,/home/lyx/projects/dfm/Glenn_DFT_Paper01/references/AB_phase_diagram_fig1_jcp2021.eps
SCFT,G/O70,left,8,22,0.426896551724,12.030716723549,literature reference overlay; not a BVK2 accepted root,/home/lyx/projects/dfm/Glenn_DFT_Paper01/MonteCarlo/results/jcp2021_ab_phase_diagram_digitization/jcp2021_ab_phase_boundaries.csv,/home/lyx/projects/dfm/Glenn_DFT_Paper01/references/AB_phase_diagram_fig1_jcp2021.eps
SCFT,G/O70,left,8,23,0.426896551724,12.07337883959,literature reference overlay; not a BVK2 accepted root,/home/lyx/projects/dfm/Glenn_DFT_Paper01/MonteCarlo/results/jcp2021_ab_phase_diagram_digitization/jcp2021_ab_phase_boundaries.csv,/home/lyx/projects/dfm/Glenn_DFT_Paper01/references/AB_phase_diagram_fig1_jcp2021.eps
SCFT,G/O70,left,8,24,0.426206896552,12.07337883959,literature reference overlay; not a BVK2 accepted root,/home/lyx/projects/dfm/Glenn_DFT_Paper01/MonteCarlo/results/jcp2021_ab_phase_diagram_digitization/jcp2021_ab_phase_boundaries.csv,/home/lyx/projects/dfm/Glenn_DFT_Paper01/references/AB_phase_diagram_fig1_jcp2021.eps
SCFT,G/O70,left,8,25,0.426206896552,12.116040955631,literature reference overlay; not a BVK2 accepted root,/home/lyx/projects/dfm/Glenn_DFT_Paper01/MonteCarlo/results/jcp2021_ab_phase_diagram_digitization/jcp2021_ab_phase_boundaries.csv,/home/lyx/projects/dfm/Glenn_DFT_Paper01/references/AB_phase_diagram_fig1_jcp2021.eps
SCFT,G/O70,left,8,26,0.426206896552,12.158703071672,literature reference overlay; not a BVK2 accepted root,/home/lyx/projects/dfm/Glenn_DFT_Paper01/MonteCarlo/results/jcp2021_ab_phase_diagram_digitization/jcp2021_ab_phase_boundaries.csv,/home/lyx/projects/dfm/Glenn_DFT_Paper01/references/AB_phase_diagram_fig1_jcp2021.eps
SCFT,G/O70,left,8,27,0.425517241379,12.158703071672,literature reference overlay; not a BVK2 accepted root,/home/lyx/projects/dfm/Glenn_DFT_Paper01/MonteCarlo/results/jcp2021_ab_phase_diagram_digitization/jcp2021_ab_phase_boundaries.csv,/home/lyx/projects/dfm/Glenn_DFT_Paper01/references/AB_phase_diagram_fig1_jcp2021.eps
SCFT,G/O70,left,8,28,0.425517241379,12.201365187713,literature reference overlay; not a BVK2 accepted root,/home/lyx/projects/dfm/Glenn_DFT_Paper01/MonteCarlo/results/jcp2021_ab_phase_diagram_digitization/jcp2021_ab_phase_boundaries.csv,/home/lyx/projects/dfm/Glenn_DFT_Paper01/references/AB_phase_diagram_fig1_jcp2021.eps
SCFT,G/O70,left,8,29,0.424827586207,12.201365187713,literature reference overlay; not a BVK2 accepted root,/home/lyx/projects/dfm/Glenn_DFT_Paper01/MonteCarlo/results/jcp2021_ab_phase_diagram_digitization/jcp2021_ab_phase_boundaries.csv,/home/lyx/projects/dfm/Glenn_DFT_Paper01/references/AB_phase_diagram_fig1_jcp2021.eps
SCFT,G/O70,left,8,30,0.424827586207,12.244027303754,literature reference overlay; not a BVK2 accepted root,/home/lyx/projects/dfm/Glenn_DFT_Paper01/MonteCarlo/results/jcp2021_ab_phase_diagram_digitization/jcp2021_ab_phase_boundaries.csv,/home/lyx/projects/dfm/Glenn_DFT_Paper01/references/AB_phase_diagram_fig1_jcp2021.eps
SCFT,G/O70,left,8,31,0.424827586207,12.286689419795,literature reference overlay; not a BVK2 accepted root,/home/lyx/projects/dfm/Glenn_DFT_Paper01/MonteCarlo/results/jcp2021_ab_phase_diagram_digitization/jcp2021_ab_phase_boundaries.csv,/home/lyx/projects/dfm/Glenn_DFT_Paper01/references/AB_phase_diagram_fig1_jcp2021.eps
SCFT,G/O70,left,8,32,0.424137931034,12.286689419795,literature reference overlay; not a BVK2 accepted root,/home/lyx/projects/dfm/Glenn_DFT_Paper01/MonteCarlo/results/jcp2021_ab_phase_diagram_digitization/jcp2021_ab_phase_boundaries.csv,/home/lyx/projects/dfm/Glenn_DFT_Paper01/references/AB_phase_diagram_fig1_jcp2021.eps
SCFT,G/O70,left,8,33,0.424137931034,12.329351535836,literature reference overlay; not a BVK2 accepted root,/home/lyx/projects/dfm/Glenn_DFT_Paper01/MonteCarlo/results/jcp2021_ab_phase_diagram_digitization/jcp2021_ab_phase_boundaries.csv,/home/lyx/projects/dfm/Glenn_DFT_Paper01/references/AB_phase_diagram_fig1_jcp2021.eps
SCFT,G/O70,left,8,34,0.423448275862,12.372013651877,literature reference overlay; not a BVK2 accepted root,/home/lyx/projects/dfm/Glenn_DFT_Paper01/MonteCarlo/results/jcp2021_ab_phase_diagram_digitization/jcp2021_ab_phase_boundaries.csv,/home/lyx/projects/dfm/Glenn_DFT_Paper01/references/AB_phase_diagram_fig1_jcp2021.eps
SCFT,G/O70,left,8,35,0.423448275862,12.414675767918,literature reference overlay; not a BVK2 accepted root,/home/lyx/projects/dfm/Glenn_DFT_Paper01/MonteCarlo/results/jcp2021_ab_phase_diagram_digitization/jcp2021_ab_phase_boundaries.csv,/home/lyx/projects/dfm/Glenn_DFT_Paper01/references/AB_phase_diagram_fig1_jcp2021.eps
SCFT,G/O70,left,8,36,0.42275862069,12.457337883959,literature reference overlay; not a BVK2 accepted root,/home/lyx/projects/dfm/Glenn_DFT_Paper01/MonteCarlo/results/jcp2021_ab_phase_diagram_digitization/jcp2021_ab_phase_boundaries.csv,/home/lyx/projects/dfm/Glenn_DFT_Paper01/references/AB_phase_diagram_fig1_jcp2021.eps
SCFT,G/O70,left,8,37,0.42275862069,12.5,literature reference overlay; not a BVK2 accepted root,/home/lyx/projects/dfm/Glenn_DFT_Paper01/MonteCarlo/results/jcp2021_ab_phase_diagram_digitization/jcp2021_ab_phase_boundaries.csv,/home/lyx/projects/dfm/Glenn_DFT_Paper01/references/AB_phase_diagram_fig1_jcp2021.eps
SCFT,G/O70,left,8,38,0.422068965517,12.542662116041,literature reference overlay; not a BVK2 accepted root,/home/lyx/projects/dfm/Glenn_DFT_Paper01/MonteCarlo/results/jcp2021_ab_phase_diagram_digitization/jcp2021_ab_phase_boundaries.csv,/home/lyx/projects/dfm/Glenn_DFT_Paper01/references/AB_phase_diagram_fig1_jcp2021.eps
SCFT,G/O70,left,8,39,0.422068965517,12.585324232082,literature reference overlay; not a BVK2 accepted root,/home/lyx/projects/dfm/Glenn_DFT_Paper01/MonteCarlo/results/jcp2021_ab_phase_diagram_digitization/jcp2021_ab_phase_boundaries.csv,/home/lyx/projects/dfm/Glenn_DFT_Paper01/references/AB_phase_diagram_fig1_jcp2021.eps
SCFT,G/O70,left,8,40,0.421379310345,12.627986348123,literature reference overlay; not a BVK2 accepted root,/home/lyx/projects/dfm/Glenn_DFT_Paper01/MonteCarlo/results/jcp2021_ab_phase_diagram_digitization/jcp2021_ab_phase_boundaries.csv,/home/lyx/projects/dfm/Glenn_DFT_Paper01/references/AB_phase_diagram_fig1_jcp2021.eps
SCFT,G/O70,left,8,41,0.421379310345,12.670648464164,literature reference overlay; not a BVK2 accepted root,/home/lyx/projects/dfm/Glenn_DFT_Paper01/MonteCarlo/results/jcp2021_ab_phase_diagram_digitization/jcp2021_ab_phase_boundaries.csv,/home/lyx/projects/dfm/Glenn_DFT_Paper01/references/AB_phase_diagram_fig1_jcp2021.eps
SCFT,G/O70,left,8,42,0.421379310345,12.713310580205,literature reference overlay; not a BVK2 accepted root,/home/lyx/projects/dfm/Glenn_DFT_Paper01/MonteCarlo/results/jcp2021_ab_phase_diagram_digitization/jcp2021_ab_phase_boundaries.csv,/home/lyx/projects/dfm/Glenn_DFT_Paper01/references/AB_phase_diagram_fig1_jcp2021.eps
SCFT,G/O70,left,8,43,0.420689655172,12.713310580205,literature reference overlay; not a BVK2 accepted root,/home/lyx/projects/dfm/Glenn_DFT_Paper01/MonteCarlo/results/jcp2021_ab_phase_diagram_digitization/jcp2021_ab_phase_boundaries.csv,/home/lyx/projects/dfm/Glenn_DFT_Paper01/references/AB_phase_diagram_fig1_jcp2021.eps
SCFT,G/O70,left,8,44,0.420689655172,12.755972696246,literature reference overlay; not a BVK2 accepted root,/home/lyx/projects/dfm/Glenn_DFT_Paper01/MonteCarlo/results/jcp2021_ab_phase_diagram_digitization/jcp2021_ab_phase_boundaries.csv,/home/lyx/projects/dfm/Glenn_DFT_Paper01/references/AB_phase_diagram_fig1_jcp2021.eps
SCFT,G/O70,left,8,45,0.42,12.798634812287,literature reference overlay; not a BVK2 accepted root,/home/lyx/projects/dfm/Glenn_DFT_Paper01/MonteCarlo/results/jcp2021_ab_phase_diagram_digitization/jcp2021_ab_phase_boundaries.csv,/home/lyx/projects/dfm/Glenn_DFT_Paper01/references/AB_phase_diagram_fig1_jcp2021.eps
SCFT,G/O70,left,8,46,0.42,12.841296928328,literature reference overlay; not a BVK2 accepted root,/home/lyx/projects/dfm/Glenn_DFT_Paper01/MonteCarlo/results/jcp2021_ab_phase_diagram_digitization/jcp2021_ab_phase_boundaries.csv,/home/lyx/projects/dfm/Glenn_DFT_Paper01/references/AB_phase_diagram_fig1_jcp2021.eps
SCFT,G/O70,left,8,47,0.42,12.883959044369,literature reference overlay; not a BVK2 accepted root,/home/lyx/projects/dfm/Glenn_DFT_Paper01/MonteCarlo/results/jcp2021_ab_phase_diagram_digitization/jcp2021_ab_phase_boundaries.csv,/home/lyx/projects/dfm/Glenn_DFT_Paper01/references/AB_phase_diagram_fig1_jcp2021.eps
SCFT,G/O70,left,8,48,0.419310344828,12.92662116041,literature reference overlay; not a BVK2 accepted root,/home/lyx/projects/dfm/Glenn_DFT_Paper01/MonteCarlo/results/jcp2021_ab_phase_diagram_digitization/jcp2021_ab_phase_boundaries.csv,/home/lyx/projects/dfm/Glenn_DFT_Paper01/references/AB_phase_diagram_fig1_jcp2021.eps
SCFT,G/O70,left,8,49,0.419310344828,12.969283276451,literature reference overlay; not a BVK2 accepted root,/home/lyx/projects/dfm/Glenn_DFT_Paper01/MonteCarlo/results/jcp2021_ab_phase_diagram_digitization/jcp2021_ab_phase_boundaries.csv,/home/lyx/projects/dfm/Glenn_DFT_Paper01/references/AB_phase_diagram_fig1_jcp2021.eps
SCFT,G/O70,left,8,50,0.418620689655,13.011945392491,literature reference overlay; not a BVK2 accepted root,/home/lyx/projects/dfm/Glenn_DFT_Paper01/MonteCarlo/results/jcp2021_ab_phase_diagram_digitization/jcp2021_ab_phase_boundaries.csv,/home/lyx/projects/dfm/Glenn_DFT_Paper01/references/AB_phase_diagram_fig1_jcp2021.eps
SCFT,G/O70,left,8,51,0.418620689655,13.054607508532,literature reference overlay; not a BVK2 accepted root,/home/lyx/projects/dfm/Glenn_DFT_Paper01/MonteCarlo/results/jcp2021_ab_phase_diagram_digitization/jcp2021_ab_phase_boundaries.csv,/home/lyx/projects/dfm/Glenn_DFT_Paper01/references/AB_phase_diagram_fig1_jcp2021.eps
SCFT,G/O70,left,8,52,0.418620689655,13.097269624573,literature reference overlay; not a BVK2 accepted root,/home/lyx/projects/dfm/Glenn_DFT_Paper01/MonteCarlo/results/jcp2021_ab_phase_diagram_digitization/jcp2021_ab_phase_boundaries.csv,/home/lyx/projects/dfm/Glenn_DFT_Paper01/references/AB_phase_diagram_fig1_jcp2021.eps
SCFT,G/O70,left,8,53,0.417931034483,13.139931740614,literature reference overlay; not a BVK2 accepted root,/home/lyx/projects/dfm/Glenn_DFT_Paper01/MonteCarlo/results/jcp2021_ab_phase_diagram_digitization/jcp2021_ab_phase_boundaries.csv,/home/lyx/projects/dfm/Glenn_DFT_Paper01/references/AB_phase_diagram_fig1_jcp2021.eps
SCFT,G/O70,left,8,54,0.417931034483,13.182593856655,literature reference overlay; not a BVK2 accepted root,/home/lyx/projects/dfm/Glenn_DFT_Paper01/MonteCarlo/results/jcp2021_ab_phase_diagram_digitization/jcp2021_ab_phase_boundaries.csv,/home/lyx/projects/dfm/Glenn_DFT_Paper01/references/AB_phase_diagram_fig1_jcp2021.eps
SCFT,G/O70,left,8,55,0.41724137931,13.225255972696,literature reference overlay; not a BVK2 accepted root,/home/lyx/projects/dfm/Glenn_DFT_Paper01/MonteCarlo/results/jcp2021_ab_phase_diagram_digitization/jcp2021_ab_phase_boundaries.csv,/home/lyx/projects/dfm/Glenn_DFT_Paper01/references/AB_phase_diagram_fig1_jcp2021.eps
SCFT,G/O70,left,8,56,0.41724137931,13.267918088737,literature reference overlay; not a BVK2 accepted root,/home/lyx/projects/dfm/Glenn_DFT_Paper01/MonteCarlo/results/jcp2021_ab_phase_diagram_digitization/jcp2021_ab_phase_boundaries.csv,/home/lyx/projects/dfm/Glenn_DFT_Paper01/references/AB_phase_diagram_fig1_jcp2021.eps
SCFT,G/O70,left,8,57,0.41724137931,13.310580204778,literature reference overlay; not a BVK2 accepted root,/home/lyx/projects/dfm/Glenn_DFT_Paper01/MonteCarlo/results/jcp2021_ab_phase_diagram_digitization/jcp2021_ab_phase_boundaries.csv,/home/lyx/projects/dfm/Glenn_DFT_Paper01/references/AB_phase_diagram_fig1_jcp2021.eps
SCFT,G/O70,left,8,58,0.416551724138,13.353242320819,literature reference overlay; not a BVK2 accepted root,/home/lyx/projects/dfm/Glenn_DFT_Paper01/MonteCarlo/results/jcp2021_ab_phase_diagram_digitization/jcp2021_ab_phase_boundaries.csv,/home/lyx/projects/dfm/Glenn_DFT_Paper01/references/AB_phase_diagram_fig1_jcp2021.eps
SCFT,G/O70,left,8,59,0.416551724138,13.39590443686,literature reference overlay; not a BVK2 accepted root,/home/lyx/projects/dfm/Glenn_DFT_Paper01/MonteCarlo/results/jcp2021_ab_phase_diagram_digitization/jcp2021_ab_phase_boundaries.csv,/home/lyx/projects/dfm/Glenn_DFT_Paper01/references/AB_phase_diagram_fig1_jcp2021.eps
SCFT,G/O70,left,8,60,0.416551724138,13.438566552901,literature reference overlay; not a BVK2 accepted root,/home/lyx/projects/dfm/Glenn_DFT_Paper01/MonteCarlo/results/jcp2021_ab_phase_diagram_digitization/jcp2021_ab_phase_boundaries.csv,/home/lyx/projects/dfm/Glenn_DFT_Paper01/references/AB_phase_diagram_fig1_jcp2021.eps
SCFT,G/O70,left,8,61,0.415862068966,13.481228668942,literature reference overlay; not a BVK2 accepted root,/home/lyx/projects/dfm/Glenn_DFT_Paper01/MonteCarlo/results/jcp2021_ab_phase_diagram_digitization/jcp2021_ab_phase_boundaries.csv,/home/lyx/projects/dfm/Glenn_DFT_Paper01/references/AB_phase_diagram_fig1_jcp2021.eps
SCFT,G/O70,left,8,62,0.415862068966,13.523890784983,literature reference overlay; not a BVK2 accepted root,/home/lyx/projects/dfm/Glenn_DFT_Paper01/MonteCarlo/results/jcp2021_ab_phase_diagram_digitization/jcp2021_ab_phase_boundaries.csv,/home/lyx/projects/dfm/Glenn_DFT_Paper01/references/AB_phase_diagram_fig1_jcp2021.eps
SCFT,G/O70,right,12,0,0.564827586207,11.561433447099,literature reference overlay; not a BVK2 accepted root,/home/lyx/projects/dfm/Glenn_DFT_Paper01/MonteCarlo/results/jcp2021_ab_phase_diagram_digitization/jcp2021_ab_phase_boundaries.csv,/home/lyx/projects/dfm/Glenn_DFT_Paper01/references/AB_phase_diagram_fig1_jcp2021.eps
SCFT,G/O70,right,12,1,0.564827586207,11.60409556314,literature reference overlay; not a BVK2 accepted root,/home/lyx/projects/dfm/Glenn_DFT_Paper01/MonteCarlo/results/jcp2021_ab_phase_diagram_digitization/jcp2021_ab_phase_boundaries.csv,/home/lyx/projects/dfm/Glenn_DFT_Paper01/references/AB_phase_diagram_fig1_jcp2021.eps
SCFT,G/O70,right,12,2,0.565517241379,11.60409556314,literature reference overlay; not a BVK2 accepted root,/home/lyx/projects/dfm/Glenn_DFT_Paper01/MonteCarlo/results/jcp2021_ab_phase_diagram_digitization/jcp2021_ab_phase_boundaries.csv,/home/lyx/projects/dfm/Glenn_DFT_Paper01/references/AB_phase_diagram_fig1_jcp2021.eps
SCFT,G/O70,right,12,3,0.565517241379,11.646757679181,literature reference overlay; not a BVK2 accepted root,/home/lyx/projects/dfm/Glenn_DFT_Paper01/MonteCarlo/results/jcp2021_ab_phase_diagram_digitization/jcp2021_ab_phase_boundaries.csv,/home/lyx/projects/dfm/Glenn_DFT_Paper01/references/AB_phase_diagram_fig1_jcp2021.eps
SCFT,G/O70,right,12,4,0.566206896552,11.646757679181,literature reference overlay; not a BVK2 accepted root,/home/lyx/projects/dfm/Glenn_DFT_Paper01/MonteCarlo/results/jcp2021_ab_phase_diagram_digitization/jcp2021_ab_phase_boundaries.csv,/home/lyx/projects/dfm/Glenn_DFT_Paper01/references/AB_phase_diagram_fig1_jcp2021.eps
SCFT,G/O70,right,12,5,0.566896551724,11.689419795222,literature reference overlay; not a BVK2 accepted root,/home/lyx/projects/dfm/Glenn_DFT_Paper01/MonteCarlo/results/jcp2021_ab_phase_diagram_digitization/jcp2021_ab_phase_boundaries.csv,/home/lyx/projects/dfm/Glenn_DFT_Paper01/references/AB_phase_diagram_fig1_jcp2021.eps
SCFT,G/O70,right,12,6,0.567586206897,11.689419795222,literature reference overlay; not a BVK2 accepted root,/home/lyx/projects/dfm/Glenn_DFT_Paper01/MonteCarlo/results/jcp2021_ab_phase_diagram_digitization/jcp2021_ab_phase_boundaries.csv,/home/lyx/projects/dfm/Glenn_DFT_Paper01/references/AB_phase_diagram_fig1_jcp2021.eps
SCFT,G/O70,right,12,7,0.567586206897,11.732081911263,literature reference overlay; not a BVK2 accepted root,/home/lyx/projects/dfm/Glenn_DFT_Paper01/MonteCarlo/results/jcp2021_ab_phase_diagram_digitization/jcp2021_ab_phase_boundaries.csv,/home/lyx/projects/dfm/Glenn_DFT_Paper01/references/AB_phase_diagram_fig1_jcp2021.eps
SCFT,G/O70,right,12,8,0.568275862069,11.732081911263,literature reference overlay; not a BVK2 accepted root,/home/lyx/projects/dfm/Glenn_DFT_Paper01/MonteCarlo/results/jcp2021_ab_phase_diagram_digitization/jcp2021_ab_phase_boundaries.csv,/home/lyx/projects/dfm/Glenn_DFT_Paper01/references/AB_phase_diagram_fig1_jcp2021.eps
SCFT,G/O70,right,12,9,0.568275862069,11.774744027304,literature reference overlay; not a BVK2 accepted root,/home/lyx/projects/dfm/Glenn_DFT_Paper01/MonteCarlo/results/jcp2021_ab_phase_diagram_digitization/jcp2021_ab_phase_boundaries.csv,/home/lyx/projects/dfm/Glenn_DFT_Paper01/references/AB_phase_diagram_fig1_jcp2021.eps
SCFT,G/O70,right,12,10,0.568965517241,11.774744027304,literature reference overlay; not a BVK2 accepted root,/home/lyx/projects/dfm/Glenn_DFT_Paper01/MonteCarlo/results/jcp2021_ab_phase_diagram_digitization/jcp2021_ab_phase_boundaries.csv,/home/lyx/projects/dfm/Glenn_DFT_Paper01/references/AB_phase_diagram_fig1_jcp2021.eps
SCFT,G/O70,right,12,11,0.568965517241,11.817406143345,literature reference overlay; not a BVK2 accepted root,/home/lyx/projects/dfm/Glenn_DFT_Paper01/MonteCarlo/results/jcp2021_ab_phase_diagram_digitization/jcp2021_ab_phase_boundaries.csv,/home/lyx/projects/dfm/Glenn_DFT_Paper01/references/AB_phase_diagram_fig1_jcp2021.eps
SCFT,G/O70,right,12,12,0.569655172414,11.817406143345,literature reference overlay; not a BVK2 accepted root,/home/lyx/projects/dfm/Glenn_DFT_Paper01/MonteCarlo/results/jcp2021_ab_phase_diagram_digitization/jcp2021_ab_phase_boundaries.csv,/home/lyx/projects/dfm/Glenn_DFT_Paper01/references/AB_phase_diagram_fig1_jcp2021.eps
SCFT,G/O70,right,12,13,0.569655172414,11.860068259386,literature reference overlay; not a BVK2 accepted root,/home/lyx/projects/dfm/Glenn_DFT_Paper01/MonteCarlo/results/jcp2021_ab_phase_diagram_digitization/jcp2021_ab_phase_boundaries.csv,/home/lyx/projects/dfm/Glenn_DFT_Paper01/references/AB_phase_diagram_fig1_jcp2021.eps
SCFT,G/O70,right,12,14,0.570344827586,11.860068259386,literature reference overlay; not a BVK2 accepted root,/home/lyx/projects/dfm/Glenn_DFT_Paper01/MonteCarlo/results/jcp2021_ab_phase_diagram_digitization/jcp2021_ab_phase_boundaries.csv,/home/lyx/projects/dfm/Glenn_DFT_Paper01/references/AB_phase_diagram_fig1_jcp2021.eps
SCFT,G/O70,right,12,15,0.570344827586,11.902730375427,literature reference overlay; not a BVK2 accepted root,/home/lyx/projects/dfm/Glenn_DFT_Paper01/MonteCarlo/results/jcp2021_ab_phase_diagram_digitization/jcp2021_ab_phase_boundaries.csv,/home/lyx/projects/dfm/Glenn_DFT_Paper01/references/AB_phase_diagram_fig1_jcp2021.eps
SCFT,G/O70,right,12,16,0.571034482759,11.902730375427,literature reference overlay; not a BVK2 accepted root,/home/lyx/projects/dfm/Glenn_DFT_Paper01/MonteCarlo/results/jcp2021_ab_phase_diagram_digitization/jcp2021_ab_phase_boundaries.csv,/home/lyx/projects/dfm/Glenn_DFT_Paper01/references/AB_phase_diagram_fig1_jcp2021.eps
SCFT,G/O70,right,12,17,0.571034482759,11.945392491468,literature reference overlay; not a BVK2 accepted root,/home/lyx/projects/dfm/Glenn_DFT_Paper01/MonteCarlo/results/jcp2021_ab_phase_diagram_digitization/jcp2021_ab_phase_boundaries.csv,/home/lyx/projects/dfm/Glenn_DFT_Paper01/references/AB_phase_diagram_fig1_jcp2021.eps
SCFT,G/O70,right,12,18,0.571724137931,11.945392491468,literature reference overlay; not a BVK2 accepted root,/home/lyx/projects/dfm/Glenn_DFT_Paper01/MonteCarlo/results/jcp2021_ab_phase_diagram_digitization/jcp2021_ab_phase_boundaries.csv,/home/lyx/projects/dfm/Glenn_DFT_Paper01/references/AB_phase_diagram_fig1_jcp2021.eps
SCFT,G/O70,right,12,19,0.571724137931,11.988054607509,literature reference overlay; not a BVK2 accepted root,/home/lyx/projects/dfm/Glenn_DFT_Paper01/MonteCarlo/results/jcp2021_ab_phase_diagram_digitization/jcp2021_ab_phase_boundaries.csv,/home/lyx/projects/dfm/Glenn_DFT_Paper01/references/AB_phase_diagram_fig1_jcp2021.eps
SCFT,G/O70,right,12,20,0.572413793103,11.988054607509,literature reference overlay; not a BVK2 accepted root,/home/lyx/projects/dfm/Glenn_DFT_Paper01/MonteCarlo/results/jcp2021_ab_phase_diagram_digitization/jcp2021_ab_phase_boundaries.csv,/home/lyx/projects/dfm/Glenn_DFT_Paper01/references/AB_phase_diagram_fig1_jcp2021.eps
SCFT,G/O70,right,12,21,0.572413793103,12.030716723549,literature reference overlay; not a BVK2 accepted root,/home/lyx/projects/dfm/Glenn_DFT_Paper01/MonteCarlo/results/jcp2021_ab_phase_diagram_digitization/jcp2021_ab_phase_boundaries.csv,/home/lyx/projects/dfm/Glenn_DFT_Paper01/references/AB_phase_diagram_fig1_jcp2021.eps
SCFT,G/O70,right,12,22,0.573103448276,12.030716723549,literature reference overlay; not a BVK2 accepted root,/home/lyx/projects/dfm/Glenn_DFT_Paper01/MonteCarlo/results/jcp2021_ab_phase_diagram_digitization/jcp2021_ab_phase_boundaries.csv,/home/lyx/projects/dfm/Glenn_DFT_Paper01/references/AB_phase_diagram_fig1_jcp2021.eps
SCFT,G/O70,right,12,23,0.573103448276,12.07337883959,literature reference overlay; not a BVK2 accepted root,/home/lyx/projects/dfm/Glenn_DFT_Paper01/MonteCarlo/results/jcp2021_ab_phase_diagram_digitization/jcp2021_ab_phase_boundaries.csv,/home/lyx/projects/dfm/Glenn_DFT_Paper01/references/AB_phase_diagram_fig1_jcp2021.eps
SCFT,G/O70,right,12,24,0.573793103448,12.07337883959,literature reference overlay; not a BVK2 accepted root,/home/lyx/projects/dfm/Glenn_DFT_Paper01/MonteCarlo/results/jcp2021_ab_phase_diagram_digitization/jcp2021_ab_phase_boundaries.csv,/home/lyx/projects/dfm/Glenn_DFT_Paper01/references/AB_phase_diagram_fig1_jcp2021.eps
SCFT,G/O70,right,12,25,0.573793103448,12.116040955631,literature reference overlay; not a BVK2 accepted root,/home/lyx/projects/dfm/Glenn_DFT_Paper01/MonteCarlo/results/jcp2021_ab_phase_diagram_digitization/jcp2021_ab_phase_boundaries.csv,/home/lyx/projects/dfm/Glenn_DFT_Paper01/references/AB_phase_diagram_fig1_jcp2021.eps
SCFT,G/O70,right,12,26,0.573793103448,12.158703071672,literature reference overlay; not a BVK2 accepted root,/home/lyx/projects/dfm/Glenn_DFT_Paper01/MonteCarlo/results/jcp2021_ab_phase_diagram_digitization/jcp2021_ab_phase_boundaries.csv,/home/lyx/projects/dfm/Glenn_DFT_Paper01/references/AB_phase_diagram_fig1_jcp2021.eps
SCFT,G/O70,right,12,27,0.574482758621,12.158703071672,literature reference overlay; not a BVK2 accepted root,/home/lyx/projects/dfm/Glenn_DFT_Paper01/MonteCarlo/results/jcp2021_ab_phase_diagram_digitization/jcp2021_ab_phase_boundaries.csv,/home/lyx/projects/dfm/Glenn_DFT_Paper01/references/AB_phase_diagram_fig1_jcp2021.eps
SCFT,G/O70,right,12,28,0.574482758621,12.201365187713,literature reference overlay; not a BVK2 accepted root,/home/lyx/projects/dfm/Glenn_DFT_Paper01/MonteCarlo/results/jcp2021_ab_phase_diagram_digitization/jcp2021_ab_phase_boundaries.csv,/home/lyx/projects/dfm/Glenn_DFT_Paper01/references/AB_phase_diagram_fig1_jcp2021.eps
SCFT,G/O70,right,12,29,0.575172413793,12.201365187713,literature reference overlay; not a BVK2 accepted root,/home/lyx/projects/dfm/Glenn_DFT_Paper01/MonteCarlo/results/jcp2021_ab_phase_diagram_digitization/jcp2021_ab_phase_boundaries.csv,/home/lyx/projects/dfm/Glenn_DFT_Paper01/references/AB_phase_diagram_fig1_jcp2021.eps
SCFT,G/O70,right,12,30,0.575172413793,12.244027303754,literature reference overlay; not a BVK2 accepted root,/home/lyx/projects/dfm/Glenn_DFT_Paper01/MonteCarlo/results/jcp2021_ab_phase_diagram_digitization/jcp2021_ab_phase_boundaries.csv,/home/lyx/projects/dfm/Glenn_DFT_Paper01/references/AB_phase_diagram_fig1_jcp2021.eps
SCFT,G/O70,right,12,31,0.575172413793,12.286689419795,literature reference overlay; not a BVK2 accepted root,/home/lyx/projects/dfm/Glenn_DFT_Paper01/MonteCarlo/results/jcp2021_ab_phase_diagram_digitization/jcp2021_ab_phase_boundaries.csv,/home/lyx/projects/dfm/Glenn_DFT_Paper01/references/AB_phase_diagram_fig1_jcp2021.eps
SCFT,G/O70,right,12,32,0.575862068966,12.286689419795,literature reference overlay; not a BVK2 accepted root,/home/lyx/projects/dfm/Glenn_DFT_Paper01/MonteCarlo/results/jcp2021_ab_phase_diagram_digitization/jcp2021_ab_phase_boundaries.csv,/home/lyx/projects/dfm/Glenn_DFT_Paper01/references/AB_phase_diagram_fig1_jcp2021.eps
SCFT,G/O70,right,12,33,0.575862068966,12.329351535836,literature reference overlay; not a BVK2 accepted root,/home/lyx/projects/dfm/Glenn_DFT_Paper01/MonteCarlo/results/jcp2021_ab_phase_diagram_digitization/jcp2021_ab_phase_boundaries.csv,/home/lyx/projects/dfm/Glenn_DFT_Paper01/references/AB_phase_diagram_fig1_jcp2021.eps
SCFT,G/O70,right,12,34,0.576551724138,12.372013651877,literature reference overlay; not a BVK2 accepted root,/home/lyx/projects/dfm/Glenn_DFT_Paper01/MonteCarlo/results/jcp2021_ab_phase_diagram_digitization/jcp2021_ab_phase_boundaries.csv,/home/lyx/projects/dfm/Glenn_DFT_Paper01/references/AB_phase_diagram_fig1_jcp2021.eps
SCFT,G/O70,right,12,35,0.576551724138,12.414675767918,literature reference overlay; not a BVK2 accepted root,/home/lyx/projects/dfm/Glenn_DFT_Paper01/MonteCarlo/results/jcp2021_ab_phase_diagram_digitization/jcp2021_ab_phase_boundaries.csv,/home/lyx/projects/dfm/Glenn_DFT_Paper01/references/AB_phase_diagram_fig1_jcp2021.eps
SCFT,G/O70,right,12,36,0.57724137931,12.457337883959,literature reference overlay; not a BVK2 accepted root,/home/lyx/projects/dfm/Glenn_DFT_Paper01/MonteCarlo/results/jcp2021_ab_phase_diagram_digitization/jcp2021_ab_phase_boundaries.csv,/home/lyx/projects/dfm/Glenn_DFT_Paper01/references/AB_phase_diagram_fig1_jcp2021.eps
SCFT,G/O70,right,12,37,0.57724137931,12.5,literature reference overlay; not a BVK2 accepted root,/home/lyx/projects/dfm/Glenn_DFT_Paper01/MonteCarlo/results/jcp2021_ab_phase_diagram_digitization/jcp2021_ab_phase_boundaries.csv,/home/lyx/projects/dfm/Glenn_DFT_Paper01/references/AB_phase_diagram_fig1_jcp2021.eps
SCFT,G/O70,right,12,38,0.577931034483,12.542662116041,literature reference overlay; not a BVK2 accepted root,/home/lyx/projects/dfm/Glenn_DFT_Paper01/MonteCarlo/results/jcp2021_ab_phase_diagram_digitization/jcp2021_ab_phase_boundaries.csv,/home/lyx/projects/dfm/Glenn_DFT_Paper01/references/AB_phase_diagram_fig1_jcp2021.eps
SCFT,G/O70,right,12,39,0.577931034483,12.585324232082,literature reference overlay; not a BVK2 accepted root,/home/lyx/projects/dfm/Glenn_DFT_Paper01/MonteCarlo/results/jcp2021_ab_phase_diagram_digitization/jcp2021_ab_phase_boundaries.csv,/home/lyx/projects/dfm/Glenn_DFT_Paper01/references/AB_phase_diagram_fig1_jcp2021.eps
SCFT,G/O70,right,12,40,0.578620689655,12.627986348123,literature reference overlay; not a BVK2 accepted root,/home/lyx/projects/dfm/Glenn_DFT_Paper01/MonteCarlo/results/jcp2021_ab_phase_diagram_digitization/jcp2021_ab_phase_boundaries.csv,/home/lyx/projects/dfm/Glenn_DFT_Paper01/references/AB_phase_diagram_fig1_jcp2021.eps
SCFT,G/O70,right,12,41,0.578620689655,12.670648464164,literature reference overlay; not a BVK2 accepted root,/home/lyx/projects/dfm/Glenn_DFT_Paper01/MonteCarlo/results/jcp2021_ab_phase_diagram_digitization/jcp2021_ab_phase_boundaries.csv,/home/lyx/projects/dfm/Glenn_DFT_Paper01/references/AB_phase_diagram_fig1_jcp2021.eps
SCFT,G/O70,right,12,42,0.578620689655,12.713310580205,literature reference overlay; not a BVK2 accepted root,/home/lyx/projects/dfm/Glenn_DFT_Paper01/MonteCarlo/results/jcp2021_ab_phase_diagram_digitization/jcp2021_ab_phase_boundaries.csv,/home/lyx/projects/dfm/Glenn_DFT_Paper01/references/AB_phase_diagram_fig1_jcp2021.eps
SCFT,G/O70,right,12,43,0.579310344828,12.713310580205,literature reference overlay; not a BVK2 accepted root,/home/lyx/projects/dfm/Glenn_DFT_Paper01/MonteCarlo/results/jcp2021_ab_phase_diagram_digitization/jcp2021_ab_phase_boundaries.csv,/home/lyx/projects/dfm/Glenn_DFT_Paper01/references/AB_phase_diagram_fig1_jcp2021.eps
SCFT,G/O70,right,12,44,0.579310344828,12.755972696246,literature reference overlay; not a BVK2 accepted root,/home/lyx/projects/dfm/Glenn_DFT_Paper01/MonteCarlo/results/jcp2021_ab_phase_diagram_digitization/jcp2021_ab_phase_boundaries.csv,/home/lyx/projects/dfm/Glenn_DFT_Paper01/references/AB_phase_diagram_fig1_jcp2021.eps
SCFT,G/O70,right,12,45,0.58,12.798634812287,literature reference overlay; not a BVK2 accepted root,/home/lyx/projects/dfm/Glenn_DFT_Paper01/MonteCarlo/results/jcp2021_ab_phase_diagram_digitization/jcp2021_ab_phase_boundaries.csv,/home/lyx/projects/dfm/Glenn_DFT_Paper01/references/AB_phase_diagram_fig1_jcp2021.eps
SCFT,G/O70,right,12,46,0.58,12.841296928328,literature reference overlay; not a BVK2 accepted root,/home/lyx/projects/dfm/Glenn_DFT_Paper01/MonteCarlo/results/jcp2021_ab_phase_diagram_digitization/jcp2021_ab_phase_boundaries.csv,/home/lyx/projects/dfm/Glenn_DFT_Paper01/references/AB_phase_diagram_fig1_jcp2021.eps
SCFT,G/O70,right,12,47,0.58,12.883959044369,literature reference overlay; not a BVK2 accepted root,/home/lyx/projects/dfm/Glenn_DFT_Paper01/MonteCarlo/results/jcp2021_ab_phase_diagram_digitization/jcp2021_ab_phase_boundaries.csv,/home/lyx/projects/dfm/Glenn_DFT_Paper01/references/AB_phase_diagram_fig1_jcp2021.eps
SCFT,G/O70,right,12,48,0.580689655172,12.92662116041,literature reference overlay; not a BVK2 accepted root,/home/lyx/projects/dfm/Glenn_DFT_Paper01/MonteCarlo/results/jcp2021_ab_phase_diagram_digitization/jcp2021_ab_phase_boundaries.csv,/home/lyx/projects/dfm/Glenn_DFT_Paper01/references/AB_phase_diagram_fig1_jcp2021.eps
SCFT,G/O70,right,12,49,0.580689655172,12.969283276451,literature reference overlay; not a BVK2 accepted root,/home/lyx/projects/dfm/Glenn_DFT_Paper01/MonteCarlo/results/jcp2021_ab_phase_diagram_digitization/jcp2021_ab_phase_boundaries.csv,/home/lyx/projects/dfm/Glenn_DFT_Paper01/references/AB_phase_diagram_fig1_jcp2021.eps
SCFT,G/O70,right,12,50,0.581379310345,13.011945392491,literature reference overlay; not a BVK2 accepted root,/home/lyx/projects/dfm/Glenn_DFT_Paper01/MonteCarlo/results/jcp2021_ab_phase_diagram_digitization/jcp2021_ab_phase_boundaries.csv,/home/lyx/projects/dfm/Glenn_DFT_Paper01/references/AB_phase_diagram_fig1_jcp2021.eps
SCFT,G/O70,right,12,51,0.581379310345,13.054607508532,literature reference overlay; not a BVK2 accepted root,/home/lyx/projects/dfm/Glenn_DFT_Paper01/MonteCarlo/results/jcp2021_ab_phase_diagram_digitization/jcp2021_ab_phase_boundaries.csv,/home/lyx/projects/dfm/Glenn_DFT_Paper01/references/AB_phase_diagram_fig1_jcp2021.eps
SCFT,G/O70,right,12,52,0.581379310345,13.097269624573,literature reference overlay; not a BVK2 accepted root,/home/lyx/projects/dfm/Glenn_DFT_Paper01/MonteCarlo/results/jcp2021_ab_phase_diagram_digitization/jcp2021_ab_phase_boundaries.csv,/home/lyx/projects/dfm/Glenn_DFT_Paper01/references/AB_phase_diagram_fig1_jcp2021.eps
SCFT,G/O70,right,12,53,0.582068965517,13.139931740614,literature reference overlay; not a BVK2 accepted root,/home/lyx/projects/dfm/Glenn_DFT_Paper01/MonteCarlo/results/jcp2021_ab_phase_diagram_digitization/jcp2021_ab_phase_boundaries.csv,/home/lyx/projects/dfm/Glenn_DFT_Paper01/references/AB_phase_diagram_fig1_jcp2021.eps
SCFT,G/O70,right,12,54,0.582068965517,13.182593856655,literature reference overlay; not a BVK2 accepted root,/home/lyx/projects/dfm/Glenn_DFT_Paper01/MonteCarlo/results/jcp2021_ab_phase_diagram_digitization/jcp2021_ab_phase_boundaries.csv,/home/lyx/projects/dfm/Glenn_DFT_Paper01/references/AB_phase_diagram_fig1_jcp2021.eps
SCFT,G/O70,right,12,55,0.58275862069,13.225255972696,literature reference overlay; not a BVK2 accepted root,/home/lyx/projects/dfm/Glenn_DFT_Paper01/MonteCarlo/results/jcp2021_ab_phase_diagram_digitization/jcp2021_ab_phase_boundaries.csv,/home/lyx/projects/dfm/Glenn_DFT_Paper01/references/AB_phase_diagram_fig1_jcp2021.eps
SCFT,G/O70,right,12,56,0.58275862069,13.267918088737,literature reference overlay; not a BVK2 accepted root,/home/lyx/projects/dfm/Glenn_DFT_Paper01/MonteCarlo/results/jcp2021_ab_phase_diagram_digitization/jcp2021_ab_phase_boundaries.csv,/home/lyx/projects/dfm/Glenn_DFT_Paper01/references/AB_phase_diagram_fig1_jcp2021.eps
SCFT,G/O70,right,12,57,0.58275862069,13.310580204778,literature reference overlay; not a BVK2 accepted root,/home/lyx/projects/dfm/Glenn_DFT_Paper01/MonteCarlo/results/jcp2021_ab_phase_diagram_digitization/jcp2021_ab_phase_boundaries.csv,/home/lyx/projects/dfm/Glenn_DFT_Paper01/references/AB_phase_diagram_fig1_jcp2021.eps
SCFT,G/O70,right,12,58,0.583448275862,13.353242320819,literature reference overlay; not a BVK2 accepted root,/home/lyx/projects/dfm/Glenn_DFT_Paper01/MonteCarlo/results/jcp2021_ab_phase_diagram_digitization/jcp2021_ab_phase_boundaries.csv,/home/lyx/projects/dfm/Glenn_DFT_Paper01/references/AB_phase_diagram_fig1_jcp2021.eps
SCFT,G/O70,right,12,59,0.583448275862,13.39590443686,literature reference overlay; not a BVK2 accepted root,/home/lyx/projects/dfm/Glenn_DFT_Paper01/MonteCarlo/results/jcp2021_ab_phase_diagram_digitization/jcp2021_ab_phase_boundaries.csv,/home/lyx/projects/dfm/Glenn_DFT_Paper01/references/AB_phase_diagram_fig1_jcp2021.eps
SCFT,G/O70,right,12,60,0.583448275862,13.438566552901,literature reference overlay; not a BVK2 accepted root,/home/lyx/projects/dfm/Glenn_DFT_Paper01/MonteCarlo/results/jcp2021_ab_phase_diagram_digitization/jcp2021_ab_phase_boundaries.csv,/home/lyx/projects/dfm/Glenn_DFT_Paper01/references/AB_phase_diagram_fig1_jcp2021.eps
SCFT,G/O70,right,12,61,0.584137931034,13.481228668942,literature reference overlay; not a BVK2 accepted root,/home/lyx/projects/dfm/Glenn_DFT_Paper01/MonteCarlo/results/jcp2021_ab_phase_diagram_digitization/jcp2021_ab_phase_boundaries.csv,/home/lyx/projects/dfm/Glenn_DFT_Paper01/references/AB_phase_diagram_fig1_jcp2021.eps
SCFT,G/O70,right,12,62,0.584137931034,13.523890784983,literature reference overlay; not a BVK2 accepted root,/home/lyx/projects/dfm/Glenn_DFT_Paper01/MonteCarlo/results/jcp2021_ab_phase_diagram_digitization/jcp2021_ab_phase_boundaries.csv,/home/lyx/projects/dfm/Glenn_DFT_Paper01/references/AB_phase_diagram_fig1_jcp2021.eps
SCFT,G/L,left,9,0,0.415862068966,13.523890784983,literature reference overlay; not a BVK2 accepted root,/home/lyx/projects/dfm/Glenn_DFT_Paper01/MonteCarlo/results/jcp2021_ab_phase_diagram_digitization/jcp2021_ab_phase_boundaries.csv,/home/lyx/projects/dfm/Glenn_DFT_Paper01/references/AB_phase_diagram_fig1_jcp2021.eps
SCFT,G/L,left,9,1,0.415172413793,13.609215017065,literature reference overlay; not a BVK2 accepted root,/home/lyx/projects/dfm/Glenn_DFT_Paper01/MonteCarlo/results/jcp2021_ab_phase_diagram_digitization/jcp2021_ab_phase_boundaries.csv,/home/lyx/projects/dfm/Glenn_DFT_Paper01/references/AB_phase_diagram_fig1_jcp2021.eps
SCFT,G/L,left,9,2,0.413793103448,13.694539249147,literature reference overlay; not a BVK2 accepted root,/home/lyx/projects/dfm/Glenn_DFT_Paper01/MonteCarlo/results/jcp2021_ab_phase_diagram_digitization/jcp2021_ab_phase_boundaries.csv,/home/lyx/projects/dfm/Glenn_DFT_Paper01/references/AB_phase_diagram_fig1_jcp2021.eps
SCFT,G/L,left,9,3,0.413103448276,13.779863481229,literature reference overlay; not a BVK2 accepted root,/home/lyx/projects/dfm/Glenn_DFT_Paper01/MonteCarlo/results/jcp2021_ab_phase_diagram_digitization/jcp2021_ab_phase_boundaries.csv,/home/lyx/projects/dfm/Glenn_DFT_Paper01/references/AB_phase_diagram_fig1_jcp2021.eps
SCFT,G/L,left,9,4,0.412413793103,13.907849829352,literature reference overlay; not a BVK2 accepted root,/home/lyx/projects/dfm/Glenn_DFT_Paper01/MonteCarlo/results/jcp2021_ab_phase_diagram_digitization/jcp2021_ab_phase_boundaries.csv,/home/lyx/projects/dfm/Glenn_DFT_Paper01/references/AB_phase_diagram_fig1_jcp2021.eps
SCFT,G/L,left,9,5,0.411724137931,13.993174061433,literature reference overlay; not a BVK2 accepted root,/home/lyx/projects/dfm/Glenn_DFT_Paper01/MonteCarlo/results/jcp2021_ab_phase_diagram_digitization/jcp2021_ab_phase_boundaries.csv,/home/lyx/projects/dfm/Glenn_DFT_Paper01/references/AB_phase_diagram_fig1_jcp2021.eps
SCFT,G/L,left,9,6,0.410344827586,14.078498293515,literature reference overlay; not a BVK2 accepted root,/home/lyx/projects/dfm/Glenn_DFT_Paper01/MonteCarlo/results/jcp2021_ab_phase_diagram_digitization/jcp2021_ab_phase_boundaries.csv,/home/lyx/projects/dfm/Glenn_DFT_Paper01/references/AB_phase_diagram_fig1_jcp2021.eps
SCFT,G/L,left,9,7,0.409655172414,14.163822525597,literature reference overlay; not a BVK2 accepted root,/home/lyx/projects/dfm/Glenn_DFT_Paper01/MonteCarlo/results/jcp2021_ab_phase_diagram_digitization/jcp2021_ab_phase_boundaries.csv,/home/lyx/projects/dfm/Glenn_DFT_Paper01/references/AB_phase_diagram_fig1_jcp2021.eps
SCFT,G/L,left,9,8,0.408965517241,14.249146757679,literature reference overlay; not a BVK2 accepted root,/home/lyx/projects/dfm/Glenn_DFT_Paper01/MonteCarlo/results/jcp2021_ab_phase_diagram_digitization/jcp2021_ab_phase_boundaries.csv,/home/lyx/projects/dfm/Glenn_DFT_Paper01/references/AB_phase_diagram_fig1_jcp2021.eps
SCFT,G/L,left,9,9,0.408275862069,14.377133105802,literature reference overlay; not a BVK2 accepted root,/home/lyx/projects/dfm/Glenn_DFT_Paper01/MonteCarlo/results/jcp2021_ab_phase_diagram_digitization/jcp2021_ab_phase_boundaries.csv,/home/lyx/projects/dfm/Glenn_DFT_Paper01/references/AB_phase_diagram_fig1_jcp2021.eps
SCFT,G/L,left,9,10,0.407586206897,14.462457337884,literature reference overlay; not a BVK2 accepted root,/home/lyx/projects/dfm/Glenn_DFT_Paper01/MonteCarlo/results/jcp2021_ab_phase_diagram_digitization/jcp2021_ab_phase_boundaries.csv,/home/lyx/projects/dfm/Glenn_DFT_Paper01/references/AB_phase_diagram_fig1_jcp2021.eps
SCFT,G/L,left,9,11,0.406206896552,14.547781569966,literature reference overlay; not a BVK2 accepted root,/home/lyx/projects/dfm/Glenn_DFT_Paper01/MonteCarlo/results/jcp2021_ab_phase_diagram_digitization/jcp2021_ab_phase_boundaries.csv,/home/lyx/projects/dfm/Glenn_DFT_Paper01/references/AB_phase_diagram_fig1_jcp2021.eps
SCFT,G/L,left,9,12,0.405517241379,14.675767918089,literature reference overlay; not a BVK2 accepted root,/home/lyx/projects/dfm/Glenn_DFT_Paper01/MonteCarlo/results/jcp2021_ab_phase_diagram_digitization/jcp2021_ab_phase_boundaries.csv,/home/lyx/projects/dfm/Glenn_DFT_Paper01/references/AB_phase_diagram_fig1_jcp2021.eps
SCFT,G/L,left,9,13,0.404827586207,14.761092150171,literature reference overlay; not a BVK2 accepted root,/home/lyx/projects/dfm/Glenn_DFT_Paper01/MonteCarlo/results/jcp2021_ab_phase_diagram_digitization/jcp2021_ab_phase_boundaries.csv,/home/lyx/projects/dfm/Glenn_DFT_Paper01/references/AB_phase_diagram_fig1_jcp2021.eps
SCFT,G/L,left,9,14,0.404137931034,14.889078498294,literature reference overlay; not a BVK2 accepted root,/home/lyx/projects/dfm/Glenn_DFT_Paper01/MonteCarlo/results/jcp2021_ab_phase_diagram_digitization/jcp2021_ab_phase_boundaries.csv,/home/lyx/projects/dfm/Glenn_DFT_Paper01/references/AB_phase_diagram_fig1_jcp2021.eps
SCFT,G/L,left,9,15,0.40275862069,14.974402730375,literature reference overlay; not a BVK2 accepted root,/home/lyx/projects/dfm/Glenn_DFT_Paper01/MonteCarlo/results/jcp2021_ab_phase_diagram_digitization/jcp2021_ab_phase_boundaries.csv,/home/lyx/projects/dfm/Glenn_DFT_Paper01/references/AB_phase_diagram_fig1_jcp2021.eps
SCFT,G/L,left,9,16,0.402068965517,15.102389078498,literature reference overlay; not a BVK2 accepted root,/home/lyx/projects/dfm/Glenn_DFT_Paper01/MonteCarlo/results/jcp2021_ab_phase_diagram_digitization/jcp2021_ab_phase_boundaries.csv,/home/lyx/projects/dfm/Glenn_DFT_Paper01/references/AB_phase_diagram_fig1_jcp2021.eps
SCFT,G/L,left,9,17,0.401379310345,15.18771331058,literature reference overlay; not a BVK2 accepted root,/home/lyx/projects/dfm/Glenn_DFT_Paper01/MonteCarlo/results/jcp2021_ab_phase_diagram_digitization/jcp2021_ab_phase_boundaries.csv,/home/lyx/projects/dfm/Glenn_DFT_Paper01/references/AB_phase_diagram_fig1_jcp2021.eps
SCFT,G/L,left,9,18,0.400689655172,15.315699658703,literature reference overlay; not a BVK2 accepted root,/home/lyx/projects/dfm/Glenn_DFT_Paper01/MonteCarlo/results/jcp2021_ab_phase_diagram_digitization/jcp2021_ab_phase_boundaries.csv,/home/lyx/projects/dfm/Glenn_DFT_Paper01/references/AB_phase_diagram_fig1_jcp2021.eps
SCFT,G/L,left,9,19,0.399310344828,15.443686006826,literature reference overlay; not a BVK2 accepted root,/home/lyx/projects/dfm/Glenn_DFT_Paper01/MonteCarlo/results/jcp2021_ab_phase_diagram_digitization/jcp2021_ab_phase_boundaries.csv,/home/lyx/projects/dfm/Glenn_DFT_Paper01/references/AB_phase_diagram_fig1_jcp2021.eps
SCFT,G/L,left,9,20,0.398620689655,15.529010238908,literature reference overlay; not a BVK2 accepted root,/home/lyx/projects/dfm/Glenn_DFT_Paper01/MonteCarlo/results/jcp2021_ab_phase_diagram_digitization/jcp2021_ab_phase_boundaries.csv,/home/lyx/projects/dfm/Glenn_DFT_Paper01/references/AB_phase_diagram_fig1_jcp2021.eps
SCFT,G/L,left,9,21,0.397931034483,15.656996587031,literature reference overlay; not a BVK2 accepted root,/home/lyx/projects/dfm/Glenn_DFT_Paper01/MonteCarlo/results/jcp2021_ab_phase_diagram_digitization/jcp2021_ab_phase_boundaries.csv,/home/lyx/projects/dfm/Glenn_DFT_Paper01/references/AB_phase_diagram_fig1_jcp2021.eps
SCFT,G/L,left,9,22,0.39724137931,15.784982935154,literature reference overlay; not a BVK2 accepted root,/home/lyx/projects/dfm/Glenn_DFT_Paper01/MonteCarlo/results/jcp2021_ab_phase_diagram_digitization/jcp2021_ab_phase_boundaries.csv,/home/lyx/projects/dfm/Glenn_DFT_Paper01/references/AB_phase_diagram_fig1_jcp2021.eps
SCFT,G/L,left,9,23,0.396551724138,15.912969283276,literature reference overlay; not a BVK2 accepted root,/home/lyx/projects/dfm/Glenn_DFT_Paper01/MonteCarlo/results/jcp2021_ab_phase_diagram_digitization/jcp2021_ab_phase_boundaries.csv,/home/lyx/projects/dfm/Glenn_DFT_Paper01/references/AB_phase_diagram_fig1_jcp2021.eps
SCFT,G/L,left,9,24,0.395172413793,16.040955631399,literature reference overlay; not a BVK2 accepted root,/home/lyx/projects/dfm/Glenn_DFT_Paper01/MonteCarlo/results/jcp2021_ab_phase_diagram_digitization/jcp2021_ab_phase_boundaries.csv,/home/lyx/projects/dfm/Glenn_DFT_Paper01/references/AB_phase_diagram_fig1_jcp2021.eps
SCFT,G/L,left,9,25,0.394482758621,16.168941979522,literature reference overlay; not a BVK2 accepted root,/home/lyx/projects/dfm/Glenn_DFT_Paper01/MonteCarlo/results/jcp2021_ab_phase_diagram_digitization/jcp2021_ab_phase_boundaries.csv,/home/lyx/projects/dfm/Glenn_DFT_Paper01/references/AB_phase_diagram_fig1_jcp2021.eps
SCFT,G/L,left,9,26,0.393793103448,16.296928327645,literature reference overlay; not a BVK2 accepted root,/home/lyx/projects/dfm/Glenn_DFT_Paper01/MonteCarlo/results/jcp2021_ab_phase_diagram_digitization/jcp2021_ab_phase_boundaries.csv,/home/lyx/projects/dfm/Glenn_DFT_Paper01/references/AB_phase_diagram_fig1_jcp2021.eps
SCFT,G/L,left,9,27,0.393103448276,16.424914675768,literature reference overlay; not a BVK2 accepted root,/home/lyx/projects/dfm/Glenn_DFT_Paper01/MonteCarlo/results/jcp2021_ab_phase_diagram_digitization/jcp2021_ab_phase_boundaries.csv,/home/lyx/projects/dfm/Glenn_DFT_Paper01/references/AB_phase_diagram_fig1_jcp2021.eps
SCFT,G/L,left,9,28,0.391724137931,16.552901023891,literature reference overlay; not a BVK2 accepted root,/home/lyx/projects/dfm/Glenn_DFT_Paper01/MonteCarlo/results/jcp2021_ab_phase_diagram_digitization/jcp2021_ab_phase_boundaries.csv,/home/lyx/projects/dfm/Glenn_DFT_Paper01/references/AB_phase_diagram_fig1_jcp2021.eps
SCFT,G/L,left,9,29,0.391034482759,16.723549488055,literature reference overlay; not a BVK2 accepted root,/home/lyx/projects/dfm/Glenn_DFT_Paper01/MonteCarlo/results/jcp2021_ab_phase_diagram_digitization/jcp2021_ab_phase_boundaries.csv,/home/lyx/projects/dfm/Glenn_DFT_Paper01/references/AB_phase_diagram_fig1_jcp2021.eps
SCFT,G/L,left,9,30,0.390344827586,16.851535836177,literature reference overlay; not a BVK2 accepted root,/home/lyx/projects/dfm/Glenn_DFT_Paper01/MonteCarlo/results/jcp2021_ab_phase_diagram_digitization/jcp2021_ab_phase_boundaries.csv,/home/lyx/projects/dfm/Glenn_DFT_Paper01/references/AB_phase_diagram_fig1_jcp2021.eps
SCFT,G/L,left,9,31,0.389655172414,16.9795221843,literature reference overlay; not a BVK2 accepted root,/home/lyx/projects/dfm/Glenn_DFT_Paper01/MonteCarlo/results/jcp2021_ab_phase_diagram_digitization/jcp2021_ab_phase_boundaries.csv,/home/lyx/projects/dfm/Glenn_DFT_Paper01/references/AB_phase_diagram_fig1_jcp2021.eps
SCFT,G/L,left,9,32,0.388965517241,17.150170648464,literature reference overlay; not a BVK2 accepted root,/home/lyx/projects/dfm/Glenn_DFT_Paper01/MonteCarlo/results/jcp2021_ab_phase_diagram_digitization/jcp2021_ab_phase_boundaries.csv,/home/lyx/projects/dfm/Glenn_DFT_Paper01/references/AB_phase_diagram_fig1_jcp2021.eps
SCFT,G/L,left,9,33,0.387586206897,17.278156996587,literature reference overlay; not a BVK2 accepted root,/home/lyx/projects/dfm/Glenn_DFT_Paper01/MonteCarlo/results/jcp2021_ab_phase_diagram_digitization/jcp2021_ab_phase_boundaries.csv,/home/lyx/projects/dfm/Glenn_DFT_Paper01/references/AB_phase_diagram_fig1_jcp2021.eps
SCFT,G/L,left,9,34,0.386896551724,17.448805460751,literature reference overlay; not a BVK2 accepted root,/home/lyx/projects/dfm/Glenn_DFT_Paper01/MonteCarlo/results/jcp2021_ab_phase_diagram_digitization/jcp2021_ab_phase_boundaries.csv,/home/lyx/projects/dfm/Glenn_DFT_Paper01/references/AB_phase_diagram_fig1_jcp2021.eps
SCFT,G/L,left,9,35,0.386206896552,17.619453924915,literature reference overlay; not a BVK2 accepted root,/home/lyx/projects/dfm/Glenn_DFT_Paper01/MonteCarlo/results/jcp2021_ab_phase_diagram_digitization/jcp2021_ab_phase_boundaries.csv,/home/lyx/projects/dfm/Glenn_DFT_Paper01/references/AB_phase_diagram_fig1_jcp2021.eps
SCFT,G/L,left,9,36,0.385517241379,17.747440273038,literature reference overlay; not a BVK2 accepted root,/home/lyx/projects/dfm/Glenn_DFT_Paper01/MonteCarlo/results/jcp2021_ab_phase_diagram_digitization/jcp2021_ab_phase_boundaries.csv,/home/lyx/projects/dfm/Glenn_DFT_Paper01/references/AB_phase_diagram_fig1_jcp2021.eps
SCFT,G/L,left,9,37,0.384137931034,17.918088737201,literature reference overlay; not a BVK2 accepted root,/home/lyx/projects/dfm/Glenn_DFT_Paper01/MonteCarlo/results/jcp2021_ab_phase_diagram_digitization/jcp2021_ab_phase_boundaries.csv,/home/lyx/projects/dfm/Glenn_DFT_Paper01/references/AB_phase_diagram_fig1_jcp2021.eps
SCFT,G/L,left,9,38,0.383448275862,18.088737201365,literature reference overlay; not a BVK2 accepted root,/home/lyx/projects/dfm/Glenn_DFT_Paper01/MonteCarlo/results/jcp2021_ab_phase_diagram_digitization/jcp2021_ab_phase_boundaries.csv,/home/lyx/projects/dfm/Glenn_DFT_Paper01/references/AB_phase_diagram_fig1_jcp2021.eps
SCFT,G/L,left,9,39,0.38275862069,18.259385665529,literature reference overlay; not a BVK2 accepted root,/home/lyx/projects/dfm/Glenn_DFT_Paper01/MonteCarlo/results/jcp2021_ab_phase_diagram_digitization/jcp2021_ab_phase_boundaries.csv,/home/lyx/projects/dfm/Glenn_DFT_Paper01/references/AB_phase_diagram_fig1_jcp2021.eps
SCFT,G/L,left,9,40,0.382068965517,18.430034129693,literature reference overlay; not a BVK2 accepted root,/home/lyx/projects/dfm/Glenn_DFT_Paper01/MonteCarlo/results/jcp2021_ab_phase_diagram_digitization/jcp2021_ab_phase_boundaries.csv,/home/lyx/projects/dfm/Glenn_DFT_Paper01/references/AB_phase_diagram_fig1_jcp2021.eps
SCFT,G/L,left,9,41,0.380689655172,18.600682593857,literature reference overlay; not a BVK2 accepted root,/home/lyx/projects/dfm/Glenn_DFT_Paper01/MonteCarlo/results/jcp2021_ab_phase_diagram_digitization/jcp2021_ab_phase_boundaries.csv,/home/lyx/projects/dfm/Glenn_DFT_Paper01/references/AB_phase_diagram_fig1_jcp2021.eps
SCFT,G/L,left,9,42,0.38,18.77133105802,literature reference overlay; not a BVK2 accepted root,/home/lyx/projects/dfm/Glenn_DFT_Paper01/MonteCarlo/results/jcp2021_ab_phase_diagram_digitization/jcp2021_ab_phase_boundaries.csv,/home/lyx/projects/dfm/Glenn_DFT_Paper01/references/AB_phase_diagram_fig1_jcp2021.eps
SCFT,G/L,left,9,43,0.379310344828,18.941979522184,literature reference overlay; not a BVK2 accepted root,/home/lyx/projects/dfm/Glenn_DFT_Paper01/MonteCarlo/results/jcp2021_ab_phase_diagram_digitization/jcp2021_ab_phase_boundaries.csv,/home/lyx/projects/dfm/Glenn_DFT_Paper01/references/AB_phase_diagram_fig1_jcp2021.eps
SCFT,G/L,left,9,44,0.378620689655,19.112627986348,literature reference overlay; not a BVK2 accepted root,/home/lyx/projects/dfm/Glenn_DFT_Paper01/MonteCarlo/results/jcp2021_ab_phase_diagram_digitization/jcp2021_ab_phase_boundaries.csv,/home/lyx/projects/dfm/Glenn_DFT_Paper01/references/AB_phase_diagram_fig1_jcp2021.eps
SCFT,G/L,left,9,45,0.377931034483,19.325938566553,literature reference overlay; not a BVK2 accepted root,/home/lyx/projects/dfm/Glenn_DFT_Paper01/MonteCarlo/results/jcp2021_ab_phase_diagram_digitization/jcp2021_ab_phase_boundaries.csv,/home/lyx/projects/dfm/Glenn_DFT_Paper01/references/AB_phase_diagram_fig1_jcp2021.eps
SCFT,G/L,left,9,46,0.376551724138,19.496587030717,literature reference overlay; not a BVK2 accepted root,/home/lyx/projects/dfm/Glenn_DFT_Paper01/MonteCarlo/results/jcp2021_ab_phase_diagram_digitization/jcp2021_ab_phase_boundaries.csv,/home/lyx/projects/dfm/Glenn_DFT_Paper01/references/AB_phase_diagram_fig1_jcp2021.eps
SCFT,G/L,left,9,47,0.375862068966,19.709897610922,literature reference overlay; not a BVK2 accepted root,/home/lyx/projects/dfm/Glenn_DFT_Paper01/MonteCarlo/results/jcp2021_ab_phase_diagram_digitization/jcp2021_ab_phase_boundaries.csv,/home/lyx/projects/dfm/Glenn_DFT_Paper01/references/AB_phase_diagram_fig1_jcp2021.eps
SCFT,G/L,left,9,48,0.375172413793,19.880546075085,literature reference overlay; not a BVK2 accepted root,/home/lyx/projects/dfm/Glenn_DFT_Paper01/MonteCarlo/results/jcp2021_ab_phase_diagram_digitization/jcp2021_ab_phase_boundaries.csv,/home/lyx/projects/dfm/Glenn_DFT_Paper01/references/AB_phase_diagram_fig1_jcp2021.eps
SCFT,G/L,left,9,49,0.374482758621,20.09385665529,literature reference overlay; not a BVK2 accepted root,/home/lyx/projects/dfm/Glenn_DFT_Paper01/MonteCarlo/results/jcp2021_ab_phase_diagram_digitization/jcp2021_ab_phase_boundaries.csv,/home/lyx/projects/dfm/Glenn_DFT_Paper01/references/AB_phase_diagram_fig1_jcp2021.eps
SCFT,G/L,left,9,50,0.373103448276,20.307167235495,literature reference overlay; not a BVK2 accepted root,/home/lyx/projects/dfm/Glenn_DFT_Paper01/MonteCarlo/results/jcp2021_ab_phase_diagram_digitization/jcp2021_ab_phase_boundaries.csv,/home/lyx/projects/dfm/Glenn_DFT_Paper01/references/AB_phase_diagram_fig1_jcp2021.eps
SCFT,G/L,left,9,51,0.372413793103,20.5204778157,literature reference overlay; not a BVK2 accepted root,/home/lyx/projects/dfm/Glenn_DFT_Paper01/MonteCarlo/results/jcp2021_ab_phase_diagram_digitization/jcp2021_ab_phase_boundaries.csv,/home/lyx/projects/dfm/Glenn_DFT_Paper01/references/AB_phase_diagram_fig1_jcp2021.eps
SCFT,G/L,left,9,52,0.371724137931,20.733788395904,literature reference overlay; not a BVK2 accepted root,/home/lyx/projects/dfm/Glenn_DFT_Paper01/MonteCarlo/results/jcp2021_ab_phase_diagram_digitization/jcp2021_ab_phase_boundaries.csv,/home/lyx/projects/dfm/Glenn_DFT_Paper01/references/AB_phase_diagram_fig1_jcp2021.eps
SCFT,G/L,left,9,53,0.371034482759,20.947098976109,literature reference overlay; not a BVK2 accepted root,/home/lyx/projects/dfm/Glenn_DFT_Paper01/MonteCarlo/results/jcp2021_ab_phase_diagram_digitization/jcp2021_ab_phase_boundaries.csv,/home/lyx/projects/dfm/Glenn_DFT_Paper01/references/AB_phase_diagram_fig1_jcp2021.eps
SCFT,G/L,left,9,54,0.369655172414,21.160409556314,literature reference overlay; not a BVK2 accepted root,/home/lyx/projects/dfm/Glenn_DFT_Paper01/MonteCarlo/results/jcp2021_ab_phase_diagram_digitization/jcp2021_ab_phase_boundaries.csv,/home/lyx/projects/dfm/Glenn_DFT_Paper01/references/AB_phase_diagram_fig1_jcp2021.eps
SCFT,G/L,left,9,55,0.368965517241,21.373720136519,literature reference overlay; not a BVK2 accepted root,/home/lyx/projects/dfm/Glenn_DFT_Paper01/MonteCarlo/results/jcp2021_ab_phase_diagram_digitization/jcp2021_ab_phase_boundaries.csv,/home/lyx/projects/dfm/Glenn_DFT_Paper01/references/AB_phase_diagram_fig1_jcp2021.eps
SCFT,G/L,left,9,56,0.368275862069,21.629692832765,literature reference overlay; not a BVK2 accepted root,/home/lyx/projects/dfm/Glenn_DFT_Paper01/MonteCarlo/results/jcp2021_ab_phase_diagram_digitization/jcp2021_ab_phase_boundaries.csv,/home/lyx/projects/dfm/Glenn_DFT_Paper01/references/AB_phase_diagram_fig1_jcp2021.eps
SCFT,G/L,left,9,57,0.367586206897,21.843003412969,literature reference overlay; not a BVK2 accepted root,/home/lyx/projects/dfm/Glenn_DFT_Paper01/MonteCarlo/results/jcp2021_ab_phase_diagram_digitization/jcp2021_ab_phase_boundaries.csv,/home/lyx/projects/dfm/Glenn_DFT_Paper01/references/AB_phase_diagram_fig1_jcp2021.eps
SCFT,G/L,left,9,58,0.366896551724,22.098976109215,literature reference overlay; not a BVK2 accepted root,/home/lyx/projects/dfm/Glenn_DFT_Paper01/MonteCarlo/results/jcp2021_ab_phase_diagram_digitization/jcp2021_ab_phase_boundaries.csv,/home/lyx/projects/dfm/Glenn_DFT_Paper01/references/AB_phase_diagram_fig1_jcp2021.eps
SCFT,G/L,left,9,59,0.365517241379,22.354948805461,literature reference overlay; not a BVK2 accepted root,/home/lyx/projects/dfm/Glenn_DFT_Paper01/MonteCarlo/results/jcp2021_ab_phase_diagram_digitization/jcp2021_ab_phase_boundaries.csv,/home/lyx/projects/dfm/Glenn_DFT_Paper01/references/AB_phase_diagram_fig1_jcp2021.eps
SCFT,G/L,left,9,60,0.364827586207,22.610921501706,literature reference overlay; not a BVK2 accepted root,/home/lyx/projects/dfm/Glenn_DFT_Paper01/MonteCarlo/results/jcp2021_ab_phase_diagram_digitization/jcp2021_ab_phase_boundaries.csv,/home/lyx/projects/dfm/Glenn_DFT_Paper01/references/AB_phase_diagram_fig1_jcp2021.eps
SCFT,G/L,left,9,61,0.364137931034,22.909556313993,literature reference overlay; not a BVK2 accepted root,/home/lyx/projects/dfm/Glenn_DFT_Paper01/MonteCarlo/results/jcp2021_ab_phase_diagram_digitization/jcp2021_ab_phase_boundaries.csv,/home/lyx/projects/dfm/Glenn_DFT_Paper01/references/AB_phase_diagram_fig1_jcp2021.eps
SCFT,G/L,left,9,62,0.363448275862,23.165529010239,literature reference overlay; not a BVK2 accepted root,/home/lyx/projects/dfm/Glenn_DFT_Paper01/MonteCarlo/results/jcp2021_ab_phase_diagram_digitization/jcp2021_ab_phase_boundaries.csv,/home/lyx/projects/dfm/Glenn_DFT_Paper01/references/AB_phase_diagram_fig1_jcp2021.eps
SCFT,G/L,left,9,63,0.362068965517,23.464163822526,literature reference overlay; not a BVK2 accepted root,/home/lyx/projects/dfm/Glenn_DFT_Paper01/MonteCarlo/results/jcp2021_ab_phase_diagram_digitization/jcp2021_ab_phase_boundaries.csv,/home/lyx/projects/dfm/Glenn_DFT_Paper01/references/AB_phase_diagram_fig1_jcp2021.eps
SCFT,G/L,left,9,64,0.361379310345,23.762798634812,literature reference overlay; not a BVK2 accepted root,/home/lyx/projects/dfm/Glenn_DFT_Paper01/MonteCarlo/results/jcp2021_ab_phase_diagram_digitization/jcp2021_ab_phase_boundaries.csv,/home/lyx/projects/dfm/Glenn_DFT_Paper01/references/AB_phase_diagram_fig1_jcp2021.eps
SCFT,G/L,left,9,65,0.360689655172,24.10409556314,literature reference overlay; not a BVK2 accepted root,/home/lyx/projects/dfm/Glenn_DFT_Paper01/MonteCarlo/results/jcp2021_ab_phase_diagram_digitization/jcp2021_ab_phase_boundaries.csv,/home/lyx/projects/dfm/Glenn_DFT_Paper01/references/AB_phase_diagram_fig1_jcp2021.eps
SCFT,G/L,left,9,66,0.36,24.402730375427,literature reference overlay; not a BVK2 accepted root,/home/lyx/projects/dfm/Glenn_DFT_Paper01/MonteCarlo/results/jcp2021_ab_phase_diagram_digitization/jcp2021_ab_phase_boundaries.csv,/home/lyx/projects/dfm/Glenn_DFT_Paper01/references/AB_phase_diagram_fig1_jcp2021.eps
SCFT,G/L,left,9,67,0.359310344828,24.744027303754,literature reference overlay; not a BVK2 accepted root,/home/lyx/projects/dfm/Glenn_DFT_Paper01/MonteCarlo/results/jcp2021_ab_phase_diagram_digitization/jcp2021_ab_phase_boundaries.csv,/home/lyx/projects/dfm/Glenn_DFT_Paper01/references/AB_phase_diagram_fig1_jcp2021.eps
SCFT,G/L,left,9,68,0.357931034483,25.085324232082,literature reference overlay; not a BVK2 accepted root,/home/lyx/projects/dfm/Glenn_DFT_Paper01/MonteCarlo/results/jcp2021_ab_phase_diagram_digitization/jcp2021_ab_phase_boundaries.csv,/home/lyx/projects/dfm/Glenn_DFT_Paper01/references/AB_phase_diagram_fig1_jcp2021.eps
SCFT,G/L,left,9,69,0.35724137931,25.469283276451,literature reference overlay; not a BVK2 accepted root,/home/lyx/projects/dfm/Glenn_DFT_Paper01/MonteCarlo/results/jcp2021_ab_phase_diagram_digitization/jcp2021_ab_phase_boundaries.csv,/home/lyx/projects/dfm/Glenn_DFT_Paper01/references/AB_phase_diagram_fig1_jcp2021.eps
SCFT,G/L,left,9,70,0.356551724138,25.810580204778,literature reference overlay; not a BVK2 accepted root,/home/lyx/projects/dfm/Glenn_DFT_Paper01/MonteCarlo/results/jcp2021_ab_phase_diagram_digitization/jcp2021_ab_phase_boundaries.csv,/home/lyx/projects/dfm/Glenn_DFT_Paper01/references/AB_phase_diagram_fig1_jcp2021.eps
SCFT,G/L,left,9,71,0.355862068966,26.194539249147,literature reference overlay; not a BVK2 accepted root,/home/lyx/projects/dfm/Glenn_DFT_Paper01/MonteCarlo/results/jcp2021_ab_phase_diagram_digitization/jcp2021_ab_phase_boundaries.csv,/home/lyx/projects/dfm/Glenn_DFT_Paper01/references/AB_phase_diagram_fig1_jcp2021.eps
SCFT,G/L,left,9,72,0.354482758621,26.578498293515,literature reference overlay; not a BVK2 accepted root,/home/lyx/projects/dfm/Glenn_DFT_Paper01/MonteCarlo/results/jcp2021_ab_phase_diagram_digitization/jcp2021_ab_phase_boundaries.csv,/home/lyx/projects/dfm/Glenn_DFT_Paper01/references/AB_phase_diagram_fig1_jcp2021.eps
SCFT,G/L,left,9,73,0.353793103448,26.962457337884,literature reference overlay; not a BVK2 accepted root,/home/lyx/projects/dfm/Glenn_DFT_Paper01/MonteCarlo/results/jcp2021_ab_phase_diagram_digitization/jcp2021_ab_phase_boundaries.csv,/home/lyx/projects/dfm/Glenn_DFT_Paper01/references/AB_phase_diagram_fig1_jcp2021.eps
SCFT,G/L,left,9,74,0.353103448276,27.346416382253,literature reference overlay; not a BVK2 accepted root,/home/lyx/projects/dfm/Glenn_DFT_Paper01/MonteCarlo/results/jcp2021_ab_phase_diagram_digitization/jcp2021_ab_phase_boundaries.csv,/home/lyx/projects/dfm/Glenn_DFT_Paper01/references/AB_phase_diagram_fig1_jcp2021.eps
SCFT,G/L,left,9,75,0.352413793103,27.773037542662,literature reference overlay; not a BVK2 accepted root,/home/lyx/projects/dfm/Glenn_DFT_Paper01/MonteCarlo/results/jcp2021_ab_phase_diagram_digitization/jcp2021_ab_phase_boundaries.csv,/home/lyx/projects/dfm/Glenn_DFT_Paper01/references/AB_phase_diagram_fig1_jcp2021.eps
SCFT,G/L,left,9,76,0.351034482759,28.156996587031,literature reference overlay; not a BVK2 accepted root,/home/lyx/projects/dfm/Glenn_DFT_Paper01/MonteCarlo/results/jcp2021_ab_phase_diagram_digitization/jcp2021_ab_phase_boundaries.csv,/home/lyx/projects/dfm/Glenn_DFT_Paper01/references/AB_phase_diagram_fig1_jcp2021.eps
SCFT,G/L,left,9,77,0.350344827586,28.58361774744,literature reference overlay; not a BVK2 accepted root,/home/lyx/projects/dfm/Glenn_DFT_Paper01/MonteCarlo/results/jcp2021_ab_phase_diagram_digitization/jcp2021_ab_phase_boundaries.csv,/home/lyx/projects/dfm/Glenn_DFT_Paper01/references/AB_phase_diagram_fig1_jcp2021.eps
SCFT,G/L,left,9,78,0.349655172414,29.01023890785,literature reference overlay; not a BVK2 accepted root,/home/lyx/projects/dfm/Glenn_DFT_Paper01/MonteCarlo/results/jcp2021_ab_phase_diagram_digitization/jcp2021_ab_phase_boundaries.csv,/home/lyx/projects/dfm/Glenn_DFT_Paper01/references/AB_phase_diagram_fig1_jcp2021.eps
SCFT,G/L,left,9,79,0.348965517241,29.4795221843,literature reference overlay; not a BVK2 accepted root,/home/lyx/projects/dfm/Glenn_DFT_Paper01/MonteCarlo/results/jcp2021_ab_phase_diagram_digitization/jcp2021_ab_phase_boundaries.csv,/home/lyx/projects/dfm/Glenn_DFT_Paper01/references/AB_phase_diagram_fig1_jcp2021.eps
SCFT,G/L,left,9,80,0.348275862069,29.991467576792,literature reference overlay; not a BVK2 accepted root,/home/lyx/projects/dfm/Glenn_DFT_Paper01/MonteCarlo/results/jcp2021_ab_phase_diagram_digitization/jcp2021_ab_phase_boundaries.csv,/home/lyx/projects/dfm/Glenn_DFT_Paper01/references/AB_phase_diagram_fig1_jcp2021.eps
SCFT,G/L,left,9,81,0.346896551724,30.503412969283,literature reference overlay; not a BVK2 accepted root,/home/lyx/projects/dfm/Glenn_DFT_Paper01/MonteCarlo/results/jcp2021_ab_phase_diagram_digitization/jcp2021_ab_phase_boundaries.csv,/home/lyx/projects/dfm/Glenn_DFT_Paper01/references/AB_phase_diagram_fig1_jcp2021.eps
SCFT,G/L,left,9,82,0.346206896552,31.100682593857,literature reference overlay; not a BVK2 accepted root,/home/lyx/projects/dfm/Glenn_DFT_Paper01/MonteCarlo/results/jcp2021_ab_phase_diagram_digitization/jcp2021_ab_phase_boundaries.csv,/home/lyx/projects/dfm/Glenn_DFT_Paper01/references/AB_phase_diagram_fig1_jcp2021.eps
SCFT,G/L,left,9,83,0.345517241379,31.69795221843,literature reference overlay; not a BVK2 accepted root,/home/lyx/projects/dfm/Glenn_DFT_Paper01/MonteCarlo/results/jcp2021_ab_phase_diagram_digitization/jcp2021_ab_phase_boundaries.csv,/home/lyx/projects/dfm/Glenn_DFT_Paper01/references/AB_phase_diagram_fig1_jcp2021.eps
SCFT,G/L,left,9,84,0.344827586207,32.423208191126,literature reference overlay; not a BVK2 accepted root,/home/lyx/projects/dfm/Glenn_DFT_Paper01/MonteCarlo/results/jcp2021_ab_phase_diagram_digitization/jcp2021_ab_phase_boundaries.csv,/home/lyx/projects/dfm/Glenn_DFT_Paper01/references/AB_phase_diagram_fig1_jcp2021.eps
SCFT,G/L,left,9,85,0.343448275862,33.148464163823,literature reference overlay; not a BVK2 accepted root,/home/lyx/projects/dfm/Glenn_DFT_Paper01/MonteCarlo/results/jcp2021_ab_phase_diagram_digitization/jcp2021_ab_phase_boundaries.csv,/home/lyx/projects/dfm/Glenn_DFT_Paper01/references/AB_phase_diagram_fig1_jcp2021.eps
SCFT,G/L,left,9,86,0.34275862069,33.959044368601,literature reference overlay; not a BVK2 accepted root,/home/lyx/projects/dfm/Glenn_DFT_Paper01/MonteCarlo/results/jcp2021_ab_phase_diagram_digitization/jcp2021_ab_phase_boundaries.csv,/home/lyx/projects/dfm/Glenn_DFT_Paper01/references/AB_phase_diagram_fig1_jcp2021.eps
SCFT,G/L,left,9,87,0.342068965517,34.81228668942,literature reference overlay; not a BVK2 accepted root,/home/lyx/projects/dfm/Glenn_DFT_Paper01/MonteCarlo/results/jcp2021_ab_phase_diagram_digitization/jcp2021_ab_phase_boundaries.csv,/home/lyx/projects/dfm/Glenn_DFT_Paper01/references/AB_phase_diagram_fig1_jcp2021.eps
SCFT,G/L,left,9,88,0.341379310345,35.665529010239,literature reference overlay; not a BVK2 accepted root,/home/lyx/projects/dfm/Glenn_DFT_Paper01/MonteCarlo/results/jcp2021_ab_phase_diagram_digitization/jcp2021_ab_phase_boundaries.csv,/home/lyx/projects/dfm/Glenn_DFT_Paper01/references/AB_phase_diagram_fig1_jcp2021.eps
SCFT,G/L,left,9,89,0.340689655172,36.561433447099,literature reference overlay; not a BVK2 accepted root,/home/lyx/projects/dfm/Glenn_DFT_Paper01/MonteCarlo/results/jcp2021_ab_phase_diagram_digitization/jcp2021_ab_phase_boundaries.csv,/home/lyx/projects/dfm/Glenn_DFT_Paper01/references/AB_phase_diagram_fig1_jcp2021.eps
SCFT,G/L,left,9,90,0.339310344828,37.5,literature reference overlay; not a BVK2 accepted root,/home/lyx/projects/dfm/Glenn_DFT_Paper01/MonteCarlo/results/jcp2021_ab_phase_diagram_digitization/jcp2021_ab_phase_boundaries.csv,/home/lyx/projects/dfm/Glenn_DFT_Paper01/references/AB_phase_diagram_fig1_jcp2021.eps
SCFT,G/L,left,9,91,0.338620689655,38.438566552901,literature reference overlay; not a BVK2 accepted root,/home/lyx/projects/dfm/Glenn_DFT_Paper01/MonteCarlo/results/jcp2021_ab_phase_diagram_digitization/jcp2021_ab_phase_boundaries.csv,/home/lyx/projects/dfm/Glenn_DFT_Paper01/references/AB_phase_diagram_fig1_jcp2021.eps
SCFT,G/L,left,9,92,0.337931034483,39.419795221843,literature reference overlay; not a BVK2 accepted root,/home/lyx/projects/dfm/Glenn_DFT_Paper01/MonteCarlo/results/jcp2021_ab_phase_diagram_digitization/jcp2021_ab_phase_boundaries.csv,/home/lyx/projects/dfm/Glenn_DFT_Paper01/references/AB_phase_diagram_fig1_jcp2021.eps
SCFT,G/L,left,9,93,0.33724137931,40.529010238908,literature reference overlay; not a BVK2 accepted root,/home/lyx/projects/dfm/Glenn_DFT_Paper01/MonteCarlo/results/jcp2021_ab_phase_diagram_digitization/jcp2021_ab_phase_boundaries.csv,/home/lyx/projects/dfm/Glenn_DFT_Paper01/references/AB_phase_diagram_fig1_jcp2021.eps
SCFT,G/L,left,9,94,0.335862068966,41.680887372014,literature reference overlay; not a BVK2 accepted root,/home/lyx/projects/dfm/Glenn_DFT_Paper01/MonteCarlo/results/jcp2021_ab_phase_diagram_digitization/jcp2021_ab_phase_boundaries.csv,/home/lyx/projects/dfm/Glenn_DFT_Paper01/references/AB_phase_diagram_fig1_jcp2021.eps
SCFT,G/L,left,9,95,0.335172413793,42.960750853242,literature reference overlay; not a BVK2 accepted root,/home/lyx/projects/dfm/Glenn_DFT_Paper01/MonteCarlo/results/jcp2021_ab_phase_diagram_digitization/jcp2021_ab_phase_boundaries.csv,/home/lyx/projects/dfm/Glenn_DFT_Paper01/references/AB_phase_diagram_fig1_jcp2021.eps
SCFT,G/L,left,9,96,0.334482758621,44.411262798635,literature reference overlay; not a BVK2 accepted root,/home/lyx/projects/dfm/Glenn_DFT_Paper01/MonteCarlo/results/jcp2021_ab_phase_diagram_digitization/jcp2021_ab_phase_boundaries.csv,/home/lyx/projects/dfm/Glenn_DFT_Paper01/references/AB_phase_diagram_fig1_jcp2021.eps
SCFT,G/L,left,9,97,0.333793103448,46.075085324232,literature reference overlay; not a BVK2 accepted root,/home/lyx/projects/dfm/Glenn_DFT_Paper01/MonteCarlo/results/jcp2021_ab_phase_diagram_digitization/jcp2021_ab_phase_boundaries.csv,/home/lyx/projects/dfm/Glenn_DFT_Paper01/references/AB_phase_diagram_fig1_jcp2021.eps
SCFT,G/L,left,9,98,0.332413793103,47.909556313993,literature reference overlay; not a BVK2 accepted root,/home/lyx/projects/dfm/Glenn_DFT_Paper01/MonteCarlo/results/jcp2021_ab_phase_diagram_digitization/jcp2021_ab_phase_boundaries.csv,/home/lyx/projects/dfm/Glenn_DFT_Paper01/references/AB_phase_diagram_fig1_jcp2021.eps
SCFT,G/L,left,9,99,0.331724137931,50.0,literature reference overlay; not a BVK2 accepted root,/home/lyx/projects/dfm/Glenn_DFT_Paper01/MonteCarlo/results/jcp2021_ab_phase_diagram_digitization/jcp2021_ab_phase_boundaries.csv,/home/lyx/projects/dfm/Glenn_DFT_Paper01/references/AB_phase_diagram_fig1_jcp2021.eps
SCFT,G/L,right,11,0,0.584137931034,13.523890784983,literature reference overlay; not a BVK2 accepted root,/home/lyx/projects/dfm/Glenn_DFT_Paper01/MonteCarlo/results/jcp2021_ab_phase_diagram_digitization/jcp2021_ab_phase_boundaries.csv,/home/lyx/projects/dfm/Glenn_DFT_Paper01/references/AB_phase_diagram_fig1_jcp2021.eps
SCFT,G/L,right,11,1,0.584827586207,13.609215017065,literature reference overlay; not a BVK2 accepted root,/home/lyx/projects/dfm/Glenn_DFT_Paper01/MonteCarlo/results/jcp2021_ab_phase_diagram_digitization/jcp2021_ab_phase_boundaries.csv,/home/lyx/projects/dfm/Glenn_DFT_Paper01/references/AB_phase_diagram_fig1_jcp2021.eps
SCFT,G/L,right,11,2,0.586206896552,13.694539249147,literature reference overlay; not a BVK2 accepted root,/home/lyx/projects/dfm/Glenn_DFT_Paper01/MonteCarlo/results/jcp2021_ab_phase_diagram_digitization/jcp2021_ab_phase_boundaries.csv,/home/lyx/projects/dfm/Glenn_DFT_Paper01/references/AB_phase_diagram_fig1_jcp2021.eps
SCFT,G/L,right,11,3,0.586896551724,13.779863481229,literature reference overlay; not a BVK2 accepted root,/home/lyx/projects/dfm/Glenn_DFT_Paper01/MonteCarlo/results/jcp2021_ab_phase_diagram_digitization/jcp2021_ab_phase_boundaries.csv,/home/lyx/projects/dfm/Glenn_DFT_Paper01/references/AB_phase_diagram_fig1_jcp2021.eps
SCFT,G/L,right,11,4,0.587586206897,13.907849829352,literature reference overlay; not a BVK2 accepted root,/home/lyx/projects/dfm/Glenn_DFT_Paper01/MonteCarlo/results/jcp2021_ab_phase_diagram_digitization/jcp2021_ab_phase_boundaries.csv,/home/lyx/projects/dfm/Glenn_DFT_Paper01/references/AB_phase_diagram_fig1_jcp2021.eps
SCFT,G/L,right,11,5,0.588275862069,13.993174061433,literature reference overlay; not a BVK2 accepted root,/home/lyx/projects/dfm/Glenn_DFT_Paper01/MonteCarlo/results/jcp2021_ab_phase_diagram_digitization/jcp2021_ab_phase_boundaries.csv,/home/lyx/projects/dfm/Glenn_DFT_Paper01/references/AB_phase_diagram_fig1_jcp2021.eps
SCFT,G/L,right,11,6,0.589655172414,14.078498293515,literature reference overlay; not a BVK2 accepted root,/home/lyx/projects/dfm/Glenn_DFT_Paper01/MonteCarlo/results/jcp2021_ab_phase_diagram_digitization/jcp2021_ab_phase_boundaries.csv,/home/lyx/projects/dfm/Glenn_DFT_Paper01/references/AB_phase_diagram_fig1_jcp2021.eps
SCFT,G/L,right,11,7,0.590344827586,14.163822525597,literature reference overlay; not a BVK2 accepted root,/home/lyx/projects/dfm/Glenn_DFT_Paper01/MonteCarlo/results/jcp2021_ab_phase_diagram_digitization/jcp2021_ab_phase_boundaries.csv,/home/lyx/projects/dfm/Glenn_DFT_Paper01/references/AB_phase_diagram_fig1_jcp2021.eps
SCFT,G/L,right,11,8,0.591034482759,14.249146757679,literature reference overlay; not a BVK2 accepted root,/home/lyx/projects/dfm/Glenn_DFT_Paper01/MonteCarlo/results/jcp2021_ab_phase_diagram_digitization/jcp2021_ab_phase_boundaries.csv,/home/lyx/projects/dfm/Glenn_DFT_Paper01/references/AB_phase_diagram_fig1_jcp2021.eps
SCFT,G/L,right,11,9,0.591724137931,14.377133105802,literature reference overlay; not a BVK2 accepted root,/home/lyx/projects/dfm/Glenn_DFT_Paper01/MonteCarlo/results/jcp2021_ab_phase_diagram_digitization/jcp2021_ab_phase_boundaries.csv,/home/lyx/projects/dfm/Glenn_DFT_Paper01/references/AB_phase_diagram_fig1_jcp2021.eps
SCFT,G/L,right,11,10,0.592413793103,14.462457337884,literature reference overlay; not a BVK2 accepted root,/home/lyx/projects/dfm/Glenn_DFT_Paper01/MonteCarlo/results/jcp2021_ab_phase_diagram_digitization/jcp2021_ab_phase_boundaries.csv,/home/lyx/projects/dfm/Glenn_DFT_Paper01/references/AB_phase_diagram_fig1_jcp2021.eps
SCFT,G/L,right,11,11,0.593793103448,14.547781569966,literature reference overlay; not a BVK2 accepted root,/home/lyx/projects/dfm/Glenn_DFT_Paper01/MonteCarlo/results/jcp2021_ab_phase_diagram_digitization/jcp2021_ab_phase_boundaries.csv,/home/lyx/projects/dfm/Glenn_DFT_Paper01/references/AB_phase_diagram_fig1_jcp2021.eps
SCFT,G/L,right,11,12,0.594482758621,14.675767918089,literature reference overlay; not a BVK2 accepted root,/home/lyx/projects/dfm/Glenn_DFT_Paper01/MonteCarlo/results/jcp2021_ab_phase_diagram_digitization/jcp2021_ab_phase_boundaries.csv,/home/lyx/projects/dfm/Glenn_DFT_Paper01/references/AB_phase_diagram_fig1_jcp2021.eps
SCFT,G/L,right,11,13,0.595172413793,14.761092150171,literature reference overlay; not a BVK2 accepted root,/home/lyx/projects/dfm/Glenn_DFT_Paper01/MonteCarlo/results/jcp2021_ab_phase_diagram_digitization/jcp2021_ab_phase_boundaries.csv,/home/lyx/projects/dfm/Glenn_DFT_Paper01/references/AB_phase_diagram_fig1_jcp2021.eps
SCFT,G/L,right,11,14,0.595862068966,14.889078498294,literature reference overlay; not a BVK2 accepted root,/home/lyx/projects/dfm/Glenn_DFT_Paper01/MonteCarlo/results/jcp2021_ab_phase_diagram_digitization/jcp2021_ab_phase_boundaries.csv,/home/lyx/projects/dfm/Glenn_DFT_Paper01/references/AB_phase_diagram_fig1_jcp2021.eps
SCFT,G/L,right,11,15,0.59724137931,14.974402730375,literature reference overlay; not a BVK2 accepted root,/home/lyx/projects/dfm/Glenn_DFT_Paper01/MonteCarlo/results/jcp2021_ab_phase_diagram_digitization/jcp2021_ab_phase_boundaries.csv,/home/lyx/projects/dfm/Glenn_DFT_Paper01/references/AB_phase_diagram_fig1_jcp2021.eps
SCFT,G/L,right,11,16,0.597931034483,15.102389078498,literature reference overlay; not a BVK2 accepted root,/home/lyx/projects/dfm/Glenn_DFT_Paper01/MonteCarlo/results/jcp2021_ab_phase_diagram_digitization/jcp2021_ab_phase_boundaries.csv,/home/lyx/projects/dfm/Glenn_DFT_Paper01/references/AB_phase_diagram_fig1_jcp2021.eps
SCFT,G/L,right,11,17,0.598620689655,15.18771331058,literature reference overlay; not a BVK2 accepted root,/home/lyx/projects/dfm/Glenn_DFT_Paper01/MonteCarlo/results/jcp2021_ab_phase_diagram_digitization/jcp2021_ab_phase_boundaries.csv,/home/lyx/projects/dfm/Glenn_DFT_Paper01/references/AB_phase_diagram_fig1_jcp2021.eps
SCFT,G/L,right,11,18,0.599310344828,15.315699658703,literature reference overlay; not a BVK2 accepted root,/home/lyx/projects/dfm/Glenn_DFT_Paper01/MonteCarlo/results/jcp2021_ab_phase_diagram_digitization/jcp2021_ab_phase_boundaries.csv,/home/lyx/projects/dfm/Glenn_DFT_Paper01/references/AB_phase_diagram_fig1_jcp2021.eps
SCFT,G/L,right,11,19,0.600689655172,15.443686006826,literature reference overlay; not a BVK2 accepted root,/home/lyx/projects/dfm/Glenn_DFT_Paper01/MonteCarlo/results/jcp2021_ab_phase_diagram_digitization/jcp2021_ab_phase_boundaries.csv,/home/lyx/projects/dfm/Glenn_DFT_Paper01/references/AB_phase_diagram_fig1_jcp2021.eps
SCFT,G/L,right,11,20,0.601379310345,15.529010238908,literature reference overlay; not a BVK2 accepted root,/home/lyx/projects/dfm/Glenn_DFT_Paper01/MonteCarlo/results/jcp2021_ab_phase_diagram_digitization/jcp2021_ab_phase_boundaries.csv,/home/lyx/projects/dfm/Glenn_DFT_Paper01/references/AB_phase_diagram_fig1_jcp2021.eps
SCFT,G/L,right,11,21,0.602068965517,15.656996587031,literature reference overlay; not a BVK2 accepted root,/home/lyx/projects/dfm/Glenn_DFT_Paper01/MonteCarlo/results/jcp2021_ab_phase_diagram_digitization/jcp2021_ab_phase_boundaries.csv,/home/lyx/projects/dfm/Glenn_DFT_Paper01/references/AB_phase_diagram_fig1_jcp2021.eps
SCFT,G/L,right,11,22,0.60275862069,15.784982935154,literature reference overlay; not a BVK2 accepted root,/home/lyx/projects/dfm/Glenn_DFT_Paper01/MonteCarlo/results/jcp2021_ab_phase_diagram_digitization/jcp2021_ab_phase_boundaries.csv,/home/lyx/projects/dfm/Glenn_DFT_Paper01/references/AB_phase_diagram_fig1_jcp2021.eps
SCFT,G/L,right,11,23,0.603448275862,15.912969283276,literature reference overlay; not a BVK2 accepted root,/home/lyx/projects/dfm/Glenn_DFT_Paper01/MonteCarlo/results/jcp2021_ab_phase_diagram_digitization/jcp2021_ab_phase_boundaries.csv,/home/lyx/projects/dfm/Glenn_DFT_Paper01/references/AB_phase_diagram_fig1_jcp2021.eps
SCFT,G/L,right,11,24,0.604827586207,16.040955631399,literature reference overlay; not a BVK2 accepted root,/home/lyx/projects/dfm/Glenn_DFT_Paper01/MonteCarlo/results/jcp2021_ab_phase_diagram_digitization/jcp2021_ab_phase_boundaries.csv,/home/lyx/projects/dfm/Glenn_DFT_Paper01/references/AB_phase_diagram_fig1_jcp2021.eps
SCFT,G/L,right,11,25,0.605517241379,16.168941979522,literature reference overlay; not a BVK2 accepted root,/home/lyx/projects/dfm/Glenn_DFT_Paper01/MonteCarlo/results/jcp2021_ab_phase_diagram_digitization/jcp2021_ab_phase_boundaries.csv,/home/lyx/projects/dfm/Glenn_DFT_Paper01/references/AB_phase_diagram_fig1_jcp2021.eps
SCFT,G/L,right,11,26,0.606206896552,16.296928327645,literature reference overlay; not a BVK2 accepted root,/home/lyx/projects/dfm/Glenn_DFT_Paper01/MonteCarlo/results/jcp2021_ab_phase_diagram_digitization/jcp2021_ab_phase_boundaries.csv,/home/lyx/projects/dfm/Glenn_DFT_Paper01/references/AB_phase_diagram_fig1_jcp2021.eps
SCFT,G/L,right,11,27,0.606896551724,16.424914675768,literature reference overlay; not a BVK2 accepted root,/home/lyx/projects/dfm/Glenn_DFT_Paper01/MonteCarlo/results/jcp2021_ab_phase_diagram_digitization/jcp2021_ab_phase_boundaries.csv,/home/lyx/projects/dfm/Glenn_DFT_Paper01/references/AB_phase_diagram_fig1_jcp2021.eps
SCFT,G/L,right,11,28,0.608275862069,16.552901023891,literature reference overlay; not a BVK2 accepted root,/home/lyx/projects/dfm/Glenn_DFT_Paper01/MonteCarlo/results/jcp2021_ab_phase_diagram_digitization/jcp2021_ab_phase_boundaries.csv,/home/lyx/projects/dfm/Glenn_DFT_Paper01/references/AB_phase_diagram_fig1_jcp2021.eps
SCFT,G/L,right,11,29,0.608965517241,16.723549488055,literature reference overlay; not a BVK2 accepted root,/home/lyx/projects/dfm/Glenn_DFT_Paper01/MonteCarlo/results/jcp2021_ab_phase_diagram_digitization/jcp2021_ab_phase_boundaries.csv,/home/lyx/projects/dfm/Glenn_DFT_Paper01/references/AB_phase_diagram_fig1_jcp2021.eps
SCFT,G/L,right,11,30,0.609655172414,16.851535836177,literature reference overlay; not a BVK2 accepted root,/home/lyx/projects/dfm/Glenn_DFT_Paper01/MonteCarlo/results/jcp2021_ab_phase_diagram_digitization/jcp2021_ab_phase_boundaries.csv,/home/lyx/projects/dfm/Glenn_DFT_Paper01/references/AB_phase_diagram_fig1_jcp2021.eps
SCFT,G/L,right,11,31,0.610344827586,16.9795221843,literature reference overlay; not a BVK2 accepted root,/home/lyx/projects/dfm/Glenn_DFT_Paper01/MonteCarlo/results/jcp2021_ab_phase_diagram_digitization/jcp2021_ab_phase_boundaries.csv,/home/lyx/projects/dfm/Glenn_DFT_Paper01/references/AB_phase_diagram_fig1_jcp2021.eps
SCFT,G/L,right,11,32,0.611034482759,17.150170648464,literature reference overlay; not a BVK2 accepted root,/home/lyx/projects/dfm/Glenn_DFT_Paper01/MonteCarlo/results/jcp2021_ab_phase_diagram_digitization/jcp2021_ab_phase_boundaries.csv,/home/lyx/projects/dfm/Glenn_DFT_Paper01/references/AB_phase_diagram_fig1_jcp2021.eps
SCFT,G/L,right,11,33,0.612413793103,17.278156996587,literature reference overlay; not a BVK2 accepted root,/home/lyx/projects/dfm/Glenn_DFT_Paper01/MonteCarlo/results/jcp2021_ab_phase_diagram_digitization/jcp2021_ab_phase_boundaries.csv,/home/lyx/projects/dfm/Glenn_DFT_Paper01/references/AB_phase_diagram_fig1_jcp2021.eps
SCFT,G/L,right,11,34,0.613103448276,17.448805460751,literature reference overlay; not a BVK2 accepted root,/home/lyx/projects/dfm/Glenn_DFT_Paper01/MonteCarlo/results/jcp2021_ab_phase_diagram_digitization/jcp2021_ab_phase_boundaries.csv,/home/lyx/projects/dfm/Glenn_DFT_Paper01/references/AB_phase_diagram_fig1_jcp2021.eps
SCFT,G/L,right,11,35,0.613793103448,17.619453924915,literature reference overlay; not a BVK2 accepted root,/home/lyx/projects/dfm/Glenn_DFT_Paper01/MonteCarlo/results/jcp2021_ab_phase_diagram_digitization/jcp2021_ab_phase_boundaries.csv,/home/lyx/projects/dfm/Glenn_DFT_Paper01/references/AB_phase_diagram_fig1_jcp2021.eps
SCFT,G/L,right,11,36,0.614482758621,17.747440273038,literature reference overlay; not a BVK2 accepted root,/home/lyx/projects/dfm/Glenn_DFT_Paper01/MonteCarlo/results/jcp2021_ab_phase_diagram_digitization/jcp2021_ab_phase_boundaries.csv,/home/lyx/projects/dfm/Glenn_DFT_Paper01/references/AB_phase_diagram_fig1_jcp2021.eps
SCFT,G/L,right,11,37,0.615862068966,17.918088737201,literature reference overlay; not a BVK2 accepted root,/home/lyx/projects/dfm/Glenn_DFT_Paper01/MonteCarlo/results/jcp2021_ab_phase_diagram_digitization/jcp2021_ab_phase_boundaries.csv,/home/lyx/projects/dfm/Glenn_DFT_Paper01/references/AB_phase_diagram_fig1_jcp2021.eps
SCFT,G/L,right,11,38,0.616551724138,18.088737201365,literature reference overlay; not a BVK2 accepted root,/home/lyx/projects/dfm/Glenn_DFT_Paper01/MonteCarlo/results/jcp2021_ab_phase_diagram_digitization/jcp2021_ab_phase_boundaries.csv,/home/lyx/projects/dfm/Glenn_DFT_Paper01/references/AB_phase_diagram_fig1_jcp2021.eps
SCFT,G/L,right,11,39,0.61724137931,18.259385665529,literature reference overlay; not a BVK2 accepted root,/home/lyx/projects/dfm/Glenn_DFT_Paper01/MonteCarlo/results/jcp2021_ab_phase_diagram_digitization/jcp2021_ab_phase_boundaries.csv,/home/lyx/projects/dfm/Glenn_DFT_Paper01/references/AB_phase_diagram_fig1_jcp2021.eps
SCFT,G/L,right,11,40,0.617931034483,18.430034129693,literature reference overlay; not a BVK2 accepted root,/home/lyx/projects/dfm/Glenn_DFT_Paper01/MonteCarlo/results/jcp2021_ab_phase_diagram_digitization/jcp2021_ab_phase_boundaries.csv,/home/lyx/projects/dfm/Glenn_DFT_Paper01/references/AB_phase_diagram_fig1_jcp2021.eps
SCFT,G/L,right,11,41,0.619310344828,18.600682593857,literature reference overlay; not a BVK2 accepted root,/home/lyx/projects/dfm/Glenn_DFT_Paper01/MonteCarlo/results/jcp2021_ab_phase_diagram_digitization/jcp2021_ab_phase_boundaries.csv,/home/lyx/projects/dfm/Glenn_DFT_Paper01/references/AB_phase_diagram_fig1_jcp2021.eps
SCFT,G/L,right,11,42,0.62,18.77133105802,literature reference overlay; not a BVK2 accepted root,/home/lyx/projects/dfm/Glenn_DFT_Paper01/MonteCarlo/results/jcp2021_ab_phase_diagram_digitization/jcp2021_ab_phase_boundaries.csv,/home/lyx/projects/dfm/Glenn_DFT_Paper01/references/AB_phase_diagram_fig1_jcp2021.eps
SCFT,G/L,right,11,43,0.620689655172,18.941979522184,literature reference overlay; not a BVK2 accepted root,/home/lyx/projects/dfm/Glenn_DFT_Paper01/MonteCarlo/results/jcp2021_ab_phase_diagram_digitization/jcp2021_ab_phase_boundaries.csv,/home/lyx/projects/dfm/Glenn_DFT_Paper01/references/AB_phase_diagram_fig1_jcp2021.eps
SCFT,G/L,right,11,44,0.621379310345,19.112627986348,literature reference overlay; not a BVK2 accepted root,/home/lyx/projects/dfm/Glenn_DFT_Paper01/MonteCarlo/results/jcp2021_ab_phase_diagram_digitization/jcp2021_ab_phase_boundaries.csv,/home/lyx/projects/dfm/Glenn_DFT_Paper01/references/AB_phase_diagram_fig1_jcp2021.eps
SCFT,G/L,right,11,45,0.622068965517,19.325938566553,literature reference overlay; not a BVK2 accepted root,/home/lyx/projects/dfm/Glenn_DFT_Paper01/MonteCarlo/results/jcp2021_ab_phase_diagram_digitization/jcp2021_ab_phase_boundaries.csv,/home/lyx/projects/dfm/Glenn_DFT_Paper01/references/AB_phase_diagram_fig1_jcp2021.eps
SCFT,G/L,right,11,46,0.623448275862,19.496587030717,literature reference overlay; not a BVK2 accepted root,/home/lyx/projects/dfm/Glenn_DFT_Paper01/MonteCarlo/results/jcp2021_ab_phase_diagram_digitization/jcp2021_ab_phase_boundaries.csv,/home/lyx/projects/dfm/Glenn_DFT_Paper01/references/AB_phase_diagram_fig1_jcp2021.eps
SCFT,G/L,right,11,47,0.624137931034,19.709897610922,literature reference overlay; not a BVK2 accepted root,/home/lyx/projects/dfm/Glenn_DFT_Paper01/MonteCarlo/results/jcp2021_ab_phase_diagram_digitization/jcp2021_ab_phase_boundaries.csv,/home/lyx/projects/dfm/Glenn_DFT_Paper01/references/AB_phase_diagram_fig1_jcp2021.eps
SCFT,G/L,right,11,48,0.624827586207,19.880546075085,literature reference overlay; not a BVK2 accepted root,/home/lyx/projects/dfm/Glenn_DFT_Paper01/MonteCarlo/results/jcp2021_ab_phase_diagram_digitization/jcp2021_ab_phase_boundaries.csv,/home/lyx/projects/dfm/Glenn_DFT_Paper01/references/AB_phase_diagram_fig1_jcp2021.eps
SCFT,G/L,right,11,49,0.625517241379,20.09385665529,literature reference overlay; not a BVK2 accepted root,/home/lyx/projects/dfm/Glenn_DFT_Paper01/MonteCarlo/results/jcp2021_ab_phase_diagram_digitization/jcp2021_ab_phase_boundaries.csv,/home/lyx/projects/dfm/Glenn_DFT_Paper01/references/AB_phase_diagram_fig1_jcp2021.eps
SCFT,G/L,right,11,50,0.626896551724,20.307167235495,literature reference overlay; not a BVK2 accepted root,/home/lyx/projects/dfm/Glenn_DFT_Paper01/MonteCarlo/results/jcp2021_ab_phase_diagram_digitization/jcp2021_ab_phase_boundaries.csv,/home/lyx/projects/dfm/Glenn_DFT_Paper01/references/AB_phase_diagram_fig1_jcp2021.eps
SCFT,G/L,right,11,51,0.627586206897,20.5204778157,literature reference overlay; not a BVK2 accepted root,/home/lyx/projects/dfm/Glenn_DFT_Paper01/MonteCarlo/results/jcp2021_ab_phase_diagram_digitization/jcp2021_ab_phase_boundaries.csv,/home/lyx/projects/dfm/Glenn_DFT_Paper01/references/AB_phase_diagram_fig1_jcp2021.eps
SCFT,G/L,right,11,52,0.628275862069,20.733788395904,literature reference overlay; not a BVK2 accepted root,/home/lyx/projects/dfm/Glenn_DFT_Paper01/MonteCarlo/results/jcp2021_ab_phase_diagram_digitization/jcp2021_ab_phase_boundaries.csv,/home/lyx/projects/dfm/Glenn_DFT_Paper01/references/AB_phase_diagram_fig1_jcp2021.eps
SCFT,G/L,right,11,53,0.628965517241,20.947098976109,literature reference overlay; not a BVK2 accepted root,/home/lyx/projects/dfm/Glenn_DFT_Paper01/MonteCarlo/results/jcp2021_ab_phase_diagram_digitization/jcp2021_ab_phase_boundaries.csv,/home/lyx/projects/dfm/Glenn_DFT_Paper01/references/AB_phase_diagram_fig1_jcp2021.eps
SCFT,G/L,right,11,54,0.630344827586,21.160409556314,literature reference overlay; not a BVK2 accepted root,/home/lyx/projects/dfm/Glenn_DFT_Paper01/MonteCarlo/results/jcp2021_ab_phase_diagram_digitization/jcp2021_ab_phase_boundaries.csv,/home/lyx/projects/dfm/Glenn_DFT_Paper01/references/AB_phase_diagram_fig1_jcp2021.eps
SCFT,G/L,right,11,55,0.631034482759,21.373720136519,literature reference overlay; not a BVK2 accepted root,/home/lyx/projects/dfm/Glenn_DFT_Paper01/MonteCarlo/results/jcp2021_ab_phase_diagram_digitization/jcp2021_ab_phase_boundaries.csv,/home/lyx/projects/dfm/Glenn_DFT_Paper01/references/AB_phase_diagram_fig1_jcp2021.eps
SCFT,G/L,right,11,56,0.631724137931,21.629692832765,literature reference overlay; not a BVK2 accepted root,/home/lyx/projects/dfm/Glenn_DFT_Paper01/MonteCarlo/results/jcp2021_ab_phase_diagram_digitization/jcp2021_ab_phase_boundaries.csv,/home/lyx/projects/dfm/Glenn_DFT_Paper01/references/AB_phase_diagram_fig1_jcp2021.eps
SCFT,G/L,right,11,57,0.632413793103,21.843003412969,literature reference overlay; not a BVK2 accepted root,/home/lyx/projects/dfm/Glenn_DFT_Paper01/MonteCarlo/results/jcp2021_ab_phase_diagram_digitization/jcp2021_ab_phase_boundaries.csv,/home/lyx/projects/dfm/Glenn_DFT_Paper01/references/AB_phase_diagram_fig1_jcp2021.eps
SCFT,G/L,right,11,58,0.633103448276,22.098976109215,literature reference overlay; not a BVK2 accepted root,/home/lyx/projects/dfm/Glenn_DFT_Paper01/MonteCarlo/results/jcp2021_ab_phase_diagram_digitization/jcp2021_ab_phase_boundaries.csv,/home/lyx/projects/dfm/Glenn_DFT_Paper01/references/AB_phase_diagram_fig1_jcp2021.eps
SCFT,G/L,right,11,59,0.634482758621,22.354948805461,literature reference overlay; not a BVK2 accepted root,/home/lyx/projects/dfm/Glenn_DFT_Paper01/MonteCarlo/results/jcp2021_ab_phase_diagram_digitization/jcp2021_ab_phase_boundaries.csv,/home/lyx/projects/dfm/Glenn_DFT_Paper01/references/AB_phase_diagram_fig1_jcp2021.eps
SCFT,G/L,right,11,60,0.635172413793,22.610921501706,literature reference overlay; not a BVK2 accepted root,/home/lyx/projects/dfm/Glenn_DFT_Paper01/MonteCarlo/results/jcp2021_ab_phase_diagram_digitization/jcp2021_ab_phase_boundaries.csv,/home/lyx/projects/dfm/Glenn_DFT_Paper01/references/AB_phase_diagram_fig1_jcp2021.eps
SCFT,G/L,right,11,61,0.635862068966,22.909556313993,literature reference overlay; not a BVK2 accepted root,/home/lyx/projects/dfm/Glenn_DFT_Paper01/MonteCarlo/results/jcp2021_ab_phase_diagram_digitization/jcp2021_ab_phase_boundaries.csv,/home/lyx/projects/dfm/Glenn_DFT_Paper01/references/AB_phase_diagram_fig1_jcp2021.eps
SCFT,G/L,right,11,62,0.636551724138,23.165529010239,literature reference overlay; not a BVK2 accepted root,/home/lyx/projects/dfm/Glenn_DFT_Paper01/MonteCarlo/results/jcp2021_ab_phase_diagram_digitization/jcp2021_ab_phase_boundaries.csv,/home/lyx/projects/dfm/Glenn_DFT_Paper01/references/AB_phase_diagram_fig1_jcp2021.eps
SCFT,G/L,right,11,63,0.637931034483,23.464163822526,literature reference overlay; not a BVK2 accepted root,/home/lyx/projects/dfm/Glenn_DFT_Paper01/MonteCarlo/results/jcp2021_ab_phase_diagram_digitization/jcp2021_ab_phase_boundaries.csv,/home/lyx/projects/dfm/Glenn_DFT_Paper01/references/AB_phase_diagram_fig1_jcp2021.eps
SCFT,G/L,right,11,64,0.638620689655,23.762798634812,literature reference overlay; not a BVK2 accepted root,/home/lyx/projects/dfm/Glenn_DFT_Paper01/MonteCarlo/results/jcp2021_ab_phase_diagram_digitization/jcp2021_ab_phase_boundaries.csv,/home/lyx/projects/dfm/Glenn_DFT_Paper01/references/AB_phase_diagram_fig1_jcp2021.eps
SCFT,G/L,right,11,65,0.639310344828,24.10409556314,literature reference overlay; not a BVK2 accepted root,/home/lyx/projects/dfm/Glenn_DFT_Paper01/MonteCarlo/results/jcp2021_ab_phase_diagram_digitization/jcp2021_ab_phase_boundaries.csv,/home/lyx/projects/dfm/Glenn_DFT_Paper01/references/AB_phase_diagram_fig1_jcp2021.eps
SCFT,G/L,right,11,66,0.64,24.402730375427,literature reference overlay; not a BVK2 accepted root,/home/lyx/projects/dfm/Glenn_DFT_Paper01/MonteCarlo/results/jcp2021_ab_phase_diagram_digitization/jcp2021_ab_phase_boundaries.csv,/home/lyx/projects/dfm/Glenn_DFT_Paper01/references/AB_phase_diagram_fig1_jcp2021.eps
SCFT,G/L,right,11,67,0.640689655172,24.744027303754,literature reference overlay; not a BVK2 accepted root,/home/lyx/projects/dfm/Glenn_DFT_Paper01/MonteCarlo/results/jcp2021_ab_phase_diagram_digitization/jcp2021_ab_phase_boundaries.csv,/home/lyx/projects/dfm/Glenn_DFT_Paper01/references/AB_phase_diagram_fig1_jcp2021.eps
SCFT,G/L,right,11,68,0.642068965517,25.085324232082,literature reference overlay; not a BVK2 accepted root,/home/lyx/projects/dfm/Glenn_DFT_Paper01/MonteCarlo/results/jcp2021_ab_phase_diagram_digitization/jcp2021_ab_phase_boundaries.csv,/home/lyx/projects/dfm/Glenn_DFT_Paper01/references/AB_phase_diagram_fig1_jcp2021.eps
SCFT,G/L,right,11,69,0.64275862069,25.469283276451,literature reference overlay; not a BVK2 accepted root,/home/lyx/projects/dfm/Glenn_DFT_Paper01/MonteCarlo/results/jcp2021_ab_phase_diagram_digitization/jcp2021_ab_phase_boundaries.csv,/home/lyx/projects/dfm/Glenn_DFT_Paper01/references/AB_phase_diagram_fig1_jcp2021.eps
SCFT,G/L,right,11,70,0.643448275862,25.810580204778,literature reference overlay; not a BVK2 accepted root,/home/lyx/projects/dfm/Glenn_DFT_Paper01/MonteCarlo/results/jcp2021_ab_phase_diagram_digitization/jcp2021_ab_phase_boundaries.csv,/home/lyx/projects/dfm/Glenn_DFT_Paper01/references/AB_phase_diagram_fig1_jcp2021.eps
SCFT,G/L,right,11,71,0.644137931034,26.194539249147,literature reference overlay; not a BVK2 accepted root,/home/lyx/projects/dfm/Glenn_DFT_Paper01/MonteCarlo/results/jcp2021_ab_phase_diagram_digitization/jcp2021_ab_phase_boundaries.csv,/home/lyx/projects/dfm/Glenn_DFT_Paper01/references/AB_phase_diagram_fig1_jcp2021.eps
SCFT,G/L,right,11,72,0.645517241379,26.578498293515,literature reference overlay; not a BVK2 accepted root,/home/lyx/projects/dfm/Glenn_DFT_Paper01/MonteCarlo/results/jcp2021_ab_phase_diagram_digitization/jcp2021_ab_phase_boundaries.csv,/home/lyx/projects/dfm/Glenn_DFT_Paper01/references/AB_phase_diagram_fig1_jcp2021.eps
SCFT,G/L,right,11,73,0.646206896552,26.962457337884,literature reference overlay; not a BVK2 accepted root,/home/lyx/projects/dfm/Glenn_DFT_Paper01/MonteCarlo/results/jcp2021_ab_phase_diagram_digitization/jcp2021_ab_phase_boundaries.csv,/home/lyx/projects/dfm/Glenn_DFT_Paper01/references/AB_phase_diagram_fig1_jcp2021.eps
SCFT,G/L,right,11,74,0.646896551724,27.346416382253,literature reference overlay; not a BVK2 accepted root,/home/lyx/projects/dfm/Glenn_DFT_Paper01/MonteCarlo/results/jcp2021_ab_phase_diagram_digitization/jcp2021_ab_phase_boundaries.csv,/home/lyx/projects/dfm/Glenn_DFT_Paper01/references/AB_phase_diagram_fig1_jcp2021.eps
SCFT,G/L,right,11,75,0.647586206897,27.773037542662,literature reference overlay; not a BVK2 accepted root,/home/lyx/projects/dfm/Glenn_DFT_Paper01/MonteCarlo/results/jcp2021_ab_phase_diagram_digitization/jcp2021_ab_phase_boundaries.csv,/home/lyx/projects/dfm/Glenn_DFT_Paper01/references/AB_phase_diagram_fig1_jcp2021.eps
SCFT,G/L,right,11,76,0.648965517241,28.156996587031,literature reference overlay; not a BVK2 accepted root,/home/lyx/projects/dfm/Glenn_DFT_Paper01/MonteCarlo/results/jcp2021_ab_phase_diagram_digitization/jcp2021_ab_phase_boundaries.csv,/home/lyx/projects/dfm/Glenn_DFT_Paper01/references/AB_phase_diagram_fig1_jcp2021.eps
SCFT,G/L,right,11,77,0.649655172414,28.58361774744,literature reference overlay; not a BVK2 accepted root,/home/lyx/projects/dfm/Glenn_DFT_Paper01/MonteCarlo/results/jcp2021_ab_phase_diagram_digitization/jcp2021_ab_phase_boundaries.csv,/home/lyx/projects/dfm/Glenn_DFT_Paper01/references/AB_phase_diagram_fig1_jcp2021.eps
SCFT,G/L,right,11,78,0.650344827586,29.01023890785,literature reference overlay; not a BVK2 accepted root,/home/lyx/projects/dfm/Glenn_DFT_Paper01/MonteCarlo/results/jcp2021_ab_phase_diagram_digitization/jcp2021_ab_phase_boundaries.csv,/home/lyx/projects/dfm/Glenn_DFT_Paper01/references/AB_phase_diagram_fig1_jcp2021.eps
SCFT,G/L,right,11,79,0.651034482759,29.4795221843,literature reference overlay; not a BVK2 accepted root,/home/lyx/projects/dfm/Glenn_DFT_Paper01/MonteCarlo/results/jcp2021_ab_phase_diagram_digitization/jcp2021_ab_phase_boundaries.csv,/home/lyx/projects/dfm/Glenn_DFT_Paper01/references/AB_phase_diagram_fig1_jcp2021.eps
SCFT,G/L,right,11,80,0.651724137931,29.991467576792,literature reference overlay; not a BVK2 accepted root,/home/lyx/projects/dfm/Glenn_DFT_Paper01/MonteCarlo/results/jcp2021_ab_phase_diagram_digitization/jcp2021_ab_phase_boundaries.csv,/home/lyx/projects/dfm/Glenn_DFT_Paper01/references/AB_phase_diagram_fig1_jcp2021.eps
SCFT,G/L,right,11,81,0.653103448276,30.503412969283,literature reference overlay; not a BVK2 accepted root,/home/lyx/projects/dfm/Glenn_DFT_Paper01/MonteCarlo/results/jcp2021_ab_phase_diagram_digitization/jcp2021_ab_phase_boundaries.csv,/home/lyx/projects/dfm/Glenn_DFT_Paper01/references/AB_phase_diagram_fig1_jcp2021.eps
SCFT,G/L,right,11,82,0.653793103448,31.100682593857,literature reference overlay; not a BVK2 accepted root,/home/lyx/projects/dfm/Glenn_DFT_Paper01/MonteCarlo/results/jcp2021_ab_phase_diagram_digitization/jcp2021_ab_phase_boundaries.csv,/home/lyx/projects/dfm/Glenn_DFT_Paper01/references/AB_phase_diagram_fig1_jcp2021.eps
SCFT,G/L,right,11,83,0.654482758621,31.69795221843,literature reference overlay; not a BVK2 accepted root,/home/lyx/projects/dfm/Glenn_DFT_Paper01/MonteCarlo/results/jcp2021_ab_phase_diagram_digitization/jcp2021_ab_phase_boundaries.csv,/home/lyx/projects/dfm/Glenn_DFT_Paper01/references/AB_phase_diagram_fig1_jcp2021.eps
SCFT,G/L,right,11,84,0.655172413793,32.423208191126,literature reference overlay; not a BVK2 accepted root,/home/lyx/projects/dfm/Glenn_DFT_Paper01/MonteCarlo/results/jcp2021_ab_phase_diagram_digitization/jcp2021_ab_phase_boundaries.csv,/home/lyx/projects/dfm/Glenn_DFT_Paper01/references/AB_phase_diagram_fig1_jcp2021.eps
SCFT,G/L,right,11,85,0.656551724138,33.148464163823,literature reference overlay; not a BVK2 accepted root,/home/lyx/projects/dfm/Glenn_DFT_Paper01/MonteCarlo/results/jcp2021_ab_phase_diagram_digitization/jcp2021_ab_phase_boundaries.csv,/home/lyx/projects/dfm/Glenn_DFT_Paper01/references/AB_phase_diagram_fig1_jcp2021.eps
SCFT,G/L,right,11,86,0.65724137931,33.959044368601,literature reference overlay; not a BVK2 accepted root,/home/lyx/projects/dfm/Glenn_DFT_Paper01/MonteCarlo/results/jcp2021_ab_phase_diagram_digitization/jcp2021_ab_phase_boundaries.csv,/home/lyx/projects/dfm/Glenn_DFT_Paper01/references/AB_phase_diagram_fig1_jcp2021.eps
SCFT,G/L,right,11,87,0.657931034483,34.81228668942,literature reference overlay; not a BVK2 accepted root,/home/lyx/projects/dfm/Glenn_DFT_Paper01/MonteCarlo/results/jcp2021_ab_phase_diagram_digitization/jcp2021_ab_phase_boundaries.csv,/home/lyx/projects/dfm/Glenn_DFT_Paper01/references/AB_phase_diagram_fig1_jcp2021.eps
SCFT,G/L,right,11,88,0.658620689655,35.665529010239,literature reference overlay; not a BVK2 accepted root,/home/lyx/projects/dfm/Glenn_DFT_Paper01/MonteCarlo/results/jcp2021_ab_phase_diagram_digitization/jcp2021_ab_phase_boundaries.csv,/home/lyx/projects/dfm/Glenn_DFT_Paper01/references/AB_phase_diagram_fig1_jcp2021.eps
SCFT,G/L,right,11,89,0.659310344828,36.561433447099,literature reference overlay; not a BVK2 accepted root,/home/lyx/projects/dfm/Glenn_DFT_Paper01/MonteCarlo/results/jcp2021_ab_phase_diagram_digitization/jcp2021_ab_phase_boundaries.csv,/home/lyx/projects/dfm/Glenn_DFT_Paper01/references/AB_phase_diagram_fig1_jcp2021.eps
SCFT,G/L,right,11,90,0.660689655172,37.5,literature reference overlay; not a BVK2 accepted root,/home/lyx/projects/dfm/Glenn_DFT_Paper01/MonteCarlo/results/jcp2021_ab_phase_diagram_digitization/jcp2021_ab_phase_boundaries.csv,/home/lyx/projects/dfm/Glenn_DFT_Paper01/references/AB_phase_diagram_fig1_jcp2021.eps
SCFT,G/L,right,11,91,0.661379310345,38.438566552901,literature reference overlay; not a BVK2 accepted root,/home/lyx/projects/dfm/Glenn_DFT_Paper01/MonteCarlo/results/jcp2021_ab_phase_diagram_digitization/jcp2021_ab_phase_boundaries.csv,/home/lyx/projects/dfm/Glenn_DFT_Paper01/references/AB_phase_diagram_fig1_jcp2021.eps
SCFT,G/L,right,11,92,0.662068965517,39.419795221843,literature reference overlay; not a BVK2 accepted root,/home/lyx/projects/dfm/Glenn_DFT_Paper01/MonteCarlo/results/jcp2021_ab_phase_diagram_digitization/jcp2021_ab_phase_boundaries.csv,/home/lyx/projects/dfm/Glenn_DFT_Paper01/references/AB_phase_diagram_fig1_jcp2021.eps
SCFT,G/L,right,11,93,0.66275862069,40.529010238908,literature reference overlay; not a BVK2 accepted root,/home/lyx/projects/dfm/Glenn_DFT_Paper01/MonteCarlo/results/jcp2021_ab_phase_diagram_digitization/jcp2021_ab_phase_boundaries.csv,/home/lyx/projects/dfm/Glenn_DFT_Paper01/references/AB_phase_diagram_fig1_jcp2021.eps
SCFT,G/L,right,11,94,0.664137931034,41.680887372014,literature reference overlay; not a BVK2 accepted root,/home/lyx/projects/dfm/Glenn_DFT_Paper01/MonteCarlo/results/jcp2021_ab_phase_diagram_digitization/jcp2021_ab_phase_boundaries.csv,/home/lyx/projects/dfm/Glenn_DFT_Paper01/references/AB_phase_diagram_fig1_jcp2021.eps
SCFT,G/L,right,11,95,0.664827586207,42.960750853242,literature reference overlay; not a BVK2 accepted root,/home/lyx/projects/dfm/Glenn_DFT_Paper01/MonteCarlo/results/jcp2021_ab_phase_diagram_digitization/jcp2021_ab_phase_boundaries.csv,/home/lyx/projects/dfm/Glenn_DFT_Paper01/references/AB_phase_diagram_fig1_jcp2021.eps
SCFT,G/L,right,11,96,0.665517241379,44.411262798635,literature reference overlay; not a BVK2 accepted root,/home/lyx/projects/dfm/Glenn_DFT_Paper01/MonteCarlo/results/jcp2021_ab_phase_diagram_digitization/jcp2021_ab_phase_boundaries.csv,/home/lyx/projects/dfm/Glenn_DFT_Paper01/references/AB_phase_diagram_fig1_jcp2021.eps
SCFT,G/L,right,11,97,0.666206896552,46.075085324232,literature reference overlay; not a BVK2 accepted root,/home/lyx/projects/dfm/Glenn_DFT_Paper01/MonteCarlo/results/jcp2021_ab_phase_diagram_digitization/jcp2021_ab_phase_boundaries.csv,/home/lyx/projects/dfm/Glenn_DFT_Paper01/references/AB_phase_diagram_fig1_jcp2021.eps
SCFT,G/L,right,11,98,0.667586206897,47.909556313993,literature reference overlay; not a BVK2 accepted root,/home/lyx/projects/dfm/Glenn_DFT_Paper01/MonteCarlo/results/jcp2021_ab_phase_diagram_digitization/jcp2021_ab_phase_boundaries.csv,/home/lyx/projects/dfm/Glenn_DFT_Paper01/references/AB_phase_diagram_fig1_jcp2021.eps
SCFT,G/L,right,11,99,0.668275862069,50.0,literature reference overlay; not a BVK2 accepted root,/home/lyx/projects/dfm/Glenn_DFT_Paper01/MonteCarlo/results/jcp2021_ab_phase_diagram_digitization/jcp2021_ab_phase_boundaries.csv,/home/lyx/projects/dfm/Glenn_DFT_Paper01/references/AB_phase_diagram_fig1_jcp2021.eps
SCFT,O70/L,left,10,0,0.5,10.537542662116,literature reference overlay; not a BVK2 accepted root,/home/lyx/projects/dfm/Glenn_DFT_Paper01/MonteCarlo/results/jcp2021_ab_phase_diagram_digitization/jcp2021_ab_phase_boundaries.csv,/home/lyx/projects/dfm/Glenn_DFT_Paper01/references/AB_phase_diagram_fig1_jcp2021.eps
SCFT,O70/L,left,10,1,0.499310344828,10.537542662116,literature reference overlay; not a BVK2 accepted root,/home/lyx/projects/dfm/Glenn_DFT_Paper01/MonteCarlo/results/jcp2021_ab_phase_diagram_digitization/jcp2021_ab_phase_boundaries.csv,/home/lyx/projects/dfm/Glenn_DFT_Paper01/references/AB_phase_diagram_fig1_jcp2021.eps
SCFT,O70/L,left,10,2,0.49724137931,10.537542662116,literature reference overlay; not a BVK2 accepted root,/home/lyx/projects/dfm/Glenn_DFT_Paper01/MonteCarlo/results/jcp2021_ab_phase_diagram_digitization/jcp2021_ab_phase_boundaries.csv,/home/lyx/projects/dfm/Glenn_DFT_Paper01/references/AB_phase_diagram_fig1_jcp2021.eps
SCFT,O70/L,left,10,3,0.495862068966,10.537542662116,literature reference overlay; not a BVK2 accepted root,/home/lyx/projects/dfm/Glenn_DFT_Paper01/MonteCarlo/results/jcp2021_ab_phase_diagram_digitization/jcp2021_ab_phase_boundaries.csv,/home/lyx/projects/dfm/Glenn_DFT_Paper01/references/AB_phase_diagram_fig1_jcp2021.eps
SCFT,O70/L,left,10,4,0.493793103448,10.537542662116,literature reference overlay; not a BVK2 accepted root,/home/lyx/projects/dfm/Glenn_DFT_Paper01/MonteCarlo/results/jcp2021_ab_phase_diagram_digitization/jcp2021_ab_phase_boundaries.csv,/home/lyx/projects/dfm/Glenn_DFT_Paper01/references/AB_phase_diagram_fig1_jcp2021.eps
SCFT,O70/L,left,10,5,0.492413793103,10.537542662116,literature reference overlay; not a BVK2 accepted root,/home/lyx/projects/dfm/Glenn_DFT_Paper01/MonteCarlo/results/jcp2021_ab_phase_diagram_digitization/jcp2021_ab_phase_boundaries.csv,/home/lyx/projects/dfm/Glenn_DFT_Paper01/references/AB_phase_diagram_fig1_jcp2021.eps
SCFT,O70/L,left,10,6,0.490344827586,10.537542662116,literature reference overlay; not a BVK2 accepted root,/home/lyx/projects/dfm/Glenn_DFT_Paper01/MonteCarlo/results/jcp2021_ab_phase_diagram_digitization/jcp2021_ab_phase_boundaries.csv,/home/lyx/projects/dfm/Glenn_DFT_Paper01/references/AB_phase_diagram_fig1_jcp2021.eps
SCFT,O70/L,left,10,7,0.488965517241,10.580204778157,literature reference overlay; not a BVK2 accepted root,/home/lyx/projects/dfm/Glenn_DFT_Paper01/MonteCarlo/results/jcp2021_ab_phase_diagram_digitization/jcp2021_ab_phase_boundaries.csv,/home/lyx/projects/dfm/Glenn_DFT_Paper01/references/AB_phase_diagram_fig1_jcp2021.eps
SCFT,O70/L,left,10,8,0.486896551724,10.580204778157,literature reference overlay; not a BVK2 accepted root,/home/lyx/projects/dfm/Glenn_DFT_Paper01/MonteCarlo/results/jcp2021_ab_phase_diagram_digitization/jcp2021_ab_phase_boundaries.csv,/home/lyx/projects/dfm/Glenn_DFT_Paper01/references/AB_phase_diagram_fig1_jcp2021.eps
SCFT,O70/L,left,10,9,0.485517241379,10.580204778157,literature reference overlay; not a BVK2 accepted root,/home/lyx/projects/dfm/Glenn_DFT_Paper01/MonteCarlo/results/jcp2021_ab_phase_diagram_digitization/jcp2021_ab_phase_boundaries.csv,/home/lyx/projects/dfm/Glenn_DFT_Paper01/references/AB_phase_diagram_fig1_jcp2021.eps
SCFT,O70/L,left,10,10,0.484137931034,10.622866894198,literature reference overlay; not a BVK2 accepted root,/home/lyx/projects/dfm/Glenn_DFT_Paper01/MonteCarlo/results/jcp2021_ab_phase_diagram_digitization/jcp2021_ab_phase_boundaries.csv,/home/lyx/projects/dfm/Glenn_DFT_Paper01/references/AB_phase_diagram_fig1_jcp2021.eps
SCFT,O70/L,left,10,11,0.482068965517,10.622866894198,literature reference overlay; not a BVK2 accepted root,/home/lyx/projects/dfm/Glenn_DFT_Paper01/MonteCarlo/results/jcp2021_ab_phase_diagram_digitization/jcp2021_ab_phase_boundaries.csv,/home/lyx/projects/dfm/Glenn_DFT_Paper01/references/AB_phase_diagram_fig1_jcp2021.eps
SCFT,O70/L,left,10,12,0.480689655172,10.622866894198,literature reference overlay; not a BVK2 accepted root,/home/lyx/projects/dfm/Glenn_DFT_Paper01/MonteCarlo/results/jcp2021_ab_phase_diagram_digitization/jcp2021_ab_phase_boundaries.csv,/home/lyx/projects/dfm/Glenn_DFT_Paper01/references/AB_phase_diagram_fig1_jcp2021.eps
SCFT,O70/L,left,10,13,0.478620689655,10.665529010239,literature reference overlay; not a BVK2 accepted root,/home/lyx/projects/dfm/Glenn_DFT_Paper01/MonteCarlo/results/jcp2021_ab_phase_diagram_digitization/jcp2021_ab_phase_boundaries.csv,/home/lyx/projects/dfm/Glenn_DFT_Paper01/references/AB_phase_diagram_fig1_jcp2021.eps
SCFT,O70/L,left,10,14,0.47724137931,10.665529010239,literature reference overlay; not a BVK2 accepted root,/home/lyx/projects/dfm/Glenn_DFT_Paper01/MonteCarlo/results/jcp2021_ab_phase_diagram_digitization/jcp2021_ab_phase_boundaries.csv,/home/lyx/projects/dfm/Glenn_DFT_Paper01/references/AB_phase_diagram_fig1_jcp2021.eps
SCFT,O70/L,left,10,15,0.475172413793,10.70819112628,literature reference overlay; not a BVK2 accepted root,/home/lyx/projects/dfm/Glenn_DFT_Paper01/MonteCarlo/results/jcp2021_ab_phase_diagram_digitization/jcp2021_ab_phase_boundaries.csv,/home/lyx/projects/dfm/Glenn_DFT_Paper01/references/AB_phase_diagram_fig1_jcp2021.eps
SCFT,O70/L,left,10,16,0.473793103448,10.750853242321,literature reference overlay; not a BVK2 accepted root,/home/lyx/projects/dfm/Glenn_DFT_Paper01/MonteCarlo/results/jcp2021_ab_phase_diagram_digitization/jcp2021_ab_phase_boundaries.csv,/home/lyx/projects/dfm/Glenn_DFT_Paper01/references/AB_phase_diagram_fig1_jcp2021.eps
SCFT,O70/L,left,10,17,0.471724137931,10.750853242321,literature reference overlay; not a BVK2 accepted root,/home/lyx/projects/dfm/Glenn_DFT_Paper01/MonteCarlo/results/jcp2021_ab_phase_diagram_digitization/jcp2021_ab_phase_boundaries.csv,/home/lyx/projects/dfm/Glenn_DFT_Paper01/references/AB_phase_diagram_fig1_jcp2021.eps
SCFT,O70/L,left,10,18,0.470344827586,10.793515358362,literature reference overlay; not a BVK2 accepted root,/home/lyx/projects/dfm/Glenn_DFT_Paper01/MonteCarlo/results/jcp2021_ab_phase_diagram_digitization/jcp2021_ab_phase_boundaries.csv,/home/lyx/projects/dfm/Glenn_DFT_Paper01/references/AB_phase_diagram_fig1_jcp2021.eps
SCFT,O70/L,left,10,19,0.468275862069,10.836177474403,literature reference overlay; not a BVK2 accepted root,/home/lyx/projects/dfm/Glenn_DFT_Paper01/MonteCarlo/results/jcp2021_ab_phase_diagram_digitization/jcp2021_ab_phase_boundaries.csv,/home/lyx/projects/dfm/Glenn_DFT_Paper01/references/AB_phase_diagram_fig1_jcp2021.eps
SCFT,O70/L,left,10,20,0.466896551724,10.836177474403,literature reference overlay; not a BVK2 accepted root,/home/lyx/projects/dfm/Glenn_DFT_Paper01/MonteCarlo/results/jcp2021_ab_phase_diagram_digitization/jcp2021_ab_phase_boundaries.csv,/home/lyx/projects/dfm/Glenn_DFT_Paper01/references/AB_phase_diagram_fig1_jcp2021.eps
SCFT,O70/L,left,10,21,0.464827586207,10.878839590444,literature reference overlay; not a BVK2 accepted root,/home/lyx/projects/dfm/Glenn_DFT_Paper01/MonteCarlo/results/jcp2021_ab_phase_diagram_digitization/jcp2021_ab_phase_boundaries.csv,/home/lyx/projects/dfm/Glenn_DFT_Paper01/references/AB_phase_diagram_fig1_jcp2021.eps
SCFT,O70/L,left,10,22,0.463448275862,10.921501706485,literature reference overlay; not a BVK2 accepted root,/home/lyx/projects/dfm/Glenn_DFT_Paper01/MonteCarlo/results/jcp2021_ab_phase_diagram_digitization/jcp2021_ab_phase_boundaries.csv,/home/lyx/projects/dfm/Glenn_DFT_Paper01/references/AB_phase_diagram_fig1_jcp2021.eps
SCFT,O70/L,left,10,23,0.461379310345,10.964163822526,literature reference overlay; not a BVK2 accepted root,/home/lyx/projects/dfm/Glenn_DFT_Paper01/MonteCarlo/results/jcp2021_ab_phase_diagram_digitization/jcp2021_ab_phase_boundaries.csv,/home/lyx/projects/dfm/Glenn_DFT_Paper01/references/AB_phase_diagram_fig1_jcp2021.eps
SCFT,O70/L,left,10,24,0.46,11.006825938567,literature reference overlay; not a BVK2 accepted root,/home/lyx/projects/dfm/Glenn_DFT_Paper01/MonteCarlo/results/jcp2021_ab_phase_diagram_digitization/jcp2021_ab_phase_boundaries.csv,/home/lyx/projects/dfm/Glenn_DFT_Paper01/references/AB_phase_diagram_fig1_jcp2021.eps
SCFT,O70/L,left,10,25,0.458620689655,11.049488054608,literature reference overlay; not a BVK2 accepted root,/home/lyx/projects/dfm/Glenn_DFT_Paper01/MonteCarlo/results/jcp2021_ab_phase_diagram_digitization/jcp2021_ab_phase_boundaries.csv,/home/lyx/projects/dfm/Glenn_DFT_Paper01/references/AB_phase_diagram_fig1_jcp2021.eps
SCFT,O70/L,left,10,26,0.456551724138,11.134812286689,literature reference overlay; not a BVK2 accepted root,/home/lyx/projects/dfm/Glenn_DFT_Paper01/MonteCarlo/results/jcp2021_ab_phase_diagram_digitization/jcp2021_ab_phase_boundaries.csv,/home/lyx/projects/dfm/Glenn_DFT_Paper01/references/AB_phase_diagram_fig1_jcp2021.eps
SCFT,O70/L,left,10,27,0.455172413793,11.17747440273,literature reference overlay; not a BVK2 accepted root,/home/lyx/projects/dfm/Glenn_DFT_Paper01/MonteCarlo/results/jcp2021_ab_phase_diagram_digitization/jcp2021_ab_phase_boundaries.csv,/home/lyx/projects/dfm/Glenn_DFT_Paper01/references/AB_phase_diagram_fig1_jcp2021.eps
SCFT,O70/L,left,10,28,0.453103448276,11.220136518771,literature reference overlay; not a BVK2 accepted root,/home/lyx/projects/dfm/Glenn_DFT_Paper01/MonteCarlo/results/jcp2021_ab_phase_diagram_digitization/jcp2021_ab_phase_boundaries.csv,/home/lyx/projects/dfm/Glenn_DFT_Paper01/references/AB_phase_diagram_fig1_jcp2021.eps
SCFT,O70/L,left,10,29,0.451724137931,11.305460750853,literature reference overlay; not a BVK2 accepted root,/home/lyx/projects/dfm/Glenn_DFT_Paper01/MonteCarlo/results/jcp2021_ab_phase_diagram_digitization/jcp2021_ab_phase_boundaries.csv,/home/lyx/projects/dfm/Glenn_DFT_Paper01/references/AB_phase_diagram_fig1_jcp2021.eps
SCFT,O70/L,left,10,30,0.449655172414,11.348122866894,literature reference overlay; not a BVK2 accepted root,/home/lyx/projects/dfm/Glenn_DFT_Paper01/MonteCarlo/results/jcp2021_ab_phase_diagram_digitization/jcp2021_ab_phase_boundaries.csv,/home/lyx/projects/dfm/Glenn_DFT_Paper01/references/AB_phase_diagram_fig1_jcp2021.eps
SCFT,O70/L,left,10,31,0.448275862069,11.433447098976,literature reference overlay; not a BVK2 accepted root,/home/lyx/projects/dfm/Glenn_DFT_Paper01/MonteCarlo/results/jcp2021_ab_phase_diagram_digitization/jcp2021_ab_phase_boundaries.csv,/home/lyx/projects/dfm/Glenn_DFT_Paper01/references/AB_phase_diagram_fig1_jcp2021.eps
SCFT,O70/L,left,10,32,0.446206896552,11.518771331058,literature reference overlay; not a BVK2 accepted root,/home/lyx/projects/dfm/Glenn_DFT_Paper01/MonteCarlo/results/jcp2021_ab_phase_diagram_digitization/jcp2021_ab_phase_boundaries.csv,/home/lyx/projects/dfm/Glenn_DFT_Paper01/references/AB_phase_diagram_fig1_jcp2021.eps
SCFT,O70/L,left,10,33,0.444827586207,11.60409556314,literature reference overlay; not a BVK2 accepted root,/home/lyx/projects/dfm/Glenn_DFT_Paper01/MonteCarlo/results/jcp2021_ab_phase_diagram_digitization/jcp2021_ab_phase_boundaries.csv,/home/lyx/projects/dfm/Glenn_DFT_Paper01/references/AB_phase_diagram_fig1_jcp2021.eps
SCFT,O70/L,left,10,34,0.44275862069,11.689419795222,literature reference overlay; not a BVK2 accepted root,/home/lyx/projects/dfm/Glenn_DFT_Paper01/MonteCarlo/results/jcp2021_ab_phase_diagram_digitization/jcp2021_ab_phase_boundaries.csv,/home/lyx/projects/dfm/Glenn_DFT_Paper01/references/AB_phase_diagram_fig1_jcp2021.eps
SCFT,O70/L,left,10,35,0.441379310345,11.774744027304,literature reference overlay; not a BVK2 accepted root,/home/lyx/projects/dfm/Glenn_DFT_Paper01/MonteCarlo/results/jcp2021_ab_phase_diagram_digitization/jcp2021_ab_phase_boundaries.csv,/home/lyx/projects/dfm/Glenn_DFT_Paper01/references/AB_phase_diagram_fig1_jcp2021.eps
SCFT,O70/L,left,10,36,0.439310344828,11.860068259386,literature reference overlay; not a BVK2 accepted root,/home/lyx/projects/dfm/Glenn_DFT_Paper01/MonteCarlo/results/jcp2021_ab_phase_diagram_digitization/jcp2021_ab_phase_boundaries.csv,/home/lyx/projects/dfm/Glenn_DFT_Paper01/references/AB_phase_diagram_fig1_jcp2021.eps
SCFT,O70/L,left,10,37,0.437931034483,11.945392491468,literature reference overlay; not a BVK2 accepted root,/home/lyx/projects/dfm/Glenn_DFT_Paper01/MonteCarlo/results/jcp2021_ab_phase_diagram_digitization/jcp2021_ab_phase_boundaries.csv,/home/lyx/projects/dfm/Glenn_DFT_Paper01/references/AB_phase_diagram_fig1_jcp2021.eps
SCFT,O70/L,left,10,38,0.435862068966,12.030716723549,literature reference overlay; not a BVK2 accepted root,/home/lyx/projects/dfm/Glenn_DFT_Paper01/MonteCarlo/results/jcp2021_ab_phase_diagram_digitization/jcp2021_ab_phase_boundaries.csv,/home/lyx/projects/dfm/Glenn_DFT_Paper01/references/AB_phase_diagram_fig1_jcp2021.eps
SCFT,O70/L,left,10,39,0.434482758621,12.158703071672,literature reference overlay; not a BVK2 accepted root,/home/lyx/projects/dfm/Glenn_DFT_Paper01/MonteCarlo/results/jcp2021_ab_phase_diagram_digitization/jcp2021_ab_phase_boundaries.csv,/home/lyx/projects/dfm/Glenn_DFT_Paper01/references/AB_phase_diagram_fig1_jcp2021.eps
SCFT,O70/L,left,10,40,0.432413793103,12.244027303754,literature reference overlay; not a BVK2 accepted root,/home/lyx/projects/dfm/Glenn_DFT_Paper01/MonteCarlo/results/jcp2021_ab_phase_diagram_digitization/jcp2021_ab_phase_boundaries.csv,/home/lyx/projects/dfm/Glenn_DFT_Paper01/references/AB_phase_diagram_fig1_jcp2021.eps
SCFT,O70/L,left,10,41,0.431034482759,12.372013651877,literature reference overlay; not a BVK2 accepted root,/home/lyx/projects/dfm/Glenn_DFT_Paper01/MonteCarlo/results/jcp2021_ab_phase_diagram_digitization/jcp2021_ab_phase_boundaries.csv,/home/lyx/projects/dfm/Glenn_DFT_Paper01/references/AB_phase_diagram_fig1_jcp2021.eps
SCFT,O70/L,left,10,42,0.429655172414,12.5,literature reference overlay; not a BVK2 accepted root,/home/lyx/projects/dfm/Glenn_DFT_Paper01/MonteCarlo/results/jcp2021_ab_phase_diagram_digitization/jcp2021_ab_phase_boundaries.csv,/home/lyx/projects/dfm/Glenn_DFT_Paper01/references/AB_phase_diagram_fig1_jcp2021.eps
SCFT,O70/L,left,10,43,0.427586206897,12.627986348123,literature reference overlay; not a BVK2 accepted root,/home/lyx/projects/dfm/Glenn_DFT_Paper01/MonteCarlo/results/jcp2021_ab_phase_diagram_digitization/jcp2021_ab_phase_boundaries.csv,/home/lyx/projects/dfm/Glenn_DFT_Paper01/references/AB_phase_diagram_fig1_jcp2021.eps
SCFT,O70/L,left,10,44,0.426206896552,12.713310580205,literature reference overlay; not a BVK2 accepted root,/home/lyx/projects/dfm/Glenn_DFT_Paper01/MonteCarlo/results/jcp2021_ab_phase_diagram_digitization/jcp2021_ab_phase_boundaries.csv,/home/lyx/projects/dfm/Glenn_DFT_Paper01/references/AB_phase_diagram_fig1_jcp2021.eps
SCFT,O70/L,left,10,45,0.424137931034,12.841296928328,literature reference overlay; not a BVK2 accepted root,/home/lyx/projects/dfm/Glenn_DFT_Paper01/MonteCarlo/results/jcp2021_ab_phase_diagram_digitization/jcp2021_ab_phase_boundaries.csv,/home/lyx/projects/dfm/Glenn_DFT_Paper01/references/AB_phase_diagram_fig1_jcp2021.eps
SCFT,O70/L,left,10,46,0.42275862069,12.969283276451,literature reference overlay; not a BVK2 accepted root,/home/lyx/projects/dfm/Glenn_DFT_Paper01/MonteCarlo/results/jcp2021_ab_phase_diagram_digitization/jcp2021_ab_phase_boundaries.csv,/home/lyx/projects/dfm/Glenn_DFT_Paper01/references/AB_phase_diagram_fig1_jcp2021.eps
SCFT,O70/L,left,10,47,0.420689655172,13.139931740614,literature reference overlay; not a BVK2 accepted root,/home/lyx/projects/dfm/Glenn_DFT_Paper01/MonteCarlo/results/jcp2021_ab_phase_diagram_digitization/jcp2021_ab_phase_boundaries.csv,/home/lyx/projects/dfm/Glenn_DFT_Paper01/references/AB_phase_diagram_fig1_jcp2021.eps
SCFT,O70/L,left,10,48,0.419310344828,13.267918088737,literature reference overlay; not a BVK2 accepted root,/home/lyx/projects/dfm/Glenn_DFT_Paper01/MonteCarlo/results/jcp2021_ab_phase_diagram_digitization/jcp2021_ab_phase_boundaries.csv,/home/lyx/projects/dfm/Glenn_DFT_Paper01/references/AB_phase_diagram_fig1_jcp2021.eps
SCFT,O70/L,left,10,49,0.41724137931,13.39590443686,literature reference overlay; not a BVK2 accepted root,/home/lyx/projects/dfm/Glenn_DFT_Paper01/MonteCarlo/results/jcp2021_ab_phase_diagram_digitization/jcp2021_ab_phase_boundaries.csv,/home/lyx/projects/dfm/Glenn_DFT_Paper01/references/AB_phase_diagram_fig1_jcp2021.eps
SCFT,O70/L,left,10,50,0.415862068966,13.523890784983,literature reference overlay; not a BVK2 accepted root,/home/lyx/projects/dfm/Glenn_DFT_Paper01/MonteCarlo/results/jcp2021_ab_phase_diagram_digitization/jcp2021_ab_phase_boundaries.csv,/home/lyx/projects/dfm/Glenn_DFT_Paper01/references/AB_phase_diagram_fig1_jcp2021.eps
SCFT,O70/L,right,10,0,0.5,10.537542662116,literature reference overlay; not a BVK2 accepted root,/home/lyx/projects/dfm/Glenn_DFT_Paper01/MonteCarlo/results/jcp2021_ab_phase_diagram_digitization/jcp2021_ab_phase_boundaries.csv,/home/lyx/projects/dfm/Glenn_DFT_Paper01/references/AB_phase_diagram_fig1_jcp2021.eps
SCFT,O70/L,right,10,1,0.500689655172,10.537542662116,literature reference overlay; not a BVK2 accepted root,/home/lyx/projects/dfm/Glenn_DFT_Paper01/MonteCarlo/results/jcp2021_ab_phase_diagram_digitization/jcp2021_ab_phase_boundaries.csv,/home/lyx/projects/dfm/Glenn_DFT_Paper01/references/AB_phase_diagram_fig1_jcp2021.eps
SCFT,O70/L,right,10,2,0.50275862069,10.537542662116,literature reference overlay; not a BVK2 accepted root,/home/lyx/projects/dfm/Glenn_DFT_Paper01/MonteCarlo/results/jcp2021_ab_phase_diagram_digitization/jcp2021_ab_phase_boundaries.csv,/home/lyx/projects/dfm/Glenn_DFT_Paper01/references/AB_phase_diagram_fig1_jcp2021.eps
SCFT,O70/L,right,10,3,0.504137931034,10.537542662116,literature reference overlay; not a BVK2 accepted root,/home/lyx/projects/dfm/Glenn_DFT_Paper01/MonteCarlo/results/jcp2021_ab_phase_diagram_digitization/jcp2021_ab_phase_boundaries.csv,/home/lyx/projects/dfm/Glenn_DFT_Paper01/references/AB_phase_diagram_fig1_jcp2021.eps
SCFT,O70/L,right,10,4,0.506206896552,10.537542662116,literature reference overlay; not a BVK2 accepted root,/home/lyx/projects/dfm/Glenn_DFT_Paper01/MonteCarlo/results/jcp2021_ab_phase_diagram_digitization/jcp2021_ab_phase_boundaries.csv,/home/lyx/projects/dfm/Glenn_DFT_Paper01/references/AB_phase_diagram_fig1_jcp2021.eps
SCFT,O70/L,right,10,5,0.507586206897,10.537542662116,literature reference overlay; not a BVK2 accepted root,/home/lyx/projects/dfm/Glenn_DFT_Paper01/MonteCarlo/results/jcp2021_ab_phase_diagram_digitization/jcp2021_ab_phase_boundaries.csv,/home/lyx/projects/dfm/Glenn_DFT_Paper01/references/AB_phase_diagram_fig1_jcp2021.eps
SCFT,O70/L,right,10,6,0.509655172414,10.537542662116,literature reference overlay; not a BVK2 accepted root,/home/lyx/projects/dfm/Glenn_DFT_Paper01/MonteCarlo/results/jcp2021_ab_phase_diagram_digitization/jcp2021_ab_phase_boundaries.csv,/home/lyx/projects/dfm/Glenn_DFT_Paper01/references/AB_phase_diagram_fig1_jcp2021.eps
SCFT,O70/L,right,10,7,0.511034482759,10.580204778157,literature reference overlay; not a BVK2 accepted root,/home/lyx/projects/dfm/Glenn_DFT_Paper01/MonteCarlo/results/jcp2021_ab_phase_diagram_digitization/jcp2021_ab_phase_boundaries.csv,/home/lyx/projects/dfm/Glenn_DFT_Paper01/references/AB_phase_diagram_fig1_jcp2021.eps
SCFT,O70/L,right,10,8,0.513103448276,10.580204778157,literature reference overlay; not a BVK2 accepted root,/home/lyx/projects/dfm/Glenn_DFT_Paper01/MonteCarlo/results/jcp2021_ab_phase_diagram_digitization/jcp2021_ab_phase_boundaries.csv,/home/lyx/projects/dfm/Glenn_DFT_Paper01/references/AB_phase_diagram_fig1_jcp2021.eps
SCFT,O70/L,right,10,9,0.514482758621,10.580204778157,literature reference overlay; not a BVK2 accepted root,/home/lyx/projects/dfm/Glenn_DFT_Paper01/MonteCarlo/results/jcp2021_ab_phase_diagram_digitization/jcp2021_ab_phase_boundaries.csv,/home/lyx/projects/dfm/Glenn_DFT_Paper01/references/AB_phase_diagram_fig1_jcp2021.eps
SCFT,O70/L,right,10,10,0.515862068966,10.622866894198,literature reference overlay; not a BVK2 accepted root,/home/lyx/projects/dfm/Glenn_DFT_Paper01/MonteCarlo/results/jcp2021_ab_phase_diagram_digitization/jcp2021_ab_phase_boundaries.csv,/home/lyx/projects/dfm/Glenn_DFT_Paper01/references/AB_phase_diagram_fig1_jcp2021.eps
SCFT,O70/L,right,10,11,0.517931034483,10.622866894198,literature reference overlay; not a BVK2 accepted root,/home/lyx/projects/dfm/Glenn_DFT_Paper01/MonteCarlo/results/jcp2021_ab_phase_diagram_digitization/jcp2021_ab_phase_boundaries.csv,/home/lyx/projects/dfm/Glenn_DFT_Paper01/references/AB_phase_diagram_fig1_jcp2021.eps
SCFT,O70/L,right,10,12,0.519310344828,10.622866894198,literature reference overlay; not a BVK2 accepted root,/home/lyx/projects/dfm/Glenn_DFT_Paper01/MonteCarlo/results/jcp2021_ab_phase_diagram_digitization/jcp2021_ab_phase_boundaries.csv,/home/lyx/projects/dfm/Glenn_DFT_Paper01/references/AB_phase_diagram_fig1_jcp2021.eps
SCFT,O70/L,right,10,13,0.521379310345,10.665529010239,literature reference overlay; not a BVK2 accepted root,/home/lyx/projects/dfm/Glenn_DFT_Paper01/MonteCarlo/results/jcp2021_ab_phase_diagram_digitization/jcp2021_ab_phase_boundaries.csv,/home/lyx/projects/dfm/Glenn_DFT_Paper01/references/AB_phase_diagram_fig1_jcp2021.eps
SCFT,O70/L,right,10,14,0.52275862069,10.665529010239,literature reference overlay; not a BVK2 accepted root,/home/lyx/projects/dfm/Glenn_DFT_Paper01/MonteCarlo/results/jcp2021_ab_phase_diagram_digitization/jcp2021_ab_phase_boundaries.csv,/home/lyx/projects/dfm/Glenn_DFT_Paper01/references/AB_phase_diagram_fig1_jcp2021.eps
SCFT,O70/L,right,10,15,0.524827586207,10.70819112628,literature reference overlay; not a BVK2 accepted root,/home/lyx/projects/dfm/Glenn_DFT_Paper01/MonteCarlo/results/jcp2021_ab_phase_diagram_digitization/jcp2021_ab_phase_boundaries.csv,/home/lyx/projects/dfm/Glenn_DFT_Paper01/references/AB_phase_diagram_fig1_jcp2021.eps
SCFT,O70/L,right,10,16,0.526206896552,10.750853242321,literature reference overlay; not a BVK2 accepted root,/home/lyx/projects/dfm/Glenn_DFT_Paper01/MonteCarlo/results/jcp2021_ab_phase_diagram_digitization/jcp2021_ab_phase_boundaries.csv,/home/lyx/projects/dfm/Glenn_DFT_Paper01/references/AB_phase_diagram_fig1_jcp2021.eps
SCFT,O70/L,right,10,17,0.528275862069,10.750853242321,literature reference overlay; not a BVK2 accepted root,/home/lyx/projects/dfm/Glenn_DFT_Paper01/MonteCarlo/results/jcp2021_ab_phase_diagram_digitization/jcp2021_ab_phase_boundaries.csv,/home/lyx/projects/dfm/Glenn_DFT_Paper01/references/AB_phase_diagram_fig1_jcp2021.eps
SCFT,O70/L,right,10,18,0.529655172414,10.793515358362,literature reference overlay; not a BVK2 accepted root,/home/lyx/projects/dfm/Glenn_DFT_Paper01/MonteCarlo/results/jcp2021_ab_phase_diagram_digitization/jcp2021_ab_phase_boundaries.csv,/home/lyx/projects/dfm/Glenn_DFT_Paper01/references/AB_phase_diagram_fig1_jcp2021.eps
SCFT,O70/L,right,10,19,0.531724137931,10.836177474403,literature reference overlay; not a BVK2 accepted root,/home/lyx/projects/dfm/Glenn_DFT_Paper01/MonteCarlo/results/jcp2021_ab_phase_diagram_digitization/jcp2021_ab_phase_boundaries.csv,/home/lyx/projects/dfm/Glenn_DFT_Paper01/references/AB_phase_diagram_fig1_jcp2021.eps
SCFT,O70/L,right,10,20,0.533103448276,10.836177474403,literature reference overlay; not a BVK2 accepted root,/home/lyx/projects/dfm/Glenn_DFT_Paper01/MonteCarlo/results/jcp2021_ab_phase_diagram_digitization/jcp2021_ab_phase_boundaries.csv,/home/lyx/projects/dfm/Glenn_DFT_Paper01/references/AB_phase_diagram_fig1_jcp2021.eps
SCFT,O70/L,right,10,21,0.535172413793,10.878839590444,literature reference overlay; not a BVK2 accepted root,/home/lyx/projects/dfm/Glenn_DFT_Paper01/MonteCarlo/results/jcp2021_ab_phase_diagram_digitization/jcp2021_ab_phase_boundaries.csv,/home/lyx/projects/dfm/Glenn_DFT_Paper01/references/AB_phase_diagram_fig1_jcp2021.eps
SCFT,O70/L,right,10,22,0.536551724138,10.921501706485,literature reference overlay; not a BVK2 accepted root,/home/lyx/projects/dfm/Glenn_DFT_Paper01/MonteCarlo/results/jcp2021_ab_phase_diagram_digitization/jcp2021_ab_phase_boundaries.csv,/home/lyx/projects/dfm/Glenn_DFT_Paper01/references/AB_phase_diagram_fig1_jcp2021.eps
SCFT,O70/L,right,10,23,0.538620689655,10.964163822526,literature reference overlay; not a BVK2 accepted root,/home/lyx/projects/dfm/Glenn_DFT_Paper01/MonteCarlo/results/jcp2021_ab_phase_diagram_digitization/jcp2021_ab_phase_boundaries.csv,/home/lyx/projects/dfm/Glenn_DFT_Paper01/references/AB_phase_diagram_fig1_jcp2021.eps
SCFT,O70/L,right,10,24,0.54,11.006825938567,literature reference overlay; not a BVK2 accepted root,/home/lyx/projects/dfm/Glenn_DFT_Paper01/MonteCarlo/results/jcp2021_ab_phase_diagram_digitization/jcp2021_ab_phase_boundaries.csv,/home/lyx/projects/dfm/Glenn_DFT_Paper01/references/AB_phase_diagram_fig1_jcp2021.eps
SCFT,O70/L,right,10,25,0.541379310345,11.049488054608,literature reference overlay; not a BVK2 accepted root,/home/lyx/projects/dfm/Glenn_DFT_Paper01/MonteCarlo/results/jcp2021_ab_phase_diagram_digitization/jcp2021_ab_phase_boundaries.csv,/home/lyx/projects/dfm/Glenn_DFT_Paper01/references/AB_phase_diagram_fig1_jcp2021.eps
SCFT,O70/L,right,10,26,0.543448275862,11.134812286689,literature reference overlay; not a BVK2 accepted root,/home/lyx/projects/dfm/Glenn_DFT_Paper01/MonteCarlo/results/jcp2021_ab_phase_diagram_digitization/jcp2021_ab_phase_boundaries.csv,/home/lyx/projects/dfm/Glenn_DFT_Paper01/references/AB_phase_diagram_fig1_jcp2021.eps
SCFT,O70/L,right,10,27,0.544827586207,11.17747440273,literature reference overlay; not a BVK2 accepted root,/home/lyx/projects/dfm/Glenn_DFT_Paper01/MonteCarlo/results/jcp2021_ab_phase_diagram_digitization/jcp2021_ab_phase_boundaries.csv,/home/lyx/projects/dfm/Glenn_DFT_Paper01/references/AB_phase_diagram_fig1_jcp2021.eps
SCFT,O70/L,right,10,28,0.546896551724,11.220136518771,literature reference overlay; not a BVK2 accepted root,/home/lyx/projects/dfm/Glenn_DFT_Paper01/MonteCarlo/results/jcp2021_ab_phase_diagram_digitization/jcp2021_ab_phase_boundaries.csv,/home/lyx/projects/dfm/Glenn_DFT_Paper01/references/AB_phase_diagram_fig1_jcp2021.eps
SCFT,O70/L,right,10,29,0.548275862069,11.305460750853,literature reference overlay; not a BVK2 accepted root,/home/lyx/projects/dfm/Glenn_DFT_Paper01/MonteCarlo/results/jcp2021_ab_phase_diagram_digitization/jcp2021_ab_phase_boundaries.csv,/home/lyx/projects/dfm/Glenn_DFT_Paper01/references/AB_phase_diagram_fig1_jcp2021.eps
SCFT,O70/L,right,10,30,0.550344827586,11.348122866894,literature reference overlay; not a BVK2 accepted root,/home/lyx/projects/dfm/Glenn_DFT_Paper01/MonteCarlo/results/jcp2021_ab_phase_diagram_digitization/jcp2021_ab_phase_boundaries.csv,/home/lyx/projects/dfm/Glenn_DFT_Paper01/references/AB_phase_diagram_fig1_jcp2021.eps
SCFT,O70/L,right,10,31,0.551724137931,11.433447098976,literature reference overlay; not a BVK2 accepted root,/home/lyx/projects/dfm/Glenn_DFT_Paper01/MonteCarlo/results/jcp2021_ab_phase_diagram_digitization/jcp2021_ab_phase_boundaries.csv,/home/lyx/projects/dfm/Glenn_DFT_Paper01/references/AB_phase_diagram_fig1_jcp2021.eps
SCFT,O70/L,right,10,32,0.553793103448,11.518771331058,literature reference overlay; not a BVK2 accepted root,/home/lyx/projects/dfm/Glenn_DFT_Paper01/MonteCarlo/results/jcp2021_ab_phase_diagram_digitization/jcp2021_ab_phase_boundaries.csv,/home/lyx/projects/dfm/Glenn_DFT_Paper01/references/AB_phase_diagram_fig1_jcp2021.eps
SCFT,O70/L,right,10,33,0.555172413793,11.60409556314,literature reference overlay; not a BVK2 accepted root,/home/lyx/projects/dfm/Glenn_DFT_Paper01/MonteCarlo/results/jcp2021_ab_phase_diagram_digitization/jcp2021_ab_phase_boundaries.csv,/home/lyx/projects/dfm/Glenn_DFT_Paper01/references/AB_phase_diagram_fig1_jcp2021.eps
SCFT,O70/L,right,10,34,0.55724137931,11.689419795222,literature reference overlay; not a BVK2 accepted root,/home/lyx/projects/dfm/Glenn_DFT_Paper01/MonteCarlo/results/jcp2021_ab_phase_diagram_digitization/jcp2021_ab_phase_boundaries.csv,/home/lyx/projects/dfm/Glenn_DFT_Paper01/references/AB_phase_diagram_fig1_jcp2021.eps
SCFT,O70/L,right,10,35,0.558620689655,11.774744027304,literature reference overlay; not a BVK2 accepted root,/home/lyx/projects/dfm/Glenn_DFT_Paper01/MonteCarlo/results/jcp2021_ab_phase_diagram_digitization/jcp2021_ab_phase_boundaries.csv,/home/lyx/projects/dfm/Glenn_DFT_Paper01/references/AB_phase_diagram_fig1_jcp2021.eps
SCFT,O70/L,right,10,36,0.560689655172,11.860068259386,literature reference overlay; not a BVK2 accepted root,/home/lyx/projects/dfm/Glenn_DFT_Paper01/MonteCarlo/results/jcp2021_ab_phase_diagram_digitization/jcp2021_ab_phase_boundaries.csv,/home/lyx/projects/dfm/Glenn_DFT_Paper01/references/AB_phase_diagram_fig1_jcp2021.eps
SCFT,O70/L,right,10,37,0.562068965517,11.945392491468,literature reference overlay; not a BVK2 accepted root,/home/lyx/projects/dfm/Glenn_DFT_Paper01/MonteCarlo/results/jcp2021_ab_phase_diagram_digitization/jcp2021_ab_phase_boundaries.csv,/home/lyx/projects/dfm/Glenn_DFT_Paper01/references/AB_phase_diagram_fig1_jcp2021.eps
SCFT,O70/L,right,10,38,0.564137931034,12.030716723549,literature reference overlay; not a BVK2 accepted root,/home/lyx/projects/dfm/Glenn_DFT_Paper01/MonteCarlo/results/jcp2021_ab_phase_diagram_digitization/jcp2021_ab_phase_boundaries.csv,/home/lyx/projects/dfm/Glenn_DFT_Paper01/references/AB_phase_diagram_fig1_jcp2021.eps
SCFT,O70/L,right,10,39,0.565517241379,12.158703071672,literature reference overlay; not a BVK2 accepted root,/home/lyx/projects/dfm/Glenn_DFT_Paper01/MonteCarlo/results/jcp2021_ab_phase_diagram_digitization/jcp2021_ab_phase_boundaries.csv,/home/lyx/projects/dfm/Glenn_DFT_Paper01/references/AB_phase_diagram_fig1_jcp2021.eps
SCFT,O70/L,right,10,40,0.567586206897,12.244027303754,literature reference overlay; not a BVK2 accepted root,/home/lyx/projects/dfm/Glenn_DFT_Paper01/MonteCarlo/results/jcp2021_ab_phase_diagram_digitization/jcp2021_ab_phase_boundaries.csv,/home/lyx/projects/dfm/Glenn_DFT_Paper01/references/AB_phase_diagram_fig1_jcp2021.eps
SCFT,O70/L,right,10,41,0.568965517241,12.372013651877,literature reference overlay; not a BVK2 accepted root,/home/lyx/projects/dfm/Glenn_DFT_Paper01/MonteCarlo/results/jcp2021_ab_phase_diagram_digitization/jcp2021_ab_phase_boundaries.csv,/home/lyx/projects/dfm/Glenn_DFT_Paper01/references/AB_phase_diagram_fig1_jcp2021.eps
SCFT,O70/L,right,10,42,0.570344827586,12.5,literature reference overlay; not a BVK2 accepted root,/home/lyx/projects/dfm/Glenn_DFT_Paper01/MonteCarlo/results/jcp2021_ab_phase_diagram_digitization/jcp2021_ab_phase_boundaries.csv,/home/lyx/projects/dfm/Glenn_DFT_Paper01/references/AB_phase_diagram_fig1_jcp2021.eps
SCFT,O70/L,right,10,43,0.572413793103,12.627986348123,literature reference overlay; not a BVK2 accepted root,/home/lyx/projects/dfm/Glenn_DFT_Paper01/MonteCarlo/results/jcp2021_ab_phase_diagram_digitization/jcp2021_ab_phase_boundaries.csv,/home/lyx/projects/dfm/Glenn_DFT_Paper01/references/AB_phase_diagram_fig1_jcp2021.eps
SCFT,O70/L,right,10,44,0.573793103448,12.713310580205,literature reference overlay; not a BVK2 accepted root,/home/lyx/projects/dfm/Glenn_DFT_Paper01/MonteCarlo/results/jcp2021_ab_phase_diagram_digitization/jcp2021_ab_phase_boundaries.csv,/home/lyx/projects/dfm/Glenn_DFT_Paper01/references/AB_phase_diagram_fig1_jcp2021.eps
SCFT,O70/L,right,10,45,0.575862068966,12.841296928328,literature reference overlay; not a BVK2 accepted root,/home/lyx/projects/dfm/Glenn_DFT_Paper01/MonteCarlo/results/jcp2021_ab_phase_diagram_digitization/jcp2021_ab_phase_boundaries.csv,/home/lyx/projects/dfm/Glenn_DFT_Paper01/references/AB_phase_diagram_fig1_jcp2021.eps
SCFT,O70/L,right,10,46,0.57724137931,12.969283276451,literature reference overlay; not a BVK2 accepted root,/home/lyx/projects/dfm/Glenn_DFT_Paper01/MonteCarlo/results/jcp2021_ab_phase_diagram_digitization/jcp2021_ab_phase_boundaries.csv,/home/lyx/projects/dfm/Glenn_DFT_Paper01/references/AB_phase_diagram_fig1_jcp2021.eps
SCFT,O70/L,right,10,47,0.579310344828,13.139931740614,literature reference overlay; not a BVK2 accepted root,/home/lyx/projects/dfm/Glenn_DFT_Paper01/MonteCarlo/results/jcp2021_ab_phase_diagram_digitization/jcp2021_ab_phase_boundaries.csv,/home/lyx/projects/dfm/Glenn_DFT_Paper01/references/AB_phase_diagram_fig1_jcp2021.eps
SCFT,O70/L,right,10,48,0.580689655172,13.267918088737,literature reference overlay; not a BVK2 accepted root,/home/lyx/projects/dfm/Glenn_DFT_Paper01/MonteCarlo/results/jcp2021_ab_phase_diagram_digitization/jcp2021_ab_phase_boundaries.csv,/home/lyx/projects/dfm/Glenn_DFT_Paper01/references/AB_phase_diagram_fig1_jcp2021.eps
SCFT,O70/L,right,10,49,0.58275862069,13.39590443686,literature reference overlay; not a BVK2 accepted root,/home/lyx/projects/dfm/Glenn_DFT_Paper01/MonteCarlo/results/jcp2021_ab_phase_diagram_digitization/jcp2021_ab_phase_boundaries.csv,/home/lyx/projects/dfm/Glenn_DFT_Paper01/references/AB_phase_diagram_fig1_jcp2021.eps
SCFT,O70/L,right,10,50,0.584137931034,13.523890784983,literature reference overlay; not a BVK2 accepted root,/home/lyx/projects/dfm/Glenn_DFT_Paper01/MonteCarlo/results/jcp2021_ab_phase_diagram_digitization/jcp2021_ab_phase_boundaries.csv,/home/lyx/projects/dfm/Glenn_DFT_Paper01/references/AB_phase_diagram_fig1_jcp2021.eps
