case_id,f,chiN,model,period_rg,s,phi_a
f0.5_chiN12,0.5,12.0,scft,3.4267271327159823,0.0,0.8282040967227378
f0.5_chiN12,0.5,12.0,liu2019_opf,3.472606287280441,0.0,0.831928970660371
f0.5_chiN12,0.5,12.0,scft,3.4267271327159823,0.00390625,0.827505237567629
f0.5_chiN12,0.5,12.0,liu2019_opf,3.472606287280441,0.00390625,0.8313394880709175
f0.5_chiN12,0.5,12.0,scft,3.4267271327159823,0.0078125,0.8268063784125201
f0.5_chiN12,0.5,12.0,liu2019_opf,3.472606287280441,0.0078125,0.8307500054814642
f0.5_chiN12,0.5,12.0,scft,3.4267271327159823,0.01171875,0.8261075192574113
f0.5_chiN12,0.5,12.0,liu2019_opf,3.472606287280441,0.01171875,0.8301605228920108
f0.5_chiN12,0.5,12.0,scft,3.4267271327159823,0.015625,0.8254086601023025
f0.5_chiN12,0.5,12.0,liu2019_opf,3.472606287280441,0.015625,0.8289720296721423
f0.5_chiN12,0.5,12.0,scft,3.4267271327159823,0.01953125,0.8241141806652044
f0.5_chiN12,0.5,12.0,liu2019_opf,3.472606287280441,0.01953125,0.8277835364522739
f0.5_chiN12,0.5,12.0,scft,3.4267271327159823,0.0234375,0.8228197012281061
f0.5_chiN12,0.5,12.0,liu2019_opf,3.472606287280441,0.0234375,0.8265950432324054
f0.5_chiN12,0.5,12.0,scft,3.4267271327159823,0.02734375,0.821525221791008
f0.5_chiN12,0.5,12.0,liu2019_opf,3.472606287280441,0.02734375,0.8254065500125369
f0.5_chiN12,0.5,12.0,scft,3.4267271327159823,0.03125,0.8202307423539097
f0.5_chiN12,0.5,12.0,liu2019_opf,3.472606287280441,0.03125,0.8236007891963706
f0.5_chiN12,0.5,12.0,scft,3.4267271327159823,0.03515625,0.8183242867162687
f0.5_chiN12,0.5,12.0,liu2019_opf,3.472606287280441,0.03515625,0.8217950283802045
f0.5_chiN12,0.5,12.0,scft,3.4267271327159823,0.0390625,0.8164178310786274
f0.5_chiN12,0.5,12.0,liu2019_opf,3.472606287280441,0.0390625,0.8199892675640382
f0.5_chiN12,0.5,12.0,scft,3.4267271327159823,0.04296875,0.8145113754409863
f0.5_chiN12,0.5,12.0,liu2019_opf,3.472606287280441,0.04296875,0.818183506747872
f0.5_chiN12,0.5,12.0,scft,3.4267271327159823,0.046875,0.8126049198033453
f0.5_chiN12,0.5,12.0,liu2019_opf,3.472606287280441,0.046875,0.8157351238135125
f0.5_chiN12,0.5,12.0,scft,3.4267271327159823,0.05078125,0.8100640034310064
f0.5_chiN12,0.5,12.0,liu2019_opf,3.472606287280441,0.05078125,0.8132867408791531
f0.5_chiN12,0.5,12.0,scft,3.4267271327159823,0.0546875,0.8075230870586676
f0.5_chiN12,0.5,12.0,liu2019_opf,3.472606287280441,0.0546875,0.8108383579447935
f0.5_chiN12,0.5,12.0,scft,3.4267271327159823,0.05859375,0.8049821706863287
f0.5_chiN12,0.5,12.0,liu2019_opf,3.472606287280441,0.05859375,0.8083899750104341
f0.5_chiN12,0.5,12.0,scft,3.4267271327159823,0.0625,0.8024412543139898
f0.5_chiN12,0.5,12.0,liu2019_opf,3.472606287280441,0.0625,0.8052690372654253
f0.5_chiN12,0.5,12.0,scft,3.4267271327159823,0.06640625,0.7992389858550679
f0.5_chiN12,0.5,12.0,liu2019_opf,3.472606287280441,0.06640625,0.8021480995204165
f0.5_chiN12,0.5,12.0,scft,3.4267271327159823,0.0703125,0.796036717396146
f0.5_chiN12,0.5,12.0,liu2019_opf,3.472606287280441,0.0703125,0.7990271617754078
f0.5_chiN12,0.5,12.0,scft,3.4267271327159823,0.07421875,0.792834448937224
f0.5_chiN12,0.5,12.0,liu2019_opf,3.472606287280441,0.07421875,0.795906224030399
f0.5_chiN12,0.5,12.0,scft,3.4267271327159823,0.078125,0.7896321804783021
f0.5_chiN12,0.5,12.0,liu2019_opf,3.472606287280441,0.078125,0.7920816713592908
f0.5_chiN12,0.5,12.0,scft,3.4267271327159823,0.08203125,0.7857398382821551
f0.5_chiN12,0.5,12.0,liu2019_opf,3.472606287280441,0.08203125,0.7882571186881824
f0.5_chiN12,0.5,12.0,scft,3.4267271327159823,0.0859375,0.7818474960860082
f0.5_chiN12,0.5,12.0,liu2019_opf,3.472606287280441,0.0859375,0.784432566017074
f0.5_chiN12,0.5,12.0,scft,3.4267271327159823,0.08984375,0.7779551538898614
f0.5_chiN12,0.5,12.0,liu2019_opf,3.472606287280441,0.08984375,0.7806080133459657
f0.5_chiN12,0.5,12.0,scft,3.4267271327159823,0.09375,0.7740628116937144
f0.5_chiN12,0.5,12.0,liu2019_opf,3.472606287280441,0.09375,0.7760520373547556
f0.5_chiN12,0.5,12.0,scft,3.4267271327159823,0.09765625,0.7694534654287347
f0.5_chiN12,0.5,12.0,liu2019_opf,3.472606287280441,0.09765625,0.7714960613635455
f0.5_chiN12,0.5,12.0,scft,3.4267271327159823,0.1015625,0.764844119163755
f0.5_chiN12,0.5,12.0,liu2019_opf,3.472606287280441,0.1015625,0.7669400853723354
f0.5_chiN12,0.5,12.0,scft,3.4267271327159823,0.10546875,0.7602347728987754
f0.5_chiN12,0.5,12.0,liu2019_opf,3.472606287280441,0.10546875,0.7623841093811253
f0.5_chiN12,0.5,12.0,scft,3.4267271327159823,0.109375,0.7556254266337957
f0.5_chiN12,0.5,12.0,liu2019_opf,3.472606287280441,0.109375,0.7570773501380202
f0.5_chiN12,0.5,12.0,scft,3.4267271327159823,0.11328125,0.7502787054432418
f0.5_chiN12,0.5,12.0,liu2019_opf,3.472606287280441,0.11328125,0.751770590894915
f0.5_chiN12,0.5,12.0,scft,3.4267271327159823,0.1171875,0.7449319842526878
f0.5_chiN12,0.5,12.0,liu2019_opf,3.472606287280441,0.1171875,0.74646383165181
f0.5_chiN12,0.5,12.0,scft,3.4267271327159823,0.12109375,0.7395852630621337
f0.5_chiN12,0.5,12.0,liu2019_opf,3.472606287280441,0.12109375,0.7411570724087049
f0.5_chiN12,0.5,12.0,scft,3.4267271327159823,0.125,0.7342385418715798
f0.5_chiN12,0.5,12.0,liu2019_opf,3.472606287280441,0.125,0.7350943618881365
f0.5_chiN12,0.5,12.0,scft,3.4267271327159823,0.12890625,0.7281464763788963
f0.5_chiN12,0.5,12.0,liu2019_opf,3.472606287280441,0.12890625,0.7290316513675681
f0.5_chiN12,0.5,12.0,scft,3.4267271327159823,0.1328125,0.722054410886213
f0.5_chiN12,0.5,12.0,liu2019_opf,3.472606287280441,0.1328125,0.7229689408469997
f0.5_chiN12,0.5,12.0,scft,3.4267271327159823,0.13671875,0.7159623453935298
f0.5_chiN12,0.5,12.0,liu2019_opf,3.472606287280441,0.13671875,0.7169062303264313
f0.5_chiN12,0.5,12.0,scft,3.4267271327159823,0.140625,0.7098702799008463
f0.5_chiN12,0.5,12.0,liu2019_opf,3.472606287280441,0.140625,0.710102404552174
f0.5_chiN12,0.5,12.0,scft,3.4267271327159823,0.14453125,0.7030438682208566
f0.5_chiN12,0.5,12.0,liu2019_opf,3.472606287280441,0.14453125,0.7032985787779166
f0.5_chiN12,0.5,12.0,scft,3.4267271327159823,0.1484375,0.6962174565408668
f0.5_chiN12,0.5,12.0,liu2019_opf,3.472606287280441,0.1484375,0.6964947530036592
f0.5_chiN12,0.5,12.0,scft,3.4267271327159823,0.15234375,0.6893910448608769
f0.5_chiN12,0.5,12.0,liu2019_opf,3.472606287280441,0.15234375,0.6896909272294017
f0.5_chiN12,0.5,12.0,scft,3.4267271327159823,0.15625,0.6825646331808872
f0.5_chiN12,0.5,12.0,liu2019_opf,3.472606287280441,0.15625,0.6821860163665658
f0.5_chiN12,0.5,12.0,scft,3.4267271327159823,0.16015625,0.6750403726510037
f0.5_chiN12,0.5,12.0,liu2019_opf,3.472606287280441,0.16015625,0.6746811055037298
f0.5_chiN12,0.5,12.0,scft,3.4267271327159823,0.1640625,0.6675161121211203
f0.5_chiN12,0.5,12.0,liu2019_opf,3.472606287280441,0.1640625,0.667176194640894
f0.5_chiN12,0.5,12.0,scft,3.4267271327159823,0.16796875,0.6599918515912369
f0.5_chiN12,0.5,12.0,liu2019_opf,3.472606287280441,0.16796875,0.6596712837780581
f0.5_chiN12,0.5,12.0,scft,3.4267271327159823,0.171875,0.6524675910613533
f0.5_chiN12,0.5,12.0,liu2019_opf,3.472606287280441,0.171875,0.6515342333396341
f0.5_chiN12,0.5,12.0,scft,3.4267271327159823,0.17578125,0.6443128666819574
f0.5_chiN12,0.5,12.0,liu2019_opf,3.472606287280441,0.17578125,0.6433971829012101
f0.5_chiN12,0.5,12.0,scft,3.4267271327159823,0.1796875,0.6361581423025615
f0.5_chiN12,0.5,12.0,liu2019_opf,3.472606287280441,0.1796875,0.635260132462786
f0.5_chiN12,0.5,12.0,scft,3.4267271327159823,0.18359375,0.6280034179231655
f0.5_chiN12,0.5,12.0,liu2019_opf,3.472606287280441,0.18359375,0.6271230820243621
f0.5_chiN12,0.5,12.0,scft,3.4267271327159823,0.1875,0.6198486935437696
f0.5_chiN12,0.5,12.0,liu2019_opf,3.472606287280441,0.1875,0.6184531317620102
f0.5_chiN12,0.5,12.0,scft,3.4267271327159823,0.19140625,0.6111646175786132
f0.5_chiN12,0.5,12.0,liu2019_opf,3.472606287280441,0.19140625,0.6097831814996584
f0.5_chiN12,0.5,12.0,scft,3.4267271327159823,0.1953125,0.6024805416134569
f0.5_chiN12,0.5,12.0,liu2019_opf,3.472606287280441,0.1953125,0.6011132312373064
f0.5_chiN12,0.5,12.0,scft,3.4267271327159823,0.19921875,0.5937964656483006
f0.5_chiN12,0.5,12.0,liu2019_opf,3.472606287280441,0.19921875,0.5924432809749547
f0.5_chiN12,0.5,12.0,scft,3.4267271327159823,0.203125,0.5851123896831443
f0.5_chiN12,0.5,12.0,liu2019_opf,3.472606287280441,0.203125,0.5833683089877357
f0.5_chiN12,0.5,12.0,scft,3.4267271327159823,0.20703125,0.5760328239533883
f0.5_chiN12,0.5,12.0,liu2019_opf,3.472606287280441,0.20703125,0.574293337000517
f0.5_chiN12,0.5,12.0,scft,3.4267271327159823,0.2109375,0.5669532582236323
f0.5_chiN12,0.5,12.0,liu2019_opf,3.472606287280441,0.2109375,0.5652183650132981
f0.5_chiN12,0.5,12.0,scft,3.4267271327159823,0.21484375,0.5578736924938763
f0.5_chiN12,0.5,12.0,liu2019_opf,3.472606287280441,0.21484375,0.5561433930260793
f0.5_chiN12,0.5,12.0,scft,3.4267271327159823,0.21875,0.5487941267641203
f0.5_chiN12,0.5,12.0,liu2019_opf,3.472606287280441,0.21875,0.5468149337615942
f0.5_chiN12,0.5,12.0,scft,3.4267271327159823,0.22265625,0.5394800783382636
f0.5_chiN12,0.5,12.0,liu2019_opf,3.472606287280441,0.22265625,0.5374864744971092
f0.5_chiN12,0.5,12.0,scft,3.4267271327159823,0.2265625,0.5301660299124069
f0.5_chiN12,0.5,12.0,liu2019_opf,3.472606287280441,0.2265625,0.5281580152326242
f0.5_chiN12,0.5,12.0,scft,3.4267271327159823,0.23046875,0.5208519814865502
f0.5_chiN12,0.5,12.0,liu2019_opf,3.472606287280441,0.23046875,0.5188295559681391
f0.5_chiN12,0.5,12.0,scft,3.4267271327159823,0.234375,0.5115379330606934
f0.5_chiN12,0.5,12.0,liu2019_opf,3.472606287280441,0.234375,0.5094147778571546
f0.5_chiN12,0.5,12.0,scft,3.4267271327159823,0.23828125,0.5021676149149182
f0.5_chiN12,0.5,12.0,liu2019_opf,3.472606287280441,0.23828125,0.49999999974617004
f0.5_chiN12,0.5,12.0,scft,3.4267271327159823,0.2421875,0.49279729676914297
f0.5_chiN12,0.5,12.0,liu2019_opf,3.472606287280441,0.2421875,0.4905852216351856
f0.5_chiN12,0.5,12.0,scft,3.4267271327159823,0.24609375,0.4834269786233677
f0.5_chiN12,0.5,12.0,liu2019_opf,3.472606287280441,0.24609375,0.481170443524201
f0.5_chiN12,0.5,12.0,scft,3.4267271327159823,0.25,0.4740566604775925
f0.5_chiN12,0.5,12.0,liu2019_opf,3.472606287280441,0.25,0.4718419842644206
f0.5_chiN12,0.5,12.0,scft,3.4267271327159823,0.25390625,0.4648125244629095
f0.5_chiN12,0.5,12.0,liu2019_opf,3.472606287280441,0.25390625,0.46251352500464016
f0.5_chiN12,0.5,12.0,scft,3.4267271327159823,0.2578125,0.45556838844822645
f0.5_chiN12,0.5,12.0,liu2019_opf,3.472606287280441,0.2578125,0.45318506574485984
f0.5_chiN12,0.5,12.0,scft,3.4267271327159823,0.26171875,0.44632425243354346
f0.5_chiN12,0.5,12.0,liu2019_opf,3.472606287280441,0.26171875,0.4438566064850794
f0.5_chiN12,0.5,12.0,scft,3.4267271327159823,0.265625,0.43708011641886046
f0.5_chiN12,0.5,12.0,liu2019_opf,3.472606287280441,0.265625,0.4347816345041413
f0.5_chiN12,0.5,12.0,scft,3.4267271327159823,0.26953125,0.4281351305190177
f0.5_chiN12,0.5,12.0,liu2019_opf,3.472606287280441,0.26953125,0.4257066625232031
f0.5_chiN12,0.5,12.0,scft,3.4267271327159823,0.2734375,0.4191901446191749
f0.5_chiN12,0.5,12.0,liu2019_opf,3.472606287280441,0.2734375,0.416631690542265
f0.5_chiN12,0.5,12.0,scft,3.4267271327159823,0.27734375,0.41024515871933215
f0.5_chiN12,0.5,12.0,liu2019_opf,3.472606287280441,0.27734375,0.4075567185613269
f0.5_chiN12,0.5,12.0,scft,3.4267271327159823,0.28125,0.4013001728194894
f0.5_chiN12,0.5,12.0,liu2019_opf,3.472606287280441,0.28125,0.39888676830536085
f0.5_chiN12,0.5,12.0,scft,3.4267271327159823,0.28515625,0.39280580528724673
f0.5_chiN12,0.5,12.0,liu2019_opf,3.472606287280441,0.28515625,0.3902168180493948
f0.5_chiN12,0.5,12.0,scft,3.4267271327159823,0.2890625,0.38431143775500404
f0.5_chiN12,0.5,12.0,liu2019_opf,3.472606287280441,0.2890625,0.3815468677934287
f0.5_chiN12,0.5,12.0,scft,3.4267271327159823,0.29296875,0.37581707022276134
f0.5_chiN12,0.5,12.0,liu2019_opf,3.472606287280441,0.29296875,0.37287691753746266
f0.5_chiN12,0.5,12.0,scft,3.4267271327159823,0.296875,0.3673227026905187
f0.5_chiN12,0.5,12.0,liu2019_opf,3.472606287280441,0.296875,0.3647398671076296
f0.5_chiN12,0.5,12.0,scft,3.4267271327159823,0.30078125,0.35940056995134384
f0.5_chiN12,0.5,12.0,liu2019_opf,3.472606287280441,0.30078125,0.3566028166777967
f0.5_chiN12,0.5,12.0,scft,3.4267271327159823,0.3046875,0.3514784372121691
f0.5_chiN12,0.5,12.0,liu2019_opf,3.472606287280441,0.3046875,0.34846576624796377
f0.5_chiN12,0.5,12.0,scft,3.4267271327159823,0.30859375,0.34355630447299423
f0.5_chiN12,0.5,12.0,liu2019_opf,3.472606287280441,0.30859375,0.34032871581813073
f0.5_chiN12,0.5,12.0,scft,3.4267271327159823,0.3125,0.33563417173381943
f0.5_chiN12,0.5,12.0,liu2019_opf,3.472606287280441,0.3125,0.3328238049674608
f0.5_chiN12,0.5,12.0,scft,3.4267271327159823,0.31640625,0.32837227863412
f0.5_chiN12,0.5,12.0,liu2019_opf,3.472606287280441,0.31640625,0.3253188941167908
f0.5_chiN12,0.5,12.0,scft,3.4267271327159823,0.3203125,0.32111038553442056
f0.5_chiN12,0.5,12.0,liu2019_opf,3.472606287280441,0.3203125,0.31781398326612087
f0.5_chiN12,0.5,12.0,scft,3.4267271327159823,0.32421875,0.3138484924347211
f0.5_chiN12,0.5,12.0,liu2019_opf,3.472606287280441,0.32421875,0.310309072415451
f0.5_chiN12,0.5,12.0,scft,3.4267271327159823,0.328125,0.3065865993350217
f0.5_chiN12,0.5,12.0,liu2019_opf,3.472606287280441,0.328125,0.30350524665409573
f0.5_chiN12,0.5,12.0,scft,3.4267271327159823,0.33203125,0.30003994751268764
f0.5_chiN12,0.5,12.0,liu2019_opf,3.472606287280441,0.33203125,0.29670142089274054
f0.5_chiN12,0.5,12.0,scft,3.4267271327159823,0.3359375,0.2934932956903536
f0.5_chiN12,0.5,12.0,liu2019_opf,3.472606287280441,0.3359375,0.28989759513138547
f0.5_chiN12,0.5,12.0,scft,3.4267271327159823,0.33984375,0.28694664386801955
f0.5_chiN12,0.5,12.0,liu2019_opf,3.472606287280441,0.33984375,0.28309376937003017
f0.5_chiN12,0.5,12.0,scft,3.4267271327159823,0.34375,0.2803999920456855
f0.5_chiN12,0.5,12.0,liu2019_opf,3.472606287280441,0.34375,0.277031058860002
f0.5_chiN12,0.5,12.0,scft,3.4267271327159823,0.34765625,0.2745945670432115
f0.5_chiN12,0.5,12.0,liu2019_opf,3.472606287280441,0.34765625,0.27096834834997385
f0.5_chiN12,0.5,12.0,scft,3.4267271327159823,0.3515625,0.26878914204073745
f0.5_chiN12,0.5,12.0,liu2019_opf,3.472606287280441,0.3515625,0.2649056378399457
f0.5_chiN12,0.5,12.0,scft,3.4267271327159823,0.35546875,0.26298371703826345
f0.5_chiN12,0.5,12.0,liu2019_opf,3.472606287280441,0.35546875,0.2588429273299174
f0.5_chiN12,0.5,12.0,scft,3.4267271327159823,0.359375,0.25717829203578946
f0.5_chiN12,0.5,12.0,liu2019_opf,3.472606287280441,0.359375,0.25353616809652135
f0.5_chiN12,0.5,12.0,scft,3.4267271327159823,0.36328125,0.25211702842582967
f0.5_chiN12,0.5,12.0,liu2019_opf,3.472606287280441,0.36328125,0.24822940886312528
f0.5_chiN12,0.5,12.0,scft,3.4267271327159823,0.3671875,0.24705576481586988
f0.5_chiN12,0.5,12.0,liu2019_opf,3.472606287280441,0.3671875,0.2429226496297292
f0.5_chiN12,0.5,12.0,scft,3.4267271327159823,0.37109375,0.24199450120591012
f0.5_chiN12,0.5,12.0,liu2019_opf,3.472606287280441,0.37109375,0.23761589039633313
f0.5_chiN12,0.5,12.0,scft,3.4267271327159823,0.375,0.23693323759595034
f0.5_chiN12,0.5,12.0,liu2019_opf,3.472606287280441,0.375,0.23305991441646112
f0.5_chiN12,0.5,12.0,scft,3.4267271327159823,0.37890625,0.23260266894962567
f0.5_chiN12,0.5,12.0,liu2019_opf,3.472606287280441,0.37890625,0.228503938436589
f0.5_chiN12,0.5,12.0,scft,3.4267271327159823,0.3828125,0.22827210030330103
f0.5_chiN12,0.5,12.0,liu2019_opf,3.472606287280441,0.3828125,0.22394796245671678
f0.5_chiN12,0.5,12.0,scft,3.4267271327159823,0.38671875,0.22394153165697633
f0.5_chiN12,0.5,12.0,liu2019_opf,3.472606287280441,0.38671875,0.21939198647684477
f0.5_chiN12,0.5,12.0,scft,3.4267271327159823,0.390625,0.2196109630106517
f0.5_chiN12,0.5,12.0,liu2019_opf,3.472606287280441,0.390625,0.2155674338164717
f0.5_chiN12,0.5,12.0,scft,3.4267271327159823,0.39453125,0.21598756532284386
f0.5_chiN12,0.5,12.0,liu2019_opf,3.472606287280441,0.39453125,0.21174288115609874
f0.5_chiN12,0.5,12.0,scft,3.4267271327159823,0.3984375,0.21236416763503607
f0.5_chiN12,0.5,12.0,liu2019_opf,3.472606287280441,0.3984375,0.20791832849572578
f0.5_chiN12,0.5,12.0,scft,3.4267271327159823,0.40234375,0.20874076994722823
f0.5_chiN12,0.5,12.0,liu2019_opf,3.472606287280441,0.40234375,0.2040937758353527
f0.5_chiN12,0.5,12.0,scft,3.4267271327159823,0.40625,0.20511737225942042
f0.5_chiN12,0.5,12.0,liu2019_opf,3.472606287280441,0.40625,0.20097283809779254
f0.5_chiN12,0.5,12.0,scft,3.4267271327159823,0.41015625,0.2021730200684939
f0.5_chiN12,0.5,12.0,liu2019_opf,3.472606287280441,0.41015625,0.19785190036023237
f0.5_chiN12,0.5,12.0,scft,3.4267271327159823,0.4140625,0.19922866787756738
f0.5_chiN12,0.5,12.0,liu2019_opf,3.472606287280441,0.4140625,0.1947309626226721
f0.5_chiN12,0.5,12.0,scft,3.4267271327159823,0.41796875,0.19628431568664084
f0.5_chiN12,0.5,12.0,liu2019_opf,3.472606287280441,0.41796875,0.19161002488511192
f0.5_chiN12,0.5,12.0,scft,3.4267271327159823,0.421875,0.19333996349571433
f0.5_chiN12,0.5,12.0,liu2019_opf,3.472606287280441,0.421875,0.18916164195752871
f0.5_chiN12,0.5,12.0,scft,3.4267271327159823,0.42578125,0.19104625745890924
f0.5_chiN12,0.5,12.0,liu2019_opf,3.472606287280441,0.42578125,0.18671325902994562
f0.5_chiN12,0.5,12.0,scft,3.4267271327159823,0.4296875,0.18875255142210418
f0.5_chiN12,0.5,12.0,liu2019_opf,3.472606287280441,0.4296875,0.18426487610236253
f0.5_chiN12,0.5,12.0,scft,3.4267271327159823,0.43359375,0.1864588453852991
f0.5_chiN12,0.5,12.0,liu2019_opf,3.472606287280441,0.43359375,0.18181649317477933
f0.5_chiN12,0.5,12.0,scft,3.4267271327159823,0.4375,0.18416513934849402
f0.5_chiN12,0.5,12.0,liu2019_opf,3.472606287280441,0.4375,0.18001073236708887
f0.5_chiN12,0.5,12.0,scft,3.4267271327159823,0.44140625,0.1824966130424921
f0.5_chiN12,0.5,12.0,liu2019_opf,3.472606287280441,0.44140625,0.1782049715593983
f0.5_chiN12,0.5,12.0,scft,3.4267271327159823,0.4453125,0.18082808673649017
f0.5_chiN12,0.5,12.0,liu2019_opf,3.472606287280441,0.4453125,0.17639921075170784
f0.5_chiN12,0.5,12.0,scft,3.4267271327159823,0.44921875,0.17915956043048825
f0.5_chiN12,0.5,12.0,liu2019_opf,3.472606287280441,0.44921875,0.17459344994401738
f0.5_chiN12,0.5,12.0,scft,3.4267271327159823,0.453125,0.17749103412448633
f0.5_chiN12,0.5,12.0,liu2019_opf,3.472606287280441,0.453125,0.17340495673157763
f0.5_chiN12,0.5,12.0,scft,3.4267271327159823,0.45703125,0.17642738335701807
f0.5_chiN12,0.5,12.0,liu2019_opf,3.472606287280441,0.45703125,0.17221646351913789
f0.5_chiN12,0.5,12.0,scft,3.4267271327159823,0.4609375,0.1753637325895498
f0.5_chiN12,0.5,12.0,liu2019_opf,3.472606287280441,0.4609375,0.17102797030669814
f0.5_chiN12,0.5,12.0,scft,3.4267271327159823,0.46484375,0.17430008182208154
f0.5_chiN12,0.5,12.0,liu2019_opf,3.472606287280441,0.46484375,0.1698394770942584
f0.5_chiN12,0.5,12.0,scft,3.4267271327159823,0.46875,0.17323643105461328
f0.5_chiN12,0.5,12.0,liu2019_opf,3.472606287280441,0.46875,0.16924999451025258
f0.5_chiN12,0.5,12.0,scft,3.4267271327159823,0.47265625,0.1727639537708528
f0.5_chiN12,0.5,12.0,liu2019_opf,3.472606287280441,0.47265625,0.16866051192624676
f0.5_chiN12,0.5,12.0,scft,3.4267271327159823,0.4765625,0.1722914764870923
f0.5_chiN12,0.5,12.0,liu2019_opf,3.472606287280441,0.4765625,0.16807102934224094
f0.5_chiN12,0.5,12.0,scft,3.4267271327159823,0.48046875,0.17181899920333185
f0.5_chiN12,0.5,12.0,liu2019_opf,3.472606287280441,0.48046875,0.16748154675823512
f0.5_chiN12,0.5,12.0,scft,3.4267271327159823,0.484375,0.17134652191957137
f0.5_chiN12,0.5,12.0,liu2019_opf,3.472606287280441,0.484375,0.16748154673037152
f0.5_chiN12,0.5,12.0,scft,3.4267271327159823,0.48828125,0.17145894661616526
f0.5_chiN12,0.5,12.0,liu2019_opf,3.472606287280441,0.48828125,0.16748154670250792
f0.5_chiN12,0.5,12.0,scft,3.4267271327159823,0.4921875,0.17157137131275915
f0.5_chiN12,0.5,12.0,liu2019_opf,3.472606287280441,0.4921875,0.16748154667464443
f0.5_chiN12,0.5,12.0,scft,3.4267271327159823,0.49609375,0.17168379600935305
f0.5_chiN12,0.5,12.0,liu2019_opf,3.472606287280441,0.49609375,0.16748154664678083
f0.5_chiN12,0.5,12.0,scft,3.4267271327159823,0.5,0.17179622070594694
f0.5_chiN12,0.5,12.0,liu2019_opf,3.472606287280441,0.5,0.1680710293250378
f0.5_chiN12,0.5,12.0,scft,3.4267271327159823,0.50390625,0.17249504961861203
f0.5_chiN12,0.5,12.0,liu2019_opf,3.472606287280441,0.50390625,0.16866051200329468
f0.5_chiN12,0.5,12.0,scft,3.4267271327159823,0.5078125,0.17319387853127713
f0.5_chiN12,0.5,12.0,liu2019_opf,3.472606287280441,0.5078125,0.16924999468155155
f0.5_chiN12,0.5,12.0,scft,3.4267271327159823,0.51171875,0.17389270744394222
f0.5_chiN12,0.5,12.0,liu2019_opf,3.472606287280441,0.51171875,0.16983947735980842
f0.5_chiN12,0.5,12.0,scft,3.4267271327159823,0.515625,0.17459153635660732
f0.5_chiN12,0.5,12.0,liu2019_opf,3.472606287280441,0.515625,0.1710279705204223
f0.5_chiN12,0.5,12.0,scft,3.4267271327159823,0.51953125,0.17588596603985127
f0.5_chiN12,0.5,12.0,liu2019_opf,3.472606287280441,0.51953125,0.17221646368103594
f0.5_chiN12,0.5,12.0,scft,3.4267271327159823,0.5234375,0.17718039572309519
f0.5_chiN12,0.5,12.0,liu2019_opf,3.472606287280441,0.5234375,0.1734049568416498
f0.5_chiN12,0.5,12.0,scft,3.4267271327159823,0.52734375,0.17847482540633913
f0.5_chiN12,0.5,12.0,liu2019_opf,3.472606287280441,0.52734375,0.17459345000226356
f0.5_chiN12,0.5,12.0,scft,3.4267271327159823,0.53125,0.17976925508958308
f0.5_chiN12,0.5,12.0,liu2019_opf,3.472606287280441,0.53125,0.17639921088910893
f0.5_chiN12,0.5,12.0,scft,3.4267271327159823,0.53515625,0.18167565627653115
f0.5_chiN12,0.5,12.0,liu2019_opf,3.472606287280441,0.53515625,0.1782049717759544
f0.5_chiN12,0.5,12.0,scft,3.4267271327159823,0.5390625,0.18358205746347922
f0.5_chiN12,0.5,12.0,liu2019_opf,3.472606287280441,0.5390625,0.18001073266279988
f0.5_chiN12,0.5,12.0,scft,3.4267271327159823,0.54296875,0.1854884586504273
f0.5_chiN12,0.5,12.0,liu2019_opf,3.472606287280441,0.54296875,0.18181649354964524
f0.5_chiN12,0.5,12.0,scft,3.4267271327159823,0.546875,0.18739485983737536
f0.5_chiN12,0.5,12.0,liu2019_opf,3.472606287280441,0.546875,0.18426487642618194
f0.5_chiN12,0.5,12.0,scft,3.4267271327159823,0.55078125,0.18993573287019164
f0.5_chiN12,0.5,12.0,liu2019_opf,3.472606287280441,0.55078125,0.18671325930271854
f0.5_chiN12,0.5,12.0,scft,3.4267271327159823,0.5546875,0.1924766059030079
f0.5_chiN12,0.5,12.0,liu2019_opf,3.472606287280441,0.5546875,0.18916164217925524
f0.5_chiN12,0.5,12.0,scft,3.4267271327159823,0.55859375,0.19501747893582422
f0.5_chiN12,0.5,12.0,liu2019_opf,3.472606287280441,0.55859375,0.19161002505579194
f0.5_chiN12,0.5,12.0,scft,3.4267271327159823,0.5625,0.1975583519686405
f0.5_chiN12,0.5,12.0,liu2019_opf,3.472606287280441,0.5625,0.19473096284831315
f0.5_chiN12,0.5,12.0,scft,3.4267271327159823,0.56640625,0.20076060524932451
f0.5_chiN12,0.5,12.0,liu2019_opf,3.472606287280441,0.56640625,0.19785190064083436
f0.5_chiN12,0.5,12.0,scft,3.4267271327159823,0.5703125,0.2039628585300085
f0.5_chiN12,0.5,12.0,liu2019_opf,3.472606287280441,0.5703125,0.20097283843335545
f0.5_chiN12,0.5,12.0,scft,3.4267271327159823,0.57421875,0.2071651118106925
f0.5_chiN12,0.5,12.0,liu2019_opf,3.472606287280441,0.57421875,0.20409377622587666
f0.5_chiN12,0.5,12.0,scft,3.4267271327159823,0.578125,0.21036736509137652
f0.5_chiN12,0.5,12.0,liu2019_opf,3.472606287280441,0.578125,0.20791832885900607
f0.5_chiN12,0.5,12.0,scft,3.4267271327159823,0.58203125,0.21425973123494596
f0.5_chiN12,0.5,12.0,liu2019_opf,3.472606287280441,0.58203125,0.2117428814921355
f0.5_chiN12,0.5,12.0,scft,3.4267271327159823,0.5859375,0.2181520973785154
f0.5_chiN12,0.5,12.0,liu2019_opf,3.472606287280441,0.5859375,0.2155674341252649
f0.5_chiN12,0.5,12.0,scft,3.4267271327159823,0.58984375,0.22204446352208485
f0.5_chiN12,0.5,12.0,liu2019_opf,3.472606287280441,0.58984375,0.21939198675839433
f0.5_chiN12,0.5,12.0,scft,3.4267271327159823,0.59375,0.2259368296656543
f0.5_chiN12,0.5,12.0,liu2019_opf,3.472606287280441,0.59375,0.22394796274679685
f0.5_chiN12,0.5,12.0,scft,3.4267271327159823,0.59765625,0.23054623861021067
f0.5_chiN12,0.5,12.0,liu2019_opf,3.472606287280441,0.59765625,0.22850393873519947
f0.5_chiN12,0.5,12.0,scft,3.4267271327159823,0.6015625,0.23515564755476703
f0.5_chiN12,0.5,12.0,liu2019_opf,3.472606287280441,0.6015625,0.2330599147236022
f0.5_chiN12,0.5,12.0,scft,3.4267271327159823,0.60546875,0.23976505649932345
f0.5_chiN12,0.5,12.0,liu2019_opf,3.472606287280441,0.60546875,0.23761589071200473
f0.5_chiN12,0.5,12.0,scft,3.4267271327159823,0.609375,0.2443744654438798
f0.5_chiN12,0.5,12.0,liu2019_opf,3.472606287280441,0.609375,0.24292264995781887
f0.5_chiN12,0.5,12.0,scft,3.4267271327159823,0.61328125,0.24972127407550082
f0.5_chiN12,0.5,12.0,liu2019_opf,3.472606287280441,0.61328125,0.2482294092036329
f0.5_chiN12,0.5,12.0,scft,3.4267271327159823,0.6171875,0.25506808270712183
f0.5_chiN12,0.5,12.0,liu2019_opf,3.472606287280441,0.6171875,0.25353616844944704
f0.5_chiN12,0.5,12.0,scft,3.4267271327159823,0.62109375,0.26041489133874285
f0.5_chiN12,0.5,12.0,liu2019_opf,3.472606287280441,0.62109375,0.25884292769526107
f0.5_chiN12,0.5,12.0,scft,3.4267271327159823,0.625,0.26576169997036386
f0.5_chiN12,0.5,12.0,liu2019_opf,3.472606287280441,0.625,0.26490563817188606
f0.5_chiN12,0.5,12.0,scft,3.4267271327159823,0.62890625,0.2718538471641274
f0.5_chiN12,0.5,12.0,liu2019_opf,3.472606287280441,0.62890625,0.27096834864851105
f0.5_chiN12,0.5,12.0,scft,3.4267271327159823,0.6328125,0.2779459943578909
f0.5_chiN12,0.5,12.0,liu2019_opf,3.472606287280441,0.6328125,0.2770310591251359
f0.5_chiN12,0.5,12.0,scft,3.4267271327159823,0.63671875,0.2840381415516544
f0.5_chiN12,0.5,12.0,liu2019_opf,3.472606287280441,0.63671875,0.2830937696017609
f0.5_chiN12,0.5,12.0,scft,3.4267271327159823,0.640625,0.29013028874541796
f0.5_chiN12,0.5,12.0,liu2019_opf,3.472606287280441,0.640625,0.2898975954169466
f0.5_chiN12,0.5,12.0,scft,3.4267271327159823,0.64453125,0.2969567442332007
f0.5_chiN12,0.5,12.0,liu2019_opf,3.472606287280441,0.64453125,0.2967014212321323
f0.5_chiN12,0.5,12.0,scft,3.4267271327159823,0.6484375,0.30378319972098344
f0.5_chiN12,0.5,12.0,liu2019_opf,3.472606287280441,0.6484375,0.30350524704731796
f0.5_chiN12,0.5,12.0,scft,3.4267271327159823,0.65234375,0.3106096552087662
f0.5_chiN12,0.5,12.0,liu2019_opf,3.472606287280441,0.65234375,0.31030907286250364
f0.5_chiN12,0.5,12.0,scft,3.4267271327159823,0.65625,0.3174361106965489
f0.5_chiN12,0.5,12.0,liu2019_opf,3.472606287280441,0.65625,0.31781398365979974
f0.5_chiN12,0.5,12.0,scft,3.4267271327159823,0.66015625,0.32496035154359204
f0.5_chiN12,0.5,12.0,liu2019_opf,3.472606287280441,0.66015625,0.32531889445709594
f0.5_chiN12,0.5,12.0,scft,3.4267271327159823,0.6640625,0.3324845923906351
f0.5_chiN12,0.5,12.0,liu2019_opf,3.472606287280441,0.6640625,0.33282380525439215
f0.5_chiN12,0.5,12.0,scft,3.4267271327159823,0.66796875,0.3400088332376782
f0.5_chiN12,0.5,12.0,liu2019_opf,3.472606287280441,0.66796875,0.34032871605168835
f0.5_chiN12,0.5,12.0,scft,3.4267271327159823,0.671875,0.34753307408472134
f0.5_chiN12,0.5,12.0,liu2019_opf,3.472606287280441,0.671875,0.3484657665276264
f0.5_chiN12,0.5,12.0,scft,3.4267271327159823,0.67578125,0.3556877136460349
f0.5_chiN12,0.5,12.0,liu2019_opf,3.472606287280441,0.67578125,0.35660281700356444
f0.5_chiN12,0.5,12.0,scft,3.4267271327159823,0.6796875,0.3638423532073484
f0.5_chiN12,0.5,12.0,liu2019_opf,3.472606287280441,0.6796875,0.3647398674795025
f0.5_chiN12,0.5,12.0,scft,3.4267271327159823,0.68359375,0.37199699276866194
f0.5_chiN12,0.5,12.0,liu2019_opf,3.472606287280441,0.68359375,0.37287691795544053
f0.5_chiN12,0.5,12.0,scft,3.4267271327159823,0.6875,0.3801516323299755
f0.5_chiN12,0.5,12.0,liu2019_opf,3.472606287280441,0.6875,0.38154686820046857
f0.5_chiN12,0.5,12.0,scft,3.4267271327159823,0.69140625,0.38883558048314026
f0.5_chiN12,0.5,12.0,liu2019_opf,3.472606287280441,0.69140625,0.3902168184454966
f0.5_chiN12,0.5,12.0,scft,3.4267271327159823,0.6953125,0.39751952863630513
f0.5_chiN12,0.5,12.0,liu2019_opf,3.472606287280441,0.6953125,0.39888676869052464
f0.5_chiN12,0.5,12.0,scft,3.4267271327159823,0.69921875,0.40620347678947
f0.5_chiN12,0.5,12.0,liu2019_opf,3.472606287280441,0.69921875,0.4075567189355528
f0.5_chiN12,0.5,12.0,scft,3.4267271327159823,0.703125,0.41488742494263475
f0.5_chiN12,0.5,12.0,liu2019_opf,3.472606287280441,0.703125,0.4166316909136979
f0.5_chiN12,0.5,12.0,scft,3.4267271327159823,0.70703125,0.4239668712252576
f0.5_chiN12,0.5,12.0,liu2019_opf,3.472606287280441,0.70703125,0.4257066628918431
f0.5_chiN12,0.5,12.0,scft,3.4267271327159823,0.7109375,0.43304631750788036
f0.5_chiN12,0.5,12.0,liu2019_opf,3.472606287280441,0.7109375,0.4347816348699882
f0.5_chiN12,0.5,12.0,scft,3.4267271327159823,0.71484375,0.44212576379050317
f0.5_chiN12,0.5,12.0,liu2019_opf,3.472606287280441,0.71484375,0.44385660684813333
f0.5_chiN12,0.5,12.0,scft,3.4267271327159823,0.71875,0.45120521007312603
f0.5_chiN12,0.5,12.0,liu2019_opf,3.472606287280441,0.71875,0.4531850661510144
f0.5_chiN12,0.5,12.0,scft,3.4267271327159823,0.72265625,0.46051919312314826
f0.5_chiN12,0.5,12.0,liu2019_opf,3.472606287280441,0.72265625,0.46251352545389546
f0.5_chiN12,0.5,12.0,scft,3.4267271327159823,0.7265625,0.4698331761731705
f0.5_chiN12,0.5,12.0,liu2019_opf,3.472606287280441,0.7265625,0.4718419847567764
f0.5_chiN12,0.5,12.0,scft,3.4267271327159823,0.73046875,0.47914715922319273
f0.5_chiN12,0.5,12.0,liu2019_opf,3.472606287280441,0.73046875,0.4811704440596575
f0.5_chiN12,0.5,12.0,scft,3.4267271327159823,0.734375,0.48846114227321497
f0.5_chiN12,0.5,12.0,liu2019_opf,3.472606287280441,0.734375,0.4905852221281589
f0.5_chiN12,0.5,12.0,scft,3.4267271327159823,0.73828125,0.4978314761756475
f0.5_chiN12,0.5,12.0,liu2019_opf,3.472606287280441,0.73828125,0.5000000001966605
f0.5_chiN12,0.5,12.0,scft,3.4267271327159823,0.7421875,0.50720181007808
f0.5_chiN12,0.5,12.0,liu2019_opf,3.472606287280441,0.7421875,0.509414778265162
f0.5_chiN12,0.5,12.0,scft,3.4267271327159823,0.74609375,0.5165721439805125
f0.5_chiN12,0.5,12.0,liu2019_opf,3.472606287280441,0.74609375,0.5188295563336636
f0.5_chiN12,0.5,12.0,scft,3.4267271327159823,0.75,0.525942477882945
f0.5_chiN12,0.5,12.0,liu2019_opf,3.472606287280441,0.75,0.5281580156371427
f0.5_chiN12,0.5,12.0,scft,3.4267271327159823,0.75390625,0.5351867048695578
f0.5_chiN12,0.5,12.0,liu2019_opf,3.472606287280441,0.75390625,0.5374864749406219
f0.5_chiN12,0.5,12.0,scft,3.4267271327159823,0.7578125,0.5444309318561705
f0.5_chiN12,0.5,12.0,liu2019_opf,3.472606287280441,0.7578125,0.5468149342441011
f0.5_chiN12,0.5,12.0,scft,3.4267271327159823,0.76171875,0.5536751588427833
f0.5_chiN12,0.5,12.0,liu2019_opf,3.472606287280441,0.76171875,0.5561433935475804
f0.5_chiN12,0.5,12.0,scft,3.4267271327159823,0.765625,0.562919385829396
f0.5_chiN12,0.5,12.0,liu2019_opf,3.472606287280441,0.765625,0.5652183655240303
f0.5_chiN12,0.5,12.0,scft,3.4267271327159823,0.76953125,0.5718645017575956
f0.5_chiN12,0.5,12.0,liu2019_opf,3.472606287280441,0.76953125,0.5742933375004802
f0.5_chiN12,0.5,12.0,scft,3.4267271327159823,0.7734375,0.5808096176857951
f0.5_chiN12,0.5,12.0,liu2019_opf,3.472606287280441,0.7734375,0.5833683094769302
f0.5_chiN12,0.5,12.0,scft,3.4267271327159823,0.77734375,0.5897547336139947
f0.5_chiN12,0.5,12.0,liu2019_opf,3.472606287280441,0.77734375,0.5924432814533802
f0.5_chiN12,0.5,12.0,scft,3.4267271327159823,0.78125,0.5986998495421942
f0.5_chiN12,0.5,12.0,liu2019_opf,3.472606287280441,0.78125,0.6011132316934253
f0.5_chiN12,0.5,12.0,scft,3.4267271327159823,0.78515625,0.6071943324626672
f0.5_chiN12,0.5,12.0,liu2019_opf,3.472606287280441,0.78515625,0.6097831819334707
f0.5_chiN12,0.5,12.0,scft,3.4267271327159823,0.7890625,0.6156888153831401
f0.5_chiN12,0.5,12.0,liu2019_opf,3.472606287280441,0.7890625,0.618453132173516
f0.5_chiN12,0.5,12.0,scft,3.4267271327159823,0.79296875,0.6241832983036131
f0.5_chiN12,0.5,12.0,liu2019_opf,3.472606287280441,0.79296875,0.6271230824135612
f0.5_chiN12,0.5,12.0,scft,3.4267271327159823,0.796875,0.632677781224086
f0.5_chiN12,0.5,12.0,liu2019_opf,3.472606287280441,0.796875,0.6352601328839994
f0.5_chiN12,0.5,12.0,scft,3.4267271327159823,0.80078125,0.6405999747286538
f0.5_chiN12,0.5,12.0,liu2019_opf,3.472606287280441,0.80078125,0.6433971833544376
f0.5_chiN12,0.5,12.0,scft,3.4267271327159823,0.8046875,0.6485221682332216
f0.5_chiN12,0.5,12.0,liu2019_opf,3.472606287280441,0.8046875,0.6515342338248757
f0.5_chiN12,0.5,12.0,scft,3.4267271327159823,0.80859375,0.6564443617377893
f0.5_chiN12,0.5,12.0,liu2019_opf,3.472606287280441,0.80859375,0.659671284295314
f0.5_chiN12,0.5,12.0,scft,3.4267271327159823,0.8125,0.6643665552423571
f0.5_chiN12,0.5,12.0,liu2019_opf,3.472606287280441,0.8125,0.66717619508868
f0.5_chiN12,0.5,12.0,scft,3.4267271327159823,0.81640625,0.6716284421846677
f0.5_chiN12,0.5,12.0,liu2019_opf,3.472606287280441,0.81640625,0.6746811058820459
f0.5_chiN12,0.5,12.0,scft,3.4267271327159823,0.8203125,0.6788903291269783
f0.5_chiN12,0.5,12.0,liu2019_opf,3.472606287280441,0.8203125,0.6821860166754119
f0.5_chiN12,0.5,12.0,scft,3.4267271327159823,0.82421875,0.686152216069289
f0.5_chiN12,0.5,12.0,liu2019_opf,3.472606287280441,0.82421875,0.6896909274687778
f0.5_chiN12,0.5,12.0,scft,3.4267271327159823,0.828125,0.6934141030115997
f0.5_chiN12,0.5,12.0,liu2019_opf,3.472606287280441,0.828125,0.6964947532794605
f0.5_chiN12,0.5,12.0,scft,3.4267271327159823,0.83203125,0.6999606928331878
f0.5_chiN12,0.5,12.0,liu2019_opf,3.472606287280441,0.83203125,0.7032985790901434
f0.5_chiN12,0.5,12.0,scft,3.4267271327159823,0.8359375,0.7065072826547761
f0.5_chiN12,0.5,12.0,liu2019_opf,3.472606287280441,0.8359375,0.7101024049008262
f0.5_chiN12,0.5,12.0,scft,3.4267271327159823,0.83984375,0.7130538724763644
f0.5_chiN12,0.5,12.0,liu2019_opf,3.472606287280441,0.83984375,0.7169062307115089
f0.5_chiN12,0.5,12.0,scft,3.4267271327159823,0.84375,0.7196004622979526
f0.5_chiN12,0.5,12.0,liu2019_opf,3.472606287280441,0.84375,0.7229689411806304
f0.5_chiN12,0.5,12.0,scft,3.4267271327159823,0.84765625,0.7254057989017271
f0.5_chiN12,0.5,12.0,liu2019_opf,3.472606287280441,0.84765625,0.7290316516497519
f0.5_chiN12,0.5,12.0,scft,3.4267271327159823,0.8515625,0.7312111355055014
f0.5_chiN12,0.5,12.0,liu2019_opf,3.472606287280441,0.8515625,0.7350943621188735
f0.5_chiN12,0.5,12.0,scft,3.4267271327159823,0.85546875,0.7370164721092758
f0.5_chiN12,0.5,12.0,liu2019_opf,3.472606287280441,0.85546875,0.7411570725879949
f0.5_chiN12,0.5,12.0,scft,3.4267271327159823,0.859375,0.7428218087130503
f0.5_chiN12,0.5,12.0,liu2019_opf,3.472606287280441,0.859375,0.7464638318253953
f0.5_chiN12,0.5,12.0,scft,3.4267271327159823,0.86328125,0.7478829925749381
f0.5_chiN12,0.5,12.0,liu2019_opf,3.472606287280441,0.86328125,0.7517705910627956
f0.5_chiN12,0.5,12.0,scft,3.4267271327159823,0.8671875,0.7529441764368259
f0.5_chiN12,0.5,12.0,liu2019_opf,3.472606287280441,0.8671875,0.757077350300196
f0.5_chiN12,0.5,12.0,scft,3.4267271327159823,0.87109375,0.7580053602987138
f0.5_chiN12,0.5,12.0,liu2019_opf,3.472606287280441,0.87109375,0.7623841095375963
f0.5_chiN12,0.5,12.0,scft,3.4267271327159823,0.875,0.7630665441606016
f0.5_chiN12,0.5,12.0,liu2019_opf,3.472606287280441,0.875,0.7669400855195324
f0.5_chiN12,0.5,12.0,scft,3.4267271327159823,0.87890625,0.7673970642784981
f0.5_chiN12,0.5,12.0,liu2019_opf,3.472606287280441,0.87890625,0.7714960615014685
f0.5_chiN12,0.5,12.0,scft,3.4267271327159823,0.8828125,0.7717275843963947
f0.5_chiN12,0.5,12.0,liu2019_opf,3.472606287280441,0.8828125,0.7760520374834046
f0.5_chiN12,0.5,12.0,scft,3.4267271327159823,0.88671875,0.7760581045142912
f0.5_chiN12,0.5,12.0,liu2019_opf,3.472606287280441,0.88671875,0.7806080134653406
f0.5_chiN12,0.5,12.0,scft,3.4267271327159823,0.890625,0.7803886246321877
f0.5_chiN12,0.5,12.0,liu2019_opf,3.472606287280441,0.890625,0.7844325660919819
f0.5_chiN12,0.5,12.0,scft,3.4267271327159823,0.89453125,0.7840120132884475
f0.5_chiN12,0.5,12.0,liu2019_opf,3.472606287280441,0.89453125,0.7882571187186231
f0.5_chiN12,0.5,12.0,scft,3.4267271327159823,0.8984375,0.7876354019447072
f0.5_chiN12,0.5,12.0,liu2019_opf,3.472606287280441,0.8984375,0.7920816713452643
f0.5_chiN12,0.5,12.0,scft,3.4267271327159823,0.90234375,0.7912587906009669
f0.5_chiN12,0.5,12.0,liu2019_opf,3.472606287280441,0.90234375,0.7959062239719056
f0.5_chiN12,0.5,12.0,scft,3.4267271327159823,0.90625,0.7948821792572267
f0.5_chiN12,0.5,12.0,liu2019_opf,3.472606287280441,0.90625,0.7990271617553875
f0.5_chiN12,0.5,12.0,scft,3.4267271327159823,0.91015625,0.7978265585714431
f0.5_chiN12,0.5,12.0,liu2019_opf,3.472606287280441,0.91015625,0.8021480995388695
f0.5_chiN12,0.5,12.0,scft,3.4267271327159823,0.9140625,0.8007709378856596
f0.5_chiN12,0.5,12.0,liu2019_opf,3.472606287280441,0.9140625,0.8052690373223514
f0.5_chiN12,0.5,12.0,scft,3.4267271327159823,0.91796875,0.803715317199876
f0.5_chiN12,0.5,12.0,liu2019_opf,3.472606287280441,0.91796875,0.8083899751058333
f0.5_chiN12,0.5,12.0,scft,3.4267271327159823,0.921875,0.8066596965140924
f0.5_chiN12,0.5,12.0,liu2019_opf,3.472606287280441,0.921875,0.8108383579734227
f0.5_chiN12,0.5,12.0,scft,3.4267271327159823,0.92578125,0.8089534527541984
f0.5_chiN12,0.5,12.0,liu2019_opf,3.472606287280441,0.92578125,0.8132867408410122
f0.5_chiN12,0.5,12.0,scft,3.4267271327159823,0.9296875,0.8112472089943044
f0.5_chiN12,0.5,12.0,liu2019_opf,3.472606287280441,0.9296875,0.8157351237086016
f0.5_chiN12,0.5,12.0,scft,3.4267271327159823,0.93359375,0.8135409652344104
f0.5_chiN12,0.5,12.0,liu2019_opf,3.472606287280441,0.93359375,0.8181835065761909
f0.5_chiN12,0.5,12.0,scft,3.4267271327159823,0.9375,0.8158347214745164
f0.5_chiN12,0.5,12.0,liu2019_opf,3.472606287280441,0.9375,0.8199892674564597
f0.5_chiN12,0.5,12.0,scft,3.4267271327159823,0.94140625,0.8175033024601669
f0.5_chiN12,0.5,12.0,liu2019_opf,3.472606287280441,0.94140625,0.8217950283367286
f0.5_chiN12,0.5,12.0,scft,3.4267271327159823,0.9453125,0.8191718834458174
f0.5_chiN12,0.5,12.0,liu2019_opf,3.472606287280441,0.9453125,0.8236007892169974
f0.5_chiN12,0.5,12.0,scft,3.4267271327159823,0.94921875,0.8208404644314679
f0.5_chiN12,0.5,12.0,liu2019_opf,3.472606287280441,0.94921875,0.8254065500972663
f0.5_chiN12,0.5,12.0,scft,3.4267271327159823,0.953125,0.8225090454171183
f0.5_chiN12,0.5,12.0,liu2019_opf,3.472606287280441,0.953125,0.8265950432507747
f0.5_chiN12,0.5,12.0,scft,3.4267271327159823,0.95703125,0.8235727402088173
f0.5_chiN12,0.5,12.0,liu2019_opf,3.472606287280441,0.95703125,0.8277835364042831
f0.5_chiN12,0.5,12.0,scft,3.4267271327159823,0.9609375,0.8246364350005162
f0.5_chiN12,0.5,12.0,liu2019_opf,3.472606287280441,0.9609375,0.8289720295577916
f0.5_chiN12,0.5,12.0,scft,3.4267271327159823,0.96484375,0.8257001297922151
f0.5_chiN12,0.5,12.0,liu2019_opf,3.472606287280441,0.96484375,0.8301605227113
f0.5_chiN12,0.5,12.0,scft,3.4267271327159823,0.96875,0.826763824583914
f0.5_chiN12,0.5,12.0,liu2019_opf,3.472606287280441,0.96875,0.8307500053808197
f0.5_chiN12,0.5,12.0,scft,3.4267271327159823,0.97265625,0.8272363237898113
f0.5_chiN12,0.5,12.0,liu2019_opf,3.472606287280441,0.97265625,0.8313394880503395
f0.5_chiN12,0.5,12.0,scft,3.4267271327159823,0.9765625,0.8277088229957084
f0.5_chiN12,0.5,12.0,liu2019_opf,3.472606287280441,0.9765625,0.8319289707198593
f0.5_chiN12,0.5,12.0,scft,3.4267271327159823,0.98046875,0.8281813222016057
f0.5_chiN12,0.5,12.0,liu2019_opf,3.472606287280441,0.98046875,0.832518453389379
f0.5_chiN12,0.5,12.0,scft,3.4267271327159823,0.984375,0.8286538214075029
f0.5_chiN12,0.5,12.0,liu2019_opf,3.472606287280441,0.984375,0.8325184533544904
f0.5_chiN12,0.5,12.0,scft,3.4267271327159823,0.98828125,0.8285413902363116
f0.5_chiN12,0.5,12.0,liu2019_opf,3.472606287280441,0.98828125,0.8325184533196017
f0.5_chiN12,0.5,12.0,scft,3.4267271327159823,0.9921875,0.8284289590651204
f0.5_chiN12,0.5,12.0,liu2019_opf,3.472606287280441,0.9921875,0.832518453284713
f0.5_chiN12,0.5,12.0,scft,3.4267271327159823,0.99609375,0.8283165278939291
f0.5_chiN12,0.5,12.0,liu2019_opf,3.472606287280441,0.99609375,0.8325184532498243
f0.5_chiN15,0.5,15.0,scft,3.7135620657436155,0.0,0.185896258430954
f0.5_chiN15,0.5,15.0,liu2019_opf,3.8106547987855452,0.0,0.19036226321403904
f0.5_chiN15,0.5,15.0,scft,3.7135620657436155,0.00390625,0.17844734712044863
f0.5_chiN15,0.5,15.0,liu2019_opf,3.8106547987855452,0.00390625,0.18179498736528954
f0.5_chiN15,0.5,15.0,scft,3.7135620657436155,0.0078125,0.17099843580994326
f0.5_chiN15,0.5,15.0,liu2019_opf,3.8106547987855452,0.0078125,0.17322771151654015
f0.5_chiN15,0.5,15.0,scft,3.7135620657436155,0.01171875,0.16354952449943788
f0.5_chiN15,0.5,15.0,liu2019_opf,3.8106547987855452,0.01171875,0.16619403780950281
f0.5_chiN15,0.5,15.0,scft,3.7135620657436155,0.015625,0.1561006131889325
f0.5_chiN15,0.5,15.0,liu2019_opf,3.8106547987855452,0.015625,0.1591603641024656
f0.5_chiN15,0.5,15.0,scft,3.7135620657436155,0.01953125,0.15001049902016694
f0.5_chiN15,0.5,15.0,liu2019_opf,3.8106547987855452,0.01953125,0.15212669039542825
f0.5_chiN15,0.5,15.0,scft,3.7135620657436155,0.0234375,0.1439203848514014
f0.5_chiN15,0.5,15.0,liu2019_opf,3.8106547987855452,0.0234375,0.14509301668839103
f0.5_chiN15,0.5,15.0,scft,3.7135620657436155,0.02734375,0.13783027068263587
f0.5_chiN15,0.5,15.0,liu2019_opf,3.8106547987855452,0.02734375,0.13943678232460177
f0.5_chiN15,0.5,15.0,scft,3.7135620657436155,0.03125,0.13174015651387033
f0.5_chiN15,0.5,15.0,liu2019_opf,3.8106547987855452,0.03125,0.13378054796081273
f0.5_chiN15,0.5,15.0,scft,3.7135620657436155,0.03515625,0.12682254415870708
f0.5_chiN15,0.5,15.0,liu2019_opf,3.8106547987855452,0.03515625,0.1281243135970236
f0.5_chiN15,0.5,15.0,scft,3.7135620657436155,0.0390625,0.12190493180354384
f0.5_chiN15,0.5,15.0,liu2019_opf,3.8106547987855452,0.0390625,0.12246807923323433
f0.5_chiN15,0.5,15.0,scft,3.7135620657436155,0.04296875,0.11698731944838059
f0.5_chiN15,0.5,15.0,liu2019_opf,3.8106547987855452,0.04296875,0.11800715897791747
f0.5_chiN15,0.5,15.0,scft,3.7135620657436155,0.046875,0.11206970709321734
f0.5_chiN15,0.5,15.0,liu2019_opf,3.8106547987855452,0.046875,0.1135462387226005
f0.5_chiN15,0.5,15.0,scft,3.7135620657436155,0.05078125,0.10814961944513006
f0.5_chiN15,0.5,15.0,liu2019_opf,3.8106547987855452,0.05078125,0.10908531846728342
f0.5_chiN15,0.5,15.0,scft,3.7135620657436155,0.0546875,0.10422953179704278
f0.5_chiN15,0.5,15.0,liu2019_opf,3.8106547987855452,0.0546875,0.10462439821196656
f0.5_chiN15,0.5,15.0,scft,3.7135620657436155,0.05859375,0.10030944414895551
f0.5_chiN15,0.5,15.0,liu2019_opf,3.8106547987855452,0.05859375,0.10117510263751006
f0.5_chiN15,0.5,15.0,scft,3.7135620657436155,0.0625,0.09638935650086823
f0.5_chiN15,0.5,15.0,liu2019_opf,3.8106547987855452,0.0625,0.09772580706305356
f0.5_chiN15,0.5,15.0,scft,3.7135620657436155,0.06640625,0.09331521911015092
f0.5_chiN15,0.5,15.0,liu2019_opf,3.8106547987855452,0.06640625,0.09427651148859706
f0.5_chiN15,0.5,15.0,scft,3.7135620657436155,0.0703125,0.09024108171943362
f0.5_chiN15,0.5,15.0,liu2019_opf,3.8106547987855452,0.0703125,0.09082721591414056
f0.5_chiN15,0.5,15.0,scft,3.7135620657436155,0.07421875,0.0871669443287163
f0.5_chiN15,0.5,15.0,liu2019_opf,3.8106547987855452,0.07421875,0.08822033787446326
f0.5_chiN15,0.5,15.0,scft,3.7135620657436155,0.078125,0.084092806937999
f0.5_chiN15,0.5,15.0,liu2019_opf,3.8106547987855452,0.078125,0.08561345983478597
f0.5_chiN15,0.5,15.0,scft,3.7135620657436155,0.08203125,0.08174077993914208
f0.5_chiN15,0.5,15.0,liu2019_opf,3.8106547987855452,0.08203125,0.08300658179510867
f0.5_chiN15,0.5,15.0,scft,3.7135620657436155,0.0859375,0.07938875294028519
f0.5_chiN15,0.5,15.0,liu2019_opf,3.8106547987855452,0.0859375,0.08039970375543137
f0.5_chiN15,0.5,15.0,scft,3.7135620657436155,0.08984375,0.07703672594142828
f0.5_chiN15,0.5,15.0,liu2019_opf,3.8106547987855452,0.08984375,0.07848973743190024
f0.5_chiN15,0.5,15.0,scft,3.7135620657436155,0.09375,0.07468469894257138
f0.5_chiN15,0.5,15.0,liu2019_opf,3.8106547987855452,0.09375,0.07657977110836911
f0.5_chiN15,0.5,15.0,scft,3.7135620657436155,0.09765625,0.07295861313057352
f0.5_chiN15,0.5,15.0,liu2019_opf,3.8106547987855452,0.09765625,0.07466980478483798
f0.5_chiN15,0.5,15.0,scft,3.7135620657436155,0.1015625,0.07123252731857566
f0.5_chiN15,0.5,15.0,liu2019_opf,3.8106547987855452,0.1015625,0.07275983846130696
f0.5_chiN15,0.5,15.0,scft,3.7135620657436155,0.10546875,0.06950644150657781
f0.5_chiN15,0.5,15.0,liu2019_opf,3.8106547987855452,0.10546875,0.07142940798006603
f0.5_chiN15,0.5,15.0,scft,3.7135620657436155,0.109375,0.06778035569457995
f0.5_chiN15,0.5,15.0,liu2019_opf,3.8106547987855452,0.109375,0.0700989774988251
f0.5_chiN15,0.5,15.0,scft,3.7135620657436155,0.11328125,0.06660964024649511
f0.5_chiN15,0.5,15.0,liu2019_opf,3.8106547987855452,0.11328125,0.06876854701758417
f0.5_chiN15,0.5,15.0,scft,3.7135620657436155,0.1171875,0.06543892479841029
f0.5_chiN15,0.5,15.0,liu2019_opf,3.8106547987855452,0.1171875,0.06743811653634324
f0.5_chiN15,0.5,15.0,scft,3.7135620657436155,0.12109375,0.06426820935032547
f0.5_chiN15,0.5,15.0,liu2019_opf,3.8106547987855452,0.12109375,0.06659948641015223
f0.5_chiN15,0.5,15.0,scft,3.7135620657436155,0.125,0.06309749390224063
f0.5_chiN15,0.5,15.0,liu2019_opf,3.8106547987855452,0.125,0.06576085628396122
f0.5_chiN15,0.5,15.0,scft,3.7135620657436155,0.12890625,0.06243461018331098
f0.5_chiN15,0.5,15.0,liu2019_opf,3.8106547987855452,0.12890625,0.06492222615777021
f0.5_chiN15,0.5,15.0,scft,3.7135620657436155,0.1328125,0.06177172646438132
f0.5_chiN15,0.5,15.0,liu2019_opf,3.8106547987855452,0.1328125,0.0640835960315792
f0.5_chiN15,0.5,15.0,scft,3.7135620657436155,0.13671875,0.061108842745451655
f0.5_chiN15,0.5,15.0,liu2019_opf,3.8106547987855452,0.13671875,0.06367870482724602
f0.5_chiN15,0.5,15.0,scft,3.7135620657436155,0.140625,0.060445959026522
f0.5_chiN15,0.5,15.0,liu2019_opf,3.8106547987855452,0.140625,0.06327381362291296
f0.5_chiN15,0.5,15.0,scft,3.7135620657436155,0.14453125,0.06026419292036964
f0.5_chiN15,0.5,15.0,liu2019_opf,3.8106547987855452,0.14453125,0.06286892241858
f0.5_chiN15,0.5,15.0,scft,3.7135620657436155,0.1484375,0.060082426814217285
f0.5_chiN15,0.5,15.0,liu2019_opf,3.8106547987855452,0.1484375,0.06246403121424682
f0.5_chiN15,0.5,15.0,scft,3.7135620657436155,0.15234375,0.05990066070806492
f0.5_chiN15,0.5,15.0,liu2019_opf,3.8106547987855452,0.15234375,0.062464031221676874
f0.5_chiN15,0.5,15.0,scft,3.7135620657436155,0.15625,0.05971889460191256
f0.5_chiN15,0.5,15.0,liu2019_opf,3.8106547987855452,0.15625,0.06246403122910693
f0.5_chiN15,0.5,15.0,scft,3.7135620657436155,0.16015625,0.06001095304146634
f0.5_chiN15,0.5,15.0,liu2019_opf,3.8106547987855452,0.16015625,0.06246403123653699
f0.5_chiN15,0.5,15.0,scft,3.7135620657436155,0.1640625,0.06030301148102013
f0.5_chiN15,0.5,15.0,liu2019_opf,3.8106547987855452,0.1640625,0.062464031243967044
f0.5_chiN15,0.5,15.0,scft,3.7135620657436155,0.16796875,0.06059506992057391
f0.5_chiN15,0.5,15.0,liu2019_opf,3.8106547987855452,0.16796875,0.06286892243412279
f0.5_chiN15,0.5,15.0,scft,3.7135620657436155,0.171875,0.06088712836012769
f0.5_chiN15,0.5,15.0,liu2019_opf,3.8106547987855452,0.171875,0.06327381362427842
f0.5_chiN15,0.5,15.0,scft,3.7135620657436155,0.17578125,0.06166473692100843
f0.5_chiN15,0.5,15.0,liu2019_opf,3.8106547987855452,0.17578125,0.06367870481443405
f0.5_chiN15,0.5,15.0,scft,3.7135620657436155,0.1796875,0.062442345481889164
f0.5_chiN15,0.5,15.0,liu2019_opf,3.8106547987855452,0.1796875,0.0640835960045898
f0.5_chiN15,0.5,15.0,scft,3.7135620657436155,0.18359375,0.0632199540427699
f0.5_chiN15,0.5,15.0,liu2019_opf,3.8106547987855452,0.18359375,0.06492222614527232
f0.5_chiN15,0.5,15.0,scft,3.7135620657436155,0.1875,0.06399756260365064
f0.5_chiN15,0.5,15.0,liu2019_opf,3.8106547987855452,0.1875,0.06576085628595485
f0.5_chiN15,0.5,15.0,scft,3.7135620657436155,0.19140625,0.06529210819184475
f0.5_chiN15,0.5,15.0,liu2019_opf,3.8106547987855452,0.19140625,0.06659948642663727
f0.5_chiN15,0.5,15.0,scft,3.7135620657436155,0.1953125,0.06658665378003886
f0.5_chiN15,0.5,15.0,liu2019_opf,3.8106547987855452,0.1953125,0.0674381165673198
f0.5_chiN15,0.5,15.0,scft,3.7135620657436155,0.19921875,0.06788119936823299
f0.5_chiN15,0.5,15.0,liu2019_opf,3.8106547987855452,0.19921875,0.06876854703666224
f0.5_chiN15,0.5,15.0,scft,3.7135620657436155,0.203125,0.0691757449564271
f0.5_chiN15,0.5,15.0,liu2019_opf,3.8106547987855452,0.203125,0.0700989775060048
f0.5_chiN15,0.5,15.0,scft,3.7135620657436155,0.20703125,0.07103989155589352
f0.5_chiN15,0.5,15.0,liu2019_opf,3.8106547987855452,0.20703125,0.07142940797534736
f0.5_chiN15,0.5,15.0,scft,3.7135620657436155,0.2109375,0.07290403815535995
f0.5_chiN15,0.5,15.0,liu2019_opf,3.8106547987855452,0.2109375,0.0727598384446898
f0.5_chiN15,0.5,15.0,scft,3.7135620657436155,0.21484375,0.07476818475482637
f0.5_chiN15,0.5,15.0,liu2019_opf,3.8106547987855452,0.21484375,0.07466980478116725
f0.5_chiN15,0.5,15.0,scft,3.7135620657436155,0.21875,0.07663233135429279
f0.5_chiN15,0.5,15.0,liu2019_opf,3.8106547987855452,0.21875,0.07657977111764458
f0.5_chiN15,0.5,15.0,scft,3.7135620657436155,0.22265625,0.07914236130902094
f0.5_chiN15,0.5,15.0,liu2019_opf,3.8106547987855452,0.22265625,0.07848973745412191
f0.5_chiN15,0.5,15.0,scft,3.7135620657436155,0.2265625,0.08165239126374911
f0.5_chiN15,0.5,15.0,liu2019_opf,3.8106547987855452,0.2265625,0.08039970379059935
f0.5_chiN15,0.5,15.0,scft,3.7135620657436155,0.23046875,0.08416242121847728
f0.5_chiN15,0.5,15.0,liu2019_opf,3.8106547987855452,0.23046875,0.08300658182272547
f0.5_chiN15,0.5,15.0,scft,3.7135620657436155,0.234375,0.08667245117320543
f0.5_chiN15,0.5,15.0,liu2019_opf,3.8106547987855452,0.234375,0.08561345985485169
f0.5_chiN15,0.5,15.0,scft,3.7135620657436155,0.23828125,0.08993081312077704
f0.5_chiN15,0.5,15.0,liu2019_opf,3.8106547987855452,0.23828125,0.08822033788697803
f0.5_chiN15,0.5,15.0,scft,3.7135620657436155,0.2421875,0.09318917506834865
f0.5_chiN15,0.5,15.0,liu2019_opf,3.8106547987855452,0.2421875,0.09082721591910414
f0.5_chiN15,0.5,15.0,scft,3.7135620657436155,0.24609375,0.09644753701592024
f0.5_chiN15,0.5,15.0,liu2019_opf,3.8106547987855452,0.24609375,0.09427651150179706
f0.5_chiN15,0.5,15.0,scft,3.7135620657436155,0.25,0.09970589896349184
f0.5_chiN15,0.5,15.0,liu2019_opf,3.8106547987855452,0.25,0.09772580708448997
f0.5_chiN15,0.5,15.0,scft,3.7135620657436155,0.25390625,0.10384297776367198
f0.5_chiN15,0.5,15.0,liu2019_opf,3.8106547987855452,0.25390625,0.10117510266718277
f0.5_chiN15,0.5,15.0,scft,3.7135620657436155,0.2578125,0.10798005656385212
f0.5_chiN15,0.5,15.0,liu2019_opf,3.8106547987855452,0.2578125,0.10462439824987568
f0.5_chiN15,0.5,15.0,scft,3.7135620657436155,0.26171875,0.11211713536403226
f0.5_chiN15,0.5,15.0,liu2019_opf,3.8106547987855452,0.26171875,0.1090853185036047
f0.5_chiN15,0.5,15.0,scft,3.7135620657436155,0.265625,0.11625421416421239
f0.5_chiN15,0.5,15.0,liu2019_opf,3.8106547987855452,0.265625,0.1135462387573336
f0.5_chiN15,0.5,15.0,scft,3.7135620657436155,0.26953125,0.12142762374696972
f0.5_chiN15,0.5,15.0,liu2019_opf,3.8106547987855452,0.26953125,0.11800715901106262
f0.5_chiN15,0.5,15.0,scft,3.7135620657436155,0.2734375,0.12660103332972705
f0.5_chiN15,0.5,15.0,liu2019_opf,3.8106547987855452,0.2734375,0.12246807926479164
f0.5_chiN15,0.5,15.0,scft,3.7135620657436155,0.27734375,0.13177444291248436
f0.5_chiN15,0.5,15.0,liu2019_opf,3.8106547987855452,0.27734375,0.1281243136298158
f0.5_chiN15,0.5,15.0,scft,3.7135620657436155,0.28125,0.1369478524952417
f0.5_chiN15,0.5,15.0,liu2019_opf,3.8106547987855452,0.28125,0.13378054799483996
f0.5_chiN15,0.5,15.0,scft,3.7135620657436155,0.28515625,0.1433366347409619
f0.5_chiN15,0.5,15.0,liu2019_opf,3.8106547987855452,0.28515625,0.139436782359864
f0.5_chiN15,0.5,15.0,scft,3.7135620657436155,0.2890625,0.14972541698668207
f0.5_chiN15,0.5,15.0,liu2019_opf,3.8106547987855452,0.2890625,0.14509301672488817
f0.5_chiN15,0.5,15.0,scft,3.7135620657436155,0.29296875,0.15611419923240225
f0.5_chiN15,0.5,15.0,liu2019_opf,3.8106547987855452,0.29296875,0.1521266904353743
f0.5_chiN15,0.5,15.0,scft,3.7135620657436155,0.296875,0.16250298147812245
f0.5_chiN15,0.5,15.0,liu2019_opf,3.8106547987855452,0.296875,0.15916036414586043
f0.5_chiN15,0.5,15.0,scft,3.7135620657436155,0.30078125,0.17029317300451619
f0.5_chiN15,0.5,15.0,liu2019_opf,3.8106547987855452,0.30078125,0.16619403785634657
f0.5_chiN15,0.5,15.0,scft,3.7135620657436155,0.3046875,0.1780833645309099
f0.5_chiN15,0.5,15.0,liu2019_opf,3.8106547987855452,0.3046875,0.1732277115668327
f0.5_chiN15,0.5,15.0,scft,3.7135620657436155,0.30859375,0.18587355605730366
f0.5_chiN15,0.5,15.0,liu2019_opf,3.8106547987855452,0.30859375,0.18179498741247446
f0.5_chiN15,0.5,15.0,scft,3.7135620657436155,0.3125,0.19366374758369737
f0.5_chiN15,0.5,15.0,liu2019_opf,3.8106547987855452,0.3125,0.19036226325811634
f0.5_chiN15,0.5,15.0,scft,3.7135620657436155,0.31640625,0.2030215366269391
f0.5_chiN15,0.5,15.0,liu2019_opf,3.8106547987855452,0.31640625,0.1989295391037581
f0.5_chiN15,0.5,15.0,scft,3.7135620657436155,0.3203125,0.2123793256701808
f0.5_chiN15,0.5,15.0,liu2019_opf,3.8106547987855452,0.3203125,0.20749681494939987
f0.5_chiN15,0.5,15.0,scft,3.7135620657436155,0.32421875,0.2217371147134225
f0.5_chiN15,0.5,15.0,liu2019_opf,3.8106547987855452,0.32421875,0.21769533252815898
f0.5_chiN15,0.5,15.0,scft,3.7135620657436155,0.328125,0.23109490375666422
f0.5_chiN15,0.5,15.0,liu2019_opf,3.8106547987855452,0.328125,0.2278938501069182
f0.5_chiN15,0.5,15.0,scft,3.7135620657436155,0.33203125,0.24212526207565943
f0.5_chiN15,0.5,15.0,liu2019_opf,3.8106547987855452,0.33203125,0.23809236768567732
f0.5_chiN15,0.5,15.0,scft,3.7135620657436155,0.3359375,0.2531556203946546
f0.5_chiN15,0.5,15.0,liu2019_opf,3.8106547987855452,0.3359375,0.24829088526443654
f0.5_chiN15,0.5,15.0,scft,3.7135620657436155,0.33984375,0.26418597871364985
f0.5_chiN15,0.5,15.0,liu2019_opf,3.8106547987855452,0.33984375,0.26012247631708507
f0.5_chiN15,0.5,15.0,scft,3.7135620657436155,0.34375,0.27521633703264503
f0.5_chiN15,0.5,15.0,liu2019_opf,3.8106547987855452,0.34375,0.2719540673697338
f0.5_chiN15,0.5,15.0,scft,3.7135620657436155,0.34765625,0.28791015728898744
f0.5_chiN15,0.5,15.0,liu2019_opf,3.8106547987855452,0.34765625,0.28378565842238257
f0.5_chiN15,0.5,15.0,scft,3.7135620657436155,0.3515625,0.30060397754532986
f0.5_chiN15,0.5,15.0,liu2019_opf,3.8106547987855452,0.3515625,0.2956172494750311
f0.5_chiN15,0.5,15.0,scft,3.7135620657436155,0.35546875,0.3132977978016723
f0.5_chiN15,0.5,15.0,liu2019_opf,3.8106547987855452,0.35546875,0.3089537310269572
f0.5_chiN15,0.5,15.0,scft,3.7135620657436155,0.359375,0.3259916180580147
f0.5_chiN15,0.5,15.0,liu2019_opf,3.8106547987855452,0.359375,0.32229021257888313
f0.5_chiN15,0.5,15.0,scft,3.7135620657436155,0.36328125,0.34017360263212315
f0.5_chiN15,0.5,15.0,liu2019_opf,3.8106547987855452,0.36328125,0.33562669413080926
f0.5_chiN15,0.5,15.0,scft,3.7135620657436155,0.3671875,0.3543555872062316
f0.5_chiN15,0.5,15.0,liu2019_opf,3.8106547987855452,0.3671875,0.34896317568273527
f0.5_chiN15,0.5,15.0,scft,3.7135620657436155,0.37109375,0.3685375717803401
f0.5_chiN15,0.5,15.0,liu2019_opf,3.8106547987855452,0.37109375,0.3635267445299031
f0.5_chiN15,0.5,15.0,scft,3.7135620657436155,0.375,0.38271955635444854
f0.5_chiN15,0.5,15.0,liu2019_opf,3.8106547987855452,0.375,0.378090313377071
f0.5_chiN15,0.5,15.0,scft,3.7135620657436155,0.37890625,0.3980191962797942
f0.5_chiN15,0.5,15.0,liu2019_opf,3.8106547987855452,0.37890625,0.3926538822242389
f0.5_chiN15,0.5,15.0,scft,3.7135620657436155,0.3828125,0.4133188362051399
f0.5_chiN15,0.5,15.0,liu2019_opf,3.8106547987855452,0.3828125,0.4072174510714067
f0.5_chiN15,0.5,15.0,scft,3.7135620657436155,0.38671875,0.4286184761304855
f0.5_chiN15,0.5,15.0,liu2019_opf,3.8106547987855452,0.38671875,0.42258736765402616
f0.5_chiN15,0.5,15.0,scft,3.7135620657436155,0.390625,0.44391811605583115
f0.5_chiN15,0.5,15.0,liu2019_opf,3.8106547987855452,0.390625,0.4379572842366457
f0.5_chiN15,0.5,15.0,scft,3.7135620657436155,0.39453125,0.45978842716289975
f0.5_chiN15,0.5,15.0,liu2019_opf,3.8106547987855452,0.39453125,0.45332720081926514
f0.5_chiN15,0.5,15.0,scft,3.7135620657436155,0.3984375,0.4756587382699684
f0.5_chiN15,0.5,15.0,liu2019_opf,3.8106547987855452,0.3984375,0.4686971174018846
f0.5_chiN15,0.5,15.0,scft,3.7135620657436155,0.40234375,0.491529049377037
f0.5_chiN15,0.5,15.0,liu2019_opf,3.8106547987855452,0.40234375,0.48434855870484805
f0.5_chiN15,0.5,15.0,scft,3.7135620657436155,0.40625,0.5073993604841056
f0.5_chiN15,0.5,15.0,liu2019_opf,3.8106547987855452,0.40625,0.5000000000078115
f0.5_chiN15,0.5,15.0,scft,3.7135620657436155,0.41015625,0.5231931097620571
f0.5_chiN15,0.5,15.0,liu2019_opf,3.8106547987855452,0.41015625,0.515651441310775
f0.5_chiN15,0.5,15.0,scft,3.7135620657436155,0.4140625,0.5389868590400086
f0.5_chiN15,0.5,15.0,liu2019_opf,3.8106547987855452,0.4140625,0.5313028826137385
f0.5_chiN15,0.5,15.0,scft,3.7135620657436155,0.41796875,0.5547806083179603
f0.5_chiN15,0.5,15.0,liu2019_opf,3.8106547987855452,0.41796875,0.5466727991963013
f0.5_chiN15,0.5,15.0,scft,3.7135620657436155,0.421875,0.5705743575959118
f0.5_chiN15,0.5,15.0,liu2019_opf,3.8106547987855452,0.421875,0.5620427157788641
f0.5_chiN15,0.5,15.0,scft,3.7135620657436155,0.42578125,0.5856580629701901
f0.5_chiN15,0.5,15.0,liu2019_opf,3.8106547987855452,0.42578125,0.5774126323614268
f0.5_chiN15,0.5,15.0,scft,3.7135620657436155,0.4296875,0.6007417683444682
f0.5_chiN15,0.5,15.0,liu2019_opf,3.8106547987855452,0.4296875,0.5927825489439896
f0.5_chiN15,0.5,15.0,scft,3.7135620657436155,0.43359375,0.6158254737187464
f0.5_chiN15,0.5,15.0,liu2019_opf,3.8106547987855452,0.43359375,0.6073461177910586
f0.5_chiN15,0.5,15.0,scft,3.7135620657436155,0.4375,0.6309091790930247
f0.5_chiN15,0.5,15.0,liu2019_opf,3.8106547987855452,0.4375,0.6219096866381276
f0.5_chiN15,0.5,15.0,scft,3.7135620657436155,0.44140625,0.6447718240825953
f0.5_chiN15,0.5,15.0,liu2019_opf,3.8106547987855452,0.44140625,0.6364732554851966
f0.5_chiN15,0.5,15.0,scft,3.7135620657436155,0.4453125,0.6586344690721658
f0.5_chiN15,0.5,15.0,liu2019_opf,3.8106547987855452,0.4453125,0.6510368243322656
f0.5_chiN15,0.5,15.0,scft,3.7135620657436155,0.44921875,0.6724971140617364
f0.5_chiN15,0.5,15.0,liu2019_opf,3.8106547987855452,0.44921875,0.6643733058840744
f0.5_chiN15,0.5,15.0,scft,3.7135620657436155,0.453125,0.686359759051307
f0.5_chiN15,0.5,15.0,liu2019_opf,3.8106547987855452,0.453125,0.6777097874358833
f0.5_chiN15,0.5,15.0,scft,3.7135620657436155,0.45703125,0.6986764066956732
f0.5_chiN15,0.5,15.0,liu2019_opf,3.8106547987855452,0.45703125,0.6910462689876921
f0.5_chiN15,0.5,15.0,scft,3.7135620657436155,0.4609375,0.7109930543400393
f0.5_chiN15,0.5,15.0,liu2019_opf,3.8106547987855452,0.4609375,0.7043827505395008
f0.5_chiN15,0.5,15.0,scft,3.7135620657436155,0.46484375,0.7233097019844056
f0.5_chiN15,0.5,15.0,liu2019_opf,3.8106547987855452,0.46484375,0.71621434159204
f0.5_chiN15,0.5,15.0,scft,3.7135620657436155,0.46875,0.7356263496287718
f0.5_chiN15,0.5,15.0,liu2019_opf,3.8106547987855452,0.46875,0.7280459326445792
f0.5_chiN15,0.5,15.0,scft,3.7135620657436155,0.47265625,0.7462641709388477
f0.5_chiN15,0.5,15.0,liu2019_opf,3.8106547987855452,0.47265625,0.7398775236971183
f0.5_chiN15,0.5,15.0,scft,3.7135620657436155,0.4765625,0.7569019922489237
f0.5_chiN15,0.5,15.0,liu2019_opf,3.8106547987855452,0.4765625,0.7517091147496575
f0.5_chiN15,0.5,15.0,scft,3.7135620657436155,0.48046875,0.7675398135589997
f0.5_chiN15,0.5,15.0,liu2019_opf,3.8106547987855452,0.48046875,0.7619076323283376
f0.5_chiN15,0.5,15.0,scft,3.7135620657436155,0.484375,0.7781776348690755
f0.5_chiN15,0.5,15.0,liu2019_opf,3.8106547987855452,0.484375,0.7721061499070178
f0.5_chiN15,0.5,15.0,scft,3.7135620657436155,0.48828125,0.7871590970846775
f0.5_chiN15,0.5,15.0,liu2019_opf,3.8106547987855452,0.48828125,0.7823046674856979
f0.5_chiN15,0.5,15.0,scft,3.7135620657436155,0.4921875,0.7961405593002794
f0.5_chiN15,0.5,15.0,liu2019_opf,3.8106547987855452,0.4921875,0.792503185064378
f0.5_chiN15,0.5,15.0,scft,3.7135620657436155,0.49609375,0.8051220215158813
f0.5_chiN15,0.5,15.0,liu2019_opf,3.8106547987855452,0.49609375,0.8010704609099935
f0.5_chiN15,0.5,15.0,scft,3.7135620657436155,0.5,0.8141034837314832
f0.5_chiN15,0.5,15.0,liu2019_opf,3.8106547987855452,0.5,0.8096377367556089
f0.5_chiN15,0.5,15.0,scft,3.7135620657436155,0.50390625,0.8215522895256283
f0.5_chiN15,0.5,15.0,liu2019_opf,3.8106547987855452,0.50390625,0.8182050126012244
f0.5_chiN15,0.5,15.0,scft,3.7135620657436155,0.5078125,0.8290010953197734
f0.5_chiN15,0.5,15.0,liu2019_opf,3.8106547987855452,0.5078125,0.8267722884468398
f0.5_chiN15,0.5,15.0,scft,3.7135620657436155,0.51171875,0.8364499011139185
f0.5_chiN15,0.5,15.0,liu2019_opf,3.8106547987855452,0.51171875,0.8338059621573596
f0.5_chiN15,0.5,15.0,scft,3.7135620657436155,0.515625,0.8438987069080636
f0.5_chiN15,0.5,15.0,liu2019_opf,3.8106547987855452,0.515625,0.8408396358678792
f0.5_chiN15,0.5,15.0,scft,3.7135620657436155,0.51953125,0.849988834410583
f0.5_chiN15,0.5,15.0,liu2019_opf,3.8106547987855452,0.51953125,0.8478733095783989
f0.5_chiN15,0.5,15.0,scft,3.7135620657436155,0.5234375,0.8560789619131024
f0.5_chiN15,0.5,15.0,liu2019_opf,3.8106547987855452,0.5234375,0.8549069832889187
f0.5_chiN15,0.5,15.0,scft,3.7135620657436155,0.52734375,0.8621690894156218
f0.5_chiN15,0.5,15.0,liu2019_opf,3.8106547987855452,0.52734375,0.8605632176540382
f0.5_chiN15,0.5,15.0,scft,3.7135620657436155,0.53125,0.8682592169181412
f0.5_chiN15,0.5,15.0,liu2019_opf,3.8106547987855452,0.53125,0.8662194520191577
f0.5_chiN15,0.5,15.0,scft,3.7135620657436155,0.53515625,0.8731769163359631
f0.5_chiN15,0.5,15.0,liu2019_opf,3.8106547987855452,0.53515625,0.8718756863842774
f0.5_chiN15,0.5,15.0,scft,3.7135620657436155,0.5390625,0.8780946157537849
f0.5_chiN15,0.5,15.0,liu2019_opf,3.8106547987855452,0.5390625,0.8775319207493969
f0.5_chiN15,0.5,15.0,scft,3.7135620657436155,0.54296875,0.8830123151716067
f0.5_chiN15,0.5,15.0,liu2019_opf,3.8106547987855452,0.54296875,0.8819928410032831
f0.5_chiN15,0.5,15.0,scft,3.7135620657436155,0.546875,0.8879300145894286
f0.5_chiN15,0.5,15.0,liu2019_opf,3.8106547987855452,0.546875,0.8864537612571693
f0.5_chiN15,0.5,15.0,scft,3.7135620657436155,0.55078125,0.8918501988215964
f0.5_chiN15,0.5,15.0,liu2019_opf,3.8106547987855452,0.55078125,0.8909146815110556
f0.5_chiN15,0.5,15.0,scft,3.7135620657436155,0.5546875,0.8957703830537643
f0.5_chiN15,0.5,15.0,liu2019_opf,3.8106547987855452,0.5546875,0.8953756017649418
f0.5_chiN15,0.5,15.0,scft,3.7135620657436155,0.55859375,0.8996905672859322
f0.5_chiN15,0.5,15.0,liu2019_opf,3.8106547987855452,0.55859375,0.8988248973478224
f0.5_chiN15,0.5,15.0,scft,3.7135620657436155,0.5625,0.9036107515181001
f0.5_chiN15,0.5,15.0,liu2019_opf,3.8106547987855452,0.5625,0.9022741929307032
f0.5_chiN15,0.5,15.0,scft,3.7135620657436155,0.56640625,0.9066849442404176
f0.5_chiN15,0.5,15.0,liu2019_opf,3.8106547987855452,0.56640625,0.9057234885135839
f0.5_chiN15,0.5,15.0,scft,3.7135620657436155,0.5703125,0.9097591369627351
f0.5_chiN15,0.5,15.0,liu2019_opf,3.8106547987855452,0.5703125,0.9091727840964645
f0.5_chiN15,0.5,15.0,scft,3.7135620657436155,0.57421875,0.9128333296850526
f0.5_chiN15,0.5,15.0,liu2019_opf,3.8106547987855452,0.57421875,0.9117796621287937
f0.5_chiN15,0.5,15.0,scft,3.7135620657436155,0.578125,0.9159075224073701
f0.5_chiN15,0.5,15.0,liu2019_opf,3.8106547987855452,0.578125,0.9143865401611228
f0.5_chiN15,0.5,15.0,scft,3.7135620657436155,0.58203125,0.918259549933396
f0.5_chiN15,0.5,15.0,liu2019_opf,3.8106547987855452,0.58203125,0.9169934181934518
f0.5_chiN15,0.5,15.0,scft,3.7135620657436155,0.5859375,0.9206115774594219
f0.5_chiN15,0.5,15.0,liu2019_opf,3.8106547987855452,0.5859375,0.919600296225781
f0.5_chiN15,0.5,15.0,scft,3.7135620657436155,0.58984375,0.9229636049854479
f0.5_chiN15,0.5,15.0,liu2019_opf,3.8106547987855452,0.58984375,0.9215102625624426
f0.5_chiN15,0.5,15.0,scft,3.7135620657436155,0.59375,0.9253156325114739
f0.5_chiN15,0.5,15.0,liu2019_opf,3.8106547987855452,0.59375,0.9234202288991042
f0.5_chiN15,0.5,15.0,scft,3.7135620657436155,0.59765625,0.9270416798093554
f0.5_chiN15,0.5,15.0,liu2019_opf,3.8106547987855452,0.59765625,0.9253301952357659
f0.5_chiN15,0.5,15.0,scft,3.7135620657436155,0.6015625,0.9287677271072369
f0.5_chiN15,0.5,15.0,liu2019_opf,3.8106547987855452,0.6015625,0.9272401615724275
f0.5_chiN15,0.5,15.0,scft,3.7135620657436155,0.60546875,0.9304937744051184
f0.5_chiN15,0.5,15.0,liu2019_opf,3.8106547987855452,0.60546875,0.9285705920418951
f0.5_chiN15,0.5,15.0,scft,3.7135620657436155,0.609375,0.9322198217029999
f0.5_chiN15,0.5,15.0,liu2019_opf,3.8106547987855452,0.609375,0.9299010225113626
f0.5_chiN15,0.5,15.0,scft,3.7135620657436155,0.61328125,0.9333904866705889
f0.5_chiN15,0.5,15.0,liu2019_opf,3.8106547987855452,0.61328125,0.9312314529808303
f0.5_chiN15,0.5,15.0,scft,3.7135620657436155,0.6171875,0.9345611516381779
f0.5_chiN15,0.5,15.0,liu2019_opf,3.8106547987855452,0.6171875,0.9325618834502979
f0.5_chiN15,0.5,15.0,scft,3.7135620657436155,0.62109375,0.9357318166057669
f0.5_chiN15,0.5,15.0,liu2019_opf,3.8106547987855452,0.62109375,0.9334005135910244
f0.5_chiN15,0.5,15.0,scft,3.7135620657436155,0.625,0.9369024815733559
f0.5_chiN15,0.5,15.0,liu2019_opf,3.8106547987855452,0.625,0.9342391437317508
f0.5_chiN15,0.5,15.0,scft,3.7135620657436155,0.62890625,0.9375653249885537
f0.5_chiN15,0.5,15.0,liu2019_opf,3.8106547987855452,0.62890625,0.9350777738724771
f0.5_chiN15,0.5,15.0,scft,3.7135620657436155,0.6328125,0.9382281684037515
f0.5_chiN15,0.5,15.0,liu2019_opf,3.8106547987855452,0.6328125,0.9359164040132036
f0.5_chiN15,0.5,15.0,scft,3.7135620657436155,0.63671875,0.9388910118189493
f0.5_chiN15,0.5,15.0,liu2019_opf,3.8106547987855452,0.63671875,0.9363212952032745
f0.5_chiN15,0.5,15.0,scft,3.7135620657436155,0.640625,0.9395538552341471
f0.5_chiN15,0.5,15.0,liu2019_opf,3.8106547987855452,0.640625,0.9367261863933454
f0.5_chiN15,0.5,15.0,scft,3.7135620657436155,0.64453125,0.9397356075388246
f0.5_chiN15,0.5,15.0,liu2019_opf,3.8106547987855452,0.64453125,0.9371310775834163
f0.5_chiN15,0.5,15.0,scft,3.7135620657436155,0.6484375,0.939917359843502
f0.5_chiN15,0.5,15.0,liu2019_opf,3.8106547987855452,0.6484375,0.9375359687734871
f0.5_chiN15,0.5,15.0,scft,3.7135620657436155,0.65234375,0.9400991121481794
f0.5_chiN15,0.5,15.0,liu2019_opf,3.8106547987855452,0.65234375,0.9375359687806928
f0.5_chiN15,0.5,15.0,scft,3.7135620657436155,0.65625,0.9402808644528569
f0.5_chiN15,0.5,15.0,liu2019_opf,3.8106547987855452,0.65625,0.9375359687878984
f0.5_chiN15,0.5,15.0,scft,3.7135620657436155,0.66015625,0.9399888264066033
f0.5_chiN15,0.5,15.0,liu2019_opf,3.8106547987855452,0.66015625,0.9375359687951039
f0.5_chiN15,0.5,15.0,scft,3.7135620657436155,0.6640625,0.9396967883603498
f0.5_chiN15,0.5,15.0,liu2019_opf,3.8106547987855452,0.6640625,0.9375359688023095
f0.5_chiN15,0.5,15.0,scft,3.7135620657436155,0.66796875,0.9394047503140961
f0.5_chiN15,0.5,15.0,liu2019_opf,3.8106547987855452,0.66796875,0.9371310775975923
f0.5_chiN15,0.5,15.0,scft,3.7135620657436155,0.671875,0.9391127122678425
f0.5_chiN15,0.5,15.0,liu2019_opf,3.8106547987855452,0.671875,0.936726186392875
f0.5_chiN15,0.5,15.0,scft,3.7135620657436155,0.67578125,0.9383351493009596
f0.5_chiN15,0.5,15.0,liu2019_opf,3.8106547987855452,0.67578125,0.9363212951881577
f0.5_chiN15,0.5,15.0,scft,3.7135620657436155,0.6796875,0.9375575863340767
f0.5_chiN15,0.5,15.0,liu2019_opf,3.8106547987855452,0.6796875,0.9359164039834404
f0.5_chiN15,0.5,15.0,scft,3.7135620657436155,0.68359375,0.9367800233671938
f0.5_chiN15,0.5,15.0,liu2019_opf,3.8106547987855452,0.68359375,0.9350777738566892
f0.5_chiN15,0.5,15.0,scft,3.7135620657436155,0.6875,0.9360024604003109
f0.5_chiN15,0.5,15.0,liu2019_opf,3.8106547987855452,0.6875,0.934239143729938
f0.5_chiN15,0.5,15.0,scft,3.7135620657436155,0.69140625,0.9347079642701325
f0.5_chiN15,0.5,15.0,liu2019_opf,3.8106547987855452,0.69140625,0.9334005136031868
f0.5_chiN15,0.5,15.0,scft,3.7135620657436155,0.6953125,0.9334134681399541
f0.5_chiN15,0.5,15.0,liu2019_opf,3.8106547987855452,0.6953125,0.9325618834764355
f0.5_chiN15,0.5,15.0,scft,3.7135620657436155,0.69921875,0.9321189720097757
f0.5_chiN15,0.5,15.0,liu2019_opf,3.8106547987855452,0.69921875,0.9312314529944723
f0.5_chiN15,0.5,15.0,scft,3.7135620657436155,0.703125,0.9308244758795973
f0.5_chiN15,0.5,15.0,liu2019_opf,3.8106547987855452,0.703125,0.9299010225125091
f0.5_chiN15,0.5,15.0,scft,3.7135620657436155,0.70703125,0.9289603609525363
f0.5_chiN15,0.5,15.0,liu2019_opf,3.8106547987855452,0.70703125,0.9285705920305459
f0.5_chiN15,0.5,15.0,scft,3.7135620657436155,0.7109375,0.9270962460254755
f0.5_chiN15,0.5,15.0,liu2019_opf,3.8106547987855452,0.7109375,0.9272401615485827
f0.5_chiN15,0.5,15.0,scft,3.7135620657436155,0.71484375,0.9252321310984145
f0.5_chiN15,0.5,15.0,liu2019_opf,3.8106547987855452,0.71484375,0.9253301952241533
f0.5_chiN15,0.5,15.0,scft,3.7135620657436155,0.71875,0.9233680161713536
f0.5_chiN15,0.5,15.0,liu2019_opf,3.8106547987855452,0.71875,0.9234202288997239
f0.5_chiN15,0.5,15.0,scft,3.7135620657436155,0.72265625,0.9208579746759735
f0.5_chiN15,0.5,15.0,liu2019_opf,3.8106547987855452,0.72265625,0.9215102625752944
f0.5_chiN15,0.5,15.0,scft,3.7135620657436155,0.7265625,0.9183479331805935
f0.5_chiN15,0.5,15.0,liu2019_opf,3.8106547987855452,0.7265625,0.9196002962508651
f0.5_chiN15,0.5,15.0,scft,3.7135620657436155,0.73046875,0.9158378916852133
f0.5_chiN15,0.5,15.0,liu2019_opf,3.8106547987855452,0.73046875,0.9169934182101191
f0.5_chiN15,0.5,15.0,scft,3.7135620657436155,0.734375,0.9133278501898333
f0.5_chiN15,0.5,15.0,liu2019_opf,3.8106547987855452,0.734375,0.9143865401693732
f0.5_chiN15,0.5,15.0,scft,3.7135620657436155,0.73828125,0.9100694201142077
f0.5_chiN15,0.5,15.0,liu2019_opf,3.8106547987855452,0.73828125,0.9117796621286272
f0.5_chiN15,0.5,15.0,scft,3.7135620657436155,0.7421875,0.9068109900385821
f0.5_chiN15,0.5,15.0,liu2019_opf,3.8106547987855452,0.7421875,0.9091727840878813
f0.5_chiN15,0.5,15.0,scft,3.7135620657436155,0.74609375,0.9035525599629567
f0.5_chiN15,0.5,15.0,liu2019_opf,3.8106547987855452,0.74609375,0.9057234885121969
f0.5_chiN15,0.5,15.0,scft,3.7135620657436155,0.75,0.900294129887331
f0.5_chiN15,0.5,15.0,liu2019_opf,3.8106547987855452,0.75,0.9022741929365126
f0.5_chiN15,0.5,15.0,scft,3.7135620657436155,0.75390625,0.8961569500732423
f0.5_chiN15,0.5,15.0,liu2019_opf,3.8106547987855452,0.75390625,0.8988248973608282
f0.5_chiN15,0.5,15.0,scft,3.7135620657436155,0.7578125,0.8920197702591535
f0.5_chiN15,0.5,15.0,liu2019_opf,3.8106547987855452,0.7578125,0.8953756017851439
f0.5_chiN15,0.5,15.0,scft,3.7135620657436155,0.76171875,0.8878825904450647
f0.5_chiN15,0.5,15.0,liu2019_opf,3.8106547987855452,0.76171875,0.8909146815284303
f0.5_chiN15,0.5,15.0,scft,3.7135620657436155,0.765625,0.8837454106309759
f0.5_chiN15,0.5,15.0,liu2019_opf,3.8106547987855452,0.765625,0.8864537612717169
f0.5_chiN15,0.5,15.0,scft,3.7135620657436155,0.76953125,0.8785719255029922
f0.5_chiN15,0.5,15.0,liu2019_opf,3.8106547987855452,0.76953125,0.8819928410150035
f0.5_chiN15,0.5,15.0,scft,3.7135620657436155,0.7734375,0.8733984403750084
f0.5_chiN15,0.5,15.0,liu2019_opf,3.8106547987855452,0.7734375,0.8775319207582901
f0.5_chiN15,0.5,15.0,scft,3.7135620657436155,0.77734375,0.8682249552470245
f0.5_chiN15,0.5,15.0,liu2019_opf,3.8106547987855452,0.77734375,0.8718756863929473
f0.5_chiN15,0.5,15.0,scft,3.7135620657436155,0.78125,0.8630514701190408
f0.5_chiN15,0.5,15.0,liu2019_opf,3.8106547987855452,0.78125,0.8662194520276048
f0.5_chiN15,0.5,15.0,scft,3.7135620657436155,0.78515625,0.8566627012534045
f0.5_chiN15,0.5,15.0,liu2019_opf,3.8106547987855452,0.78515625,0.8605632176622621
f0.5_chiN15,0.5,15.0,scft,3.7135620657436155,0.7890625,0.8502739323877682
f0.5_chiN15,0.5,15.0,liu2019_opf,3.8106547987855452,0.7890625,0.8549069832969194
f0.5_chiN15,0.5,15.0,scft,3.7135620657436155,0.79296875,0.8438851635221318
f0.5_chiN15,0.5,15.0,liu2019_opf,3.8106547987855452,0.79296875,0.8478733095882025
f0.5_chiN15,0.5,15.0,scft,3.7135620657436155,0.796875,0.8374963946564956
f0.5_chiN15,0.5,15.0,liu2019_opf,3.8106547987855452,0.796875,0.8408396358794857
f0.5_chiN15,0.5,15.0,scft,3.7135620657436155,0.80078125,0.8297063351317461
f0.5_chiN15,0.5,15.0,liu2019_opf,3.8106547987855452,0.80078125,0.8338059621707689
f0.5_chiN15,0.5,15.0,scft,3.7135620657436155,0.8046875,0.8219162756069965
f0.5_chiN15,0.5,15.0,liu2019_opf,3.8106547987855452,0.8046875,0.8267722884620521
f0.5_chiN15,0.5,15.0,scft,3.7135620657436155,0.80859375,0.814126216082247
f0.5_chiN15,0.5,15.0,liu2019_opf,3.8106547987855452,0.80859375,0.8182050126115313
f0.5_chiN15,0.5,15.0,scft,3.7135620657436155,0.8125,0.8063361565574975
f0.5_chiN15,0.5,15.0,liu2019_opf,3.8106547987855452,0.8125,0.8096377367610106
f0.5_chiN15,0.5,15.0,scft,3.7135620657436155,0.81640625,0.7969785647608087
f0.5_chiN15,0.5,15.0,liu2019_opf,3.8106547987855452,0.81640625,0.80107046091049
f0.5_chiN15,0.5,15.0,scft,3.7135620657436155,0.8203125,0.7876209729641201
f0.5_chiN15,0.5,15.0,liu2019_opf,3.8106547987855452,0.8203125,0.7925031850599692
f0.5_chiN15,0.5,15.0,scft,3.7135620657436155,0.82421875,0.7782633811674314
f0.5_chiN15,0.5,15.0,liu2019_opf,3.8106547987855452,0.82421875,0.7823046674835681
f0.5_chiN15,0.5,15.0,scft,3.7135620657436155,0.828125,0.7689057893707427
f0.5_chiN15,0.5,15.0,liu2019_opf,3.8106547987855452,0.828125,0.7721061499071669
f0.5_chiN15,0.5,15.0,scft,3.7135620657436155,0.83203125,0.757875564916722
f0.5_chiN15,0.5,15.0,liu2019_opf,3.8106547987855452,0.83203125,0.7619076323307656
f0.5_chiN15,0.5,15.0,scft,3.7135620657436155,0.8359375,0.7468453404627013
f0.5_chiN15,0.5,15.0,liu2019_opf,3.8106547987855452,0.8359375,0.7517091147543644
f0.5_chiN15,0.5,15.0,scft,3.7135620657436155,0.83984375,0.7358151160086808
f0.5_chiN15,0.5,15.0,liu2019_opf,3.8106547987855452,0.83984375,0.7398775236953532
f0.5_chiN15,0.5,15.0,scft,3.7135620657436155,0.84375,0.7247848915546601
f0.5_chiN15,0.5,15.0,liu2019_opf,3.8106547987855452,0.84375,0.7280459326363418
f0.5_chiN15,0.5,15.0,scft,3.7135620657436155,0.84765625,0.7120910143536193
f0.5_chiN15,0.5,15.0,liu2019_opf,3.8106547987855452,0.84765625,0.7162143415773304
f0.5_chiN15,0.5,15.0,scft,3.7135620657436155,0.8515625,0.6993971371525786
f0.5_chiN15,0.5,15.0,liu2019_opf,3.8106547987855452,0.8515625,0.7043827505183191
f0.5_chiN15,0.5,15.0,scft,3.7135620657436155,0.85546875,0.6867032599515378
f0.5_chiN15,0.5,15.0,liu2019_opf,3.8106547987855452,0.85546875,0.6910462689730718
f0.5_chiN15,0.5,15.0,scft,3.7135620657436155,0.859375,0.674009382750497
f0.5_chiN15,0.5,15.0,liu2019_opf,3.8106547987855452,0.859375,0.6777097874278244
f0.5_chiN15,0.5,15.0,scft,3.7135620657436155,0.86328125,0.6598271449505242
f0.5_chiN15,0.5,15.0,liu2019_opf,3.8106547987855452,0.86328125,0.6643733058825769
f0.5_chiN15,0.5,15.0,scft,3.7135620657436155,0.8671875,0.6456449071505512
f0.5_chiN15,0.5,15.0,liu2019_opf,3.8106547987855452,0.8671875,0.6510368243373297
f0.5_chiN15,0.5,15.0,scft,3.7135620657436155,0.87109375,0.6314626693505783
f0.5_chiN15,0.5,15.0,liu2019_opf,3.8106547987855452,0.87109375,0.6364732554727766
f0.5_chiN15,0.5,15.0,scft,3.7135620657436155,0.875,0.6172804315506054
f0.5_chiN15,0.5,15.0,liu2019_opf,3.8106547987855452,0.875,0.6219096866082235
f0.5_chiN15,0.5,15.0,scft,3.7135620657436155,0.87890625,0.6019805091091882
f0.5_chiN15,0.5,15.0,liu2019_opf,3.8106547987855452,0.87890625,0.6073461177436705
f0.5_chiN15,0.5,15.0,scft,3.7135620657436155,0.8828125,0.5866805866677711
f0.5_chiN15,0.5,15.0,liu2019_opf,3.8106547987855452,0.8828125,0.5927825488791174
f0.5_chiN15,0.5,15.0,scft,3.7135620657436155,0.88671875,0.571380664226354
f0.5_chiN15,0.5,15.0,liu2019_opf,3.8106547987855452,0.88671875,0.5774126323179639
f0.5_chiN15,0.5,15.0,scft,3.7135620657436155,0.890625,0.5560807417849368
f0.5_chiN15,0.5,15.0,liu2019_opf,3.8106547987855452,0.890625,0.5620427157568104
f0.5_chiN15,0.5,15.0,scft,3.7135620657436155,0.89453125,0.5402103250437776
f0.5_chiN15,0.5,15.0,liu2019_opf,3.8106547987855452,0.89453125,0.5466727991956568
f0.5_chiN15,0.5,15.0,scft,3.7135620657436155,0.8984375,0.5243399083026185
f0.5_chiN15,0.5,15.0,liu2019_opf,3.8106547987855452,0.8984375,0.5313028826345032
f0.5_chiN15,0.5,15.0,scft,3.7135620657436155,0.90234375,0.5084694915614593
f0.5_chiN15,0.5,15.0,liu2019_opf,3.8106547987855452,0.90234375,0.5156514413035611
f0.5_chiN15,0.5,15.0,scft,3.7135620657436155,0.90625,0.4925990748203
f0.5_chiN15,0.5,15.0,liu2019_opf,3.8106547987855452,0.90625,0.4999999999726189
f0.5_chiN15,0.5,15.0,scft,3.7135620657436155,0.91015625,0.4768054868544893
f0.5_chiN15,0.5,15.0,liu2019_opf,3.8106547987855452,0.91015625,0.4843485586416768
f0.5_chiN15,0.5,15.0,scft,3.7135620657436155,0.9140625,0.46101189888867855
f0.5_chiN15,0.5,15.0,liu2019_opf,3.8106547987855452,0.9140625,0.4686971173107346
f0.5_chiN15,0.5,15.0,scft,3.7135620657436155,0.91796875,0.4452183109228678
f0.5_chiN15,0.5,15.0,liu2019_opf,3.8106547987855452,0.91796875,0.4533272007501541
f0.5_chiN15,0.5,15.0,scft,3.7135620657436155,0.921875,0.429424722957057
f0.5_chiN15,0.5,15.0,liu2019_opf,3.8106547987855452,0.921875,0.4379572841895737
f0.5_chiN15,0.5,15.0,scft,3.7135620657436155,0.92578125,0.414341314344904
f0.5_chiN15,0.5,15.0,liu2019_opf,3.8106547987855452,0.92578125,0.4225873676289933
f0.5_chiN15,0.5,15.0,scft,3.7135620657436155,0.9296875,0.3992579057327509
f0.5_chiN15,0.5,15.0,liu2019_opf,3.8106547987855452,0.9296875,0.4072174510684128
f0.5_chiN15,0.5,15.0,scft,3.7135620657436155,0.93359375,0.3841744971205978
f0.5_chiN15,0.5,15.0,liu2019_opf,3.8106547987855452,0.93359375,0.39265388220493214
f0.5_chiN15,0.5,15.0,scft,3.7135620657436155,0.9375,0.3690910885084448
f0.5_chiN15,0.5,15.0,liu2019_opf,3.8106547987855452,0.9375,0.3780903133414515
f0.5_chiN15,0.5,15.0,scft,3.7135620657436155,0.94140625,0.3552286616832582
f0.5_chiN15,0.5,15.0,liu2019_opf,3.8106547987855452,0.94140625,0.36352674447797084
f0.5_chiN15,0.5,15.0,scft,3.7135620657436155,0.9453125,0.34136623485807155
f0.5_chiN15,0.5,15.0,liu2019_opf,3.8106547987855452,0.9453125,0.3489631756144903
f0.5_chiN15,0.5,15.0,scft,3.7135620657436155,0.94921875,0.3275038080328849
f0.5_chiN15,0.5,15.0,liu2019_opf,3.8106547987855452,0.94921875,0.3356266940706907
f0.5_chiN15,0.5,15.0,scft,3.7135620657436155,0.953125,0.3136413812076983
f0.5_chiN15,0.5,15.0,liu2019_opf,3.8106547987855452,0.953125,0.32229021252689116
f0.5_chiN15,0.5,15.0,scft,3.7135620657436155,0.95703125,0.30132473758240697
f0.5_chiN15,0.5,15.0,liu2019_opf,3.8106547987855452,0.95703125,0.30895373098309165
f0.5_chiN15,0.5,15.0,scft,3.7135620657436155,0.9609375,0.28900809395711563
f0.5_chiN15,0.5,15.0,liu2019_opf,3.8106547987855452,0.9609375,0.295617249439292
f0.5_chiN15,0.5,15.0,scft,3.7135620657436155,0.96484375,0.2766914503318243
f0.5_chiN15,0.5,15.0,liu2019_opf,3.8106547987855452,0.96484375,0.283785658381967
f0.5_chiN15,0.5,15.0,scft,3.7135620657436155,0.96875,0.26437480670653296
f0.5_chiN15,0.5,15.0,liu2019_opf,3.8106547987855452,0.96875,0.2719540673246419
f0.5_chiN15,0.5,15.0,scft,3.7135620657436155,0.97265625,0.2537368236636205
f0.5_chiN15,0.5,15.0,liu2019_opf,3.8106547987855452,0.97265625,0.2601224762673169
f0.5_chiN15,0.5,15.0,scft,3.7135620657436155,0.9765625,0.24309884062070808
f0.5_chiN15,0.5,15.0,liu2019_opf,3.8106547987855452,0.9765625,0.24829088520999187
f0.5_chiN15,0.5,15.0,scft,3.7135620657436155,0.98046875,0.2324608575777956
f0.5_chiN15,0.5,15.0,liu2019_opf,3.8106547987855452,0.98046875,0.23809236763537833
f0.5_chiN15,0.5,15.0,scft,3.7135620657436155,0.984375,0.22182287453488317
f0.5_chiN15,0.5,15.0,liu2019_opf,3.8106547987855452,0.984375,0.2278938500607649
f0.5_chiN15,0.5,15.0,scft,3.7135620657436155,0.98828125,0.2128412205089009
f0.5_chiN15,0.5,15.0,liu2019_opf,3.8106547987855452,0.98828125,0.21769533248615136
f0.5_chiN15,0.5,15.0,scft,3.7135620657436155,0.9921875,0.20385956648291859
f0.5_chiN15,0.5,15.0,liu2019_opf,3.8106547987855452,0.9921875,0.20749681491153793
f0.5_chiN15,0.5,15.0,scft,3.7135620657436155,0.99609375,0.19487791245693628
f0.5_chiN15,0.5,15.0,liu2019_opf,3.8106547987855452,0.99609375,0.19892953906278843
f0.5_chiN20,0.5,20.0,scft,4.045700132441193,0.0,0.9614291684468702
f0.5_chiN20,0.5,20.0,liu2019_opf,4.1707473057397975,0.0,0.9626047426074241
f0.5_chiN20,0.5,20.0,scft,4.045700132441193,0.00390625,0.9633755642410826
f0.5_chiN20,0.5,20.0,liu2019_opf,4.1707473057397975,0.00390625,0.9644624963084615
f0.5_chiN20,0.5,20.0,scft,4.045700132441193,0.0078125,0.9653219600352952
f0.5_chiN20,0.5,20.0,liu2019_opf,4.1707473057397975,0.0078125,0.9656857148696524
f0.5_chiN20,0.5,20.0,scft,4.045700132441193,0.01171875,0.9672683558295077
f0.5_chiN20,0.5,20.0,liu2019_opf,4.1707473057397975,0.01171875,0.9669089334308434
f0.5_chiN20,0.5,20.0,scft,4.045700132441193,0.015625,0.9688750135333462
f0.5_chiN20,0.5,20.0,liu2019_opf,4.1707473057397975,0.015625,0.9681321519920344
f0.5_chiN20,0.5,20.0,scft,4.045700132441193,0.01953125,0.9703967367145913
f0.5_chiN20,0.5,20.0,liu2019_opf,4.1707473057397975,0.01953125,0.9693553705532253
f0.5_chiN20,0.5,20.0,scft,4.045700132441193,0.0234375,0.9719184598958363
f0.5_chiN20,0.5,20.0,liu2019_opf,4.1707473057397975,0.0234375,0.9701386604981704
f0.5_chiN20,0.5,20.0,scft,4.045700132441193,0.02734375,0.9732290489192743
f0.5_chiN20,0.5,20.0,liu2019_opf,4.1707473057397975,0.02734375,0.9709219504431156
f0.5_chiN20,0.5,20.0,scft,4.045700132441193,0.03125,0.9743988818375074
f0.5_chiN20,0.5,20.0,liu2019_opf,4.1707473057397975,0.03125,0.9717052403880607
f0.5_chiN20,0.5,20.0,scft,4.045700132441193,0.03515625,0.9755687147557408
f0.5_chiN20,0.5,20.0,liu2019_opf,4.1707473057397975,0.03515625,0.9724885303330059
f0.5_chiN20,0.5,20.0,scft,4.045700132441193,0.0390625,0.9766193124976917
f0.5_chiN20,0.5,20.0,liu2019_opf,4.1707473057397975,0.0390625,0.9729702048664952
f0.5_chiN20,0.5,20.0,scft,4.045700132441193,0.04296875,0.9774910574752197
f0.5_chiN20,0.5,20.0,liu2019_opf,4.1707473057397975,0.04296875,0.9734518793999846
f0.5_chiN20,0.5,20.0,scft,4.045700132441193,0.046875,0.9783628024527475
f0.5_chiN20,0.5,20.0,liu2019_opf,4.1707473057397975,0.046875,0.9739335539334739
f0.5_chiN20,0.5,20.0,scft,4.045700132441193,0.05078125,0.9791825409503758
f0.5_chiN20,0.5,20.0,liu2019_opf,4.1707473057397975,0.05078125,0.9744152284669633
f0.5_chiN20,0.5,20.0,scft,4.045700132441193,0.0546875,0.9797942535284061
f0.5_chiN20,0.5,20.0,liu2019_opf,4.1707473057397975,0.0546875,0.9746887652431516
f0.5_chiN20,0.5,20.0,scft,4.045700132441193,0.05859375,0.9804059661064364
f0.5_chiN20,0.5,20.0,liu2019_opf,4.1707473057397975,0.05859375,0.9749623020193399
f0.5_chiN20,0.5,20.0,scft,4.045700132441193,0.0625,0.9810176786844668
f0.5_chiN20,0.5,20.0,liu2019_opf,4.1707473057397975,0.0625,0.9752358387955282
f0.5_chiN20,0.5,20.0,scft,4.045700132441193,0.06640625,0.9813951778181074
f0.5_chiN20,0.5,20.0,liu2019_opf,4.1707473057397975,0.06640625,0.9755093755717166
f0.5_chiN20,0.5,20.0,scft,4.045700132441193,0.0703125,0.9817726769517479
f0.5_chiN20,0.5,20.0,liu2019_opf,4.1707473057397975,0.0703125,0.9756325146908504
f0.5_chiN20,0.5,20.0,scft,4.045700132441193,0.07421875,0.9821501760853883
f0.5_chiN20,0.5,20.0,liu2019_opf,4.1707473057397975,0.07421875,0.9757556538099843
f0.5_chiN20,0.5,20.0,scft,4.045700132441193,0.078125,0.9823525642784607
f0.5_chiN20,0.5,20.0,liu2019_opf,4.1707473057397975,0.078125,0.975878792929118
f0.5_chiN20,0.5,20.0,scft,4.045700132441193,0.08203125,0.9825111747363912
f0.5_chiN20,0.5,20.0,liu2019_opf,4.1707473057397975,0.08203125,0.9760019320482519
f0.5_chiN20,0.5,20.0,scft,4.045700132441193,0.0859375,0.9826697851943215
f0.5_chiN20,0.5,20.0,liu2019_opf,4.1707473057397975,0.0859375,0.9760018878949417
f0.5_chiN20,0.5,20.0,scft,4.045700132441193,0.08984375,0.9827010734585953
f0.5_chiN20,0.5,20.0,liu2019_opf,4.1707473057397975,0.08984375,0.9760018437416315
f0.5_chiN20,0.5,20.0,scft,4.045700132441193,0.09375,0.9826474802604312
f0.5_chiN20,0.5,20.0,liu2019_opf,4.1707473057397975,0.09375,0.9760017995883212
f0.5_chiN20,0.5,20.0,scft,4.045700132441193,0.09765625,0.9825938870622672
f0.5_chiN20,0.5,20.0,liu2019_opf,4.1707473057397975,0.09765625,0.976001755435011
f0.5_chiN20,0.5,20.0,scft,4.045700132441193,0.1015625,0.9824544421505748
f0.5_chiN20,0.5,20.0,liu2019_opf,4.1707473057397975,0.1015625,0.9758787004659393
f0.5_chiN20,0.5,20.0,scft,4.045700132441193,0.10546875,0.9821862196685898
f0.5_chiN20,0.5,20.0,liu2019_opf,4.1707473057397975,0.10546875,0.9757556454968677
f0.5_chiN20,0.5,20.0,scft,4.045700132441193,0.109375,0.9819179971866048
f0.5_chiN20,0.5,20.0,liu2019_opf,4.1707473057397975,0.109375,0.975632590527796
f0.5_chiN20,0.5,20.0,scft,4.045700132441193,0.11328125,0.9816046778314196
f0.5_chiN20,0.5,20.0,liu2019_opf,4.1707473057397975,0.11328125,0.9755095355587243
f0.5_chiN20,0.5,20.0,scft,4.045700132441193,0.1171875,0.9811109709834329
f0.5_chiN20,0.5,20.0,liu2019_opf,4.1707473057397975,0.1171875,0.9752359254505473
f0.5_chiN20,0.5,20.0,scft,4.045700132441193,0.12109375,0.9806172641354461
f0.5_chiN20,0.5,20.0,liu2019_opf,4.1707473057397975,0.12109375,0.9749623153423702
f0.5_chiN20,0.5,20.0,scft,4.045700132441193,0.125,0.9801235572874595
f0.5_chiN20,0.5,20.0,liu2019_opf,4.1707473057397975,0.125,0.9746887052341932
f0.5_chiN20,0.5,20.0,scft,4.045700132441193,0.12890625,0.9793838519612459
f0.5_chiN20,0.5,20.0,liu2019_opf,4.1707473057397975,0.12890625,0.9744150951260161
f0.5_chiN20,0.5,20.0,scft,4.045700132441193,0.1328125,0.9786441466350324
f0.5_chiN20,0.5,20.0,liu2019_opf,4.1707473057397975,0.1328125,0.9739334810471878
f0.5_chiN20,0.5,20.0,scft,4.045700132441193,0.13671875,0.977904441308819
f0.5_chiN20,0.5,20.0,liu2019_opf,4.1707473057397975,0.13671875,0.9734518669683596
f0.5_chiN20,0.5,20.0,scft,4.045700132441193,0.140625,0.9769426208418454
f0.5_chiN20,0.5,20.0,liu2019_opf,4.1707473057397975,0.140625,0.9729702528895312
f0.5_chiN20,0.5,20.0,scft,4.045700132441193,0.14453125,0.9759252715896817
f0.5_chiN20,0.5,20.0,liu2019_opf,4.1707473057397975,0.14453125,0.972488638810703
f0.5_chiN20,0.5,20.0,scft,4.045700132441193,0.1484375,0.974907922337518
f0.5_chiN20,0.5,20.0,liu2019_opf,4.1707473057397975,0.1484375,0.9717053001476953
f0.5_chiN20,0.5,20.0,scft,4.045700132441193,0.15234375,0.9736967215697678
f0.5_chiN20,0.5,20.0,liu2019_opf,4.1707473057397975,0.15234375,0.9709219614846877
f0.5_chiN20,0.5,20.0,scft,4.045700132441193,0.15625,0.9723562864582935
f0.5_chiN20,0.5,20.0,liu2019_opf,4.1707473057397975,0.15625,0.97013862282168
f0.5_chiN20,0.5,20.0,scft,4.045700132441193,0.16015625,0.9710158513468191
f0.5_chiN20,0.5,20.0,liu2019_opf,4.1707473057397975,0.16015625,0.9693552841586723
f0.5_chiN20,0.5,20.0,scft,4.045700132441193,0.1640625,0.9695209245095721
f0.5_chiN20,0.5,20.0,liu2019_opf,4.1707473057397975,0.1640625,0.968132093055027
f0.5_chiN20,0.5,20.0,scft,4.045700132441193,0.16796875,0.9677942600836655
f0.5_chiN20,0.5,20.0,liu2019_opf,4.1707473057397975,0.16796875,0.9669089019513817
f0.5_chiN20,0.5,20.0,scft,4.045700132441193,0.171875,0.9660675956577592
f0.5_chiN20,0.5,20.0,liu2019_opf,4.1707473057397975,0.171875,0.9656857108477364
f0.5_chiN20,0.5,20.0,scft,4.045700132441193,0.17578125,0.9642467322100209
f0.5_chiN20,0.5,20.0,liu2019_opf,4.1707473057397975,0.17578125,0.964462519744091
f0.5_chiN20,0.5,20.0,scft,4.045700132441193,0.1796875,0.9620490726749549
f0.5_chiN20,0.5,20.0,liu2019_opf,4.1707473057397975,0.1796875,0.962604789894212
f0.5_chiN20,0.5,20.0,scft,4.045700132441193,0.18359375,0.959851413139889
f0.5_chiN20,0.5,20.0,liu2019_opf,4.1707473057397975,0.18359375,0.9607470600443331
f0.5_chiN20,0.5,20.0,scft,4.045700132441193,0.1875,0.957653753604823
f0.5_chiN20,0.5,20.0,liu2019_opf,4.1707473057397975,0.1875,0.958889330194454
f0.5_chiN20,0.5,20.0,scft,4.045700132441193,0.19140625,0.9548712293762778
f0.5_chiN20,0.5,20.0,liu2019_opf,4.1707473057397975,0.19140625,0.957031600344575
f0.5_chiN20,0.5,20.0,scft,4.045700132441193,0.1953125,0.9520887051477325
f0.5_chiN20,0.5,20.0,liu2019_opf,4.1707473057397975,0.1953125,0.9542751825556053
f0.5_chiN20,0.5,20.0,scft,4.045700132441193,0.19921875,0.9493061809191873
f0.5_chiN20,0.5,20.0,liu2019_opf,4.1707473057397975,0.19921875,0.9515187647666354
f0.5_chiN20,0.5,20.0,scft,4.045700132441193,0.203125,0.9459360199572395
f0.5_chiN20,0.5,20.0,liu2019_opf,4.1707473057397975,0.203125,0.9487623469776657
f0.5_chiN20,0.5,20.0,scft,4.045700132441193,0.20703125,0.9424189498119413
f0.5_chiN20,0.5,20.0,liu2019_opf,4.1707473057397975,0.20703125,0.946005929188696
f0.5_chiN20,0.5,20.0,scft,4.045700132441193,0.2109375,0.938901879666643
f0.5_chiN20,0.5,20.0,liu2019_opf,4.1707473057397975,0.2109375,0.9420056408260566
f0.5_chiN20,0.5,20.0,scft,4.045700132441193,0.21484375,0.9348274893410533
f0.5_chiN20,0.5,20.0,liu2019_opf,4.1707473057397975,0.21484375,0.9380053524634174
f0.5_chiN20,0.5,20.0,scft,4.045700132441193,0.21875,0.930381552228603
f0.5_chiN20,0.5,20.0,liu2019_opf,4.1707473057397975,0.21875,0.9340050641007782
f0.5_chiN20,0.5,20.0,scft,4.045700132441193,0.22265625,0.9259356151161526
f0.5_chiN20,0.5,20.0,liu2019_opf,4.1707473057397975,0.22265625,0.9300047757381389
f0.5_chiN20,0.5,20.0,scft,4.045700132441193,0.2265625,0.9210194536417622
f0.5_chiN20,0.5,20.0,liu2019_opf,4.1707473057397975,0.2265625,0.9243305857774059
f0.5_chiN20,0.5,20.0,scft,4.045700132441193,0.23046875,0.9153979556244614
f0.5_chiN20,0.5,20.0,liu2019_opf,4.1707473057397975,0.23046875,0.9186563958166729
f0.5_chiN20,0.5,20.0,scft,4.045700132441193,0.234375,0.9097764576071606
f0.5_chiN20,0.5,20.0,liu2019_opf,4.1707473057397975,0.234375,0.9129822058559398
f0.5_chiN20,0.5,20.0,scft,4.045700132441193,0.23828125,0.9038595043441646
f0.5_chiN20,0.5,20.0,liu2019_opf,4.1707473057397975,0.23828125,0.9073080158952068
f0.5_chiN20,0.5,20.0,scft,4.045700132441193,0.2421875,0.896760730098387
f0.5_chiN20,0.5,20.0,liu2019_opf,4.1707473057397975,0.2421875,0.899462543432856
f0.5_chiN20,0.5,20.0,scft,4.045700132441193,0.24609375,0.8896619558526094
f0.5_chiN20,0.5,20.0,liu2019_opf,4.1707473057397975,0.24609375,0.8916170709705054
f0.5_chiN20,0.5,20.0,scft,4.045700132441193,0.25,0.8825631816068318
f0.5_chiN20,0.5,20.0,liu2019_opf,4.1707473057397975,0.25,0.8837715985081548
f0.5_chiN20,0.5,20.0,scft,4.045700132441193,0.25390625,0.8736357536921371
f0.5_chiN20,0.5,20.0,liu2019_opf,4.1707473057397975,0.25390625,0.875926126045804
f0.5_chiN20,0.5,20.0,scft,4.045700132441193,0.2578125,0.8647083257774424
f0.5_chiN20,0.5,20.0,liu2019_opf,4.1707473057397975,0.2578125,0.8653999910099861
f0.5_chiN20,0.5,20.0,scft,4.045700132441193,0.26171875,0.8557808978627478
f0.5_chiN20,0.5,20.0,liu2019_opf,4.1707473057397975,0.26171875,0.8548738559741681
f0.5_chiN20,0.5,20.0,scft,4.045700132441193,0.265625,0.8450906261523092
f0.5_chiN20,0.5,20.0,liu2019_opf,4.1707473057397975,0.265625,0.8443477209383501
f0.5_chiN20,0.5,20.0,scft,4.045700132441193,0.26953125,0.8339596434929348
f0.5_chiN20,0.5,20.0,liu2019_opf,4.1707473057397975,0.26953125,0.8338215859025322
f0.5_chiN20,0.5,20.0,scft,4.045700132441193,0.2734375,0.8228286608335605
f0.5_chiN20,0.5,20.0,liu2019_opf,4.1707473057397975,0.2734375,0.8202039196871824
f0.5_chiN20,0.5,20.0,scft,4.045700132441193,0.27734375,0.8101695385863296
f0.5_chiN20,0.5,20.0,liu2019_opf,4.1707473057397975,0.27734375,0.8065862534718327
f0.5_chiN20,0.5,20.0,scft,4.045700132441193,0.28125,0.7964916566138609
f0.5_chiN20,0.5,20.0,liu2019_opf,4.1707473057397975,0.28125,0.792968587256483
f0.5_chiN20,0.5,20.0,scft,4.045700132441193,0.28515625,0.7828137746413921
f0.5_chiN20,0.5,20.0,liu2019_opf,4.1707473057397975,0.28515625,0.7793509210411332
f0.5_chiN20,0.5,20.0,scft,4.045700132441193,0.2890625,0.7680300623663446
f0.5_chiN20,0.5,20.0,liu2019_opf,4.1707473057397975,0.2890625,0.7624958874883102
f0.5_chiN20,0.5,20.0,scft,4.045700132441193,0.29296875,0.751587604637429
f0.5_chiN20,0.5,20.0,liu2019_opf,4.1707473057397975,0.29296875,0.7456408539354871
f0.5_chiN20,0.5,20.0,scft,4.045700132441193,0.296875,0.7351451469085133
f0.5_chiN20,0.5,20.0,liu2019_opf,4.1707473057397975,0.296875,0.7287858203826639
f0.5_chiN20,0.5,20.0,scft,4.045700132441193,0.30078125,0.7181569370088664
f0.5_chiN20,0.5,20.0,liu2019_opf,4.1707473057397975,0.30078125,0.7119307868298409
f0.5_chiN20,0.5,20.0,scft,4.045700132441193,0.3046875,0.6989857184262942
f0.5_chiN20,0.5,20.0,liu2019_opf,4.1707473057397975,0.3046875,0.6921394822057955
f0.5_chiN20,0.5,20.0,scft,4.045700132441193,0.30859375,0.6798144998437221
f0.5_chiN20,0.5,20.0,liu2019_opf,4.1707473057397975,0.30859375,0.67234817758175
f0.5_chiN20,0.5,20.0,scft,4.045700132441193,0.3125,0.6606432812611499
f0.5_chiN20,0.5,20.0,liu2019_opf,4.1707473057397975,0.3125,0.6525568729577046
f0.5_chiN20,0.5,20.0,scft,4.045700132441193,0.31640625,0.6391575830414118
f0.5_chiN20,0.5,20.0,liu2019_opf,4.1707473057397975,0.31640625,0.6327655683336592
f0.5_chiN20,0.5,20.0,scft,4.045700132441193,0.3203125,0.6176718848216736
f0.5_chiN20,0.5,20.0,liu2019_opf,4.1707473057397975,0.3203125,0.610890492938871
f0.5_chiN20,0.5,20.0,scft,4.045700132441193,0.32421875,0.5961861866019355
f0.5_chiN20,0.5,20.0,liu2019_opf,4.1707473057397975,0.32421875,0.5890154175440829
f0.5_chiN20,0.5,20.0,scft,4.045700132441193,0.328125,0.5735205996478555
f0.5_chiN20,0.5,20.0,liu2019_opf,4.1707473057397975,0.328125,0.5671403421492949
f0.5_chiN20,0.5,20.0,scft,4.045700132441193,0.33203125,0.55056004051019
f0.5_chiN20,0.5,20.0,liu2019_opf,4.1707473057397975,0.33203125,0.5452652667545067
f0.5_chiN20,0.5,20.0,scft,4.045700132441193,0.3359375,0.5275994813725247
f0.5_chiN20,0.5,20.0,liu2019_opf,4.1707473057397975,0.3359375,0.5226326333786647
f0.5_chiN20,0.5,20.0,scft,4.045700132441193,0.33984375,0.5044530225286481
f0.5_chiN20,0.5,20.0,liu2019_opf,4.1707473057397975,0.33984375,0.5000000000028226
f0.5_chiN20,0.5,20.0,scft,4.045700132441193,0.34375,0.48118263054729765
f0.5_chiN20,0.5,20.0,liu2019_opf,4.1707473057397975,0.34375,0.47736736662698054
f0.5_chiN20,0.5,20.0,scft,4.045700132441193,0.34765625,0.45791223856594715
f0.5_chiN20,0.5,20.0,liu2019_opf,4.1707473057397975,0.34765625,0.4547347332511385
f0.5_chiN20,0.5,20.0,scft,4.045700132441193,0.3515625,0.4350131241105999
f0.5_chiN20,0.5,20.0,liu2019_opf,4.1707473057397975,0.3515625,0.4328596578562481
f0.5_chiN20,0.5,20.0,scft,4.045700132441193,0.35546875,0.4126709259442576
f0.5_chiN20,0.5,20.0,liu2019_opf,4.1707473057397975,0.35546875,0.4109845824613576
f0.5_chiN20,0.5,20.0,scft,4.045700132441193,0.359375,0.39032872777791516
f0.5_chiN20,0.5,20.0,liu2019_opf,4.1707473057397975,0.359375,0.38910950706646713
f0.5_chiN20,0.5,20.0,scft,4.045700132441193,0.36328125,0.36837684716778923
f0.5_chiN20,0.5,20.0,liu2019_opf,4.1707473057397975,0.36328125,0.3672344316715767
f0.5_chiN20,0.5,20.0,scft,4.045700132441193,0.3671875,0.34798623678252905
f0.5_chiN20,0.5,20.0,liu2019_opf,4.1707473057397975,0.3671875,0.3474431270473637
f0.5_chiN20,0.5,20.0,scft,4.045700132441193,0.37109375,0.3275956263972689
f0.5_chiN20,0.5,20.0,liu2019_opf,4.1707473057397975,0.37109375,0.3276518224231507
f0.5_chiN20,0.5,20.0,scft,4.045700132441193,0.375,0.3072050160120087
f0.5_chiN20,0.5,20.0,liu2019_opf,4.1707473057397975,0.375,0.30786051779893775
f0.5_chiN20,0.5,20.0,scft,4.045700132441193,0.37890625,0.2893921825440521
f0.5_chiN20,0.5,20.0,liu2019_opf,4.1707473057397975,0.37890625,0.2880692131747247
f0.5_chiN20,0.5,20.0,scft,4.045700132441193,0.3828125,0.2715793490760954
f0.5_chiN20,0.5,20.0,liu2019_opf,4.1707473057397975,0.3828125,0.27121417962170924
f0.5_chiN20,0.5,20.0,scft,4.045700132441193,0.38671875,0.2537665156081387
f0.5_chiN20,0.5,20.0,liu2019_opf,4.1707473057397975,0.38671875,0.25435914606869375
f0.5_chiN20,0.5,20.0,scft,4.045700132441193,0.390625,0.23818331462347012
f0.5_chiN20,0.5,20.0,liu2019_opf,4.1707473057397975,0.390625,0.23750411251567827
f0.5_chiN20,0.5,20.0,scft,4.045700132441193,0.39453125,0.22315752175962358
f0.5_chiN20,0.5,20.0,liu2019_opf,4.1707473057397975,0.39453125,0.22064907896266278
f0.5_chiN20,0.5,20.0,scft,4.045700132441193,0.3984375,0.20813172889577708
f0.5_chiN20,0.5,20.0,liu2019_opf,4.1707473057397975,0.3984375,0.2070314127471178
f0.5_chiN20,0.5,20.0,scft,4.045700132441193,0.40234375,0.19471231976906644
f0.5_chiN20,0.5,20.0,liu2019_opf,4.1707473057397975,0.40234375,0.1934137465315728
f0.5_chiN20,0.5,20.0,scft,4.045700132441193,0.40625,0.1823638331337798
f0.5_chiN20,0.5,20.0,liu2019_opf,4.1707473057397975,0.40625,0.17979608031602784
f0.5_chiN20,0.5,20.0,scft,4.045700132441193,0.41015625,0.17001534649849318
f0.5_chiN20,0.5,20.0,liu2019_opf,4.1707473057397975,0.41015625,0.16617841410048284
f0.5_chiN20,0.5,20.0,scft,4.045700132441193,0.4140625,0.15861950478984957
f0.5_chiN20,0.5,20.0,liu2019_opf,4.1707473057397975,0.4140625,0.15565227906447113
f0.5_chiN20,0.5,20.0,scft,4.045700132441193,0.41796875,0.14865263047117064
f0.5_chiN20,0.5,20.0,liu2019_opf,4.1707473057397975,0.41796875,0.14512614402845941
f0.5_chiN20,0.5,20.0,scft,4.045700132441193,0.421875,0.13868575615249168
f0.5_chiN20,0.5,20.0,liu2019_opf,4.1707473057397975,0.421875,0.13460000899244773
f0.5_chiN20,0.5,20.0,scft,4.045700132441193,0.42578125,0.1291214786936959
f0.5_chiN20,0.5,20.0,liu2019_opf,4.1707473057397975,0.42578125,0.124073873956436
f0.5_chiN20,0.5,20.0,scft,4.045700132441193,0.4296875,0.12116758867443271
f0.5_chiN20,0.5,20.0,liu2019_opf,4.1707473057397975,0.4296875,0.1162284014939148
f0.5_chiN20,0.5,20.0,scft,4.045700132441193,0.43359375,0.11321369865516956
f0.5_chiN20,0.5,20.0,liu2019_opf,4.1707473057397975,0.43359375,0.10838292903139363
f0.5_chiN20,0.5,20.0,scft,4.045700132441193,0.4375,0.10525980863590638
f0.5_chiN20,0.5,20.0,liu2019_opf,4.1707473057397975,0.4375,0.10053745656887242
f0.5_chiN20,0.5,20.0,scft,4.045700132441193,0.44140625,0.09895125808581895
f0.5_chiN20,0.5,20.0,liu2019_opf,4.1707473057397975,0.44140625,0.09269198410635124
f0.5_chiN20,0.5,20.0,scft,4.045700132441193,0.4453125,0.09264270753573152
f0.5_chiN20,0.5,20.0,liu2019_opf,4.1707473057397975,0.4453125,0.0870177941454979
f0.5_chiN20,0.5,20.0,scft,4.045700132441193,0.44921875,0.0863341569856441
f0.5_chiN20,0.5,20.0,liu2019_opf,4.1707473057397975,0.44921875,0.08134360418464458
f0.5_chiN20,0.5,20.0,scft,4.045700132441193,0.453125,0.0810795304310476
f0.5_chiN20,0.5,20.0,liu2019_opf,4.1707473057397975,0.453125,0.07566941422379125
f0.5_chiN20,0.5,20.0,scft,4.045700132441193,0.45703125,0.07608838487532381
f0.5_chiN20,0.5,20.0,liu2019_opf,4.1707473057397975,0.45703125,0.06999522426293792
f0.5_chiN20,0.5,20.0,scft,4.045700132441193,0.4609375,0.07109723931960003
f0.5_chiN20,0.5,20.0,liu2019_opf,4.1707473057397975,0.4609375,0.06599493590022394
f0.5_chiN20,0.5,20.0,scft,4.045700132441193,0.46484375,0.06673223286018061
f0.5_chiN20,0.5,20.0,liu2019_opf,4.1707473057397975,0.46484375,0.06199464753750998
f0.5_chiN20,0.5,20.0,scft,4.045700132441193,0.46875,0.06278465246496409
f0.5_chiN20,0.5,20.0,liu2019_opf,4.1707473057397975,0.46875,0.057994359174796006
f0.5_chiN20,0.5,20.0,scft,4.045700132441193,0.47265625,0.05883707206974758
f0.5_chiN20,0.5,20.0,liu2019_opf,4.1707473057397975,0.47265625,0.05399407081208204
f0.5_chiN20,0.5,20.0,scft,4.045700132441193,0.4765625,0.055219219692632944
f0.5_chiN20,0.5,20.0,liu2019_opf,4.1707473057397975,0.4765625,0.05123765302301108
f0.5_chiN20,0.5,20.0,scft,4.045700132441193,0.48046875,0.052095959342671125
f0.5_chiN20,0.5,20.0,liu2019_opf,4.1707473057397975,0.48046875,0.04848123523394013
f0.5_chiN20,0.5,20.0,scft,4.045700132441193,0.484375,0.0489726989927093
f0.5_chiN20,0.5,20.0,liu2019_opf,4.1707473057397975,0.484375,0.04572481744486917
f0.5_chiN20,0.5,20.0,scft,4.045700132441193,0.48828125,0.0459801585986775
f0.5_chiN20,0.5,20.0,liu2019_opf,4.1707473057397975,0.48828125,0.04296839965579821
f0.5_chiN20,0.5,20.0,scft,4.045700132441193,0.4921875,0.04351049802836578
f0.5_chiN20,0.5,20.0,liu2019_opf,4.1707473057397975,0.4921875,0.04111066980587565
f0.5_chiN20,0.5,20.0,scft,4.045700132441193,0.49609375,0.04104083745805406
f0.5_chiN20,0.5,20.0,liu2019_opf,4.1707473057397975,0.49609375,0.039252939955953095
f0.5_chiN20,0.5,20.0,scft,4.045700132441193,0.5,0.03857117688774234
f0.5_chiN20,0.5,20.0,liu2019_opf,4.1707473057397975,0.5,0.03739521010603053
f0.5_chiN20,0.5,20.0,scft,4.045700132441193,0.50390625,0.03662466884467853
f0.5_chiN20,0.5,20.0,liu2019_opf,4.1707473057397975,0.50390625,0.03553748025610797
f0.5_chiN20,0.5,20.0,scft,4.045700132441193,0.5078125,0.03467816080161472
f0.5_chiN20,0.5,20.0,liu2019_opf,4.1707473057397975,0.5078125,0.0343142891524298
f0.5_chiN20,0.5,20.0,scft,4.045700132441193,0.51171875,0.03273165275855091
f0.5_chiN20,0.5,20.0,liu2019_opf,4.1707473057397975,0.51171875,0.033091098048751634
f0.5_chiN20,0.5,20.0,scft,4.045700132441193,0.515625,0.031125021026770457
f0.5_chiN20,0.5,20.0,liu2019_opf,4.1707473057397975,0.515625,0.031867906945073465
f0.5_chiN20,0.5,20.0,scft,4.045700132441193,0.51953125,0.029603358372810834
f0.5_chiN20,0.5,20.0,liu2019_opf,4.1707473057397975,0.51953125,0.030644715841395297
f0.5_chiN20,0.5,20.0,scft,4.045700132441193,0.5234375,0.02808169571885122
f0.5_chiN20,0.5,20.0,liu2019_opf,4.1707473057397975,0.5234375,0.02986137717833822
f0.5_chiN20,0.5,20.0,scft,4.045700132441193,0.52734375,0.02677106241822577
f0.5_chiN20,0.5,20.0,liu2019_opf,4.1707473057397975,0.52734375,0.029078038515281148
f0.5_chiN20,0.5,20.0,scft,4.045700132441193,0.53125,0.025601115353156442
f0.5_chiN20,0.5,20.0,liu2019_opf,4.1707473057397975,0.53125,0.028294699852224076
f0.5_chiN20,0.5,20.0,scft,4.045700132441193,0.53515625,0.02443116828808712
f0.5_chiN20,0.5,20.0,liu2019_opf,4.1707473057397975,0.53515625,0.027511361189167
f0.5_chiN20,0.5,20.0,scft,4.045700132441193,0.5390625,0.02338049731572976
f0.5_chiN20,0.5,20.0,liu2019_opf,4.1707473057397975,0.5390625,0.02702974711034299
f0.5_chiN20,0.5,20.0,scft,4.045700132441193,0.54296875,0.022508740482440358
f0.5_chiN20,0.5,20.0,liu2019_opf,4.1707473057397975,0.54296875,0.026548133031518983
f0.5_chiN20,0.5,20.0,scft,4.045700132441193,0.546875,0.02163698364915096
f0.5_chiN20,0.5,20.0,liu2019_opf,4.1707473057397975,0.546875,0.02606651895269498
f0.5_chiN20,0.5,20.0,scft,4.045700132441193,0.55078125,0.020817237848266376
f0.5_chiN20,0.5,20.0,liu2019_opf,4.1707473057397975,0.55078125,0.02558490487387097
f0.5_chiN20,0.5,20.0,scft,4.045700132441193,0.5546875,0.02020553617700108
f0.5_chiN20,0.5,20.0,liu2019_opf,4.1707473057397975,0.5546875,0.02531129476565283
f0.5_chiN20,0.5,20.0,scft,4.045700132441193,0.55859375,0.019593834505735784
f0.5_chiN20,0.5,20.0,liu2019_opf,4.1707473057397975,0.55859375,0.025037684657434688
f0.5_chiN20,0.5,20.0,scft,4.045700132441193,0.5625,0.018982132834470485
f0.5_chiN20,0.5,20.0,liu2019_opf,4.1707473057397975,0.5625,0.024764074549216548
f0.5_chiN20,0.5,20.0,scft,4.045700132441193,0.56640625,0.01860469418099943
f0.5_chiN20,0.5,20.0,liu2019_opf,4.1707473057397975,0.56640625,0.024490464440998408
f0.5_chiN20,0.5,20.0,scft,4.045700132441193,0.5703125,0.018227255527528373
f0.5_chiN20,0.5,20.0,liu2019_opf,4.1707473057397975,0.5703125,0.024367409471939806
f0.5_chiN20,0.5,20.0,scft,4.045700132441193,0.57421875,0.017849816874057317
f0.5_chiN20,0.5,20.0,liu2019_opf,4.1707473057397975,0.57421875,0.024244354502881205
f0.5_chiN20,0.5,20.0,scft,4.045700132441193,0.578125,0.017647404395774592
f0.5_chiN20,0.5,20.0,liu2019_opf,4.1707473057397975,0.578125,0.024121299533822603
f0.5_chiN20,0.5,20.0,scft,4.045700132441193,0.58203125,0.017488748461288946
f0.5_chiN20,0.5,20.0,liu2019_opf,4.1707473057397975,0.58203125,0.023998244564764
f0.5_chiN20,0.5,20.0,scft,4.045700132441193,0.5859375,0.0173300925268033
f0.5_chiN20,0.5,20.0,liu2019_opf,4.1707473057397975,0.5859375,0.023998200411425787
f0.5_chiN20,0.5,20.0,scft,4.045700132441193,0.58984375,0.01729885933181126
f0.5_chiN20,0.5,20.0,liu2019_opf,4.1707473057397975,0.58984375,0.023998156258087572
f0.5_chiN20,0.5,20.0,scft,4.045700132441193,0.59375,0.017352574629814953
f0.5_chiN20,0.5,20.0,liu2019_opf,4.1707473057397975,0.59375,0.023998112104749357
f0.5_chiN20,0.5,20.0,scft,4.045700132441193,0.59765625,0.01740628992781865
f0.5_chiN20,0.5,20.0,liu2019_opf,4.1707473057397975,0.59765625,0.023998067951411142
f0.5_chiN20,0.5,20.0,scft,4.045700132441193,0.6015625,0.017545820808903233
f0.5_chiN20,0.5,20.0,liu2019_opf,4.1707473057397975,0.6015625,0.0241212070705617
f0.5_chiN20,0.5,20.0,scft,4.045700132441193,0.60546875,0.017814075064609143
f0.5_chiN20,0.5,20.0,liu2019_opf,4.1707473057397975,0.60546875,0.02424434618971226
f0.5_chiN20,0.5,20.0,scft,4.045700132441193,0.609375,0.01808232932031505
f0.5_chiN20,0.5,20.0,liu2019_opf,4.1707473057397975,0.609375,0.02436748530886282
f0.5_chiN20,0.5,20.0,scft,4.045700132441193,0.61328125,0.01839567122479457
f0.5_chiN20,0.5,20.0,liu2019_opf,4.1707473057397975,0.61328125,0.024490624428013377
f0.5_chiN20,0.5,20.0,scft,4.045700132441193,0.6171875,0.018889363724368523
f0.5_chiN20,0.5,20.0,liu2019_opf,4.1707473057397975,0.6171875,0.02476416120417196
f0.5_chiN20,0.5,20.0,scft,4.045700132441193,0.62109375,0.01938305622394247
f0.5_chiN20,0.5,20.0,liu2019_opf,4.1707473057397975,0.62109375,0.025037697980330544
f0.5_chiN20,0.5,20.0,scft,4.045700132441193,0.625,0.019876748723516423
f0.5_chiN20,0.5,20.0,liu2019_opf,4.1707473057397975,0.625,0.025311234756489123
f0.5_chiN20,0.5,20.0,scft,4.045700132441193,0.62890625,0.020616388813796835
f0.5_chiN20,0.5,20.0,liu2019_opf,4.1707473057397975,0.62890625,0.025584771532647706
f0.5_chiN20,0.5,20.0,scft,4.045700132441193,0.6328125,0.021356028904077243
f0.5_chiN20,0.5,20.0,liu2019_opf,4.1707473057397975,0.6328125,0.026066446066153614
f0.5_chiN20,0.5,20.0,scft,4.045700132441193,0.63671875,0.022095668994357654
f0.5_chiN20,0.5,20.0,liu2019_opf,4.1707473057397975,0.63671875,0.02654812059965952
f0.5_chiN20,0.5,20.0,scft,4.045700132441193,0.640625,0.023057456409712025
f0.5_chiN20,0.5,20.0,liu2019_opf,4.1707473057397975,0.640625,0.02702979513316543
f0.5_chiN20,0.5,20.0,scft,4.045700132441193,0.64453125,0.024074780656334886
f0.5_chiN20,0.5,20.0,liu2019_opf,4.1707473057397975,0.64453125,0.027511469666671336
f0.5_chiN20,0.5,20.0,scft,4.045700132441193,0.6484375,0.025092104902957747
f0.5_chiN20,0.5,20.0,liu2019_opf,4.1707473057397975,0.6484375,0.02829475961158443
f0.5_chiN20,0.5,20.0,scft,4.045700132441193,0.65234375,0.026303334644216768
f0.5_chiN20,0.5,20.0,liu2019_opf,4.1707473057397975,0.65234375,0.02907804955649753
f0.5_chiN20,0.5,20.0,scft,4.045700132441193,0.65625,0.027643834715233233
f0.5_chiN20,0.5,20.0,liu2019_opf,4.1707473057397975,0.65625,0.02986133950141063
f0.5_chiN20,0.5,20.0,scft,4.045700132441193,0.66015625,0.0289843347862497
f0.5_chiN20,0.5,20.0,liu2019_opf,4.1707473057397975,0.66015625,0.030644629446323724
f0.5_chiN20,0.5,20.0,scft,4.045700132441193,0.6640625,0.030479250837233178
f0.5_chiN20,0.5,20.0,liu2019_opf,4.1707473057397975,0.6640625,0.031867848007506146
f0.5_chiN20,0.5,20.0,scft,4.045700132441193,0.66796875,0.032205790858167174
f0.5_chiN20,0.5,20.0,liu2019_opf,4.1707473057397975,0.66796875,0.03309106656868857
f0.5_chiN20,0.5,20.0,scft,4.045700132441193,0.671875,0.033932330879101164
f0.5_chiN20,0.5,20.0,liu2019_opf,4.1707473057397975,0.671875,0.034314285129870996
f0.5_chiN20,0.5,20.0,scft,4.045700132441193,0.67578125,0.035753099370582554
f0.5_chiN20,0.5,20.0,liu2019_opf,4.1707473057397975,0.67578125,0.035537503691053414
f0.5_chiN20,0.5,20.0,scft,4.045700132441193,0.6796875,0.03795078174425349
f0.5_chiN20,0.5,20.0,liu2019_opf,4.1707473057397975,0.6796875,0.037395257392053585
f0.5_chiN20,0.5,20.0,scft,4.045700132441193,0.68359375,0.04014846411792443
f0.5_chiN20,0.5,20.0,liu2019_opf,4.1707473057397975,0.68359375,0.03925301109305375
f0.5_chiN20,0.5,20.0,scft,4.045700132441193,0.6875,0.04234614649159536
f0.5_chiN20,0.5,20.0,liu2019_opf,4.1707473057397975,0.6875,0.04111076479405392
f0.5_chiN20,0.5,20.0,scft,4.045700132441193,0.69140625,0.045128625279945996
f0.5_chiN20,0.5,20.0,liu2019_opf,4.1707473057397975,0.69140625,0.04296851849505409
f0.5_chiN20,0.5,20.0,scft,4.045700132441193,0.6953125,0.04791110406829663
f0.5_chiN20,0.5,20.0,liu2019_opf,4.1707473057397975,0.6953125,0.04572485596537085
f0.5_chiN20,0.5,20.0,scft,4.045700132441193,0.69921875,0.05069358285664726
f0.5_chiN20,0.5,20.0,liu2019_opf,4.1707473057397975,0.69921875,0.0484811934356876
f0.5_chiN20,0.5,20.0,scft,4.045700132441193,0.703125,0.05406374532455918
f0.5_chiN20,0.5,20.0,liu2019_opf,4.1707473057397975,0.703125,0.05123753090600436
f0.5_chiN20,0.5,20.0,scft,4.045700132441193,0.70703125,0.05758082871236141
f0.5_chiN20,0.5,20.0,liu2019_opf,4.1707473057397975,0.70703125,0.053993868376321114
f0.5_chiN20,0.5,20.0,scft,4.045700132441193,0.7109375,0.06109791210016365
f0.5_chiN20,0.5,20.0,liu2019_opf,4.1707473057397975,0.7109375,0.0579942070567561
f0.5_chiN20,0.5,20.0,scft,4.045700132441193,0.71484375,0.06517238047298987
f0.5_chiN20,0.5,20.0,liu2019_opf,4.1707473057397975,0.71484375,0.061994545737191084
f0.5_chiN20,0.5,20.0,scft,4.045700132441193,0.71875,0.06961843883583207
f0.5_chiN20,0.5,20.0,liu2019_opf,4.1707473057397975,0.71875,0.06599488441762608
f0.5_chiN20,0.5,20.0,scft,4.045700132441193,0.72265625,0.07406449719867428
f0.5_chiN20,0.5,20.0,liu2019_opf,4.1707473057397975,0.72265625,0.06999522309806105
f0.5_chiN20,0.5,20.0,scft,4.045700132441193,0.7265625,0.07898071813065813
f0.5_chiN20,0.5,20.0,liu2019_opf,4.1707473057397975,0.7265625,0.0756694639622893
f0.5_chiN20,0.5,20.0,scft,4.045700132441193,0.73046875,0.08460218291635449
f0.5_chiN20,0.5,20.0,liu2019_opf,4.1707473057397975,0.73046875,0.08134370482651752
f0.5_chiN20,0.5,20.0,scft,4.045700132441193,0.734375,0.09022364770205082
f0.5_chiN20,0.5,20.0,liu2019_opf,4.1707473057397975,0.734375,0.08701794569074575
f0.5_chiN20,0.5,20.0,scft,4.045700132441193,0.73828125,0.09614059552364086
f0.5_chiN20,0.5,20.0,liu2019_opf,4.1707473057397975,0.73828125,0.092692186554974
f0.5_chiN20,0.5,20.0,scft,4.045700132441193,0.7421875,0.10323947548880565
f0.5_chiN20,0.5,20.0,liu2019_opf,4.1707473057397975,0.7421875,0.10053762079473225
f0.5_chiN20,0.5,20.0,scft,4.045700132441193,0.74609375,0.11033835545397043
f0.5_chiN20,0.5,20.0,liu2019_opf,4.1707473057397975,0.74609375,0.1083830550344905
f0.5_chiN20,0.5,20.0,scft,4.045700132441193,0.75,0.11743723541913521
f0.5_chiN20,0.5,20.0,liu2019_opf,4.1707473057397975,0.75,0.11622848927424875
f0.5_chiN20,0.5,20.0,scft,4.045700132441193,0.75390625,0.12636464981633422
f0.5_chiN20,0.5,20.0,liu2019_opf,4.1707473057397975,0.75390625,0.124073923514007
f0.5_chiN20,0.5,20.0,scft,4.045700132441193,0.7578125,0.13529206421353324
f0.5_chiN20,0.5,20.0,liu2019_opf,4.1707473057397975,0.7578125,0.13460000950483236
f0.5_chiN20,0.5,20.0,scft,4.045700132441193,0.76171875,0.14421947861073225
f0.5_chiN20,0.5,20.0,liu2019_opf,4.1707473057397975,0.76171875,0.14512609549565772
f0.5_chiN20,0.5,20.0,scft,4.045700132441193,0.765625,0.1549096989280589
f0.5_chiN20,0.5,20.0,liu2019_opf,4.1707473057397975,0.765625,0.15565218148648308
f0.5_chiN20,0.5,20.0,scft,4.045700132441193,0.76953125,0.16604062072541745
f0.5_chiN20,0.5,20.0,liu2019_opf,4.1707473057397975,0.76953125,0.16617826747730843
f0.5_chiN20,0.5,20.0,scft,4.045700132441193,0.7734375,0.17717154252277595
f0.5_chiN20,0.5,20.0,liu2019_opf,4.1707473057397975,0.7734375,0.17979593954877598
f0.5_chiN20,0.5,20.0,scft,4.045700132441193,0.77734375,0.189830626898382
f0.5_chiN20,0.5,20.0,liu2019_opf,4.1707473057397975,0.77734375,0.19341361162024356
f0.5_chiN20,0.5,20.0,scft,4.045700132441193,0.78125,0.20350848632615304
f0.5_chiN20,0.5,20.0,liu2019_opf,4.1707473057397975,0.78125,0.20703128369171112
f0.5_chiN20,0.5,20.0,scft,4.045700132441193,0.78515625,0.21718634575392404
f0.5_chiN20,0.5,20.0,liu2019_opf,4.1707473057397975,0.78515625,0.22064895576317867
f0.5_chiN20,0.5,20.0,scft,4.045700132441193,0.7890625,0.23197001641316148
f0.5_chiN20,0.5,20.0,liu2019_opf,4.1707473057397975,0.7890625,0.2375040235559881
f0.5_chiN20,0.5,20.0,scft,4.045700132441193,0.79296875,0.2484124039195985
f0.5_chiN20,0.5,20.0,liu2019_opf,4.1707473057397975,0.79296875,0.25435909134879753
f0.5_chiN20,0.5,20.0,scft,4.045700132441193,0.796875,0.2648547914260356
f0.5_chiN20,0.5,20.0,liu2019_opf,4.1707473057397975,0.796875,0.27121415914160696
f0.5_chiN20,0.5,20.0,scft,4.045700132441193,0.80078125,0.28184291862049
f0.5_chiN20,0.5,20.0,liu2019_opf,4.1707473057397975,0.80078125,0.28806922693441644
f0.5_chiN20,0.5,20.0,scft,4.045700132441193,0.8046875,0.30101400456701366
f0.5_chiN20,0.5,20.0,liu2019_opf,4.1707473057397975,0.8046875,0.30786055362844655
f0.5_chiN20,0.5,20.0,scft,4.045700132441193,0.80859375,0.3201850905135373
f0.5_chiN20,0.5,20.0,liu2019_opf,4.1707473057397975,0.80859375,0.3276518803224766
f0.5_chiN20,0.5,20.0,scft,4.045700132441193,0.8125,0.339356176460061
f0.5_chiN20,0.5,20.0,liu2019_opf,4.1707473057397975,0.8125,0.3474432070165067
f0.5_chiN20,0.5,20.0,scft,4.045700132441193,0.81640625,0.3608420618701766
f0.5_chiN20,0.5,20.0,liu2019_opf,4.1707473057397975,0.81640625,0.3672345337105368
f0.5_chiN20,0.5,20.0,scft,4.045700132441193,0.8203125,0.3823279472802922
f0.5_chiN20,0.5,20.0,liu2019_opf,4.1707473057397975,0.8203125,0.3891095967379717
f0.5_chiN20,0.5,20.0,scft,4.045700132441193,0.82421875,0.4038138326904078
f0.5_chiN20,0.5,20.0,liu2019_opf,4.1707473057397975,0.82421875,0.41098465976540655
f0.5_chiN20,0.5,20.0,scft,4.045700132441193,0.828125,0.42647932582724946
f0.5_chiN20,0.5,20.0,liu2019_opf,4.1707473057397975,0.828125,0.43285972279284146
f0.5_chiN20,0.5,20.0,scft,4.045700132441193,0.83203125,0.44943972089577267
f0.5_chiN20,0.5,20.0,liu2019_opf,4.1707473057397975,0.83203125,0.4547347858202763
f0.5_chiN20,0.5,20.0,scft,4.045700132441193,0.8359375,0.4724001159642959
f0.5_chiN20,0.5,20.0,liu2019_opf,4.1707473057397975,0.8359375,0.47736739290892743
f0.5_chiN20,0.5,20.0,scft,4.045700132441193,0.83984375,0.4955466188429918
f0.5_chiN20,0.5,20.0,liu2019_opf,4.1707473057397975,0.83984375,0.4999999999975786
f0.5_chiN20,0.5,20.0,scft,4.045700132441193,0.84375,0.5188171935951362
f0.5_chiN20,0.5,20.0,liu2019_opf,4.1707473057397975,0.84375,0.5226326070862297
f0.5_chiN20,0.5,20.0,scft,4.045700132441193,0.84765625,0.5420877683472807
f0.5_chiN20,0.5,20.0,liu2019_opf,4.1707473057397975,0.84765625,0.5452652141748808
f0.5_chiN20,0.5,20.0,scft,4.045700132441193,0.8515625,0.5649869150569332
f0.5_chiN20,0.5,20.0,liu2019_opf,4.1707473057397975,0.8515625,0.5671402772023897
f0.5_chiN20,0.5,20.0,scft,4.045700132441193,0.85546875,0.5873289197028478
f0.5_chiN20,0.5,20.0,liu2019_opf,4.1707473057397975,0.85546875,0.5890153402298985
f0.5_chiN20,0.5,20.0,scft,4.045700132441193,0.859375,0.6096709243487624
f0.5_chiN20,0.5,20.0,liu2019_opf,4.1707473057397975,0.859375,0.6108904032574074
f0.5_chiN20,0.5,20.0,scft,4.045700132441193,0.86328125,0.6316226664396275
f0.5_chiN20,0.5,20.0,liu2019_opf,4.1707473057397975,0.86328125,0.6327654662849163
f0.5_chiN20,0.5,20.0,scft,4.045700132441193,0.8671875,0.6520133583102947
f0.5_chiN20,0.5,20.0,liu2019_opf,4.1707473057397975,0.8671875,0.6525567929790805
f0.5_chiN20,0.5,20.0,scft,4.045700132441193,0.87109375,0.6724040501809618
f0.5_chiN20,0.5,20.0,liu2019_opf,4.1707473057397975,0.87109375,0.6723481196732449
f0.5_chiN20,0.5,20.0,scft,4.045700132441193,0.875,0.692794742051629
f0.5_chiN20,0.5,20.0,liu2019_opf,4.1707473057397975,0.875,0.6921394463674093
f0.5_chiN20,0.5,20.0,scft,4.045700132441193,0.87890625,0.710607643734458
f0.5_chiN20,0.5,20.0,liu2019_opf,4.1707473057397975,0.87890625,0.7119307730615736
f0.5_chiN20,0.5,20.0,scft,4.045700132441193,0.8828125,0.7284205454172867
f0.5_chiN20,0.5,20.0,liu2019_opf,4.1707473057397975,0.8828125,0.7287858408545485
f0.5_chiN20,0.5,20.0,scft,4.045700132441193,0.88671875,0.7462334471001155
f0.5_chiN20,0.5,20.0,liu2019_opf,4.1707473057397975,0.88671875,0.7456409086475232
f0.5_chiN20,0.5,20.0,scft,4.045700132441193,0.890625,0.7618165898097682
f0.5_chiN20,0.5,20.0,liu2019_opf,4.1707473057397975,0.890625,0.7624959764404979
f0.5_chiN20,0.5,20.0,scft,4.045700132441193,0.89453125,0.7768422927761267
f0.5_chiN20,0.5,20.0,liu2019_opf,4.1707473057397975,0.89453125,0.7793510442334728
f0.5_chiN20,0.5,20.0,scft,4.045700132441193,0.8984375,0.7918679957424851
f0.5_chiN20,0.5,20.0,liu2019_opf,4.1707473057397975,0.8984375,0.7929687163051046
f0.5_chiN20,0.5,20.0,scft,4.045700132441193,0.90234375,0.8052873906661419
f0.5_chiN20,0.5,20.0,liu2019_opf,4.1707473057397975,0.90234375,0.8065863883767365
f0.5_chiN20,0.5,20.0,scft,4.045700132441193,0.90625,0.8176359135613306
f0.5_chiN20,0.5,20.0,liu2019_opf,4.1707473057397975,0.90625,0.8202040604483682
f0.5_chiN20,0.5,20.0,scft,4.045700132441193,0.91015625,0.8299844364565193
f0.5_chiN20,0.5,20.0,liu2019_opf,4.1707473057397975,0.91015625,0.8338217325200001
f0.5_chiN20,0.5,20.0,scft,4.045700132441193,0.9140625,0.8413803131077594
f0.5_chiN20,0.5,20.0,liu2019_opf,4.1707473057397975,0.9140625,0.844347818510986
f0.5_chiN20,0.5,20.0,scft,4.045700132441193,0.91796875,0.8513472203930765
f0.5_chiN20,0.5,20.0,liu2019_opf,4.1707473057397975,0.91796875,0.8548739045019718
f0.5_chiN20,0.5,20.0,scft,4.045700132441193,0.921875,0.8613141276783935
f0.5_chiN20,0.5,20.0,liu2019_opf,4.1707473057397975,0.921875,0.8653999904929576
f0.5_chiN20,0.5,20.0,scft,4.045700132441193,0.92578125,0.8708784197042593
f0.5_chiN20,0.5,20.0,liu2019_opf,4.1707473057397975,0.92578125,0.8759260764839434
f0.5_chiN20,0.5,20.0,scft,4.045700132441193,0.9296875,0.8788322506923197
f0.5_chiN20,0.5,20.0,liu2019_opf,4.1707473057397975,0.9296875,0.8837715107238477
f0.5_chiN20,0.5,20.0,scft,4.045700132441193,0.93359375,0.8867860816803801
f0.5_chiN20,0.5,20.0,liu2019_opf,4.1707473057397975,0.93359375,0.8916169449637521
f0.5_chiN20,0.5,20.0,scft,4.045700132441193,0.9375,0.8947399126684406
f0.5_chiN20,0.5,20.0,liu2019_opf,4.1707473057397975,0.9375,0.8994623792036566
f0.5_chiN20,0.5,20.0,scft,4.045700132441193,0.94140625,0.9010485356186606
f0.5_chiN20,0.5,20.0,liu2019_opf,4.1707473057397975,0.94140625,0.9073078134435609
f0.5_chiN20,0.5,20.0,scft,4.045700132441193,0.9453125,0.9073571585688807
f0.5_chiN20,0.5,20.0,liu2019_opf,4.1707473057397975,0.9453125,0.9129820543078805
f0.5_chiN20,0.5,20.0,scft,4.045700132441193,0.94921875,0.9136657815191007
f0.5_chiN20,0.5,20.0,liu2019_opf,4.1707473057397975,0.94921875,0.9186562951721999
f0.5_chiN20,0.5,20.0,scft,4.045700132441193,0.953125,0.9189205112693297
f0.5_chiN20,0.5,20.0,liu2019_opf,4.1707473057397975,0.953125,0.9243305360365194
f0.5_chiN20,0.5,20.0,scft,4.045700132441193,0.95703125,0.9239117677195612
f0.5_chiN20,0.5,20.0,liu2019_opf,4.1707473057397975,0.95703125,0.9300047769008389
f0.5_chiN20,0.5,20.0,scft,4.045700132441193,0.9609375,0.9289030241697923
f0.5_chiN20,0.5,20.0,liu2019_opf,4.1707473057397975,0.9609375,0.9340051155813313
f0.5_chiN20,0.5,20.0,scft,4.045700132441193,0.96484375,0.9332680913166727
f0.5_chiN20,0.5,20.0,liu2019_opf,4.1707473057397975,0.96484375,0.9380054542618237
f0.5_chiN20,0.5,20.0,scft,4.045700132441193,0.96875,0.9372156989279856
f0.5_chiN20,0.5,20.0,liu2019_opf,4.1707473057397975,0.96875,0.942005792942316
f0.5_chiN20,0.5,20.0,scft,4.045700132441193,0.97265625,0.9411633065392986
f0.5_chiN20,0.5,20.0,liu2019_opf,4.1707473057397975,0.97265625,0.9460061316228083
f0.5_chiN20,0.5,20.0,scft,4.045700132441193,0.9765625,0.9447811630062388
f0.5_chiN20,0.5,20.0,liu2019_opf,4.1707473057397975,0.9765625,0.9487624690931843
f0.5_chiN20,0.5,20.0,scft,4.045700132441193,0.98046875,0.9479043927566196
f0.5_chiN20,0.5,20.0,liu2019_opf,4.1707473057397975,0.98046875,0.9515188065635602
f0.5_chiN20,0.5,20.0,scft,4.045700132441193,0.984375,0.9510276225070006
f0.5_chiN20,0.5,20.0,liu2019_opf,4.1707473057397975,0.984375,0.9542751440339363
f0.5_chiN20,0.5,20.0,scft,4.045700132441193,0.98828125,0.9540201414410281
f0.5_chiN20,0.5,20.0,liu2019_opf,4.1707473057397975,0.98828125,0.9570314815043123
f0.5_chiN20,0.5,20.0,scft,4.045700132441193,0.9921875,0.9564898171096422
f0.5_chiN20,0.5,20.0,liu2019_opf,4.1707473057397975,0.9921875,0.9588892352053496
f0.5_chiN20,0.5,20.0,scft,4.045700132441193,0.99609375,0.9589594927782561
f0.5_chiN20,0.5,20.0,liu2019_opf,4.1707473057397975,0.99609375,0.9607469889063869
f0.5_chiN25,0.5,25.0,scft,4.288401513627919,0.0,0.26716950889864866
f0.5_chiN25,0.5,25.0,liu2019_opf,4.437185736363516,0.0,0.2653668583155433
f0.5_chiN25,0.5,25.0,scft,4.288401513627919,0.00390625,0.2472335987232258
f0.5_chiN25,0.5,25.0,liu2019_opf,4.437185736363516,0.00390625,0.24213718459494193
f0.5_chiN25,0.5,25.0,scft,4.288401513627919,0.0078125,0.22729768854780297
f0.5_chiN25,0.5,25.0,liu2019_opf,4.437185736363516,0.0078125,0.22381926989477352
f0.5_chiN25,0.5,25.0,scft,4.288401513627919,0.01171875,0.20796031924320013
f0.5_chiN25,0.5,25.0,liu2019_opf,4.437185736363516,0.01171875,0.20550135519460522
f0.5_chiN25,0.5,25.0,scft,4.288401513627919,0.015625,0.191872171808763
f0.5_chiN25,0.5,25.0,liu2019_opf,4.437185736363516,0.015625,0.18718344049443691
f0.5_chiN25,0.5,25.0,scft,4.288401513627919,0.01953125,0.1757840243743259
f0.5_chiN25,0.5,25.0,liu2019_opf,4.437185736363516,0.01953125,0.1688655257942685
f0.5_chiN25,0.5,25.0,scft,4.288401513627919,0.0234375,0.1607566611456588
f0.5_chiN25,0.5,25.0,liu2019_opf,4.437185736363516,0.0234375,0.15540941030409772
f0.5_chiN25,0.5,25.0,scft,4.288401513627919,0.02734375,0.14807817722976838
f0.5_chiN25,0.5,25.0,liu2019_opf,4.437185736363516,0.02734375,0.14195329481392704
f0.5_chiN25,0.5,25.0,scft,4.288401513627919,0.03125,0.1353996933138779
f0.5_chiN25,0.5,25.0,liu2019_opf,4.437185736363516,0.03125,0.12849717932375626
f0.5_chiN25,0.5,25.0,scft,4.288401513627919,0.03515625,0.12404136301877566
f0.5_chiN25,0.5,25.0,liu2019_opf,4.437185736363516,0.03515625,0.11504106383358548
f0.5_chiN25,0.5,25.0,scft,4.288401513627919,0.0390625,0.11419177971885992
f0.5_chiN25,0.5,25.0,liu2019_opf,4.437185736363516,0.0390625,0.10569218842775108
f0.5_chiN25,0.5,25.0,scft,4.288401513627919,0.04296875,0.10434219641894418
f0.5_chiN25,0.5,25.0,liu2019_opf,4.437185736363516,0.04296875,0.09634331302191668
f0.5_chiN25,0.5,25.0,scft,4.288401513627919,0.046875,0.09589308936225029
f0.5_chiN25,0.5,25.0,liu2019_opf,4.437185736363516,0.046875,0.08699443761608228
f0.5_chiN25,0.5,25.0,scft,4.288401513627919,0.05078125,0.0882942714532268
f0.5_chiN25,0.5,25.0,liu2019_opf,4.437185736363516,0.05078125,0.07764556221024788
f0.5_chiN25,0.5,25.0,scft,4.288401513627919,0.0546875,0.08069545354420331
f0.5_chiN25,0.5,25.0,liu2019_opf,4.437185736363516,0.0546875,0.07142918192328973
f0.5_chiN25,0.5,25.0,scft,4.288401513627919,0.05859375,0.07445396898105675
f0.5_chiN25,0.5,25.0,liu2019_opf,4.437185736363516,0.05859375,0.06521280163633147
f0.5_chiN25,0.5,25.0,scft,4.288401513627919,0.0625,0.0686002939453036
f0.5_chiN25,0.5,25.0,liu2019_opf,4.437185736363516,0.0625,0.05899642134937322
f0.5_chiN25,0.5,25.0,scft,4.288401513627919,0.06640625,0.06274661890955047
f0.5_chiN25,0.5,25.0,liu2019_opf,4.437185736363516,0.06640625,0.05278004106241507
f0.5_chiN25,0.5,25.0,scft,4.288401513627919,0.0703125,0.05813781909653766
f0.5_chiN25,0.5,25.0,liu2019_opf,4.437185736363516,0.0703125,0.048794180619969096
f0.5_chiN25,0.5,25.0,scft,4.288401513627919,0.07421875,0.053617938942292026
f0.5_chiN25,0.5,25.0,liu2019_opf,4.437185736363516,0.07421875,0.04480832017752312
f0.5_chiN25,0.5,25.0,scft,4.288401513627919,0.078125,0.049188144590243926
f0.5_chiN25,0.5,25.0,liu2019_opf,4.437185736363516,0.078125,0.04082245973507703
f0.5_chiN25,0.5,25.0,scft,4.288401513627919,0.08203125,0.04568172971072044
f0.5_chiN25,0.5,25.0,liu2019_opf,4.437185736363516,0.08203125,0.036836599292631056
f0.5_chiN25,0.5,25.0,scft,4.288401513627919,0.0859375,0.04217531483119694
f0.5_chiN25,0.5,25.0,liu2019_opf,4.437185736363516,0.0859375,0.034367776839929975
f0.5_chiN25,0.5,25.0,scft,4.288401513627919,0.08984375,0.038857269350633966
f0.5_chiN25,0.5,25.0,liu2019_opf,4.437185736363516,0.08984375,0.031898954387228784
f0.5_chiN25,0.5,25.0,scft,4.288401513627919,0.09375,0.03612145655776712
f0.5_chiN25,0.5,25.0,liu2019_opf,4.437185736363516,0.09375,0.029430131934527703
f0.5_chiN25,0.5,25.0,scft,4.288401513627919,0.09765625,0.033385643764900275
f0.5_chiN25,0.5,25.0,liu2019_opf,4.437185736363516,0.09765625,0.026961309481826623
f0.5_chiN25,0.5,25.0,scft,4.288401513627919,0.1015625,0.030885556763895677
f0.5_chiN25,0.5,25.0,liu2019_opf,4.437185736363516,0.1015625,0.025490472266681996
f0.5_chiN25,0.5,25.0,scft,4.288401513627919,0.10546875,0.02873905845068445
f0.5_chiN25,0.5,25.0,liu2019_opf,4.437185736363516,0.10546875,0.02401963505153737
f0.5_chiN25,0.5,25.0,scft,4.288401513627919,0.109375,0.02659256013747323
f0.5_chiN25,0.5,25.0,liu2019_opf,4.437185736363516,0.109375,0.022548797836392742
f0.5_chiN25,0.5,25.0,scft,4.288401513627919,0.11328125,0.024698861019637156
f0.5_chiN25,0.5,25.0,liu2019_opf,4.437185736363516,0.11328125,0.021077960621248115
f0.5_chiN25,0.5,25.0,scft,4.288401513627919,0.1171875,0.023007401258101207
f0.5_chiN25,0.5,25.0,liu2019_opf,4.437185736363516,0.1171875,0.020240466592053696
f0.5_chiN25,0.5,25.0,scft,4.288401513627919,0.12109375,0.02131594149656526
f0.5_chiN25,0.5,25.0,liu2019_opf,4.437185736363516,0.12109375,0.0194029725628595
f0.5_chiN25,0.5,25.0,scft,4.288401513627919,0.125,0.019877519100324696
f0.5_chiN25,0.5,25.0,liu2019_opf,4.437185736363516,0.125,0.01856547853366508
f0.5_chiN25,0.5,25.0,scft,4.288401513627919,0.12890625,0.01854189313373538
f0.5_chiN25,0.5,25.0,liu2019_opf,4.437185736363516,0.12890625,0.017727984504470773
f0.5_chiN25,0.5,25.0,scft,4.288401513627919,0.1328125,0.017206267167146065
f0.5_chiN25,0.5,25.0,liu2019_opf,4.437185736363516,0.1328125,0.017282394600995787
f0.5_chiN25,0.5,25.0,scft,4.288401513627919,0.13671875,0.016115481092071282
f0.5_chiN25,0.5,25.0,liu2019_opf,4.437185736363516,0.13671875,0.01683680469752069
f0.5_chiN25,0.5,25.0,scft,4.288401513627919,0.140625,0.015062362692614125
f0.5_chiN25,0.5,25.0,liu2019_opf,4.437185736363516,0.140625,0.016391214794045705
f0.5_chiN25,0.5,25.0,scft,4.288401513627919,0.14453125,0.01401431662399675
f0.5_chiN25,0.5,25.0,liu2019_opf,4.437185736363516,0.14453125,0.01594562489057072
f0.5_chiN25,0.5,25.0,scft,4.288401513627919,0.1484375,0.013189453112329932
f0.5_chiN25,0.5,25.0,liu2019_opf,4.437185736363516,0.1484375,0.015729761709484036
f0.5_chiN25,0.5,25.0,scft,4.288401513627919,0.15234375,0.012364589600663112
f0.5_chiN25,0.5,25.0,liu2019_opf,4.437185736363516,0.15234375,0.015513898528397352
f0.5_chiN25,0.5,25.0,scft,4.288401513627919,0.15625,0.01157317656860572
f0.5_chiN25,0.5,25.0,liu2019_opf,4.437185736363516,0.15625,0.015298035347310779
f0.5_chiN25,0.5,25.0,scft,4.288401513627919,0.16015625,0.010936472004741933
f0.5_chiN25,0.5,25.0,liu2019_opf,4.437185736363516,0.16015625,0.015082172166224095
f0.5_chiN25,0.5,25.0,scft,4.288401513627919,0.1640625,0.010299767440878148
f0.5_chiN25,0.5,25.0,liu2019_opf,4.437185736363516,0.1640625,0.01499286472421213
f0.5_chiN25,0.5,25.0,scft,4.288401513627919,0.16796875,0.00971597530707929
f0.5_chiN25,0.5,25.0,liu2019_opf,4.437185736363516,0.16796875,0.014903557282200053
f0.5_chiN25,0.5,25.0,scft,4.288401513627919,0.171875,0.009238008033410289
f0.5_chiN25,0.5,25.0,liu2019_opf,4.437185736363516,0.171875,0.014814249840188087
f0.5_chiN25,0.5,25.0,scft,4.288401513627919,0.17578125,0.00876004075974129
f0.5_chiN25,0.5,25.0,liu2019_opf,4.437185736363516,0.17578125,0.014724942398176122
f0.5_chiN25,0.5,25.0,scft,4.288401513627919,0.1796875,0.008349324109936697
f0.5_chiN25,0.5,25.0,liu2019_opf,4.437185736363516,0.1796875,0.014696442564285483
f0.5_chiN25,0.5,25.0,scft,4.288401513627919,0.18359375,0.008008914930535807
f0.5_chiN25,0.5,25.0,liu2019_opf,4.437185736363516,0.18359375,0.014667942730394845
f0.5_chiN25,0.5,25.0,scft,4.288401513627919,0.1875,0.007668505751134917
f0.5_chiN25,0.5,25.0,liu2019_opf,4.437185736363516,0.1875,0.014639442896504207
f0.5_chiN25,0.5,25.0,scft,4.288401513627919,0.19140625,0.007407336265025851
f0.5_chiN25,0.5,25.0,liu2019_opf,4.437185736363516,0.19140625,0.014610943062613568
f0.5_chiN25,0.5,25.0,scft,4.288401513627919,0.1953125,0.007189885230388135
f0.5_chiN25,0.5,25.0,liu2019_opf,4.437185736363516,0.1953125,0.014605495506452626
f0.5_chiN25,0.5,25.0,scft,4.288401513627919,0.19921875,0.006972434195750419
f0.5_chiN25,0.5,25.0,liu2019_opf,4.437185736363516,0.19921875,0.014600047950291684
f0.5_chiN25,0.5,25.0,scft,4.288401513627919,0.203125,0.006846059764287285
f0.5_chiN25,0.5,25.0,liu2019_opf,4.437185736363516,0.203125,0.01459460039413063
f0.5_chiN25,0.5,25.0,scft,4.288401513627919,0.20703125,0.006742454483617796
f0.5_chiN25,0.5,25.0,liu2019_opf,4.437185736363516,0.20703125,0.014589152837969688
f0.5_chiN25,0.5,25.0,scft,4.288401513627919,0.2109375,0.006638849202948306
f0.5_chiN25,0.5,25.0,liu2019_opf,4.437185736363516,0.2109375,0.014589152838052954
f0.5_chiN25,0.5,25.0,scft,4.288401513627919,0.21484375,0.006639937591860257
f0.5_chiN25,0.5,25.0,liu2019_opf,4.437185736363516,0.21484375,0.014589152838136221
f0.5_chiN25,0.5,25.0,scft,4.288401513627919,0.21875,0.006645895453775995
f0.5_chiN25,0.5,25.0,liu2019_opf,4.437185736363516,0.21875,0.014589152838219488
f0.5_chiN25,0.5,25.0,scft,4.288401513627919,0.22265625,0.00666405423649844
f0.5_chiN25,0.5,25.0,liu2019_opf,4.437185736363516,0.22265625,0.014589152838302755
f0.5_chiN25,0.5,25.0,scft,4.288401513627919,0.2265625,0.006779820385674531
f0.5_chiN25,0.5,25.0,liu2019_opf,4.437185736363516,0.2265625,0.014594600394298718
f0.5_chiN25,0.5,25.0,scft,4.288401513627919,0.23046875,0.006895586534850624
f0.5_chiN25,0.5,25.0,liu2019_opf,4.437185736363516,0.23046875,0.014600047950294681
f0.5_chiN25,0.5,25.0,scft,4.288401513627919,0.234375,0.007041912308109786
f0.5_chiN25,0.5,25.0,liu2019_opf,4.437185736363516,0.234375,0.014605495506290644
f0.5_chiN25,0.5,25.0,scft,4.288401513627919,0.23828125,0.007272277047597388
f0.5_chiN25,0.5,25.0,liu2019_opf,4.437185736363516,0.23828125,0.014610943062286608
f0.5_chiN25,0.5,25.0,scft,4.288401513627919,0.2421875,0.00750264178708499
f0.5_chiN25,0.5,25.0,liu2019_opf,4.437185736363516,0.2421875,0.014639442896338783
f0.5_chiN25,0.5,25.0,scft,4.288401513627919,0.24609375,0.007785477108198033
f0.5_chiN25,0.5,25.0,liu2019_opf,4.437185736363516,0.24609375,0.01466794273039096
f0.5_chiN25,0.5,25.0,scft,4.288401513627919,0.25,0.00814011427785115
f0.5_chiN25,0.5,25.0,liu2019_opf,4.437185736363516,0.25,0.014696442564443135
f0.5_chiN25,0.5,25.0,scft,4.288401513627919,0.25390625,0.00849475144750427
f0.5_chiN25,0.5,25.0,liu2019_opf,4.437185736363516,0.25390625,0.014724942398495311
f0.5_chiN25,0.5,25.0,scft,4.288401513627919,0.2578125,0.008930005627988746
f0.5_chiN25,0.5,25.0,liu2019_opf,4.437185736363516,0.2578125,0.014814249840352178
f0.5_chiN25,0.5,25.0,scft,4.288401513627919,0.26171875,0.009424172239465367
f0.5_chiN25,0.5,25.0,liu2019_opf,4.437185736363516,0.26171875,0.014903557282209157
f0.5_chiN25,0.5,25.0,scft,4.288401513627919,0.265625,0.00991833885094199
f0.5_chiN25,0.5,25.0,liu2019_opf,4.437185736363516,0.265625,0.014992864724066135
f0.5_chiN25,0.5,25.0,scft,4.288401513627919,0.26953125,0.010530951889564058
f0.5_chiN25,0.5,25.0,liu2019_opf,4.437185736363516,0.26953125,0.015082172165923002
f0.5_chiN25,0.5,25.0,scft,4.288401513627919,0.2734375,0.011186636356239017
f0.5_chiN25,0.5,25.0,liu2019_opf,4.437185736363516,0.2734375,0.015298035347156347
f0.5_chiN25,0.5,25.0,scft,4.288401513627919,0.27734375,0.011842320822913975
f0.5_chiN25,0.5,25.0,liu2019_opf,4.437185736363516,0.27734375,0.01551389852838958
f0.5_chiN25,0.5,25.0,scft,4.288401513627919,0.28125,0.01266864735678999
f0.5_chiN25,0.5,25.0,liu2019_opf,4.437185736363516,0.28125,0.015729761709622814
f0.5_chiN25,0.5,25.0,scft,4.288401513627919,0.28515625,0.013516304149066136
f0.5_chiN25,0.5,25.0,liu2019_opf,4.437185736363516,0.28515625,0.015945624890856047
f0.5_chiN25,0.5,25.0,scft,4.288401513627919,0.2890625,0.014374335352173376
f0.5_chiN25,0.5,25.0,liu2019_opf,4.437185736363516,0.2890625,0.016391214794199582
f0.5_chiN25,0.5,25.0,scft,4.288401513627919,0.29296875,0.01545541638814912
f0.5_chiN25,0.5,25.0,liu2019_opf,4.437185736363516,0.29296875,0.016836804697543117
f0.5_chiN25,0.5,25.0,scft,4.288401513627919,0.296875,0.016536497424124864
f0.5_chiN25,0.5,25.0,liu2019_opf,4.437185736363516,0.296875,0.017282394600886652
f0.5_chiN25,0.5,25.0,scft,4.288401513627919,0.30078125,0.0176754775241049
f0.5_chiN25,0.5,25.0,liu2019_opf,4.437185736363516,0.30078125,0.017727984504230188
f0.5_chiN25,0.5,25.0,scft,4.288401513627919,0.3046875,0.019046053880102116
f0.5_chiN25,0.5,25.0,liu2019_opf,4.437185736363516,0.3046875,0.018565478533552282
f0.5_chiN25,0.5,25.0,scft,4.288401513627919,0.30859375,0.020416630236099333
f0.5_chiN25,0.5,25.0,liu2019_opf,4.437185736363516,0.30859375,0.019402972562874155
f0.5_chiN25,0.5,25.0,scft,4.288401513627919,0.3125,0.021917084062764783
f0.5_chiN25,0.5,25.0,liu2019_opf,4.437185736363516,0.3125,0.020240466592196027
f0.5_chiN25,0.5,25.0,scft,4.288401513627919,0.31640625,0.02365294080501639
f0.5_chiN25,0.5,25.0,liu2019_opf,4.437185736363516,0.31640625,0.02107796062151812
f0.5_chiN25,0.5,25.0,scft,4.288401513627919,0.3203125,0.025388797547268003
f0.5_chiN25,0.5,25.0,liu2019_opf,4.437185736363516,0.3203125,0.022548797836550172
f0.5_chiN25,0.5,25.0,scft,4.288401513627919,0.32421875,0.027363765678393145
f0.5_chiN25,0.5,25.0,liu2019_opf,4.437185736363516,0.32421875,0.024019635051582222
f0.5_chiN25,0.5,25.0,scft,4.288401513627919,0.328125,0.0295674490510495
f0.5_chiN25,0.5,25.0,liu2019_opf,4.437185736363516,0.328125,0.025490472266614272
f0.5_chiN25,0.5,25.0,scft,4.288401513627919,0.33203125,0.03177113242370585
f0.5_chiN25,0.5,25.0,liu2019_opf,4.437185736363516,0.33203125,0.026961309481646434
f0.5_chiN25,0.5,25.0,scft,4.288401513627919,0.3359375,0.03437922398119633
f0.5_chiN25,0.5,25.0,liu2019_opf,4.437185736363516,0.3359375,0.029430131934434778
f0.5_chiN25,0.5,25.0,scft,4.288401513627919,0.33984375,0.03718951963110388
f0.5_chiN25,0.5,25.0,liu2019_opf,4.437185736363516,0.33984375,0.03189895438722323
f0.5_chiN25,0.5,25.0,scft,4.288401513627919,0.34375,0.03999981528101143
f0.5_chiN25,0.5,25.0,liu2019_opf,4.437185736363516,0.34375,0.03436777684001169
f0.5_chiN25,0.5,25.0,scft,4.288401513627919,0.34765625,0.04346286199332138
f0.5_chiN25,0.5,25.0,liu2019_opf,4.437185736363516,0.34765625,0.03683659929280014
f0.5_chiN25,0.5,25.0,scft,4.288401513627919,0.3515625,0.0470670440704751
f0.5_chiN25,0.5,25.0,liu2019_opf,4.437185736363516,0.3515625,0.040822459735121996
f0.5_chiN25,0.5,25.0,scft,4.288401513627919,0.35546875,0.050671226147628805
f0.5_chiN25,0.5,25.0,liu2019_opf,4.437185736363516,0.35546875,0.04480832017744407
f0.5_chiN25,0.5,25.0,scft,4.288401513627919,0.359375,0.05529664340166138
f0.5_chiN25,0.5,25.0,liu2019_opf,4.437185736363516,0.359375,0.04879418061976604
f0.5_chiN25,0.5,25.0,scft,4.288401513627919,0.36328125,0.05994527054607756
f0.5_chiN25,0.5,25.0,liu2019_opf,4.437185736363516,0.36328125,0.05278004106208789
f0.5_chiN25,0.5,25.0,scft,4.288401513627919,0.3671875,0.06477712057321125
f0.5_chiN25,0.5,25.0,liu2019_opf,4.437185736363516,0.3671875,0.05899642134931493
f0.5_chiN25,0.5,25.0,scft,4.288401513627919,0.37109375,0.07079991933800875
f0.5_chiN25,0.5,25.0,liu2019_opf,4.437185736363516,0.37109375,0.06521280163654197
f0.5_chiN25,0.5,25.0,scft,4.288401513627919,0.375,0.07682271810280625
f0.5_chiN25,0.5,25.0,liu2019_opf,4.437185736363516,0.375,0.07142918192376901
f0.5_chiN25,0.5,25.0,scft,4.288401513627919,0.37890625,0.08336435162063796
f0.5_chiN25,0.5,25.0,liu2019_opf,4.437185736363516,0.37890625,0.07764556221099606
f0.5_chiN25,0.5,25.0,scft,4.288401513627919,0.3828125,0.0911831168382462
f0.5_chiN25,0.5,25.0,liu2019_opf,4.437185736363516,0.3828125,0.08699443761680281
f0.5_chiN25,0.5,25.0,scft,4.288401513627919,0.38671875,0.09900188205585445
f0.5_chiN25,0.5,25.0,liu2019_opf,4.437185736363516,0.38671875,0.09634331302260946
f0.5_chiN25,0.5,25.0,scft,4.288401513627919,0.390625,0.10784785733383859
f0.5_chiN25,0.5,25.0,liu2019_opf,4.437185736363516,0.390625,0.10569218842841599
f0.5_chiN25,0.5,25.0,scft,4.288401513627919,0.39453125,0.11797784518729264
f0.5_chiN25,0.5,25.0,liu2019_opf,4.437185736363516,0.39453125,0.11504106383422275
f0.5_chiN25,0.5,25.0,scft,4.288401513627919,0.3984375,0.1281078330407467
f0.5_chiN25,0.5,25.0,liu2019_opf,4.437185736363516,0.3984375,0.12849717932410343
f0.5_chiN25,0.5,25.0,scft,4.288401513627919,0.40234375,0.1399743290928985
f0.5_chiN25,0.5,25.0,liu2019_opf,4.437185736363516,0.40234375,0.1419532948139841
f0.5_chiN25,0.5,25.0,scft,4.288401513627919,0.40625,0.15299849727751547
f0.5_chiN25,0.5,25.0,liu2019_opf,4.437185736363516,0.40625,0.1554094103038648
f0.5_chiN25,0.5,25.0,scft,4.288401513627919,0.41015625,0.16602266546213248
f0.5_chiN25,0.5,25.0,liu2019_opf,4.437185736363516,0.41015625,0.16886552579374559
f0.5_chiN25,0.5,25.0,scft,4.288401513627919,0.4140625,0.18166710385625665
f0.5_chiN25,0.5,25.0,liu2019_opf,4.437185736363516,0.4140625,0.18718344049554636
f0.5_chiN25,0.5,25.0,scft,4.288401513627919,0.41796875,0.19815927672992723
f0.5_chiN25,0.5,25.0,liu2019_opf,4.437185736363516,0.41796875,0.20550135519734702
f0.5_chiN25,0.5,25.0,scft,4.288401513627919,0.421875,0.21465144960359786
f0.5_chiN25,0.5,25.0,liu2019_opf,4.437185736363516,0.421875,0.2238192698991479
f0.5_chiN25,0.5,25.0,scft,4.288401513627919,0.42578125,0.2346767741482012
f0.5_chiN25,0.5,25.0,liu2019_opf,4.437185736363516,0.42578125,0.24213718460094857
f0.5_chiN25,0.5,25.0,scft,4.288401513627919,0.4296875,0.255046796416798
f0.5_chiN25,0.5,25.0,liu2019_opf,4.437185736363516,0.4296875,0.26536685831719864
f0.5_chiN25,0.5,25.0,scft,4.288401513627919,0.43359375,0.27567582302547694
f0.5_chiN25,0.5,25.0,liu2019_opf,4.437185736363516,0.43359375,0.2885965320334486
f0.5_chiN25,0.5,25.0,scft,4.288401513627919,0.4375,0.2999309103953055
f0.5_chiN25,0.5,25.0,liu2019_opf,4.437185736363516,0.4375,0.31182620574969855
f0.5_chiN25,0.5,25.0,scft,4.288401513627919,0.44140625,0.32418599776513407
f0.5_chiN25,0.5,25.0,liu2019_opf,4.437185736363516,0.44140625,0.3350558794659486
f0.5_chiN25,0.5,25.0,scft,4.288401513627919,0.4453125,0.349159496087905
f0.5_chiN25,0.5,25.0,liu2019_opf,4.437185736363516,0.4453125,0.3620675363101027
f0.5_chiN25,0.5,25.0,scft,4.288401513627919,0.44921875,0.3766474327459738
f0.5_chiN25,0.5,25.0,liu2019_opf,4.437185736363516,0.44921875,0.38907919315425676
f0.5_chiN25,0.5,25.0,scft,4.288401513627919,0.453125,0.40413536940404265
f0.5_chiN25,0.5,25.0,liu2019_opf,4.437185736363516,0.453125,0.41609084999841095
f0.5_chiN25,0.5,25.0,scft,4.288401513627919,0.45703125,0.43231092214641764
f0.5_chiN25,0.5,25.0,liu2019_opf,4.437185736363516,0.45703125,0.443102506842565
f0.5_chiN25,0.5,25.0,scft,4.288401513627919,0.4609375,0.4616190190276496
f0.5_chiN25,0.5,25.0,liu2019_opf,4.437185736363516,0.4609375,0.47155125342114645
f0.5_chiN25,0.5,25.0,scft,4.288401513627919,0.46484375,0.49092711590888166
f0.5_chiN25,0.5,25.0,liu2019_opf,4.437185736363516,0.46484375,0.4999999999997278
f0.5_chiN25,0.5,25.0,scft,4.288401513627919,0.46875,0.5201762868916231
f0.5_chiN25,0.5,25.0,liu2019_opf,4.437185736363516,0.46875,0.5284487465783092
f0.5_chiN25,0.5,25.0,scft,4.288401513627919,0.47265625,0.5493738977131855
f0.5_chiN25,0.5,25.0,liu2019_opf,4.437185736363516,0.47265625,0.5568974931568906
f0.5_chiN25,0.5,25.0,scft,4.288401513627919,0.4765625,0.5785715085347476
f0.5_chiN25,0.5,25.0,liu2019_opf,4.437185736363516,0.4765625,0.5839091500010556
f0.5_chiN25,0.5,25.0,scft,4.288401513627919,0.48046875,0.6063859795269921
f0.5_chiN25,0.5,25.0,liu2019_opf,4.437185736363516,0.48046875,0.6109208068452207
f0.5_chiN25,0.5,25.0,scft,4.288401513627919,0.484375,0.6335758067253514
f0.5_chiN25,0.5,25.0,liu2019_opf,4.437185736363516,0.484375,0.6379324636893857
f0.5_chiN25,0.5,25.0,scft,4.288401513627919,0.48828125,0.6607656339237106
f0.5_chiN25,0.5,25.0,liu2019_opf,4.437185736363516,0.48828125,0.6649441205335507
f0.5_chiN25,0.5,25.0,scft,4.288401513627919,0.4921875,0.6851334775647643
f0.5_chiN25,0.5,25.0,liu2019_opf,4.437185736363516,0.4921875,0.6881737942498176
f0.5_chiN25,0.5,25.0,scft,4.288401513627919,0.49609375,0.7089814821294721
f0.5_chiN25,0.5,25.0,liu2019_opf,4.437185736363516,0.49609375,0.7114034679660844
f0.5_chiN25,0.5,25.0,scft,4.288401513627919,0.5,0.7328294866941799
f0.5_chiN25,0.5,25.0,liu2019_opf,4.437185736363516,0.5,0.7346331416823514
f0.5_chiN25,0.5,25.0,scft,4.288401513627919,0.50390625,0.7527652657172981
f0.5_chiN25,0.5,25.0,liu2019_opf,4.437185736363516,0.50390625,0.7578628153986182
f0.5_chiN25,0.5,25.0,scft,4.288401513627919,0.5078125,0.7727010447404161
f0.5_chiN25,0.5,25.0,liu2019_opf,4.437185736363516,0.5078125,0.776180730100446
f0.5_chiN25,0.5,25.0,scft,4.288401513627919,0.51171875,0.7920383147185819
f0.5_chiN25,0.5,25.0,liu2019_opf,4.437185736363516,0.51171875,0.7944986448022737
f0.5_chiN25,0.5,25.0,scft,4.288401513627919,0.515625,0.8081265355955782
f0.5_chiN25,0.5,25.0,liu2019_opf,4.437185736363516,0.515625,0.8128165595041014
f0.5_chiN25,0.5,25.0,scft,4.288401513627919,0.51953125,0.8242147564725745
f0.5_chiN25,0.5,25.0,liu2019_opf,4.437185736363516,0.51953125,0.8311344742059291
f0.5_chiN25,0.5,25.0,scft,4.288401513627919,0.5234375,0.8392422122088031
f0.5_chiN25,0.5,25.0,liu2019_opf,4.437185736363516,0.5234375,0.8445905896958418
f0.5_chiN25,0.5,25.0,scft,4.288401513627919,0.52734375,0.8519208308476183
f0.5_chiN25,0.5,25.0,liu2019_opf,4.437185736363516,0.52734375,0.8580467051857545
f0.5_chiN25,0.5,25.0,scft,4.288401513627919,0.53125,0.8645994494864333
f0.5_chiN25,0.5,25.0,liu2019_opf,4.437185736363516,0.53125,0.8715028206756672
f0.5_chiN25,0.5,25.0,scft,4.288401513627919,0.53515625,0.8759579184195583
f0.5_chiN25,0.5,25.0,liu2019_opf,4.437185736363516,0.53515625,0.88495893616558
f0.5_chiN25,0.5,25.0,scft,4.288401513627919,0.5390625,0.8858076448318948
f0.5_chiN25,0.5,25.0,liu2019_opf,4.437185736363516,0.5390625,0.8943078115714143
f0.5_chiN25,0.5,25.0,scft,4.288401513627919,0.54296875,0.8956573712442313
f0.5_chiN25,0.5,25.0,liu2019_opf,4.437185736363516,0.54296875,0.9036566869772485
f0.5_chiN25,0.5,25.0,scft,4.288401513627919,0.546875,0.9041065818424108
f0.5_chiN25,0.5,25.0,liu2019_opf,4.437185736363516,0.546875,0.9130055623830828
f0.5_chiN25,0.5,25.0,scft,4.288401513627919,0.55078125,0.9117054792677091
f0.5_chiN25,0.5,25.0,liu2019_opf,4.437185736363516,0.55078125,0.9223544377889172
f0.5_chiN25,0.5,25.0,scft,4.288401513627919,0.5546875,0.9193043766930072
f0.5_chiN25,0.5,25.0,liu2019_opf,4.437185736363516,0.5546875,0.9285708180761717
f0.5_chiN25,0.5,25.0,scft,4.288401513627919,0.55859375,0.9255459161850641
f0.5_chiN25,0.5,25.0,liu2019_opf,4.437185736363516,0.55859375,0.9347871983634262
f0.5_chiN25,0.5,25.0,scft,4.288401513627919,0.5625,0.9313996391247665
f0.5_chiN25,0.5,25.0,liu2019_opf,4.437185736363516,0.5625,0.9410035786506807
f0.5_chiN25,0.5,25.0,scft,4.288401513627919,0.56640625,0.9372533620644689
f0.5_chiN25,0.5,25.0,liu2019_opf,4.437185736363516,0.56640625,0.9472199589379352
f0.5_chiN25,0.5,25.0,scft,4.288401513627919,0.5703125,0.9418621425469368
f0.5_chiN25,0.5,25.0,liu2019_opf,4.437185736363516,0.5703125,0.9512058193802606
f0.5_chiN25,0.5,25.0,scft,4.288401513627919,0.57421875,0.9463819985681736
f0.5_chiN25,0.5,25.0,liu2019_opf,4.437185736363516,0.57421875,0.955191679822586
f0.5_chiN25,0.5,25.0,scft,4.288401513627919,0.578125,0.950811768727414
f0.5_chiN25,0.5,25.0,liu2019_opf,4.437185736363516,0.578125,0.9591775402649113
f0.5_chiN25,0.5,25.0,scft,4.288401513627919,0.58203125,0.9543181588011888
f0.5_chiN25,0.5,25.0,liu2019_opf,4.437185736363516,0.58203125,0.9631634007072367
f0.5_chiN25,0.5,25.0,scft,4.288401513627919,0.5859375,0.9578245488749635
f0.5_chiN25,0.5,25.0,liu2019_opf,4.437185736363516,0.5859375,0.9656322231600476
f0.5_chiN25,0.5,25.0,scft,4.288401513627919,0.58984375,0.9611425785214296
f0.5_chiN25,0.5,25.0,liu2019_opf,4.437185736363516,0.58984375,0.9681010456128585
f0.5_chiN25,0.5,25.0,scft,4.288401513627919,0.59375,0.9638784032107595
f0.5_chiN25,0.5,25.0,liu2019_opf,4.437185736363516,0.59375,0.9705698680656695
f0.5_chiN25,0.5,25.0,scft,4.288401513627919,0.59765625,0.9666142279000893
f0.5_chiN25,0.5,25.0,liu2019_opf,4.437185736363516,0.59765625,0.9730386905184804
f0.5_chiN25,0.5,25.0,scft,4.288401513627919,0.6015625,0.9691143277366772
f0.5_chiN25,0.5,25.0,liu2019_opf,4.437185736363516,0.6015625,0.9745095277335296
f0.5_chiN25,0.5,25.0,scft,4.288401513627919,0.60546875,0.971260840294152
f0.5_chiN25,0.5,25.0,liu2019_opf,4.437185736363516,0.60546875,0.975980364948579
f0.5_chiN25,0.5,25.0,scft,4.288401513627919,0.609375,0.9734073528516272
f0.5_chiN25,0.5,25.0,liu2019_opf,4.437185736363516,0.609375,0.9774512021636284
f0.5_chiN25,0.5,25.0,scft,4.288401513627919,0.61328125,0.9753010731607519
f0.5_chiN25,0.5,25.0,liu2019_opf,4.437185736363516,0.61328125,0.9789220393786777
f0.5_chiN25,0.5,25.0,scft,4.288401513627919,0.6171875,0.9769925596711966
f0.5_chiN25,0.5,25.0,liu2019_opf,4.437185736363516,0.6171875,0.9797595334080096
f0.5_chiN25,0.5,25.0,scft,4.288401513627919,0.62109375,0.9786840461816414
f0.5_chiN25,0.5,25.0,liu2019_opf,4.437185736363516,0.62109375,0.9805970274373415
f0.5_chiN25,0.5,25.0,scft,4.288401513627919,0.625,0.9801225189387006
f0.5_chiN25,0.5,25.0,liu2019_opf,4.437185736363516,0.625,0.9814345214666733
f0.5_chiN25,0.5,25.0,scft,4.288401513627919,0.62890625,0.9814582048584469
f0.5_chiN25,0.5,25.0,liu2019_opf,4.437185736363516,0.62890625,0.9822720154960052
f0.5_chiN25,0.5,25.0,scft,4.288401513627919,0.6328125,0.9827938907781932
f0.5_chiN25,0.5,25.0,liu2019_opf,4.437185736363516,0.6328125,0.982717605399365
f0.5_chiN25,0.5,25.0,scft,4.288401513627919,0.63671875,0.9838847410222158
f0.5_chiN25,0.5,25.0,liu2019_opf,4.437185736363516,0.63671875,0.9831631953027249
f0.5_chiN25,0.5,25.0,scft,4.288401513627919,0.640625,0.9849379242392039
f0.5_chiN25,0.5,25.0,liu2019_opf,4.437185736363516,0.640625,0.9836087852060847
f0.5_chiN25,0.5,25.0,scft,4.288401513627919,0.64453125,0.9859860343400182
f0.5_chiN25,0.5,25.0,liu2019_opf,4.437185736363516,0.64453125,0.9840543751094446
f0.5_chiN25,0.5,25.0,scft,4.288401513627919,0.6484375,0.9868109273291839
f0.5_chiN25,0.5,25.0,liu2019_opf,4.437185736363516,0.6484375,0.9842702382906854
f0.5_chiN25,0.5,25.0,scft,4.288401513627919,0.65234375,0.9876358203183493
f0.5_chiN25,0.5,25.0,liu2019_opf,4.437185736363516,0.65234375,0.9844861014719262
f0.5_chiN25,0.5,25.0,scft,4.288401513627919,0.65625,0.9884272718127893
f0.5_chiN25,0.5,25.0,liu2019_opf,4.437185736363516,0.65625,0.984701964653167
f0.5_chiN25,0.5,25.0,scft,4.288401513627919,0.66015625,0.9890640563941232
f0.5_chiN25,0.5,25.0,liu2019_opf,4.437185736363516,0.66015625,0.9849178278344077
f0.5_chiN25,0.5,25.0,scft,4.288401513627919,0.6640625,0.9897008409754572
f0.5_chiN25,0.5,25.0,liu2019_opf,4.437185736363516,0.6640625,0.9850071352762748
f0.5_chiN25,0.5,25.0,scft,4.288401513627919,0.66796875,0.9902847051888704
f0.5_chiN25,0.5,25.0,liu2019_opf,4.437185736363516,0.66796875,0.985096442718142
f0.5_chiN25,0.5,25.0,scft,4.288401513627919,0.671875,0.9907627286664422
f0.5_chiN25,0.5,25.0,liu2019_opf,4.437185736363516,0.671875,0.9851857501600091
f0.5_chiN25,0.5,25.0,scft,4.288401513627919,0.67578125,0.9912407521440141
f0.5_chiN25,0.5,25.0,liu2019_opf,4.437185736363516,0.67578125,0.9852750576018763
f0.5_chiN25,0.5,25.0,scft,4.288401513627919,0.6796875,0.9916515196574166
f0.5_chiN25,0.5,25.0,liu2019_opf,4.437185736363516,0.6796875,0.9853035574359336
f0.5_chiN25,0.5,25.0,scft,4.288401513627919,0.68359375,0.9919919741173692
f0.5_chiN25,0.5,25.0,liu2019_opf,4.437185736363516,0.68359375,0.9853320572699908
f0.5_chiN25,0.5,25.0,scft,4.288401513627919,0.6875,0.9923324285773217
f0.5_chiN25,0.5,25.0,liu2019_opf,4.437185736363516,0.6875,0.985360557104048
f0.5_chiN25,0.5,25.0,scft,4.288401513627919,0.69140625,0.992593597764764
f0.5_chiN25,0.5,25.0,liu2019_opf,4.437185736363516,0.69140625,0.9853890569381053
f0.5_chiN25,0.5,25.0,scft,4.288401513627919,0.6953125,0.9928110233535798
f0.5_chiN25,0.5,25.0,liu2019_opf,4.437185736363516,0.6953125,0.9853945044941033
f0.5_chiN25,0.5,25.0,scft,4.288401513627919,0.69921875,0.9930284489423955
f0.5_chiN25,0.5,25.0,liu2019_opf,4.437185736363516,0.69921875,0.9853999520501012
f0.5_chiN25,0.5,25.0,scft,4.288401513627919,0.703125,0.9931548680409352
f0.5_chiN25,0.5,25.0,liu2019_opf,4.437185736363516,0.703125,0.9854053996060992
f0.5_chiN25,0.5,25.0,scft,4.288401513627919,0.70703125,0.9932585355169059
f0.5_chiN25,0.5,25.0,liu2019_opf,4.437185736363516,0.70703125,0.9854108471620971
f0.5_chiN25,0.5,25.0,scft,4.288401513627919,0.7109375,0.9933622029928767
f0.5_chiN25,0.5,25.0,liu2019_opf,4.437185736363516,0.7109375,0.9854108471621823
f0.5_chiN25,0.5,25.0,scft,4.288401513627919,0.71484375,0.9933611061876586
f0.5_chiN25,0.5,25.0,liu2019_opf,4.437185736363516,0.71484375,0.9854108471622675
f0.5_chiN25,0.5,25.0,scft,4.288401513627919,0.71875,0.993355136625176
f0.5_chiN25,0.5,25.0,liu2019_opf,4.437185736363516,0.71875,0.9854108471623526
f0.5_chiN25,0.5,25.0,scft,4.288401513627919,0.72265625,0.9933369633893421
f0.5_chiN25,0.5,25.0,liu2019_opf,4.437185736363516,0.72265625,0.9854108471624378
f0.5_chiN25,0.5,25.0,scft,4.288401513627919,0.7265625,0.9932211607666964
f0.5_chiN25,0.5,25.0,liu2019_opf,4.437185736363516,0.7265625,0.9854053996062713
f0.5_chiN25,0.5,25.0,scft,4.288401513627919,0.73046875,0.9931053581440509
f0.5_chiN25,0.5,25.0,liu2019_opf,4.437185736363516,0.73046875,0.9853999520501048
f0.5_chiN25,0.5,25.0,scft,4.288401513627919,0.734375,0.9929590000444997
f0.5_chiN25,0.5,25.0,liu2019_opf,4.437185736363516,0.734375,0.9853945044939382
f0.5_chiN25,0.5,25.0,scft,4.288401513627919,0.73828125,0.9927286143834576
f0.5_chiN25,0.5,25.0,liu2019_opf,4.437185736363516,0.73828125,0.9853890569377717
f0.5_chiN25,0.5,25.0,scft,4.288401513627919,0.7421875,0.9924982287224156
f0.5_chiN25,0.5,25.0,liu2019_opf,4.437185736363516,0.7421875,0.9853605571038782
f0.5_chiN25,0.5,25.0,scft,4.288401513627919,0.74609375,0.9922153779794407
f0.5_chiN25,0.5,25.0,liu2019_opf,4.437185736363516,0.74609375,0.9853320572699845
f0.5_chiN25,0.5,25.0,scft,4.288401513627919,0.75,0.9918607329138209
f0.5_chiN25,0.5,25.0,liu2019_opf,4.437185736363516,0.75,0.985303557436091
f0.5_chiN25,0.5,25.0,scft,4.288401513627919,0.75390625,0.991506087848201
f0.5_chiN25,0.5,25.0,liu2019_opf,4.437185736363516,0.75390625,0.9852750576021975
f0.5_chiN25,0.5,25.0,scft,4.288401513627919,0.7578125,0.9910707926872666
f0.5_chiN25,0.5,25.0,liu2019_opf,4.437185736363516,0.7578125,0.9851857501601748
f0.5_chiN25,0.5,25.0,scft,4.288401513627919,0.76171875,0.9905765609182178
f0.5_chiN25,0.5,25.0,liu2019_opf,4.437185736363516,0.76171875,0.9850964427181522
f0.5_chiN25,0.5,25.0,scft,4.288401513627919,0.765625,0.9900823291491688
f0.5_chiN25,0.5,25.0,liu2019_opf,4.437185736363516,0.765625,0.9850071352761297
f0.5_chiN25,0.5,25.0,scft,4.288401513627919,0.76953125,0.9894696519199768
f0.5_chiN25,0.5,25.0,liu2019_opf,4.437185736363516,0.76953125,0.9849178278341071
f0.5_chiN25,0.5,25.0,scft,4.288401513627919,0.7734375,0.9888139036143688
f0.5_chiN25,0.5,25.0,liu2019_opf,4.437185736363516,0.7734375,0.9847019646530126
f0.5_chiN25,0.5,25.0,scft,4.288401513627919,0.77734375,0.9881581553087609
f0.5_chiN25,0.5,25.0,liu2019_opf,4.437185736363516,0.77734375,0.9844861014719183
f0.5_chiN25,0.5,25.0,scft,4.288401513627919,0.78125,0.9873317514031474
f0.5_chiN25,0.5,25.0,liu2019_opf,4.437185736363516,0.78125,0.9842702382908238
f0.5_chiN25,0.5,25.0,scft,4.288401513627919,0.78515625,0.9864840155475333
f0.5_chiN25,0.5,25.0,liu2019_opf,4.437185736363516,0.78515625,0.9840543751097294
f0.5_chiN25,0.5,25.0,scft,4.288401513627919,0.7890625,0.9856259080212216
f0.5_chiN25,0.5,25.0,liu2019_opf,4.437185736363516,0.7890625,0.9836087852062365
f0.5_chiN25,0.5,25.0,scft,4.288401513627919,0.79296875,0.9845448095749157
f0.5_chiN25,0.5,25.0,liu2019_opf,4.437185736363516,0.79296875,0.9831631953027435
f0.5_chiN25,0.5,25.0,scft,4.288401513627919,0.796875,0.9834637111286099
f0.5_chiN25,0.5,25.0,liu2019_opf,4.437185736363516,0.796875,0.9827176053992507
f0.5_chiN25,0.5,25.0,scft,4.288401513627919,0.80078125,0.9823247058813478
f0.5_chiN25,0.5,25.0,liu2019_opf,4.437185736363516,0.80078125,0.9822720154957577
f0.5_chiN25,0.5,25.0,scft,4.288401513627919,0.8046875,0.9809540734302604
f0.5_chiN25,0.5,25.0,liu2019_opf,4.437185736363516,0.8046875,0.9814345214665549
f0.5_chiN25,0.5,25.0,scft,4.288401513627919,0.80859375,0.979583440979173
f0.5_chiN25,0.5,25.0,liu2019_opf,4.437185736363516,0.80859375,0.980597027437352
f0.5_chiN25,0.5,25.0,scft,4.288401513627919,0.8125,0.9780829308189524
f0.5_chiN25,0.5,25.0,liu2019_opf,4.437185736363516,0.8125,0.9797595334081491
f0.5_chiN25,0.5,25.0,scft,4.288401513627919,0.81640625,0.9763470173109277
f0.5_chiN25,0.5,25.0,liu2019_opf,4.437185736363516,0.81640625,0.9789220393789463
f0.5_chiN25,0.5,25.0,scft,4.288401513627919,0.8203125,0.9746111038029028
f0.5_chiN25,0.5,25.0,liu2019_opf,4.437185736363516,0.8203125,0.9774512021637795
f0.5_chiN25,0.5,25.0,scft,4.288401513627919,0.82421875,0.9726360999737216
f0.5_chiN25,0.5,25.0,liu2019_opf,4.437185736363516,0.82421875,0.9759803649486126
f0.5_chiN25,0.5,25.0,scft,4.288401513627919,0.828125,0.9704324010547383
f0.5_chiN25,0.5,25.0,liu2019_opf,4.437185736363516,0.828125,0.9745095277334458
f0.5_chiN25,0.5,25.0,scft,4.288401513627919,0.83203125,0.9682287021357551
f0.5_chiN25,0.5,25.0,liu2019_opf,4.437185736363516,0.83203125,0.973038690518279
f0.5_chiN25,0.5,25.0,scft,4.288401513627919,0.8359375,0.9656206102297509
f0.5_chiN25,0.5,25.0,liu2019_opf,4.437185736363516,0.8359375,0.9705698680655619
f0.5_chiN25,0.5,25.0,scft,4.288401513627919,0.83984375,0.9628103218302362
f0.5_chiN25,0.5,25.0,liu2019_opf,4.437185736363516,0.83984375,0.9681010456128448
f0.5_chiN25,0.5,25.0,scft,4.288401513627919,0.84375,0.9600000334307216
f0.5_chiN25,0.5,25.0,liu2019_opf,4.437185736363516,0.84375,0.9656322231601278
f0.5_chiN25,0.5,25.0,scft,4.288401513627919,0.84765625,0.9565370187091409
f0.5_chiN25,0.5,25.0,liu2019_opf,4.437185736363516,0.84765625,0.9631634007074107
f0.5_chiN25,0.5,25.0,scft,4.288401513627919,0.8515625,0.9529328739719781
f0.5_chiN25,0.5,25.0,liu2019_opf,4.437185736363516,0.8515625,0.959177540264948
f0.5_chiN25,0.5,25.0,scft,4.288401513627919,0.85546875,0.9493287292348155
f0.5_chiN25,0.5,25.0,liu2019_opf,4.437185736363516,0.85546875,0.9551916798224853
f0.5_chiN25,0.5,25.0,scft,4.288401513627919,0.859375,0.9447033171740722
f0.5_chiN25,0.5,25.0,liu2019_opf,4.437185736363516,0.859375,0.9512058193800226
f0.5_chiN25,0.5,25.0,scft,4.288401513627919,0.86328125,0.9400546944923385
f0.5_chiN25,0.5,25.0,liu2019_opf,4.437185736363516,0.86328125,0.94721995893756
f0.5_chiN25,0.5,25.0,scft,4.288401513627919,0.8671875,0.9352228432770835
f0.5_chiN25,0.5,25.0,liu2019_opf,4.437185736363516,0.8671875,0.9410035786505808
f0.5_chiN25,0.5,25.0,scft,4.288401513627919,0.87109375,0.9292000065939418
f0.5_chiN25,0.5,25.0,liu2019_opf,4.437185736363516,0.87109375,0.9347871983636016
f0.5_chiN25,0.5,25.0,scft,4.288401513627919,0.875,0.9231771699108
f0.5_chiN25,0.5,25.0,liu2019_opf,4.437185736363516,0.875,0.9285708180766225
f0.5_chiN25,0.5,25.0,scft,4.288401513627919,0.87890625,0.9166354792077003
f0.5_chiN25,0.5,25.0,liu2019_opf,4.437185736363516,0.87890625,0.9223544377896433
f0.5_chiN25,0.5,25.0,scft,4.288401513627919,0.8828125,0.9088166093785508
f0.5_chiN25,0.5,25.0,liu2019_opf,4.437185736363516,0.8828125,0.9130055623837703
f0.5_chiN25,0.5,25.0,scft,4.288401513627919,0.88671875,0.9009977395494012
f0.5_chiN25,0.5,25.0,liu2019_opf,4.437185736363516,0.88671875,0.9036566869778972
f0.5_chiN25,0.5,25.0,scft,4.288401513627919,0.890625,0.892151640638226
f0.5_chiN25,0.5,25.0,liu2019_opf,4.437185736363516,0.890625,0.8943078115720242
f0.5_chiN25,0.5,25.0,scft,4.288401513627919,0.89453125,0.8820215053745188
f0.5_chiN25,0.5,25.0,liu2019_opf,4.437185736363516,0.89453125,0.8849589361661512
f0.5_chiN25,0.5,25.0,scft,4.288401513627919,0.8984375,0.8718913701108117
f0.5_chiN25,0.5,25.0,liu2019_opf,4.437185736363516,0.8984375,0.8715028206759401
f0.5_chiN25,0.5,25.0,scft,4.288401513627919,0.90234375,0.8600247362232328
f0.5_chiN25,0.5,25.0,liu2019_opf,4.437185736363516,0.90234375,0.858046705185729
f0.5_chiN25,0.5,25.0,scft,4.288401513627919,0.90625,0.8470004365864061
f0.5_chiN25,0.5,25.0,liu2019_opf,4.437185736363516,0.90625,0.8445905896955179
f0.5_chiN25,0.5,25.0,scft,4.288401513627919,0.91015625,0.8339761369495794
f0.5_chiN25,0.5,25.0,liu2019_opf,4.437185736363516,0.91015625,0.8311344742053068
f0.5_chiN25,0.5,25.0,scft,4.288401513627919,0.9140625,0.8183316323289097
f0.5_chiN25,0.5,25.0,liu2019_opf,4.437185736363516,0.9140625,0.8128165595051083
f0.5_chiN25,0.5,25.0,scft,4.288401513627919,0.91796875,0.8018394143311144
f0.5_chiN25,0.5,25.0,liu2019_opf,4.437185736363516,0.91796875,0.7944986448049098
f0.5_chiN25,0.5,25.0,scft,4.288401513627919,0.921875,0.7853471963333191
f0.5_chiN25,0.5,25.0,liu2019_opf,4.437185736363516,0.921875,0.7761807301047112
f0.5_chiN25,0.5,25.0,scft,4.288401513627919,0.92578125,0.7653220050336902
f0.5_chiN25,0.5,25.0,liu2019_opf,4.437185736363516,0.92578125,0.7578628154045127
f0.5_chiN25,0.5,25.0,scft,4.288401513627919,0.9296875,0.7449521334119313
f0.5_chiN25,0.5,25.0,liu2019_opf,4.437185736363516,0.9296875,0.7346331416838895
f0.5_chiN25,0.5,25.0,scft,4.288401513627919,0.93359375,0.7243232628287991
f0.5_chiN25,0.5,25.0,liu2019_opf,4.437185736363516,0.93359375,0.7114034679632661
f0.5_chiN25,0.5,25.0,scft,4.288401513627919,0.9375,0.7000684067864422
f0.5_chiN25,0.5,25.0,liu2019_opf,4.437185736363516,0.9375,0.6881737942426429
f0.5_chiN25,0.5,25.0,scft,4.288401513627919,0.94140625,0.6758135507440853
f0.5_chiN25,0.5,25.0,liu2019_opf,4.437185736363516,0.94140625,0.6649441205220197
f0.5_chiN25,0.5,25.0,scft,4.288401513627919,0.9453125,0.6508402642002362
f0.5_chiN25,0.5,25.0,liu2019_opf,4.437185736363516,0.9453125,0.6379324636840893
f0.5_chiN25,0.5,25.0,scft,4.288401513627919,0.94921875,0.6233524709011643
f0.5_chiN25,0.5,25.0,liu2019_opf,4.437185736363516,0.94921875,0.6109208068461591
f0.5_chiN25,0.5,25.0,scft,4.288401513627919,0.953125,0.5958646776020923
f0.5_chiN25,0.5,25.0,liu2019_opf,4.437185736363516,0.953125,0.583909150008229
f0.5_chiN25,0.5,25.0,scft,4.288401513627919,0.95703125,0.567689262589413
f0.5_chiN25,0.5,25.0,liu2019_opf,4.437185736363516,0.95703125,0.5568974931702986
f0.5_chiN25,0.5,25.0,scft,4.288401513627919,0.9609375,0.5383812941660867
f0.5_chiN25,0.5,25.0,liu2019_opf,4.437185736363516,0.9609375,0.5284487465849775
f0.5_chiN25,0.5,25.0,scft,4.288401513627919,0.96484375,0.5090733257427603
f0.5_chiN25,0.5,25.0,liu2019_opf,4.437185736363516,0.96484375,0.4999999999996564
f0.5_chiN25,0.5,25.0,scft,4.288401513627919,0.96875,0.4798241826732633
f0.5_chiN25,0.5,25.0,liu2019_opf,4.437185736363516,0.96875,0.47155125341433535
f0.5_chiN25,0.5,25.0,scft,4.288401513627919,0.97265625,0.450626511788367
f0.5_chiN25,0.5,25.0,liu2019_opf,4.437185736363516,0.97265625,0.4431025068290142
f0.5_chiN25,0.5,25.0,scft,4.288401513627919,0.9765625,0.4214288409034707
f0.5_chiN25,0.5,25.0,liu2019_opf,4.437185736363516,0.9765625,0.41609084999109747
f0.5_chiN25,0.5,25.0,scft,4.288401513627919,0.98046875,0.39361416378037484
f0.5_chiN25,0.5,25.0,liu2019_opf,4.437185736363516,0.98046875,0.38907919315318074
f0.5_chiN25,0.5,25.0,scft,4.288401513627919,0.984375,0.3664240644851889
f0.5_chiN25,0.5,25.0,liu2019_opf,4.437185736363516,0.984375,0.362067536315264
f0.5_chiN25,0.5,25.0,scft,4.288401513627919,0.98828125,0.3392339651900029
f0.5_chiN25,0.5,25.0,liu2019_opf,4.437185736363516,0.98828125,0.3350558794773473
f0.5_chiN25,0.5,25.0,scft,4.288401513627919,0.9921875,0.31486591261809616
f0.5_chiN25,0.5,25.0,liu2019_opf,4.437185736363516,0.9921875,0.3118262057567459
f0.5_chiN25,0.5,25.0,scft,4.288401513627919,0.99609375,0.2910177107583724
f0.5_chiN25,0.5,25.0,liu2019_opf,4.437185736363516,0.99609375,0.28859653203614455
f0.5_chiN30,0.5,30.0,scft,4.482349595936568,0.0,0.968053377988936
f0.5_chiN30,0.5,30.0,liu2019_opf,4.649607278605667,0.0,0.9763851944044415
f0.5_chiN30,0.5,30.0,scft,4.482349595936568,0.00390625,0.9644574112804198
f0.5_chiN30,0.5,30.0,liu2019_opf,4.649607278605667,0.00390625,0.9737430919202459
f0.5_chiN30,0.5,30.0,scft,4.482349595936568,0.0078125,0.9608614445719036
f0.5_chiN30,0.5,30.0,liu2019_opf,4.649607278605667,0.0078125,0.9711009894360505
f0.5_chiN30,0.5,30.0,scft,4.482349595936568,0.01171875,0.9572654778633874
f0.5_chiN30,0.5,30.0,liu2019_opf,4.649607278605667,0.01171875,0.968458886951855
f0.5_chiN30,0.5,30.0,scft,4.482349595936568,0.015625,0.9536695111548712
f0.5_chiN30,0.5,30.0,liu2019_opf,4.649607278605667,0.015625,0.9638176980259543
f0.5_chiN30,0.5,30.0,scft,4.482349595936568,0.01953125,0.948179864195682
f0.5_chiN30,0.5,30.0,liu2019_opf,4.649607278605667,0.01953125,0.9591765091000537
f0.5_chiN30,0.5,30.0,scft,4.482349595936568,0.0234375,0.9426902172364927
f0.5_chiN30,0.5,30.0,liu2019_opf,4.649607278605667,0.0234375,0.9545353201741531
f0.5_chiN30,0.5,30.0,scft,4.482349595936568,0.02734375,0.9372005702773034
f0.5_chiN30,0.5,30.0,liu2019_opf,4.649607278605667,0.02734375,0.9498941312482525
f0.5_chiN30,0.5,30.0,scft,4.482349595936568,0.03125,0.9317109233181142
f0.5_chiN30,0.5,30.0,liu2019_opf,4.649607278605667,0.03125,0.9421108418761959
f0.5_chiN30,0.5,30.0,scft,4.482349595936568,0.03515625,0.9232283646292856
f0.5_chiN30,0.5,30.0,liu2019_opf,4.649607278605667,0.03515625,0.9343275525041393
f0.5_chiN30,0.5,30.0,scft,4.482349595936568,0.0390625,0.914745805940457
f0.5_chiN30,0.5,30.0,liu2019_opf,4.649607278605667,0.0390625,0.9265442631320828
f0.5_chiN30,0.5,30.0,scft,4.482349595936568,0.04296875,0.9062632472516283
f0.5_chiN30,0.5,30.0,liu2019_opf,4.649607278605667,0.04296875,0.9187609737600262
f0.5_chiN30,0.5,30.0,scft,4.482349595936568,0.046875,0.8977806885627997
f0.5_chiN30,0.5,30.0,liu2019_opf,4.649607278605667,0.046875,0.9063450242385549
f0.5_chiN30,0.5,30.0,scft,4.482349595936568,0.05078125,0.8847134546846577
f0.5_chiN30,0.5,30.0,liu2019_opf,4.649607278605667,0.05078125,0.8939290747170836
f0.5_chiN30,0.5,30.0,scft,4.482349595936568,0.0546875,0.8716462208065157
f0.5_chiN30,0.5,30.0,liu2019_opf,4.649607278605667,0.0546875,0.8815131251956123
f0.5_chiN30,0.5,30.0,scft,4.482349595936568,0.05859375,0.8585789869283735
f0.5_chiN30,0.5,30.0,liu2019_opf,4.649607278605667,0.05859375,0.869097175674141
f0.5_chiN30,0.5,30.0,scft,4.482349595936568,0.0625,0.8455117530502315
f0.5_chiN30,0.5,30.0,liu2019_opf,4.649607278605667,0.0625,0.8505147696047994
f0.5_chiN30,0.5,30.0,scft,4.482349595936568,0.06640625,0.8259557998322848
f0.5_chiN30,0.5,30.0,liu2019_opf,4.649607278605667,0.06640625,0.8319323635354579
f0.5_chiN30,0.5,30.0,scft,4.482349595936568,0.0703125,0.8063998466143381
f0.5_chiN30,0.5,30.0,liu2019_opf,4.649607278605667,0.0703125,0.8133499574661163
f0.5_chiN30,0.5,30.0,scft,4.482349595936568,0.07421875,0.7868438933963914
f0.5_chiN30,0.5,30.0,liu2019_opf,4.649607278605667,0.07421875,0.7947675513967747
f0.5_chiN30,0.5,30.0,scft,4.482349595936568,0.078125,0.7672879401784447
f0.5_chiN30,0.5,30.0,liu2019_opf,4.649607278605667,0.078125,0.7692449833610349
f0.5_chiN30,0.5,30.0,scft,4.482349595936568,0.08203125,0.7399856648588082
f0.5_chiN30,0.5,30.0,liu2019_opf,4.649607278605667,0.08203125,0.7437224153252949
f0.5_chiN30,0.5,30.0,scft,4.482349595936568,0.0859375,0.712683389539172
f0.5_chiN30,0.5,30.0,liu2019_opf,4.649607278605667,0.0859375,0.718199847289555
f0.5_chiN30,0.5,30.0,scft,4.482349595936568,0.08984375,0.6853811142195356
f0.5_chiN30,0.5,30.0,liu2019_opf,4.649607278605667,0.08984375,0.6926772792538152
f0.5_chiN30,0.5,30.0,scft,4.482349595936568,0.09375,0.6580788388998992
f0.5_chiN30,0.5,30.0,liu2019_opf,4.649607278605667,0.09375,0.6613370649233505
f0.5_chiN30,0.5,30.0,scft,4.482349595936568,0.09765625,0.6244463661799101
f0.5_chiN30,0.5,30.0,liu2019_opf,4.649607278605667,0.09765625,0.6299968505928861
f0.5_chiN30,0.5,30.0,scft,4.482349595936568,0.1015625,0.590813893459921
f0.5_chiN30,0.5,30.0,liu2019_opf,4.649607278605667,0.1015625,0.5986566362624216
f0.5_chiN30,0.5,30.0,scft,4.482349595936568,0.10546875,0.5571814207399318
f0.5_chiN30,0.5,30.0,liu2019_opf,4.649607278605667,0.10546875,0.5673164219319571
f0.5_chiN30,0.5,30.0,scft,4.482349595936568,0.109375,0.5235489480199428
f0.5_chiN30,0.5,30.0,liu2019_opf,4.649607278605667,0.109375,0.5336582109643022
f0.5_chiN30,0.5,30.0,scft,4.482349595936568,0.11328125,0.4888267342046201
f0.5_chiN30,0.5,30.0,liu2019_opf,4.649607278605667,0.11328125,0.4999999999966474
f0.5_chiN30,0.5,30.0,scft,4.482349595936568,0.1171875,0.4541045203892975
f0.5_chiN30,0.5,30.0,liu2019_opf,4.649607278605667,0.1171875,0.46634178902899254
f0.5_chiN30,0.5,30.0,scft,4.482349595936568,0.12109375,0.4193823065739748
f0.5_chiN30,0.5,30.0,liu2019_opf,4.649607278605667,0.12109375,0.4326835780613377
f0.5_chiN30,0.5,30.0,scft,4.482349595936568,0.125,0.38466009275865215
f0.5_chiN30,0.5,30.0,liu2019_opf,4.649607278605667,0.125,0.40134336373110424
f0.5_chiN30,0.5,30.0,scft,4.482349595936568,0.12890625,0.3548966904520896
f0.5_chiN30,0.5,30.0,liu2019_opf,4.649607278605667,0.12890625,0.37000314940087087
f0.5_chiN30,0.5,30.0,scft,4.482349595936568,0.1328125,0.325133288145527
f0.5_chiN30,0.5,30.0,liu2019_opf,4.649607278605667,0.1328125,0.3386629350706374
f0.5_chiN30,0.5,30.0,scft,4.482349595936568,0.13671875,0.2953698858389644
f0.5_chiN30,0.5,30.0,liu2019_opf,4.649607278605667,0.13671875,0.30732272074040395
f0.5_chiN30,0.5,30.0,scft,4.482349595936568,0.140625,0.26560648353240185
f0.5_chiN30,0.5,30.0,liu2019_opf,4.649607278605667,0.140625,0.2818001527050224
f0.5_chiN30,0.5,30.0,scft,4.482349595936568,0.14453125,0.24352773788798932
f0.5_chiN30,0.5,30.0,liu2019_opf,4.649607278605667,0.14453125,0.25627758466964085
f0.5_chiN30,0.5,30.0,scft,4.482349595936568,0.1484375,0.22144899224357684
f0.5_chiN30,0.5,30.0,liu2019_opf,4.649607278605667,0.1484375,0.2307550166342593
f0.5_chiN30,0.5,30.0,scft,4.482349595936568,0.15234375,0.19937024659916436
f0.5_chiN30,0.5,30.0,liu2019_opf,4.649607278605667,0.15234375,0.20523244859887776
f0.5_chiN30,0.5,30.0,scft,4.482349595936568,0.15625,0.17729150095475182
f0.5_chiN30,0.5,30.0,liu2019_opf,4.649607278605667,0.15625,0.1866500425299014
f0.5_chiN30,0.5,30.0,scft,4.482349595936568,0.16015625,0.16227360234756733
f0.5_chiN30,0.5,30.0,liu2019_opf,4.649607278605667,0.16015625,0.16806763646092504
f0.5_chiN30,0.5,30.0,scft,4.482349595936568,0.1640625,0.14725570374038277
f0.5_chiN30,0.5,30.0,liu2019_opf,4.649607278605667,0.1640625,0.14948523039194866
f0.5_chiN30,0.5,30.0,scft,4.482349595936568,0.16796875,0.13223780513319824
f0.5_chiN30,0.5,30.0,liu2019_opf,4.649607278605667,0.16796875,0.1309028243229723
f0.5_chiN30,0.5,30.0,scft,4.482349595936568,0.171875,0.11721990652601372
f0.5_chiN30,0.5,30.0,liu2019_opf,4.649607278605667,0.171875,0.1184868748018032
f0.5_chiN30,0.5,30.0,scft,4.482349595936568,0.17578125,0.10741114919096757
f0.5_chiN30,0.5,30.0,liu2019_opf,4.649607278605667,0.17578125,0.10607092528063411
f0.5_chiN30,0.5,30.0,scft,4.482349595936568,0.1796875,0.09760239185592143
f0.5_chiN30,0.5,30.0,liu2019_opf,4.649607278605667,0.1796875,0.09365497575946503
f0.5_chiN30,0.5,30.0,scft,4.482349595936568,0.18359375,0.0877936345208753
f0.5_chiN30,0.5,30.0,liu2019_opf,4.649607278605667,0.18359375,0.08123902623829594
f0.5_chiN30,0.5,30.0,scft,4.482349595936568,0.1875,0.07798487718582915
f0.5_chiN30,0.5,30.0,liu2019_opf,4.649607278605667,0.1875,0.07345573686646917
f0.5_chiN30,0.5,30.0,scft,4.482349595936568,0.19140625,0.07164416979771672
f0.5_chiN30,0.5,30.0,liu2019_opf,4.649607278605667,0.19140625,0.06567244749464239
f0.5_chiN30,0.5,30.0,scft,4.482349595936568,0.1953125,0.06530346240960429
f0.5_chiN30,0.5,30.0,liu2019_opf,4.649607278605667,0.1953125,0.057889158122815615
f0.5_chiN30,0.5,30.0,scft,4.482349595936568,0.19921875,0.058962755021491856
f0.5_chiN30,0.5,30.0,liu2019_opf,4.649607278605667,0.19921875,0.050105868750988845
f0.5_chiN30,0.5,30.0,scft,4.482349595936568,0.203125,0.052622047633379423
f0.5_chiN30,0.5,30.0,liu2019_opf,4.649607278605667,0.203125,0.045464679825266544
f0.5_chiN30,0.5,30.0,scft,4.482349595936568,0.20703125,0.048490032476831674
f0.5_chiN30,0.5,30.0,liu2019_opf,4.649607278605667,0.20703125,0.04082349089954424
f0.5_chiN30,0.5,30.0,scft,4.482349595936568,0.2109375,0.04435801732028391
f0.5_chiN30,0.5,30.0,liu2019_opf,4.649607278605667,0.2109375,0.03618230197382194
f0.5_chiN30,0.5,30.0,scft,4.482349595936568,0.21484375,0.04022600216373616
f0.5_chiN30,0.5,30.0,liu2019_opf,4.649607278605667,0.21484375,0.03154111304809964
f0.5_chiN30,0.5,30.0,scft,4.482349595936568,0.21875,0.036093987007188404
f0.5_chiN30,0.5,30.0,liu2019_opf,4.649607278605667,0.21875,0.028899010564045764
f0.5_chiN30,0.5,30.0,scft,4.482349595936568,0.22265625,0.0333537802660762
f0.5_chiN30,0.5,30.0,liu2019_opf,4.649607278605667,0.22265625,0.02625690807999189
f0.5_chiN30,0.5,30.0,scft,4.482349595936568,0.2265625,0.030613573524964
f0.5_chiN30,0.5,30.0,liu2019_opf,4.649607278605667,0.2265625,0.023614805595938017
f0.5_chiN30,0.5,30.0,scft,4.482349595936568,0.23046875,0.0278733667838518
f0.5_chiN30,0.5,30.0,liu2019_opf,4.649607278605667,0.23046875,0.020972703111884143
f0.5_chiN30,0.5,30.0,scft,4.482349595936568,0.234375,0.0251331600427396
f0.5_chiN30,0.5,30.0,liu2019_opf,4.649607278605667,0.234375,0.019549201763255492
f0.5_chiN30,0.5,30.0,scft,4.482349595936568,0.23828125,0.023279462630507838
f0.5_chiN30,0.5,30.0,liu2019_opf,4.649607278605667,0.23828125,0.01812570041462684
f0.5_chiN30,0.5,30.0,scft,4.482349595936568,0.2421875,0.021425765218276077
f0.5_chiN30,0.5,30.0,liu2019_opf,4.649607278605667,0.2421875,0.016702199065998194
f0.5_chiN30,0.5,30.0,scft,4.482349595936568,0.24609375,0.019572067806044313
f0.5_chiN30,0.5,30.0,liu2019_opf,4.649607278605667,0.24609375,0.015278697717369541
f0.5_chiN30,0.5,30.0,scft,4.482349595936568,0.25,0.01771837039381255
f0.5_chiN30,0.5,30.0,liu2019_opf,4.649607278605667,0.25,0.014573101010627936
f0.5_chiN30,0.5,30.0,scft,4.482349595936568,0.25390625,0.016442824233583203
f0.5_chiN30,0.5,30.0,liu2019_opf,4.649607278605667,0.25390625,0.01386750430388633
f0.5_chiN30,0.5,30.0,scft,4.482349595936568,0.2578125,0.015167278073353859
f0.5_chiN30,0.5,30.0,liu2019_opf,4.649607278605667,0.2578125,0.013161907597144725
f0.5_chiN30,0.5,30.0,scft,4.482349595936568,0.26171875,0.013891731913124514
f0.5_chiN30,0.5,30.0,liu2019_opf,4.649607278605667,0.26171875,0.01245631089040312
f0.5_chiN30,0.5,30.0,scft,4.482349595936568,0.265625,0.012616185752895168
f0.5_chiN30,0.5,30.0,liu2019_opf,4.649607278605667,0.265625,0.012158260317698918
f0.5_chiN30,0.5,30.0,scft,4.482349595936568,0.26953125,0.011729238339667873
f0.5_chiN30,0.5,30.0,liu2019_opf,4.649607278605667,0.26953125,0.011860209744994717
f0.5_chiN30,0.5,30.0,scft,4.482349595936568,0.2734375,0.010842290926440576
f0.5_chiN30,0.5,30.0,liu2019_opf,4.649607278605667,0.2734375,0.011562159172290516
f0.5_chiN30,0.5,30.0,scft,4.482349595936568,0.27734375,0.00995534351321328
f0.5_chiN30,0.5,30.0,liu2019_opf,4.649607278605667,0.27734375,0.011264108599586315
f0.5_chiN30,0.5,30.0,scft,4.482349595936568,0.28125,0.009068396099985984
f0.5_chiN30,0.5,30.0,liu2019_opf,4.649607278605667,0.28125,0.01118475522489033
f0.5_chiN30,0.5,30.0,scft,4.482349595936568,0.28515625,0.008451436277673818
f0.5_chiN30,0.5,30.0,liu2019_opf,4.649607278605667,0.28515625,0.011105401850194343
f0.5_chiN30,0.5,30.0,scft,4.482349595936568,0.2890625,0.007834476455361651
f0.5_chiN30,0.5,30.0,liu2019_opf,4.649607278605667,0.2890625,0.011026048475498358
f0.5_chiN30,0.5,30.0,scft,4.482349595936568,0.29296875,0.0072175166330494854
f0.5_chiN30,0.5,30.0,liu2019_opf,4.649607278605667,0.29296875,0.010946695100802373
f0.5_chiN30,0.5,30.0,scft,4.482349595936568,0.296875,0.006600556810737319
f0.5_chiN30,0.5,30.0,liu2019_opf,4.649607278605667,0.296875,0.010972252698519121
f0.5_chiN30,0.5,30.0,scft,4.482349595936568,0.30078125,0.0061780420063418
f0.5_chiN30,0.5,30.0,liu2019_opf,4.649607278605667,0.30078125,0.01099781029623587
f0.5_chiN30,0.5,30.0,scft,4.482349595936568,0.3046875,0.005755527201946281
f0.5_chiN30,0.5,30.0,liu2019_opf,4.649607278605667,0.3046875,0.01102336789395262
f0.5_chiN30,0.5,30.0,scft,4.482349595936568,0.30859375,0.005333012397550761
f0.5_chiN30,0.5,30.0,liu2019_opf,4.649607278605667,0.30859375,0.011048925491669368
f0.5_chiN30,0.5,30.0,scft,4.482349595936568,0.3125,0.004910497593155242
f0.5_chiN30,0.5,30.0,liu2019_opf,4.649607278605667,0.3125,0.011111412215242165
f0.5_chiN30,0.5,30.0,scft,4.482349595936568,0.31640625,0.004634057874382269
f0.5_chiN30,0.5,30.0,liu2019_opf,4.649607278605667,0.31640625,0.011173898938814961
f0.5_chiN30,0.5,30.0,scft,4.482349595936568,0.3203125,0.004357618155609297
f0.5_chiN30,0.5,30.0,liu2019_opf,4.649607278605667,0.3203125,0.011236385662387759
f0.5_chiN30,0.5,30.0,scft,4.482349595936568,0.32421875,0.004081178436836325
f0.5_chiN30,0.5,30.0,liu2019_opf,4.649607278605667,0.32421875,0.011298872385960557
f0.5_chiN30,0.5,30.0,scft,4.482349595936568,0.328125,0.0038047387180633525
f0.5_chiN30,0.5,30.0,liu2019_opf,4.649607278605667,0.328125,0.011358446201991952
f0.5_chiN30,0.5,30.0,scft,4.482349595936568,0.33203125,0.0036441799337241466
f0.5_chiN30,0.5,30.0,liu2019_opf,4.649607278605667,0.33203125,0.011418020018023346
f0.5_chiN30,0.5,30.0,scft,4.482349595936568,0.3359375,0.003483621149384941
f0.5_chiN30,0.5,30.0,liu2019_opf,4.649607278605667,0.3359375,0.01147759383405474
f0.5_chiN30,0.5,30.0,scft,4.482349595936568,0.33984375,0.0033230623650457353
f0.5_chiN30,0.5,30.0,liu2019_opf,4.649607278605667,0.33984375,0.011537167650086135
f0.5_chiN30,0.5,30.0,scft,4.482349595936568,0.34375,0.0031625035807065294
f0.5_chiN30,0.5,30.0,liu2019_opf,4.649607278605667,0.34375,0.01157183531856825
f0.5_chiN30,0.5,30.0,scft,4.482349595936568,0.34765625,0.003100797940454203
f0.5_chiN30,0.5,30.0,liu2019_opf,4.649607278605667,0.34765625,0.011606502987050368
f0.5_chiN30,0.5,30.0,scft,4.482349595936568,0.3515625,0.003039092300201876
f0.5_chiN30,0.5,30.0,liu2019_opf,4.649607278605667,0.3515625,0.011641170655532485
f0.5_chiN30,0.5,30.0,scft,4.482349595936568,0.35546875,0.0029773866599495493
f0.5_chiN30,0.5,30.0,liu2019_opf,4.649607278605667,0.35546875,0.0116758383240146
f0.5_chiN30,0.5,30.0,scft,4.482349595936568,0.359375,0.002915681019697223
f0.5_chiN30,0.5,30.0,liu2019_opf,4.649607278605667,0.359375,0.011675838323826643
f0.5_chiN30,0.5,30.0,scft,4.482349595936568,0.36328125,0.002946380716191848
f0.5_chiN30,0.5,30.0,liu2019_opf,4.649607278605667,0.36328125,0.011675838323638686
f0.5_chiN30,0.5,30.0,scft,4.482349595936568,0.3671875,0.0029770804126864735
f0.5_chiN30,0.5,30.0,liu2019_opf,4.649607278605667,0.3671875,0.011675838323450729
f0.5_chiN30,0.5,30.0,scft,4.482349595936568,0.37109375,0.003007780109181099
f0.5_chiN30,0.5,30.0,liu2019_opf,4.649607278605667,0.37109375,0.011675838323262772
f0.5_chiN30,0.5,30.0,scft,4.482349595936568,0.375,0.0030384798056757242
f0.5_chiN30,0.5,30.0,liu2019_opf,4.649607278605667,0.375,0.011641170653889962
f0.5_chiN30,0.5,30.0,scft,4.482349595936568,0.37890625,0.0031647861670014805
f0.5_chiN30,0.5,30.0,liu2019_opf,4.649607278605667,0.37890625,0.011606502984517151
f0.5_chiN30,0.5,30.0,scft,4.482349595936568,0.3828125,0.003291092528327237
f0.5_chiN30,0.5,30.0,liu2019_opf,4.649607278605667,0.3828125,0.01157183531514434
f0.5_chiN30,0.5,30.0,scft,4.482349595936568,0.38671875,0.0034173988896529926
f0.5_chiN30,0.5,30.0,liu2019_opf,4.649607278605667,0.38671875,0.011537167645771531
f0.5_chiN30,0.5,30.0,scft,4.482349595936568,0.390625,0.003543705250978749
f0.5_chiN30,0.5,30.0,liu2019_opf,4.649607278605667,0.390625,0.011477593829509112
f0.5_chiN30,0.5,30.0,scft,4.482349595936568,0.39453125,0.0037789274809490476
f0.5_chiN30,0.5,30.0,liu2019_opf,4.649607278605667,0.39453125,0.011418020013246696
f0.5_chiN30,0.5,30.0,scft,4.482349595936568,0.3984375,0.004014149710919347
f0.5_chiN30,0.5,30.0,liu2019_opf,4.649607278605667,0.3984375,0.011358446196984277
f0.5_chiN30,0.5,30.0,scft,4.482349595936568,0.40234375,0.004249371940889645
f0.5_chiN30,0.5,30.0,liu2019_opf,4.649607278605667,0.40234375,0.01129887238072186
f0.5_chiN30,0.5,30.0,scft,4.482349595936568,0.40625,0.004484594170859944
f0.5_chiN30,0.5,30.0,liu2019_opf,4.649607278605667,0.40625,0.011236385656489057
f0.5_chiN30,0.5,30.0,scft,4.482349595936568,0.41015625,0.004854127944777712
f0.5_chiN30,0.5,30.0,liu2019_opf,4.649607278605667,0.41015625,0.011173898932256253
f0.5_chiN30,0.5,30.0,scft,4.482349595936568,0.4140625,0.005223661718695482
f0.5_chiN30,0.5,30.0,liu2019_opf,4.649607278605667,0.4140625,0.011111412208023448
f0.5_chiN30,0.5,30.0,scft,4.482349595936568,0.41796875,0.005593195492613251
f0.5_chiN30,0.5,30.0,liu2019_opf,4.649607278605667,0.41796875,0.011048925483790646
f0.5_chiN30,0.5,30.0,scft,4.482349595936568,0.421875,0.005962729266531019
f0.5_chiN30,0.5,30.0,liu2019_opf,4.649607278605667,0.421875,0.01102336788625167
f0.5_chiN30,0.5,30.0,scft,4.482349595936568,0.42578125,0.006508133426283862
f0.5_chiN30,0.5,30.0,liu2019_opf,4.649607278605667,0.42578125,0.010997810288712696
f0.5_chiN30,0.5,30.0,scft,4.482349595936568,0.4296875,0.007053537586036705
f0.5_chiN30,0.5,30.0,liu2019_opf,4.649607278605667,0.4296875,0.01097225269117372
f0.5_chiN30,0.5,30.0,scft,4.482349595936568,0.43359375,0.007598941745789548
f0.5_chiN30,0.5,30.0,liu2019_opf,4.649607278605667,0.43359375,0.010946695093634745
f0.5_chiN30,0.5,30.0,scft,4.482349595936568,0.4375,0.00814434590554239
f0.5_chiN30,0.5,30.0,liu2019_opf,4.649607278605667,0.4375,0.011026048468002696
f0.5_chiN30,0.5,30.0,scft,4.482349595936568,0.44140625,0.008930769138769983
f0.5_chiN30,0.5,30.0,liu2019_opf,4.649607278605667,0.44140625,0.011105401842370648
f0.5_chiN30,0.5,30.0,scft,4.482349595936568,0.4453125,0.009717192371997578
f0.5_chiN30,0.5,30.0,liu2019_opf,4.649607278605667,0.4453125,0.0111847552167386
f0.5_chiN30,0.5,30.0,scft,4.482349595936568,0.44921875,0.01050361560522517
f0.5_chiN30,0.5,30.0,liu2019_opf,4.649607278605667,0.44921875,0.011264108591106551
f0.5_chiN30,0.5,30.0,scft,4.482349595936568,0.453125,0.011290038838452764
f0.5_chiN30,0.5,30.0,liu2019_opf,4.649607278605667,0.453125,0.011562159164535558
f0.5_chiN30,0.5,30.0,scft,4.482349595936568,0.45703125,0.012419380197994066
f0.5_chiN30,0.5,30.0,liu2019_opf,4.649607278605667,0.45703125,0.011860209737964561
f0.5_chiN30,0.5,30.0,scft,4.482349595936568,0.4609375,0.01354872155753537
f0.5_chiN30,0.5,30.0,liu2019_opf,4.649607278605667,0.4609375,0.012158260311393564
f0.5_chiN30,0.5,30.0,scft,4.482349595936568,0.46484375,0.014678062917076674
f0.5_chiN30,0.5,30.0,liu2019_opf,4.649607278605667,0.46484375,0.012456310884822571
f0.5_chiN30,0.5,30.0,scft,4.482349595936568,0.46875,0.015807404276617976
f0.5_chiN30,0.5,30.0,liu2019_opf,4.649607278605667,0.46875,0.01316190759119122
f0.5_chiN30,0.5,30.0,scft,4.482349595936568,0.47265625,0.017441462414763517
f0.5_chiN30,0.5,30.0,liu2019_opf,4.649607278605667,0.47265625,0.013867504297559868
f0.5_chiN30,0.5,30.0,scft,4.482349595936568,0.4765625,0.019075520552909057
f0.5_chiN30,0.5,30.0,liu2019_opf,4.649607278605667,0.4765625,0.014573101003928519
f0.5_chiN30,0.5,30.0,scft,4.482349595936568,0.48046875,0.0207095786910546
f0.5_chiN30,0.5,30.0,liu2019_opf,4.649607278605667,0.48046875,0.015278697710297167
f0.5_chiN30,0.5,30.0,scft,4.482349595936568,0.484375,0.02234363682920014
f0.5_chiN30,0.5,30.0,liu2019_opf,4.649607278605667,0.484375,0.016702199060439897
f0.5_chiN30,0.5,30.0,scft,4.482349595936568,0.48828125,0.024744239014933694
f0.5_chiN30,0.5,30.0,liu2019_opf,4.649607278605667,0.48828125,0.018125700410582625
f0.5_chiN30,0.5,30.0,scft,4.482349595936568,0.4921875,0.027144841200667253
f0.5_chiN30,0.5,30.0,liu2019_opf,4.649607278605667,0.4921875,0.019549201760725353
f0.5_chiN30,0.5,30.0,scft,4.482349595936568,0.49609375,0.02954544338640081
f0.5_chiN30,0.5,30.0,liu2019_opf,4.649607278605667,0.49609375,0.02097270311086808
f0.5_chiN30,0.5,30.0,scft,4.482349595936568,0.5,0.03194604557213437
f0.5_chiN30,0.5,30.0,liu2019_opf,4.649607278605667,0.5,0.023614805592717884
f0.5_chiN30,0.5,30.0,scft,4.482349595936568,0.50390625,0.035541969256336986
f0.5_chiN30,0.5,30.0,liu2019_opf,4.649607278605667,0.50390625,0.02625690807456768
f0.5_chiN30,0.5,30.0,scft,4.482349595936568,0.5078125,0.03913789294053961
f0.5_chiN30,0.5,30.0,liu2019_opf,4.649607278605667,0.5078125,0.028899010556417477
f0.5_chiN30,0.5,30.0,scft,4.482349595936568,0.51171875,0.04273381662474223
f0.5_chiN30,0.5,30.0,liu2019_opf,4.649607278605667,0.51171875,0.03154111303826728
f0.5_chiN30,0.5,30.0,scft,4.482349595936568,0.515625,0.04632974030894485
f0.5_chiN30,0.5,30.0,liu2019_opf,4.649607278605667,0.515625,0.03618230197061019
f0.5_chiN30,0.5,30.0,scft,4.482349595936568,0.51953125,0.05181938684818266
f0.5_chiN30,0.5,30.0,liu2019_opf,4.649607278605667,0.51953125,0.040823490902953105
f0.5_chiN30,0.5,30.0,scft,4.482349595936568,0.5234375,0.05730903338742047
f0.5_chiN30,0.5,30.0,liu2019_opf,4.649607278605667,0.5234375,0.04546467983529602
f0.5_chiN30,0.5,30.0,scft,4.482349595936568,0.52734375,0.06279867992665827
f0.5_chiN30,0.5,30.0,liu2019_opf,4.649607278605667,0.52734375,0.050105868767638936
f0.5_chiN30,0.5,30.0,scft,4.482349595936568,0.53125,0.0682883264658961
f0.5_chiN30,0.5,30.0,liu2019_opf,4.649607278605667,0.53125,0.05788915812078471
f0.5_chiN30,0.5,30.0,scft,4.482349595936568,0.53515625,0.07677095695370546
f0.5_chiN30,0.5,30.0,liu2019_opf,4.649607278605667,0.53515625,0.0656724474739305
f0.5_chiN30,0.5,30.0,scft,4.482349595936568,0.5390625,0.08525358744151484
f0.5_chiN30,0.5,30.0,liu2019_opf,4.649607278605667,0.5390625,0.07345573682707628
f0.5_chiN30,0.5,30.0,scft,4.482349595936568,0.54296875,0.09373621792932421
f0.5_chiN30,0.5,30.0,liu2019_opf,4.649607278605667,0.54296875,0.08123902618022205
f0.5_chiN30,0.5,30.0,scft,4.482349595936568,0.546875,0.10221884841713358
f0.5_chiN30,0.5,30.0,liu2019_opf,4.649607278605667,0.546875,0.09365497575268769
f0.5_chiN30,0.5,30.0,scft,4.482349595936568,0.55078125,0.11528620162901142
f0.5_chiN30,0.5,30.0,liu2019_opf,4.649607278605667,0.55078125,0.10607092532515333
f0.5_chiN30,0.5,30.0,scft,4.482349595936568,0.5546875,0.12835355484088926
f0.5_chiN30,0.5,30.0,liu2019_opf,4.649607278605667,0.5546875,0.11848687489761897
f0.5_chiN30,0.5,30.0,scft,4.482349595936568,0.55859375,0.14142090805276708
f0.5_chiN30,0.5,30.0,liu2019_opf,4.649607278605667,0.55859375,0.1309028244700846
f0.5_chiN30,0.5,30.0,scft,4.482349595936568,0.5625,0.15448826126464493
f0.5_chiN30,0.5,30.0,liu2019_opf,4.649607278605667,0.5625,0.14948523040830267
f0.5_chiN30,0.5,30.0,scft,4.482349595936568,0.56640625,0.17404427823161117
f0.5_chiN30,0.5,30.0,liu2019_opf,4.649607278605667,0.56640625,0.16806763634652072
f0.5_chiN30,0.5,30.0,scft,4.482349595936568,0.5703125,0.1936002951985774
f0.5_chiN30,0.5,30.0,liu2019_opf,4.649607278605667,0.5703125,0.18665004228473878
f0.5_chiN30,0.5,30.0,scft,4.482349595936568,0.57421875,0.21315631216554365
f0.5_chiN30,0.5,30.0,liu2019_opf,4.649607278605667,0.57421875,0.20523244822295683
f0.5_chiN30,0.5,30.0,scft,4.482349595936568,0.578125,0.2327123291325099
f0.5_chiN30,0.5,30.0,liu2019_opf,4.649607278605667,0.578125,0.23075501655266953
f0.5_chiN30,0.5,30.0,scft,4.482349595936568,0.58203125,0.26001451911039325
f0.5_chiN30,0.5,30.0,liu2019_opf,4.649607278605667,0.58203125,0.2562775848823822
f0.5_chiN30,0.5,30.0,scft,4.482349595936568,0.5859375,0.28731670908827667
f0.5_chiN30,0.5,30.0,liu2019_opf,4.649607278605667,0.5859375,0.28180015321209495
f0.5_chiN30,0.5,30.0,scft,4.482349595936568,0.58984375,0.3146188990661601
f0.5_chiN30,0.5,30.0,liu2019_opf,4.649607278605667,0.58984375,0.3073227215418076
f0.5_chiN30,0.5,30.0,scft,4.482349595936568,0.59375,0.34192108904404345
f0.5_chiN30,0.5,30.0,liu2019_opf,4.649607278605667,0.59375,0.3386629353867766
f0.5_chiN30,0.5,30.0,scft,4.482349595936568,0.59765625,0.3755534472380015
f0.5_chiN30,0.5,30.0,liu2019_opf,4.649607278605667,0.59765625,0.37000314923174554
f0.5_chiN30,0.5,30.0,scft,4.482349595936568,0.6015625,0.4091858054319595
f0.5_chiN30,0.5,30.0,liu2019_opf,4.649607278605667,0.6015625,0.4013433630767145
f0.5_chiN30,0.5,30.0,scft,4.482349595936568,0.60546875,0.44281816362591747
f0.5_chiN30,0.5,30.0,liu2019_opf,4.649607278605667,0.60546875,0.43268357692168347
f0.5_chiN30,0.5,30.0,scft,4.482349595936568,0.609375,0.4764505218198755
f0.5_chiN30,0.5,30.0,liu2019_opf,4.649607278605667,0.609375,0.46634178845972174
f0.5_chiN30,0.5,30.0,scft,4.482349595936568,0.61328125,0.5111728013679862
f0.5_chiN30,0.5,30.0,liu2019_opf,4.649607278605667,0.61328125,0.49999999999775996
f0.5_chiN30,0.5,30.0,scft,4.482349595936568,0.6171875,0.5458950809160968
f0.5_chiN30,0.5,30.0,liu2019_opf,4.649607278605667,0.6171875,0.5336582115357982
f0.5_chiN30,0.5,30.0,scft,4.482349595936568,0.62109375,0.5806173604642074
f0.5_chiN30,0.5,30.0,liu2019_opf,4.649607278605667,0.62109375,0.5673164230738365
f0.5_chiN30,0.5,30.0,scft,4.482349595936568,0.625,0.6153396400123181
f0.5_chiN30,0.5,30.0,liu2019_opf,4.649607278605667,0.625,0.5986566369189645
f0.5_chiN30,0.5,30.0,scft,4.482349595936568,0.62890625,0.6451031640506508
f0.5_chiN30,0.5,30.0,liu2019_opf,4.649607278605667,0.62890625,0.6299968507640927
f0.5_chiN30,0.5,30.0,scft,4.482349595936568,0.6328125,0.6748666880889835
f0.5_chiN30,0.5,30.0,liu2019_opf,4.649607278605667,0.6328125,0.6613370646092207
f0.5_chiN30,0.5,30.0,scft,4.482349595936568,0.63671875,0.7046302121273162
f0.5_chiN30,0.5,30.0,liu2019_opf,4.649607278605667,0.63671875,0.6926772784543489
f0.5_chiN30,0.5,30.0,scft,4.482349595936568,0.640625,0.7343937361656491
f0.5_chiN30,0.5,30.0,liu2019_opf,4.649607278605667,0.640625,0.7181998467843062
f0.5_chiN30,0.5,30.0,scft,4.482349595936568,0.64453125,0.7564724638382562
f0.5_chiN30,0.5,30.0,liu2019_opf,4.649607278605667,0.64453125,0.7437224151142634
f0.5_chiN30,0.5,30.0,scft,4.482349595936568,0.6484375,0.7785511915108633
f0.5_chiN30,0.5,30.0,liu2019_opf,4.649607278605667,0.6484375,0.7692449834442208
f0.5_chiN30,0.5,30.0,scft,4.482349595936568,0.65234375,0.8006299191834704
f0.5_chiN30,0.5,30.0,liu2019_opf,4.649607278605667,0.65234375,0.794767551774178
f0.5_chiN30,0.5,30.0,scft,4.482349595936568,0.65625,0.8227086468560775
f0.5_chiN30,0.5,30.0,liu2019_opf,4.649607278605667,0.65625,0.8133499577126452
f0.5_chiN30,0.5,30.0,scft,4.482349595936568,0.66015625,0.8377264303502662
f0.5_chiN30,0.5,30.0,liu2019_opf,4.649607278605667,0.66015625,0.8319323636511124
f0.5_chiN30,0.5,30.0,scft,4.482349595936568,0.6640625,0.852744213844455
f0.5_chiN30,0.5,30.0,liu2019_opf,4.649607278605667,0.6640625,0.8505147695895797
f0.5_chiN30,0.5,30.0,scft,4.482349595936568,0.66796875,0.8677619973386437
f0.5_chiN30,0.5,30.0,liu2019_opf,4.649607278605667,0.66796875,0.8690971755280469
f0.5_chiN30,0.5,30.0,scft,4.482349595936568,0.671875,0.8827797808328324
f0.5_chiN30,0.5,30.0,liu2019_opf,4.649607278605667,0.671875,0.8815131251007255
f0.5_chiN30,0.5,30.0,scft,4.482349595936568,0.67578125,0.8925884440073918
f0.5_chiN30,0.5,30.0,liu2019_opf,4.649607278605667,0.67578125,0.8939290746734041
f0.5_chiN30,0.5,30.0,scft,4.482349595936568,0.6796875,0.9023971071819512
f0.5_chiN30,0.5,30.0,liu2019_opf,4.649607278605667,0.6796875,0.9063450242460828
f0.5_chiN30,0.5,30.0,scft,4.482349595936568,0.68359375,0.9122057703565107
f0.5_chiN30,0.5,30.0,liu2019_opf,4.649607278605667,0.68359375,0.9187609738187614
f0.5_chiN30,0.5,30.0,scft,4.482349595936568,0.6875,0.9220144335310702
f0.5_chiN30,0.5,30.0,liu2019_opf,4.649607278605667,0.6875,0.9265442631720764
f0.5_chiN30,0.5,30.0,scft,4.482349595936568,0.69140625,0.9283551190617049
f0.5_chiN30,0.5,30.0,liu2019_opf,4.649607278605667,0.69140625,0.9343275525253913
f0.5_chiN30,0.5,30.0,scft,4.482349595936568,0.6953125,0.9346958045923396
f0.5_chiN30,0.5,30.0,liu2019_opf,4.649607278605667,0.6953125,0.9421108418787062
f0.5_chiN30,0.5,30.0,scft,4.482349595936568,0.69921875,0.9410364901229743
f0.5_chiN30,0.5,30.0,liu2019_opf,4.649607278605667,0.69921875,0.9498941312320212
f0.5_chiN30,0.5,30.0,scft,4.482349595936568,0.703125,0.947377175653609
f0.5_chiN30,0.5,30.0,liu2019_opf,4.649607278605667,0.703125,0.9545353201644988
f0.5_chiN30,0.5,30.0,scft,4.482349595936568,0.70703125,0.9515092242944404
f0.5_chiN30,0.5,30.0,liu2019_opf,4.649607278605667,0.70703125,0.9591765090969765
f0.5_chiN30,0.5,30.0,scft,4.482349595936568,0.7109375,0.9556412729352717
f0.5_chiN30,0.5,30.0,liu2019_opf,4.649607278605667,0.7109375,0.9638176980294542
f0.5_chiN30,0.5,30.0,scft,4.482349595936568,0.71484375,0.959773321576103
f0.5_chiN30,0.5,30.0,liu2019_opf,4.649607278605667,0.71484375,0.9684588869619318
f0.5_chiN30,0.5,30.0,scft,4.482349595936568,0.71875,0.9639053702169343
f0.5_chiN30,0.5,30.0,liu2019_opf,4.649607278605667,0.71875,0.9711009894439002
f0.5_chiN30,0.5,30.0,scft,4.482349595936568,0.72265625,0.9666456272846302
f0.5_chiN30,0.5,30.0,liu2019_opf,4.649607278605667,0.72265625,0.9737430919258687
f0.5_chiN30,0.5,30.0,scft,4.482349595936568,0.7265625,0.969385884352326
f0.5_chiN30,0.5,30.0,liu2019_opf,4.649607278605667,0.7265625,0.9763851944078372
f0.5_chiN30,0.5,30.0,scft,4.482349595936568,0.73046875,0.9721261414200218
f0.5_chiN30,0.5,30.0,liu2019_opf,4.649607278605667,0.73046875,0.9790272968898056
f0.5_chiN30,0.5,30.0,scft,4.482349595936568,0.734375,0.9748663984877177
f0.5_chiN30,0.5,30.0,liu2019_opf,4.649607278605667,0.734375,0.9804507982400583
f0.5_chiN30,0.5,30.0,scft,4.482349595936568,0.73828125,0.9767201401900929
f0.5_chiN30,0.5,30.0,liu2019_opf,4.649607278605667,0.73828125,0.9818742995903109
f0.5_chiN30,0.5,30.0,scft,4.482349595936568,0.7421875,0.9785738818924683
f0.5_chiN30,0.5,30.0,liu2019_opf,4.649607278605667,0.7421875,0.9832978009405635
f0.5_chiN30,0.5,30.0,scft,4.482349595936568,0.74609375,0.9804276235948437
f0.5_chiN30,0.5,30.0,liu2019_opf,4.649607278605667,0.74609375,0.9847213022908162
f0.5_chiN30,0.5,30.0,scft,4.482349595936568,0.75,0.9822813652972189
f0.5_chiN30,0.5,30.0,liu2019_opf,4.649607278605667,0.75,0.9854268989972901
f0.5_chiN30,0.5,30.0,scft,4.482349595936568,0.75390625,0.9835569503919265
f0.5_chiN30,0.5,30.0,liu2019_opf,4.649607278605667,0.75390625,0.986132495703764
f0.5_chiN30,0.5,30.0,scft,4.482349595936568,0.7578125,0.9848325354866339
f0.5_chiN30,0.5,30.0,liu2019_opf,4.649607278605667,0.7578125,0.9868380924102379
f0.5_chiN30,0.5,30.0,scft,4.482349595936568,0.76171875,0.9861081205813413
f0.5_chiN30,0.5,30.0,liu2019_opf,4.649607278605667,0.76171875,0.9875436891167118
f0.5_chiN30,0.5,30.0,scft,4.482349595936568,0.765625,0.9873837056760489
f0.5_chiN30,0.5,30.0,liu2019_opf,4.649607278605667,0.765625,0.9878417396902369
f0.5_chiN30,0.5,30.0,scft,4.482349595936568,0.76953125,0.988270697583146
f0.5_chiN30,0.5,30.0,liu2019_opf,4.649607278605667,0.76953125,0.9881397902637621
f0.5_chiN30,0.5,30.0,scft,4.482349595936568,0.7734375,0.9891576894902432
f0.5_chiN30,0.5,30.0,liu2019_opf,4.649607278605667,0.7734375,0.9884378408372874
f0.5_chiN30,0.5,30.0,scft,4.482349595936568,0.77734375,0.9900446813973404
f0.5_chiN30,0.5,30.0,liu2019_opf,4.649607278605667,0.77734375,0.9887358914108125
f0.5_chiN30,0.5,30.0,scft,4.482349595936568,0.78125,0.9909316733044374
f0.5_chiN30,0.5,30.0,liu2019_opf,4.649607278605667,0.78125,0.988815244785264
f0.5_chiN30,0.5,30.0,scft,4.482349595936568,0.78515625,0.9915486890776565
f0.5_chiN30,0.5,30.0,liu2019_opf,4.649607278605667,0.78515625,0.9888945981597153
f0.5_chiN30,0.5,30.0,scft,4.482349595936568,0.7890625,0.9921657048508754
f0.5_chiN30,0.5,30.0,liu2019_opf,4.649607278605667,0.7890625,0.9889739515341667
f0.5_chiN30,0.5,30.0,scft,4.482349595936568,0.79296875,0.9927827206240943
f0.5_chiN30,0.5,30.0,liu2019_opf,4.649607278605667,0.79296875,0.9890533049086181
f0.5_chiN30,0.5,30.0,scft,4.482349595936568,0.796875,0.9933997363973134
f0.5_chiN30,0.5,30.0,liu2019_opf,4.649607278605667,0.796875,0.9890277473111458
f0.5_chiN30,0.5,30.0,scft,4.482349595936568,0.80078125,0.9938223141345149
f0.5_chiN30,0.5,30.0,liu2019_opf,4.649607278605667,0.80078125,0.9890021897136736
f0.5_chiN30,0.5,30.0,scft,4.482349595936568,0.8046875,0.9942448918717166
f0.5_chiN30,0.5,30.0,liu2019_opf,4.649607278605667,0.8046875,0.9889766321162015
f0.5_chiN30,0.5,30.0,scft,4.482349595936568,0.80859375,0.9946674696089182
f0.5_chiN30,0.5,30.0,liu2019_opf,4.649607278605667,0.80859375,0.9889510745187292
f0.5_chiN30,0.5,30.0,scft,4.482349595936568,0.8125,0.9950900473461197
f0.5_chiN30,0.5,30.0,liu2019_opf,4.649607278605667,0.8125,0.9888885877945455
f0.5_chiN30,0.5,30.0,scft,4.482349595936568,0.81640625,0.9953665457801157
f0.5_chiN30,0.5,30.0,liu2019_opf,4.649607278605667,0.81640625,0.9888261010703618
f0.5_chiN30,0.5,30.0,scft,4.482349595936568,0.8203125,0.9956430442141118
f0.5_chiN30,0.5,30.0,liu2019_opf,4.649607278605667,0.8203125,0.988763614346178
f0.5_chiN30,0.5,30.0,scft,4.482349595936568,0.82421875,0.9959195426481079
f0.5_chiN30,0.5,30.0,liu2019_opf,4.649607278605667,0.82421875,0.9887011276219944
f0.5_chiN30,0.5,30.0,scft,4.482349595936568,0.828125,0.9961960410821039
f0.5_chiN30,0.5,30.0,liu2019_opf,4.649607278605667,0.828125,0.9886415538057632
f0.5_chiN30,0.5,30.0,scft,4.482349595936568,0.83203125,0.9963566425753969
f0.5_chiN30,0.5,30.0,liu2019_opf,4.649607278605667,0.83203125,0.9885819799895322
f0.5_chiN30,0.5,30.0,scft,4.482349595936568,0.8359375,0.9965172440686898
f0.5_chiN30,0.5,30.0,liu2019_opf,4.649607278605667,0.8359375,0.9885224061733011
f0.5_chiN30,0.5,30.0,scft,4.482349595936568,0.83984375,0.9966778455619827
f0.5_chiN30,0.5,30.0,liu2019_opf,4.649607278605667,0.83984375,0.9884628323570701
f0.5_chiN30,0.5,30.0,scft,4.482349595936568,0.84375,0.9968384470552757
f0.5_chiN30,0.5,30.0,liu2019_opf,4.649607278605667,0.84375,0.9884281646877121
f0.5_chiN30,0.5,30.0,scft,4.482349595936568,0.84765625,0.9969001710930132
f0.5_chiN30,0.5,30.0,liu2019_opf,4.649607278605667,0.84765625,0.9883934970183541
f0.5_chiN30,0.5,30.0,scft,4.482349595936568,0.8515625,0.9969618951307507
f0.5_chiN30,0.5,30.0,liu2019_opf,4.649607278605667,0.8515625,0.988358829348996
f0.5_chiN30,0.5,30.0,scft,4.482349595936568,0.85546875,0.9970236191684883
f0.5_chiN30,0.5,30.0,liu2019_opf,4.649607278605667,0.85546875,0.988324161679638
f0.5_chiN30,0.5,30.0,scft,4.482349595936568,0.859375,0.9970853432062258
f0.5_chiN30,0.5,30.0,liu2019_opf,4.649607278605667,0.859375,0.9883241616794481
f0.5_chiN30,0.5,30.0,scft,4.482349595936568,0.86328125,0.9970546341998038
f0.5_chiN30,0.5,30.0,liu2019_opf,4.649607278605667,0.86328125,0.9883241616792584
f0.5_chiN30,0.5,30.0,scft,4.482349595936568,0.8671875,0.9970239251933819
f0.5_chiN30,0.5,30.0,liu2019_opf,4.649607278605667,0.8671875,0.9883241616790687
f0.5_chiN30,0.5,30.0,scft,4.482349595936568,0.87109375,0.9969932161869599
f0.5_chiN30,0.5,30.0,liu2019_opf,4.649607278605667,0.87109375,0.9883241616788788
f0.5_chiN30,0.5,30.0,scft,4.482349595936568,0.875,0.9969625071805379
f0.5_chiN30,0.5,30.0,liu2019_opf,4.649607278605667,0.875,0.9883588293473432
f0.5_chiN30,0.5,30.0,scft,4.482349595936568,0.87890625,0.9968361655030477
f0.5_chiN30,0.5,30.0,liu2019_opf,4.649607278605667,0.87890625,0.9883934970158075
f0.5_chiN30,0.5,30.0,scft,4.482349595936568,0.8828125,0.9967098238255574
f0.5_chiN30,0.5,30.0,liu2019_opf,4.649607278605667,0.8828125,0.9884281646842717
f0.5_chiN30,0.5,30.0,scft,4.482349595936568,0.88671875,0.996583482148067
f0.5_chiN30,0.5,30.0,liu2019_opf,4.649607278605667,0.88671875,0.9884628323527361
f0.5_chiN30,0.5,30.0,scft,4.482349595936568,0.890625,0.9964571404705768
f0.5_chiN30,0.5,30.0,liu2019_opf,4.649607278605667,0.890625,0.988522406168733
f0.5_chiN30,0.5,30.0,scft,4.482349595936568,0.89453125,0.9962218636538276
f0.5_chiN30,0.5,30.0,liu2019_opf,4.649607278605667,0.89453125,0.98858197998473
f0.5_chiN30,0.5,30.0,scft,4.482349595936568,0.8984375,0.9959865868370785
f0.5_chiN30,0.5,30.0,liu2019_opf,4.649607278605667,0.8984375,0.9886415538007269
f0.5_chiN30,0.5,30.0,scft,4.482349595936568,0.90234375,0.9957513100203293
f0.5_chiN30,0.5,30.0,liu2019_opf,4.649607278605667,0.90234375,0.9887011276167238
f0.5_chiN30,0.5,30.0,scft,4.482349595936568,0.90625,0.9955160332035802
f0.5_chiN30,0.5,30.0,liu2019_opf,4.649607278605667,0.90625,0.9887636143402452
f0.5_chiN30,0.5,30.0,scft,4.482349595936568,0.91015625,0.9951464365045919
f0.5_chiN30,0.5,30.0,liu2019_opf,4.649607278605667,0.91015625,0.9888261010637667
f0.5_chiN30,0.5,30.0,scft,4.482349595936568,0.9140625,0.9947768398056036
f0.5_chiN30,0.5,30.0,liu2019_opf,4.649607278605667,0.9140625,0.988888587787288
f0.5_chiN30,0.5,30.0,scft,4.482349595936568,0.91796875,0.9944072431066152
f0.5_chiN30,0.5,30.0,liu2019_opf,4.649607278605667,0.91796875,0.9889510745108094
f0.5_chiN30,0.5,30.0,scft,4.482349595936568,0.921875,0.9940376464076269
f0.5_chiN30,0.5,30.0,liu2019_opf,4.649607278605667,0.921875,0.9889766321084575
f0.5_chiN30,0.5,30.0,scft,4.482349595936568,0.92578125,0.9934921830132353
f0.5_chiN30,0.5,30.0,liu2019_opf,4.649607278605667,0.92578125,0.9890021897061055
f0.5_chiN30,0.5,30.0,scft,4.482349595936568,0.9296875,0.9929467196188436
f0.5_chiN30,0.5,30.0,liu2019_opf,4.649607278605667,0.9296875,0.9890277473037536
f0.5_chiN30,0.5,30.0,scft,4.482349595936568,0.93359375,0.992401256224452
f0.5_chiN30,0.5,30.0,liu2019_opf,4.649607278605667,0.93359375,0.9890533049014016
f0.5_chiN30,0.5,30.0,scft,4.482349595936568,0.9375,0.9918557928300603
f0.5_chiN30,0.5,30.0,liu2019_opf,4.649607278605667,0.9375,0.9889739515266204
f0.5_chiN30,0.5,30.0,scft,4.482349595936568,0.94140625,0.9910693214336521
f0.5_chiN30,0.5,30.0,liu2019_opf,4.649607278605667,0.94140625,0.9888945981518391
f0.5_chiN30,0.5,30.0,scft,4.482349595936568,0.9453125,0.9902828500372439
f0.5_chiN30,0.5,30.0,liu2019_opf,4.649607278605667,0.9453125,0.9888152447770577
f0.5_chiN30,0.5,30.0,scft,4.482349595936568,0.94921875,0.9894963786408357
f0.5_chiN30,0.5,30.0,liu2019_opf,4.649607278605667,0.94921875,0.9887358914022765
f0.5_chiN30,0.5,30.0,scft,4.482349595936568,0.953125,0.9887099072444275
f0.5_chiN30,0.5,30.0,liu2019_opf,4.649607278605667,0.953125,0.9884378408294723
f0.5_chiN30,0.5,30.0,scft,4.482349595936568,0.95703125,0.9875805263155701
f0.5_chiN30,0.5,30.0,liu2019_opf,4.649607278605667,0.95703125,0.988139790256668
f0.5_chiN30,0.5,30.0,scft,4.482349595936568,0.9609375,0.9864511453867126
f0.5_chiN30,0.5,30.0,liu2019_opf,4.649607278605667,0.9609375,0.9878417396838639
f0.5_chiN30,0.5,30.0,scft,4.482349595936568,0.96484375,0.9853217644578552
f0.5_chiN30,0.5,30.0,liu2019_opf,4.649607278605667,0.96484375,0.9875436891110596
f0.5_chiN30,0.5,30.0,scft,4.482349595936568,0.96875,0.9841923835289978
f0.5_chiN30,0.5,30.0,liu2019_opf,4.649607278605667,0.96875,0.9868380924042066
f0.5_chiN30,0.5,30.0,scft,4.482349595936568,0.97265625,0.9825582838619689
f0.5_chiN30,0.5,30.0,liu2019_opf,4.649607278605667,0.97265625,0.9861324956973534
f0.5_chiN30,0.5,30.0,scft,4.482349595936568,0.9765625,0.9809241841949401
f0.5_chiN30,0.5,30.0,liu2019_opf,4.649607278605667,0.9765625,0.9854268989905002
f0.5_chiN30,0.5,30.0,scft,4.482349595936568,0.98046875,0.9792900845279113
f0.5_chiN30,0.5,30.0,liu2019_opf,4.649607278605667,0.98046875,0.9847213022836472
f0.5_chiN30,0.5,30.0,scft,4.482349595936568,0.984375,0.9776559848608823
f0.5_chiN30,0.5,30.0,liu2019_opf,4.649607278605667,0.984375,0.9832978009348945
f0.5_chiN30,0.5,30.0,scft,4.482349595936568,0.98828125,0.9752553331428958
f0.5_chiN30,0.5,30.0,liu2019_opf,4.649607278605667,0.98828125,0.981874299586142
f0.5_chiN30,0.5,30.0,scft,4.482349595936568,0.9921875,0.9728546814249092
f0.5_chiN30,0.5,30.0,liu2019_opf,4.649607278605667,0.9921875,0.9804507982373896
f0.5_chiN30,0.5,30.0,scft,4.482349595936568,0.99609375,0.9704540297069226
f0.5_chiN30,0.5,30.0,liu2019_opf,4.649607278605667,0.99609375,0.9790272968886369
f0.35_chiN30,0.35,30.0,scft,4.442837370006758,0.0,0.0011155660891365685
f0.35_chiN30,0.35,30.0,liu2019_opf,4.622977457443886,0.0,3.4932350680595245e-7
f0.35_chiN30,0.35,30.0,scft,4.442837370006758,0.00390625,0.0011441126887180412
f0.35_chiN30,0.35,30.0,liu2019_opf,4.622977457443886,0.00390625,3.470093771630448e-7
f0.35_chiN30,0.35,30.0,scft,4.442837370006758,0.0078125,0.001172659288299514
f0.35_chiN30,0.35,30.0,liu2019_opf,4.622977457443886,0.0078125,3.446952475201371e-7
f0.35_chiN30,0.35,30.0,scft,4.442837370006758,0.01171875,0.001201205887880987
f0.35_chiN30,0.35,30.0,liu2019_opf,4.622977457443886,0.01171875,3.423811178772294e-7
f0.35_chiN30,0.35,30.0,scft,4.442837370006758,0.015625,0.0012297524874624597
f0.35_chiN30,0.35,30.0,liu2019_opf,4.622977457443886,0.015625,3.370577624491418e-7
f0.35_chiN30,0.35,30.0,scft,4.442837370006758,0.01953125,0.001282953124808773
f0.35_chiN30,0.35,30.0,liu2019_opf,4.622977457443886,0.01953125,3.3173440702105424e-7
f0.35_chiN30,0.35,30.0,scft,4.442837370006758,0.0234375,0.0013361537621550865
f0.35_chiN30,0.35,30.0,liu2019_opf,4.622977457443886,0.0234375,3.2641105159296666e-7
f0.35_chiN30,0.35,30.0,scft,4.442837370006758,0.02734375,0.0013893543995014
f0.35_chiN30,0.35,30.0,liu2019_opf,4.622977457443886,0.02734375,3.2108769616487907e-7
f0.35_chiN30,0.35,30.0,scft,4.442837370006758,0.03125,0.0014425550368477136
f0.35_chiN30,0.35,30.0,liu2019_opf,4.622977457443886,0.03125,3.1569710375677616e-7
f0.35_chiN30,0.35,30.0,scft,4.442837370006758,0.03515625,0.0015259037200636022
f0.35_chiN30,0.35,30.0,liu2019_opf,4.622977457443886,0.03515625,3.103065113486732e-7
f0.35_chiN30,0.35,30.0,scft,4.442837370006758,0.0390625,0.0016092524032794908
f0.35_chiN30,0.35,30.0,liu2019_opf,4.622977457443886,0.0390625,3.049159189405703e-7
f0.35_chiN30,0.35,30.0,scft,4.442837370006758,0.04296875,0.0016926010864953796
f0.35_chiN30,0.35,30.0,liu2019_opf,4.622977457443886,0.04296875,2.995253265324674e-7
f0.35_chiN30,0.35,30.0,scft,4.442837370006758,0.046875,0.0017759497697112682
f0.35_chiN30,0.35,30.0,liu2019_opf,4.622977457443886,0.046875,2.914883563040307e-7
f0.35_chiN30,0.35,30.0,scft,4.442837370006758,0.05078125,0.0018979975926712396
f0.35_chiN30,0.35,30.0,liu2019_opf,4.622977457443886,0.05078125,2.8345138607559405e-7
f0.35_chiN30,0.35,30.0,scft,4.442837370006758,0.0546875,0.002020045415631211
f0.35_chiN30,0.35,30.0,liu2019_opf,4.622977457443886,0.0546875,2.7541441584715744e-7
f0.35_chiN30,0.35,30.0,scft,4.442837370006758,0.05859375,0.0021420932385911827
f0.35_chiN30,0.35,30.0,liu2019_opf,4.622977457443886,0.05859375,2.673774456187208e-7
f0.35_chiN30,0.35,30.0,scft,4.442837370006758,0.0625,0.0022641410615511543
f0.35_chiN30,0.35,30.0,liu2019_opf,4.622977457443886,0.0625,2.6186221811029506e-7
f0.35_chiN30,0.35,30.0,scft,4.442837370006758,0.06640625,0.002437366086579675
f0.35_chiN30,0.35,30.0,liu2019_opf,4.622977457443886,0.06640625,2.563469906018693e-7
f0.35_chiN30,0.35,30.0,scft,4.442837370006758,0.0703125,0.002610591111608196
f0.35_chiN30,0.35,30.0,liu2019_opf,4.622977457443886,0.0703125,2.508317630934436e-7
f0.35_chiN30,0.35,30.0,scft,4.442837370006758,0.07421875,0.002783816136636717
f0.35_chiN30,0.35,30.0,liu2019_opf,4.622977457443886,0.07421875,2.4531653558501787e-7
f0.35_chiN30,0.35,30.0,scft,4.442837370006758,0.078125,0.0029570411616652377
f0.35_chiN30,0.35,30.0,liu2019_opf,4.622977457443886,0.078125,2.368722493685964e-7
f0.35_chiN30,0.35,30.0,scft,4.442837370006758,0.08203125,0.0031992109089050034
f0.35_chiN30,0.35,30.0,liu2019_opf,4.622977457443886,0.08203125,2.2842796315217493e-7
f0.35_chiN30,0.35,30.0,scft,4.442837370006758,0.0859375,0.0034413806561447687
f0.35_chiN30,0.35,30.0,liu2019_opf,4.622977457443886,0.0859375,2.1998367693575346e-7
f0.35_chiN30,0.35,30.0,scft,4.442837370006758,0.08984375,0.0036835504033845344
f0.35_chiN30,0.35,30.0,liu2019_opf,4.622977457443886,0.08984375,2.11539390719332e-7
f0.35_chiN30,0.35,30.0,scft,4.442837370006758,0.09375,0.0039257201506243
f0.35_chiN30,0.35,30.0,liu2019_opf,4.622977457443886,0.09375,2.0771693719501786e-7
f0.35_chiN30,0.35,30.0,scft,4.442837370006758,0.09765625,0.004262010078768909
f0.35_chiN30,0.35,30.0,liu2019_opf,4.622977457443886,0.09765625,2.0389448367070373e-7
f0.35_chiN30,0.35,30.0,scft,4.442837370006758,0.1015625,0.004598300006913518
f0.35_chiN30,0.35,30.0,liu2019_opf,4.622977457443886,0.1015625,2.0007203014638963e-7
f0.35_chiN30,0.35,30.0,scft,4.442837370006758,0.10546875,0.004934589935058126
f0.35_chiN30,0.35,30.0,liu2019_opf,4.622977457443886,0.10546875,1.962495766220755e-7
f0.35_chiN30,0.35,30.0,scft,4.442837370006758,0.109375,0.005270879863202736
f0.35_chiN30,0.35,30.0,liu2019_opf,4.622977457443886,0.109375,1.8738180564921164e-7
f0.35_chiN30,0.35,30.0,scft,4.442837370006758,0.11328125,0.005737208262390684
f0.35_chiN30,0.35,30.0,liu2019_opf,4.622977457443886,0.11328125,1.7851403467634776e-7
f0.35_chiN30,0.35,30.0,scft,4.442837370006758,0.1171875,0.006203536661578633
f0.35_chiN30,0.35,30.0,liu2019_opf,4.622977457443886,0.1171875,1.6964626370348388e-7
f0.35_chiN30,0.35,30.0,scft,4.442837370006758,0.12109375,0.0066698650607665815
f0.35_chiN30,0.35,30.0,liu2019_opf,4.622977457443886,0.12109375,1.6077849273062002e-7
f0.35_chiN30,0.35,30.0,scft,4.442837370006758,0.125,0.007136193459954531
f0.35_chiN30,0.35,30.0,liu2019_opf,4.622977457443886,0.125,1.5939347569410253e-7
f0.35_chiN30,0.35,30.0,scft,4.442837370006758,0.12890625,0.007784591517900518
f0.35_chiN30,0.35,30.0,liu2019_opf,4.622977457443886,0.12890625,1.5800845865758507e-7
f0.35_chiN30,0.35,30.0,scft,4.442837370006758,0.1328125,0.008432989575846506
f0.35_chiN30,0.35,30.0,liu2019_opf,4.622977457443886,0.1328125,1.5662344162106758e-7
f0.35_chiN30,0.35,30.0,scft,4.442837370006758,0.13671875,0.009081387633792492
f0.35_chiN30,0.35,30.0,liu2019_opf,4.622977457443886,0.13671875,1.552384245845501e-7
f0.35_chiN30,0.35,30.0,scft,4.442837370006758,0.140625,0.00972978569173848
f0.35_chiN30,0.35,30.0,liu2019_opf,4.622977457443886,0.140625,1.4358842912899994e-7
f0.35_chiN30,0.35,30.0,scft,4.442837370006758,0.14453125,0.010637271584507944
f0.35_chiN30,0.35,30.0,liu2019_opf,4.622977457443886,0.14453125,1.3193843367344978e-7
f0.35_chiN30,0.35,30.0,scft,4.442837370006758,0.1484375,0.011544757477277408
f0.35_chiN30,0.35,30.0,liu2019_opf,4.622977457443886,0.1484375,1.2028843821789965e-7
f0.35_chiN30,0.35,30.0,scft,4.442837370006758,0.15234375,0.012452243370046873
f0.35_chiN30,0.35,30.0,liu2019_opf,4.622977457443886,0.15234375,1.0863844276234949e-7
f0.35_chiN30,0.35,30.0,scft,4.442837370006758,0.15625,0.013359729262816337
f0.35_chiN30,0.35,30.0,liu2019_opf,4.622977457443886,0.15625,1.1380790715090849e-7
f0.35_chiN30,0.35,30.0,scft,4.442837370006758,0.16015625,0.014643295868146673
f0.35_chiN30,0.35,30.0,liu2019_opf,4.622977457443886,0.16015625,1.1897737153946749e-7
f0.35_chiN30,0.35,30.0,scft,4.442837370006758,0.1640625,0.015926862473477008
f0.35_chiN30,0.35,30.0,liu2019_opf,4.622977457443886,0.1640625,1.241468359280265e-7
f0.35_chiN30,0.35,30.0,scft,4.442837370006758,0.16796875,0.017210429078807345
f0.35_chiN30,0.35,30.0,liu2019_opf,4.622977457443886,0.16796875,1.293163003165855e-7
f0.35_chiN30,0.35,30.0,scft,4.442837370006758,0.171875,0.01849399568413768
f0.35_chiN30,0.35,30.0,liu2019_opf,4.622977457443886,0.171875,1.1167745103065277e-7
f0.35_chiN30,0.35,30.0,scft,4.442837370006758,0.17578125,0.020336169298159585
f0.35_chiN30,0.35,30.0,liu2019_opf,4.622977457443886,0.17578125,9.403860174472003e-8
f0.35_chiN30,0.35,30.0,scft,4.442837370006758,0.1796875,0.022178342912181487
f0.35_chiN30,0.35,30.0,liu2019_opf,4.622977457443886,0.1796875,7.639975245878729e-8
f0.35_chiN30,0.35,30.0,scft,4.442837370006758,0.18359375,0.02402051652620339
f0.35_chiN30,0.35,30.0,liu2019_opf,4.622977457443886,0.18359375,5.876090317285457e-8
f0.35_chiN30,0.35,30.0,scft,4.442837370006758,0.1875,0.025862690140225294
f0.35_chiN30,0.35,30.0,liu2019_opf,4.622977457443886,0.1875,0.00014528401990304221
f0.35_chiN30,0.35,30.0,scft,4.442837370006758,0.19140625,0.0285546306237089
f0.35_chiN30,0.35,30.0,liu2019_opf,4.622977457443886,0.19140625,0.00029050927890291156
f0.35_chiN30,0.35,30.0,scft,4.442837370006758,0.1953125,0.031246571107192513
f0.35_chiN30,0.35,30.0,liu2019_opf,4.622977457443886,0.1953125,0.00043573453790278087
f0.35_chiN30,0.35,30.0,scft,4.442837370006758,0.19921875,0.033938511590676124
f0.35_chiN30,0.35,30.0,liu2019_opf,4.622977457443886,0.19921875,0.0005809597969026502
f0.35_chiN30,0.35,30.0,scft,4.442837370006758,0.203125,0.036630452074159735
f0.35_chiN30,0.35,30.0,liu2019_opf,4.622977457443886,0.203125,0.003917974839560476
f0.35_chiN30,0.35,30.0,scft,4.442837370006758,0.20703125,0.04064156160597525
f0.35_chiN30,0.35,30.0,liu2019_opf,4.622977457443886,0.20703125,0.007254989882218302
f0.35_chiN30,0.35,30.0,scft,4.442837370006758,0.2109375,0.04465267113779077
f0.35_chiN30,0.35,30.0,liu2019_opf,4.622977457443886,0.2109375,0.010592004924876126
f0.35_chiN30,0.35,30.0,scft,4.442837370006758,0.21484375,0.04866378066960629
f0.35_chiN30,0.35,30.0,liu2019_opf,4.622977457443886,0.21484375,0.013929019967533953
f0.35_chiN30,0.35,30.0,scft,4.442837370006758,0.21875,0.052674890201421805
f0.35_chiN30,0.35,30.0,liu2019_opf,4.622977457443886,0.21875,0.021852729101181974
f0.35_chiN30,0.35,30.0,scft,4.442837370006758,0.22265625,0.05875478212851138
f0.35_chiN30,0.35,30.0,liu2019_opf,4.622977457443886,0.22265625,0.029776438234829998
f0.35_chiN30,0.35,30.0,scft,4.442837370006758,0.2265625,0.06483467405560095
f0.35_chiN30,0.35,30.0,liu2019_opf,4.622977457443886,0.2265625,0.03770014736847802
f0.35_chiN30,0.35,30.0,scft,4.442837370006758,0.23046875,0.07091456598269053
f0.35_chiN30,0.35,30.0,liu2019_opf,4.622977457443886,0.23046875,0.04562385650212604
f0.35_chiN30,0.35,30.0,scft,4.442837370006758,0.234375,0.0769944579097801
f0.35_chiN30,0.35,30.0,liu2019_opf,4.622977457443886,0.234375,0.059201605720055055
f0.35_chiN30,0.35,30.0,scft,4.442837370006758,0.23828125,0.08629180244618692
f0.35_chiN30,0.35,30.0,liu2019_opf,4.622977457443886,0.23828125,0.07277935493798407
f0.35_chiN30,0.35,30.0,scft,4.442837370006758,0.2421875,0.09558914698259373
f0.35_chiN30,0.35,30.0,liu2019_opf,4.622977457443886,0.2421875,0.08635710415591306
f0.35_chiN30,0.35,30.0,scft,4.442837370006758,0.24609375,0.10488649151900054
f0.35_chiN30,0.35,30.0,liu2019_opf,4.622977457443886,0.24609375,0.09993485337384209
f0.35_chiN30,0.35,30.0,scft,4.442837370006758,0.25,0.11418383605540736
f0.35_chiN30,0.35,30.0,liu2019_opf,4.622977457443886,0.25,0.12023317146541593
f0.35_chiN30,0.35,30.0,scft,4.442837370006758,0.25390625,0.12829583536011135
f0.35_chiN30,0.35,30.0,liu2019_opf,4.622977457443886,0.25390625,0.1405314895569898
f0.35_chiN30,0.35,30.0,scft,4.442837370006758,0.2578125,0.14240783466481538
f0.35_chiN30,0.35,30.0,liu2019_opf,4.622977457443886,0.2578125,0.16082980764856367
f0.35_chiN30,0.35,30.0,scft,4.442837370006758,0.26171875,0.15651983396951938
f0.35_chiN30,0.35,30.0,liu2019_opf,4.622977457443886,0.26171875,0.1811281257401375
f0.35_chiN30,0.35,30.0,scft,4.442837370006758,0.265625,0.17063183327422338
f0.35_chiN30,0.35,30.0,liu2019_opf,4.622977457443886,0.265625,0.20815150087588397
f0.35_chiN30,0.35,30.0,scft,4.442837370006758,0.26953125,0.1913255678171144
f0.35_chiN30,0.35,30.0,liu2019_opf,4.622977457443886,0.26953125,0.2351748760116304
f0.35_chiN30,0.35,30.0,scft,4.442837370006758,0.2734375,0.2120193023600054
f0.35_chiN30,0.35,30.0,liu2019_opf,4.622977457443886,0.2734375,0.2621982511473769
f0.35_chiN30,0.35,30.0,scft,4.442837370006758,0.27734375,0.2327130369028964
f0.35_chiN30,0.35,30.0,liu2019_opf,4.622977457443886,0.27734375,0.2892216262831233
f0.35_chiN30,0.35,30.0,scft,4.442837370006758,0.28125,0.25340677144578744
f0.35_chiN30,0.35,30.0,liu2019_opf,4.622977457443886,0.28125,0.3210457912076607
f0.35_chiN30,0.35,30.0,scft,4.442837370006758,0.28515625,0.28152900005436676
f0.35_chiN30,0.35,30.0,liu2019_opf,4.622977457443886,0.28515625,0.35286995613219807
f0.35_chiN30,0.35,30.0,scft,4.442837370006758,0.2890625,0.30965122866294614
f0.35_chiN30,0.35,30.0,liu2019_opf,4.622977457443886,0.2890625,0.3846941210567355
f0.35_chiN30,0.35,30.0,scft,4.442837370006758,0.29296875,0.3377734572715256
f0.35_chiN30,0.35,30.0,liu2019_opf,4.622977457443886,0.29296875,0.4165182859812729
f0.35_chiN30,0.35,30.0,scft,4.442837370006758,0.296875,0.3658956858801049
f0.35_chiN30,0.35,30.0,liu2019_opf,4.622977457443886,0.296875,0.4492576562449144
f0.35_chiN30,0.35,30.0,scft,4.442837370006758,0.30078125,0.399443809716299
f0.35_chiN30,0.35,30.0,liu2019_opf,4.622977457443886,0.30078125,0.4819970265085559
f0.35_chiN30,0.35,30.0,scft,4.442837370006758,0.3046875,0.43299193355249305
f0.35_chiN30,0.35,30.0,liu2019_opf,4.622977457443886,0.3046875,0.5147363967721975
f0.35_chiN30,0.35,30.0,scft,4.442837370006758,0.30859375,0.4665400573886871
f0.35_chiN30,0.35,30.0,liu2019_opf,4.622977457443886,0.30859375,0.547475767035839
f0.35_chiN30,0.35,30.0,scft,4.442837370006758,0.3125,0.5000881812248812
f0.35_chiN30,0.35,30.0,liu2019_opf,4.622977457443886,0.3125,0.5768975242830569
f0.35_chiN30,0.35,30.0,scft,4.442837370006758,0.31640625,0.5336900169620771
f0.35_chiN30,0.35,30.0,liu2019_opf,4.622977457443886,0.31640625,0.6063192815302747
f0.35_chiN30,0.35,30.0,scft,4.442837370006758,0.3203125,0.567291852699273
f0.35_chiN30,0.35,30.0,liu2019_opf,4.622977457443886,0.3203125,0.6357410387774927
f0.35_chiN30,0.35,30.0,scft,4.442837370006758,0.32421875,0.6008936884364688
f0.35_chiN30,0.35,30.0,liu2019_opf,4.622977457443886,0.32421875,0.6651627960247105
f0.35_chiN30,0.35,30.0,scft,4.442837370006758,0.328125,0.6344955241736647
f0.35_chiN30,0.35,30.0,liu2019_opf,4.622977457443886,0.328125,0.6885478500185477
f0.35_chiN30,0.35,30.0,scft,4.442837370006758,0.33203125,0.6627304517566571
f0.35_chiN30,0.35,30.0,liu2019_opf,4.622977457443886,0.33203125,0.7119329040123848
f0.35_chiN30,0.35,30.0,scft,4.442837370006758,0.3359375,0.6909653793396495
f0.35_chiN30,0.35,30.0,liu2019_opf,4.622977457443886,0.3359375,0.735317958006222
f0.35_chiN30,0.35,30.0,scft,4.442837370006758,0.33984375,0.7192003069226419
f0.35_chiN30,0.35,30.0,liu2019_opf,4.622977457443886,0.33984375,0.7587030120000592
f0.35_chiN30,0.35,30.0,scft,4.442837370006758,0.34375,0.7474352345056343
f0.35_chiN30,0.35,30.0,liu2019_opf,4.622977457443886,0.34375,0.7755325676278668
f0.35_chiN30,0.35,30.0,scft,4.442837370006758,0.34765625,0.7682223124929668
f0.35_chiN30,0.35,30.0,liu2019_opf,4.622977457443886,0.34765625,0.7923621232556746
f0.35_chiN30,0.35,30.0,scft,4.442837370006758,0.3515625,0.7890093904802993
f0.35_chiN30,0.35,30.0,liu2019_opf,4.622977457443886,0.3515625,0.8091916788834823
f0.35_chiN30,0.35,30.0,scft,4.442837370006758,0.35546875,0.8097964684676319
f0.35_chiN30,0.35,30.0,liu2019_opf,4.622977457443886,0.35546875,0.8260212345112901
f0.35_chiN30,0.35,30.0,scft,4.442837370006758,0.359375,0.8305835464549643
f0.35_chiN30,0.35,30.0,liu2019_opf,4.622977457443886,0.359375,0.837251600244302
f0.35_chiN30,0.35,30.0,scft,4.442837370006758,0.36328125,0.8447322765257317
f0.35_chiN30,0.35,30.0,liu2019_opf,4.622977457443886,0.36328125,0.8484819659773142
f0.35_chiN30,0.35,30.0,scft,4.442837370006758,0.3671875,0.8588810065964989
f0.35_chiN30,0.35,30.0,liu2019_opf,4.622977457443886,0.3671875,0.8597123317103261
f0.35_chiN30,0.35,30.0,scft,4.442837370006758,0.37109375,0.873029736667266
f0.35_chiN30,0.35,30.0,liu2019_opf,4.622977457443886,0.37109375,0.8709426974433382
f0.35_chiN30,0.35,30.0,scft,4.442837370006758,0.375,0.8871784667380334
f0.35_chiN30,0.35,30.0,liu2019_opf,4.622977457443886,0.375,0.8780378783887738
f0.35_chiN30,0.35,30.0,scft,4.442837370006758,0.37890625,0.8964524708626428
f0.35_chiN30,0.35,30.0,liu2019_opf,4.622977457443886,0.37890625,0.8851330593342093
f0.35_chiN30,0.35,30.0,scft,4.442837370006758,0.3828125,0.9057264749872523
f0.35_chiN30,0.35,30.0,liu2019_opf,4.622977457443886,0.3828125,0.8922282402796449
f0.35_chiN30,0.35,30.0,scft,4.442837370006758,0.38671875,0.9150004791118618
f0.35_chiN30,0.35,30.0,liu2019_opf,4.622977457443886,0.38671875,0.8993234212250805
f0.35_chiN30,0.35,30.0,scft,4.442837370006758,0.390625,0.9242744832364713
f0.35_chiN30,0.35,30.0,liu2019_opf,4.622977457443886,0.390625,0.9036230341017318
f0.35_chiN30,0.35,30.0,scft,4.442837370006758,0.39453125,0.930275570621061
f0.35_chiN30,0.35,30.0,liu2019_opf,4.622977457443886,0.39453125,0.9079226469783832
f0.35_chiN30,0.35,30.0,scft,4.442837370006758,0.3984375,0.9362766580056507
f0.35_chiN30,0.35,30.0,liu2019_opf,4.622977457443886,0.3984375,0.9122222598550346
f0.35_chiN30,0.35,30.0,scft,4.442837370006758,0.40234375,0.9422777453902405
f0.35_chiN30,0.35,30.0,liu2019_opf,4.622977457443886,0.40234375,0.916521872731686
f0.35_chiN30,0.35,30.0,scft,4.442837370006758,0.40625,0.9482788327748302
f0.35_chiN30,0.35,30.0,liu2019_opf,4.622977457443886,0.40625,0.9190403154738684
f0.35_chiN30,0.35,30.0,scft,4.442837370006758,0.41015625,0.9521548589349731
f0.35_chiN30,0.35,30.0,liu2019_opf,4.622977457443886,0.41015625,0.9215587582160509
f0.35_chiN30,0.35,30.0,scft,4.442837370006758,0.4140625,0.956030885095116
f0.35_chiN30,0.35,30.0,liu2019_opf,4.622977457443886,0.4140625,0.9240772009582333
f0.35_chiN30,0.35,30.0,scft,4.442837370006758,0.41796875,0.959906911255259
f0.35_chiN30,0.35,30.0,liu2019_opf,4.622977457443886,0.41796875,0.9265956437004158
f0.35_chiN30,0.35,30.0,scft,4.442837370006758,0.421875,0.9637829374154019
f0.35_chiN30,0.35,30.0,liu2019_opf,4.622977457443886,0.421875,0.9280216083594461
f0.35_chiN30,0.35,30.0,scft,4.442837370006758,0.42578125,0.9662731505320197
f0.35_chiN30,0.35,30.0,liu2019_opf,4.622977457443886,0.42578125,0.9294475730184765
f0.35_chiN30,0.35,30.0,scft,4.442837370006758,0.4296875,0.9687633636486374
f0.35_chiN30,0.35,30.0,liu2019_opf,4.622977457443886,0.4296875,0.9308735376775068
f0.35_chiN30,0.35,30.0,scft,4.442837370006758,0.43359375,0.9712535767652551
f0.35_chiN30,0.35,30.0,liu2019_opf,4.622977457443886,0.43359375,0.9322995023365371
f0.35_chiN30,0.35,30.0,scft,4.442837370006758,0.4375,0.9737437898818728
f0.35_chiN30,0.35,30.0,liu2019_opf,4.622977457443886,0.4375,0.9330754540434125
f0.35_chiN30,0.35,30.0,scft,4.442837370006758,0.44140625,0.9752967943860281
f0.35_chiN30,0.35,30.0,liu2019_opf,4.622977457443886,0.44140625,0.933851405750288
f0.35_chiN30,0.35,30.0,scft,4.442837370006758,0.4453125,0.9768497988901833
f0.35_chiN30,0.35,30.0,liu2019_opf,4.622977457443886,0.4453125,0.9346273574571634
f0.35_chiN30,0.35,30.0,scft,4.442837370006758,0.44921875,0.9784028033943386
f0.35_chiN30,0.35,30.0,liu2019_opf,4.622977457443886,0.44921875,0.9354033091640388
f0.35_chiN30,0.35,30.0,scft,4.442837370006758,0.453125,0.9799558078984938
f0.35_chiN30,0.35,30.0,liu2019_opf,4.622977457443886,0.453125,0.9357972355660092
f0.35_chiN30,0.35,30.0,scft,4.442837370006758,0.45703125,0.9808304975008018
f0.35_chiN30,0.35,30.0,liu2019_opf,4.622977457443886,0.45703125,0.9361911619679797
f0.35_chiN30,0.35,30.0,scft,4.442837370006758,0.4609375,0.9817051871031097
f0.35_chiN30,0.35,30.0,liu2019_opf,4.622977457443886,0.4609375,0.93658508836995
f0.35_chiN30,0.35,30.0,scft,4.442837370006758,0.46484375,0.9825798767054176
f0.35_chiN30,0.35,30.0,liu2019_opf,4.622977457443886,0.46484375,0.9369790147719205
f0.35_chiN30,0.35,30.0,scft,4.442837370006758,0.46875,0.9834545663077255
f0.35_chiN30,0.35,30.0,liu2019_opf,4.622977457443886,0.46875,0.937142299295505
f0.35_chiN30,0.35,30.0,scft,4.442837370006758,0.47265625,0.9837867283135903
f0.35_chiN30,0.35,30.0,liu2019_opf,4.622977457443886,0.47265625,0.9373055838190893
f0.35_chiN30,0.35,30.0,scft,4.442837370006758,0.4765625,0.984118890319455
f0.35_chiN30,0.35,30.0,liu2019_opf,4.622977457443886,0.4765625,0.937468868342674
f0.35_chiN30,0.35,30.0,scft,4.442837370006758,0.48046875,0.9844510523253197
f0.35_chiN30,0.35,30.0,liu2019_opf,4.622977457443886,0.48046875,0.9376321528662583
f0.35_chiN30,0.35,30.0,scft,4.442837370006758,0.484375,0.9847832143311844
f0.35_chiN30,0.35,30.0,liu2019_opf,4.622977457443886,0.484375,0.9376321535534959
f0.35_chiN30,0.35,30.0,scft,4.442837370006758,0.48828125,0.9846221510284089
f0.35_chiN30,0.35,30.0,liu2019_opf,4.622977457443886,0.48828125,0.9376321542407335
f0.35_chiN30,0.35,30.0,scft,4.442837370006758,0.4921875,0.9844610877256335
f0.35_chiN30,0.35,30.0,liu2019_opf,4.622977457443886,0.4921875,0.9376321549279711
f0.35_chiN30,0.35,30.0,scft,4.442837370006758,0.49609375,0.9843000244228579
f0.35_chiN30,0.35,30.0,liu2019_opf,4.622977457443886,0.49609375,0.9376321556152086
f0.35_chiN30,0.35,30.0,scft,4.442837370006758,0.5,0.9841389611200824
f0.35_chiN30,0.35,30.0,liu2019_opf,4.622977457443886,0.5,0.9374688696723635
f0.35_chiN30,0.35,30.0,scft,4.442837370006758,0.50390625,0.9834609319890945
f0.35_chiN30,0.35,30.0,liu2019_opf,4.622977457443886,0.50390625,0.9373055837295183
f0.35_chiN30,0.35,30.0,scft,4.442837370006758,0.5078125,0.9827829028581065
f0.35_chiN30,0.35,30.0,liu2019_opf,4.622977457443886,0.5078125,0.9371422977866732
f0.35_chiN30,0.35,30.0,scft,4.442837370006758,0.51171875,0.9821048737271185
f0.35_chiN30,0.35,30.0,liu2019_opf,4.622977457443886,0.51171875,0.9369790118438281
f0.35_chiN30,0.35,30.0,scft,4.442837370006758,0.515625,0.9814268445961306
f0.35_chiN30,0.35,30.0,liu2019_opf,4.622977457443886,0.515625,0.9365850870108141
f0.35_chiN30,0.35,30.0,scft,4.442837370006758,0.51953125,0.9801285889747403
f0.35_chiN30,0.35,30.0,liu2019_opf,4.622977457443886,0.51953125,0.9361911621778
f0.35_chiN30,0.35,30.0,scft,4.442837370006758,0.5234375,0.9788303333533501
f0.35_chiN30,0.35,30.0,liu2019_opf,4.622977457443886,0.5234375,0.9357972373447858
f0.35_chiN30,0.35,30.0,scft,4.442837370006758,0.52734375,0.9775320777319598
f0.35_chiN30,0.35,30.0,liu2019_opf,4.622977457443886,0.52734375,0.9354033125117718
f0.35_chiN30,0.35,30.0,scft,4.442837370006758,0.53125,0.9762338221105695
f0.35_chiN30,0.35,30.0,liu2019_opf,4.622977457443886,0.53125,0.9346273589275398
f0.35_chiN30,0.35,30.0,scft,4.442837370006758,0.53515625,0.9741045402973818
f0.35_chiN30,0.35,30.0,liu2019_opf,4.622977457443886,0.53515625,0.933851405343308
f0.35_chiN30,0.35,30.0,scft,4.442837370006758,0.5390625,0.9719752584841941
f0.35_chiN30,0.35,30.0,liu2019_opf,4.622977457443886,0.5390625,0.933075451759076
f0.35_chiN30,0.35,30.0,scft,4.442837370006758,0.54296875,0.9698459766710062
f0.35_chiN30,0.35,30.0,liu2019_opf,4.622977457443886,0.54296875,0.9322994981748441
f0.35_chiN30,0.35,30.0,scft,4.442837370006758,0.546875,0.9677166948578185
f0.35_chiN30,0.35,30.0,liu2019_opf,4.622977457443886,0.546875,0.9308735359959959
f0.35_chiN30,0.35,30.0,scft,4.442837370006758,0.55078125,0.9643825672376618
f0.35_chiN30,0.35,30.0,liu2019_opf,4.622977457443886,0.55078125,0.9294475738171475
f0.35_chiN30,0.35,30.0,scft,4.442837370006758,0.5546875,0.9610484396175052
f0.35_chiN30,0.35,30.0,liu2019_opf,4.622977457443886,0.5546875,0.9280216116382991
f0.35_chiN30,0.35,30.0,scft,4.442837370006758,0.55859375,0.9577143119973486
f0.35_chiN30,0.35,30.0,liu2019_opf,4.622977457443886,0.55859375,0.9265956494594507
f0.35_chiN30,0.35,30.0,scft,4.442837370006758,0.5625,0.954380184377192
f0.35_chiN30,0.35,30.0,liu2019_opf,4.622977457443886,0.5625,0.9240772030139583
f0.35_chiN30,0.35,30.0,scft,4.442837370006758,0.56640625,0.9492150082672526
f0.35_chiN30,0.35,30.0,liu2019_opf,4.622977457443886,0.56640625,0.9215587565684659
f0.35_chiN30,0.35,30.0,scft,4.442837370006758,0.5703125,0.9440498321573134
f0.35_chiN30,0.35,30.0,liu2019_opf,4.622977457443886,0.5703125,0.9190403101229734
f0.35_chiN30,0.35,30.0,scft,4.442837370006758,0.57421875,0.938884656047374
f0.35_chiN30,0.35,30.0,liu2019_opf,4.622977457443886,0.57421875,0.916521863677481
f0.35_chiN30,0.35,30.0,scft,4.442837370006758,0.578125,0.9337194799374348
f0.35_chiN30,0.35,30.0,liu2019_opf,4.622977457443886,0.578125,0.9122222571808751
f0.35_chiN30,0.35,30.0,scft,4.442837370006758,0.58203125,0.9257276888743312
f0.35_chiN30,0.35,30.0,liu2019_opf,4.622977457443886,0.58203125,0.9079226506842691
f0.35_chiN30,0.35,30.0,scft,4.442837370006758,0.5859375,0.9177358978112276
f0.35_chiN30,0.35,30.0,liu2019_opf,4.622977457443886,0.5859375,0.9036230441876631
f0.35_chiN30,0.35,30.0,scft,4.442837370006758,0.58984375,0.909744106748124
f0.35_chiN30,0.35,30.0,liu2019_opf,4.622977457443886,0.58984375,0.8993234376910573
f0.35_chiN30,0.35,30.0,scft,4.442837370006758,0.59375,0.9017523156850205
f0.35_chiN30,0.35,30.0,liu2019_opf,4.622977457443886,0.59375,0.8922282441573706
f0.35_chiN30,0.35,30.0,scft,4.442837370006758,0.59765625,0.889480410723529
f0.35_chiN30,0.35,30.0,liu2019_opf,4.622977457443886,0.59765625,0.885133050623684
f0.35_chiN30,0.35,30.0,scft,4.442837370006758,0.6015625,0.8772085057620376
f0.35_chiN30,0.35,30.0,liu2019_opf,4.622977457443886,0.6015625,0.8780378570899974
f0.35_chiN30,0.35,30.0,scft,4.442837370006758,0.60546875,0.8649366008005462
f0.35_chiN30,0.35,30.0,liu2019_opf,4.622977457443886,0.60546875,0.8709426635563107
f0.35_chiN30,0.35,30.0,scft,4.442837370006758,0.609375,0.8526646958390548
f0.35_chiN30,0.35,30.0,liu2019_opf,4.622977457443886,0.609375,0.8597123247969756
f0.35_chiN30,0.35,30.0,scft,4.442837370006758,0.61328125,0.8343316437082269
f0.35_chiN30,0.35,30.0,liu2019_opf,4.622977457443886,0.61328125,0.8484819860376406
f0.35_chiN30,0.35,30.0,scft,4.442837370006758,0.6171875,0.8159985915773991
f0.35_chiN30,0.35,30.0,liu2019_opf,4.622977457443886,0.6171875,0.8372516472783056
f0.35_chiN30,0.35,30.0,scft,4.442837370006758,0.62109375,0.797665539446571
f0.35_chiN30,0.35,30.0,liu2019_opf,4.622977457443886,0.62109375,0.8260213085189705
f0.35_chiN30,0.35,30.0,scft,4.442837370006758,0.625,0.7793324873157432
f0.35_chiN30,0.35,30.0,liu2019_opf,4.622977457443886,0.625,0.8091916962395413
f0.35_chiN30,0.35,30.0,scft,4.442837370006758,0.62890625,0.7536064839199176
f0.35_chiN30,0.35,30.0,liu2019_opf,4.622977457443886,0.62890625,0.7923620839601122
f0.35_chiN30,0.35,30.0,scft,4.442837370006758,0.6328125,0.7278804805240919
f0.35_chiN30,0.35,30.0,liu2019_opf,4.622977457443886,0.6328125,0.7755324716806831
f0.35_chiN30,0.35,30.0,scft,4.442837370006758,0.63671875,0.7021544771282664
f0.35_chiN30,0.35,30.0,liu2019_opf,4.622977457443886,0.63671875,0.7587028594012538
f0.35_chiN30,0.35,30.0,scft,4.442837370006758,0.640625,0.6764284737324407
f0.35_chiN30,0.35,30.0,liu2019_opf,4.622977457443886,0.640625,0.735317909148737
f0.35_chiN30,0.35,30.0,scft,4.442837370006758,0.64453125,0.6441922027961176
f0.35_chiN30,0.35,30.0,liu2019_opf,4.622977457443886,0.64453125,0.71193295889622
f0.35_chiN30,0.35,30.0,scft,4.442837370006758,0.6484375,0.6119559318597945
f0.35_chiN30,0.35,30.0,liu2019_opf,4.622977457443886,0.6484375,0.688548008643703
f0.35_chiN30,0.35,30.0,scft,4.442837370006758,0.65234375,0.5797196609234714
f0.35_chiN30,0.35,30.0,liu2019_opf,4.622977457443886,0.65234375,0.6651630583911861
f0.35_chiN30,0.35,30.0,scft,4.442837370006758,0.65625,0.5474833899871482
f0.35_chiN30,0.35,30.0,liu2019_opf,4.622977457443886,0.65625,0.6357411508746509
f0.35_chiN30,0.35,30.0,scft,4.442837370006758,0.66015625,0.5132079707385323
f0.35_chiN30,0.35,30.0,liu2019_opf,4.622977457443886,0.66015625,0.6063192433581158
f0.35_chiN30,0.35,30.0,scft,4.442837370006758,0.6640625,0.47893255148991637
f0.35_chiN30,0.35,30.0,liu2019_opf,4.622977457443886,0.6640625,0.5768973358415808
f0.35_chiN30,0.35,30.0,scft,4.442837370006758,0.66796875,0.44465713224130043
f0.35_chiN30,0.35,30.0,liu2019_opf,4.622977457443886,0.66796875,0.5474754283250456
f0.35_chiN30,0.35,30.0,scft,4.442837370006758,0.671875,0.41038171299268456
f0.35_chiN30,0.35,30.0,liu2019_opf,4.622977457443886,0.671875,0.5147362196878712
f0.35_chiN30,0.35,30.0,scft,4.442837370006758,0.67578125,0.37997626978277516
f0.35_chiN30,0.35,30.0,liu2019_opf,4.622977457443886,0.67578125,0.4819970110506968
f0.35_chiN30,0.35,30.0,scft,4.442837370006758,0.6796875,0.34957082657286576
f0.35_chiN30,0.35,30.0,liu2019_opf,4.622977457443886,0.6796875,0.4492578024135224
f0.35_chiN30,0.35,30.0,scft,4.442837370006758,0.68359375,0.3191653833629564
f0.35_chiN30,0.35,30.0,liu2019_opf,4.622977457443886,0.68359375,0.41651859377634803
f0.35_chiN30,0.35,30.0,scft,4.442837370006758,0.6875,0.288759940153047
f0.35_chiN30,0.35,30.0,liu2019_opf,4.622977457443886,0.6875,0.3846943040485741
f0.35_chiN30,0.35,30.0,scft,4.442837370006758,0.69140625,0.2655107354729055
f0.35_chiN30,0.35,30.0,liu2019_opf,4.622977457443886,0.69140625,0.3528700143208001
f0.35_chiN30,0.35,30.0,scft,4.442837370006758,0.6953125,0.24226153079276394
f0.35_chiN30,0.35,30.0,liu2019_opf,4.622977457443886,0.6953125,0.3210457245930261
f0.35_chiN30,0.35,30.0,scft,4.442837370006758,0.69921875,0.2190123261126224
f0.35_chiN30,0.35,30.0,liu2019_opf,4.622977457443886,0.69921875,0.28922143486525215
f0.35_chiN30,0.35,30.0,scft,4.442837370006758,0.703125,0.19576312143248087
f0.35_chiN30,0.35,30.0,liu2019_opf,4.622977457443886,0.703125,0.2621981281290698
f0.35_chiN30,0.35,30.0,scft,4.442837370006758,0.70703125,0.17957819751734042
f0.35_chiN30,0.35,30.0,liu2019_opf,4.622977457443886,0.70703125,0.23517482139288745
f0.35_chiN30,0.35,30.0,scft,4.442837370006758,0.7109375,0.16339327360219996
f0.35_chiN30,0.35,30.0,liu2019_opf,4.622977457443886,0.7109375,0.20815151465670512
f0.35_chiN30,0.35,30.0,scft,4.442837370006758,0.71484375,0.14720834968705948
f0.35_chiN30,0.35,30.0,liu2019_opf,4.622977457443886,0.71484375,0.18112820792052275
f0.35_chiN30,0.35,30.0,scft,4.442837370006758,0.71875,0.13102342577191903
f0.35_chiN30,0.35,30.0,liu2019_opf,4.622977457443886,0.71875,0.16082986286063838
f0.35_chiN30,0.35,30.0,scft,4.442837370006758,0.72265625,0.12027329897903918
f0.35_chiN30,0.35,30.0,liu2019_opf,4.622977457443886,0.72265625,0.140531517800754
f0.35_chiN30,0.35,30.0,scft,4.442837370006758,0.7265625,0.10952317218615934
f0.35_chiN30,0.35,30.0,liu2019_opf,4.622977457443886,0.7265625,0.12023317274086966
f0.35_chiN30,0.35,30.0,scft,4.442837370006758,0.73046875,0.0987730453932795
f0.35_chiN30,0.35,30.0,liu2019_opf,4.622977457443886,0.73046875,0.09993482768098529
f0.35_chiN30,0.35,30.0,scft,4.442837370006758,0.734375,0.08802291860039967
f0.35_chiN30,0.35,30.0,liu2019_opf,4.622977457443886,0.734375,0.08635708644461319
f0.35_chiN30,0.35,30.0,scft,4.442837370006758,0.73828125,0.08099123404698094
f0.35_chiN30,0.35,30.0,liu2019_opf,4.622977457443886,0.73828125,0.07277934520824109
f0.35_chiN30,0.35,30.0,scft,4.442837370006758,0.7421875,0.07395954949356223
f0.35_chiN30,0.35,30.0,liu2019_opf,4.622977457443886,0.7421875,0.05920160397186898
f0.35_chiN30,0.35,30.0,scft,4.442837370006758,0.74609375,0.06692786494014352
f0.35_chiN30,0.35,30.0,liu2019_opf,4.622977457443886,0.74609375,0.04562386273549688
f0.35_chiN30,0.35,30.0,scft,4.442837370006758,0.75,0.059896180386724805
f0.35_chiN30,0.35,30.0,liu2019_opf,4.622977457443886,0.75,0.037700151771170025
f0.35_chiN30,0.35,30.0,scft,4.442837370006758,0.75390625,0.055277141759552034
f0.35_chiN30,0.35,30.0,liu2019_opf,4.622977457443886,0.75390625,0.029776440806843166
f0.35_chiN30,0.35,30.0,scft,4.442837370006758,0.7578125,0.05065810313237927
f0.35_chiN30,0.35,30.0,liu2019_opf,4.622977457443886,0.7578125,0.02185272984251631
f0.35_chiN30,0.35,30.0,scft,4.442837370006758,0.76171875,0.046039064505206506
f0.35_chiN30,0.35,30.0,liu2019_opf,4.622977457443886,0.76171875,0.013929018878189455
f0.35_chiN30,0.35,30.0,scft,4.442837370006758,0.765625,0.041420025878033735
f0.35_chiN30,0.35,30.0,liu2019_opf,4.622977457443886,0.765625,0.010592004115169279
f0.35_chiN30,0.35,30.0,scft,4.442837370006758,0.76953125,0.03833986300287725
f0.35_chiN30,0.35,30.0,liu2019_opf,4.622977457443886,0.76953125,0.007254989352149104
f0.35_chiN30,0.35,30.0,scft,4.442837370006758,0.7734375,0.035259700127720756
f0.35_chiN30,0.35,30.0,liu2019_opf,4.622977457443886,0.7734375,0.003917974589128928
f0.35_chiN30,0.35,30.0,scft,4.442837370006758,0.77734375,0.03217953725256427
f0.35_chiN30,0.35,30.0,liu2019_opf,4.622977457443886,0.77734375,0.0005809598261087526
f0.35_chiN30,0.35,30.0,scft,4.442837370006758,0.78125,0.02909937437740778
f0.35_chiN30,0.35,30.0,liu2019_opf,4.622977457443886,0.78125,0.00043573455980679837
f0.35_chiN30,0.35,30.0,scft,4.442837370006758,0.78515625,0.027005551478447055
f0.35_chiN30,0.35,30.0,liu2019_opf,4.622977457443886,0.78515625,0.00029050929350484407
f0.35_chiN30,0.35,30.0,scft,4.442837370006758,0.7890625,0.024911728579486328
f0.35_chiN30,0.35,30.0,liu2019_opf,4.622977457443886,0.7890625,0.00014528402720288982
f0.35_chiN30,0.35,30.0,scft,4.442837370006758,0.79296875,0.022817905680525604
f0.35_chiN30,0.35,30.0,liu2019_opf,4.622977457443886,0.79296875,5.876090093556255e-8
f0.35_chiN30,0.35,30.0,scft,4.442837370006758,0.796875,0.02072408278156488
f0.35_chiN30,0.35,30.0,liu2019_opf,4.622977457443886,0.796875,7.639975174506893e-8
f0.35_chiN30,0.35,30.0,scft,4.442837370006758,0.80078125,0.019273699872828468
f0.35_chiN30,0.35,30.0,liu2019_opf,4.622977457443886,0.80078125,9.40386025545753e-8
f0.35_chiN30,0.35,30.0,scft,4.442837370006758,0.8046875,0.01782331696409206
f0.35_chiN30,0.35,30.0,liu2019_opf,4.622977457443886,0.8046875,1.1167745336408168e-7
f0.35_chiN30,0.35,30.0,scft,4.442837370006758,0.80859375,0.01637293405535565
f0.35_chiN30,0.35,30.0,liu2019_opf,4.622977457443886,0.80859375,1.2931630417358806e-7
f0.35_chiN30,0.35,30.0,scft,4.442837370006758,0.8125,0.014922551146619237
f0.35_chiN30,0.35,30.0,liu2019_opf,4.622977457443886,0.8125,1.2414683815185228e-7
f0.35_chiN30,0.35,30.0,scft,4.442837370006758,0.81640625,0.013901792416024902
f0.35_chiN30,0.35,30.0,liu2019_opf,4.622977457443886,0.81640625,1.1897737213011651e-7
f0.35_chiN30,0.35,30.0,scft,4.442837370006758,0.8203125,0.012881033685430568
f0.35_chiN30,0.35,30.0,liu2019_opf,4.622977457443886,0.8203125,1.1380790610838075e-7
f0.35_chiN30,0.35,30.0,scft,4.442837370006758,0.82421875,0.011860274954836235
f0.35_chiN30,0.35,30.0,liu2019_opf,4.622977457443886,0.82421875,1.0863844008664498e-7
f0.35_chiN30,0.35,30.0,scft,4.442837370006758,0.828125,0.0108395162242419
f0.35_chiN30,0.35,30.0,liu2019_opf,4.622977457443886,0.828125,1.2028843702714928e-7
f0.35_chiN30,0.35,30.0,scft,4.442837370006758,0.83203125,0.010112487111482348
f0.35_chiN30,0.35,30.0,liu2019_opf,4.622977457443886,0.83203125,1.3193843396765357e-7
f0.35_chiN30,0.35,30.0,scft,4.442837370006758,0.8359375,0.009385457998722794
f0.35_chiN30,0.35,30.0,liu2019_opf,4.622977457443886,0.8359375,1.4358843090815786e-7
f0.35_chiN30,0.35,30.0,scft,4.442837370006758,0.83984375,0.00865842888596324
f0.35_chiN30,0.35,30.0,liu2019_opf,4.622977457443886,0.83984375,1.5523842784866215e-7
f0.35_chiN30,0.35,30.0,scft,4.442837370006758,0.84375,0.007931399773203687
f0.35_chiN30,0.35,30.0,liu2019_opf,4.622977457443886,0.84375,1.5662344332950458e-7
f0.35_chiN30,0.35,30.0,scft,4.442837370006758,0.84765625,0.007409467238640411
f0.35_chiN30,0.35,30.0,liu2019_opf,4.622977457443886,0.84765625,1.5800845881034704e-7
f0.35_chiN30,0.35,30.0,scft,4.442837370006758,0.8515625,0.006887534704077133
f0.35_chiN30,0.35,30.0,liu2019_opf,4.622977457443886,0.8515625,1.593934742911895e-7
f0.35_chiN30,0.35,30.0,scft,4.442837370006758,0.85546875,0.006365602169513856
f0.35_chiN30,0.35,30.0,liu2019_opf,4.622977457443886,0.85546875,1.6077848977203195e-7
f0.35_chiN30,0.35,30.0,scft,4.442837370006758,0.859375,0.005843669634950579
f0.35_chiN30,0.35,30.0,liu2019_opf,4.622977457443886,0.859375,1.6964626229355314e-7
f0.35_chiN30,0.35,30.0,scft,4.442837370006758,0.86328125,0.005467464817990723
f0.35_chiN30,0.35,30.0,liu2019_opf,4.622977457443886,0.86328125,1.7851403481507434e-7
f0.35_chiN30,0.35,30.0,scft,4.442837370006758,0.8671875,0.005091260001030868
f0.35_chiN30,0.35,30.0,liu2019_opf,4.622977457443886,0.8671875,1.8738180733659556e-7
f0.35_chiN30,0.35,30.0,scft,4.442837370006758,0.87109375,0.004715055184071013
f0.35_chiN30,0.35,30.0,liu2019_opf,4.622977457443886,0.87109375,1.9624957985811675e-7
f0.35_chiN30,0.35,30.0,scft,4.442837370006758,0.875,0.004338850367111157
f0.35_chiN30,0.35,30.0,liu2019_opf,4.622977457443886,0.875,2.0007203177806422e-7
f0.35_chiN30,0.35,30.0,scft,4.442837370006758,0.87890625,0.004067666785379666
f0.35_chiN30,0.35,30.0,liu2019_opf,4.622977457443886,0.87890625,2.0389448369801168e-7
f0.35_chiN30,0.35,30.0,scft,4.442837370006758,0.8828125,0.0037964832036481745
f0.35_chiN30,0.35,30.0,liu2019_opf,4.622977457443886,0.8828125,2.0771693561795914e-7
f0.35_chiN30,0.35,30.0,scft,4.442837370006758,0.88671875,0.003525299621916684
f0.35_chiN30,0.35,30.0,liu2019_opf,4.622977457443886,0.88671875,2.115393875379066e-7
f0.35_chiN30,0.35,30.0,scft,4.442837370006758,0.890625,0.003254116040185193
f0.35_chiN30,0.35,30.0,liu2019_opf,4.622977457443886,0.890625,2.1998367540492392e-7
f0.35_chiN30,0.35,30.0,scft,4.442837370006758,0.89453125,0.0030595472883681446
f0.35_chiN30,0.35,30.0,liu2019_opf,4.622977457443886,0.89453125,2.2842796327194126e-7
f0.35_chiN30,0.35,30.0,scft,4.442837370006758,0.8984375,0.0028649785365510968
f0.35_chiN30,0.35,30.0,liu2019_opf,4.622977457443886,0.8984375,2.368722511389586e-7
f0.35_chiN30,0.35,30.0,scft,4.442837370006758,0.90234375,0.002670409784734049
f0.35_chiN30,0.35,30.0,liu2019_opf,4.622977457443886,0.90234375,2.4531653900597594e-7
f0.35_chiN30,0.35,30.0,scft,4.442837370006758,0.90625,0.0024758410329170006
f0.35_chiN30,0.35,30.0,liu2019_opf,4.622977457443886,0.90625,2.508317647826565e-7
f0.35_chiN30,0.35,30.0,scft,4.442837370006758,0.91015625,0.0023378646220465235
f0.35_chiN30,0.35,30.0,liu2019_opf,4.622977457443886,0.91015625,2.563469905593371e-7
f0.35_chiN30,0.35,30.0,scft,4.442837370006758,0.9140625,0.002199888211176046
f0.35_chiN30,0.35,30.0,liu2019_opf,4.622977457443886,0.9140625,2.618622163360177e-7
f0.35_chiN30,0.35,30.0,scft,4.442837370006758,0.91796875,0.0020619118003055684
f0.35_chiN30,0.35,30.0,liu2019_opf,4.622977457443886,0.91796875,2.6737744211269825e-7
f0.35_chiN30,0.35,30.0,scft,4.442837370006758,0.921875,0.0019239353894350913
f0.35_chiN30,0.35,30.0,liu2019_opf,4.622977457443886,0.921875,2.7541441415445797e-7
f0.35_chiN30,0.35,30.0,scft,4.442837370006758,0.92578125,0.0018284423284115016
f0.35_chiN30,0.35,30.0,liu2019_opf,4.622977457443886,0.92578125,2.8345138619621774e-7
f0.35_chiN30,0.35,30.0,scft,4.442837370006758,0.9296875,0.0017329492673879118
f0.35_chiN30,0.35,30.0,liu2019_opf,4.622977457443886,0.9296875,2.914883582379775e-7
f0.35_chiN30,0.35,30.0,scft,4.442837370006758,0.93359375,0.0016374562063643221
f0.35_chiN30,0.35,30.0,liu2019_opf,4.622977457443886,0.93359375,2.995253302797372e-7
f0.35_chiN30,0.35,30.0,scft,4.442837370006758,0.9375,0.0015419631453407324
f0.35_chiN30,0.35,30.0,liu2019_opf,4.622977457443886,0.9375,3.0491592078170027e-7
f0.35_chiN30,0.35,30.0,scft,4.442837370006758,0.94140625,0.0014791732260590331
f0.35_chiN30,0.35,30.0,liu2019_opf,4.622977457443886,0.94140625,3.103065112836633e-7
f0.35_chiN30,0.35,30.0,scft,4.442837370006758,0.9453125,0.0014163833067773338
f0.35_chiN30,0.35,30.0,liu2019_opf,4.622977457443886,0.9453125,3.156971017856263e-7
f0.35_chiN30,0.35,30.0,scft,4.442837370006758,0.94921875,0.0013535933874956347
f0.35_chiN30,0.35,30.0,liu2019_opf,4.622977457443886,0.94921875,3.2108769228758936e-7
f0.35_chiN30,0.35,30.0,scft,4.442837370006758,0.953125,0.0012908034682139354
f0.35_chiN30,0.35,30.0,liu2019_opf,4.622977457443886,0.953125,3.2641104969504174e-7
f0.35_chiN30,0.35,30.0,scft,4.442837370006758,0.95703125,0.0012542478316314534
f0.35_chiN30,0.35,30.0,liu2019_opf,4.622977457443886,0.95703125,3.317344071024941e-7
f0.35_chiN30,0.35,30.0,scft,4.442837370006758,0.9609375,0.0012176921950489712
f0.35_chiN30,0.35,30.0,liu2019_opf,4.622977457443886,0.9609375,3.370577645099464e-7
f0.35_chiN30,0.35,30.0,scft,4.442837370006758,0.96484375,0.0011811365584664891
f0.35_chiN30,0.35,30.0,liu2019_opf,4.622977457443886,0.96484375,3.423811219173988e-7
f0.35_chiN30,0.35,30.0,scft,4.442837370006758,0.96875,0.0011445809218840071
f0.35_chiN30,0.35,30.0,liu2019_opf,4.622977457443886,0.96875,3.44695249524355e-7
f0.35_chiN30,0.35,30.0,scft,4.442837370006758,0.97265625,0.0011304680113965197
f0.35_chiN30,0.35,30.0,liu2019_opf,4.622977457443886,0.97265625,3.4700937713131123e-7
f0.35_chiN30,0.35,30.0,scft,4.442837370006758,0.9765625,0.0011163551009090323
f0.35_chiN30,0.35,30.0,liu2019_opf,4.622977457443886,0.9765625,3.4932350473826747e-7
f0.35_chiN30,0.35,30.0,scft,4.442837370006758,0.98046875,0.0011022421904215447
f0.35_chiN30,0.35,30.0,liu2019_opf,4.622977457443886,0.98046875,3.5163763234522366e-7
f0.35_chiN30,0.35,30.0,scft,4.442837370006758,0.984375,0.0010881292799340572
f0.35_chiN30,0.35,30.0,liu2019_opf,4.622977457443886,0.984375,3.516376333711328e-7
f0.35_chiN30,0.35,30.0,scft,4.442837370006758,0.98828125,0.0010949884822346852
f0.35_chiN30,0.35,30.0,liu2019_opf,4.622977457443886,0.98828125,3.516376343970419e-7
f0.35_chiN30,0.35,30.0,scft,4.442837370006758,0.9921875,0.001101847684535313
f0.35_chiN30,0.35,30.0,liu2019_opf,4.622977457443886,0.9921875,3.51637635422951e-7
f0.35_chiN30,0.35,30.0,scft,4.442837370006758,0.99609375,0.0011087068868359407
f0.35_chiN30,0.35,30.0,liu2019_opf,4.622977457443886,0.99609375,3.5163763644886017e-7
