schema,case_id,f,chiN,model,model_label,period_rg,native_index,native_grid_count,s,phi_a,phi_b
liu2019-stress-free-period-map-v2,f0.2_chiN25,0.2,25.0,scft,SCFT,3.3772815752408936,1,70,0.0,0.5073045488694765,0.4926955605036742
liu2019-stress-free-period-map-v2,f0.2_chiN25,0.2,25.0,scft,SCFT,3.3772815752408936,2,70,0.014285714285714285,0.503983479954698,0.4960165824003784
liu2019-stress-free-period-map-v2,f0.2_chiN25,0.2,25.0,scft,SCFT,3.3772815752408936,3,70,0.02857142857142857,0.49414788616984706,0.5058520835085676
liu2019-stress-free-period-map-v2,f0.2_chiN25,0.2,25.0,scft,SCFT,3.3772815752408936,4,70,0.04285714285714286,0.47818475122115917,0.5218151714891475
liu2019-stress-free-period-map-v2,f0.2_chiN25,0.2,25.0,scft,SCFT,3.3772815752408936,5,70,0.05714285714285714,0.4567441677539775,0.5432557893916611
liu2019-stress-free-period-map-v2,f0.2_chiN25,0.2,25.0,scft,SCFT,3.3772815752408936,6,70,0.07142857142857142,0.43073023249844844,0.5692697866319034
liu2019-stress-free-period-map-v2,f0.2_chiN25,0.2,25.0,scft,SCFT,3.3772815752408936,7,70,0.08571428571428572,0.40126291340469616,0.5987371126311106
liu2019-stress-free-period-map-v2,f0.2_chiN25,0.2,25.0,scft,SCFT,3.3772815752408936,8,70,0.1,0.36960229337573736,0.630397655882054
liu2019-stress-free-period-map-v2,f0.2_chiN25,0.2,25.0,scft,SCFT,3.3772815752408936,9,70,0.11428571428571428,0.3370410161109288,0.6629588242844481
liu2019-stress-free-period-map-v2,f0.2_chiN25,0.2,25.0,scft,SCFT,3.3772815752408936,10,70,0.12857142857142856,0.3047854671624433,0.6952143172588925
liu2019-stress-free-period-map-v2,f0.2_chiN25,0.2,25.0,scft,SCFT,3.3772815752408936,11,70,0.14285714285714285,0.27385293145304646,0.7261468860343465
liu2019-stress-free-period-map-v2,f0.2_chiN25,0.2,25.0,scft,SCFT,3.3772815752408936,12,70,0.15714285714285714,0.24500678033913298,0.7549931065361257
liu2019-stress-free-period-map-v2,f0.2_chiN25,0.2,25.0,scft,SCFT,3.3772815752408936,13,70,0.17142857142857143,0.2187380405315583,0.7812618665578752
liu2019-stress-free-period-map-v2,f0.2_chiN25,0.2,25.0,scft,SCFT,3.3772815752408936,14,70,0.18571428571428572,0.19528727416423722,0.8047125825023086
liu2019-stress-free-period-map-v2,f0.2_chiN25,0.2,25.0,scft,SCFT,3.3772815752408936,15,70,0.2,0.174691994387464,0.8253078043355686
liu2019-stress-free-period-map-v2,f0.2_chiN25,0.2,25.0,scft,SCFT,3.3772815752408936,16,70,0.21428571428571427,0.15684351624310783,0.8431562855176398
liu2019-stress-free-period-map-v2,f0.2_chiN25,0.2,25.0,scft,SCFT,3.3772815752408936,17,70,0.22857142857142856,0.14154090413134068,0.8584589592491706
liu2019-stress-free-period-map-v2,f0.2_chiN25,0.2,25.0,scft,SCFT,3.3772815752408936,18,70,0.24285714285714285,0.12853512516760315,0.87146479754749
liu2019-stress-free-period-map-v2,f0.2_chiN25,0.2,25.0,scft,SCFT,3.3772815752408936,19,70,0.2571428571428571,0.11756123277690943,0.8824387004171784
liu2019-stress-free-period-map-v2,f0.2_chiN25,0.2,25.0,scft,SCFT,3.3772815752408936,20,70,0.2714285714285714,0.1083594305973987,0.8916404771724797
liu2019-stress-free-period-map-v2,f0.2_chiN25,0.2,25.0,scft,SCFT,3.3772815752408936,21,70,0.2857142857142857,0.10068727212514603,0.8993126231142069
liu2019-stress-free-period-map-v2,f0.2_chiN25,0.2,25.0,scft,SCFT,3.3772815752408936,22,70,0.3,0.09432553285141727,0.9056743940473779
liu2019-stress-free-period-map-v2,f0.2_chiN25,0.2,25.0,scft,SCFT,3.3772815752408936,23,70,0.3142857142857143,0.08907997631668181,0.9109200147527917
liu2019-stress-free-period-map-v2,f0.2_chiN25,0.2,25.0,scft,SCFT,3.3772815752408936,24,70,0.32857142857142857,0.08478070907793656,0.9152193442203194
liu2019-stress-free-period-map-v2,f0.2_chiN25,0.2,25.0,scft,SCFT,3.3772815752408936,25,70,0.34285714285714286,0.08128029977853318,0.9187197909433897
liu2019-stress-free-period-map-v2,f0.2_chiN25,0.2,25.0,scft,SCFT,3.3772815752408936,26,70,0.35714285714285715,0.07845141666387086,0.9215486904039892
liu2019-stress-free-period-map-v2,f0.2_chiN25,0.2,25.0,scft,SCFT,3.3772815752408936,27,70,0.37142857142857144,0.07618443162612748,0.9238156883615559
liu2019-stress-free-period-map-v2,f0.2_chiN25,0.2,25.0,scft,SCFT,3.3772815752408936,28,70,0.38571428571428573,0.07438523184540924,0.9256149094401885
liu2019-stress-free-period-map-v2,f0.2_chiN25,0.2,25.0,scft,SCFT,3.3772815752408936,29,70,0.4,0.07297334744729161,0.9270268211389902
liu2019-stress-free-period-map-v2,f0.2_chiN25,0.2,25.0,scft,SCFT,3.3772815752408936,30,70,0.4142857142857143,0.07188042345120196,0.9281197691053128
liu2019-stress-free-period-map-v2,f0.2_chiN25,0.2,25.0,scft,SCFT,3.3772815752408936,31,70,0.42857142857142855,0.0710490195885185,0.9289511884852515
liu2019-stress-free-period-map-v2,f0.2_chiN25,0.2,25.0,scft,SCFT,3.3772815752408936,32,70,0.44285714285714284,0.07043169953120855,0.9295685189688306
liu2019-stress-free-period-map-v2,f0.2_chiN25,0.2,25.0,scft,SCFT,3.3772815752408936,33,70,0.45714285714285713,0.06999036309457225,0.9300098673547224
liu2019-stress-free-period-map-v2,f0.2_chiN25,0.2,25.0,scft,SCFT,3.3772815752408936,34,70,0.4714285714285714,0.06969577470694556,0.9303044709659809
liu2019-stress-free-period-map-v2,f0.2_chiN25,0.2,25.0,scft,SCFT,3.3772815752408936,35,70,0.4857142857142857,0.06952724571349739,0.9304730129434929
liu2019-stress-free-period-map-v2,f0.2_chiN25,0.2,25.0,scft,SCFT,3.3772815752408936,36,70,0.5,0.0694724347774185,0.9305278263118232
liu2019-stress-free-period-map-v2,f0.2_chiN25,0.2,25.0,scft,SCFT,3.3772815752408936,37,70,0.5142857142857142,0.06952723940109744,0.930473009893479
liu2019-stress-free-period-map-v2,f0.2_chiN25,0.2,25.0,scft,SCFT,3.3772815752408936,38,70,0.5285714285714286,0.06969576166808293,0.9303044658259967
liu2019-stress-free-period-map-v2,f0.2_chiN25,0.2,25.0,scft,SCFT,3.3772815752408936,39,70,0.5428571428571428,0.06999034250611251,0.9300098621219963
liu2019-stress-free-period-map-v2,f0.2_chiN25,0.2,25.0,scft,SCFT,3.3772815752408936,40,70,0.5571428571428572,0.0704316701616045,0.9295685165877439
liu2019-stress-free-period-map-v2,f0.2_chiN25,0.2,25.0,scft,SCFT,3.3772815752408936,41,70,0.5714285714285714,0.07104897977304554,0.9289511924795217
liu2019-stress-free-period-map-v2,f0.2_chiN25,0.2,25.0,scft,SCFT,3.3772815752408936,42,70,0.5857142857142857,0.07188037109507175,0.9281197836749041
liu2019-stress-free-period-map-v2,f0.2_chiN25,0.2,25.0,scft,SCFT,3.3772815752408936,43,70,0.6,0.07297327999730793,0.9270268509715924
liu2019-stress-free-period-map-v2,f0.2_chiN25,0.2,25.0,scft,SCFT,3.3772815752408936,44,70,0.6142857142857143,0.0743851462622095,0.9256149593786811
liu2019-stress-free-period-map-v2,f0.2_chiN25,0.2,25.0,scft,SCFT,3.3772815752408936,45,70,0.6285714285714286,0.07618432433513284,0.9238157635689014
liu2019-stress-free-period-map-v2,f0.2_chiN25,0.2,25.0,scft,SCFT,3.3772815752408936,46,70,0.6428571428571429,0.0784512834935505,0.921548796095177
liu2019-stress-free-period-map-v2,f0.2_chiN25,0.2,25.0,scft,SCFT,3.3772815752408936,47,70,0.6571428571428571,0.08128013588222636,0.9187199325131106
liu2019-stress-free-period-map-v2,f0.2_chiN25,0.2,25.0,scft,SCFT,3.3772815752408936,48,70,0.6714285714285714,0.08478050884524362,0.9152195272094642
liu2019-stress-free-period-map-v2,f0.2_chiN25,0.2,25.0,scft,SCFT,3.3772815752408936,49,70,0.6857142857142857,0.08907973325561443,0.9109202452245907
liu2019-stress-free-period-map-v2,f0.2_chiN25,0.2,25.0,scft,SCFT,3.3772815752408936,50,70,0.7,0.09432523946358272,0.9056746785024447
liu2019-stress-free-period-map-v2,f0.2_chiN25,0.2,25.0,scft,SCFT,3.3772815752408936,51,70,0.7142857142857143,0.1006869198215436,0.8993129689239086
liu2019-stress-free-period-map-v2,f0.2_chiN25,0.2,25.0,scft,SCFT,3.3772815752408936,52,70,0.7285714285714285,0.10835900961203322,0.8916408927567873
liu2019-stress-free-period-map-v2,f0.2_chiN25,0.2,25.0,scft,SCFT,3.3772815752408936,53,70,0.7428571428571429,0.11756073219080027,0.8824391953916413
liu2019-stress-free-period-map-v2,f0.2_chiN25,0.2,25.0,scft,SCFT,3.3772815752408936,54,70,0.7571428571428571,0.12853453306633417,0.8714653827007909
liu2019-stress-free-period-map-v2,f0.2_chiN25,0.2,25.0,scft,SCFT,3.3772815752408936,55,70,0.7714285714285715,0.1415402080351737,0.8584596463871067
liu2019-stress-free-period-map-v2,f0.2_chiN25,0.2,25.0,scft,SCFT,3.3772815752408936,56,70,0.7857142857142857,0.15684270386534577,0.8431570864787121
liu2019-stress-free-period-map-v2,f0.2_chiN25,0.2,25.0,scft,SCFT,3.3772815752408936,57,70,0.8,0.17469105490549053,0.825308730135639
liu2019-stress-free-period-map-v2,f0.2_chiN25,0.2,25.0,scft,SCFT,3.3772815752408936,58,70,0.8142857142857143,0.19528620003953948,0.804713641140566
liu2019-stress-free-period-map-v2,f0.2_chiN25,0.2,25.0,scft,SCFT,3.3772815752408936,59,70,0.8285714285714286,0.21873682988843401,0.7812630607200479
liu2019-stress-free-period-map-v2,f0.2_chiN25,0.2,25.0,scft,SCFT,3.3772815752408936,60,70,0.8428571428571429,0.24500543969229002,0.7549944307144439
liu2019-stress-free-period-map-v2,f0.2_chiN25,0.2,25.0,scft,SCFT,3.3772815752408936,61,70,0.8571428571428571,0.2738514782950764,0.7261483237023717
liu2019-stress-free-period-map-v2,f0.2_chiN25,0.2,25.0,scft,SCFT,3.3772815752408936,62,70,0.8714285714285714,0.304783931756825,0.6952158390532315
liu2019-stress-free-period-map-v2,f0.2_chiN25,0.2,25.0,scft,SCFT,3.3772815752408936,63,70,0.8857142857142857,0.3370394416268217,0.6629603876003044
liu2019-stress-free-period-map-v2,f0.2_chiN25,0.2,25.0,scft,SCFT,3.3772815752408936,64,70,0.9,0.3696007338893023,0.6303992069037747
liu2019-stress-free-period-map-v2,f0.2_chiN25,0.2,25.0,scft,SCFT,3.3772815752408936,65,70,0.9142857142857143,0.40126142975150497,0.5987385904789427
liu2019-stress-free-period-map-v2,f0.2_chiN25,0.2,25.0,scft,SCFT,3.3772815752408936,66,70,0.9285714285714286,0.43072888669108167,0.5692711288837178
liu2019-stress-free-period-map-v2,f0.2_chiN25,0.2,25.0,scft,SCFT,3.3772815752408936,67,70,0.9428571428571428,0.45674301745013224,0.5432569378930671
liu2019-stress-free-period-map-v2,f0.2_chiN25,0.2,25.0,scft,SCFT,3.3772815752408936,68,70,0.9571428571428572,0.4781838451900212,0.5218160768596886
liu2019-stress-free-period-map-v2,f0.2_chiN25,0.2,25.0,scft,SCFT,3.3772815752408936,69,70,0.9714285714285714,0.4941472616191987,0.5058527079728535
liu2019-stress-free-period-map-v2,f0.2_chiN25,0.2,25.0,scft,SCFT,3.3772815752408936,70,70,0.9857142857142858,0.5039831615642051,0.49601690084460015
liu2019-stress-free-period-map-v2,f0.2_chiN25,0.2,25.0,liu2019_opf,OPF (force/stress mapped),2.8833135996581065,1,256,0.0,0.6429495141118522,0.3570504858881478
liu2019-stress-free-period-map-v2,f0.2_chiN25,0.2,25.0,liu2019_opf,OPF (force/stress mapped),2.8833135996581065,2,256,0.00390625,0.6427875446493228,0.35721245535067725
liu2019-stress-free-period-map-v2,f0.2_chiN25,0.2,25.0,liu2019_opf,OPF (force/stress mapped),2.8833135996581065,3,256,0.0078125,0.642301680650226,0.35769831934977403
liu2019-stress-free-period-map-v2,f0.2_chiN25,0.2,25.0,liu2019_opf,OPF (force/stress mapped),2.8833135996581065,4,256,0.01171875,0.6414920570758571,0.3585079429241429
liu2019-stress-free-period-map-v2,f0.2_chiN25,0.2,25.0,liu2019_opf,OPF (force/stress mapped),2.8833135996581065,5,256,0.015625,0.6403589015994111,0.3596410984005889
liu2019-stress-free-period-map-v2,f0.2_chiN25,0.2,25.0,liu2019_opf,OPF (force/stress mapped),2.8833135996581065,6,256,0.01953125,0.6389025403874891,0.36109745961251094
liu2019-stress-free-period-map-v2,f0.2_chiN25,0.2,25.0,liu2019_opf,OPF (force/stress mapped),2.8833135996581065,7,256,0.0234375,0.6371234044007947,0.36287659559920526
liu2019-stress-free-period-map-v2,f0.2_chiN25,0.2,25.0,liu2019_opf,OPF (force/stress mapped),2.8833135996581065,8,256,0.02734375,0.6350220385386434,0.36497796146135664
liu2019-stress-free-period-map-v2,f0.2_chiN25,0.2,25.0,liu2019_opf,OPF (force/stress mapped),2.8833135996581065,9,256,0.03125,0.6325991120208837,0.3674008879791163
liu2019-stress-free-period-map-v2,f0.2_chiN25,0.2,25.0,liu2019_opf,OPF (force/stress mapped),2.8833135996581065,10,256,0.03515625,0.6298554310527886,0.37014456894721137
liu2019-stress-free-period-map-v2,f0.2_chiN25,0.2,25.0,liu2019_opf,OPF (force/stress mapped),2.8833135996581065,11,256,0.0390625,0.6267919523067262,0.37320804769327376
liu2019-stress-free-period-map-v2,f0.2_chiN25,0.2,25.0,liu2019_opf,OPF (force/stress mapped),2.8833135996581065,12,256,0.04296875,0.6234097988634213,0.3765902011365787
liu2019-stress-free-period-map-v2,f0.2_chiN25,0.2,25.0,liu2019_opf,OPF (force/stress mapped),2.8833135996581065,13,256,0.046875,0.6197102764365547,0.38028972356344526
liu2019-stress-free-period-map-v2,f0.2_chiN25,0.2,25.0,liu2019_opf,OPF (force/stress mapped),2.8833135996581065,14,256,0.05078125,0.6156948924226602,0.3843051075773398
liu2019-stress-free-period-map-v2,f0.2_chiN25,0.2,25.0,liu2019_opf,OPF (force/stress mapped),2.8833135996581065,15,256,0.0546875,0.6113653743794258,0.38863462562057416
liu2019-stress-free-period-map-v2,f0.2_chiN25,0.2,25.0,liu2019_opf,OPF (force/stress mapped),2.8833135996581065,16,256,0.05859375,0.6067236906427304,0.39327630935726965
liu2019-stress-free-period-map-v2,f0.2_chiN25,0.2,25.0,liu2019_opf,OPF (force/stress mapped),2.8833135996581065,17,256,0.0625,0.6017720706653313,0.39822792933466866
liu2019-stress-free-period-map-v2,f0.2_chiN25,0.2,25.0,liu2019_opf,OPF (force/stress mapped),2.8833135996581065,18,256,0.06640625,0.5965130270512156,0.40348697294878444
liu2019-stress-free-period-map-v2,f0.2_chiN25,0.2,25.0,liu2019_opf,OPF (force/stress mapped),2.8833135996581065,19,256,0.0703125,0.5909493766837589,0.4090506233162411
liu2019-stress-free-period-map-v2,f0.2_chiN25,0.2,25.0,liu2019_opf,OPF (force/stress mapped),2.8833135996581065,20,256,0.07421875,0.5850842628559131,0.4149157371440869
liu2019-stress-free-period-map-v2,f0.2_chiN25,0.2,25.0,liu2019_opf,OPF (force/stress mapped),2.8833135996581065,21,256,0.078125,0.5789211764664236,0.4210788235335764
liu2019-stress-free-period-map-v2,f0.2_chiN25,0.2,25.0,liu2019_opf,OPF (force/stress mapped),2.8833135996581065,22,256,0.08203125,0.5724639775642526,0.4275360224357474
liu2019-stress-free-period-map-v2,f0.2_chiN25,0.2,25.0,liu2019_opf,OPF (force/stress mapped),2.8833135996581065,23,256,0.0859375,0.5657169149902561,0.4342830850097439
liu2019-stress-free-period-map-v2,f0.2_chiN25,0.2,25.0,liu2019_opf,OPF (force/stress mapped),2.8833135996581065,24,256,0.08984375,0.5586846466171556,0.44131535338284444
liu2019-stress-free-period-map-v2,f0.2_chiN25,0.2,25.0,liu2019_opf,OPF (force/stress mapped),2.8833135996581065,25,256,0.09375,0.5513722566237531,0.4486277433762469
liu2019-stress-free-period-map-v2,f0.2_chiN25,0.2,25.0,liu2019_opf,OPF (force/stress mapped),2.8833135996581065,26,256,0.09765625,0.5437852729082367,0.45621472709176325
liu2019-stress-free-period-map-v2,f0.2_chiN25,0.2,25.0,liu2019_opf,OPF (force/stress mapped),2.8833135996581065,27,256,0.1015625,0.5359296808990639,0.4640703191009361
liu2019-stress-free-period-map-v2,f0.2_chiN25,0.2,25.0,liu2019_opf,OPF (force/stress mapped),2.8833135996581065,28,256,0.10546875,0.5278119369413212,0.4721880630586788
liu2019-stress-free-period-map-v2,f0.2_chiN25,0.2,25.0,liu2019_opf,OPF (force/stress mapped),2.8833135996581065,29,256,0.109375,0.519438978357825,0.48056102164217496
liu2019-stress-free-period-map-v2,f0.2_chiN25,0.2,25.0,liu2019_opf,OPF (force/stress mapped),2.8833135996581065,30,256,0.11328125,0.5108182315478151,0.48918176845218486
liu2019-stress-free-period-map-v2,f0.2_chiN25,0.2,25.0,liu2019_opf,OPF (force/stress mapped),2.8833135996581065,31,256,0.1171875,0.5019576161468166,0.49804238385318345
liu2019-stress-free-period-map-v2,f0.2_chiN25,0.2,25.0,liu2019_opf,OPF (force/stress mapped),2.8833135996581065,32,256,0.12109375,0.49286554736197136,0.5071344526380286
liu2019-stress-free-period-map-v2,f0.2_chiN25,0.2,25.0,liu2019_opf,OPF (force/stress mapped),2.8833135996581065,33,256,0.125,0.4835509342130834,0.5164490657869165
liu2019-stress-free-period-map-v2,f0.2_chiN25,0.2,25.0,liu2019_opf,OPF (force/stress mapped),2.8833135996581065,34,256,0.12890625,0.47402317525918064,0.5259768247408194
liu2019-stress-free-period-map-v2,f0.2_chiN25,0.2,25.0,liu2019_opf,OPF (force/stress mapped),2.8833135996581065,35,256,0.1328125,0.46429214978153177,0.5357078502184682
liu2019-stress-free-period-map-v2,f0.2_chiN25,0.2,25.0,liu2019_opf,OPF (force/stress mapped),2.8833135996581065,36,256,0.13671875,0.4543682066266295,0.5456317933733705
liu2019-stress-free-period-map-v2,f0.2_chiN25,0.2,25.0,liu2019_opf,OPF (force/stress mapped),2.8833135996581065,37,256,0.140625,0.44426214737795044,0.5557378526220496
liu2019-stress-free-period-map-v2,f0.2_chiN25,0.2,25.0,liu2019_opf,OPF (force/stress mapped),2.8833135996581065,38,256,0.14453125,0.4339852078628835,0.5660147921371165
liu2019-stress-free-period-map-v2,f0.2_chiN25,0.2,25.0,liu2019_opf,OPF (force/stress mapped),2.8833135996581065,39,256,0.1484375,0.42354903479712236,0.5764509652028776
liu2019-stress-free-period-map-v2,f0.2_chiN25,0.2,25.0,liu2019_opf,OPF (force/stress mapped),2.8833135996581065,40,256,0.15234375,0.41296566003170887,0.5870343399682911
liu2019-stress-free-period-map-v2,f0.2_chiN25,0.2,25.0,liu2019_opf,OPF (force/stress mapped),2.8833135996581065,41,256,0.15625,0.40224747009090317,0.5977525299090969
liu2019-stress-free-period-map-v2,f0.2_chiN25,0.2,25.0,liu2019_opf,OPF (force/stress mapped),2.8833135996581065,42,256,0.16015625,0.39140717308057066,0.6085928269194294
liu2019-stress-free-period-map-v2,f0.2_chiN25,0.2,25.0,liu2019_opf,OPF (force/stress mapped),2.8833135996581065,43,256,0.1640625,0.38045776155260447,0.6195422384473955
liu2019-stress-free-period-map-v2,f0.2_chiN25,0.2,25.0,liu2019_opf,OPF (force/stress mapped),2.8833135996581065,44,256,0.16796875,0.3694124740695349,0.6305875259304651
liu2019-stress-free-period-map-v2,f0.2_chiN25,0.2,25.0,liu2019_opf,OPF (force/stress mapped),2.8833135996581065,45,256,0.171875,0.3582847532095753,0.6417152467904247
liu2019-stress-free-period-map-v2,f0.2_chiN25,0.2,25.0,liu2019_opf,OPF (force/stress mapped),2.8833135996581065,46,256,0.17578125,0.34708820232813464,0.6529117976718654
liu2019-stress-free-period-map-v2,f0.2_chiN25,0.2,25.0,liu2019_opf,OPF (force/stress mapped),2.8833135996581065,47,256,0.1796875,0.33583653878759867,0.6641634612124013
liu2019-stress-free-period-map-v2,f0.2_chiN25,0.2,25.0,liu2019_opf,OPF (force/stress mapped),2.8833135996581065,48,256,0.18359375,0.32454354741222363,0.6754564525877764
liu2019-stress-free-period-map-v2,f0.2_chiN25,0.2,25.0,liu2019_opf,OPF (force/stress mapped),2.8833135996581065,49,256,0.1875,0.31322303119855227,0.6867769688014478
liu2019-stress-free-period-map-v2,f0.2_chiN25,0.2,25.0,liu2019_opf,OPF (force/stress mapped),2.8833135996581065,50,256,0.19140625,0.30188876355068944,0.6981112364493105
liu2019-stress-free-period-map-v2,f0.2_chiN25,0.2,25.0,liu2019_opf,OPF (force/stress mapped),2.8833135996581065,51,256,0.1953125,0.29055443832652933,0.7094455616734707
liu2019-stress-free-period-map-v2,f0.2_chiN25,0.2,25.0,liu2019_opf,OPF (force/stress mapped),2.8833135996581065,52,256,0.19921875,0.2792336213155263,0.7207663786844737
liu2019-stress-free-period-map-v2,f0.2_chiN25,0.2,25.0,liu2019_opf,OPF (force/stress mapped),2.8833135996581065,53,256,0.203125,0.2679397014772267,0.7320602985227733
liu2019-stress-free-period-map-v2,f0.2_chiN25,0.2,25.0,liu2019_opf,OPF (force/stress mapped),2.8833135996581065,54,256,0.20703125,0.25668584411276646,0.7433141558872336
liu2019-stress-free-period-map-v2,f0.2_chiN25,0.2,25.0,liu2019_opf,OPF (force/stress mapped),2.8833135996581065,55,256,0.2109375,0.24548494424237885,0.7545150557576211
liu2019-stress-free-period-map-v2,f0.2_chiN25,0.2,25.0,liu2019_opf,OPF (force/stress mapped),2.8833135996581065,56,256,0.21484375,0.23434958324440255,0.7656504167555974
liu2019-stress-free-period-map-v2,f0.2_chiN25,0.2,25.0,liu2019_opf,OPF (force/stress mapped),2.8833135996581065,57,256,0.21875,0.22329198698497613,0.7767080130150239
liu2019-stress-free-period-map-v2,f0.2_chiN25,0.2,25.0,liu2019_opf,OPF (force/stress mapped),2.8833135996581065,58,256,0.22265625,0.21232398728762714,0.7876760127123729
liu2019-stress-free-period-map-v2,f0.2_chiN25,0.2,25.0,liu2019_opf,OPF (force/stress mapped),2.8833135996581065,59,256,0.2265625,0.20145698463420866,0.7985430153657913
liu2019-stress-free-period-map-v2,f0.2_chiN25,0.2,25.0,liu2019_opf,OPF (force/stress mapped),2.8833135996581065,60,256,0.23046875,0.1907019155093925,0.8092980844906075
liu2019-stress-free-period-map-v2,f0.2_chiN25,0.2,25.0,liu2019_opf,OPF (force/stress mapped),2.8833135996581065,61,256,0.234375,0.1800692217629806,0.8199307782370194
liu2019-stress-free-period-map-v2,f0.2_chiN25,0.2,25.0,liu2019_opf,OPF (force/stress mapped),2.8833135996581065,62,256,0.23828125,0.16956882506054652,0.8304311749394535
liu2019-stress-free-period-map-v2,f0.2_chiN25,0.2,25.0,liu2019_opf,OPF (force/stress mapped),2.8833135996581065,63,256,0.2421875,0.15921010332605495,0.8407898966739451
liu2019-stress-free-period-map-v2,f0.2_chiN25,0.2,25.0,liu2019_opf,OPF (force/stress mapped),2.8833135996581065,64,256,0.24609375,0.14900187174102092,0.8509981282589791
liu2019-stress-free-period-map-v2,f0.2_chiN25,0.2,25.0,liu2019_opf,OPF (force/stress mapped),2.8833135996581065,65,256,0.25,0.13895236682969458,0.8610476331703054
liu2019-stress-free-period-map-v2,f0.2_chiN25,0.2,25.0,liu2019_opf,OPF (force/stress mapped),2.8833135996581065,66,256,0.25390625,0.12906923518445343,0.8709307648155465
liu2019-stress-free-period-map-v2,f0.2_chiN25,0.2,25.0,liu2019_opf,OPF (force/stress mapped),2.8833135996581065,67,256,0.2578125,0.11935952484903738,0.8806404751509627
liu2019-stress-free-period-map-v2,f0.2_chiN25,0.2,25.0,liu2019_opf,OPF (force/stress mapped),2.8833135996581065,68,256,0.26171875,0.10982968123459391,0.8901703187654061
liu2019-stress-free-period-map-v2,f0.2_chiN25,0.2,25.0,liu2019_opf,OPF (force/stress mapped),2.8833135996581065,69,256,0.265625,0.10048554500973585,0.8995144549902642
liu2019-stress-free-period-map-v2,f0.2_chiN25,0.2,25.0,liu2019_opf,OPF (force/stress mapped),2.8833135996581065,70,256,0.26953125,0.09133235518757042,0.9086676448124296
liu2019-stress-free-period-map-v2,f0.2_chiN25,0.2,25.0,liu2019_opf,OPF (force/stress mapped),2.8833135996581065,71,256,0.2734375,0.08237475448687609,0.917625245513124
liu2019-stress-free-period-map-v2,f0.2_chiN25,0.2,25.0,liu2019_opf,OPF (force/stress mapped),2.8833135996581065,72,256,0.27734375,0.07361679823611245,0.9263832017638876
liu2019-stress-free-period-map-v2,f0.2_chiN25,0.2,25.0,liu2019_opf,OPF (force/stress mapped),2.8833135996581065,73,256,0.28125,0.06506196377478399,0.934938036225216
liu2019-stress-free-period-map-v2,f0.2_chiN25,0.2,25.0,liu2019_opf,OPF (force/stress mapped),2.8833135996581065,74,256,0.28515625,0.05671316482246441,0.9432868351775356
liu2019-stress-free-period-map-v2,f0.2_chiN25,0.2,25.0,liu2019_opf,OPF (force/stress mapped),2.8833135996581065,75,256,0.2890625,0.048572767556830765,0.9514272324431692
liu2019-stress-free-period-map-v2,f0.2_chiN25,0.2,25.0,liu2019_opf,OPF (force/stress mapped),2.8833135996581065,76,256,0.29296875,0.04064260941842224,0.9593573905815778
liu2019-stress-free-period-map-v2,f0.2_chiN25,0.2,25.0,liu2019_opf,OPF (force/stress mapped),2.8833135996581065,77,256,0.296875,0.03292401744861495,0.967075982551385
liu2019-stress-free-period-map-v2,f0.2_chiN25,0.2,25.0,liu2019_opf,OPF (force/stress mapped),2.8833135996581065,78,256,0.30078125,0.025417829871164366,0.9745821701288356
liu2019-stress-free-period-map-v2,f0.2_chiN25,0.2,25.0,liu2019_opf,OPF (force/stress mapped),2.8833135996581065,79,256,0.3046875,0.018124418929654607,0.9818755810703454
liu2019-stress-free-period-map-v2,f0.2_chiN25,0.2,25.0,liu2019_opf,OPF (force/stress mapped),2.8833135996581065,80,256,0.30859375,0.011043715365394419,0.9889562846346056
liu2019-stress-free-period-map-v2,f0.2_chiN25,0.2,25.0,liu2019_opf,OPF (force/stress mapped),2.8833135996581065,81,256,0.3125,0.004175231789312672,0.9958247682106873
liu2019-stress-free-period-map-v2,f0.2_chiN25,0.2,25.0,liu2019_opf,OPF (force/stress mapped),2.8833135996581065,82,256,0.31640625,-0.0024819119355984076,1.0024819119355983
liu2019-stress-free-period-map-v2,f0.2_chiN25,0.2,25.0,liu2019_opf,OPF (force/stress mapped),2.8833135996581065,83,256,0.3203125,-0.008928962519850148,1.00892896251985
liu2019-stress-free-period-map-v2,f0.2_chiN25,0.2,25.0,liu2019_opf,OPF (force/stress mapped),2.8833135996581065,84,256,0.32421875,-0.015167506751027987,1.015167506751028
liu2019-stress-free-period-map-v2,f0.2_chiN25,0.2,25.0,liu2019_opf,OPF (force/stress mapped),2.8833135996581065,85,256,0.328125,-0.021199447043780573,1.0211994470437806
liu2019-stress-free-period-map-v2,f0.2_chiN25,0.2,25.0,liu2019_opf,OPF (force/stress mapped),2.8833135996581065,86,256,0.33203125,-0.027026975481193316,1.0270269754811934
liu2019-stress-free-period-map-v2,f0.2_chiN25,0.2,25.0,liu2019_opf,OPF (force/stress mapped),2.8833135996581065,87,256,0.3359375,-0.03265254779567714,1.0326525477956772
liu2019-stress-free-period-map-v2,f0.2_chiN25,0.2,25.0,liu2019_opf,OPF (force/stress mapped),2.8833135996581065,88,256,0.33984375,-0.038078857081698864,1.0380788570816988
liu2019-stress-free-period-map-v2,f0.2_chiN25,0.2,25.0,liu2019_opf,OPF (force/stress mapped),2.8833135996581065,89,256,0.34375,-0.04330881027433228,1.0433088102743322
liu2019-stress-free-period-map-v2,f0.2_chiN25,0.2,25.0,liu2019_opf,OPF (force/stress mapped),2.8833135996581065,90,256,0.34765625,-0.048345504178103016,1.0483455041781031
liu2019-stress-free-period-map-v2,f0.2_chiN25,0.2,25.0,liu2019_opf,OPF (force/stress mapped),2.8833135996581065,91,256,0.3515625,-0.05319220220613041,1.0531922022061304
liu2019-stress-free-period-map-v2,f0.2_chiN25,0.2,25.0,liu2019_opf,OPF (force/stress mapped),2.8833135996581065,92,256,0.35546875,-0.05785231057319756,1.0578523105731976
liu2019-stress-free-period-map-v2,f0.2_chiN25,0.2,25.0,liu2019_opf,OPF (force/stress mapped),2.8833135996581065,93,256,0.359375,-0.06232935711148507,1.0623293571114851
liu2019-stress-free-period-map-v2,f0.2_chiN25,0.2,25.0,liu2019_opf,OPF (force/stress mapped),2.8833135996581065,94,256,0.36328125,-0.06662697028882147,1.0666269702888216
liu2019-stress-free-period-map-v2,f0.2_chiN25,0.2,25.0,liu2019_opf,OPF (force/stress mapped),2.8833135996581065,95,256,0.3671875,-0.07074886002511155,1.0707488600251116
liu2019-stress-free-period-map-v2,f0.2_chiN25,0.2,25.0,liu2019_opf,OPF (force/stress mapped),2.8833135996581065,96,256,0.37109375,-0.07469879695985088,1.074698796959851
liu2019-stress-free-period-map-v2,f0.2_chiN25,0.2,25.0,liu2019_opf,OPF (force/stress mapped),2.8833135996581065,97,256,0.375,-0.0784805949823687,1.0784805949823686
liu2019-stress-free-period-map-v2,f0.2_chiN25,0.2,25.0,liu2019_opf,OPF (force/stress mapped),2.8833135996581065,98,256,0.37890625,-0.08209809402241519,1.0820980940224152
liu2019-stress-free-period-map-v2,f0.2_chiN25,0.2,25.0,liu2019_opf,OPF (force/stress mapped),2.8833135996581065,99,256,0.3828125,-0.08555514496647443,1.0855551449664744
liu2019-stress-free-period-map-v2,f0.2_chiN25,0.2,25.0,liu2019_opf,OPF (force/stress mapped),2.8833135996581065,100,256,0.38671875,-0.08885559264334258,1.0888555926433425
liu2019-stress-free-period-map-v2,f0.2_chiN25,0.2,25.0,liu2019_opf,OPF (force/stress mapped),2.8833135996581065,101,256,0.390625,-0.09200326151377386,1.0920032615137738
liu2019-stress-free-period-map-v2,f0.2_chiN25,0.2,25.0,liu2019_opf,OPF (force/stress mapped),2.8833135996581065,102,256,0.39453125,-0.09500194251260002,1.0950019425126
liu2019-stress-free-period-map-v2,f0.2_chiN25,0.2,25.0,liu2019_opf,OPF (force/stress mapped),2.8833135996581065,103,256,0.3984375,-0.09785538188599407,1.097855381885994
liu2019-stress-free-period-map-v2,f0.2_chiN25,0.2,25.0,liu2019_opf,OPF (force/stress mapped),2.8833135996581065,104,256,0.40234375,-0.10056726809516436,1.1005672680951644
liu2019-stress-free-period-map-v2,f0.2_chiN25,0.2,25.0,liu2019_opf,OPF (force/stress mapped),2.8833135996581065,105,256,0.40625,-0.10314122030613149,1.1031412203061315
liu2019-stress-free-period-map-v2,f0.2_chiN25,0.2,25.0,liu2019_opf,OPF (force/stress mapped),2.8833135996581065,106,256,0.41015625,-0.10558077840005159,1.1055807784000515
liu2019-stress-free-period-map-v2,f0.2_chiN25,0.2,25.0,liu2019_opf,OPF (force/stress mapped),2.8833135996581065,107,256,0.4140625,-0.10788939527170338,1.1078893952717035
liu2019-stress-free-period-map-v2,f0.2_chiN25,0.2,25.0,liu2019_opf,OPF (force/stress mapped),2.8833135996581065,108,256,0.41796875,-0.11007042730579486,1.1100704273057949
liu2019-stress-free-period-map-v2,f0.2_chiN25,0.2,25.0,liu2019_opf,OPF (force/stress mapped),2.8833135996581065,109,256,0.421875,-0.11212712583767054,1.1121271258376706
liu2019-stress-free-period-map-v2,f0.2_chiN25,0.2,25.0,liu2019_opf,OPF (force/stress mapped),2.8833135996581065,110,256,0.42578125,-0.11406262948015866,1.1140626294801588
liu2019-stress-free-period-map-v2,f0.2_chiN25,0.2,25.0,liu2019_opf,OPF (force/stress mapped),2.8833135996581065,111,256,0.4296875,-0.11587995904999615,1.1158799590499962
liu2019-stress-free-period-map-v2,f0.2_chiN25,0.2,25.0,liu2019_opf,OPF (force/stress mapped),2.8833135996581065,112,256,0.43359375,-0.11758201078896174,1.1175820107889618
liu2019-stress-free-period-map-v2,f0.2_chiN25,0.2,25.0,liu2019_opf,OPF (force/stress mapped),2.8833135996581065,113,256,0.4375,-0.11917155077507463,1.1191715507750746
liu2019-stress-free-period-map-v2,f0.2_chiN25,0.2,25.0,liu2019_opf,OPF (force/stress mapped),2.8833135996581065,114,256,0.44140625,-0.12065120911059501,1.1206512091105951
liu2019-stress-free-period-map-v2,f0.2_chiN25,0.2,25.0,liu2019_opf,OPF (force/stress mapped),2.8833135996581065,115,256,0.4453125,-0.12202347637435168,1.1220234763743517
liu2019-stress-free-period-map-v2,f0.2_chiN25,0.2,25.0,liu2019_opf,OPF (force/stress mapped),2.8833135996581065,116,256,0.44921875,-0.1232906990277185,1.1232906990277185
liu2019-stress-free-period-map-v2,f0.2_chiN25,0.2,25.0,liu2019_opf,OPF (force/stress mapped),2.8833135996581065,117,256,0.453125,-0.12445507613982842,1.1244550761398284
liu2019-stress-free-period-map-v2,f0.2_chiN25,0.2,25.0,liu2019_opf,OPF (force/stress mapped),2.8833135996581065,118,256,0.45703125,-0.12551865538694162,1.1255186553869416
liu2019-stress-free-period-map-v2,f0.2_chiN25,0.2,25.0,liu2019_opf,OPF (force/stress mapped),2.8833135996581065,119,256,0.4609375,-0.12648333072801976,1.1264833307280198
liu2019-stress-free-period-map-v2,f0.2_chiN25,0.2,25.0,liu2019_opf,OPF (force/stress mapped),2.8833135996581065,120,256,0.46484375,-0.12735083922065332,1.1273508392206533
liu2019-stress-free-period-map-v2,f0.2_chiN25,0.2,25.0,liu2019_opf,OPF (force/stress mapped),2.8833135996581065,121,256,0.46875,-0.12812275944080764,1.1281227594408076
liu2019-stress-free-period-map-v2,f0.2_chiN25,0.2,25.0,liu2019_opf,OPF (force/stress mapped),2.8833135996581065,122,256,0.47265625,-0.12880050854253083,1.1288005085425308
liu2019-stress-free-period-map-v2,f0.2_chiN25,0.2,25.0,liu2019_opf,OPF (force/stress mapped),2.8833135996581065,123,256,0.4765625,-0.1293853412554833,1.1293853412554833
liu2019-stress-free-period-map-v2,f0.2_chiN25,0.2,25.0,liu2019_opf,OPF (force/stress mapped),2.8833135996581065,124,256,0.48046875,-0.12987834760081052,1.1298783476008105
liu2019-stress-free-period-map-v2,f0.2_chiN25,0.2,25.0,liu2019_opf,OPF (force/stress mapped),2.8833135996581065,125,256,0.484375,-0.1302804522184019,1.1302804522184018
liu2019-stress-free-period-map-v2,f0.2_chiN25,0.2,25.0,liu2019_opf,OPF (force/stress mapped),2.8833135996581065,126,256,0.48828125,-0.1305924127845734,1.1305924127845735
liu2019-stress-free-period-map-v2,f0.2_chiN25,0.2,25.0,liu2019_opf,OPF (force/stress mapped),2.8833135996581065,127,256,0.4921875,-0.13081481972087222,1.1308148197208723
liu2019-stress-free-period-map-v2,f0.2_chiN25,0.2,25.0,liu2019_opf,OPF (force/stress mapped),2.8833135996581065,128,256,0.49609375,-0.13094809488999992,1.13094809489
liu2019-stress-free-period-map-v2,f0.2_chiN25,0.2,25.0,liu2019_opf,OPF (force/stress mapped),2.8833135996581065,129,256,0.5,-0.13099249181935524,1.1309924918193552
liu2019-stress-free-period-map-v2,f0.2_chiN25,0.2,25.0,liu2019_opf,OPF (force/stress mapped),2.8833135996581065,130,256,0.50390625,-0.13094809488999992,1.13094809489
liu2019-stress-free-period-map-v2,f0.2_chiN25,0.2,25.0,liu2019_opf,OPF (force/stress mapped),2.8833135996581065,131,256,0.5078125,-0.13081481972087222,1.1308148197208723
liu2019-stress-free-period-map-v2,f0.2_chiN25,0.2,25.0,liu2019_opf,OPF (force/stress mapped),2.8833135996581065,132,256,0.51171875,-0.1305924127845734,1.1305924127845735
liu2019-stress-free-period-map-v2,f0.2_chiN25,0.2,25.0,liu2019_opf,OPF (force/stress mapped),2.8833135996581065,133,256,0.515625,-0.1302804522184019,1.1302804522184018
liu2019-stress-free-period-map-v2,f0.2_chiN25,0.2,25.0,liu2019_opf,OPF (force/stress mapped),2.8833135996581065,134,256,0.51953125,-0.12987834760081052,1.1298783476008105
liu2019-stress-free-period-map-v2,f0.2_chiN25,0.2,25.0,liu2019_opf,OPF (force/stress mapped),2.8833135996581065,135,256,0.5234375,-0.1293853412554833,1.1293853412554833
liu2019-stress-free-period-map-v2,f0.2_chiN25,0.2,25.0,liu2019_opf,OPF (force/stress mapped),2.8833135996581065,136,256,0.52734375,-0.12880050854253083,1.1288005085425308
liu2019-stress-free-period-map-v2,f0.2_chiN25,0.2,25.0,liu2019_opf,OPF (force/stress mapped),2.8833135996581065,137,256,0.53125,-0.12812275944080764,1.1281227594408076
liu2019-stress-free-period-map-v2,f0.2_chiN25,0.2,25.0,liu2019_opf,OPF (force/stress mapped),2.8833135996581065,138,256,0.53515625,-0.12735083922065332,1.1273508392206533
liu2019-stress-free-period-map-v2,f0.2_chiN25,0.2,25.0,liu2019_opf,OPF (force/stress mapped),2.8833135996581065,139,256,0.5390625,-0.12648333072801976,1.1264833307280198
liu2019-stress-free-period-map-v2,f0.2_chiN25,0.2,25.0,liu2019_opf,OPF (force/stress mapped),2.8833135996581065,140,256,0.54296875,-0.12551865538694162,1.1255186553869416
liu2019-stress-free-period-map-v2,f0.2_chiN25,0.2,25.0,liu2019_opf,OPF (force/stress mapped),2.8833135996581065,141,256,0.546875,-0.12445507613982842,1.1244550761398284
liu2019-stress-free-period-map-v2,f0.2_chiN25,0.2,25.0,liu2019_opf,OPF (force/stress mapped),2.8833135996581065,142,256,0.55078125,-0.1232906990277185,1.1232906990277185
liu2019-stress-free-period-map-v2,f0.2_chiN25,0.2,25.0,liu2019_opf,OPF (force/stress mapped),2.8833135996581065,143,256,0.5546875,-0.12202347637435168,1.1220234763743517
liu2019-stress-free-period-map-v2,f0.2_chiN25,0.2,25.0,liu2019_opf,OPF (force/stress mapped),2.8833135996581065,144,256,0.55859375,-0.12065120911059501,1.1206512091105951
liu2019-stress-free-period-map-v2,f0.2_chiN25,0.2,25.0,liu2019_opf,OPF (force/stress mapped),2.8833135996581065,145,256,0.5625,-0.11917155077507463,1.1191715507750746
liu2019-stress-free-period-map-v2,f0.2_chiN25,0.2,25.0,liu2019_opf,OPF (force/stress mapped),2.8833135996581065,146,256,0.56640625,-0.11758201078896174,1.1175820107889618
liu2019-stress-free-period-map-v2,f0.2_chiN25,0.2,25.0,liu2019_opf,OPF (force/stress mapped),2.8833135996581065,147,256,0.5703125,-0.11587995904999615,1.1158799590499962
liu2019-stress-free-period-map-v2,f0.2_chiN25,0.2,25.0,liu2019_opf,OPF (force/stress mapped),2.8833135996581065,148,256,0.57421875,-0.11406262948015866,1.1140626294801588
liu2019-stress-free-period-map-v2,f0.2_chiN25,0.2,25.0,liu2019_opf,OPF (force/stress mapped),2.8833135996581065,149,256,0.578125,-0.11212712583767054,1.1121271258376706
liu2019-stress-free-period-map-v2,f0.2_chiN25,0.2,25.0,liu2019_opf,OPF (force/stress mapped),2.8833135996581065,150,256,0.58203125,-0.11007042730579486,1.1100704273057949
liu2019-stress-free-period-map-v2,f0.2_chiN25,0.2,25.0,liu2019_opf,OPF (force/stress mapped),2.8833135996581065,151,256,0.5859375,-0.10788939527170338,1.1078893952717035
liu2019-stress-free-period-map-v2,f0.2_chiN25,0.2,25.0,liu2019_opf,OPF (force/stress mapped),2.8833135996581065,152,256,0.58984375,-0.10558077840005159,1.1055807784000515
liu2019-stress-free-period-map-v2,f0.2_chiN25,0.2,25.0,liu2019_opf,OPF (force/stress mapped),2.8833135996581065,153,256,0.59375,-0.10314122030613149,1.1031412203061315
liu2019-stress-free-period-map-v2,f0.2_chiN25,0.2,25.0,liu2019_opf,OPF (force/stress mapped),2.8833135996581065,154,256,0.59765625,-0.10056726809516436,1.1005672680951644
liu2019-stress-free-period-map-v2,f0.2_chiN25,0.2,25.0,liu2019_opf,OPF (force/stress mapped),2.8833135996581065,155,256,0.6015625,-0.09785538188599407,1.097855381885994
liu2019-stress-free-period-map-v2,f0.2_chiN25,0.2,25.0,liu2019_opf,OPF (force/stress mapped),2.8833135996581065,156,256,0.60546875,-0.09500194251260002,1.0950019425126
liu2019-stress-free-period-map-v2,f0.2_chiN25,0.2,25.0,liu2019_opf,OPF (force/stress mapped),2.8833135996581065,157,256,0.609375,-0.09200326151377386,1.0920032615137738
liu2019-stress-free-period-map-v2,f0.2_chiN25,0.2,25.0,liu2019_opf,OPF (force/stress mapped),2.8833135996581065,158,256,0.61328125,-0.08885559264334258,1.0888555926433425
liu2019-stress-free-period-map-v2,f0.2_chiN25,0.2,25.0,liu2019_opf,OPF (force/stress mapped),2.8833135996581065,159,256,0.6171875,-0.08555514496647443,1.0855551449664744
liu2019-stress-free-period-map-v2,f0.2_chiN25,0.2,25.0,liu2019_opf,OPF (force/stress mapped),2.8833135996581065,160,256,0.62109375,-0.08209809402241519,1.0820980940224152
liu2019-stress-free-period-map-v2,f0.2_chiN25,0.2,25.0,liu2019_opf,OPF (force/stress mapped),2.8833135996581065,161,256,0.625,-0.0784805949823687,1.0784805949823686
liu2019-stress-free-period-map-v2,f0.2_chiN25,0.2,25.0,liu2019_opf,OPF (force/stress mapped),2.8833135996581065,162,256,0.62890625,-0.07469879695985088,1.074698796959851
liu2019-stress-free-period-map-v2,f0.2_chiN25,0.2,25.0,liu2019_opf,OPF (force/stress mapped),2.8833135996581065,163,256,0.6328125,-0.07074886002511155,1.0707488600251116
liu2019-stress-free-period-map-v2,f0.2_chiN25,0.2,25.0,liu2019_opf,OPF (force/stress mapped),2.8833135996581065,164,256,0.63671875,-0.06662697028882147,1.0666269702888216
liu2019-stress-free-period-map-v2,f0.2_chiN25,0.2,25.0,liu2019_opf,OPF (force/stress mapped),2.8833135996581065,165,256,0.640625,-0.06232935711148507,1.0623293571114851
liu2019-stress-free-period-map-v2,f0.2_chiN25,0.2,25.0,liu2019_opf,OPF (force/stress mapped),2.8833135996581065,166,256,0.64453125,-0.05785231057319756,1.0578523105731976
liu2019-stress-free-period-map-v2,f0.2_chiN25,0.2,25.0,liu2019_opf,OPF (force/stress mapped),2.8833135996581065,167,256,0.6484375,-0.05319220220613041,1.0531922022061304
liu2019-stress-free-period-map-v2,f0.2_chiN25,0.2,25.0,liu2019_opf,OPF (force/stress mapped),2.8833135996581065,168,256,0.65234375,-0.048345504178103016,1.0483455041781031
liu2019-stress-free-period-map-v2,f0.2_chiN25,0.2,25.0,liu2019_opf,OPF (force/stress mapped),2.8833135996581065,169,256,0.65625,-0.04330881027433228,1.0433088102743322
liu2019-stress-free-period-map-v2,f0.2_chiN25,0.2,25.0,liu2019_opf,OPF (force/stress mapped),2.8833135996581065,170,256,0.66015625,-0.038078857081698864,1.0380788570816988
liu2019-stress-free-period-map-v2,f0.2_chiN25,0.2,25.0,liu2019_opf,OPF (force/stress mapped),2.8833135996581065,171,256,0.6640625,-0.03265254779567714,1.0326525477956772
liu2019-stress-free-period-map-v2,f0.2_chiN25,0.2,25.0,liu2019_opf,OPF (force/stress mapped),2.8833135996581065,172,256,0.66796875,-0.027026975481193316,1.0270269754811934
liu2019-stress-free-period-map-v2,f0.2_chiN25,0.2,25.0,liu2019_opf,OPF (force/stress mapped),2.8833135996581065,173,256,0.671875,-0.021199447043780573,1.0211994470437806
liu2019-stress-free-period-map-v2,f0.2_chiN25,0.2,25.0,liu2019_opf,OPF (force/stress mapped),2.8833135996581065,174,256,0.67578125,-0.015167506751027987,1.015167506751028
liu2019-stress-free-period-map-v2,f0.2_chiN25,0.2,25.0,liu2019_opf,OPF (force/stress mapped),2.8833135996581065,175,256,0.6796875,-0.008928962519850148,1.00892896251985
liu2019-stress-free-period-map-v2,f0.2_chiN25,0.2,25.0,liu2019_opf,OPF (force/stress mapped),2.8833135996581065,176,256,0.68359375,-0.0024819119355984076,1.0024819119355983
liu2019-stress-free-period-map-v2,f0.2_chiN25,0.2,25.0,liu2019_opf,OPF (force/stress mapped),2.8833135996581065,177,256,0.6875,0.004175231789312672,0.9958247682106873
liu2019-stress-free-period-map-v2,f0.2_chiN25,0.2,25.0,liu2019_opf,OPF (force/stress mapped),2.8833135996581065,178,256,0.69140625,0.011043715365394419,0.9889562846346056
liu2019-stress-free-period-map-v2,f0.2_chiN25,0.2,25.0,liu2019_opf,OPF (force/stress mapped),2.8833135996581065,179,256,0.6953125,0.018124418929654607,0.9818755810703454
liu2019-stress-free-period-map-v2,f0.2_chiN25,0.2,25.0,liu2019_opf,OPF (force/stress mapped),2.8833135996581065,180,256,0.69921875,0.025417829871164366,0.9745821701288356
liu2019-stress-free-period-map-v2,f0.2_chiN25,0.2,25.0,liu2019_opf,OPF (force/stress mapped),2.8833135996581065,181,256,0.703125,0.03292401744861495,0.967075982551385
liu2019-stress-free-period-map-v2,f0.2_chiN25,0.2,25.0,liu2019_opf,OPF (force/stress mapped),2.8833135996581065,182,256,0.70703125,0.04064260941842224,0.9593573905815778
liu2019-stress-free-period-map-v2,f0.2_chiN25,0.2,25.0,liu2019_opf,OPF (force/stress mapped),2.8833135996581065,183,256,0.7109375,0.048572767556830765,0.9514272324431692
liu2019-stress-free-period-map-v2,f0.2_chiN25,0.2,25.0,liu2019_opf,OPF (force/stress mapped),2.8833135996581065,184,256,0.71484375,0.05671316482246441,0.9432868351775356
liu2019-stress-free-period-map-v2,f0.2_chiN25,0.2,25.0,liu2019_opf,OPF (force/stress mapped),2.8833135996581065,185,256,0.71875,0.06506196377478399,0.934938036225216
liu2019-stress-free-period-map-v2,f0.2_chiN25,0.2,25.0,liu2019_opf,OPF (force/stress mapped),2.8833135996581065,186,256,0.72265625,0.07361679823611245,0.9263832017638876
liu2019-stress-free-period-map-v2,f0.2_chiN25,0.2,25.0,liu2019_opf,OPF (force/stress mapped),2.8833135996581065,187,256,0.7265625,0.08237475448687609,0.917625245513124
liu2019-stress-free-period-map-v2,f0.2_chiN25,0.2,25.0,liu2019_opf,OPF (force/stress mapped),2.8833135996581065,188,256,0.73046875,0.09133235518757042,0.9086676448124296
liu2019-stress-free-period-map-v2,f0.2_chiN25,0.2,25.0,liu2019_opf,OPF (force/stress mapped),2.8833135996581065,189,256,0.734375,0.10048554500973585,0.8995144549902642
liu2019-stress-free-period-map-v2,f0.2_chiN25,0.2,25.0,liu2019_opf,OPF (force/stress mapped),2.8833135996581065,190,256,0.73828125,0.10982968123459391,0.8901703187654061
liu2019-stress-free-period-map-v2,f0.2_chiN25,0.2,25.0,liu2019_opf,OPF (force/stress mapped),2.8833135996581065,191,256,0.7421875,0.11935952484903738,0.8806404751509627
liu2019-stress-free-period-map-v2,f0.2_chiN25,0.2,25.0,liu2019_opf,OPF (force/stress mapped),2.8833135996581065,192,256,0.74609375,0.12906923518445343,0.8709307648155465
liu2019-stress-free-period-map-v2,f0.2_chiN25,0.2,25.0,liu2019_opf,OPF (force/stress mapped),2.8833135996581065,193,256,0.75,0.13895236682969458,0.8610476331703054
liu2019-stress-free-period-map-v2,f0.2_chiN25,0.2,25.0,liu2019_opf,OPF (force/stress mapped),2.8833135996581065,194,256,0.75390625,0.14900187174102092,0.8509981282589791
liu2019-stress-free-period-map-v2,f0.2_chiN25,0.2,25.0,liu2019_opf,OPF (force/stress mapped),2.8833135996581065,195,256,0.7578125,0.15921010332605495,0.8407898966739451
liu2019-stress-free-period-map-v2,f0.2_chiN25,0.2,25.0,liu2019_opf,OPF (force/stress mapped),2.8833135996581065,196,256,0.76171875,0.16956882506054652,0.8304311749394535
liu2019-stress-free-period-map-v2,f0.2_chiN25,0.2,25.0,liu2019_opf,OPF (force/stress mapped),2.8833135996581065,197,256,0.765625,0.1800692217629806,0.8199307782370194
liu2019-stress-free-period-map-v2,f0.2_chiN25,0.2,25.0,liu2019_opf,OPF (force/stress mapped),2.8833135996581065,198,256,0.76953125,0.1907019155093925,0.8092980844906075
liu2019-stress-free-period-map-v2,f0.2_chiN25,0.2,25.0,liu2019_opf,OPF (force/stress mapped),2.8833135996581065,199,256,0.7734375,0.20145698463420866,0.7985430153657913
liu2019-stress-free-period-map-v2,f0.2_chiN25,0.2,25.0,liu2019_opf,OPF (force/stress mapped),2.8833135996581065,200,256,0.77734375,0.21232398728762714,0.7876760127123729
liu2019-stress-free-period-map-v2,f0.2_chiN25,0.2,25.0,liu2019_opf,OPF (force/stress mapped),2.8833135996581065,201,256,0.78125,0.22329198698497613,0.7767080130150239
liu2019-stress-free-period-map-v2,f0.2_chiN25,0.2,25.0,liu2019_opf,OPF (force/stress mapped),2.8833135996581065,202,256,0.78515625,0.23434958324440255,0.7656504167555974
liu2019-stress-free-period-map-v2,f0.2_chiN25,0.2,25.0,liu2019_opf,OPF (force/stress mapped),2.8833135996581065,203,256,0.7890625,0.24548494424237885,0.7545150557576211
liu2019-stress-free-period-map-v2,f0.2_chiN25,0.2,25.0,liu2019_opf,OPF (force/stress mapped),2.8833135996581065,204,256,0.79296875,0.25668584411276646,0.7433141558872336
liu2019-stress-free-period-map-v2,f0.2_chiN25,0.2,25.0,liu2019_opf,OPF (force/stress mapped),2.8833135996581065,205,256,0.796875,0.2679397014772267,0.7320602985227733
liu2019-stress-free-period-map-v2,f0.2_chiN25,0.2,25.0,liu2019_opf,OPF (force/stress mapped),2.8833135996581065,206,256,0.80078125,0.2792336213155263,0.7207663786844737
liu2019-stress-free-period-map-v2,f0.2_chiN25,0.2,25.0,liu2019_opf,OPF (force/stress mapped),2.8833135996581065,207,256,0.8046875,0.29055443832652933,0.7094455616734707
liu2019-stress-free-period-map-v2,f0.2_chiN25,0.2,25.0,liu2019_opf,OPF (force/stress mapped),2.8833135996581065,208,256,0.80859375,0.30188876355068944,0.6981112364493105
liu2019-stress-free-period-map-v2,f0.2_chiN25,0.2,25.0,liu2019_opf,OPF (force/stress mapped),2.8833135996581065,209,256,0.8125,0.31322303119855227,0.6867769688014478
liu2019-stress-free-period-map-v2,f0.2_chiN25,0.2,25.0,liu2019_opf,OPF (force/stress mapped),2.8833135996581065,210,256,0.81640625,0.32454354741222363,0.6754564525877764
liu2019-stress-free-period-map-v2,f0.2_chiN25,0.2,25.0,liu2019_opf,OPF (force/stress mapped),2.8833135996581065,211,256,0.8203125,0.33583653878759867,0.6641634612124013
liu2019-stress-free-period-map-v2,f0.2_chiN25,0.2,25.0,liu2019_opf,OPF (force/stress mapped),2.8833135996581065,212,256,0.82421875,0.34708820232813464,0.6529117976718654
liu2019-stress-free-period-map-v2,f0.2_chiN25,0.2,25.0,liu2019_opf,OPF (force/stress mapped),2.8833135996581065,213,256,0.828125,0.3582847532095753,0.6417152467904247
liu2019-stress-free-period-map-v2,f0.2_chiN25,0.2,25.0,liu2019_opf,OPF (force/stress mapped),2.8833135996581065,214,256,0.83203125,0.3694124740695349,0.6305875259304651
liu2019-stress-free-period-map-v2,f0.2_chiN25,0.2,25.0,liu2019_opf,OPF (force/stress mapped),2.8833135996581065,215,256,0.8359375,0.38045776155260447,0.6195422384473955
liu2019-stress-free-period-map-v2,f0.2_chiN25,0.2,25.0,liu2019_opf,OPF (force/stress mapped),2.8833135996581065,216,256,0.83984375,0.39140717308057066,0.6085928269194294
liu2019-stress-free-period-map-v2,f0.2_chiN25,0.2,25.0,liu2019_opf,OPF (force/stress mapped),2.8833135996581065,217,256,0.84375,0.40224747009090317,0.5977525299090969
liu2019-stress-free-period-map-v2,f0.2_chiN25,0.2,25.0,liu2019_opf,OPF (force/stress mapped),2.8833135996581065,218,256,0.84765625,0.41296566003170887,0.5870343399682911
liu2019-stress-free-period-map-v2,f0.2_chiN25,0.2,25.0,liu2019_opf,OPF (force/stress mapped),2.8833135996581065,219,256,0.8515625,0.42354903479712236,0.5764509652028776
liu2019-stress-free-period-map-v2,f0.2_chiN25,0.2,25.0,liu2019_opf,OPF (force/stress mapped),2.8833135996581065,220,256,0.85546875,0.4339852078628835,0.5660147921371165
liu2019-stress-free-period-map-v2,f0.2_chiN25,0.2,25.0,liu2019_opf,OPF (force/stress mapped),2.8833135996581065,221,256,0.859375,0.44426214737795044,0.5557378526220496
liu2019-stress-free-period-map-v2,f0.2_chiN25,0.2,25.0,liu2019_opf,OPF (force/stress mapped),2.8833135996581065,222,256,0.86328125,0.4543682066266295,0.5456317933733705
liu2019-stress-free-period-map-v2,f0.2_chiN25,0.2,25.0,liu2019_opf,OPF (force/stress mapped),2.8833135996581065,223,256,0.8671875,0.46429214978153177,0.5357078502184682
liu2019-stress-free-period-map-v2,f0.2_chiN25,0.2,25.0,liu2019_opf,OPF (force/stress mapped),2.8833135996581065,224,256,0.87109375,0.47402317525918064,0.5259768247408194
liu2019-stress-free-period-map-v2,f0.2_chiN25,0.2,25.0,liu2019_opf,OPF (force/stress mapped),2.8833135996581065,225,256,0.875,0.4835509342130834,0.5164490657869165
liu2019-stress-free-period-map-v2,f0.2_chiN25,0.2,25.0,liu2019_opf,OPF (force/stress mapped),2.8833135996581065,226,256,0.87890625,0.49286554736197136,0.5071344526380286
liu2019-stress-free-period-map-v2,f0.2_chiN25,0.2,25.0,liu2019_opf,OPF (force/stress mapped),2.8833135996581065,227,256,0.8828125,0.5019576161468166,0.49804238385318345
liu2019-stress-free-period-map-v2,f0.2_chiN25,0.2,25.0,liu2019_opf,OPF (force/stress mapped),2.8833135996581065,228,256,0.88671875,0.5108182315478151,0.48918176845218486
liu2019-stress-free-period-map-v2,f0.2_chiN25,0.2,25.0,liu2019_opf,OPF (force/stress mapped),2.8833135996581065,229,256,0.890625,0.519438978357825,0.48056102164217496
liu2019-stress-free-period-map-v2,f0.2_chiN25,0.2,25.0,liu2019_opf,OPF (force/stress mapped),2.8833135996581065,230,256,0.89453125,0.5278119369413212,0.4721880630586788
liu2019-stress-free-period-map-v2,f0.2_chiN25,0.2,25.0,liu2019_opf,OPF (force/stress mapped),2.8833135996581065,231,256,0.8984375,0.5359296808990639,0.4640703191009361
liu2019-stress-free-period-map-v2,f0.2_chiN25,0.2,25.0,liu2019_opf,OPF (force/stress mapped),2.8833135996581065,232,256,0.90234375,0.5437852729082367,0.45621472709176325
liu2019-stress-free-period-map-v2,f0.2_chiN25,0.2,25.0,liu2019_opf,OPF (force/stress mapped),2.8833135996581065,233,256,0.90625,0.5513722566237531,0.4486277433762469
liu2019-stress-free-period-map-v2,f0.2_chiN25,0.2,25.0,liu2019_opf,OPF (force/stress mapped),2.8833135996581065,234,256,0.91015625,0.5586846466171556,0.44131535338284444
liu2019-stress-free-period-map-v2,f0.2_chiN25,0.2,25.0,liu2019_opf,OPF (force/stress mapped),2.8833135996581065,235,256,0.9140625,0.5657169149902561,0.4342830850097439
liu2019-stress-free-period-map-v2,f0.2_chiN25,0.2,25.0,liu2019_opf,OPF (force/stress mapped),2.8833135996581065,236,256,0.91796875,0.5724639775642526,0.4275360224357474
liu2019-stress-free-period-map-v2,f0.2_chiN25,0.2,25.0,liu2019_opf,OPF (force/stress mapped),2.8833135996581065,237,256,0.921875,0.5789211764664236,0.4210788235335764
liu2019-stress-free-period-map-v2,f0.2_chiN25,0.2,25.0,liu2019_opf,OPF (force/stress mapped),2.8833135996581065,238,256,0.92578125,0.5850842628559131,0.4149157371440869
liu2019-stress-free-period-map-v2,f0.2_chiN25,0.2,25.0,liu2019_opf,OPF (force/stress mapped),2.8833135996581065,239,256,0.9296875,0.5909493766837589,0.4090506233162411
liu2019-stress-free-period-map-v2,f0.2_chiN25,0.2,25.0,liu2019_opf,OPF (force/stress mapped),2.8833135996581065,240,256,0.93359375,0.5965130270512156,0.40348697294878444
liu2019-stress-free-period-map-v2,f0.2_chiN25,0.2,25.0,liu2019_opf,OPF (force/stress mapped),2.8833135996581065,241,256,0.9375,0.6017720706653313,0.39822792933466866
liu2019-stress-free-period-map-v2,f0.2_chiN25,0.2,25.0,liu2019_opf,OPF (force/stress mapped),2.8833135996581065,242,256,0.94140625,0.6067236906427304,0.39327630935726965
liu2019-stress-free-period-map-v2,f0.2_chiN25,0.2,25.0,liu2019_opf,OPF (force/stress mapped),2.8833135996581065,243,256,0.9453125,0.6113653743794258,0.38863462562057416
liu2019-stress-free-period-map-v2,f0.2_chiN25,0.2,25.0,liu2019_opf,OPF (force/stress mapped),2.8833135996581065,244,256,0.94921875,0.6156948924226602,0.3843051075773398
liu2019-stress-free-period-map-v2,f0.2_chiN25,0.2,25.0,liu2019_opf,OPF (force/stress mapped),2.8833135996581065,245,256,0.953125,0.6197102764365547,0.38028972356344526
liu2019-stress-free-period-map-v2,f0.2_chiN25,0.2,25.0,liu2019_opf,OPF (force/stress mapped),2.8833135996581065,246,256,0.95703125,0.6234097988634213,0.3765902011365787
liu2019-stress-free-period-map-v2,f0.2_chiN25,0.2,25.0,liu2019_opf,OPF (force/stress mapped),2.8833135996581065,247,256,0.9609375,0.6267919523067262,0.37320804769327376
liu2019-stress-free-period-map-v2,f0.2_chiN25,0.2,25.0,liu2019_opf,OPF (force/stress mapped),2.8833135996581065,248,256,0.96484375,0.6298554310527886,0.37014456894721137
liu2019-stress-free-period-map-v2,f0.2_chiN25,0.2,25.0,liu2019_opf,OPF (force/stress mapped),2.8833135996581065,249,256,0.96875,0.6325991120208837,0.3674008879791163
liu2019-stress-free-period-map-v2,f0.2_chiN25,0.2,25.0,liu2019_opf,OPF (force/stress mapped),2.8833135996581065,250,256,0.97265625,0.6350220385386434,0.36497796146135664
liu2019-stress-free-period-map-v2,f0.2_chiN25,0.2,25.0,liu2019_opf,OPF (force/stress mapped),2.8833135996581065,251,256,0.9765625,0.6371234044007947,0.36287659559920526
liu2019-stress-free-period-map-v2,f0.2_chiN25,0.2,25.0,liu2019_opf,OPF (force/stress mapped),2.8833135996581065,252,256,0.98046875,0.6389025403874891,0.36109745961251094
liu2019-stress-free-period-map-v2,f0.2_chiN25,0.2,25.0,liu2019_opf,OPF (force/stress mapped),2.8833135996581065,253,256,0.984375,0.6403589015994111,0.3596410984005889
liu2019-stress-free-period-map-v2,f0.2_chiN25,0.2,25.0,liu2019_opf,OPF (force/stress mapped),2.8833135996581065,254,256,0.98828125,0.6414920570758571,0.3585079429241429
liu2019-stress-free-period-map-v2,f0.2_chiN25,0.2,25.0,liu2019_opf,OPF (force/stress mapped),2.8833135996581065,255,256,0.9921875,0.642301680650226,0.35769831934977403
liu2019-stress-free-period-map-v2,f0.2_chiN25,0.2,25.0,liu2019_opf,OPF (force/stress mapped),2.8833135996581065,256,256,0.99609375,0.6427875446493228,0.35721245535067725
liu2019-stress-free-period-map-v2,f0.2_chiN25,0.2,25.0,burp_ti,BURP-TI,2.9842391985537478,1,128,0.0,0.2886020241608122,0.7113979758391877
liu2019-stress-free-period-map-v2,f0.2_chiN25,0.2,25.0,burp_ti,BURP-TI,2.9842391985537478,2,128,0.0078125,0.28834127042980584,0.7116587295701942
liu2019-stress-free-period-map-v2,f0.2_chiN25,0.2,25.0,burp_ti,BURP-TI,2.9842391985537478,3,128,0.015625,0.28782082505837236,0.7121791749416276
liu2019-stress-free-period-map-v2,f0.2_chiN25,0.2,25.0,burp_ti,BURP-TI,2.9842391985537478,4,128,0.0234375,0.2870428011537034,0.7129571988462966
liu2019-stress-free-period-map-v2,f0.2_chiN25,0.2,25.0,burp_ti,BURP-TI,2.9842391985537478,5,128,0.03125,0.28601035363442845,0.7139896463655715
liu2019-stress-free-period-map-v2,f0.2_chiN25,0.2,25.0,burp_ti,BURP-TI,2.9842391985537478,6,128,0.0390625,0.2847276643208351,0.7152723356791648
liu2019-stress-free-period-map-v2,f0.2_chiN25,0.2,25.0,burp_ti,BURP-TI,2.9842391985537478,7,128,0.046875,0.28319991512554615,0.7168000848744538
liu2019-stress-free-period-map-v2,f0.2_chiN25,0.2,25.0,burp_ti,BURP-TI,2.9842391985537478,8,128,0.0546875,0.2814332597102354,0.7185667402897646
liu2019-stress-free-period-map-v2,f0.2_chiN25,0.2,25.0,burp_ti,BURP-TI,2.9842391985537478,9,128,0.0625,0.27943479087056056,0.7205652091294394
liu2019-stress-free-period-map-v2,f0.2_chiN25,0.2,25.0,burp_ti,BURP-TI,2.9842391985537478,10,128,0.0703125,0.2772125031342283,0.7227874968657717
liu2019-stress-free-period-map-v2,f0.2_chiN25,0.2,25.0,burp_ti,BURP-TI,2.9842391985537478,11,128,0.078125,0.2747752520782159,0.7252247479217842
liu2019-stress-free-period-map-v2,f0.2_chiN25,0.2,25.0,burp_ti,BURP-TI,2.9842391985537478,12,128,0.0859375,0.2721326985706913,0.7278673014293087
liu2019-stress-free-period-map-v2,f0.2_chiN25,0.2,25.0,burp_ti,BURP-TI,2.9842391985537478,13,128,0.09375,0.2692952525111006,0.7307047474888995
liu2019-stress-free-period-map-v2,f0.2_chiN25,0.2,25.0,burp_ti,BURP-TI,2.9842391985537478,14,128,0.1015625,0.2662740188602962,0.7337259811397038
liu2019-stress-free-period-map-v2,f0.2_chiN25,0.2,25.0,burp_ti,BURP-TI,2.9842391985537478,15,128,0.109375,0.26308072507526453,0.7369192749247355
liu2019-stress-free-period-map-v2,f0.2_chiN25,0.2,25.0,burp_ti,BURP-TI,2.9842391985537478,16,128,0.1171875,0.2597276615290204,0.7402723384709796
liu2019-stress-free-period-map-v2,f0.2_chiN25,0.2,25.0,burp_ti,BURP-TI,2.9842391985537478,17,128,0.125,0.25622760890675045,0.7437723910932496
liu2019-stress-free-period-map-v2,f0.2_chiN25,0.2,25.0,burp_ti,BURP-TI,2.9842391985537478,18,128,0.1328125,0.25259375992763156,0.7474062400723684
liu2019-stress-free-period-map-v2,f0.2_chiN25,0.2,25.0,burp_ti,BURP-TI,2.9842391985537478,19,128,0.140625,0.248839635040277,0.7511603649597229
liu2019-stress-free-period-map-v2,f0.2_chiN25,0.2,25.0,burp_ti,BURP-TI,2.9842391985537478,20,128,0.1484375,0.24497900767502082,0.7550209923249792
liu2019-stress-free-period-map-v2,f0.2_chiN25,0.2,25.0,burp_ti,BURP-TI,2.9842391985537478,21,128,0.15625,0.2410258213209733,0.7589741786790267
liu2019-stress-free-period-map-v2,f0.2_chiN25,0.2,25.0,burp_ti,BURP-TI,2.9842391985537478,22,128,0.1640625,0.23699410448529726,0.7630058955147028
liu2019-stress-free-period-map-v2,f0.2_chiN25,0.2,25.0,burp_ti,BURP-TI,2.9842391985537478,23,128,0.171875,0.23289788960332222,0.7671021103966777
liu2019-stress-free-period-map-v2,f0.2_chiN25,0.2,25.0,burp_ti,BURP-TI,2.9842391985537478,24,128,0.1796875,0.22875113302737576,0.7712488669726243
liu2019-stress-free-period-map-v2,f0.2_chiN25,0.2,25.0,burp_ti,BURP-TI,2.9842391985537478,25,128,0.1875,0.22456764130099546,0.7754323586990045
liu2019-stress-free-period-map-v2,f0.2_chiN25,0.2,25.0,burp_ti,BURP-TI,2.9842391985537478,26,128,0.1953125,0.22036099204821397,0.7796390079517861
liu2019-stress-free-period-map-v2,f0.2_chiN25,0.2,25.0,burp_ti,BURP-TI,2.9842391985537478,27,128,0.203125,0.21614446367972123,0.7838555363202788
liu2019-stress-free-period-map-v2,f0.2_chiN25,0.2,25.0,burp_ti,BURP-TI,2.9842391985537478,28,128,0.2109375,0.21193096368233097,0.788069036317669
liu2019-stress-free-period-map-v2,f0.2_chiN25,0.2,25.0,burp_ti,BURP-TI,2.9842391985537478,29,128,0.21875,0.20773296963636106,0.792267030363639
liu2019-stress-free-period-map-v2,f0.2_chiN25,0.2,25.0,burp_ti,BURP-TI,2.9842391985537478,30,128,0.2265625,0.20356247310972955,0.7964375268902705
liu2019-stress-free-period-map-v2,f0.2_chiN25,0.2,25.0,burp_ti,BURP-TI,2.9842391985537478,31,128,0.234375,0.19943093086483743,0.8005690691351626
liu2019-stress-free-period-map-v2,f0.2_chiN25,0.2,25.0,burp_ti,BURP-TI,2.9842391985537478,32,128,0.2421875,0.19534922203724386,0.8046507779627561
liu2019-stress-free-period-map-v2,f0.2_chiN25,0.2,25.0,burp_ti,BURP-TI,2.9842391985537478,33,128,0.25,0.19132761573982307,0.808672384260177
liu2019-stress-free-period-map-v2,f0.2_chiN25,0.2,25.0,burp_ti,BURP-TI,2.9842391985537478,34,128,0.2578125,0.18737572939543862,0.8126242706045614
liu2019-stress-free-period-map-v2,f0.2_chiN25,0.2,25.0,burp_ti,BURP-TI,2.9842391985537478,35,128,0.265625,0.18350251648436947,0.8164974835156306
liu2019-stress-free-period-map-v2,f0.2_chiN25,0.2,25.0,burp_ti,BURP-TI,2.9842391985537478,36,128,0.2734375,0.17971625328839735,0.8202837467116026
liu2019-stress-free-period-map-v2,f0.2_chiN25,0.2,25.0,burp_ti,BURP-TI,2.9842391985537478,37,128,0.28125,0.17602452952166003,0.82397547047834
liu2019-stress-free-period-map-v2,f0.2_chiN25,0.2,25.0,burp_ti,BURP-TI,2.9842391985537478,38,128,0.2890625,0.17243424823768103,0.827565751762319
liu2019-stress-free-period-map-v2,f0.2_chiN25,0.2,25.0,burp_ti,BURP-TI,2.9842391985537478,39,128,0.296875,0.16895163615397452,0.8310483638460255
liu2019-stress-free-period-map-v2,f0.2_chiN25,0.2,25.0,burp_ti,BURP-TI,2.9842391985537478,40,128,0.3046875,0.16558225850971414,0.8344177414902858
liu2019-stress-free-period-map-v2,f0.2_chiN25,0.2,25.0,burp_ti,BURP-TI,2.9842391985537478,41,128,0.3125,0.16233103840866545,0.8376689615913345
liu2019-stress-free-period-map-v2,f0.2_chiN25,0.2,25.0,burp_ti,BURP-TI,2.9842391985537478,42,128,0.3203125,0.15920227946280155,0.8407977205371985
liu2019-stress-free-period-map-v2,f0.2_chiN25,0.2,25.0,burp_ti,BURP-TI,2.9842391985537478,43,128,0.328125,0.1561996949329307,0.8438003050670693
liu2019-stress-free-period-map-v2,f0.2_chiN25,0.2,25.0,burp_ti,BURP-TI,2.9842391985537478,44,128,0.3359375,0.15332643801197388,0.8466735619880261
liu2019-stress-free-period-map-v2,f0.2_chiN25,0.2,25.0,burp_ti,BURP-TI,2.9842391985537478,45,128,0.34375,0.150585142361855,0.8494148576381451
liu2019-stress-free-period-map-v2,f0.2_chiN25,0.2,25.0,burp_ti,BURP-TI,2.9842391985537478,46,128,0.3515625,0.14797795734886832,0.8520220426511317
liu2019-stress-free-period-map-v2,f0.2_chiN25,0.2,25.0,burp_ti,BURP-TI,2.9842391985537478,47,128,0.359375,0.14550659384523942,0.8544934061547605
liu2019-stress-free-period-map-v2,f0.2_chiN25,0.2,25.0,burp_ti,BURP-TI,2.9842391985537478,48,128,0.3671875,0.14317236203854386,0.8568276379614561
liu2019-stress-free-period-map-v2,f0.2_chiN25,0.2,25.0,burp_ti,BURP-TI,2.9842391985537478,49,128,0.375,0.14097621397235613,0.8590237860276438
liu2019-stress-free-period-map-v2,f0.2_chiN25,0.2,25.0,burp_ti,BURP-TI,2.9842391985537478,50,128,0.3828125,0.1389187831651321,0.8610812168348679
liu2019-stress-free-period-map-v2,f0.2_chiN25,0.2,25.0,burp_ti,BURP-TI,2.9842391985537478,51,128,0.390625,0.13700042686176842,0.8629995731382316
liu2019-stress-free-period-map-v2,f0.2_chiN25,0.2,25.0,burp_ti,BURP-TI,2.9842391985537478,52,128,0.3984375,0.1352212726917008,0.8647787273082992
liu2019-stress-free-period-map-v2,f0.2_chiN25,0.2,25.0,burp_ti,BURP-TI,2.9842391985537478,53,128,0.40625,0.13358125762276157,0.8664187423772385
liu2019-stress-free-period-map-v2,f0.2_chiN25,0.2,25.0,burp_ti,BURP-TI,2.9842391985537478,54,128,0.4140625,0.13208015959122418,0.8679198404087758
liu2019-stress-free-period-map-v2,f0.2_chiN25,0.2,25.0,burp_ti,BURP-TI,2.9842391985537478,55,128,0.421875,0.13071764181152554,0.8692823581884744
liu2019-stress-free-period-map-v2,f0.2_chiN25,0.2,25.0,burp_ti,BURP-TI,2.9842391985537478,56,128,0.4296875,0.12949328705219829,0.8705067129478017
liu2019-stress-free-period-map-v2,f0.2_chiN25,0.2,25.0,burp_ti,BURP-TI,2.9842391985537478,57,128,0.4375,0.12840662708757974,0.8715933729124202
liu2019-stress-free-period-map-v2,f0.2_chiN25,0.2,25.0,burp_ti,BURP-TI,2.9842391985537478,58,128,0.4453125,0.1274571703971848,0.8725428296028153
liu2019-stress-free-period-map-v2,f0.2_chiN25,0.2,25.0,burp_ti,BURP-TI,2.9842391985537478,59,128,0.453125,0.12664443038251574,0.8733555696174843
liu2019-stress-free-period-map-v2,f0.2_chiN25,0.2,25.0,burp_ti,BURP-TI,2.9842391985537478,60,128,0.4609375,0.12596794368648606,0.874032056313514
liu2019-stress-free-period-map-v2,f0.2_chiN25,0.2,25.0,burp_ti,BURP-TI,2.9842391985537478,61,128,0.46875,0.1254272948301542,0.8745727051698458
liu2019-stress-free-period-map-v2,f0.2_chiN25,0.2,25.0,burp_ti,BURP-TI,2.9842391985537478,62,128,0.4765625,0.12502213123643674,0.8749778687635632
liu2019-stress-free-period-map-v2,f0.2_chiN25,0.2,25.0,burp_ti,BURP-TI,2.9842391985537478,63,128,0.484375,0.12475217835149043,0.8752478216485096
liu2019-stress-free-period-map-v2,f0.2_chiN25,0.2,25.0,burp_ti,BURP-TI,2.9842391985537478,64,128,0.4921875,0.1246172497468984,0.8753827502531016
liu2019-stress-free-period-map-v2,f0.2_chiN25,0.2,25.0,burp_ti,BURP-TI,2.9842391985537478,65,128,0.5,0.12461725020815771,0.8753827497918423
liu2019-stress-free-period-map-v2,f0.2_chiN25,0.2,25.0,burp_ti,BURP-TI,2.9842391985537478,66,128,0.5078125,0.12475218030437833,0.8752478196956217
liu2019-stress-free-period-map-v2,f0.2_chiN25,0.2,25.0,burp_ti,BURP-TI,2.9842391985537478,67,128,0.515625,0.12502213277183363,0.8749778672281664
liu2019-stress-free-period-map-v2,f0.2_chiN25,0.2,25.0,burp_ti,BURP-TI,2.9842391985537478,68,128,0.5234375,0.1254272964169038,0.8745727035830961
liu2019-stress-free-period-map-v2,f0.2_chiN25,0.2,25.0,burp_ti,BURP-TI,2.9842391985537478,69,128,0.53125,0.1259679468376398,0.8740320531623602
liu2019-stress-free-period-map-v2,f0.2_chiN25,0.2,25.0,burp_ti,BURP-TI,2.9842391985537478,70,128,0.5390625,0.1266444354696188,0.8733555645303812
liu2019-stress-free-period-map-v2,f0.2_chiN25,0.2,25.0,burp_ti,BURP-TI,2.9842391985537478,71,128,0.546875,0.12745717582675734,0.8725428241732427
liu2019-stress-free-period-map-v2,f0.2_chiN25,0.2,25.0,burp_ti,BURP-TI,2.9842391985537478,72,128,0.5546875,0.12840662762328323,0.8715933723767167
liu2019-stress-free-period-map-v2,f0.2_chiN25,0.2,25.0,burp_ti,BURP-TI,2.9842391985537478,73,128,0.5625,0.12949328290346557,0.8705067170965344
liu2019-stress-free-period-map-v2,f0.2_chiN25,0.2,25.0,burp_ti,BURP-TI,2.9842391985537478,74,128,0.5703125,0.13071763495279462,0.8692823650472054
liu2019-stress-free-period-map-v2,f0.2_chiN25,0.2,25.0,burp_ti,BURP-TI,2.9842391985537478,75,128,0.578125,0.13208015211005708,0.8679198478899429
liu2019-stress-free-period-map-v2,f0.2_chiN25,0.2,25.0,burp_ti,BURP-TI,2.9842391985537478,76,128,0.5859375,0.13358125355956058,0.8664187464404394
liu2019-stress-free-period-map-v2,f0.2_chiN25,0.2,25.0,burp_ti,BURP-TI,2.9842391985537478,77,128,0.59375,0.13522127330656913,0.8647787266934308
liu2019-stress-free-period-map-v2,f0.2_chiN25,0.2,25.0,burp_ti,BURP-TI,2.9842391985537478,78,128,0.6015625,0.13700042833694323,0.8629995716630567
liu2019-stress-free-period-map-v2,f0.2_chiN25,0.2,25.0,burp_ti,BURP-TI,2.9842391985537478,79,128,0.609375,0.13891878416629128,0.8610812158337087
liu2019-stress-free-period-map-v2,f0.2_chiN25,0.2,25.0,burp_ti,BURP-TI,2.9842391985537478,80,128,0.6171875,0.14097621624899992,0.8590237837510001
liu2019-stress-free-period-map-v2,f0.2_chiN25,0.2,25.0,burp_ti,BURP-TI,2.9842391985537478,81,128,0.625,0.14317236484570672,0.8568276351542933
liu2019-stress-free-period-map-v2,f0.2_chiN25,0.2,25.0,burp_ti,BURP-TI,2.9842391985537478,82,128,0.6328125,0.14550659714481765,0.8544934028551824
liu2019-stress-free-period-map-v2,f0.2_chiN25,0.2,25.0,burp_ti,BURP-TI,2.9842391985537478,83,128,0.640625,0.14797795977607242,0.8520220402239276
liu2019-stress-free-period-map-v2,f0.2_chiN25,0.2,25.0,burp_ti,BURP-TI,2.9842391985537478,84,128,0.6484375,0.15058514350314317,0.8494148564968569
liu2019-stress-free-period-map-v2,f0.2_chiN25,0.2,25.0,burp_ti,BURP-TI,2.9842391985537478,85,128,0.65625,0.15332643920705566,0.8466735607929443
liu2019-stress-free-period-map-v2,f0.2_chiN25,0.2,25.0,burp_ti,BURP-TI,2.9842391985537478,86,128,0.6640625,0.156199696971422,0.843800303028578
liu2019-stress-free-period-map-v2,f0.2_chiN25,0.2,25.0,burp_ti,BURP-TI,2.9842391985537478,87,128,0.671875,0.159202280962752,0.840797719037248
liu2019-stress-free-period-map-v2,f0.2_chiN25,0.2,25.0,burp_ti,BURP-TI,2.9842391985537478,88,128,0.6796875,0.16233103585531597,0.8376689641446841
liu2019-stress-free-period-map-v2,f0.2_chiN25,0.2,25.0,burp_ti,BURP-TI,2.9842391985537478,89,128,0.6875,0.1655822514134713,0.8344177485865287
liu2019-stress-free-period-map-v2,f0.2_chiN25,0.2,25.0,burp_ti,BURP-TI,2.9842391985537478,90,128,0.6953125,0.16895162821774623,0.8310483717822538
liu2019-stress-free-period-map-v2,f0.2_chiN25,0.2,25.0,burp_ti,BURP-TI,2.9842391985537478,91,128,0.703125,0.17243424309695454,0.8275657569030455
liu2019-stress-free-period-map-v2,f0.2_chiN25,0.2,25.0,burp_ti,BURP-TI,2.9842391985537478,92,128,0.7109375,0.17602452938318655,0.8239754706168134
liu2019-stress-free-period-map-v2,f0.2_chiN25,0.2,25.0,burp_ti,BURP-TI,2.9842391985537478,93,128,0.71875,0.17971625723001972,0.8202837427699803
liu2019-stress-free-period-map-v2,f0.2_chiN25,0.2,25.0,burp_ti,BURP-TI,2.9842391985537478,94,128,0.7265625,0.18350252179786491,0.816497478202135
liu2019-stress-free-period-map-v2,f0.2_chiN25,0.2,25.0,burp_ti,BURP-TI,2.9842391985537478,95,128,0.734375,0.18737573237854352,0.8126242676214565
liu2019-stress-free-period-map-v2,f0.2_chiN25,0.2,25.0,burp_ti,BURP-TI,2.9842391985537478,96,128,0.7421875,0.1913276181171459,0.8086723818828541
liu2019-stress-free-period-map-v2,f0.2_chiN25,0.2,25.0,burp_ti,BURP-TI,2.9842391985537478,97,128,0.75,0.1953492255646952,0.8046507744353049
liu2019-stress-free-period-map-v2,f0.2_chiN25,0.2,25.0,burp_ti,BURP-TI,2.9842391985537478,98,128,0.7578125,0.1994309319894555,0.8005690680105445
liu2019-stress-free-period-map-v2,f0.2_chiN25,0.2,25.0,burp_ti,BURP-TI,2.9842391985537478,99,128,0.765625,0.20356247317660803,0.796437526823392
liu2019-stress-free-period-map-v2,f0.2_chiN25,0.2,25.0,burp_ti,BURP-TI,2.9842391985537478,100,128,0.7734375,0.20773296881278172,0.7922670311872183
liu2019-stress-free-period-map-v2,f0.2_chiN25,0.2,25.0,burp_ti,BURP-TI,2.9842391985537478,101,128,0.78125,0.21193096317419682,0.7880690368258032
liu2019-stress-free-period-map-v2,f0.2_chiN25,0.2,25.0,burp_ti,BURP-TI,2.9842391985537478,102,128,0.7890625,0.21614446364628057,0.7838555363537194
liu2019-stress-free-period-map-v2,f0.2_chiN25,0.2,25.0,burp_ti,BURP-TI,2.9842391985537478,103,128,0.796875,0.2203609902330521,0.7796390097669479
liu2019-stress-free-period-map-v2,f0.2_chiN25,0.2,25.0,burp_ti,BURP-TI,2.9842391985537478,104,128,0.8046875,0.22456763526746004,0.77543236473254
liu2019-stress-free-period-map-v2,f0.2_chiN25,0.2,25.0,burp_ti,BURP-TI,2.9842391985537478,105,128,0.8125,0.22875112618499346,0.7712488738150065
liu2019-stress-free-period-map-v2,f0.2_chiN25,0.2,25.0,burp_ti,BURP-TI,2.9842391985537478,106,128,0.8203125,0.2328978861766774,0.7671021138233226
liu2019-stress-free-period-map-v2,f0.2_chiN25,0.2,25.0,burp_ti,BURP-TI,2.9842391985537478,107,128,0.828125,0.23699410662446324,0.7630058933755368
liu2019-stress-free-period-map-v2,f0.2_chiN25,0.2,25.0,burp_ti,BURP-TI,2.9842391985537478,108,128,0.8359375,0.24102582696038902,0.758974173039611
liu2019-stress-free-period-map-v2,f0.2_chiN25,0.2,25.0,burp_ti,BURP-TI,2.9842391985537478,109,128,0.84375,0.24497901350510695,0.755020986494893
liu2019-stress-free-period-map-v2,f0.2_chiN25,0.2,25.0,burp_ti,BURP-TI,2.9842391985537478,110,128,0.8515625,0.2488396380001179,0.7511603619998821
liu2019-stress-free-period-map-v2,f0.2_chiN25,0.2,25.0,burp_ti,BURP-TI,2.9842391985537478,111,128,0.859375,0.25259376040314746,0.7474062395968526
liu2019-stress-free-period-map-v2,f0.2_chiN25,0.2,25.0,burp_ti,BURP-TI,2.9842391985537478,112,128,0.8671875,0.2562276098262822,0.7437723901737179
liu2019-stress-free-period-map-v2,f0.2_chiN25,0.2,25.0,burp_ti,BURP-TI,2.9842391985537478,113,128,0.875,0.25972766184432944,0.7402723381556706
liu2019-stress-free-period-map-v2,f0.2_chiN25,0.2,25.0,burp_ti,BURP-TI,2.9842391985537478,114,128,0.8828125,0.2630807238138323,0.7369192761861677
liu2019-stress-free-period-map-v2,f0.2_chiN25,0.2,25.0,burp_ti,BURP-TI,2.9842391985537478,115,128,0.890625,0.26627401724309974,0.7337259827569003
liu2019-stress-free-period-map-v2,f0.2_chiN25,0.2,25.0,burp_ti,BURP-TI,2.9842391985537478,116,128,0.8984375,0.26929525307045876,0.7307047469295412
liu2019-stress-free-period-map-v2,f0.2_chiN25,0.2,25.0,burp_ti,BURP-TI,2.9842391985537478,117,128,0.90625,0.2721326979918279,0.7278673020081721
liu2019-stress-free-period-map-v2,f0.2_chiN25,0.2,25.0,burp_ti,BURP-TI,2.9842391985537478,118,128,0.9140625,0.2747752503297402,0.7252247496702597
liu2019-stress-free-period-map-v2,f0.2_chiN25,0.2,25.0,burp_ti,BURP-TI,2.9842391985537478,119,128,0.921875,0.27721249811005083,0.7227875018899492
liu2019-stress-free-period-map-v2,f0.2_chiN25,0.2,25.0,burp_ti,BURP-TI,2.9842391985537478,120,128,0.9296875,0.2794347852243287,0.7205652147756714
liu2019-stress-free-period-map-v2,f0.2_chiN25,0.2,25.0,burp_ti,BURP-TI,2.9842391985537478,121,128,0.9375,0.28143325904078287,0.7185667409592171
liu2019-stress-free-period-map-v2,f0.2_chiN25,0.2,25.0,burp_ti,BURP-TI,2.9842391985537478,122,128,0.9453125,0.2831999192789642,0.7168000807210357
liu2019-stress-free-period-map-v2,f0.2_chiN25,0.2,25.0,burp_ti,BURP-TI,2.9842391985537478,123,128,0.953125,0.28472766991243226,0.7152723300875677
liu2019-stress-free-period-map-v2,f0.2_chiN25,0.2,25.0,burp_ti,BURP-TI,2.9842391985537478,124,128,0.9609375,0.2860103575110072,0.7139896424889929
liu2019-stress-free-period-map-v2,f0.2_chiN25,0.2,25.0,burp_ti,BURP-TI,2.9842391985537478,125,128,0.96875,0.2870428017159375,0.7129571982840626
liu2019-stress-free-period-map-v2,f0.2_chiN25,0.2,25.0,burp_ti,BURP-TI,2.9842391985537478,126,128,0.9765625,0.28782082417502425,0.7121791758249758
liu2019-stress-free-period-map-v2,f0.2_chiN25,0.2,25.0,burp_ti,BURP-TI,2.9842391985537478,127,128,0.984375,0.28834127064949383,0.7116587293505061
liu2019-stress-free-period-map-v2,f0.2_chiN25,0.2,25.0,burp_ti,BURP-TI,2.9842391985537478,128,128,0.9921875,0.2886020247999776,0.7113979752000223
liu2019-stress-free-period-map-v2,f0.2_chiN25,0.2,25.0,bvk2,BVK2,3.1827966966218373,1,256,0.0,0.40013886716703223,0.5998611328329677
liu2019-stress-free-period-map-v2,f0.2_chiN25,0.2,25.0,bvk2,BVK2,3.1827966966218373,2,256,0.00390625,0.39987233207239453,0.6001276679276055
liu2019-stress-free-period-map-v2,f0.2_chiN25,0.2,25.0,bvk2,BVK2,3.1827966966218373,3,256,0.0078125,0.39934032271756004,0.60065967728244
liu2019-stress-free-period-map-v2,f0.2_chiN25,0.2,25.0,bvk2,BVK2,3.1827966966218373,4,256,0.01171875,0.3985449567088002,0.6014550432911998
liu2019-stress-free-period-map-v2,f0.2_chiN25,0.2,25.0,bvk2,BVK2,3.1827966966218373,5,256,0.015625,0.397489399344947,0.602510600655053
liu2019-stress-free-period-map-v2,f0.2_chiN25,0.2,25.0,bvk2,BVK2,3.1827966966218373,6,256,0.01953125,0.3961778477227401,0.6038221522772599
liu2019-stress-free-period-map-v2,f0.2_chiN25,0.2,25.0,bvk2,BVK2,3.1827966966218373,7,256,0.0234375,0.39461550559836417,0.6053844944016358
liu2019-stress-free-period-map-v2,f0.2_chiN25,0.2,25.0,bvk2,BVK2,3.1827966966218373,8,256,0.02734375,0.3928085462587853,0.6071914537412146
liu2019-stress-free-period-map-v2,f0.2_chiN25,0.2,25.0,bvk2,BVK2,3.1827966966218373,9,256,0.03125,0.39076406073116027,0.6092359392688398
liu2019-stress-free-period-map-v2,f0.2_chiN25,0.2,25.0,bvk2,BVK2,3.1827966966218373,10,256,0.03515625,0.38848998918086597,0.611510010819134
liu2019-stress-free-period-map-v2,f0.2_chiN25,0.2,25.0,bvk2,BVK2,3.1827966966218373,11,256,0.0390625,0.38599503433498117,0.6140049656650188
liu2019-stress-free-period-map-v2,f0.2_chiN25,0.2,25.0,bvk2,BVK2,3.1827966966218373,12,256,0.04296875,0.3832885571814557,0.6167114428185443
liu2019-stress-free-period-map-v2,f0.2_chiN25,0.2,25.0,bvk2,BVK2,3.1827966966218373,13,256,0.046875,0.38038045693049205,0.619619543069508
liu2019-stress-free-period-map-v2,f0.2_chiN25,0.2,25.0,bvk2,BVK2,3.1827966966218373,14,256,0.05078125,0.37728103910318667,0.6227189608968133
liu2019-stress-free-period-map-v2,f0.2_chiN25,0.2,25.0,bvk2,BVK2,3.1827966966218373,15,256,0.0546875,0.37400087737971266,0.6259991226202873
liu2019-stress-free-period-map-v2,f0.2_chiN25,0.2,25.0,bvk2,BVK2,3.1827966966218373,16,256,0.05859375,0.3705506761923416,0.6294493238076584
liu2019-stress-free-period-map-v2,f0.2_chiN25,0.2,25.0,bvk2,BVK2,3.1827966966218373,17,256,0.0625,0.3669411416851536,0.6330588583148464
liu2019-stress-free-period-map-v2,f0.2_chiN25,0.2,25.0,bvk2,BVK2,3.1827966966218373,18,256,0.06640625,0.3631828683534787,0.6368171316465213
liu2019-stress-free-period-map-v2,f0.2_chiN25,0.2,25.0,bvk2,BVK2,3.1827966966218373,19,256,0.0703125,0.35928624734549797,0.640713752654502
liu2019-stress-free-period-map-v2,f0.2_chiN25,0.2,25.0,bvk2,BVK2,3.1827966966218373,20,256,0.07421875,0.35526140018784697,0.6447385998121531
liu2019-stress-free-period-map-v2,f0.2_chiN25,0.2,25.0,bvk2,BVK2,3.1827966966218373,21,256,0.078125,0.35111813892839505,0.648881861071605
liu2019-stress-free-period-map-v2,f0.2_chiN25,0.2,25.0,bvk2,BVK2,3.1827966966218373,22,256,0.08203125,0.34686595085745153,0.6531340491425485
liu2019-stress-free-period-map-v2,f0.2_chiN25,0.2,25.0,bvk2,BVK2,3.1827966966218373,23,256,0.0859375,0.3425140035800714,0.6574859964199287
liu2019-stress-free-period-map-v2,f0.2_chiN25,0.2,25.0,bvk2,BVK2,3.1827966966218373,24,256,0.08984375,0.33807116466122483,0.6619288353387751
liu2019-stress-free-period-map-v2,f0.2_chiN25,0.2,25.0,bvk2,BVK2,3.1827966966218373,25,256,0.09375,0.33354602953795837,0.6664539704620416
liu2019-stress-free-period-map-v2,f0.2_chiN25,0.2,25.0,bvk2,BVK2,3.1827966966218373,26,256,0.09765625,0.32894695183780576,0.6710530481621942
liu2019-stress-free-period-map-v2,f0.2_chiN25,0.2,25.0,bvk2,BVK2,3.1827966966218373,27,256,0.1015625,0.3242820714192369,0.6757179285807631
liu2019-stress-free-period-map-v2,f0.2_chiN25,0.2,25.0,bvk2,BVK2,3.1827966966218373,28,256,0.10546875,0.3195593370150979,0.680440662984902
liu2019-stress-free-period-map-v2,f0.2_chiN25,0.2,25.0,bvk2,BVK2,3.1827966966218373,29,256,0.109375,0.3147865219688327,0.6852134780311673
liu2019-stress-free-period-map-v2,f0.2_chiN25,0.2,25.0,bvk2,BVK2,3.1827966966218373,30,256,0.11328125,0.3099712329338345,0.6900287670661656
liu2019-stress-free-period-map-v2,f0.2_chiN25,0.2,25.0,bvk2,BVK2,3.1827966966218373,31,256,0.1171875,0.30512091239827277,0.6948790876017272
liu2019-stress-free-period-map-v2,f0.2_chiN25,0.2,25.0,bvk2,BVK2,3.1827966966218373,32,256,0.12109375,0.3002428364542091,0.6997571635457909
liu2019-stress-free-period-map-v2,f0.2_chiN25,0.2,25.0,bvk2,BVK2,3.1827966966218373,33,256,0.125,0.29534410939359745,0.7046558906064025
liu2019-stress-free-period-map-v2,f0.2_chiN25,0.2,25.0,bvk2,BVK2,3.1827966966218373,34,256,0.12890625,0.29043165658255454,0.7095683434174455
liu2019-stress-free-period-map-v2,f0.2_chiN25,0.2,25.0,bvk2,BVK2,3.1827966966218373,35,256,0.1328125,0.2855122167566218,0.7144877832433782
liu2019-stress-free-period-map-v2,f0.2_chiN25,0.2,25.0,bvk2,BVK2,3.1827966966218373,36,256,0.13671875,0.28059233450374815,0.7194076654962518
liu2019-stress-free-period-map-v2,f0.2_chiN25,0.2,25.0,bvk2,BVK2,3.1827966966218373,37,256,0.140625,0.27567835334377905,0.724321646656221
liu2019-stress-free-period-map-v2,f0.2_chiN25,0.2,25.0,bvk2,BVK2,3.1827966966218373,38,256,0.14453125,0.27077640952728693,0.7292235904727131
liu2019-stress-free-period-map-v2,f0.2_chiN25,0.2,25.0,bvk2,BVK2,3.1827966966218373,39,256,0.1484375,0.2658924264859989,0.734107573514001
liu2019-stress-free-period-map-v2,f0.2_chiN25,0.2,25.0,bvk2,BVK2,3.1827966966218373,40,256,0.15234375,0.26103210977097757,0.7389678902290224
liu2019-stress-free-period-map-v2,f0.2_chiN25,0.2,25.0,bvk2,BVK2,3.1827966966218373,41,256,0.15625,0.25620094229625684,0.7437990577037432
liu2019-stress-free-period-map-v2,f0.2_chiN25,0.2,25.0,bvk2,BVK2,3.1827966966218373,42,256,0.16015625,0.2514041797405536,0.7485958202594464
liu2019-stress-free-period-map-v2,f0.2_chiN25,0.2,25.0,bvk2,BVK2,3.1827966966218373,43,256,0.1640625,0.24664684602294143,0.7533531539770586
liu2019-stress-free-period-map-v2,f0.2_chiN25,0.2,25.0,bvk2,BVK2,3.1827966966218373,44,256,0.16796875,0.24193372883894385,0.7580662711610562
liu2019-stress-free-period-map-v2,f0.2_chiN25,0.2,25.0,bvk2,BVK2,3.1827966966218373,45,256,0.171875,0.23726937530640174,0.7627306246935983
liu2019-stress-free-period-map-v2,f0.2_chiN25,0.2,25.0,bvk2,BVK2,3.1827966966218373,46,256,0.17578125,0.23265808781728245,0.7673419121827175
liu2019-stress-free-period-map-v2,f0.2_chiN25,0.2,25.0,bvk2,BVK2,3.1827966966218373,47,256,0.1796875,0.22810392021944295,0.7718960797805571
liu2019-stress-free-period-map-v2,f0.2_chiN25,0.2,25.0,bvk2,BVK2,3.1827966966218373,48,256,0.18359375,0.2236106744624025,0.7763893255375975
liu2019-stress-free-period-map-v2,f0.2_chiN25,0.2,25.0,bvk2,BVK2,3.1827966966218373,49,256,0.1875,0.21918189783688832,0.7808181021631116
liu2019-stress-free-period-map-v2,f0.2_chiN25,0.2,25.0,bvk2,BVK2,3.1827966966218373,50,256,0.19140625,0.21482088092367166,0.7851791190763283
liu2019-stress-free-period-map-v2,f0.2_chiN25,0.2,25.0,bvk2,BVK2,3.1827966966218373,51,256,0.1953125,0.21053065634720575,0.7894693436527942
liu2019-stress-free-period-map-v2,f0.2_chiN25,0.2,25.0,bvk2,BVK2,3.1827966966218373,52,256,0.19921875,0.20631399840727116,0.7936860015927288
liu2019-stress-free-period-map-v2,f0.2_chiN25,0.2,25.0,bvk2,BVK2,3.1827966966218373,53,256,0.203125,0.20217342363964133,0.7978265763603587
liu2019-stress-free-period-map-v2,f0.2_chiN25,0.2,25.0,bvk2,BVK2,3.1827966966218373,54,256,0.20703125,0.19811119233618088,0.8018888076638191
liu2019-stress-free-period-map-v2,f0.2_chiN25,0.2,25.0,bvk2,BVK2,3.1827966966218373,55,256,0.2109375,0.19412931103641465,0.8058706889635854
liu2019-stress-free-period-map-v2,f0.2_chiN25,0.2,25.0,bvk2,BVK2,3.1827966966218373,56,256,0.21484375,0.1902295359865931,0.8097704640134069
liu2019-stress-free-period-map-v2,f0.2_chiN25,0.2,25.0,bvk2,BVK2,3.1827966966218373,57,256,0.21875,0.1864133775483794,0.8135866224516206
liu2019-stress-free-period-map-v2,f0.2_chiN25,0.2,25.0,bvk2,BVK2,3.1827966966218373,58,256,0.22265625,0.18268210552719538,0.8173178944728046
liu2019-stress-free-period-map-v2,f0.2_chiN25,0.2,25.0,bvk2,BVK2,3.1827966966218373,59,256,0.2265625,0.17903675537961075,0.8209632446203893
liu2019-stress-free-period-map-v2,f0.2_chiN25,0.2,25.0,bvk2,BVK2,3.1827966966218373,60,256,0.23046875,0.17547813524972283,0.8245218647502772
liu2019-stress-free-period-map-v2,f0.2_chiN25,0.2,25.0,bvk2,BVK2,3.1827966966218373,61,256,0.234375,0.17200683377606918,0.8279931662239308
liu2019-stress-free-period-map-v2,f0.2_chiN25,0.2,25.0,bvk2,BVK2,3.1827966966218373,62,256,0.23828125,0.16862322860321088,0.8313767713967891
liu2019-stress-free-period-map-v2,f0.2_chiN25,0.2,25.0,bvk2,BVK2,3.1827966966218373,63,256,0.2421875,0.16532749552572876,0.8346725044742712
liu2019-stress-free-period-map-v2,f0.2_chiN25,0.2,25.0,bvk2,BVK2,3.1827966966218373,64,256,0.24609375,0.16211961818707288,0.8378803818129271
liu2019-stress-free-period-map-v2,f0.2_chiN25,0.2,25.0,bvk2,BVK2,3.1827966966218373,65,256,0.25,0.15899939825156845,0.8410006017484315
liu2019-stress-free-period-map-v2,f0.2_chiN25,0.2,25.0,bvk2,BVK2,3.1827966966218373,66,256,0.25390625,0.15596646596499236,0.8440335340350076
liu2019-stress-free-period-map-v2,f0.2_chiN25,0.2,25.0,bvk2,BVK2,3.1827966966218373,67,256,0.2578125,0.1530202910175482,0.8469797089824518
liu2019-stress-free-period-map-v2,f0.2_chiN25,0.2,25.0,bvk2,BVK2,3.1827966966218373,68,256,0.26171875,0.15016019362278438,0.8498398063772157
liu2019-stress-free-period-map-v2,f0.2_chiN25,0.2,25.0,bvk2,BVK2,3.1827966966218373,69,256,0.265625,0.14738535572701414,0.8526146442729858
liu2019-stress-free-period-map-v2,f0.2_chiN25,0.2,25.0,bvk2,BVK2,3.1827966966218373,70,256,0.26953125,0.14469483226602553,0.8553051677339745
liu2019-stress-free-period-map-v2,f0.2_chiN25,0.2,25.0,bvk2,BVK2,3.1827966966218373,71,256,0.2734375,0.14208756238922407,0.857912437610776
liu2019-stress-free-period-map-v2,f0.2_chiN25,0.2,25.0,bvk2,BVK2,3.1827966966218373,72,256,0.27734375,0.13956238057570933,0.8604376194242906
liu2019-stress-free-period-map-v2,f0.2_chiN25,0.2,25.0,bvk2,BVK2,3.1827966966218373,73,256,0.28125,0.13711802757199004,0.8628819724280099
liu2019-stress-free-period-map-v2,f0.2_chiN25,0.2,25.0,bvk2,BVK2,3.1827966966218373,74,256,0.28515625,0.13475316108695348,0.8652468389130465
liu2019-stress-free-period-map-v2,f0.2_chiN25,0.2,25.0,bvk2,BVK2,3.1827966966218373,75,256,0.2890625,0.13246636618613186,0.8675336338138682
liu2019-stress-free-period-map-v2,f0.2_chiN25,0.2,25.0,bvk2,BVK2,3.1827966966218373,76,256,0.29296875,0.13025616533412185,0.8697438346658781
liu2019-stress-free-period-map-v2,f0.2_chiN25,0.2,25.0,bvk2,BVK2,3.1827966966218373,77,256,0.296875,0.1281210280410251,0.8718789719589749
liu2019-stress-free-period-map-v2,f0.2_chiN25,0.2,25.0,bvk2,BVK2,3.1827966966218373,78,256,0.30078125,0.1260593800758731,0.8739406199241269
liu2019-stress-free-period-map-v2,f0.2_chiN25,0.2,25.0,bvk2,BVK2,3.1827966966218373,79,256,0.3046875,0.12406961221701092,0.875930387782989
liu2019-stress-free-period-map-v2,f0.2_chiN25,0.2,25.0,bvk2,BVK2,3.1827966966218373,80,256,0.30859375,0.12215008851626358,0.8778499114837364
liu2019-stress-free-period-map-v2,f0.2_chiN25,0.2,25.0,bvk2,BVK2,3.1827966966218373,81,256,0.3125,0.1202991540602664,0.8797008459397336
liu2019-stress-free-period-map-v2,f0.2_chiN25,0.2,25.0,bvk2,BVK2,3.1827966966218373,82,256,0.31640625,0.1185151422185376,0.8814848577814625
liu2019-stress-free-period-map-v2,f0.2_chiN25,0.2,25.0,bvk2,BVK2,3.1827966966218373,83,256,0.3203125,0.11679638137364472,0.8832036186263553
liu2019-stress-free-period-map-v2,f0.2_chiN25,0.2,25.0,bvk2,BVK2,3.1827966966218373,84,256,0.32421875,0.11514120113410825,0.8848587988658918
liu2019-stress-free-period-map-v2,f0.2_chiN25,0.2,25.0,bvk2,BVK2,3.1827966966218373,85,256,0.328125,0.1135479380354748,0.8864520619645252
liu2019-stress-free-period-map-v2,f0.2_chiN25,0.2,25.0,bvk2,BVK2,3.1827966966218373,86,256,0.33203125,0.11201494073925135,0.8879850592607487
liu2019-stress-free-period-map-v2,f0.2_chiN25,0.2,25.0,bvk2,BVK2,3.1827966966218373,87,256,0.3359375,0.11054057474311153,0.8894594252568885
liu2019-stress-free-period-map-v2,f0.2_chiN25,0.2,25.0,bvk2,BVK2,3.1827966966218373,88,256,0.33984375,0.10912322661898173,0.8908767733810182
liu2019-stress-free-period-map-v2,f0.2_chiN25,0.2,25.0,bvk2,BVK2,3.1827966966218373,89,256,0.34375,0.10776130779828665,0.8922386922017134
liu2019-stress-free-period-map-v2,f0.2_chiN25,0.2,25.0,bvk2,BVK2,3.1827966966218373,90,256,0.34765625,0.10645325792580523,0.8935467420741947
liu2019-stress-free-period-map-v2,f0.2_chiN25,0.2,25.0,bvk2,BVK2,3.1827966966218373,91,256,0.3515625,0.10519754780529415,0.8948024521947059
liu2019-stress-free-period-map-v2,f0.2_chiN25,0.2,25.0,bvk2,BVK2,3.1827966966218373,92,256,0.35546875,0.1039926819612831,0.8960073180387169
liu2019-stress-free-period-map-v2,f0.2_chiN25,0.2,25.0,bvk2,BVK2,3.1827966966218373,93,256,0.359375,0.10283720084230313,0.8971627991576969
liu2019-stress-free-period-map-v2,f0.2_chiN25,0.2,25.0,bvk2,BVK2,3.1827966966218373,94,256,0.36328125,0.10172968269126668,0.8982703173087333
liu2019-stress-free-period-map-v2,f0.2_chiN25,0.2,25.0,bvk2,BVK2,3.1827966966218373,95,256,0.3671875,0.10066874510886048,0.8993312548911395
liu2019-stress-free-period-map-v2,f0.2_chiN25,0.2,25.0,bvk2,BVK2,3.1827966966218373,96,256,0.37109375,0.09965304633563453,0.9003469536643655
liu2019-stress-free-period-map-v2,f0.2_chiN25,0.2,25.0,bvk2,BVK2,3.1827966966218373,97,256,0.375,0.0986812862780445,0.9013187137219555
liu2019-stress-free-period-map-v2,f0.2_chiN25,0.2,25.0,bvk2,BVK2,3.1827966966218373,98,256,0.37890625,0.09775220730303755,0.9022477926969624
liu2019-stress-free-period-map-v2,f0.2_chiN25,0.2,25.0,bvk2,BVK2,3.1827966966218373,99,256,0.3828125,0.0968645948249287,0.9031354051750713
liu2019-stress-free-period-map-v2,f0.2_chiN25,0.2,25.0,bvk2,BVK2,3.1827966966218373,100,256,0.38671875,0.09601727770730283,0.9039827222926972
liu2019-stress-free-period-map-v2,f0.2_chiN25,0.2,25.0,bvk2,BVK2,3.1827966966218373,101,256,0.390625,0.09520912850155093,0.9047908714984491
liu2019-stress-free-period-map-v2,f0.2_chiN25,0.2,25.0,bvk2,BVK2,3.1827966966218373,102,256,0.39453125,0.0944390635424262,0.9055609364575739
liu2019-stress-free-period-map-v2,f0.2_chiN25,0.2,25.0,bvk2,BVK2,3.1827966966218373,103,256,0.3984375,0.09370604291971887,0.9062939570802812
liu2019-stress-free-period-map-v2,f0.2_chiN25,0.2,25.0,bvk2,BVK2,3.1827966966218373,104,256,0.40234375,0.09300907034382543,0.9069909296561746
liu2019-stress-free-period-map-v2,f0.2_chiN25,0.2,25.0,bvk2,BVK2,3.1827966966218373,105,256,0.40625,0.09234719292164817,0.9076528070783518
liu2019-stress-free-period-map-v2,f0.2_chiN25,0.2,25.0,bvk2,BVK2,3.1827966966218373,106,256,0.41015625,0.0917195008579308,0.9082804991420692
liu2019-stress-free-period-map-v2,f0.2_chiN25,0.2,25.0,bvk2,BVK2,3.1827966966218373,107,256,0.4140625,0.09112512709582193,0.908874872904178
liu2019-stress-free-period-map-v2,f0.2_chiN25,0.2,25.0,bvk2,BVK2,3.1827966966218373,108,256,0.41796875,0.09056324690919514,0.9094367530908049
liu2019-stress-free-period-map-v2,f0.2_chiN25,0.2,25.0,bvk2,BVK2,3.1827966966218373,109,256,0.421875,0.09003307745802668,0.9099669225419733
liu2019-stress-free-period-map-v2,f0.2_chiN25,0.2,25.0,bvk2,BVK2,3.1827966966218373,110,256,0.42578125,0.08953387731698514,0.9104661226830149
liu2019-stress-free-period-map-v2,f0.2_chiN25,0.2,25.0,bvk2,BVK2,3.1827966966218373,111,256,0.4296875,0.08906494598628543,0.9109350540137146
liu2019-stress-free-period-map-v2,f0.2_chiN25,0.2,25.0,bvk2,BVK2,3.1827966966218373,112,256,0.43359375,0.08862562339285442,0.9113743766071456
liu2019-stress-free-period-map-v2,f0.2_chiN25,0.2,25.0,bvk2,BVK2,3.1827966966218373,113,256,0.4375,0.08821528938890513,0.9117847106110949
liu2019-stress-free-period-map-v2,f0.2_chiN25,0.2,25.0,bvk2,BVK2,3.1827966966218373,114,256,0.44140625,0.08783336325416331,0.9121666367458366
liu2019-stress-free-period-map-v2,f0.2_chiN25,0.2,25.0,bvk2,BVK2,3.1827966966218373,115,256,0.4453125,0.08747930320719426,0.9125206967928058
liu2019-stress-free-period-map-v2,f0.2_chiN25,0.2,25.0,bvk2,BVK2,3.1827966966218373,116,256,0.44921875,0.08715260593057435,0.9128473940694256
liu2019-stress-free-period-map-v2,f0.2_chiN25,0.2,25.0,bvk2,BVK2,3.1827966966218373,117,256,0.453125,0.08685280611400815,0.9131471938859919
liu2019-stress-free-period-map-v2,f0.2_chiN25,0.2,25.0,bvk2,BVK2,3.1827966966218373,118,256,0.45703125,0.08657947601892257,0.9134205239810774
liu2019-stress-free-period-map-v2,f0.2_chiN25,0.2,25.0,bvk2,BVK2,3.1827966966218373,119,256,0.4609375,0.08633222506756284,0.9136677749324371
liu2019-stress-free-period-map-v2,f0.2_chiN25,0.2,25.0,bvk2,BVK2,3.1827966966218373,120,256,0.46484375,0.0861106994591672,0.9138893005408328
liu2019-stress-free-period-map-v2,f0.2_chiN25,0.2,25.0,bvk2,BVK2,3.1827966966218373,121,256,0.46875,0.08591458181540479,0.9140854181845952
liu2019-stress-free-period-map-v2,f0.2_chiN25,0.2,25.0,bvk2,BVK2,3.1827966966218373,122,256,0.47265625,0.0857435908569134,0.9142564091430866
liu2019-stress-free-period-map-v2,f0.2_chiN25,0.2,25.0,bvk2,BVK2,3.1827966966218373,123,256,0.4765625,0.08559748111247725,0.9144025188875228
liu2019-stress-free-period-map-v2,f0.2_chiN25,0.2,25.0,bvk2,BVK2,3.1827966966218373,124,256,0.48046875,0.08547604266211858,0.9145239573378814
liu2019-stress-free-period-map-v2,f0.2_chiN25,0.2,25.0,bvk2,BVK2,3.1827966966218373,125,256,0.484375,0.08537910091515001,0.91462089908485
liu2019-stress-free-period-map-v2,f0.2_chiN25,0.2,25.0,bvk2,BVK2,3.1827966966218373,126,256,0.48828125,0.08530651642403303,0.914693483575967
liu2019-stress-free-period-map-v2,f0.2_chiN25,0.2,25.0,bvk2,BVK2,3.1827966966218373,127,256,0.4921875,0.0852581847347115,0.9147418152652885
liu2019-stress-free-period-map-v2,f0.2_chiN25,0.2,25.0,bvk2,BVK2,3.1827966966218373,128,256,0.49609375,0.0852340362739341,0.9147659637260659
liu2019-stress-free-period-map-v2,f0.2_chiN25,0.2,25.0,bvk2,BVK2,3.1827966966218373,129,256,0.5,0.0852340362739341,0.9147659637260659
liu2019-stress-free-period-map-v2,f0.2_chiN25,0.2,25.0,bvk2,BVK2,3.1827966966218373,130,256,0.50390625,0.0852581847347115,0.9147418152652885
liu2019-stress-free-period-map-v2,f0.2_chiN25,0.2,25.0,bvk2,BVK2,3.1827966966218373,131,256,0.5078125,0.08530651642403303,0.914693483575967
liu2019-stress-free-period-map-v2,f0.2_chiN25,0.2,25.0,bvk2,BVK2,3.1827966966218373,132,256,0.51171875,0.08537910091515001,0.91462089908485
liu2019-stress-free-period-map-v2,f0.2_chiN25,0.2,25.0,bvk2,BVK2,3.1827966966218373,133,256,0.515625,0.08547604266211858,0.9145239573378814
liu2019-stress-free-period-map-v2,f0.2_chiN25,0.2,25.0,bvk2,BVK2,3.1827966966218373,134,256,0.51953125,0.08559748111247725,0.9144025188875228
liu2019-stress-free-period-map-v2,f0.2_chiN25,0.2,25.0,bvk2,BVK2,3.1827966966218373,135,256,0.5234375,0.0857435908569134,0.9142564091430866
liu2019-stress-free-period-map-v2,f0.2_chiN25,0.2,25.0,bvk2,BVK2,3.1827966966218373,136,256,0.52734375,0.08591458181540479,0.9140854181845952
liu2019-stress-free-period-map-v2,f0.2_chiN25,0.2,25.0,bvk2,BVK2,3.1827966966218373,137,256,0.53125,0.0861106994591672,0.9138893005408328
liu2019-stress-free-period-map-v2,f0.2_chiN25,0.2,25.0,bvk2,BVK2,3.1827966966218373,138,256,0.53515625,0.08633222506756284,0.9136677749324371
liu2019-stress-free-period-map-v2,f0.2_chiN25,0.2,25.0,bvk2,BVK2,3.1827966966218373,139,256,0.5390625,0.08657947601892253,0.9134205239810774
liu2019-stress-free-period-map-v2,f0.2_chiN25,0.2,25.0,bvk2,BVK2,3.1827966966218373,140,256,0.54296875,0.08685280611400815,0.9131471938859919
liu2019-stress-free-period-map-v2,f0.2_chiN25,0.2,25.0,bvk2,BVK2,3.1827966966218373,141,256,0.546875,0.08715260593057435,0.9128473940694256
liu2019-stress-free-period-map-v2,f0.2_chiN25,0.2,25.0,bvk2,BVK2,3.1827966966218373,142,256,0.55078125,0.08747930320719426,0.9125206967928058
liu2019-stress-free-period-map-v2,f0.2_chiN25,0.2,25.0,bvk2,BVK2,3.1827966966218373,143,256,0.5546875,0.08783336325416329,0.9121666367458368
liu2019-stress-free-period-map-v2,f0.2_chiN25,0.2,25.0,bvk2,BVK2,3.1827966966218373,144,256,0.55859375,0.08821528938890513,0.9117847106110949
liu2019-stress-free-period-map-v2,f0.2_chiN25,0.2,25.0,bvk2,BVK2,3.1827966966218373,145,256,0.5625,0.08862562339285446,0.9113743766071456
liu2019-stress-free-period-map-v2,f0.2_chiN25,0.2,25.0,bvk2,BVK2,3.1827966966218373,146,256,0.56640625,0.08906494598628543,0.9109350540137146
liu2019-stress-free-period-map-v2,f0.2_chiN25,0.2,25.0,bvk2,BVK2,3.1827966966218373,147,256,0.5703125,0.08953387731698514,0.9104661226830149
liu2019-stress-free-period-map-v2,f0.2_chiN25,0.2,25.0,bvk2,BVK2,3.1827966966218373,148,256,0.57421875,0.09003307745802668,0.9099669225419733
liu2019-stress-free-period-map-v2,f0.2_chiN25,0.2,25.0,bvk2,BVK2,3.1827966966218373,149,256,0.578125,0.09056324690919514,0.9094367530908049
liu2019-stress-free-period-map-v2,f0.2_chiN25,0.2,25.0,bvk2,BVK2,3.1827966966218373,150,256,0.58203125,0.09112512709582193,0.908874872904178
liu2019-stress-free-period-map-v2,f0.2_chiN25,0.2,25.0,bvk2,BVK2,3.1827966966218373,151,256,0.5859375,0.09171950085793078,0.9082804991420692
liu2019-stress-free-period-map-v2,f0.2_chiN25,0.2,25.0,bvk2,BVK2,3.1827966966218373,152,256,0.58984375,0.09234719292164817,0.9076528070783518
liu2019-stress-free-period-map-v2,f0.2_chiN25,0.2,25.0,bvk2,BVK2,3.1827966966218373,153,256,0.59375,0.09300907034382538,0.9069909296561747
liu2019-stress-free-period-map-v2,f0.2_chiN25,0.2,25.0,bvk2,BVK2,3.1827966966218373,154,256,0.59765625,0.09370604291971887,0.9062939570802812
liu2019-stress-free-period-map-v2,f0.2_chiN25,0.2,25.0,bvk2,BVK2,3.1827966966218373,155,256,0.6015625,0.0944390635424262,0.9055609364575739
liu2019-stress-free-period-map-v2,f0.2_chiN25,0.2,25.0,bvk2,BVK2,3.1827966966218373,156,256,0.60546875,0.09520912850155093,0.9047908714984491
liu2019-stress-free-period-map-v2,f0.2_chiN25,0.2,25.0,bvk2,BVK2,3.1827966966218373,157,256,0.609375,0.09601727770730283,0.9039827222926972
liu2019-stress-free-period-map-v2,f0.2_chiN25,0.2,25.0,bvk2,BVK2,3.1827966966218373,158,256,0.61328125,0.0968645948249287,0.9031354051750713
liu2019-stress-free-period-map-v2,f0.2_chiN25,0.2,25.0,bvk2,BVK2,3.1827966966218373,159,256,0.6171875,0.09775220730303755,0.9022477926969624
liu2019-stress-free-period-map-v2,f0.2_chiN25,0.2,25.0,bvk2,BVK2,3.1827966966218373,160,256,0.62109375,0.0986812862780445,0.9013187137219555
liu2019-stress-free-period-map-v2,f0.2_chiN25,0.2,25.0,bvk2,BVK2,3.1827966966218373,161,256,0.625,0.09965304633563453,0.9003469536643655
liu2019-stress-free-period-map-v2,f0.2_chiN25,0.2,25.0,bvk2,BVK2,3.1827966966218373,162,256,0.62890625,0.10066874510886044,0.8993312548911395
liu2019-stress-free-period-map-v2,f0.2_chiN25,0.2,25.0,bvk2,BVK2,3.1827966966218373,163,256,0.6328125,0.10172968269126668,0.8982703173087333
liu2019-stress-free-period-map-v2,f0.2_chiN25,0.2,25.0,bvk2,BVK2,3.1827966966218373,164,256,0.63671875,0.10283720084230313,0.8971627991576969
liu2019-stress-free-period-map-v2,f0.2_chiN25,0.2,25.0,bvk2,BVK2,3.1827966966218373,165,256,0.640625,0.1039926819612831,0.8960073180387169
liu2019-stress-free-period-map-v2,f0.2_chiN25,0.2,25.0,bvk2,BVK2,3.1827966966218373,166,256,0.64453125,0.10519754780529415,0.8948024521947059
liu2019-stress-free-period-map-v2,f0.2_chiN25,0.2,25.0,bvk2,BVK2,3.1827966966218373,167,256,0.6484375,0.1064532579258052,0.8935467420741948
liu2019-stress-free-period-map-v2,f0.2_chiN25,0.2,25.0,bvk2,BVK2,3.1827966966218373,168,256,0.65234375,0.10776130779828665,0.8922386922017134
liu2019-stress-free-period-map-v2,f0.2_chiN25,0.2,25.0,bvk2,BVK2,3.1827966966218373,169,256,0.65625,0.10912322661898169,0.8908767733810183
liu2019-stress-free-period-map-v2,f0.2_chiN25,0.2,25.0,bvk2,BVK2,3.1827966966218373,170,256,0.66015625,0.11054057474311149,0.8894594252568885
liu2019-stress-free-period-map-v2,f0.2_chiN25,0.2,25.0,bvk2,BVK2,3.1827966966218373,171,256,0.6640625,0.11201494073925128,0.8879850592607488
liu2019-stress-free-period-map-v2,f0.2_chiN25,0.2,25.0,bvk2,BVK2,3.1827966966218373,172,256,0.66796875,0.11354793803547485,0.8864520619645252
liu2019-stress-free-period-map-v2,f0.2_chiN25,0.2,25.0,bvk2,BVK2,3.1827966966218373,173,256,0.671875,0.11514120113410828,0.8848587988658917
liu2019-stress-free-period-map-v2,f0.2_chiN25,0.2,25.0,bvk2,BVK2,3.1827966966218373,174,256,0.67578125,0.11679638137364468,0.8832036186263553
liu2019-stress-free-period-map-v2,f0.2_chiN25,0.2,25.0,bvk2,BVK2,3.1827966966218373,175,256,0.6796875,0.1185151422185376,0.8814848577814625
liu2019-stress-free-period-map-v2,f0.2_chiN25,0.2,25.0,bvk2,BVK2,3.1827966966218373,176,256,0.68359375,0.12029915406026635,0.8797008459397336
liu2019-stress-free-period-map-v2,f0.2_chiN25,0.2,25.0,bvk2,BVK2,3.1827966966218373,177,256,0.6875,0.12215008851626354,0.8778499114837365
liu2019-stress-free-period-map-v2,f0.2_chiN25,0.2,25.0,bvk2,BVK2,3.1827966966218373,178,256,0.69140625,0.12406961221701089,0.8759303877829892
liu2019-stress-free-period-map-v2,f0.2_chiN25,0.2,25.0,bvk2,BVK2,3.1827966966218373,179,256,0.6953125,0.12605938007587306,0.873940619924127
liu2019-stress-free-period-map-v2,f0.2_chiN25,0.2,25.0,bvk2,BVK2,3.1827966966218373,180,256,0.69921875,0.1281210280410251,0.8718789719589749
liu2019-stress-free-period-map-v2,f0.2_chiN25,0.2,25.0,bvk2,BVK2,3.1827966966218373,181,256,0.703125,0.13025616533412177,0.8697438346658782
liu2019-stress-free-period-map-v2,f0.2_chiN25,0.2,25.0,bvk2,BVK2,3.1827966966218373,182,256,0.70703125,0.13246636618613192,0.867533633813868
liu2019-stress-free-period-map-v2,f0.2_chiN25,0.2,25.0,bvk2,BVK2,3.1827966966218373,183,256,0.7109375,0.13475316108695354,0.8652468389130464
liu2019-stress-free-period-map-v2,f0.2_chiN25,0.2,25.0,bvk2,BVK2,3.1827966966218373,184,256,0.71484375,0.1371180275719901,0.8628819724280099
liu2019-stress-free-period-map-v2,f0.2_chiN25,0.2,25.0,bvk2,BVK2,3.1827966966218373,185,256,0.71875,0.13956238057570933,0.8604376194242906
liu2019-stress-free-period-map-v2,f0.2_chiN25,0.2,25.0,bvk2,BVK2,3.1827966966218373,186,256,0.72265625,0.14208756238922407,0.857912437610776
liu2019-stress-free-period-map-v2,f0.2_chiN25,0.2,25.0,bvk2,BVK2,3.1827966966218373,187,256,0.7265625,0.1446948322660255,0.8553051677339745
liu2019-stress-free-period-map-v2,f0.2_chiN25,0.2,25.0,bvk2,BVK2,3.1827966966218373,188,256,0.73046875,0.1473853557270141,0.8526146442729858
liu2019-stress-free-period-map-v2,f0.2_chiN25,0.2,25.0,bvk2,BVK2,3.1827966966218373,189,256,0.734375,0.15016019362278432,0.8498398063772157
liu2019-stress-free-period-map-v2,f0.2_chiN25,0.2,25.0,bvk2,BVK2,3.1827966966218373,190,256,0.73828125,0.15302029101754813,0.8469797089824519
liu2019-stress-free-period-map-v2,f0.2_chiN25,0.2,25.0,bvk2,BVK2,3.1827966966218373,191,256,0.7421875,0.15596646596499233,0.8440335340350077
liu2019-stress-free-period-map-v2,f0.2_chiN25,0.2,25.0,bvk2,BVK2,3.1827966966218373,192,256,0.74609375,0.15899939825156836,0.8410006017484316
liu2019-stress-free-period-map-v2,f0.2_chiN25,0.2,25.0,bvk2,BVK2,3.1827966966218373,193,256,0.75,0.16211961818707293,0.837880381812927
liu2019-stress-free-period-map-v2,f0.2_chiN25,0.2,25.0,bvk2,BVK2,3.1827966966218373,194,256,0.75390625,0.16532749552572876,0.8346725044742712
liu2019-stress-free-period-map-v2,f0.2_chiN25,0.2,25.0,bvk2,BVK2,3.1827966966218373,195,256,0.7578125,0.16862322860321088,0.8313767713967891
liu2019-stress-free-period-map-v2,f0.2_chiN25,0.2,25.0,bvk2,BVK2,3.1827966966218373,196,256,0.76171875,0.17200683377606912,0.8279931662239308
liu2019-stress-free-period-map-v2,f0.2_chiN25,0.2,25.0,bvk2,BVK2,3.1827966966218373,197,256,0.765625,0.17547813524972278,0.8245218647502772
liu2019-stress-free-period-map-v2,f0.2_chiN25,0.2,25.0,bvk2,BVK2,3.1827966966218373,198,256,0.76953125,0.17903675537961075,0.8209632446203893
liu2019-stress-free-period-map-v2,f0.2_chiN25,0.2,25.0,bvk2,BVK2,3.1827966966218373,199,256,0.7734375,0.18268210552719535,0.8173178944728047
liu2019-stress-free-period-map-v2,f0.2_chiN25,0.2,25.0,bvk2,BVK2,3.1827966966218373,200,256,0.77734375,0.18641337754837936,0.8135866224516206
liu2019-stress-free-period-map-v2,f0.2_chiN25,0.2,25.0,bvk2,BVK2,3.1827966966218373,201,256,0.78125,0.19022953598659298,0.809770464013407
liu2019-stress-free-period-map-v2,f0.2_chiN25,0.2,25.0,bvk2,BVK2,3.1827966966218373,202,256,0.78515625,0.19412931103641454,0.8058706889635855
liu2019-stress-free-period-map-v2,f0.2_chiN25,0.2,25.0,bvk2,BVK2,3.1827966966218373,203,256,0.7890625,0.19811119233618077,0.8018888076638192
liu2019-stress-free-period-map-v2,f0.2_chiN25,0.2,25.0,bvk2,BVK2,3.1827966966218373,204,256,0.79296875,0.2021734236396414,0.7978265763603586
liu2019-stress-free-period-map-v2,f0.2_chiN25,0.2,25.0,bvk2,BVK2,3.1827966966218373,205,256,0.796875,0.20631399840727116,0.7936860015927288
liu2019-stress-free-period-map-v2,f0.2_chiN25,0.2,25.0,bvk2,BVK2,3.1827966966218373,206,256,0.80078125,0.21053065634720575,0.7894693436527942
liu2019-stress-free-period-map-v2,f0.2_chiN25,0.2,25.0,bvk2,BVK2,3.1827966966218373,207,256,0.8046875,0.21482088092367166,0.7851791190763283
liu2019-stress-free-period-map-v2,f0.2_chiN25,0.2,25.0,bvk2,BVK2,3.1827966966218373,208,256,0.80859375,0.21918189783688832,0.7808181021631116
liu2019-stress-free-period-map-v2,f0.2_chiN25,0.2,25.0,bvk2,BVK2,3.1827966966218373,209,256,0.8125,0.22361067446240243,0.7763893255375975
liu2019-stress-free-period-map-v2,f0.2_chiN25,0.2,25.0,bvk2,BVK2,3.1827966966218373,210,256,0.81640625,0.22810392021944284,0.7718960797805572
liu2019-stress-free-period-map-v2,f0.2_chiN25,0.2,25.0,bvk2,BVK2,3.1827966966218373,211,256,0.8203125,0.23265808781728234,0.7673419121827176
liu2019-stress-free-period-map-v2,f0.2_chiN25,0.2,25.0,bvk2,BVK2,3.1827966966218373,212,256,0.82421875,0.23726937530640166,0.7627306246935983
liu2019-stress-free-period-map-v2,f0.2_chiN25,0.2,25.0,bvk2,BVK2,3.1827966966218373,213,256,0.828125,0.24193372883894368,0.7580662711610563
liu2019-stress-free-period-map-v2,f0.2_chiN25,0.2,25.0,bvk2,BVK2,3.1827966966218373,214,256,0.83203125,0.24664684602294143,0.7533531539770586
liu2019-stress-free-period-map-v2,f0.2_chiN25,0.2,25.0,bvk2,BVK2,3.1827966966218373,215,256,0.8359375,0.2514041797405536,0.7485958202594464
liu2019-stress-free-period-map-v2,f0.2_chiN25,0.2,25.0,bvk2,BVK2,3.1827966966218373,216,256,0.83984375,0.25620094229625684,0.7437990577037432
liu2019-stress-free-period-map-v2,f0.2_chiN25,0.2,25.0,bvk2,BVK2,3.1827966966218373,217,256,0.84375,0.26103210977097757,0.7389678902290224
liu2019-stress-free-period-map-v2,f0.2_chiN25,0.2,25.0,bvk2,BVK2,3.1827966966218373,218,256,0.84765625,0.2658924264859989,0.734107573514001
liu2019-stress-free-period-map-v2,f0.2_chiN25,0.2,25.0,bvk2,BVK2,3.1827966966218373,219,256,0.8515625,0.2707764095272868,0.7292235904727131
liu2019-stress-free-period-map-v2,f0.2_chiN25,0.2,25.0,bvk2,BVK2,3.1827966966218373,220,256,0.85546875,0.27567835334377894,0.724321646656221
liu2019-stress-free-period-map-v2,f0.2_chiN25,0.2,25.0,bvk2,BVK2,3.1827966966218373,221,256,0.859375,0.28059233450374815,0.7194076654962518
liu2019-stress-free-period-map-v2,f0.2_chiN25,0.2,25.0,bvk2,BVK2,3.1827966966218373,222,256,0.86328125,0.2855122167566217,0.7144877832433782
liu2019-stress-free-period-map-v2,f0.2_chiN25,0.2,25.0,bvk2,BVK2,3.1827966966218373,223,256,0.8671875,0.29043165658255443,0.7095683434174456
liu2019-stress-free-period-map-v2,f0.2_chiN25,0.2,25.0,bvk2,BVK2,3.1827966966218373,224,256,0.87109375,0.29534410939359734,0.7046558906064027
liu2019-stress-free-period-map-v2,f0.2_chiN25,0.2,25.0,bvk2,BVK2,3.1827966966218373,225,256,0.875,0.3002428364542091,0.6997571635457909
liu2019-stress-free-period-map-v2,f0.2_chiN25,0.2,25.0,bvk2,BVK2,3.1827966966218373,226,256,0.87890625,0.30512091239827277,0.6948790876017272
liu2019-stress-free-period-map-v2,f0.2_chiN25,0.2,25.0,bvk2,BVK2,3.1827966966218373,227,256,0.8828125,0.3099712329338344,0.6900287670661656
liu2019-stress-free-period-map-v2,f0.2_chiN25,0.2,25.0,bvk2,BVK2,3.1827966966218373,228,256,0.88671875,0.3147865219688327,0.6852134780311673
liu2019-stress-free-period-map-v2,f0.2_chiN25,0.2,25.0,bvk2,BVK2,3.1827966966218373,229,256,0.890625,0.3195593370150979,0.680440662984902
liu2019-stress-free-period-map-v2,f0.2_chiN25,0.2,25.0,bvk2,BVK2,3.1827966966218373,230,256,0.89453125,0.3242820714192369,0.6757179285807631
liu2019-stress-free-period-map-v2,f0.2_chiN25,0.2,25.0,bvk2,BVK2,3.1827966966218373,231,256,0.8984375,0.32894695183780576,0.6710530481621942
liu2019-stress-free-period-map-v2,f0.2_chiN25,0.2,25.0,bvk2,BVK2,3.1827966966218373,232,256,0.90234375,0.33354602953795837,0.6664539704620416
liu2019-stress-free-period-map-v2,f0.2_chiN25,0.2,25.0,bvk2,BVK2,3.1827966966218373,233,256,0.90625,0.33807116466122483,0.6619288353387751
liu2019-stress-free-period-map-v2,f0.2_chiN25,0.2,25.0,bvk2,BVK2,3.1827966966218373,234,256,0.91015625,0.3425140035800711,0.6574859964199289
liu2019-stress-free-period-map-v2,f0.2_chiN25,0.2,25.0,bvk2,BVK2,3.1827966966218373,235,256,0.9140625,0.34686595085745153,0.6531340491425485
liu2019-stress-free-period-map-v2,f0.2_chiN25,0.2,25.0,bvk2,BVK2,3.1827966966218373,236,256,0.91796875,0.35111813892839505,0.648881861071605
liu2019-stress-free-period-map-v2,f0.2_chiN25,0.2,25.0,bvk2,BVK2,3.1827966966218373,237,256,0.921875,0.35526140018784697,0.6447385998121531
liu2019-stress-free-period-map-v2,f0.2_chiN25,0.2,25.0,bvk2,BVK2,3.1827966966218373,238,256,0.92578125,0.35928624734549797,0.640713752654502
liu2019-stress-free-period-map-v2,f0.2_chiN25,0.2,25.0,bvk2,BVK2,3.1827966966218373,239,256,0.9296875,0.3631828683534787,0.6368171316465213
liu2019-stress-free-period-map-v2,f0.2_chiN25,0.2,25.0,bvk2,BVK2,3.1827966966218373,240,256,0.93359375,0.3669411416851535,0.6330588583148464
liu2019-stress-free-period-map-v2,f0.2_chiN25,0.2,25.0,bvk2,BVK2,3.1827966966218373,241,256,0.9375,0.3705506761923416,0.6294493238076584
liu2019-stress-free-period-map-v2,f0.2_chiN25,0.2,25.0,bvk2,BVK2,3.1827966966218373,242,256,0.94140625,0.37400087737971255,0.6259991226202875
liu2019-stress-free-period-map-v2,f0.2_chiN25,0.2,25.0,bvk2,BVK2,3.1827966966218373,243,256,0.9453125,0.37728103910318667,0.6227189608968133
liu2019-stress-free-period-map-v2,f0.2_chiN25,0.2,25.0,bvk2,BVK2,3.1827966966218373,244,256,0.94921875,0.38038045693049194,0.6196195430695081
liu2019-stress-free-period-map-v2,f0.2_chiN25,0.2,25.0,bvk2,BVK2,3.1827966966218373,245,256,0.953125,0.3832885571814556,0.6167114428185444
liu2019-stress-free-period-map-v2,f0.2_chiN25,0.2,25.0,bvk2,BVK2,3.1827966966218373,246,256,0.95703125,0.38599503433498117,0.6140049656650188
liu2019-stress-free-period-map-v2,f0.2_chiN25,0.2,25.0,bvk2,BVK2,3.1827966966218373,247,256,0.9609375,0.38848998918086597,0.611510010819134
liu2019-stress-free-period-map-v2,f0.2_chiN25,0.2,25.0,bvk2,BVK2,3.1827966966218373,248,256,0.96484375,0.39076406073116027,0.6092359392688398
liu2019-stress-free-period-map-v2,f0.2_chiN25,0.2,25.0,bvk2,BVK2,3.1827966966218373,249,256,0.96875,0.3928085462587853,0.6071914537412146
liu2019-stress-free-period-map-v2,f0.2_chiN25,0.2,25.0,bvk2,BVK2,3.1827966966218373,250,256,0.97265625,0.39461550559836417,0.6053844944016358
liu2019-stress-free-period-map-v2,f0.2_chiN25,0.2,25.0,bvk2,BVK2,3.1827966966218373,251,256,0.9765625,0.3961778477227401,0.6038221522772599
liu2019-stress-free-period-map-v2,f0.2_chiN25,0.2,25.0,bvk2,BVK2,3.1827966966218373,252,256,0.98046875,0.397489399344947,0.602510600655053
liu2019-stress-free-period-map-v2,f0.2_chiN25,0.2,25.0,bvk2,BVK2,3.1827966966218373,253,256,0.984375,0.3985449567088002,0.6014550432911998
liu2019-stress-free-period-map-v2,f0.2_chiN25,0.2,25.0,bvk2,BVK2,3.1827966966218373,254,256,0.98828125,0.39934032271756004,0.60065967728244
liu2019-stress-free-period-map-v2,f0.2_chiN25,0.2,25.0,bvk2,BVK2,3.1827966966218373,255,256,0.9921875,0.39987233207239453,0.6001276679276055
liu2019-stress-free-period-map-v2,f0.2_chiN25,0.2,25.0,bvk2,BVK2,3.1827966966218373,256,256,0.99609375,0.40013886716703223,0.5998611328329677
liu2019-stress-free-period-map-v2,f0.2_chiN25,0.2,25.0,ohta_kawasaki,Ohta-Kawasaki (recomputed),3.0195448831291967,1,128,0.0,0.6199150122878665,0.3800849877121335
liu2019-stress-free-period-map-v2,f0.2_chiN25,0.2,25.0,ohta_kawasaki,Ohta-Kawasaki (recomputed),3.0195448831291967,2,128,0.0078125,0.6194146231381983,0.3805853768618017
liu2019-stress-free-period-map-v2,f0.2_chiN25,0.2,25.0,ohta_kawasaki,Ohta-Kawasaki (recomputed),3.0195448831291967,3,128,0.015625,0.617914480912201,0.382085519087799
liu2019-stress-free-period-map-v2,f0.2_chiN25,0.2,25.0,ohta_kawasaki,Ohta-Kawasaki (recomputed),3.0195448831291967,4,128,0.0234375,0.6154176603491932,0.3845823396508068
liu2019-stress-free-period-map-v2,f0.2_chiN25,0.2,25.0,ohta_kawasaki,Ohta-Kawasaki (recomputed),3.0195448831291967,5,128,0.03125,0.611929294191526,0.388070705808474
liu2019-stress-free-period-map-v2,f0.2_chiN25,0.2,25.0,ohta_kawasaki,Ohta-Kawasaki (recomputed),3.0195448831291967,6,128,0.0390625,0.6074565804654306,0.3925434195345694
liu2019-stress-free-period-map-v2,f0.2_chiN25,0.2,25.0,ohta_kawasaki,Ohta-Kawasaki (recomputed),3.0195448831291967,7,128,0.046875,0.6020087976047896,0.39799120239521035
liu2019-stress-free-period-map-v2,f0.2_chiN25,0.2,25.0,ohta_kawasaki,Ohta-Kawasaki (recomputed),3.0195448831291967,8,128,0.0546875,0.5955973169012366,0.40440268309876337
liu2019-stress-free-period-map-v2,f0.2_chiN25,0.2,25.0,ohta_kawasaki,Ohta-Kawasaki (recomputed),3.0195448831291967,9,128,0.0625,0.5882356190814729,0.4117643809185271
liu2019-stress-free-period-map-v2,f0.2_chiN25,0.2,25.0,ohta_kawasaki,Ohta-Kawasaki (recomputed),3.0195448831291967,10,128,0.0703125,0.5799393115631137,0.42006068843688626
liu2019-stress-free-period-map-v2,f0.2_chiN25,0.2,25.0,ohta_kawasaki,Ohta-Kawasaki (recomputed),3.0195448831291967,11,128,0.078125,0.5707261443410663,0.4292738556589337
liu2019-stress-free-period-map-v2,f0.2_chiN25,0.2,25.0,ohta_kawasaki,Ohta-Kawasaki (recomputed),3.0195448831291967,12,128,0.0859375,0.5606160267798176,0.4393839732201824
liu2019-stress-free-period-map-v2,f0.2_chiN25,0.2,25.0,ohta_kawasaki,Ohta-Kawasaki (recomputed),3.0195448831291967,13,128,0.09375,0.5496310368206611,0.45036896317933894
liu2019-stress-free-period-map-v2,f0.2_chiN25,0.2,25.0,ohta_kawasaki,Ohta-Kawasaki (recomputed),3.0195448831291967,14,128,0.1015625,0.5377954287855387,0.46220457121446135
liu2019-stress-free-period-map-v2,f0.2_chiN25,0.2,25.0,ohta_kawasaki,Ohta-Kawasaki (recomputed),3.0195448831291967,15,128,0.109375,0.5251356335760454,0.4748643664239546
liu2019-stress-free-period-map-v2,f0.2_chiN25,0.2,25.0,ohta_kawasaki,Ohta-Kawasaki (recomputed),3.0195448831291967,16,128,0.1171875,0.5116802524813108,0.48831974751868923
liu2019-stress-free-period-map-v2,f0.2_chiN25,0.2,25.0,ohta_kawasaki,Ohta-Kawasaki (recomputed),3.0195448831291967,17,128,0.125,0.49746004366051927,0.5025399563394808
liu2019-stress-free-period-map-v2,f0.2_chiN25,0.2,25.0,ohta_kawasaki,Ohta-Kawasaki (recomputed),3.0195448831291967,18,128,0.1328125,0.4825078961264472,0.5174921038735528
liu2019-stress-free-period-map-v2,f0.2_chiN25,0.2,25.0,ohta_kawasaki,Ohta-Kawasaki (recomputed),3.0195448831291967,19,128,0.140625,0.466858794670707,0.533141205329293
liu2019-stress-free-period-map-v2,f0.2_chiN25,0.2,25.0,ohta_kawasaki,Ohta-Kawasaki (recomputed),3.0195448831291967,20,128,0.1484375,0.4505497709777498,0.5494502290222503
liu2019-stress-free-period-map-v2,f0.2_chiN25,0.2,25.0,ohta_kawasaki,Ohta-Kawasaki (recomputed),3.0195448831291967,21,128,0.15625,0.43361984218989963,0.5663801578101004
liu2019-stress-free-period-map-v2,f0.2_chiN25,0.2,25.0,ohta_kawasaki,Ohta-Kawasaki (recomputed),3.0195448831291967,22,128,0.1640625,0.41610993803350627,0.5838900619664937
liu2019-stress-free-period-map-v2,f0.2_chiN25,0.2,25.0,ohta_kawasaki,Ohta-Kawasaki (recomputed),3.0195448831291967,23,128,0.171875,0.3980628094204563,0.6019371905795436
liu2019-stress-free-period-map-v2,f0.2_chiN25,0.2,25.0,ohta_kawasaki,Ohta-Kawasaki (recomputed),3.0195448831291967,24,128,0.1796875,0.37952292831202106,0.6204770716879789
liu2019-stress-free-period-map-v2,f0.2_chiN25,0.2,25.0,ohta_kawasaki,Ohta-Kawasaki (recomputed),3.0195448831291967,25,128,0.1875,0.36053636725225874,0.6394636327477412
liu2019-stress-free-period-map-v2,f0.2_chiN25,0.2,25.0,ohta_kawasaki,Ohta-Kawasaki (recomputed),3.0195448831291967,26,128,0.1953125,0.3411506711355846,0.6588493288644154
liu2019-stress-free-period-map-v2,f0.2_chiN25,0.2,25.0,ohta_kawasaki,Ohta-Kawasaki (recomputed),3.0195448831291967,27,128,0.203125,0.3214147108836143,0.6785852891163857
liu2019-stress-free-period-map-v2,f0.2_chiN25,0.2,25.0,ohta_kawasaki,Ohta-Kawasaki (recomputed),3.0195448831291967,28,128,0.2109375,0.30137852792656983,0.6986214720734302
liu2019-stress-free-period-map-v2,f0.2_chiN25,0.2,25.0,ohta_kawasaki,Ohta-Kawasaki (recomputed),3.0195448831291967,29,128,0.21875,0.28109316568807435,0.7189068343119256
liu2019-stress-free-period-map-v2,f0.2_chiN25,0.2,25.0,ohta_kawasaki,Ohta-Kawasaki (recomputed),3.0195448831291967,30,128,0.2265625,0.2606104915596073,0.7393895084403928
liu2019-stress-free-period-map-v2,f0.2_chiN25,0.2,25.0,ohta_kawasaki,Ohta-Kawasaki (recomputed),3.0195448831291967,31,128,0.234375,0.23998301183196993,0.7600169881680301
liu2019-stress-free-period-map-v2,f0.2_chiN25,0.2,25.0,ohta_kawasaki,Ohta-Kawasaki (recomputed),3.0195448831291967,32,128,0.2421875,0.21926367929708462,0.7807363207029154
liu2019-stress-free-period-map-v2,f0.2_chiN25,0.2,25.0,ohta_kawasaki,Ohta-Kawasaki (recomputed),3.0195448831291967,33,128,0.25,0.19850569667246049,0.8014943033275395
liu2019-stress-free-period-map-v2,f0.2_chiN25,0.2,25.0,ohta_kawasaki,Ohta-Kawasaki (recomputed),3.0195448831291967,34,128,0.2578125,0.17776231740511073,0.8222376825948893
liu2019-stress-free-period-map-v2,f0.2_chiN25,0.2,25.0,ohta_kawasaki,Ohta-Kawasaki (recomputed),3.0195448831291967,35,128,0.265625,0.15708664552277263,0.8429133544772274
liu2019-stress-free-period-map-v2,f0.2_chiN25,0.2,25.0,ohta_kawasaki,Ohta-Kawasaki (recomputed),3.0195448831291967,36,128,0.2734375,0.13653143905592868,0.8634685609440713
liu2019-stress-free-period-map-v2,f0.2_chiN25,0.2,25.0,ohta_kawasaki,Ohta-Kawasaki (recomputed),3.0195448831291967,37,128,0.28125,0.11614891494179962,0.8838510850582004
liu2019-stress-free-period-map-v2,f0.2_chiN25,0.2,25.0,ohta_kawasaki,Ohta-Kawasaki (recomputed),3.0195448831291967,38,128,0.2890625,0.09599056239055241,0.9040094376094476
liu2019-stress-free-period-map-v2,f0.2_chiN25,0.2,25.0,ohta_kawasaki,Ohta-Kawasaki (recomputed),3.0195448831291967,39,128,0.296875,0.07610696118310496,0.923893038816895
liu2019-stress-free-period-map-v2,f0.2_chiN25,0.2,25.0,ohta_kawasaki,Ohta-Kawasaki (recomputed),3.0195448831291967,40,128,0.3046875,0.05654761164039909,0.9434523883596009
liu2019-stress-free-period-map-v2,f0.2_chiN25,0.2,25.0,ohta_kawasaki,Ohta-Kawasaki (recomputed),3.0195448831291967,41,128,0.3125,0.03736077396533688,0.9626392260346631
liu2019-stress-free-period-map-v2,f0.2_chiN25,0.2,25.0,ohta_kawasaki,Ohta-Kawasaki (recomputed),3.0195448831291967,42,128,0.3203125,0.01859332053584692,0.981406679464153
liu2019-stress-free-period-map-v2,f0.2_chiN25,0.2,25.0,ohta_kawasaki,Ohta-Kawasaki (recomputed),3.0195448831291967,43,128,0.328125,0.00029060219560905765,0.9997093978043909
liu2019-stress-free-period-map-v2,f0.2_chiN25,0.2,25.0,ohta_kawasaki,Ohta-Kawasaki (recomputed),3.0195448831291967,44,128,0.3359375,-0.017503671625319628,1.0175036716253196
liu2019-stress-free-period-map-v2,f0.2_chiN25,0.2,25.0,ohta_kawasaki,Ohta-Kawasaki (recomputed),3.0195448831291967,45,128,0.34375,-0.03474753711376155,1.0347475371137616
liu2019-stress-free-period-map-v2,f0.2_chiN25,0.2,25.0,ohta_kawasaki,Ohta-Kawasaki (recomputed),3.0195448831291967,46,128,0.3515625,-0.05140086810733496,1.051400868107335
liu2019-stress-free-period-map-v2,f0.2_chiN25,0.2,25.0,ohta_kawasaki,Ohta-Kawasaki (recomputed),3.0195448831291967,47,128,0.359375,-0.06742545076351103,1.067425450763511
liu2019-stress-free-period-map-v2,f0.2_chiN25,0.2,25.0,ohta_kawasaki,Ohta-Kawasaki (recomputed),3.0195448831291967,48,128,0.3671875,-0.08278504583898122,1.0827850458389812
liu2019-stress-free-period-map-v2,f0.2_chiN25,0.2,25.0,ohta_kawasaki,Ohta-Kawasaki (recomputed),3.0195448831291967,49,128,0.375,-0.0974454325228668,1.0974454325228669
liu2019-stress-free-period-map-v2,f0.2_chiN25,0.2,25.0,ohta_kawasaki,Ohta-Kawasaki (recomputed),3.0195448831291967,50,128,0.3828125,-0.11137444364640647,1.1113744436464064
liu2019-stress-free-period-map-v2,f0.2_chiN25,0.2,25.0,ohta_kawasaki,Ohta-Kawasaki (recomputed),3.0195448831291967,51,128,0.390625,-0.12454198385274645,1.1245419838527464
liu2019-stress-free-period-map-v2,f0.2_chiN25,0.2,25.0,ohta_kawasaki,Ohta-Kawasaki (recomputed),3.0195448831291967,52,128,0.3984375,-0.13692004164395283,1.1369200416439529
liu2019-stress-free-period-map-v2,f0.2_chiN25,0.2,25.0,ohta_kawasaki,Ohta-Kawasaki (recomputed),3.0195448831291967,53,128,0.40625,-0.1484826875055975,1.1484826875055976
liu2019-stress-free-period-map-v2,f0.2_chiN25,0.2,25.0,ohta_kawasaki,Ohta-Kawasaki (recomputed),3.0195448831291967,54,128,0.4140625,-0.15920606618694155,1.1592060661869414
liu2019-stress-free-period-map-v2,f0.2_chiN25,0.2,25.0,ohta_kawasaki,Ohta-Kawasaki (recomputed),3.0195448831291967,55,128,0.421875,-0.16906837958096754,1.1690683795809675
liu2019-stress-free-period-map-v2,f0.2_chiN25,0.2,25.0,ohta_kawasaki,Ohta-Kawasaki (recomputed),3.0195448831291967,56,128,0.4296875,-0.17804986431242142,1.1780498643124213
liu2019-stress-free-period-map-v2,f0.2_chiN25,0.2,25.0,ohta_kawasaki,Ohta-Kawasaki (recomputed),3.0195448831291967,57,128,0.4375,-0.18613276470599777,1.1861327647059978
liu2019-stress-free-period-map-v2,f0.2_chiN25,0.2,25.0,ohta_kawasaki,Ohta-Kawasaki (recomputed),3.0195448831291967,58,128,0.4453125,-0.1933013042666062,1.193301304266606
liu2019-stress-free-period-map-v2,f0.2_chiN25,0.2,25.0,ohta_kawasaki,Ohta-Kawasaki (recomputed),3.0195448831291967,59,128,0.453125,-0.19954165389962136,1.1995416538996213
liu2019-stress-free-period-map-v2,f0.2_chiN25,0.2,25.0,ohta_kawasaki,Ohta-Kawasaki (recomputed),3.0195448831291967,60,128,0.4609375,-0.20484190387731738,1.2048419038773175
liu2019-stress-free-period-map-v2,f0.2_chiN25,0.2,25.0,ohta_kawasaki,Ohta-Kawasaki (recomputed),3.0195448831291967,61,128,0.46875,-0.2091920317824899,1.2091920317824898
liu2019-stress-free-period-map-v2,f0.2_chiN25,0.2,25.0,ohta_kawasaki,Ohta-Kawasaki (recomputed),3.0195448831291967,62,128,0.4765625,-0.2125838788574797,1.2125838788574796
liu2019-stress-free-period-map-v2,f0.2_chiN25,0.2,25.0,ohta_kawasaki,Ohta-Kawasaki (recomputed),3.0195448831291967,63,128,0.484375,-0.21501112392461819,1.2150111239246182
liu2019-stress-free-period-map-v2,f0.2_chiN25,0.2,25.0,ohta_kawasaki,Ohta-Kawasaki (recomputed),3.0195448831291967,64,128,0.4921875,-0.2164692668460767,1.2164692668460768
liu2019-stress-free-period-map-v2,f0.2_chiN25,0.2,25.0,ohta_kawasaki,Ohta-Kawasaki (recomputed),3.0195448831291967,65,128,0.5,-0.21695561349901926,1.2169556134990192
liu2019-stress-free-period-map-v2,f0.2_chiN25,0.2,25.0,ohta_kawasaki,Ohta-Kawasaki (recomputed),3.0195448831291967,66,128,0.5078125,-0.2164692668460767,1.2164692668460768
liu2019-stress-free-period-map-v2,f0.2_chiN25,0.2,25.0,ohta_kawasaki,Ohta-Kawasaki (recomputed),3.0195448831291967,67,128,0.515625,-0.21501112392461819,1.2150111239246182
liu2019-stress-free-period-map-v2,f0.2_chiN25,0.2,25.0,ohta_kawasaki,Ohta-Kawasaki (recomputed),3.0195448831291967,68,128,0.5234375,-0.2125838788574797,1.2125838788574796
liu2019-stress-free-period-map-v2,f0.2_chiN25,0.2,25.0,ohta_kawasaki,Ohta-Kawasaki (recomputed),3.0195448831291967,69,128,0.53125,-0.2091920317824899,1.2091920317824898
liu2019-stress-free-period-map-v2,f0.2_chiN25,0.2,25.0,ohta_kawasaki,Ohta-Kawasaki (recomputed),3.0195448831291967,70,128,0.5390625,-0.20484190387731738,1.2048419038773175
liu2019-stress-free-period-map-v2,f0.2_chiN25,0.2,25.0,ohta_kawasaki,Ohta-Kawasaki (recomputed),3.0195448831291967,71,128,0.546875,-0.19954165389962136,1.1995416538996213
liu2019-stress-free-period-map-v2,f0.2_chiN25,0.2,25.0,ohta_kawasaki,Ohta-Kawasaki (recomputed),3.0195448831291967,72,128,0.5546875,-0.1933013042666062,1.193301304266606
liu2019-stress-free-period-map-v2,f0.2_chiN25,0.2,25.0,ohta_kawasaki,Ohta-Kawasaki (recomputed),3.0195448831291967,73,128,0.5625,-0.18613276470599777,1.1861327647059978
liu2019-stress-free-period-map-v2,f0.2_chiN25,0.2,25.0,ohta_kawasaki,Ohta-Kawasaki (recomputed),3.0195448831291967,74,128,0.5703125,-0.17804986431242142,1.1780498643124213
liu2019-stress-free-period-map-v2,f0.2_chiN25,0.2,25.0,ohta_kawasaki,Ohta-Kawasaki (recomputed),3.0195448831291967,75,128,0.578125,-0.16906837958096754,1.1690683795809675
liu2019-stress-free-period-map-v2,f0.2_chiN25,0.2,25.0,ohta_kawasaki,Ohta-Kawasaki (recomputed),3.0195448831291967,76,128,0.5859375,-0.15920606618694155,1.1592060661869414
liu2019-stress-free-period-map-v2,f0.2_chiN25,0.2,25.0,ohta_kawasaki,Ohta-Kawasaki (recomputed),3.0195448831291967,77,128,0.59375,-0.1484826875055975,1.1484826875055976
liu2019-stress-free-period-map-v2,f0.2_chiN25,0.2,25.0,ohta_kawasaki,Ohta-Kawasaki (recomputed),3.0195448831291967,78,128,0.6015625,-0.13692004164395283,1.1369200416439529
liu2019-stress-free-period-map-v2,f0.2_chiN25,0.2,25.0,ohta_kawasaki,Ohta-Kawasaki (recomputed),3.0195448831291967,79,128,0.609375,-0.12454198385274645,1.1245419838527464
liu2019-stress-free-period-map-v2,f0.2_chiN25,0.2,25.0,ohta_kawasaki,Ohta-Kawasaki (recomputed),3.0195448831291967,80,128,0.6171875,-0.11137444364640647,1.1113744436464064
liu2019-stress-free-period-map-v2,f0.2_chiN25,0.2,25.0,ohta_kawasaki,Ohta-Kawasaki (recomputed),3.0195448831291967,81,128,0.625,-0.0974454325228668,1.0974454325228669
liu2019-stress-free-period-map-v2,f0.2_chiN25,0.2,25.0,ohta_kawasaki,Ohta-Kawasaki (recomputed),3.0195448831291967,82,128,0.6328125,-0.08278504583898122,1.0827850458389812
liu2019-stress-free-period-map-v2,f0.2_chiN25,0.2,25.0,ohta_kawasaki,Ohta-Kawasaki (recomputed),3.0195448831291967,83,128,0.640625,-0.06742545076351103,1.067425450763511
liu2019-stress-free-period-map-v2,f0.2_chiN25,0.2,25.0,ohta_kawasaki,Ohta-Kawasaki (recomputed),3.0195448831291967,84,128,0.6484375,-0.05140086810733496,1.051400868107335
liu2019-stress-free-period-map-v2,f0.2_chiN25,0.2,25.0,ohta_kawasaki,Ohta-Kawasaki (recomputed),3.0195448831291967,85,128,0.65625,-0.03474753711376155,1.0347475371137616
liu2019-stress-free-period-map-v2,f0.2_chiN25,0.2,25.0,ohta_kawasaki,Ohta-Kawasaki (recomputed),3.0195448831291967,86,128,0.6640625,-0.017503671625319628,1.0175036716253196
liu2019-stress-free-period-map-v2,f0.2_chiN25,0.2,25.0,ohta_kawasaki,Ohta-Kawasaki (recomputed),3.0195448831291967,87,128,0.671875,0.00029060219560905765,0.9997093978043909
liu2019-stress-free-period-map-v2,f0.2_chiN25,0.2,25.0,ohta_kawasaki,Ohta-Kawasaki (recomputed),3.0195448831291967,88,128,0.6796875,0.01859332053584692,0.981406679464153
liu2019-stress-free-period-map-v2,f0.2_chiN25,0.2,25.0,ohta_kawasaki,Ohta-Kawasaki (recomputed),3.0195448831291967,89,128,0.6875,0.03736077396533688,0.9626392260346631
liu2019-stress-free-period-map-v2,f0.2_chiN25,0.2,25.0,ohta_kawasaki,Ohta-Kawasaki (recomputed),3.0195448831291967,90,128,0.6953125,0.05654761164039909,0.9434523883596009
liu2019-stress-free-period-map-v2,f0.2_chiN25,0.2,25.0,ohta_kawasaki,Ohta-Kawasaki (recomputed),3.0195448831291967,91,128,0.703125,0.07610696118310496,0.923893038816895
liu2019-stress-free-period-map-v2,f0.2_chiN25,0.2,25.0,ohta_kawasaki,Ohta-Kawasaki (recomputed),3.0195448831291967,92,128,0.7109375,0.09599056239055241,0.9040094376094476
liu2019-stress-free-period-map-v2,f0.2_chiN25,0.2,25.0,ohta_kawasaki,Ohta-Kawasaki (recomputed),3.0195448831291967,93,128,0.71875,0.11614891494179962,0.8838510850582004
liu2019-stress-free-period-map-v2,f0.2_chiN25,0.2,25.0,ohta_kawasaki,Ohta-Kawasaki (recomputed),3.0195448831291967,94,128,0.7265625,0.13653143905592868,0.8634685609440713
liu2019-stress-free-period-map-v2,f0.2_chiN25,0.2,25.0,ohta_kawasaki,Ohta-Kawasaki (recomputed),3.0195448831291967,95,128,0.734375,0.15708664552277263,0.8429133544772274
liu2019-stress-free-period-map-v2,f0.2_chiN25,0.2,25.0,ohta_kawasaki,Ohta-Kawasaki (recomputed),3.0195448831291967,96,128,0.7421875,0.17776231740511073,0.8222376825948893
liu2019-stress-free-period-map-v2,f0.2_chiN25,0.2,25.0,ohta_kawasaki,Ohta-Kawasaki (recomputed),3.0195448831291967,97,128,0.75,0.19850569667246049,0.8014943033275395
liu2019-stress-free-period-map-v2,f0.2_chiN25,0.2,25.0,ohta_kawasaki,Ohta-Kawasaki (recomputed),3.0195448831291967,98,128,0.7578125,0.21926367929708462,0.7807363207029154
liu2019-stress-free-period-map-v2,f0.2_chiN25,0.2,25.0,ohta_kawasaki,Ohta-Kawasaki (recomputed),3.0195448831291967,99,128,0.765625,0.23998301183196993,0.7600169881680301
liu2019-stress-free-period-map-v2,f0.2_chiN25,0.2,25.0,ohta_kawasaki,Ohta-Kawasaki (recomputed),3.0195448831291967,100,128,0.7734375,0.2606104915596073,0.7393895084403928
liu2019-stress-free-period-map-v2,f0.2_chiN25,0.2,25.0,ohta_kawasaki,Ohta-Kawasaki (recomputed),3.0195448831291967,101,128,0.78125,0.28109316568807435,0.7189068343119256
liu2019-stress-free-period-map-v2,f0.2_chiN25,0.2,25.0,ohta_kawasaki,Ohta-Kawasaki (recomputed),3.0195448831291967,102,128,0.7890625,0.30137852792656983,0.6986214720734302
liu2019-stress-free-period-map-v2,f0.2_chiN25,0.2,25.0,ohta_kawasaki,Ohta-Kawasaki (recomputed),3.0195448831291967,103,128,0.796875,0.3214147108836143,0.6785852891163857
liu2019-stress-free-period-map-v2,f0.2_chiN25,0.2,25.0,ohta_kawasaki,Ohta-Kawasaki (recomputed),3.0195448831291967,104,128,0.8046875,0.3411506711355846,0.6588493288644154
liu2019-stress-free-period-map-v2,f0.2_chiN25,0.2,25.0,ohta_kawasaki,Ohta-Kawasaki (recomputed),3.0195448831291967,105,128,0.8125,0.36053636725225874,0.6394636327477412
liu2019-stress-free-period-map-v2,f0.2_chiN25,0.2,25.0,ohta_kawasaki,Ohta-Kawasaki (recomputed),3.0195448831291967,106,128,0.8203125,0.37952292831202106,0.6204770716879789
liu2019-stress-free-period-map-v2,f0.2_chiN25,0.2,25.0,ohta_kawasaki,Ohta-Kawasaki (recomputed),3.0195448831291967,107,128,0.828125,0.3980628094204563,0.6019371905795436
liu2019-stress-free-period-map-v2,f0.2_chiN25,0.2,25.0,ohta_kawasaki,Ohta-Kawasaki (recomputed),3.0195448831291967,108,128,0.8359375,0.41610993803350627,0.5838900619664937
liu2019-stress-free-period-map-v2,f0.2_chiN25,0.2,25.0,ohta_kawasaki,Ohta-Kawasaki (recomputed),3.0195448831291967,109,128,0.84375,0.43361984218989963,0.5663801578101004
liu2019-stress-free-period-map-v2,f0.2_chiN25,0.2,25.0,ohta_kawasaki,Ohta-Kawasaki (recomputed),3.0195448831291967,110,128,0.8515625,0.4505497709777498,0.5494502290222503
liu2019-stress-free-period-map-v2,f0.2_chiN25,0.2,25.0,ohta_kawasaki,Ohta-Kawasaki (recomputed),3.0195448831291967,111,128,0.859375,0.466858794670707,0.533141205329293
liu2019-stress-free-period-map-v2,f0.2_chiN25,0.2,25.0,ohta_kawasaki,Ohta-Kawasaki (recomputed),3.0195448831291967,112,128,0.8671875,0.4825078961264472,0.5174921038735528
liu2019-stress-free-period-map-v2,f0.2_chiN25,0.2,25.0,ohta_kawasaki,Ohta-Kawasaki (recomputed),3.0195448831291967,113,128,0.875,0.49746004366051927,0.5025399563394808
liu2019-stress-free-period-map-v2,f0.2_chiN25,0.2,25.0,ohta_kawasaki,Ohta-Kawasaki (recomputed),3.0195448831291967,114,128,0.8828125,0.5116802524813108,0.48831974751868923
liu2019-stress-free-period-map-v2,f0.2_chiN25,0.2,25.0,ohta_kawasaki,Ohta-Kawasaki (recomputed),3.0195448831291967,115,128,0.890625,0.5251356335760454,0.4748643664239546
liu2019-stress-free-period-map-v2,f0.2_chiN25,0.2,25.0,ohta_kawasaki,Ohta-Kawasaki (recomputed),3.0195448831291967,116,128,0.8984375,0.5377954287855387,0.46220457121446135
liu2019-stress-free-period-map-v2,f0.2_chiN25,0.2,25.0,ohta_kawasaki,Ohta-Kawasaki (recomputed),3.0195448831291967,117,128,0.90625,0.5496310368206611,0.45036896317933894
liu2019-stress-free-period-map-v2,f0.2_chiN25,0.2,25.0,ohta_kawasaki,Ohta-Kawasaki (recomputed),3.0195448831291967,118,128,0.9140625,0.5606160267798176,0.4393839732201824
liu2019-stress-free-period-map-v2,f0.2_chiN25,0.2,25.0,ohta_kawasaki,Ohta-Kawasaki (recomputed),3.0195448831291967,119,128,0.921875,0.5707261443410663,0.4292738556589337
liu2019-stress-free-period-map-v2,f0.2_chiN25,0.2,25.0,ohta_kawasaki,Ohta-Kawasaki (recomputed),3.0195448831291967,120,128,0.9296875,0.5799393115631137,0.42006068843688626
liu2019-stress-free-period-map-v2,f0.2_chiN25,0.2,25.0,ohta_kawasaki,Ohta-Kawasaki (recomputed),3.0195448831291967,121,128,0.9375,0.5882356190814729,0.4117643809185271
liu2019-stress-free-period-map-v2,f0.2_chiN25,0.2,25.0,ohta_kawasaki,Ohta-Kawasaki (recomputed),3.0195448831291967,122,128,0.9453125,0.5955973169012366,0.40440268309876337
liu2019-stress-free-period-map-v2,f0.2_chiN25,0.2,25.0,ohta_kawasaki,Ohta-Kawasaki (recomputed),3.0195448831291967,123,128,0.953125,0.6020087976047896,0.39799120239521035
liu2019-stress-free-period-map-v2,f0.2_chiN25,0.2,25.0,ohta_kawasaki,Ohta-Kawasaki (recomputed),3.0195448831291967,124,128,0.9609375,0.6074565804654306,0.3925434195345694
liu2019-stress-free-period-map-v2,f0.2_chiN25,0.2,25.0,ohta_kawasaki,Ohta-Kawasaki (recomputed),3.0195448831291967,125,128,0.96875,0.611929294191526,0.388070705808474
liu2019-stress-free-period-map-v2,f0.2_chiN25,0.2,25.0,ohta_kawasaki,Ohta-Kawasaki (recomputed),3.0195448831291967,126,128,0.9765625,0.6154176603491932,0.3845823396508068
liu2019-stress-free-period-map-v2,f0.2_chiN25,0.2,25.0,ohta_kawasaki,Ohta-Kawasaki (recomputed),3.0195448831291967,127,128,0.984375,0.617914480912201,0.382085519087799
liu2019-stress-free-period-map-v2,f0.2_chiN25,0.2,25.0,ohta_kawasaki,Ohta-Kawasaki (recomputed),3.0195448831291967,128,128,0.9921875,0.6194146231381983,0.3805853768618017
liu2019-stress-free-period-map-v2,f0.2_chiN25,0.2,25.0,uneyama_doi,Uneyama-Doi,2.951952106141153,1,128,0.0,0.20175045718281645,0.7982495428171835
liu2019-stress-free-period-map-v2,f0.2_chiN25,0.2,25.0,uneyama_doi,Uneyama-Doi,2.951952106141153,2,128,0.0078125,0.201744676909421,0.798255323090579
liu2019-stress-free-period-map-v2,f0.2_chiN25,0.2,25.0,uneyama_doi,Uneyama-Doi,2.951952106141153,3,128,0.015625,0.20173742090762628,0.7982625790923737
liu2019-stress-free-period-map-v2,f0.2_chiN25,0.2,25.0,uneyama_doi,Uneyama-Doi,2.951952106141153,4,128,0.0234375,0.20172298792548155,0.7982770120745184
liu2019-stress-free-period-map-v2,f0.2_chiN25,0.2,25.0,uneyama_doi,Uneyama-Doi,2.951952106141153,5,128,0.03125,0.20170714481227378,0.7982928551877262
liu2019-stress-free-period-map-v2,f0.2_chiN25,0.2,25.0,uneyama_doi,Uneyama-Doi,2.951952106141153,6,128,0.0390625,0.20168420586815014,0.7983157941318498
liu2019-stress-free-period-map-v2,f0.2_chiN25,0.2,25.0,uneyama_doi,Uneyama-Doi,2.951952106141153,7,128,0.046875,0.2016599699623354,0.7983400300376646
liu2019-stress-free-period-map-v2,f0.2_chiN25,0.2,25.0,uneyama_doi,Uneyama-Doi,2.951952106141153,8,128,0.0546875,0.20162876622981124,0.7983712337701887
liu2019-stress-free-period-map-v2,f0.2_chiN25,0.2,25.0,uneyama_doi,Uneyama-Doi,2.951952106141153,9,128,0.0625,0.20159642402566538,0.7984035759743346
liu2019-stress-free-period-map-v2,f0.2_chiN25,0.2,25.0,uneyama_doi,Uneyama-Doi,2.951952106141153,10,128,0.0703125,0.2015572862672336,0.7984427137327664
liu2019-stress-free-period-map-v2,f0.2_chiN25,0.2,25.0,uneyama_doi,Uneyama-Doi,2.951952106141153,11,128,0.078125,0.2015172108110884,0.7984827891889116
liu2019-stress-free-period-map-v2,f0.2_chiN25,0.2,25.0,uneyama_doi,Uneyama-Doi,2.951952106141153,12,128,0.0859375,0.2014705530540953,0.7985294469459047
liu2019-stress-free-period-map-v2,f0.2_chiN25,0.2,25.0,uneyama_doi,Uneyama-Doi,2.951952106141153,13,128,0.09375,0.20142319701949188,0.7985768029805081
liu2019-stress-free-period-map-v2,f0.2_chiN25,0.2,25.0,uneyama_doi,Uneyama-Doi,2.951952106141153,14,128,0.1015625,0.2013695091262483,0.7986304908737517
liu2019-stress-free-period-map-v2,f0.2_chiN25,0.2,25.0,uneyama_doi,Uneyama-Doi,2.951952106141153,15,128,0.109375,0.20131539698523024,0.7986846030147697
liu2019-stress-free-period-map-v2,f0.2_chiN25,0.2,25.0,uneyama_doi,Uneyama-Doi,2.951952106141153,16,128,0.1171875,0.20125523652039304,0.798744763479607
liu2019-stress-free-period-map-v2,f0.2_chiN25,0.2,25.0,uneyama_doi,Uneyama-Doi,2.951952106141153,17,128,0.125,0.2011949562079747,0.7988050437920253
liu2019-stress-free-period-map-v2,f0.2_chiN25,0.2,25.0,uneyama_doi,Uneyama-Doi,2.951952106141153,18,128,0.1328125,0.20112893998333853,0.7988710600166615
liu2019-stress-free-period-map-v2,f0.2_chiN25,0.2,25.0,uneyama_doi,Uneyama-Doi,2.951952106141153,19,128,0.140625,0.20106313440848297,0.798936865591517
liu2019-stress-free-period-map-v2,f0.2_chiN25,0.2,25.0,uneyama_doi,Uneyama-Doi,2.951952106141153,20,128,0.1484375,0.20099193002327878,0.7990080699767212
liu2019-stress-free-period-map-v2,f0.2_chiN25,0.2,25.0,uneyama_doi,Uneyama-Doi,2.951952106141153,21,128,0.15625,0.20092128870235584,0.7990787112976442
liu2019-stress-free-period-map-v2,f0.2_chiN25,0.2,25.0,uneyama_doi,Uneyama-Doi,2.951952106141153,22,128,0.1640625,0.20084560630797174,0.7991543936920282
liu2019-stress-free-period-map-v2,f0.2_chiN25,0.2,25.0,uneyama_doi,Uneyama-Doi,2.951952106141153,23,128,0.171875,0.2007708572995034,0.7992291427004966
liu2019-stress-free-period-map-v2,f0.2_chiN25,0.2,25.0,uneyama_doi,Uneyama-Doi,2.951952106141153,24,128,0.1796875,0.20069144171639194,0.799308558283608
liu2019-stress-free-period-map-v2,f0.2_chiN25,0.2,25.0,uneyama_doi,Uneyama-Doi,2.951952106141153,25,128,0.1875,0.20061334393472052,0.7993866560652795
liu2019-stress-free-period-map-v2,f0.2_chiN25,0.2,25.0,uneyama_doi,Uneyama-Doi,2.951952106141153,26,128,0.1953125,0.20053096715189747,0.7994690328481026
liu2019-stress-free-period-map-v2,f0.2_chiN25,0.2,25.0,uneyama_doi,Uneyama-Doi,2.951952106141153,27,128,0.203125,0.20045030304739234,0.7995496969526077
liu2019-stress-free-period-map-v2,f0.2_chiN25,0.2,25.0,uneyama_doi,Uneyama-Doi,2.951952106141153,28,128,0.2109375,0.20036575705530996,0.7996342429446901
liu2019-stress-free-period-map-v2,f0.2_chiN25,0.2,25.0,uneyama_doi,Uneyama-Doi,2.951952106141153,29,128,0.21875,0.20028332558199846,0.7997166744180015
liu2019-stress-free-period-map-v2,f0.2_chiN25,0.2,25.0,uneyama_doi,Uneyama-Doi,2.951952106141153,30,128,0.2265625,0.20019741543763514,0.7998025845623649
liu2019-stress-free-period-map-v2,f0.2_chiN25,0.2,25.0,uneyama_doi,Uneyama-Doi,2.951952106141153,31,128,0.234375,0.20011402519318167,0.7998859748068183
liu2019-stress-free-period-map-v2,f0.2_chiN25,0.2,25.0,uneyama_doi,Uneyama-Doi,2.951952106141153,32,128,0.2421875,0.2000275621966747,0.7999724378033253
liu2019-stress-free-period-map-v2,f0.2_chiN25,0.2,25.0,uneyama_doi,Uneyama-Doi,2.951952106141153,33,128,0.25,0.1999440246163401,0.8000559753836599
liu2019-stress-free-period-map-v2,f0.2_chiN25,0.2,25.0,uneyama_doi,Uneyama-Doi,2.951952106141153,34,128,0.2578125,0.19985781949056952,0.8001421805094304
liu2019-stress-free-period-map-v2,f0.2_chiN25,0.2,25.0,uneyama_doi,Uneyama-Doi,2.951952106141153,35,128,0.265625,0.199774942002763,0.800225057997237
liu2019-stress-free-period-map-v2,f0.2_chiN25,0.2,25.0,uneyama_doi,Uneyama-Doi,2.951952106141153,36,128,0.2734375,0.19968979800519102,0.800310201994809
liu2019-stress-free-period-map-v2,f0.2_chiN25,0.2,25.0,uneyama_doi,Uneyama-Doi,2.951952106141153,37,128,0.28125,0.1996083771036667,0.8003916228963333
liu2019-stress-free-period-map-v2,f0.2_chiN25,0.2,25.0,uneyama_doi,Uneyama-Doi,2.951952106141153,38,128,0.2890625,0.19952508305407887,0.8004749169459211
liu2019-stress-free-period-map-v2,f0.2_chiN25,0.2,25.0,uneyama_doi,Uneyama-Doi,2.951952106141153,39,128,0.296875,0.19944589730027076,0.8005541026997293
liu2019-stress-free-period-map-v2,f0.2_chiN25,0.2,25.0,uneyama_doi,Uneyama-Doi,2.951952106141153,40,128,0.3046875,0.1993652205677646,0.8006347794322354
liu2019-stress-free-period-map-v2,f0.2_chiN25,0.2,25.0,uneyama_doi,Uneyama-Doi,2.951952106141153,41,128,0.3125,0.1992890235949546,0.8007109764050454
liu2019-stress-free-period-map-v2,f0.2_chiN25,0.2,25.0,uneyama_doi,Uneyama-Doi,2.951952106141153,42,128,0.3203125,0.19921170314167214,0.8007882968583279
liu2019-stress-free-period-map-v2,f0.2_chiN25,0.2,25.0,uneyama_doi,Uneyama-Doi,2.951952106141153,43,128,0.328125,0.19913921678053736,0.8008607832194626
liu2019-stress-free-period-map-v2,f0.2_chiN25,0.2,25.0,uneyama_doi,Uneyama-Doi,2.951952106141153,44,128,0.3359375,0.19906595639930555,0.8009340436006944
liu2019-stress-free-period-map-v2,f0.2_chiN25,0.2,25.0,uneyama_doi,Uneyama-Doi,2.951952106141153,45,128,0.34375,0.1989978640744272,0.8010021359255728
liu2019-stress-free-period-map-v2,f0.2_chiN25,0.2,25.0,uneyama_doi,Uneyama-Doi,2.951952106141153,46,128,0.3515625,0.19892932597688098,0.801070674023119
liu2019-stress-free-period-map-v2,f0.2_chiN25,0.2,25.0,uneyama_doi,Uneyama-Doi,2.951952106141153,47,128,0.359375,0.19886626653208553,0.8011337334679145
liu2019-stress-free-period-map-v2,f0.2_chiN25,0.2,25.0,uneyama_doi,Uneyama-Doi,2.951952106141153,48,128,0.3671875,0.19880306544098283,0.8011969345590172
liu2019-stress-free-period-map-v2,f0.2_chiN25,0.2,25.0,uneyama_doi,Uneyama-Doi,2.951952106141153,49,128,0.375,0.1987456275378131,0.8012543724621869
liu2019-stress-free-period-map-v2,f0.2_chiN25,0.2,25.0,uneyama_doi,Uneyama-Doi,2.951952106141153,50,128,0.3828125,0.19868832541381334,0.8013116745861867
liu2019-stress-free-period-map-v2,f0.2_chiN25,0.2,25.0,uneyama_doi,Uneyama-Doi,2.951952106141153,51,128,0.390625,0.19863704261531615,0.8013629573846839
liu2019-stress-free-period-map-v2,f0.2_chiN25,0.2,25.0,uneyama_doi,Uneyama-Doi,2.951952106141153,52,128,0.3984375,0.1985861441091904,0.8014138558908096
liu2019-stress-free-period-map-v2,f0.2_chiN25,0.2,25.0,uneyama_doi,Uneyama-Doi,2.951952106141153,53,128,0.40625,0.198541490716446,0.801458509283554
liu2019-stress-free-period-map-v2,f0.2_chiN25,0.2,25.0,uneyama_doi,Uneyama-Doi,2.951952106141153,54,128,0.4140625,0.19849743938930334,0.8015025606106967
liu2019-stress-free-period-map-v2,f0.2_chiN25,0.2,25.0,uneyama_doi,Uneyama-Doi,2.951952106141153,55,128,0.421875,0.19845982704801735,0.8015401729519827
liu2019-stress-free-period-map-v2,f0.2_chiN25,0.2,25.0,uneyama_doi,Uneyama-Doi,2.951952106141153,56,128,0.4296875,0.19842300235220225,0.8015769976477978
liu2019-stress-free-period-map-v2,f0.2_chiN25,0.2,25.0,uneyama_doi,Uneyama-Doi,2.951952106141153,57,128,0.4375,0.1983927773987643,0.8016072226012357
liu2019-stress-free-period-map-v2,f0.2_chiN25,0.2,25.0,uneyama_doi,Uneyama-Doi,2.951952106141153,58,128,0.4453125,0.19836349236784706,0.801636507632153
liu2019-stress-free-period-map-v2,f0.2_chiN25,0.2,25.0,uneyama_doi,Uneyama-Doi,2.951952106141153,59,128,0.453125,0.19834093384516846,0.8016590661548315
liu2019-stress-free-period-map-v2,f0.2_chiN25,0.2,25.0,uneyama_doi,Uneyama-Doi,2.951952106141153,60,128,0.4609375,0.19831943340873723,0.8016805665912627
liu2019-stress-free-period-map-v2,f0.2_chiN25,0.2,25.0,uneyama_doi,Uneyama-Doi,2.951952106141153,61,128,0.46875,0.1983047516568509,0.8016952483431491
liu2019-stress-free-period-map-v2,f0.2_chiN25,0.2,25.0,uneyama_doi,Uneyama-Doi,2.951952106141153,62,128,0.4765625,0.19829121147852247,0.8017087885214775
liu2019-stress-free-period-map-v2,f0.2_chiN25,0.2,25.0,uneyama_doi,Uneyama-Doi,2.951952106141153,63,128,0.484375,0.19828454719603392,0.801715452803966
liu2019-stress-free-period-map-v2,f0.2_chiN25,0.2,25.0,uneyama_doi,Uneyama-Doi,2.951952106141153,64,128,0.4921875,0.19827907293270416,0.8017209270672958
liu2019-stress-free-period-map-v2,f0.2_chiN25,0.2,25.0,uneyama_doi,Uneyama-Doi,2.951952106141153,65,128,0.5,0.19828049661307803,0.801719503386922
liu2019-stress-free-period-map-v2,f0.2_chiN25,0.2,25.0,uneyama_doi,Uneyama-Doi,2.951952106141153,66,128,0.5078125,0.19828312350910413,0.8017168764908958
liu2019-stress-free-period-map-v2,f0.2_chiN25,0.2,25.0,uneyama_doi,Uneyama-Doi,2.951952106141153,67,128,0.515625,0.1982926351784818,0.8017073648215182
liu2019-stress-free-period-map-v2,f0.2_chiN25,0.2,25.0,uneyama_doi,Uneyama-Doi,2.951952106141153,68,128,0.5234375,0.19830332793728092,0.8016966720627191
liu2019-stress-free-period-map-v2,f0.2_chiN25,0.2,25.0,uneyama_doi,Uneyama-Doi,2.951952106141153,69,128,0.53125,0.19832085715425335,0.8016791428457466
liu2019-stress-free-period-map-v2,f0.2_chiN25,0.2,25.0,uneyama_doi,Uneyama-Doi,2.951952106141153,70,128,0.5390625,0.19833951006715778,0.8016604899328422
liu2019-stress-free-period-map-v2,f0.2_chiN25,0.2,25.0,uneyama_doi,Uneyama-Doi,2.951952106141153,71,128,0.546875,0.19836491618449448,0.8016350838155055
liu2019-stress-free-period-map-v2,f0.2_chiN25,0.2,25.0,uneyama_doi,Uneyama-Doi,2.951952106141153,72,128,0.5546875,0.1983913535370227,0.8016086464629772
liu2019-stress-free-period-map-v2,f0.2_chiN25,0.2,25.0,uneyama_doi,Uneyama-Doi,2.951952106141153,73,128,0.5625,0.19842442626493345,0.8015755737350665
liu2019-stress-free-period-map-v2,f0.2_chiN25,0.2,25.0,uneyama_doi,Uneyama-Doi,2.951952106141153,74,128,0.5703125,0.1984584030779897,0.8015415969220103
liu2019-stress-free-period-map-v2,f0.2_chiN25,0.2,25.0,uneyama_doi,Uneyama-Doi,2.951952106141153,75,128,0.578125,0.19849886342222456,0.8015011365777754
liu2019-stress-free-period-map-v2,f0.2_chiN25,0.2,25.0,uneyama_doi,Uneyama-Doi,2.951952106141153,76,128,0.5859375,0.19854006661453466,0.8014599333854653
liu2019-stress-free-period-map-v2,f0.2_chiN25,0.2,25.0,uneyama_doi,Uneyama-Doi,2.951952106141153,77,128,0.59375,0.19858756828534105,0.8014124317146589
liu2019-stress-free-period-map-v2,f0.2_chiN25,0.2,25.0,uneyama_doi,Uneyama-Doi,2.951952106141153,78,128,0.6015625,0.19863561835909924,0.8013643816409007
liu2019-stress-free-period-map-v2,f0.2_chiN25,0.2,25.0,uneyama_doi,Uneyama-Doi,2.951952106141153,79,128,0.609375,0.19868974975495116,0.8013102502450489
liu2019-stress-free-period-map-v2,f0.2_chiN25,0.2,25.0,uneyama_doi,Uneyama-Doi,2.951952106141153,80,128,0.6171875,0.1987442031062557,0.8012557968937443
liu2019-stress-free-period-map-v2,f0.2_chiN25,0.2,25.0,uneyama_doi,Uneyama-Doi,2.951952106141153,81,128,0.625,0.19880448996737693,0.8011955100326231
liu2019-stress-free-period-map-v2,f0.2_chiN25,0.2,25.0,uneyama_doi,Uneyama-Doi,2.951952106141153,82,128,0.6328125,0.19886484190574183,0.8011351580942582
liu2019-stress-free-period-map-v2,f0.2_chiN25,0.2,25.0,uneyama_doi,Uneyama-Doi,2.951952106141153,83,128,0.640625,0.1989307507071152,0.8010692492928848
liu2019-stress-free-period-map-v2,f0.2_chiN25,0.2,25.0,uneyama_doi,Uneyama-Doi,2.951952106141153,84,128,0.6484375,0.1989964392356303,0.8010035607643697
liu2019-stress-free-period-map-v2,f0.2_chiN25,0.2,25.0,uneyama_doi,Uneyama-Doi,2.951952106141153,85,128,0.65625,0.1990673813500959,0.8009326186499041
liu2019-stress-free-period-map-v2,f0.2_chiN25,0.2,25.0,uneyama_doi,Uneyama-Doi,2.951952106141153,86,128,0.6640625,0.19913779171357432,0.8008622082864256
liu2019-stress-free-period-map-v2,f0.2_chiN25,0.2,25.0,uneyama_doi,Uneyama-Doi,2.951952106141153,87,128,0.671875,0.1992131283276999,0.8007868716723001
liu2019-stress-free-period-map-v2,f0.2_chiN25,0.2,25.0,uneyama_doi,Uneyama-Doi,2.951952106141153,88,128,0.6796875,0.19928759828622308,0.8007124017137769
liu2019-stress-free-period-map-v2,f0.2_chiN25,0.2,25.0,uneyama_doi,Uneyama-Doi,2.951952106141153,89,128,0.6875,0.19936664600152965,0.8006333539984704
liu2019-stress-free-period-map-v2,f0.2_chiN25,0.2,25.0,uneyama_doi,Uneyama-Doi,2.951952106141153,90,128,0.6953125,0.19944447173841529,0.8005555282615847
liu2019-stress-free-period-map-v2,f0.2_chiN25,0.2,25.0,uneyama_doi,Uneyama-Doi,2.951952106141153,91,128,0.703125,0.19952650874577388,0.8004734912542262
liu2019-stress-free-period-map-v2,f0.2_chiN25,0.2,25.0,uneyama_doi,Uneyama-Doi,2.951952106141153,92,128,0.7109375,0.19960695127969305,0.8003930487203069
liu2019-stress-free-period-map-v2,f0.2_chiN25,0.2,25.0,uneyama_doi,Uneyama-Doi,2.951952106141153,93,128,0.71875,0.19969122396259772,0.8003087760374022
liu2019-stress-free-period-map-v2,f0.2_chiN25,0.2,25.0,uneyama_doi,Uneyama-Doi,2.951952106141153,94,128,0.7265625,0.19977351591012987,0.8002264840898701
liu2019-stress-free-period-map-v2,f0.2_chiN25,0.2,25.0,uneyama_doi,Uneyama-Doi,2.951952106141153,95,128,0.734375,0.19985924571897903,0.8001407542810209
liu2019-stress-free-period-map-v2,f0.2_chiN25,0.2,25.0,uneyama_doi,Uneyama-Doi,2.951952106141153,96,128,0.7421875,0.1999425982510265,0.8000574017489734
liu2019-stress-free-period-map-v2,f0.2_chiN25,0.2,25.0,uneyama_doi,Uneyama-Doi,2.951952106141153,97,128,0.75,0.20002898869883118,0.7999710113011689
liu2019-stress-free-period-map-v2,f0.2_chiN25,0.2,25.0,uneyama_doi,Uneyama-Doi,2.951952106141153,98,128,0.7578125,0.2001125985537338,0.7998874014462662
liu2019-stress-free-period-map-v2,f0.2_chiN25,0.2,25.0,uneyama_doi,Uneyama-Doi,2.951952106141153,99,128,0.765625,0.20019884221370104,0.7998011577862989
liu2019-stress-free-period-map-v2,f0.2_chiN25,0.2,25.0,uneyama_doi,Uneyama-Doi,2.951952106141153,100,128,0.7734375,0.20028189866955304,0.799718101330447
liu2019-stress-free-period-map-v2,f0.2_chiN25,0.2,25.0,uneyama_doi,Uneyama-Doi,2.951952106141153,101,128,0.78125,0.20036718410285223,0.7996328158971477
liu2019-stress-free-period-map-v2,f0.2_chiN25,0.2,25.0,uneyama_doi,Uneyama-Doi,2.951952106141153,102,128,0.7890625,0.20044887586567997,0.7995511241343201
liu2019-stress-free-period-map-v2,f0.2_chiN25,0.2,25.0,uneyama_doi,Uneyama-Doi,2.951952106141153,103,128,0.796875,0.2005323944658944,0.7994676055341056
liu2019-stress-free-period-map-v2,f0.2_chiN25,0.2,25.0,uneyama_doi,Uneyama-Doi,2.951952106141153,104,128,0.8046875,0.2006119164900499,0.79938808350995
liu2019-stress-free-period-map-v2,f0.2_chiN25,0.2,25.0,uneyama_doi,Uneyama-Doi,2.951952106141153,105,128,0.8125,0.20069286928925775,0.7993071307107422
liu2019-stress-free-period-map-v2,f0.2_chiN25,0.2,25.0,uneyama_doi,Uneyama-Doi,2.951952106141153,106,128,0.8203125,0.20076942960072522,0.7992305703992748
liu2019-stress-free-period-map-v2,f0.2_chiN25,0.2,25.0,uneyama_doi,Uneyama-Doi,2.951952106141153,107,128,0.828125,0.2008470341296025,0.7991529658703975
liu2019-stress-free-period-map-v2,f0.2_chiN25,0.2,25.0,uneyama_doi,Uneyama-Doi,2.951952106141153,108,128,0.8359375,0.20091986076081028,0.7990801392391897
liu2019-stress-free-period-map-v2,f0.2_chiN25,0.2,25.0,uneyama_doi,Uneyama-Doi,2.951952106141153,109,128,0.84375,0.20099335808111504,0.7990066419188849
liu2019-stress-free-period-map-v2,f0.2_chiN25,0.2,25.0,uneyama_doi,Uneyama-Doi,2.951952106141153,110,128,0.8515625,0.20106170623792535,0.7989382937620746
liu2019-stress-free-period-map-v2,f0.2_chiN25,0.2,25.0,uneyama_doi,Uneyama-Doi,2.951952106141153,111,128,0.859375,0.20113036826245095,0.798869631737549
liu2019-stress-free-period-map-v2,f0.2_chiN25,0.2,25.0,uneyama_doi,Uneyama-Doi,2.951952106141153,112,128,0.8671875,0.20119352782447905,0.7988064721755209
liu2019-stress-free-period-map-v2,f0.2_chiN25,0.2,25.0,uneyama_doi,Uneyama-Doi,2.951952106141153,113,128,0.875,0.20125666500358863,0.7987433349964114
liu2019-stress-free-period-map-v2,f0.2_chiN25,0.2,25.0,uneyama_doi,Uneyama-Doi,2.951952106141153,114,128,0.8828125,0.20131396840707033,0.7986860315929296
liu2019-stress-free-period-map-v2,f0.2_chiN25,0.2,25.0,uneyama_doi,Uneyama-Doi,2.951952106141153,115,128,0.890625,0.20137093779420437,0.7986290622057957
liu2019-stress-free-period-map-v2,f0.2_chiN25,0.2,25.0,uneyama_doi,Uneyama-Doi,2.951952106141153,116,128,0.8984375,0.2014217682669946,0.7985782317330055
liu2019-stress-free-period-map-v2,f0.2_chiN25,0.2,25.0,uneyama_doi,Uneyama-Doi,2.951952106141153,117,128,0.90625,0.20147198188551957,0.7985280181144805
liu2019-stress-free-period-map-v2,f0.2_chiN25,0.2,25.0,uneyama_doi,Uneyama-Doi,2.951952106141153,118,128,0.9140625,0.20151578190645872,0.7984842180935413
liu2019-stress-free-period-map-v2,f0.2_chiN25,0.2,25.0,uneyama_doi,Uneyama-Doi,2.951952106141153,119,128,0.921875,0.20155871523905466,0.7984412847609453
liu2019-stress-free-period-map-v2,f0.2_chiN25,0.2,25.0,uneyama_doi,Uneyama-Doi,2.951952106141153,120,128,0.9296875,0.20159499499278075,0.7984050050072192
liu2019-stress-free-period-map-v2,f0.2_chiN25,0.2,25.0,uneyama_doi,Uneyama-Doi,2.951952106141153,121,128,0.9375,0.20163019531739926,0.7983698046826008
liu2019-stress-free-period-map-v2,f0.2_chiN25,0.2,25.0,uneyama_doi,Uneyama-Doi,2.951952106141153,122,128,0.9453125,0.20165854082651105,0.798341459173489
liu2019-stress-free-period-map-v2,f0.2_chiN25,0.2,25.0,uneyama_doi,Uneyama-Doi,2.951952106141153,123,128,0.953125,0.20168563504556716,0.7983143649544329
liu2019-stress-free-period-map-v2,f0.2_chiN25,0.2,25.0,uneyama_doi,Uneyama-Doi,2.951952106141153,124,128,0.9609375,0.20170571559999775,0.7982942844000023
liu2019-stress-free-period-map-v2,f0.2_chiN25,0.2,25.0,uneyama_doi,Uneyama-Doi,2.951952106141153,125,128,0.96875,0.20172441716575906,0.7982755828342409
liu2019-stress-free-period-map-v2,f0.2_chiN25,0.2,25.0,uneyama_doi,Uneyama-Doi,2.951952106141153,126,128,0.9765625,0.20173599164626949,0.7982640083537305
liu2019-stress-free-period-map-v2,f0.2_chiN25,0.2,25.0,uneyama_doi,Uneyama-Doi,2.951952106141153,127,128,0.984375,0.20174610618486122,0.7982538938151388
liu2019-stress-free-period-map-v2,f0.2_chiN25,0.2,25.0,uneyama_doi,Uneyama-Doi,2.951952106141153,128,128,0.9921875,0.2017490279003224,0.7982509720996775
