schema,claim_kind,case_id,f,chiN,model,model_label,status,calibration_role,adaptive,c2,grid_count,oversample_factor,sensor_filter_ratio,discretization_schema,scft_period_rg,period_rg,signed_period_error,abs_period_error,profile_rms,alignment_shift_fraction,alignment_swapped,projected_force_norm,projected_force_maxabs,cell_stress,field_gate_pass,composition_gate_pass,morphology_gate_pass,cell_gate_pass,local_minimum_check_pass,stress_orientation_pass,accepted,source_root,source_profile,source_root_sha256,source_profile_sha256
bvk2-fixed-stiffness-period-map-v1,stress_free_lamellar_observable,f0.2_chiN25,0.2,25.0,bvk2_fixed,"BVK, fixed stiffness",accepted,fixed_stiffness_production_control,false,0.16,256,2,12.0,ud-theta-spectral-fixed-k-physical-sensor-filter-oversampled-v2,3.3772815752408936,3.243598378792722,-0.03958307694218133,0.03958307694218133,0.01467222771347461,0.498046875,false,4.0223337730382566e-11,1.0245291036389104e-10,-2.8677449304126412e-11,true,true,true,true,true,true,true,results/bvk_fixed_stiffness_period_map_nx256/cases/f0.2_chiN25/root.csv,results/bvk_fixed_stiffness_period_map_nx256/cases/f0.2_chiN25/profile.csv,560a64971e735c1cb8ac3bd89480ff5e3c954d72d634e2772bcb6de3d0b2632d,c3e1d0d3f962ac1d0c9467d7073baa478ddecd537dcf34609a4aea65174f379c
bvk2-fixed-stiffness-period-map-v1,stress_free_lamellar_observable,f0.2_chiN26,0.2,26.0,bvk2_fixed,"BVK, fixed stiffness",accepted,fixed_stiffness_production_control,false,0.16,256,2,12.0,ud-theta-spectral-fixed-k-physical-sensor-filter-oversampled-v2,3.6724051029251457,3.42874880145309,-0.06634788228509392,0.06634788228509392,0.018772114226207736,0.998046875,false,1.125334165022389e-09,2.8135857258192185e-09,-9.368753994820622e-09,true,true,true,true,true,true,true,results/bvk_fixed_stiffness_period_map_nx256/cases/f0.2_chiN26/root.csv,results/bvk_fixed_stiffness_period_map_nx256/cases/f0.2_chiN26/profile.csv,8803a6ca4f8408ff3cbac5016b9e72530f3559803c76aa6948ab12da673b33f6,1bf42fbcba71a1a15fa0613ddf940bb15bb7c23b4116393f6e4fadb2f9e22d47
bvk2-fixed-stiffness-period-map-v1,stress_free_lamellar_observable,f0.2_chiN27,0.2,27.0,bvk2_fixed,"BVK, fixed stiffness",accepted,fixed_stiffness_production_control,false,0.16,256,2,12.0,ud-theta-spectral-fixed-k-physical-sensor-filter-oversampled-v2,3.8282917974818926,3.5549554742684517,-0.07139903060504205,0.07139903060504205,0.01626805090981978,0.498046875,false,1.3569557317111906e-09,3.6063910063776393e-09,-1.1721899673133862e-08,true,true,true,true,true,true,true,results/bvk_fixed_stiffness_period_map_nx256/cases/f0.2_chiN27/root.csv,results/bvk_fixed_stiffness_period_map_nx256/cases/f0.2_chiN27/profile.csv,2823294172c6e72c0ceb19d045c12b96a71c3c3918b15d3504e231cce0a3cac2,9d50307aacd20fe31e03a5511901b45b6a24bcad047ac4bad845edd534f42403
bvk2-fixed-stiffness-period-map-v1,stress_free_lamellar_observable,f0.2_chiN28,0.2,28.0,bvk2_fixed,"BVK, fixed stiffness",accepted,fixed_stiffness_production_control,false,0.16,256,2,12.0,ud-theta-spectral-fixed-k-physical-sensor-filter-oversampled-v2,3.948217506915592,3.6537153412451158,-0.07459117061170872,0.07459117061170872,0.013253905975397023,0.498046875,false,2.5382953714111265e-10,4.902971627100823e-10,-1.0214109780193326e-08,true,true,true,true,true,true,true,results/bvk_fixed_stiffness_period_map_nx256/cases/f0.2_chiN28/root.csv,results/bvk_fixed_stiffness_period_map_nx256/cases/f0.2_chiN28/profile.csv,1285c8aa03f4d8cef186573cd61571da93e3dada5e588d251bcbf358f62c17d5,161c5222dfc25e36f3cb38f72580988d5dad42aafe064d11aaea9800ebf45dea
bvk2-fixed-stiffness-period-map-v1,stress_free_lamellar_observable,f0.2_chiN29,0.2,29.0,bvk2_fixed,"BVK, fixed stiffness",accepted,fixed_stiffness_production_control,false,0.16,256,2,12.0,ud-theta-spectral-fixed-k-physical-sensor-filter-oversampled-v2,4.035533476621409,3.736408505527709,-0.07412278273159822,0.07412278273159822,0.011022425004846043,0.498046875,false,6.941181555170148e-12,3.235303239513028e-11,2.552537414768352e-07,true,true,true,true,true,true,true,results/bvk_fixed_stiffness_period_map_nx256/cases/f0.2_chiN29/root.csv,results/bvk_fixed_stiffness_period_map_nx256/cases/f0.2_chiN29/profile.csv,211ca415e65a81f571635a361691ebc1080a3ac6e65b6c40f8af2ad5c153fb7f,022b28db8b55ff5e5b6f618b7b291f1c540b2faa2a9d10769d394e48079911b2
bvk2-fixed-stiffness-period-map-v1,stress_free_lamellar_observable,f0.2_chiN30,0.2,30.0,bvk2_fixed,"BVK, fixed stiffness",accepted,fixed_stiffness_production_control,false,0.16,256,2,12.0,ud-theta-spectral-fixed-k-physical-sensor-filter-oversampled-v2,4.109142921467985,3.808481068189669,-0.07316899388130915,0.07316899388130915,0.009325190054345546,0.0029296875,false,6.157719353938588e-10,1.3132926114441614e-09,-5.879445197365385e-08,true,true,true,true,true,true,true,results/bvk_fixed_stiffness_period_map_nx256/cases/f0.2_chiN30/root.csv,results/bvk_fixed_stiffness_period_map_nx256/cases/f0.2_chiN30/profile.csv,ae30f6952173ff166766c06d1c4a4a03ba6341879488b1606b78396d978fde0b,6bcfcbe31d36c5bd51efac7b8cb4fdcfb75b6ab3d212cba40fc74e03bd484f3a
bvk2-fixed-stiffness-period-map-v1,stress_free_lamellar_observable,f0.2_chiN31,0.2,31.0,bvk2_fixed,"BVK, fixed stiffness",accepted,fixed_stiffness_production_control,false,0.16,256,2,12.0,ud-theta-spectral-fixed-k-physical-sensor-filter-oversampled-v2,4.173615655567539,3.8729511707545523,-0.07203933223029402,0.07203933223029402,0.00815101652592856,0.5107421875,false,9.161966060171543e-10,1.8638445090626216e-09,-1.6534350488761618e-07,true,true,true,true,true,true,true,results/bvk_fixed_stiffness_period_map_nx256/cases/f0.2_chiN31/root.csv,results/bvk_fixed_stiffness_period_map_nx256/cases/f0.2_chiN31/profile.csv,1d3d15333e0f029eb0a25d41411b87f0ef65720e599eab40a1d1eda5bab820de,d0b58608ad2de61f7e169c1196b6ff2e5e730c6384c0405a4a1c8def2bc5bcff
bvk2-fixed-stiffness-period-map-v1,stress_free_lamellar_observable,f0.2_chiN32,0.2,32.0,bvk2_fixed,"BVK, fixed stiffness",accepted,fixed_stiffness_production_control,false,0.16,256,2,12.0,ud-theta-spectral-fixed-k-physical-sensor-filter-oversampled-v2,4.231398693275463,3.931653766413697,-0.07083826143306249,0.07083826143306249,0.007466561855556511,0.0029296875,false,1.7117175963714207e-10,3.786433185527352e-10,-8.118548278090998e-09,true,true,true,true,true,true,true,results/bvk_fixed_stiffness_period_map_nx256/cases/f0.2_chiN32/root.csv,results/bvk_fixed_stiffness_period_map_nx256/cases/f0.2_chiN32/profile.csv,79c2389d4f579fd88cb3799dfdc0553f9f40bd35fb8d1090da34468028fb8ebd,275ded718cae5e2087dbd291d41b13f60130f3d3c686ed81526d8d1c388f39c1
bvk2-fixed-stiffness-period-map-v1,stress_free_lamellar_observable,f0.2_chiN33,0.2,33.0,bvk2_fixed,"BVK, fixed stiffness",accepted,fixed_stiffness_production_control,false,0.16,256,2,12.0,ud-theta-spectral-fixed-k-physical-sensor-filter-oversampled-v2,4.28421983031873,3.9857824437456832,-0.06965968096712827,0.06965968096712827,0.007132298365580908,0.498046875,false,1.4275547425596981e-09,3.2390596234995896e-09,-1.78921548688038e-08,true,true,true,true,true,true,true,results/bvk_fixed_stiffness_period_map_nx256/cases/f0.2_chiN33/root.csv,results/bvk_fixed_stiffness_period_map_nx256/cases/f0.2_chiN33/profile.csv,b8f46e78486a312901724eb444ec9ce27bf959045282f047a6be613b9ba1b8fd,6d232f3c3880a97ac217f97be392ae2a7506e20c6cc65d44882f7e46ca45b7f2
bvk2-fixed-stiffness-period-map-v1,stress_free_lamellar_observable,f0.2_chiN34,0.2,34.0,bvk2_fixed,"BVK, fixed stiffness",accepted,fixed_stiffness_production_control,false,0.16,256,2,12.0,ud-theta-spectral-fixed-k-physical-sensor-filter-oversampled-v2,4.333173695564654,4.0361564559116845,-0.0685449650811345,0.0685449650811345,0.006775335638866498,0.998046875,false,3.0319628299637384e-09,7.111597946936069e-09,-3.409237936402576e-08,true,true,true,true,true,true,true,results/bvk_fixed_stiffness_period_map_nx256/cases/f0.2_chiN34/root.csv,results/bvk_fixed_stiffness_period_map_nx256/cases/f0.2_chiN34/profile.csv,abd4036a314a9002159dbdc0f2503dbfee4e3b8e8cb2989c93aa05956c3927f0,3f7246a3bdbde22c0fac7457c7eecb7d0a5ee7e56cae84f36fa07906b8101510
bvk2-fixed-stiffness-period-map-v1,stress_free_lamellar_observable,f0.2_chiN35,0.2,35.0,bvk2_fixed,"BVK, fixed stiffness",accepted,fixed_stiffness_production_control,false,0.16,256,2,12.0,ud-theta-spectral-fixed-k-physical-sensor-filter-oversampled-v2,4.378915371873517,4.083362616195413,-0.06749451190047817,0.06749451190047817,0.006638790667594136,0.498046875,false,6.380946741927297e-12,2.0250101190265808e-11,7.654274991608645e-10,true,true,true,true,true,true,true,results/bvk_fixed_stiffness_period_map_nx256/cases/f0.2_chiN35/root.csv,results/bvk_fixed_stiffness_period_map_nx256/cases/f0.2_chiN35/profile.csv,9a75d7f1fe44bbeb60aa6ca7e09a5ed4d13adeda632ba306495a8dfdf1ec957b,dccbad1a30b6420ccd268fc84604b239a518b985a49ff76a8d2310da76a37662
bvk2-fixed-stiffness-period-map-v1,stress_free_lamellar_observable,f0.25_chiN19,0.25,19.0,bvk2_fixed,"BVK, fixed stiffness",accepted,fixed_stiffness_production_control,false,0.16,256,2,12.0,ud-theta-spectral-fixed-k-physical-sensor-filter-oversampled-v2,3.3316669016503937,3.311352263776864,-0.006097439652045122,0.006097439652045122,0.004261726138460824,0.998046875,false,2.068459838260292e-09,4.1485713031885425e-09,-1.0392334437447914e-08,true,true,true,true,true,true,true,results/bvk_fixed_stiffness_period_map_nx256/cases/f0.25_chiN19/root.csv,results/bvk_fixed_stiffness_period_map_nx256/cases/f0.25_chiN19/profile.csv,08e8ec97d7f54748d4b43f00c4a3fbfde4593c5cd9e66440fd7859c5c566992c,f8d8bb65ad533e9debd961373e318f6b0b65513fe80e5b7a593c8cadeb7cf642
bvk2-fixed-stiffness-period-map-v1,stress_free_lamellar_observable,f0.25_chiN20,0.25,20.0,bvk2_fixed,"BVK, fixed stiffness",accepted,fixed_stiffness_production_control,false,0.16,256,2,12.0,ud-theta-spectral-fixed-k-physical-sensor-filter-oversampled-v2,3.5422025110610225,3.4405811105931208,-0.028688760778237454,0.028688760778237454,0.007948493540816394,0.498046875,false,1.8112143372323712e-09,3.766713608830039e-09,-1.1287359602540903e-08,true,true,true,true,true,true,true,results/bvk_fixed_stiffness_period_map_nx256/cases/f0.25_chiN20/root.csv,results/bvk_fixed_stiffness_period_map_nx256/cases/f0.25_chiN20/profile.csv,6bc2ccc9ca272e13d711ebb5a54fe5303083f245b5521989ce6f19f7889ea3c2,741918188de639246aaafc1d01020729ff2467f1917a444d34c5a0e3894014de
bvk2-fixed-stiffness-period-map-v1,stress_free_lamellar_observable,f0.25_chiN21,0.25,21.0,bvk2_fixed,"BVK, fixed stiffness",accepted,fixed_stiffness_production_control,false,0.16,256,2,12.0,ud-theta-spectral-fixed-k-physical-sensor-filter-oversampled-v2,3.6888585911407965,3.5440323724988634,-0.03926044196699474,0.03926044196699474,0.007752519331407985,0.998046875,false,1.0034664367351207e-09,2.7990602114058182e-09,-1.3151272404421377e-08,true,true,true,true,true,true,true,results/bvk_fixed_stiffness_period_map_nx256/cases/f0.25_chiN21/root.csv,results/bvk_fixed_stiffness_period_map_nx256/cases/f0.25_chiN21/profile.csv,b17f4d32cd2da31ca6d881626c7f8d2ecc5deb19bd513efc2ed3a18af8cd4232,2e6018ca24ba6a780a35318db4e9b68f2fde7631ec33cdb12971d4ba7d2ec545
bvk2-fixed-stiffness-period-map-v1,stress_free_lamellar_observable,f0.25_chiN22,0.25,22.0,bvk2_fixed,"BVK, fixed stiffness",accepted,fixed_stiffness_production_control,false,0.16,256,2,12.0,ud-theta-spectral-fixed-k-physical-sensor-filter-oversampled-v2,3.80185977831775,3.631543649883514,-0.044798108916472956,0.044798108916472956,0.006972724140083163,0.498046875,false,7.358484280999159e-12,2.498401806908953e-11,5.981610762262335e-10,true,true,true,true,true,true,true,results/bvk_fixed_stiffness_period_map_nx256/cases/f0.25_chiN22/root.csv,results/bvk_fixed_stiffness_period_map_nx256/cases/f0.25_chiN22/profile.csv,386917fe80cdfd5af4c9b66bd71deaf0ce9f1f6908212065cf61bfd876645493,8971eca154245cbf7bc7ae39775f8ee20d4b137b2c4d560517b062bff475a477
bvk2-fixed-stiffness-period-map-v1,stress_free_lamellar_observable,f0.25_chiN23,0.25,23.0,bvk2_fixed,"BVK, fixed stiffness",accepted,fixed_stiffness_production_control,false,0.16,256,2,12.0,ud-theta-spectral-fixed-k-physical-sensor-filter-oversampled-v2,3.8947269545313095,3.7081894751360034,-0.0478948798139186,0.0478948798139186,0.006496762334132864,0.998046875,false,7.0024810247420005e-12,2.0986154471225824e-11,9.96866367231064e-10,true,true,true,true,true,true,true,results/bvk_fixed_stiffness_period_map_nx256/cases/f0.25_chiN23/root.csv,results/bvk_fixed_stiffness_period_map_nx256/cases/f0.25_chiN23/profile.csv,967436165e23f6ef1e9eef548527b4559465d798ec99e6adfae1a1d600607cd5,4a5c4652e82409600b58936aac0bbf55c7677bd046f2413c61a0331cb313ae5a
bvk2-fixed-stiffness-period-map-v1,stress_free_lamellar_observable,f0.25_chiN24,0.25,24.0,bvk2_fixed,"BVK, fixed stiffness",accepted,fixed_stiffness_production_control,false,0.16,256,2,12.0,ud-theta-spectral-fixed-k-physical-sensor-filter-oversampled-v2,3.974266521982424,3.7768820745887317,-0.04966562919268791,0.04966562919268791,0.006525595234773193,0.998046875,false,4.252145552256338e-10,1.0062767135809968e-09,-4.16744461162466e-08,true,true,true,true,true,true,true,results/bvk_fixed_stiffness_period_map_nx256/cases/f0.25_chiN24/root.csv,results/bvk_fixed_stiffness_period_map_nx256/cases/f0.25_chiN24/profile.csv,08c54061c8dedcf75a44dd90628a6e2ac18bd9552d7d755cfc5c62189b080320,eed19c1bae21971a10e9758f08bdcaa641ed64ab0d917829856ffc1ecac2acfd
bvk2-fixed-stiffness-period-map-v1,stress_free_lamellar_observable,f0.25_chiN25,0.25,25.0,bvk2_fixed,"BVK, fixed stiffness",accepted,fixed_stiffness_production_control,false,0.16,256,2,12.0,ud-theta-spectral-fixed-k-physical-sensor-filter-oversampled-v2,4.044493556373904,3.8394301611360477,-0.05070187215768651,0.05070187215768651,0.006961592560536046,0.498046875,false,1.4919130571517877e-09,4.082445165544619e-09,-1.2402403037903298e-07,true,true,true,true,true,true,true,results/bvk_fixed_stiffness_period_map_nx256/cases/f0.25_chiN25/root.csv,results/bvk_fixed_stiffness_period_map_nx256/cases/f0.25_chiN25/profile.csv,0ac5a5b0c394907688c1610b6deb914e9565f678087c5fd534a1fddd4542f6a1,1c986dc261a4aaafb07ff6da3e9070539546dc80da92bf51a32ecc8417275c34
bvk2-fixed-stiffness-period-map-v1,stress_free_lamellar_observable,f0.25_chiN26,0.25,26.0,bvk2_fixed,"BVK, fixed stiffness",accepted,fixed_stiffness_production_control,false,0.16,256,2,12.0,ud-theta-spectral-fixed-k-physical-sensor-filter-oversampled-v2,4.107639167200652,3.897030089777625,-0.05127253608465254,0.05127253608465254,0.007637751313465859,0.998046875,false,8.603748805010296e-12,2.500729839243978e-11,2.5904167699764002e-11,true,true,true,true,true,true,true,results/bvk_fixed_stiffness_period_map_nx256/cases/f0.25_chiN26/root.csv,results/bvk_fixed_stiffness_period_map_nx256/cases/f0.25_chiN26/profile.csv,8b5c6bdd400a56331f88b1a4cb13cb7f6a008c1e6a0301df34bf9f39a0dbb21d,c15634670a71127dd4234dfc30412b8c1375cf67b5d37aa987cd29770a58a7f5
bvk2-fixed-stiffness-period-map-v1,stress_free_lamellar_observable,f0.25_chiN27,0.25,27.0,bvk2_fixed,"BVK, fixed stiffness",accepted,fixed_stiffness_production_control,false,0.16,256,2,12.0,ud-theta-spectral-fixed-k-physical-sensor-filter-oversampled-v2,4.165388559581025,3.9505150709670427,-0.0515854608856936,0.0515854608856936,0.008447997790235239,0.0,false,2.4784058851146066e-10,6.411438726291039e-10,-8.395754980128345e-09,true,true,true,true,true,true,true,results/bvk_fixed_stiffness_period_map_nx256/cases/f0.25_chiN27/root.csv,results/bvk_fixed_stiffness_period_map_nx256/cases/f0.25_chiN27/profile.csv,1ab5c8240cb00853ee9bcc091b9f6cf42a48c4778c628428406f849cd21bd14a,0edca5c98e0f4a55961047fd513cc9bcb65a6ce6c56e9596b402c0c5b1f3776a
bvk2-fixed-stiffness-period-map-v1,stress_free_lamellar_observable,f0.25_chiN28,0.25,28.0,bvk2_fixed,"BVK, fixed stiffness",accepted,fixed_stiffness_production_control,false,0.16,256,2,12.0,ud-theta-spectral-fixed-k-physical-sensor-filter-oversampled-v2,4.218713162837297,4.000492824946787,-0.05172675398100446,0.05172675398100446,0.008574309969114048,0.998046875,false,4.6354447374480327e-10,8.808378940181549e-10,-1.7087005588223292e-08,true,true,true,true,true,true,true,results/bvk_fixed_stiffness_period_map_nx256/cases/f0.25_chiN28/root.csv,results/bvk_fixed_stiffness_period_map_nx256/cases/f0.25_chiN28/profile.csv,f5d3618c44ee96da6aa99b9c3354baf58c41d0a0170f7dde34fc1b2b90095f1e,a1230af5a96341d0ea0d2126d05844c6d21d6c247613bca7507e16fafec05abe
bvk2-fixed-stiffness-period-map-v1,stress_free_lamellar_observable,f0.25_chiN29,0.25,29.0,bvk2_fixed,"BVK, fixed stiffness",accepted,fixed_stiffness_production_control,false,0.16,256,2,12.0,ud-theta-spectral-fixed-k-physical-sensor-filter-oversampled-v2,4.268444376475314,4.0474238980170645,-0.051780100421680575,0.051780100421680575,0.008823492704619719,0.498046875,false,4.886516799715369e-10,1.7489674700511685e-09,-2.270304455542771e-08,true,true,true,true,true,true,true,results/bvk_fixed_stiffness_period_map_nx256/cases/f0.25_chiN29/root.csv,results/bvk_fixed_stiffness_period_map_nx256/cases/f0.25_chiN29/profile.csv,517eca267d0dd5e2f68dd29cff5d9c2ef6bdc996db05d7f956e6aaa201813097,1e74a6be1f3710553d629777364903110ba49cc942d293465284274a60a61c42
bvk2-fixed-stiffness-period-map-v1,stress_free_lamellar_observable,f0.25_chiN30,0.25,30.0,bvk2_fixed,"BVK, fixed stiffness",accepted,fixed_stiffness_production_control,false,0.16,256,2,12.0,ud-theta-spectral-fixed-k-physical-sensor-filter-oversampled-v2,4.315135966206206,4.091669462694423,-0.05178666564897405,0.05178666564897405,0.00936649325513055,0.498046875,false,7.687035221284962e-12,3.55416617749147e-11,1.8332091400452555e-10,true,true,true,true,true,true,true,results/bvk_fixed_stiffness_period_map_nx256/cases/f0.25_chiN30/root.csv,results/bvk_fixed_stiffness_period_map_nx256/cases/f0.25_chiN30/profile.csv,f0e1dbfd6ebf31e37a9a35ab41efa5598a84d9bde7a5955c1889b8849cb2d498,d538b8f459db8fc6eb16e35f7f1d79e42dfa8bb284e41aa9f1447ed8f23fabb5
bvk2-fixed-stiffness-period-map-v1,stress_free_lamellar_observable,f0.25_chiN31,0.25,31.0,bvk2_fixed,"BVK, fixed stiffness",accepted,fixed_stiffness_production_control,false,0.16,256,2,12.0,ud-theta-spectral-fixed-k-physical-sensor-filter-oversampled-v2,4.35925187824855,4.133521301707462,-0.05178195315288403,0.05178195315288403,0.009859057402930882,0.998046875,false,8.503013921432994e-12,3.278596242817889e-11,2.7178991501841665e-07,true,true,true,true,true,true,true,results/bvk_fixed_stiffness_period_map_nx256/cases/f0.25_chiN31/root.csv,results/bvk_fixed_stiffness_period_map_nx256/cases/f0.25_chiN31/profile.csv,049967d873647df55eb4f1b35dee7f90cb0e34d83726261f5dc439d177366624,2603d1651b617e42b5ce9ca3576d8d7d38525a22422e0b152dd112aeba8ae1b7
bvk2-fixed-stiffness-period-map-v1,stress_free_lamellar_observable,f0.25_chiN32,0.25,32.0,bvk2_fixed,"BVK, fixed stiffness",accepted,fixed_stiffness_production_control,false,0.16,256,2,12.0,ud-theta-spectral-fixed-k-physical-sensor-filter-oversampled-v2,4.401132350669418,4.173220168406349,-0.05178489627297933,0.05178489627297933,0.010319998289100534,0.498046875,false,2.7041119230546045e-10,6.63508185843764e-10,-4.842165046703428e-08,true,true,true,true,true,true,true,results/bvk_fixed_stiffness_period_map_nx256/cases/f0.25_chiN32/root.csv,results/bvk_fixed_stiffness_period_map_nx256/cases/f0.25_chiN32/profile.csv,218612e3e80d8442dc653b39e317a7662ecf254def588f8935207b24dae08d4e,9782c67fcfcf145dde1b73cae4a04656dcacb3c84001ccfea64218b838d676c4
bvk2-fixed-stiffness-period-map-v1,stress_free_lamellar_observable,f0.25_chiN33,0.25,33.0,bvk2_fixed,"BVK, fixed stiffness",accepted,fixed_stiffness_production_control,false,0.16,256,2,12.0,ud-theta-spectral-fixed-k-physical-sensor-filter-oversampled-v2,4.440967487387949,4.210970658187874,-0.05178980252687082,0.05178980252687082,0.01069412675046326,0.001953125,false,2.3813105811043395e-09,6.260980749309871e-09,-1.25149585139539e-07,true,true,true,true,true,true,true,results/bvk_fixed_stiffness_period_map_nx256/cases/f0.25_chiN33/root.csv,results/bvk_fixed_stiffness_period_map_nx256/cases/f0.25_chiN33/profile.csv,08c84c2374269311dbd4f1082ef7b5f746c7800a25e75da8c83bdb655e6a303c,0d779f1e59870a94419ff71e0165975854bf7da388c765a68a282db51b75a654
bvk2-fixed-stiffness-period-map-v1,stress_free_lamellar_observable,f0.25_chiN34,0.25,34.0,bvk2_fixed,"BVK, fixed stiffness",accepted,fixed_stiffness_production_control,false,0.16,256,2,12.0,ud-theta-spectral-fixed-k-physical-sensor-filter-oversampled-v2,4.4790757856406005,4.24694800721067,-0.05182492762772739,0.05182492762772739,0.011021433457790955,0.498046875,false,6.629090190662939e-12,1.8020761076886004e-11,-4.4139802923837124e-11,true,true,true,true,true,true,true,results/bvk_fixed_stiffness_period_map_nx256/cases/f0.25_chiN34/root.csv,results/bvk_fixed_stiffness_period_map_nx256/cases/f0.25_chiN34/profile.csv,6c6194f87db4762371d027d72e2a3fabb4a94cf5fd73d17126c76cd84890deea,9003a7eff85ce0c953bdb34c37081fae9e080ed797aeac9d24d8d0ff683adcd1
bvk2-fixed-stiffness-period-map-v1,stress_free_lamellar_observable,f0.25_chiN35,0.25,35.0,bvk2_fixed,"BVK, fixed stiffness",accepted,fixed_stiffness_production_control,false,0.16,256,2,12.0,ud-theta-spectral-fixed-k-physical-sensor-filter-oversampled-v2,4.515583854442584,4.281304658489896,-0.05188237080841629,0.05188237080841629,0.01132679316435572,0.00390625,false,1.9996421841181225e-10,6.638366912939804e-10,-7.227883624949527e-09,true,true,true,true,true,true,true,results/bvk_fixed_stiffness_period_map_nx256/cases/f0.25_chiN35/root.csv,results/bvk_fixed_stiffness_period_map_nx256/cases/f0.25_chiN35/profile.csv,89d05f3a6585e767444ed0f796ad5fd315e848d4519cf301dd92c7fba91aafa9,00006aebc3557eedf83d4082475d42f2e744fcd7c075127820f29623e4df4e08
bvk2-fixed-stiffness-period-map-v1,stress_free_lamellar_observable,f0.3_chiN15,0.3,15.0,bvk2_fixed,"BVK, fixed stiffness",accepted,fixed_stiffness_production_control,false,0.16,256,2,12.0,ud-theta-spectral-fixed-k-physical-sensor-filter-oversampled-v2,3.2122512113344253,3.28881412248058,0.02383465865807821,0.02383465865807821,0.0022770751429184452,0.998046875,false,6.5596265936061165e-12,1.4915730898760007e-11,8.141174495657211e-08,true,true,true,true,true,true,true,results/bvk_fixed_stiffness_period_map_nx256/cases/f0.3_chiN15/root.csv,results/bvk_fixed_stiffness_period_map_nx256/cases/f0.3_chiN15/profile.csv,32e9a77975a10b76a0ac579b50250130f2cfa7ea937a915bc51a7ec88ffa1fb6,29b05eb6719ce0f5ef0b31f69cb1ed2745d62a4032af9fd729ded14e3c532586
bvk2-fixed-stiffness-period-map-v1,stress_free_lamellar_observable,f0.3_chiN16,0.3,16.0,bvk2_fixed,"BVK, fixed stiffness",accepted,fixed_stiffness_production_control,false,0.16,256,2,12.0,ud-theta-spectral-fixed-k-physical-sensor-filter-oversampled-v2,3.40546325011025,3.405586812150817,3.628347496120732e-05,3.628347496120732e-05,0.003591627429721314,0.498046875,false,1.2743504314553779e-09,2.5232501718612214e-09,-3.808195991883423e-08,true,true,true,true,true,true,true,results/bvk_fixed_stiffness_period_map_nx256/cases/f0.3_chiN16/root.csv,results/bvk_fixed_stiffness_period_map_nx256/cases/f0.3_chiN16/profile.csv,6f78e62962569b2ab1b9c11dfede0774a30536e0f49f2643a962fb12412e04fa,106d40018eb5615736ba708e3a87b2c8edfa9390897950a9e95bba7137ba65c3
bvk2-fixed-stiffness-period-map-v1,stress_free_lamellar_observable,f0.3_chiN17,0.3,17.0,bvk2_fixed,"BVK, fixed stiffness",accepted,fixed_stiffness_production_control,false,0.16,256,2,12.0,ud-theta-spectral-fixed-k-physical-sensor-filter-oversampled-v2,3.5534128586834304,3.5029114444261364,-0.014212087439793075,0.014212087439793075,0.00414692625097508,0.998046875,false,1.038540391144467e-09,2.275321450195053e-09,-8.582131583168007e-08,true,true,true,true,true,true,true,results/bvk_fixed_stiffness_period_map_nx256/cases/f0.3_chiN17/root.csv,results/bvk_fixed_stiffness_period_map_nx256/cases/f0.3_chiN17/profile.csv,e630754bd033272c2c069105845b8059136640ce3ae778edf6a46f92d3e34db9,178d54228637cb6e2863a83824105b8965f5bfa7428a76a3dcee0ad399848155
bvk2-fixed-stiffness-period-map-v1,stress_free_lamellar_observable,f0.3_chiN18,0.3,18.0,bvk2_fixed,"BVK, fixed stiffness",accepted,fixed_stiffness_production_control,false,0.16,256,2,12.0,ud-theta-spectral-fixed-k-physical-sensor-filter-oversampled-v2,3.672123131675808,3.5873227096664992,-0.02309302247460565,0.02309302247460565,0.004611351871496465,0.998046875,false,9.032529214590926e-10,2.706443721509642e-09,-1.4986276952733135e-07,true,true,true,true,true,true,true,results/bvk_fixed_stiffness_period_map_nx256/cases/f0.3_chiN18/root.csv,results/bvk_fixed_stiffness_period_map_nx256/cases/f0.3_chiN18/profile.csv,5188f229544d24b99b403ae2897f1733ae4177f5eb21bae1fc62e57a200ce54b,f7ae3d32edb67393c9b7489dd66181432c2a86dfbed3079b46e6a54dbdd4e45c
bvk2-fixed-stiffness-period-map-v1,stress_free_lamellar_observable,f0.3_chiN19,0.3,19.0,bvk2_fixed,"BVK, fixed stiffness",accepted,fixed_stiffness_production_control,false,0.16,256,2,12.0,ud-theta-spectral-fixed-k-physical-sensor-filter-oversampled-v2,3.7714485883884885,3.662460379943936,-0.02889823522455126,0.02889823522455126,0.005640210542638956,0.498046875,false,2.319507917163461e-10,6.725303135262183e-10,-2.408398369624365e-09,true,true,true,true,true,true,true,results/bvk_fixed_stiffness_period_map_nx256/cases/f0.3_chiN19/root.csv,results/bvk_fixed_stiffness_period_map_nx256/cases/f0.3_chiN19/profile.csv,03a1882f179e56927372e2108445254722d9b9b7f8b20f6e4857e82a77f62948,a0cdbe7bce14a30a4418b3d0dcf1777f5486a7aabe036b9cf35b8d26ef45e200
bvk2-fixed-stiffness-period-map-v1,stress_free_lamellar_observable,f0.3_chiN20,0.3,20.0,bvk2_fixed,"BVK, fixed stiffness",accepted,fixed_stiffness_production_control,false,0.16,256,2,12.0,ud-theta-spectral-fixed-k-physical-sensor-filter-oversampled-v2,3.8572513523355743,3.730517920886888,-0.032855891377664315,0.032855891377664315,0.006969964632315619,0.498046875,false,1.9647475676888521e-10,5.912637773562592e-10,-9.638926323773944e-09,true,true,true,true,true,true,true,results/bvk_fixed_stiffness_period_map_nx256/cases/f0.3_chiN20/root.csv,results/bvk_fixed_stiffness_period_map_nx256/cases/f0.3_chiN20/profile.csv,0a770e9eb532224836c9ef011e960350fa6c670511850f2d87a541c3d73aff12,e24b5f7d0eb46b4de79ba1ca5ce4e4dee41edf2556d53c16fd92e07c71a3feb1
bvk2-fixed-stiffness-period-map-v1,stress_free_lamellar_observable,f0.3_chiN21,0.3,21.0,bvk2_fixed,"BVK, fixed stiffness",accepted,fixed_stiffness_production_control,false,0.16,256,2,12.0,ud-theta-spectral-fixed-k-physical-sensor-filter-oversampled-v2,3.9331424760900013,3.792912482948576,-0.03565342318359899,0.03565342318359899,0.008330220163177582,0.498046875,false,4.2577010725654077e-10,1.3838495712758664e-09,-1.6682684789159907e-08,true,true,true,true,true,true,true,results/bvk_fixed_stiffness_period_map_nx256/cases/f0.3_chiN21/root.csv,results/bvk_fixed_stiffness_period_map_nx256/cases/f0.3_chiN21/profile.csv,6bc040994134f8320b1b31755659b957b57bcaee83208c9dee19401ddd9dd0fe,9fea583af0a404fa0a7a12a77af8dc2720a2997db12425cb35c79173c025d555
bvk2-fixed-stiffness-period-map-v1,stress_free_lamellar_observable,f0.3_chiN22,0.3,22.0,bvk2_fixed,"BVK, fixed stiffness",accepted,fixed_stiffness_production_control,false,0.16,256,2,12.0,ud-theta-spectral-fixed-k-physical-sensor-filter-oversampled-v2,4.001486713338376,3.850615882344957,-0.03770369410212282,0.03770369410212282,0.009595847597671984,0.998046875,false,6.839947786864519e-10,1.955536560830573e-09,-1.9343875390376297e-08,true,true,true,true,true,true,true,results/bvk_fixed_stiffness_period_map_nx256/cases/f0.3_chiN22/root.csv,results/bvk_fixed_stiffness_period_map_nx256/cases/f0.3_chiN22/profile.csv,1498b5fde9f76cebab233002d91212ff2f17b2349b35404e3fe48d84ee96432f,b8e335a68e3230b68fb5281a368d992e3e345f7901628d71a0982b45f530c272
bvk2-fixed-stiffness-period-map-v1,stress_free_lamellar_observable,f0.3_chiN23,0.3,23.0,bvk2_fixed,"BVK, fixed stiffness",accepted,fixed_stiffness_production_control,false,0.16,256,2,12.0,ud-theta-spectral-fixed-k-physical-sensor-filter-oversampled-v2,4.063810411686139,3.904330514863139,-0.039243931351814476,0.039243931351814476,0.010373810695465127,0.498046875,false,8.227562943740791e-12,2.249399012305604e-11,3.9749181723891525e-10,true,true,true,true,true,true,true,results/bvk_fixed_stiffness_period_map_nx256/cases/f0.3_chiN23/root.csv,results/bvk_fixed_stiffness_period_map_nx256/cases/f0.3_chiN23/profile.csv,36d56aa9aa766a865aca57788cea017d7e8ca915dd3b8e7ff13bf3d5a9cdb24a,0f8d5b735dc740b90c828dedbc9bf2553fc4ce6f15e5a66d542b1ee66a69f87a
bvk2-fixed-stiffness-period-map-v1,stress_free_lamellar_observable,f0.3_chiN24,0.3,24.0,bvk2_fixed,"BVK, fixed stiffness",accepted,fixed_stiffness_production_control,false,0.16,256,2,12.0,ud-theta-spectral-fixed-k-physical-sensor-filter-oversampled-v2,4.1214078342958915,3.954587487480435,-0.040476544307815665,0.040476544307815665,0.01131781652436611,0.998046875,false,8.244817405038568e-12,3.0264401399885205e-11,3.9057002076958725e-10,true,true,true,true,true,true,true,results/bvk_fixed_stiffness_period_map_nx256/cases/f0.3_chiN24/root.csv,results/bvk_fixed_stiffness_period_map_nx256/cases/f0.3_chiN24/profile.csv,b8c6ab452ed96591a63b228b72e2d178a330c0d272cd9375a3c2ce521bd899da,2bc340ac61c20c8a2b5d412f8f7673e483f6257a9d058fba4c408dabb47b9239
bvk2-fixed-stiffness-period-map-v1,stress_free_lamellar_observable,f0.3_chiN25,0.3,25.0,bvk2_fixed,"BVK, fixed stiffness",accepted,fixed_stiffness_production_control,false,0.16,256,2,12.0,ud-theta-spectral-fixed-k-physical-sensor-filter-oversampled-v2,4.1749055871198655,4.001804144399072,-0.04146236103035095,0.04146236103035095,0.012129891334517237,0.998046875,false,3.122574519603652e-10,1.2514302651059421e-09,-2.8490261261282512e-08,true,true,true,true,true,true,true,results/bvk_fixed_stiffness_period_map_nx256/cases/f0.3_chiN25/root.csv,results/bvk_fixed_stiffness_period_map_nx256/cases/f0.3_chiN25/profile.csv,f881c6fa06a471f3a668589c9a7532fd5e1f11096ca88b49b00e1d53fb5d0fd5,b9150e40cb80a8f0e2f45bd5ded02f0d580d0dfbef5f50eec6e81a8024d9d2a2
bvk2-fixed-stiffness-period-map-v1,stress_free_lamellar_observable,f0.3_chiN26,0.3,26.0,bvk2_fixed,"BVK, fixed stiffness",accepted,fixed_stiffness_production_control,false,0.16,256,2,12.0,ud-theta-spectral-fixed-k-physical-sensor-filter-oversampled-v2,4.225037021915823,4.046318989826222,-0.04229975528322405,0.04229975528322405,0.012229394807783914,0.498046875,false,6.593369960304506e-10,2.1300591549732106e-09,-8.201024837006798e-08,true,true,true,true,true,true,true,results/bvk_fixed_stiffness_period_map_nx256/cases/f0.3_chiN26/root.csv,results/bvk_fixed_stiffness_period_map_nx256/cases/f0.3_chiN26/profile.csv,c724c09bceeeea54b9499e06fb990e5cebfff6ea98de156707b6373ae0871825,b37d16b47f1e08cbdbd6ac0a199aceaa5f3f6b0585a63696beb5ad7056081f6c
bvk2-fixed-stiffness-period-map-v1,stress_free_lamellar_observable,f0.3_chiN27,0.3,27.0,bvk2_fixed,"BVK, fixed stiffness",accepted,fixed_stiffness_production_control,false,0.16,256,2,12.0,ud-theta-spectral-fixed-k-physical-sensor-filter-oversampled-v2,4.272193059696039,4.088413795729201,-0.043017546585292554,0.043017546585292554,0.013209402423596688,0.998046875,false,6.650607318955201e-12,1.8248736842835383e-11,3.252664804165306e-11,true,true,true,true,true,true,true,results/bvk_fixed_stiffness_period_map_nx256/cases/f0.3_chiN27/root.csv,results/bvk_fixed_stiffness_period_map_nx256/cases/f0.3_chiN27/profile.csv,1fed154ae174818e9d7944dea8d7cae5501f9a33bea282cf4e4594aaba976271,c42d46361aaa53f639611714d6728e225b19e02b172447f9704652e642fd217f
bvk2-fixed-stiffness-period-map-v1,stress_free_lamellar_observable,f0.3_chiN28,0.3,28.0,bvk2_fixed,"BVK, fixed stiffness",accepted,fixed_stiffness_production_control,false,0.16,256,2,12.0,ud-theta-spectral-fixed-k-physical-sensor-filter-oversampled-v2,4.316854239288009,4.12832751216526,-0.04367224758412125,0.04367224758412125,0.013684935278666481,0.498046875,false,9.920076609585862e-10,2.325819710445266e-09,-3.5566756206861783e-09,true,true,true,true,true,true,true,results/bvk_fixed_stiffness_period_map_nx256/cases/f0.3_chiN28/root.csv,results/bvk_fixed_stiffness_period_map_nx256/cases/f0.3_chiN28/profile.csv,929ceec24242335898bdee93109445df4e76d6fc36fbd07d0b2b4409dfdc74af,2c1822a98255b40a3696d2c794ee149c5855944d8d22639e49bb4ab0c88260cc
bvk2-fixed-stiffness-period-map-v1,stress_free_lamellar_observable,f0.3_chiN29,0.3,29.0,bvk2_fixed,"BVK, fixed stiffness",accepted,fixed_stiffness_production_control,false,0.16,256,2,12.0,ud-theta-spectral-fixed-k-physical-sensor-filter-oversampled-v2,4.359317362838848,4.1662663721752935,-0.04428468372347105,0.04428468372347105,0.013582063051426332,0.498046875,false,5.553391753166245e-10,1.4147639408516173e-09,-8.291998865317396e-09,true,true,true,true,true,true,true,results/bvk_fixed_stiffness_period_map_nx256/cases/f0.3_chiN29/root.csv,results/bvk_fixed_stiffness_period_map_nx256/cases/f0.3_chiN29/profile.csv,9159665cdfd61eb43ef8138f244fabcd6c7fd6ce0ccd07fb0caa54f8a50e8870,c4325c6a8dfe0d8b0c06afc6fac55eb7b209cb8e3e0ea4e4abc2bf42cc3c4b0b
bvk2-fixed-stiffness-period-map-v1,stress_free_lamellar_observable,f0.3_chiN30,0.3,30.0,bvk2_fixed,"BVK, fixed stiffness",accepted,fixed_stiffness_production_control,false,0.16,256,2,12.0,ud-theta-spectral-fixed-k-physical-sensor-filter-oversampled-v2,4.3997505020222185,4.202410236623063,-0.044852603643878,0.044852603643878,0.013884042223816166,0.498046875,false,1.4669382322760742e-09,5.0993050418909254e-09,-1.3666470177753354e-08,true,true,true,true,true,true,true,results/bvk_fixed_stiffness_period_map_nx256/cases/f0.3_chiN30/root.csv,results/bvk_fixed_stiffness_period_map_nx256/cases/f0.3_chiN30/profile.csv,6f5c61971c22590254667849fc899a4b532d0b77ec18c45a8b9dfb4c873f4108,f43c4e134baddb8685631f3b7ac60d22968064955517e4468a5fc36942c22895
bvk2-fixed-stiffness-period-map-v1,stress_free_lamellar_observable,f0.3_chiN31,0.3,31.0,bvk2_fixed,"BVK, fixed stiffness",accepted,fixed_stiffness_production_control,false,0.16,256,2,12.0,ud-theta-spectral-fixed-k-physical-sensor-filter-oversampled-v2,4.43843772713612,4.236917399309678,-0.045403437023430304,0.045403437023430304,0.014114770749004406,0.498046875,false,2.37750903563816e-09,6.684405646703304e-09,-1.7990410050572336e-08,true,true,true,true,true,true,true,results/bvk_fixed_stiffness_period_map_nx256/cases/f0.3_chiN31/root.csv,results/bvk_fixed_stiffness_period_map_nx256/cases/f0.3_chiN31/profile.csv,8afb0dd71991d08be4757bdbf5753be9471a3a3ce770e99d8ac4a40a6877538e,07d17a69935b26b53e1bc283d36145bd845f3c2ded174fb4d8c4f7be9e523e88
bvk2-fixed-stiffness-period-map-v1,stress_free_lamellar_observable,f0.3_chiN32,0.3,32.0,bvk2_fixed,"BVK, fixed stiffness",accepted,fixed_stiffness_production_control,false,0.16,256,2,12.0,ud-theta-spectral-fixed-k-physical-sensor-filter-oversampled-v2,4.475531840172666,4.269928086845339,-0.04593951303883348,0.04593951303883348,0.014298830586245386,0.998046875,false,6.90190575940412e-10,1.588206582329749e-09,-1.9326413802644993e-08,true,true,true,true,true,true,true,results/bvk_fixed_stiffness_period_map_nx256/cases/f0.3_chiN32/root.csv,results/bvk_fixed_stiffness_period_map_nx256/cases/f0.3_chiN32/profile.csv,cdc6f018ff98ce44a1b64c9d6fb35d34ccddd36acf2ffd6b5773574bf035398a,e8b9015caddd3b9169617a5855182982b149bdf6ed48797cd2293b3f13d9fcc2
bvk2-fixed-stiffness-period-map-v1,stress_free_lamellar_observable,f0.3_chiN33,0.3,33.0,bvk2_fixed,"BVK, fixed stiffness",accepted,fixed_stiffness_production_control,false,0.16,256,2,12.0,ud-theta-spectral-fixed-k-physical-sensor-filter-oversampled-v2,4.511161220066015,4.301567129247453,-0.04646122818361487,0.04646122818361487,0.014449062746213215,0.998046875,false,1.131547648295538e-09,2.789474856027853e-09,-1.5502736427919217e-08,true,true,true,true,true,true,true,results/bvk_fixed_stiffness_period_map_nx256/cases/f0.3_chiN33/root.csv,results/bvk_fixed_stiffness_period_map_nx256/cases/f0.3_chiN33/profile.csv,2d3ca16c836b254332f2338e3a46c8b8435c2ad9913118a2f7fe25fb255ee37d,93e860f551fd14d2dac7d7906925be7960d7ab95ca552b0bfe34d3efd5eba7fb
bvk2-fixed-stiffness-period-map-v1,stress_free_lamellar_observable,f0.3_chiN34,0.3,34.0,bvk2_fixed,"BVK, fixed stiffness",accepted,fixed_stiffness_production_control,false,0.16,256,2,12.0,ud-theta-spectral-fixed-k-physical-sensor-filter-oversampled-v2,4.545473398939749,4.331946056026923,-0.0469758205960753,0.0469758205960753,0.014581547804857495,0.998046875,false,6.664910187110049e-10,1.8152527198242397e-09,-1.30976314238751e-08,true,true,true,true,true,true,true,results/bvk_fixed_stiffness_period_map_nx256/cases/f0.3_chiN34/root.csv,results/bvk_fixed_stiffness_period_map_nx256/cases/f0.3_chiN34/profile.csv,eb5c04cfbdc2847c865632af8ba8d6f80de114673540635b74ac8d67c5dcc222,039a57cfab65439ee006d68c6704c53a96d25f3510c6b51c058933519e01d114
bvk2-fixed-stiffness-period-map-v1,stress_free_lamellar_observable,f0.3_chiN35,0.3,35.0,bvk2_fixed,"BVK, fixed stiffness",accepted,fixed_stiffness_production_control,false,0.16,256,2,12.0,ud-theta-spectral-fixed-k-physical-sensor-filter-oversampled-v2,4.578626429297504,4.361164816149662,-0.04749494559249445,0.04749494559249445,0.014619985945810857,0.4921875,false,5.860855354749594e-06,1.9541476245033215e-05,1.693726314755395e-08,true,true,true,true,true,true,true,results/bvk_fixed_stiffness_period_map_nx256/cases/f0.3_chiN35/root.csv,results/bvk_fixed_stiffness_period_map_nx256/cases/f0.3_chiN35/profile.csv,0fc04d7dbe1eeca981e8ac66ba9c98b4639ed4e81757b0e0bfc680c4e5e9dafd,f2192315ad78f7d033940022fa6e4d8fe6fd3d70eb421e7d39eb0eb0d70c59bb
bvk2-fixed-stiffness-period-map-v1,stress_free_lamellar_observable,f0.35_chiN13,0.35,13.0,bvk2_fixed,"BVK, fixed stiffness",accepted,fixed_stiffness_production_control,false,0.16,256,2,12.0,ud-theta-spectral-fixed-k-physical-sensor-filter-oversampled-v2,3.2539326052599056,3.3440771977654267,0.02770327583300425,0.02770327583300425,0.004074051166925288,0.498046875,false,6.161093952086447e-10,1.1264372246632695e-09,-1.566942897657242e-08,true,true,true,true,true,true,true,results/bvk_fixed_stiffness_period_map_nx256/cases/f0.35_chiN13/root.csv,results/bvk_fixed_stiffness_period_map_nx256/cases/f0.35_chiN13/profile.csv,44d5165a294be10824a34b1991ece4569b7e1166755b299b68359bcd616615d6,0b9bfc04f4875712bc661f08415a83c6ce33594be3f1983a2819d4773e97cee8
bvk2-fixed-stiffness-period-map-v1,stress_free_lamellar_observable,f0.35_chiN14,0.35,14.0,bvk2_fixed,"BVK, fixed stiffness",accepted,fixed_stiffness_production_control,false,0.16,256,2,12.0,ud-theta-spectral-fixed-k-physical-sensor-filter-oversampled-v2,3.4101423332759873,3.4403238366141777,0.008850511324316468,0.008850511324316468,0.003194505063335755,0.498046875,false,1.4257883074803644e-09,2.563617918930564e-09,-1.1441631597719493e-07,true,true,true,true,true,true,true,results/bvk_fixed_stiffness_period_map_nx256/cases/f0.35_chiN14/root.csv,results/bvk_fixed_stiffness_period_map_nx256/cases/f0.35_chiN14/profile.csv,b711d0aca865806eda36e2461ece577b2df5047056018bb4117bb59149abfb53,0e95fd89c724a01479c59a781131442003abf3926994111c68e727c04b48573f
bvk2-fixed-stiffness-period-map-v1,stress_free_lamellar_observable,f0.35_chiN15,0.35,15.0,bvk2_fixed,"BVK, fixed stiffness",accepted,fixed_stiffness_production_control,false,0.16,256,2,12.0,ud-theta-spectral-fixed-k-physical-sensor-filter-oversampled-v2,3.537824798899269,3.524744634723856,-0.0036972334468012846,0.0036972334468012846,0.0028293109840170317,0.998046875,false,4.977814941873647e-11,1.7082441281667177e-10,-3.2679182693229336e-09,true,true,true,true,true,true,true,results/bvk_fixed_stiffness_period_map_nx256/cases/f0.35_chiN15/root.csv,results/bvk_fixed_stiffness_period_map_nx256/cases/f0.35_chiN15/profile.csv,d7537124de037c61a2a1eba8fd52ef83e80dcac0cda16f12c1ca1f316e0d1104,de3e892bd5b27fd59f465fff41f74eec5f47c1858f4423f495010046d59aedac
bvk2-fixed-stiffness-period-map-v1,stress_free_lamellar_observable,f0.35_chiN16,0.35,16.0,bvk2_fixed,"BVK, fixed stiffness",accepted,fixed_stiffness_production_control,false,0.16,256,2,12.0,ud-theta-spectral-fixed-k-physical-sensor-filter-oversampled-v2,3.645557468460802,3.6005179853632865,-0.01235462161471057,0.01235462161471057,0.004602605681342388,0.498046875,false,6.222917387822206e-10,1.6063819991854293e-09,-1.1537446331644219e-08,true,true,true,true,true,true,true,results/bvk_fixed_stiffness_period_map_nx256/cases/f0.35_chiN16/root.csv,results/bvk_fixed_stiffness_period_map_nx256/cases/f0.35_chiN16/profile.csv,bf81e1cacc0bc691740ca06c1e2cac45e4e2c64b0aee1b7544f4b6b21bd033ca,bb1ed12e4bb56e2131e1956959bcea8754276a70d1f192c2f008626c7852d120
bvk2-fixed-stiffness-period-map-v1,stress_free_lamellar_observable,f0.35_chiN17,0.35,17.0,bvk2_fixed,"BVK, fixed stiffness",accepted,fixed_stiffness_production_control,false,0.16,256,2,12.0,ud-theta-spectral-fixed-k-physical-sensor-filter-oversampled-v2,3.7389688856125827,3.669553754949896,-0.01856531380343751,0.01856531380343751,0.006811573758767931,0.998046875,false,4.5551207749293563e-10,1.2230456253591183e-09,-1.6245583212004533e-08,true,true,true,true,true,true,true,results/bvk_fixed_stiffness_period_map_nx256/cases/f0.35_chiN17/root.csv,results/bvk_fixed_stiffness_period_map_nx256/cases/f0.35_chiN17/profile.csv,140b45c69fa09fb16d999e02b36500c9d720c2d42a2d3a68e14621e4d23840d4,046e4e05a776e9c1e0dc66533ff9aedfd720d786ff1fdc85b763b87c3882b9c6
bvk2-fixed-stiffness-period-map-v1,stress_free_lamellar_observable,f0.35_chiN18,0.35,18.0,bvk2_fixed,"BVK, fixed stiffness",accepted,fixed_stiffness_production_control,false,0.16,256,2,12.0,ud-theta-spectral-fixed-k-physical-sensor-filter-oversampled-v2,3.8215791964321415,3.7330929884252475,-0.023154356735431647,0.023154356735431647,0.008600548671716257,0.998046875,false,1.2751708552466314e-10,4.2613924481879377e-10,-1.4015850480220138e-08,true,true,true,true,true,true,true,results/bvk_fixed_stiffness_period_map_nx256/cases/f0.35_chiN18/root.csv,results/bvk_fixed_stiffness_period_map_nx256/cases/f0.35_chiN18/profile.csv,c7e234ab452384a4a1233f586602c4a35c788b46b76f9a1e3b1ca1a77d268fee,aef549cb8d701c3245372687b8a670ae91bb68ab5767187841800d756ba10435
bvk2-fixed-stiffness-period-map-v1,stress_free_lamellar_observable,f0.35_chiN19,0.35,19.0,bvk2_fixed,"BVK, fixed stiffness",accepted,fixed_stiffness_production_control,false,0.16,256,2,12.0,ud-theta-spectral-fixed-k-physical-sensor-filter-oversampled-v2,3.8959214932234834,3.792000255719825,-0.026674366432798413,0.026674366432798413,0.010598260539798803,0.998046875,false,9.273112148431438e-12,3.327604735497539e-11,1.8992585282262553e-10,true,true,true,true,true,true,true,results/bvk_fixed_stiffness_period_map_nx256/cases/f0.35_chiN19/root.csv,results/bvk_fixed_stiffness_period_map_nx256/cases/f0.35_chiN19/profile.csv,f39556be33e2c6a22864324592b01e3bffe9f3547d8f6e26061b77209df28079,66583c34f14d2f54f8cc26d8dc3049abd4ccd0d6f829dd000eb5c9d7aec2f081
bvk2-fixed-stiffness-period-map-v1,stress_free_lamellar_observable,f0.35_chiN20,0.35,20.0,bvk2_fixed,"BVK, fixed stiffness",accepted,fixed_stiffness_production_control,false,0.16,256,2,12.0,ud-theta-spectral-fixed-k-physical-sensor-filter-oversampled-v2,3.9636286648884984,3.8469145639355316,-0.029446275325150872,0.029446275325150872,0.012071557059385507,0.498046875,false,9.639375472120936e-12,3.266162961321851e-11,1.8778933963403688e-10,true,true,true,true,true,true,true,results/bvk_fixed_stiffness_period_map_nx256/cases/f0.35_chiN20/root.csv,results/bvk_fixed_stiffness_period_map_nx256/cases/f0.35_chiN20/profile.csv,50501916229be9df656d0803a46e0b8be517800cab38e03ebecf0d4508647393,1482686daa1480ce92dea8d7fb5703de831f1bb81edfd8926da23b92f4344960
bvk2-fixed-stiffness-period-map-v1,stress_free_lamellar_observable,f0.35_chiN21,0.35,21.0,bvk2_fixed,"BVK, fixed stiffness",accepted,fixed_stiffness_production_control,false,0.16,256,2,12.0,ud-theta-spectral-fixed-k-physical-sensor-filter-oversampled-v2,4.025897251670486,3.8983317802545203,-0.03168622134184729,0.03168622134184729,0.013294801986461664,0.998046875,false,3.4097869820767063e-10,9.973846182547831e-10,-4.5038701435018424e-08,true,true,true,true,true,true,true,results/bvk_fixed_stiffness_period_map_nx256/cases/f0.35_chiN21/root.csv,results/bvk_fixed_stiffness_period_map_nx256/cases/f0.35_chiN21/profile.csv,beac5dd8a028bd50c24bf89cf61747ade37521b6ddc6fbfb03bc6e1d6c0c3123,55f79900249d1f6dcf6381145d4b58400e138ad8bc5cbe760ffc2af430e86970
bvk2-fixed-stiffness-period-map-v1,stress_free_lamellar_observable,f0.35_chiN22,0.35,22.0,bvk2_fixed,"BVK, fixed stiffness",accepted,fixed_stiffness_production_control,false,0.16,256,2,12.0,ud-theta-spectral-fixed-k-physical-sensor-filter-oversampled-v2,4.083642434931992,3.9466518808555224,-0.033546167731198784,0.033546167731198784,0.014302034325573256,0.498046875,false,9.558374924255546e-10,2.4754844014173715e-09,-9.210692719641145e-08,true,true,true,true,true,true,true,results/bvk_fixed_stiffness_period_map_nx256/cases/f0.35_chiN22/root.csv,results/bvk_fixed_stiffness_period_map_nx256/cases/f0.35_chiN22/profile.csv,44d3e900bbf9795f8aff24326309446674f77919be909211397ef0e022c32e1f,41dcea5e8e2b83736e88ba66a5e097f06442ab4ae85ff925f6e21974b885f1a9
bvk2-fixed-stiffness-period-map-v1,stress_free_lamellar_observable,f0.35_chiN23,0.35,23.0,bvk2_fixed,"BVK, fixed stiffness",accepted,fixed_stiffness_production_control,false,0.16,256,2,12.0,ud-theta-spectral-fixed-k-physical-sensor-filter-oversampled-v2,4.137598867520225,3.992207175131033,-0.03513914640940763,0.03513914640940763,0.014557563481562974,0.998046875,false,9.446400293927601e-12,2.7710552670096826e-11,8.12172551434287e-12,true,true,true,true,true,true,true,results/bvk_fixed_stiffness_period_map_nx256/cases/f0.35_chiN23/root.csv,results/bvk_fixed_stiffness_period_map_nx256/cases/f0.35_chiN23/profile.csv,d0c87e2db8e3c51ce61cddcf9eb42509c756bcb0fd0c6593b5f018675cb9f308,6f3278db1964dda2026f33baa21f4c5fd3d4a8ed80adf137e9ddb1bff45f4d96
bvk2-fixed-stiffness-period-map-v1,stress_free_lamellar_observable,f0.35_chiN24,0.35,24.0,bvk2_fixed,"BVK, fixed stiffness",accepted,fixed_stiffness_production_control,false,0.16,256,2,12.0,ud-theta-spectral-fixed-k-physical-sensor-filter-oversampled-v2,4.188308663781272,4.035279526324791,-0.036537215793050914,0.036537215793050914,0.015185496894764092,0.998046875,false,1.0706549991818197e-09,3.786100060004779e-09,-4.082598037413732e-09,true,true,true,true,true,true,true,results/bvk_fixed_stiffness_period_map_nx256/cases/f0.35_chiN24/root.csv,results/bvk_fixed_stiffness_period_map_nx256/cases/f0.35_chiN24/profile.csv,4f00348fc58522e4eeb00f6f95ae8b3201f34feb03ce53c337d797098a79e4a2,22ccaabdffb41895edec5897c9f9e4501f56a874c4c395cf281ac0c2c2a28c3a
bvk2-fixed-stiffness-period-map-v1,stress_free_lamellar_observable,f0.35_chiN25,0.35,25.0,bvk2_fixed,"BVK, fixed stiffness",accepted,fixed_stiffness_production_control,false,0.16,256,2,12.0,ud-theta-spectral-fixed-k-physical-sensor-filter-oversampled-v2,4.236074660565621,4.076112284193344,-0.03776193509085091,0.03776193509085091,0.015688638845979774,0.49609375,false,4.070490546651249e-10,1.171995502219131e-09,-7.914849664558687e-09,true,true,true,true,true,true,true,results/bvk_fixed_stiffness_period_map_nx256/cases/f0.35_chiN25/root.csv,results/bvk_fixed_stiffness_period_map_nx256/cases/f0.35_chiN25/profile.csv,27f8104db2b9894161ca08f7d30ce066f3b8b30f59eb5085a72aa04f0f9391ad,0e6d5fd8d46bd0a043cab96ce6d1a40852f94c947dfb5327351ec9eaafb4a272
bvk2-fixed-stiffness-period-map-v1,stress_free_lamellar_observable,f0.35_chiN26,0.35,26.0,bvk2_fixed,"BVK, fixed stiffness",accepted,fixed_stiffness_production_control,false,0.16,256,2,12.0,ud-theta-spectral-fixed-k-physical-sensor-filter-oversampled-v2,4.2814223199819965,4.114917653910395,-0.03889003551331538,0.03889003551331538,0.016111145933200965,0.998046875,false,8.022536984424144e-10,2.4389662865522782e-09,-1.1684133216505188e-08,true,true,true,true,true,true,true,results/bvk_fixed_stiffness_period_map_nx256/cases/f0.35_chiN26/root.csv,results/bvk_fixed_stiffness_period_map_nx256/cases/f0.35_chiN26/profile.csv,fc56d884e0eccd2144ff825ddc873c376a59d49dd70706661f7d3d5a69e62617,0d8f4c807a52d4de9e83d2fa0c98c390b6d518082a1b67b7de67d0c7521c9c4d
bvk2-fixed-stiffness-period-map-v1,stress_free_lamellar_observable,f0.35_chiN27,0.35,27.0,bvk2_fixed,"BVK, fixed stiffness",accepted,fixed_stiffness_production_control,false,0.16,256,2,12.0,ud-theta-spectral-fixed-k-physical-sensor-filter-oversampled-v2,4.324573259734658,4.151882202984697,-0.03993250810614235,0.03993250810614235,0.016452096956970336,0.4970703125,false,1.1506871859967624e-09,2.673260145896653e-09,-1.523499659761285e-08,true,true,true,true,true,true,true,results/bvk_fixed_stiffness_period_map_nx256/cases/f0.35_chiN27/root.csv,results/bvk_fixed_stiffness_period_map_nx256/cases/f0.35_chiN27/profile.csv,83c4c38afa44801a372949c2ac1469476267384bff6efab5105c08d7ffa6fbcc,ef24bed62ea93298bd96f19b7ebfe86af728d8f4a7395e8acbae707ae5e7bdc7
bvk2-fixed-stiffness-period-map-v1,stress_free_lamellar_observable,f0.35_chiN28,0.35,28.0,bvk2_fixed,"BVK, fixed stiffness",accepted,fixed_stiffness_production_control,false,0.16,256,2,12.0,ud-theta-spectral-fixed-k-physical-sensor-filter-oversampled-v2,4.365698526000216,4.187170864843422,-0.04089326372253155,0.04089326372253155,0.016122012203482177,0.4970703125,false,1.0269433600874519e-09,2.499394852468002e-09,-1.765721791002761e-08,true,true,true,true,true,true,true,results/bvk_fixed_stiffness_period_map_nx256/cases/f0.35_chiN28/root.csv,results/bvk_fixed_stiffness_period_map_nx256/cases/f0.35_chiN28/profile.csv,499c3ee1604a96964842e64fa0eeaf2ac45823fc8550945beb13f8c0a9c7f8e1,e57e81ba9d0c195c4b17447e266a77a8291a5a9a5b4340a575e00737f35618e1
bvk2-fixed-stiffness-period-map-v1,stress_free_lamellar_observable,f0.35_chiN29,0.35,29.0,bvk2_fixed,"BVK, fixed stiffness",accepted,fixed_stiffness_production_control,false,0.16,256,2,12.0,ud-theta-spectral-fixed-k-physical-sensor-filter-oversampled-v2,4.4050629864286535,4.220930014745705,-0.041800303934412475,0.041800303934412475,0.016262957745274084,0.998046875,false,4.6550576159673673e-10,1.1598964195068213e-09,-1.8370970522596508e-08,true,true,true,true,true,true,true,results/bvk_fixed_stiffness_period_map_nx256/cases/f0.35_chiN29/root.csv,results/bvk_fixed_stiffness_period_map_nx256/cases/f0.35_chiN29/profile.csv,635c6c6091256082a4913ad580ef209a02f1a77228db7f18d6209cf2104f3b35,5c1cff176897d385a612eed84e04e84c774f2ce6e6e72181686fe9797b16691a
bvk2-fixed-stiffness-period-map-v1,stress_free_lamellar_observable,f0.35_chiN30,0.35,30.0,bvk2_fixed,"BVK, fixed stiffness",accepted,fixed_stiffness_production_control,false,0.16,256,2,12.0,ud-theta-spectral-fixed-k-physical-sensor-filter-oversampled-v2,4.44283657219505,4.253289924407068,-0.04266343015501328,0.04266343015501328,0.016355181074913853,0.998046875,false,4.4417321950164876e-10,1.2104818474565672e-09,-1.7328109613856668e-08,true,true,true,true,true,true,true,results/bvk_fixed_stiffness_period_map_nx256/cases/f0.35_chiN30/root.csv,results/bvk_fixed_stiffness_period_map_nx256/cases/f0.35_chiN30/profile.csv,5d36e5c9c11ad763be043bcc99e262649dbe35370565a8a4fbe8b64296fe1493,33395902f4cdf2a455e1f2d72b1fd89bd65c5ff41a5668154462ebd169c4f566
bvk2-fixed-stiffness-period-map-v1,stress_free_lamellar_observable,f0.35_chiN31,0.35,31.0,bvk2_fixed,"BVK, fixed stiffness",accepted,fixed_stiffness_production_control,false,0.16,256,2,12.0,ud-theta-spectral-fixed-k-physical-sensor-filter-oversampled-v2,4.479174953355094,4.284366784574792,-0.04349197582344533,0.04349197582344533,0.01640497609441151,0.498046875,false,3.700962620852473e-10,8.165402659949987e-10,-1.2227940882070243e-08,true,true,true,true,true,true,true,results/bvk_fixed_stiffness_period_map_nx256/cases/f0.35_chiN31/root.csv,results/bvk_fixed_stiffness_period_map_nx256/cases/f0.35_chiN31/profile.csv,43d06300d5d9bcf756caa5e2b2e8c07a9ee0ddde3edabaffa33b6d54f8bb56e3,511437551b06d740537dc5c53ca0c0ee101fdba17e3614fa82cca20adf3b7f94
bvk2-fixed-stiffness-period-map-v1,stress_free_lamellar_observable,f0.35_chiN32,0.35,32.0,bvk2_fixed,"BVK, fixed stiffness",accepted,fixed_stiffness_production_control,false,0.16,256,2,12.0,ud-theta-spectral-fixed-k-physical-sensor-filter-oversampled-v2,4.514162248540911,4.314264408181693,-0.044282378291526814,0.044282378291526814,0.016420151276203266,0.498046875,false,4.044581559669383e-06,1.4096882036623409e-05,9.758946095672627e-09,true,true,true,true,true,true,true,results/bvk_fixed_stiffness_period_map_nx256/cases/f0.35_chiN32/root.csv,results/bvk_fixed_stiffness_period_map_nx256/cases/f0.35_chiN32/profile.csv,40554f8055b7fca741ff00a0b9ad3787b2442938cea60c48c61fd3079b83c06e,3d6f44fa626e064c7d9eb56295a2d505933b141fcdd505871ffb12fb02d460be
bvk2-fixed-stiffness-period-map-v1,stress_free_lamellar_observable,f0.35_chiN33,0.35,33.0,bvk2_fixed,"BVK, fixed stiffness",accepted,fixed_stiffness_production_control,false,0.16,256,2,12.0,ud-theta-spectral-fixed-k-physical-sensor-filter-oversampled-v2,4.547963019996536,4.343075657790375,-0.045050357996604284,0.045050357996604284,0.016407350718251917,0.998046875,false,1.4934948433067075e-09,5.143501763842982e-09,-3.2194196197821157e-08,true,true,true,true,true,true,true,results/bvk_fixed_stiffness_period_map_nx256/cases/f0.35_chiN33/root.csv,results/bvk_fixed_stiffness_period_map_nx256/cases/f0.35_chiN33/profile.csv,60bfea73c5cbbd1013dc38a2c4ef4b000dd290ccd3c52801eac0a8cee6e853b9,5240f5d0115cd7b17c54784241516fa2a0d4be69f6e4370d3e37fd0c6f45f3ff
bvk2-fixed-stiffness-period-map-v1,stress_free_lamellar_observable,f0.35_chiN34,0.35,34.0,bvk2_fixed,"BVK, fixed stiffness",accepted,fixed_stiffness_production_control,false,0.16,256,2,12.0,ud-theta-spectral-fixed-k-physical-sensor-filter-oversampled-v2,4.580651905896983,4.370883852249791,-0.04579436681864946,0.04579436681864946,0.016376476560471885,0.998046875,false,8.07800063351875e-12,2.4345653819540543e-11,1.9301582554476227e-10,true,true,true,true,true,true,true,results/bvk_fixed_stiffness_period_map_nx256/cases/f0.35_chiN34/root.csv,results/bvk_fixed_stiffness_period_map_nx256/cases/f0.35_chiN34/profile.csv,eb3448e8d778a8def196dc6c43fdf0c60d198fb2cd1977097a3bec13c6f646dc,befc8533a0e4909aba912c58ed6dc8eecd690ee55829bb894dc10a74b55eb324
bvk2-fixed-stiffness-period-map-v1,stress_free_lamellar_observable,f0.35_chiN35,0.35,35.0,bvk2_fixed,"BVK, fixed stiffness",accepted,fixed_stiffness_production_control,false,0.16,256,2,12.0,ud-theta-spectral-fixed-k-physical-sensor-filter-oversampled-v2,4.612288129465326,4.397763623385029,-0.04651151447148749,0.04651151447148749,0.01633468516381878,0.998046875,false,4.882257675348494e-09,1.0966427275517159e-08,-3.8137910163271727e-08,true,true,true,true,true,true,true,results/bvk_fixed_stiffness_period_map_nx256/cases/f0.35_chiN35/root.csv,results/bvk_fixed_stiffness_period_map_nx256/cases/f0.35_chiN35/profile.csv,763fa2835c5942a4172b868b182a827ecb4d5694a3c5ac3448a45e6c024643c2,fd78cf945619d4709609739579dc079425c65d8409250b05308a54e15e7ba676
bvk2-fixed-stiffness-period-map-v1,stress_free_lamellar_observable,f0.4_chiN12,0.4,12.0,bvk2_fixed,"BVK, fixed stiffness",accepted,fixed_stiffness_production_control,false,0.16,256,2,12.0,ud-theta-spectral-fixed-k-physical-sensor-filter-oversampled-v2,3.3076075303697343,3.397379116175268,0.02714094250338661,0.02714094250338661,0.0073567469020720585,0.998046875,false,6.11891954355942e-10,1.1608608489074343e-09,-3.8074754682426715e-08,true,true,true,true,true,true,true,results/bvk_fixed_stiffness_period_map_nx256/cases/f0.4_chiN12/root.csv,results/bvk_fixed_stiffness_period_map_nx256/cases/f0.4_chiN12/profile.csv,b3a2fed677397b2e26921f04ec2c5733169d7ff4892abdf2f6a3b50fb5e566b9,00fd7e1d4ddcc0d52db99e69406da0b2d2a85a417e904a1709907de171a51031
bvk2-fixed-stiffness-period-map-v1,stress_free_lamellar_observable,f0.4_chiN13,0.4,13.0,bvk2_fixed,"BVK, fixed stiffness",accepted,fixed_stiffness_production_control,false,0.16,256,2,12.0,ud-theta-spectral-fixed-k-physical-sensor-filter-oversampled-v2,3.4403697192303255,3.4797392927716997,0.011443413573056782,0.011443413573056782,0.0032934663600370042,0.998046875,false,1.1349787100523868e-10,2.7405470708300826e-10,-2.660064113424454e-09,true,true,true,true,true,true,true,results/bvk_fixed_stiffness_period_map_nx256/cases/f0.4_chiN13/root.csv,results/bvk_fixed_stiffness_period_map_nx256/cases/f0.4_chiN13/profile.csv,d47e569dace15af941d7a918dbd6ed1cd8e583995b0d6c5ee9da7dc90bf729c4,e2ebc56df54b3de8461be71bd3cecb6d3c5ed5614ea5b2a00f40e00eb6440aff
bvk2-fixed-stiffness-period-map-v1,stress_free_lamellar_observable,f0.4_chiN14,0.4,14.0,bvk2_fixed,"BVK, fixed stiffness",accepted,fixed_stiffness_production_control,false,0.16,256,2,12.0,ud-theta-spectral-fixed-k-physical-sensor-filter-oversampled-v2,3.5529255420842136,3.5546753951328993,0.0004925104756512422,0.0004925104756512422,0.0028980124422884924,0.498046875,false,2.6336057612222155e-10,7.162224937807499e-10,-1.2032955520879796e-08,true,true,true,true,true,true,true,results/bvk_fixed_stiffness_period_map_nx256/cases/f0.4_chiN14/root.csv,results/bvk_fixed_stiffness_period_map_nx256/cases/f0.4_chiN14/profile.csv,08435a56f871af396a21168cad147f91642099cb7008098576e0c1a263ba7237,37fe05667d8c06877c1dd9616b3d6381b5999e2a7a2d9f6b9122df94390614f3
bvk2-fixed-stiffness-period-map-v1,stress_free_lamellar_observable,f0.4_chiN15,0.4,15.0,bvk2_fixed,"BVK, fixed stiffness",accepted,fixed_stiffness_production_control,false,0.16,256,2,12.0,ud-theta-spectral-fixed-k-physical-sensor-filter-oversampled-v2,3.650909027529119,3.623594034335393,-0.007481696472785626,0.007481696472785626,0.005717823957950269,0.998046875,false,1.1920546472594775e-10,3.5932016773328466e-10,-1.325992449174862e-08,true,true,true,true,true,true,true,results/bvk_fixed_stiffness_period_map_nx256/cases/f0.4_chiN15/root.csv,results/bvk_fixed_stiffness_period_map_nx256/cases/f0.4_chiN15/profile.csv,54483dac8b9c241a08d4034290fc24a0482a3e3330c27ce95425d338ee182aaa,8c9099e0302fef5ac200eb0dfb0f3be62cd708f7a544239092cd83f76dff03eb
bvk2-fixed-stiffness-period-map-v1,stress_free_lamellar_observable,f0.4_chiN16,0.4,16.0,bvk2_fixed,"BVK, fixed stiffness",accepted,fixed_stiffness_production_control,false,0.16,256,2,12.0,ud-theta-spectral-fixed-k-physical-sensor-filter-oversampled-v2,3.737884264736159,3.6874345527434964,-0.013496863043249818,0.013496863043249818,0.008447286372511496,0.498046875,false,8.955883651473794e-12,4.1338450808603894e-11,1.7234191851400738e-10,true,true,true,true,true,true,true,results/bvk_fixed_stiffness_period_map_nx256/cases/f0.4_chiN16/root.csv,results/bvk_fixed_stiffness_period_map_nx256/cases/f0.4_chiN16/profile.csv,6b46dcc264ab87becad9afc37f7abaf9acc3617cfced370669abc77145ffd18f,c3c9b87db1b8ca547f768d28d8dd93d03063e7bba63119c0a2891e546e84ed5a
bvk2-fixed-stiffness-period-map-v1,stress_free_lamellar_observable,f0.4_chiN17,0.4,17.0,bvk2_fixed,"BVK, fixed stiffness",accepted,fixed_stiffness_production_control,false,0.16,256,2,12.0,ud-theta-spectral-fixed-k-physical-sensor-filter-oversampled-v2,3.8163095525525264,3.746879565833493,-0.018192965157293295,0.018192965157293295,0.010738720903085407,0.498046875,false,9.12275326891288e-12,3.251635753351712e-11,1.1953704692757583e-10,true,true,true,true,true,true,true,results/bvk_fixed_stiffness_period_map_nx256/cases/f0.4_chiN17/root.csv,results/bvk_fixed_stiffness_period_map_nx256/cases/f0.4_chiN17/profile.csv,c965212cee333dcf74c3ed4bba2e69c37ea6c7f78ac28902b2c7ba3a7ce8daf8,5a0eff797c00e1870994af94cca60d884a6843ec7060b76ae1d1e544fea357d4
bvk2-fixed-stiffness-period-map-v1,stress_free_lamellar_observable,f0.4_chiN18,0.4,18.0,bvk2_fixed,"BVK, fixed stiffness",accepted,fixed_stiffness_production_control,false,0.16,256,2,12.0,ud-theta-spectral-fixed-k-physical-sensor-filter-oversampled-v2,3.8876908797504304,3.8024584219835136,-0.021923671506616338,0.021923671506616338,0.012325952557836455,0.498046875,false,2.3067404918996877e-10,6.802854991645763e-10,-3.8792020928823945e-08,true,true,true,true,true,true,true,results/bvk_fixed_stiffness_period_map_nx256/cases/f0.4_chiN18/root.csv,results/bvk_fixed_stiffness_period_map_nx256/cases/f0.4_chiN18/profile.csv,e60e2d8fb48aad7c569b0c21d18c3c049d5994e23934c3c341a0c9e68ed73c8f,fce0bb6fa8a092a92110547bf3160b1ac71be977f96986e127a357872f1fd046
bvk2-fixed-stiffness-period-map-v1,stress_free_lamellar_observable,f0.4_chiN19,0.4,19.0,bvk2_fixed,"BVK, fixed stiffness",accepted,fixed_stiffness_production_control,false,0.16,256,2,12.0,ud-theta-spectral-fixed-k-physical-sensor-filter-oversampled-v2,3.9534351574499853,3.8546015342456275,-0.024999429424841457,0.024999429424841457,0.013805529030937088,0.498046875,false,8.91951583401182e-10,2.44030421259505e-09,-7.817905411933168e-08,true,true,true,true,true,true,true,results/bvk_fixed_stiffness_period_map_nx256/cases/f0.4_chiN19/root.csv,results/bvk_fixed_stiffness_period_map_nx256/cases/f0.4_chiN19/profile.csv,72e246656d7d9cb399c38ede5517a3b9cfe955c6fdccc4737ffa3753c3197ff9,caa7562671fb0ffca64c528e9a726961ebd018479dcc5e9d1078c4ab73db5507
bvk2-fixed-stiffness-period-map-v1,stress_free_lamellar_observable,f0.4_chiN20,0.4,20.0,bvk2_fixed,"BVK, fixed stiffness",accepted,fixed_stiffness_production_control,false,0.16,256,2,12.0,ud-theta-spectral-fixed-k-physical-sensor-filter-oversampled-v2,4.014378638134973,3.903670590570186,-0.02757787880622553,0.02757787880622553,0.014983223754802748,0.498046875,false,1.4853598377106373e-11,4.395869635924561e-11,-2.3705259977191417e-11,true,true,true,true,true,true,true,results/bvk_fixed_stiffness_period_map_nx256/cases/f0.4_chiN20/root.csv,results/bvk_fixed_stiffness_period_map_nx256/cases/f0.4_chiN20/profile.csv,425a048c3e79db7051495fbbd326474757d13146433869fb8743f0541f253d95,5244fd40967e39868ed0569510a61c44bba0223f70cfa26767cef4c4663f08ee
bvk2-fixed-stiffness-period-map-v1,stress_free_lamellar_observable,f0.4_chiN21,0.4,21.0,bvk2_fixed,"BVK, fixed stiffness",accepted,fixed_stiffness_production_control,false,0.16,256,2,12.0,ud-theta-spectral-fixed-k-physical-sensor-filter-oversampled-v2,4.07127246668242,3.9499760158680313,-0.029793253044847257,0.029793253044847257,0.015911276360820376,0.498046875,false,2.5927473146796414e-10,8.906054052425303e-10,-2.9848579163882505e-09,true,true,true,true,true,true,true,results/bvk_fixed_stiffness_period_map_nx256/cases/f0.4_chiN21/root.csv,results/bvk_fixed_stiffness_period_map_nx256/cases/f0.4_chiN21/profile.csv,f127069ffa289db9140e86245caea4b070705933b5c6ba5bbad22442f03cddc5,d1ef118abc4409180e8b92255bed464febafdb3fee42cd734eedda2f103f996a
bvk2-fixed-stiffness-period-map-v1,stress_free_lamellar_observable,f0.4_chiN22,0.4,22.0,bvk2_fixed,"BVK, fixed stiffness",accepted,fixed_stiffness_production_control,false,0.16,256,2,12.0,ud-theta-spectral-fixed-k-physical-sensor-filter-oversampled-v2,4.1246744235564385,3.9937884975491444,-0.03173242602126147,0.03173242602126147,0.016635398464645592,0.498046875,false,2.2383463583724938e-10,6.407993698622744e-10,-6.000719698917578e-09,true,true,true,true,true,true,true,results/bvk_fixed_stiffness_period_map_nx256/cases/f0.4_chiN22/root.csv,results/bvk_fixed_stiffness_period_map_nx256/cases/f0.4_chiN22/profile.csv,5680aa385447b5b64d7c367376a6d744ab27e47c43d47a9108a009c71cace28f,941e35529ffcb609459ddf657e40a68ce515ffc01e1dcf9bc0fb9a347f9b5018
bvk2-fixed-stiffness-period-map-v1,stress_free_lamellar_observable,f0.4_chiN23,0.4,23.0,bvk2_fixed,"BVK, fixed stiffness",accepted,fixed_stiffness_production_control,false,0.16,256,2,12.0,ud-theta-spectral-fixed-k-physical-sensor-filter-oversampled-v2,4.174975369939857,4.035345986834634,-0.0334443609202022,0.0334443609202022,0.017249073128421877,0.5,false,2.1306776505910246e-10,5.484672837365196e-10,-9.184730309641509e-09,true,true,true,true,true,true,true,results/bvk_fixed_stiffness_period_map_nx256/cases/f0.4_chiN23/root.csv,results/bvk_fixed_stiffness_period_map_nx256/cases/f0.4_chiN23/profile.csv,007cd034d25ec53084883ab3e3263ac43f52088d05d50f803407081adda960b3,96390b5b1bb89b9bc2cb798d9a1555753f8a62ac1a1aa5316554ac2a56c573be
bvk2-fixed-stiffness-period-map-v1,stress_free_lamellar_observable,f0.4_chiN24,0.4,24.0,bvk2_fixed,"BVK, fixed stiffness",accepted,fixed_stiffness_production_control,false,0.16,256,2,12.0,ud-theta-spectral-fixed-k-physical-sensor-filter-oversampled-v2,4.22261759848628,4.074858886935618,-0.03499220758318966,0.03499220758318966,0.01765157058560866,0.9248046875,false,1.1873349099189382e-09,3.5595447428239176e-09,-1.2201119892196743e-08,true,true,true,true,true,true,true,results/bvk_fixed_stiffness_period_map_nx256/cases/f0.4_chiN24/root.csv,results/bvk_fixed_stiffness_period_map_nx256/cases/f0.4_chiN24/profile.csv,03d936eae79529f2b7d96ba65851301ad4b8d42cd90553997629f55df7420ba6,62d6de8bbbeaab5859e53cddc1a14e24a01048ef84f7e4bb7eca5a2f3dbea80f
bvk2-fixed-stiffness-period-map-v1,stress_free_lamellar_observable,f0.4_chiN25,0.4,25.0,bvk2_fixed,"BVK, fixed stiffness",accepted,fixed_stiffness_production_control,false,0.16,256,2,12.0,ud-theta-spectral-fixed-k-physical-sensor-filter-oversampled-v2,4.267888820235659,4.1125138774896675,-0.036405574111795236,0.036405574111795236,0.01732617687968977,0.998046875,false,5.67759448474115e-10,1.1806958620443868e-09,-1.4443313878231834e-08,true,true,true,true,true,true,true,results/bvk_fixed_stiffness_period_map_nx256/cases/f0.4_chiN25/root.csv,results/bvk_fixed_stiffness_period_map_nx256/cases/f0.4_chiN25/profile.csv,ef13800ee4feec801360f0d0fd8e295f068823769423b4e6766cccb4d3733c1c,119d57956b13663ea2b301c678bd913a8fd9d4f8029b9900d28d8b371ea2c418
bvk2-fixed-stiffness-period-map-v1,stress_free_lamellar_observable,f0.4_chiN26,0.4,26.0,bvk2_fixed,"BVK, fixed stiffness",accepted,fixed_stiffness_production_control,false,0.16,256,2,12.0,ud-theta-spectral-fixed-k-physical-sensor-filter-oversampled-v2,4.311047285783541,4.148476932024905,-0.037710176433170095,0.037710176433170095,0.017503527956825256,0.498046875,false,5.256273815254215e-10,1.4416261791139988e-09,-1.5281841125869278e-08,true,true,true,true,true,true,true,results/bvk_fixed_stiffness_period_map_nx256/cases/f0.4_chiN26/root.csv,results/bvk_fixed_stiffness_period_map_nx256/cases/f0.4_chiN26/profile.csv,a9dc127465c69d9f90872defa9f24c555b5db673188649d795dc93d7a025dc05,5741594cc882d35ff8c711786acee0712cb90a4366345a5f5025a4f2ab9ade24
bvk2-fixed-stiffness-period-map-v1,stress_free_lamellar_observable,f0.4_chiN27,0.4,27.0,bvk2_fixed,"BVK, fixed stiffness",accepted,fixed_stiffness_production_control,false,0.16,256,2,12.0,ud-theta-spectral-fixed-k-physical-sensor-filter-oversampled-v2,4.352307482695725,4.182895806472423,-0.03892456516385001,0.03892456516385001,0.017622006396305522,0.498046875,false,7.01275056919526e-10,1.8661814247121617e-09,-1.6087021936783685e-08,true,true,true,true,true,true,true,results/bvk_fixed_stiffness_period_map_nx256/cases/f0.4_chiN27/root.csv,results/bvk_fixed_stiffness_period_map_nx256/cases/f0.4_chiN27/profile.csv,e23e3e83c1e705f6e6725f16a290d95079e27905900ef6c3bdc1a4eb09132d91,34630370cc401858d7b9e6d56c0aea45fb0f0febceda8eea98e420588976ab4e
bvk2-fixed-stiffness-period-map-v1,stress_free_lamellar_observable,f0.4_chiN28,0.4,28.0,bvk2_fixed,"BVK, fixed stiffness",accepted,fixed_stiffness_production_control,false,0.16,256,2,12.0,ud-theta-spectral-fixed-k-physical-sensor-filter-oversampled-v2,4.391833536650907,4.21590216417431,-0.04005875245689683,0.04005875245689683,0.017732650715042653,0.9990234375,false,6.452169598974861e-10,1.868692896532242e-09,-1.602629096097985e-08,true,true,true,true,true,true,true,results/bvk_fixed_stiffness_period_map_nx256/cases/f0.4_chiN28/root.csv,results/bvk_fixed_stiffness_period_map_nx256/cases/f0.4_chiN28/profile.csv,18908dc55d00fa8640bbca1344add65cf97329c13ffd9981daa7be7a56c97c28,0498709dcb6f6b82d986b7ef5b9730822d648351f37c9d4a6c09c8dbb157721c
bvk2-fixed-stiffness-period-map-v1,stress_free_lamellar_observable,f0.4_chiN29,0.4,29.0,bvk2_fixed,"BVK, fixed stiffness",accepted,fixed_stiffness_production_control,false,0.16,256,2,12.0,ud-theta-spectral-fixed-k-physical-sensor-filter-oversampled-v2,4.429825630641341,4.247613422333918,-0.04113304303606247,0.04113304303606247,0.017760767557329218,0.4990234375,false,4.238727129971039e-10,1.0763542756643257e-09,-1.4433647610445632e-08,true,true,true,true,true,true,true,results/bvk_fixed_stiffness_period_map_nx256/cases/f0.4_chiN29/root.csv,results/bvk_fixed_stiffness_period_map_nx256/cases/f0.4_chiN29/profile.csv,156e4e695812397e00a8c0b267c297142bb0b964eb62f896d3ea00fcc15243bf,cb8f01f8c678cdb1ec1eed913ca03f06bfb49722b466c2551776f81fbc061b3a
bvk2-fixed-stiffness-period-map-v1,stress_free_lamellar_observable,f0.4_chiN30,0.4,30.0,bvk2_fixed,"BVK, fixed stiffness",accepted,fixed_stiffness_production_control,false,0.16,256,2,12.0,ud-theta-spectral-fixed-k-physical-sensor-filter-oversampled-v2,4.466392812073751,4.278134377582847,-0.04214999495386873,0.04214999495386873,0.017671783934822,0.498046875,false,3.952974366552831e-10,8.918743699729507e-10,-1.7548243302911715e-08,true,true,true,true,true,true,true,results/bvk_fixed_stiffness_period_map_nx256/cases/f0.4_chiN30/root.csv,results/bvk_fixed_stiffness_period_map_nx256/cases/f0.4_chiN30/profile.csv,38392a624c85798f1590572c4ba0581ff01b2383d092615425cb14eb1a21b711,118557079ce8a9c64999a34dc900c1312f142b5f648ae853dc2f552d48147ec7
bvk2-fixed-stiffness-period-map-v1,stress_free_lamellar_observable,f0.4_chiN31,0.4,31.0,bvk2_fixed,"BVK, fixed stiffness",accepted,fixed_stiffness_production_control,false,0.16,256,2,12.0,ud-theta-spectral-fixed-k-physical-sensor-filter-oversampled-v2,4.501673037330628,4.307558676908753,-0.043120492939438204,0.043120492939438204,0.01761658706505845,0.498046875,false,8.325073309180334e-12,2.515738760965605e-11,2.682298827494378e-13,true,true,true,true,true,true,true,results/bvk_fixed_stiffness_period_map_nx256/cases/f0.4_chiN31/root.csv,results/bvk_fixed_stiffness_period_map_nx256/cases/f0.4_chiN31/profile.csv,1f1f2511de8f5883a44733538dd3f4d111f3e7c0a93f91709b5679c0fe5b867c,094ccab69a0b8705a28fe91b34417c61d468c4ddcd8745ecfa8eb32b3ea9391f
bvk2-fixed-stiffness-period-map-v1,stress_free_lamellar_observable,f0.4_chiN32,0.4,32.0,bvk2_fixed,"BVK, fixed stiffness",accepted,fixed_stiffness_production_control,false,0.16,256,2,12.0,ud-theta-spectral-fixed-k-physical-sensor-filter-oversampled-v2,4.535765125986985,4.335970021353469,-0.044048820669487454,0.044048820669487454,0.017594549846979557,0.4970703125,false,3.9982715976816445e-09,7.8232434447333e-09,-3.627059141919631e-08,true,true,true,true,true,true,true,results/bvk_fixed_stiffness_period_map_nx256/cases/f0.4_chiN32/root.csv,results/bvk_fixed_stiffness_period_map_nx256/cases/f0.4_chiN32/profile.csv,9287a713012d247bcc977129b39e4c3335ca8c9f384cf526c541b73d5a8d5982,2bed57e48747328cbaa2b1b5edfe119da6e497bf5ae998456dd8e4ad27d806dc
bvk2-fixed-stiffness-period-map-v1,stress_free_lamellar_observable,f0.4_chiN33,0.4,33.0,bvk2_fixed,"BVK, fixed stiffness",accepted,fixed_stiffness_production_control,false,0.16,256,2,12.0,ud-theta-spectral-fixed-k-physical-sensor-filter-oversampled-v2,4.568750896906706,4.363443250289859,-0.044937369370663505,0.044937369370663505,0.017502892445296764,0.0302734375,false,8.54018364306868e-12,3.1295335477769046e-11,-4.020903867640868e-07,true,true,true,true,true,true,true,results/bvk_fixed_stiffness_period_map_nx256/cases/f0.4_chiN33/root.csv,results/bvk_fixed_stiffness_period_map_nx256/cases/f0.4_chiN33/profile.csv,7a74b652d14b66411d8511d5db96e3ffca64fe93a5e8d198f183b4abba2d7204,91a5ce0d42f8eed8955e2c15d0aff8bbabaa74ba0b5720e354bd7817fb7ad9bb
bvk2-fixed-stiffness-period-map-v1,stress_free_lamellar_observable,f0.4_chiN34,0.4,34.0,bvk2_fixed,"BVK, fixed stiffness",accepted,fixed_stiffness_production_control,false,0.16,256,2,12.0,ud-theta-spectral-fixed-k-physical-sensor-filter-oversampled-v2,4.600734479173544,4.390046329354595,-0.04579445972652518,0.04579445972652518,0.017158695554357912,0.4892578125,false,7.176668025188679e-06,1.8093215372749963e-05,3.0344138179927427e-07,true,true,true,true,true,true,true,results/bvk_fixed_stiffness_period_map_nx256/cases/f0.4_chiN34/root.csv,results/bvk_fixed_stiffness_period_map_nx256/cases/f0.4_chiN34/profile.csv,01c595d3a168b48f65f37b31d3ca6029719354bb618125fa6e392ef2e21ea338,d8a78e4abe7a10078a89ac851b7fce431eab8802d8f8143c7878536a3efdae9f
bvk2-fixed-stiffness-period-map-v1,stress_free_lamellar_observable,f0.4_chiN35,0.4,35.0,bvk2_fixed,"BVK, fixed stiffness",accepted,fixed_stiffness_production_control,false,0.16,256,2,12.0,ud-theta-spectral-fixed-k-physical-sensor-filter-oversampled-v2,4.631776434360853,4.41583899951899,-0.04662086737173465,0.04662086737173465,0.017046669469356956,0.9912109375,false,8.607074726655313e-12,1.9192092847206028e-11,-2.1884716261411086e-12,true,true,true,true,true,true,true,results/bvk_fixed_stiffness_period_map_nx256/cases/f0.4_chiN35/root.csv,results/bvk_fixed_stiffness_period_map_nx256/cases/f0.4_chiN35/profile.csv,6568838cbd8f93b25f7d0a54bf2dd1d70f54dd144a09854b77b4005a225197d9,689b2d4ec65ec70257ea8c20dbfe017c86fc097bfb66887dfbb7d16cab7f01d0
bvk2-fixed-stiffness-period-map-v1,stress_free_lamellar_observable,f0.45_chiN11,0.45,11.0,bvk2_fixed,"BVK, fixed stiffness",accepted,fixed_stiffness_production_control,false,0.16,256,2,12.0,ud-theta-spectral-fixed-k-physical-sensor-filter-oversampled-v2,3.268939968866941,3.387885738789689,0.0363866485942157,0.0363866485942157,0.013662759191338601,0.498046875,false,1.2751277552968424e-10,2.56794347036481e-10,-5.8474786679418855e-09,true,true,true,true,true,true,true,results/bvk_fixed_stiffness_period_map_nx256/cases/f0.45_chiN11/root.csv,results/bvk_fixed_stiffness_period_map_nx256/cases/f0.45_chiN11/profile.csv,9689c8f390e7ea8c609af13627d57bf075847371ebd013e96ee1cdc61e303812,a389690461cd76fc1c4a23184ace89f6047750013ef9c90b2779b2204f29dad8
bvk2-fixed-stiffness-period-map-v1,stress_free_lamellar_observable,f0.45_chiN12,0.45,12.0,bvk2_fixed,"BVK, fixed stiffness",accepted,fixed_stiffness_production_control,false,0.16,256,2,12.0,ud-theta-spectral-fixed-k-physical-sensor-filter-oversampled-v2,3.4011200033936277,3.466156720997452,0.019122147274700962,0.019122147274700962,0.005585738392185704,0.498046875,false,1.552765749952378e-11,4.265294901039655e-11,-1.5675802322867582e-09,true,true,true,true,true,true,true,results/bvk_fixed_stiffness_period_map_nx256/cases/f0.45_chiN12/root.csv,results/bvk_fixed_stiffness_period_map_nx256/cases/f0.45_chiN12/profile.csv,65abf263ecb55706de98b4a2573f4f19163a9d972ffb13ed3a6ac6fabc3c6f2c,1fda3eb9efee9e7fd8d59f400ff0d8ab72734ab282aaef0a9e88262f4ae50f0c
bvk2-fixed-stiffness-period-map-v1,stress_free_lamellar_observable,f0.45_chiN13,0.45,13.0,bvk2_fixed,"BVK, fixed stiffness",accepted,fixed_stiffness_production_control,false,0.16,256,2,12.0,ud-theta-spectral-fixed-k-physical-sensor-filter-oversampled-v2,3.5134997595041466,3.538634011185834,0.007153622712993801,0.007153622712993801,0.002378152631376812,0.998046875,false,3.226859404599462e-10,6.92012913854708e-10,-1.0936968330987895e-08,true,true,true,true,true,true,true,results/bvk_fixed_stiffness_period_map_nx256/cases/f0.45_chiN13/root.csv,results/bvk_fixed_stiffness_period_map_nx256/cases/f0.45_chiN13/profile.csv,40f0682c98b2841384dbad9f4bd94e4ef2881f814bebe1a9816574505d409a2d,52798c311baba8e0960537656e4bcd1e7014fd9985f4dfea5ae449f83326e436
bvk2-fixed-stiffness-period-map-v1,stress_free_lamellar_observable,f0.45_chiN14,0.45,14.0,bvk2_fixed,"BVK, fixed stiffness",accepted,fixed_stiffness_production_control,false,0.16,256,2,12.0,ud-theta-spectral-fixed-k-physical-sensor-filter-oversampled-v2,3.6118328239572497,3.6060496439324177,-0.001601175997535731,0.001601175997535731,0.004957745147175852,0.498046875,false,7.320968253402694e-07,1.289207784566164e-06,7.859038508861715e-08,true,true,true,true,true,true,true,results/bvk_fixed_stiffness_period_map_nx256/cases/f0.45_chiN14/root.csv,results/bvk_fixed_stiffness_period_map_nx256/cases/f0.45_chiN14/profile.csv,3dba3f5ce307c5e189cab742410acc132d4e34b412c23c19181797f238158f7b,5618e0ee857c03c738cc4ab04e4e403b9dd299d475cabbbd5b39bec458db5550
bvk2-fixed-stiffness-period-map-v1,stress_free_lamellar_observable,f0.45_chiN15,0.45,15.0,bvk2_fixed,"BVK, fixed stiffness",accepted,fixed_stiffness_production_control,false,0.16,256,2,12.0,ud-theta-spectral-fixed-k-physical-sensor-filter-oversampled-v2,3.6995324507973533,3.668967212337392,-0.008261919273981122,0.008261919273981122,0.008142111459110533,0.498046875,false,4.722024496907354e-06,1.307133705138392e-05,1.8165065041042538e-07,true,true,true,true,true,true,true,results/bvk_fixed_stiffness_period_map_nx256/cases/f0.45_chiN15/root.csv,results/bvk_fixed_stiffness_period_map_nx256/cases/f0.45_chiN15/profile.csv,be056948a0a5ad977f1055b1d8461c44f6b5f39137f6d0fcda3e04e6c3d2bce8,fdee90623e726908ee1c85d0cf38b11acc4d6abd8a32e8c464e2fd27ea88f219
bvk2-fixed-stiffness-period-map-v1,stress_free_lamellar_observable,f0.45_chiN16,0.45,16.0,bvk2_fixed,"BVK, fixed stiffness",accepted,fixed_stiffness_production_control,false,0.16,256,2,12.0,ud-theta-spectral-fixed-k-physical-sensor-filter-oversampled-v2,3.778847677168882,3.7278519112871904,-0.013495057286854628,0.013495057286854628,0.010805579096934859,0.498046875,false,1.6647179744882703e-10,4.73648775978989e-10,-2.4629005945797644e-08,true,true,true,true,true,true,true,results/bvk_fixed_stiffness_period_map_nx256/cases/f0.45_chiN16/root.csv,results/bvk_fixed_stiffness_period_map_nx256/cases/f0.45_chiN16/profile.csv,1915f830c1c7942d0260096b5a61f9d23edba8d22851f813a30473de5074aae0,e089753fa60bf95de5a4e1948f537f136afffadc83e6e7b781e991be3d631f5a
bvk2-fixed-stiffness-period-map-v1,stress_free_lamellar_observable,f0.45_chiN17,0.45,17.0,bvk2_fixed,"BVK, fixed stiffness",accepted,fixed_stiffness_production_control,false,0.16,256,2,12.0,ud-theta-spectral-fixed-k-physical-sensor-filter-oversampled-v2,3.851415506965689,3.7831036395503785,-0.017736820992635294,0.017736820992635294,0.012675122042005538,0.498046875,false,3.0234109668660403e-10,9.7400317446974e-10,-6.035527388981166e-08,true,true,true,true,true,true,true,results/bvk_fixed_stiffness_period_map_nx256/cases/f0.45_chiN17/root.csv,results/bvk_fixed_stiffness_period_map_nx256/cases/f0.45_chiN17/profile.csv,8e8f96871af7fc22cbdee3313582aed92b92ff7a7763c6d0af58d215d52707d3,e3ca3f5b6294d9fc8d2361b7801cc9c2bf9a45f140bf988b94d96d475277ddd3
bvk2-fixed-stiffness-period-map-v1,stress_free_lamellar_observable,f0.45_chiN18,0.45,18.0,bvk2_fixed,"BVK, fixed stiffness",accepted,fixed_stiffness_production_control,false,0.16,256,2,12.0,ud-theta-spectral-fixed-k-physical-sensor-filter-oversampled-v2,3.918280566069711,3.835073997191545,-0.02123548007222653,0.02123548007222653,0.014645146199063885,0.498046875,false,6.014983360608019e-10,1.6437035624428628e-09,-9.919346255493622e-08,true,true,true,true,true,true,true,results/bvk_fixed_stiffness_period_map_nx256/cases/f0.45_chiN18/root.csv,results/bvk_fixed_stiffness_period_map_nx256/cases/f0.45_chiN18/profile.csv,2f5322ca1043658ca66c9f17e5c429cf41d64381cdde47886791fa95d8f37952,cf5e59869f50cc768d8a7be4ecc554126c5c217e1d84110f22137f8d734476f5
bvk2-fixed-stiffness-period-map-v1,stress_free_lamellar_observable,f0.45_chiN19,0.45,19.0,bvk2_fixed,"BVK, fixed stiffness",accepted,fixed_stiffness_production_control,false,0.16,256,2,12.0,ud-theta-spectral-fixed-k-physical-sensor-filter-oversampled-v2,3.9804882107330815,3.88407590859812,-0.02422122539516458,0.02422122539516458,0.015653058239694023,0.498046875,false,1.0345298225354032e-10,3.349069280276636e-10,-1.8161900872115666e-09,true,true,true,true,true,true,true,results/bvk_fixed_stiffness_period_map_nx256/cases/f0.45_chiN19/root.csv,results/bvk_fixed_stiffness_period_map_nx256/cases/f0.45_chiN19/profile.csv,e433b43ad75cd4ada3f7a68d1e66abf61013fbf7c1d306c81fd01b858eb277ee,94cecd4aebb60a2ffbe7d57575b0249c3505aa7fddddd3a6e990a718fe44bf42
bvk2-fixed-stiffness-period-map-v1,stress_free_lamellar_observable,f0.45_chiN20,0.45,20.0,bvk2_fixed,"BVK, fixed stiffness",accepted,fixed_stiffness_production_control,false,0.16,256,2,12.0,ud-theta-spectral-fixed-k-physical-sensor-filter-oversampled-v2,4.038508659150438,3.930389061280173,-0.026772159476565305,0.026772159476565305,0.016665839545221255,0.498046875,false,3.1733681233864005e-10,1.1727098536747934e-09,-4.304997913706643e-09,true,true,true,true,true,true,true,results/bvk_fixed_stiffness_period_map_nx256/cases/f0.45_chiN20/root.csv,results/bvk_fixed_stiffness_period_map_nx256/cases/f0.45_chiN20/profile.csv,aa910c9c8a588eb529926d08a73f46226003df00e3b93180a88eaa163c44dda3,5c15e0769a70331fa241e6c7cb513134edf43d488065fcf47528a460674ca185
bvk2-fixed-stiffness-period-map-v1,stress_free_lamellar_observable,f0.45_chiN21,0.45,21.0,bvk2_fixed,"BVK, fixed stiffness",accepted,fixed_stiffness_production_control,false,0.16,256,2,12.0,ud-theta-spectral-fixed-k-physical-sensor-filter-oversampled-v2,4.093030250062596,3.9742644597899366,-0.029016592357421045,0.029016592357421045,0.017439891766274838,0.498046875,false,8.566439620702153e-11,2.418573497912191e-10,-7.020250825107155e-09,true,true,true,true,true,true,true,results/bvk_fixed_stiffness_period_map_nx256/cases/f0.45_chiN21/root.csv,results/bvk_fixed_stiffness_period_map_nx256/cases/f0.45_chiN21/profile.csv,eb72b93b574e276bde3a1c5db89984de837c0b2ac630e4868551dbda3981fe46,e932a033b1d7d6d41d6a401e033313f2ab011920acd113f8818f041cd24e143c
bvk2-fixed-stiffness-period-map-v1,stress_free_lamellar_observable,f0.45_chiN22,0.45,22.0,bvk2_fixed,"BVK, fixed stiffness",accepted,fixed_stiffness_production_control,false,0.16,256,2,12.0,ud-theta-spectral-fixed-k-physical-sensor-filter-oversampled-v2,4.144468459830745,4.015927107486455,-0.03101515998737736,0.03101515998737736,0.01791814711153613,0.9951171875,false,2.611979569186647e-10,6.433194793723238e-10,-9.572471926233561e-09,true,true,true,true,true,true,true,results/bvk_fixed_stiffness_period_map_nx256/cases/f0.45_chiN22/root.csv,results/bvk_fixed_stiffness_period_map_nx256/cases/f0.45_chiN22/profile.csv,76171002753ce8c51a7f813334ac88e9935a3900012361b3d79321a0f9334da6,d3942b64f0475cea45a335b67c3f693f472b153c903f1767ddff0b67ea5a11f5
bvk2-fixed-stiffness-period-map-v1,stress_free_lamellar_observable,f0.45_chiN23,0.45,23.0,bvk2_fixed,"BVK, fixed stiffness",accepted,fixed_stiffness_production_control,false,0.16,256,2,12.0,ud-theta-spectral-fixed-k-physical-sensor-filter-oversampled-v2,4.19316066732539,4.055578611363665,-0.032811062317219086,0.032811062317219086,0.01828317689592115,0.998046875,false,5.079797069032812e-10,1.7190980904794086e-09,-1.1479131645231178e-08,true,true,true,true,true,true,true,results/bvk_fixed_stiffness_period_map_nx256/cases/f0.45_chiN23/root.csv,results/bvk_fixed_stiffness_period_map_nx256/cases/f0.45_chiN23/profile.csv,393933130ad0172d808bfb10813f5c47df98675b925e1c9ee956d4d57bcedda1,523d4bbd71a3f7a7e8afcd1c30d9273afafb05a66ea68f5dc79e41ec6e64e7b8
bvk2-fixed-stiffness-period-map-v1,stress_free_lamellar_observable,f0.45_chiN24,0.45,24.0,bvk2_fixed,"BVK, fixed stiffness",accepted,fixed_stiffness_production_control,false,0.16,256,2,12.0,ud-theta-spectral-fixed-k-physical-sensor-filter-oversampled-v2,4.239471019371177,4.0933994134546445,-0.0344551490620163,0.0344551490620163,0.018167147373530083,0.998046875,false,3.3698442429274876e-10,7.132911188292886e-10,-1.3629157136207937e-08,true,true,true,true,true,true,true,results/bvk_fixed_stiffness_period_map_nx256/cases/f0.45_chiN24/root.csv,results/bvk_fixed_stiffness_period_map_nx256/cases/f0.45_chiN24/profile.csv,aaa119d39abb91a20aa03436386865e88d68abe7cd4c53e84454847bc60bc0bd,975164ae75731705da9173d78ea79d6e67f3a19cbfea6faf5faea88c2ca5f0cb
bvk2-fixed-stiffness-period-map-v1,stress_free_lamellar_observable,f0.45_chiN25,0.45,25.0,bvk2_fixed,"BVK, fixed stiffness",accepted,fixed_stiffness_production_control,false,0.16,256,2,12.0,ud-theta-spectral-fixed-k-physical-sensor-filter-oversampled-v2,4.283602381988025,4.129550835676226,-0.035963082605324326,0.035963082605324326,0.018343052495471444,0.998046875,false,3.2213886046430307e-10,7.669008187950836e-10,-1.513961178645218e-08,true,true,true,true,true,true,true,results/bvk_fixed_stiffness_period_map_nx256/cases/f0.45_chiN25/root.csv,results/bvk_fixed_stiffness_period_map_nx256/cases/f0.45_chiN25/profile.csv,ed908be93bebcf2272fe68bbc7ea8bae5f226a81a0b1606c09690c646d217dd4,a84a55923553ebc932ed713e9595bb929be7ed632d6226296620e7a32710dff4
bvk2-fixed-stiffness-period-map-v1,stress_free_lamellar_observable,f0.45_chiN26,0.45,26.0,bvk2_fixed,"BVK, fixed stiffness",accepted,fixed_stiffness_production_control,false,0.16,256,2,12.0,ud-theta-spectral-fixed-k-physical-sensor-filter-oversampled-v2,4.325769875698217,4.16417697426053,-0.03735587099662907,0.03735587099662907,0.018901849275245748,0.498046875,false,2.6619012651023056e-10,6.433300910596332e-10,-1.569560525993552e-08,true,true,true,true,true,true,true,results/bvk_fixed_stiffness_period_map_nx256/cases/f0.45_chiN26/root.csv,results/bvk_fixed_stiffness_period_map_nx256/cases/f0.45_chiN26/profile.csv,849a30d0a728c8a4caac26d2fa8df6ffff117960e6963ddc9e1bf677ddff4561,ea1e35aef1d54bdc925c9c9ac5fa07e614380e11ffdd2ef6a1013a2174a29743
bvk2-fixed-stiffness-period-map-v1,stress_free_lamellar_observable,f0.45_chiN27,0.45,27.0,bvk2_fixed,"BVK, fixed stiffness",accepted,fixed_stiffness_production_control,false,0.16,256,2,12.0,ud-theta-spectral-fixed-k-physical-sensor-filter-oversampled-v2,4.366235929895569,4.197406464236388,-0.03866705060603981,0.03866705060603981,0.01896143177445122,0.998046875,false,4.831607089037376e-10,1.1737839418633052e-09,-1.5733741642875998e-08,true,true,true,true,true,true,true,results/bvk_fixed_stiffness_period_map_nx256/cases/f0.45_chiN27/root.csv,results/bvk_fixed_stiffness_period_map_nx256/cases/f0.45_chiN27/profile.csv,f01a305e25393453b4f95b07bdf5f1fa6792c1e3098f0a68a275439c888c18e0,d1408308479c3428d4b5036a239b7318eba1f2a8e3ed80da723740f0fe57a2af
bvk2-fixed-stiffness-period-map-v1,stress_free_lamellar_observable,f0.45_chiN28,0.45,28.0,bvk2_fixed,"BVK, fixed stiffness",accepted,fixed_stiffness_production_control,false,0.16,256,2,12.0,ud-theta-spectral-fixed-k-physical-sensor-filter-oversampled-v2,4.405086087042031,4.22935411631733,-0.03989297081880716,0.03989297081880716,0.01898500044086513,0.494140625,false,2.9074588671520447e-10,7.375466713193819e-10,-1.4834417916276266e-08,true,true,true,true,true,true,true,results/bvk_fixed_stiffness_period_map_nx256/cases/f0.45_chiN28/root.csv,results/bvk_fixed_stiffness_period_map_nx256/cases/f0.45_chiN28/profile.csv,2543aeedd4a4d32e62f13ab74160e8e5a100c6feb5d982bbffe3010a4d9d6df8,e17e3b4b5feaaf45b12c8a4b0de24e385cecf7b41dd4d001285dc8cc14dc5336
bvk2-fixed-stiffness-period-map-v1,stress_free_lamellar_observable,f0.45_chiN29,0.45,29.0,bvk2_fixed,"BVK, fixed stiffness",accepted,fixed_stiffness_production_control,false,0.16,256,2,12.0,ud-theta-spectral-fixed-k-physical-sensor-filter-oversampled-v2,4.442474227397603,4.2601224226194425,-0.04104735231857082,0.04104735231857082,0.01900818832916513,0.9912109375,false,5.34440209889299e-10,1.192547680855155e-09,-1.31029920247272e-08,true,true,true,true,true,true,true,results/bvk_fixed_stiffness_period_map_nx256/cases/f0.45_chiN29/root.csv,results/bvk_fixed_stiffness_period_map_nx256/cases/f0.45_chiN29/profile.csv,3964fcea30245fb6fa778b6f92b1d28ddc2b883127949b2cfcdb5fc8e8db1d69,62b9a4828c914fdc231ad857a4d4ababd39da1c201a5ec31ac8c1b76cb8a7d9d
bvk2-fixed-stiffness-period-map-v1,stress_free_lamellar_observable,f0.45_chiN30,0.45,30.0,bvk2_fixed,"BVK, fixed stiffness",accepted,fixed_stiffness_production_control,false,0.16,256,2,12.0,ud-theta-spectral-fixed-k-physical-sensor-filter-oversampled-v2,4.478517373090134,4.289803135627432,-0.04213765890395349,0.04213765890395349,0.018323374943503636,0.998046875,false,2.919518440867168e-06,8.24974749473231e-06,6.400121819183369e-07,true,true,true,true,true,true,true,results/bvk_fixed_stiffness_period_map_nx256/cases/f0.45_chiN30/root.csv,results/bvk_fixed_stiffness_period_map_nx256/cases/f0.45_chiN30/profile.csv,0781a3cab9ad4c468a772addd7af18ab9b5b17f26674258500c307a5682ea4d4,3bc539d916fb496ae3dda17e18c5f3f935446facb0d351690ec0891d81dbf859
bvk2-fixed-stiffness-period-map-v1,stress_free_lamellar_observable,f0.45_chiN31,0.45,31.0,bvk2_fixed,"BVK, fixed stiffness",accepted,fixed_stiffness_production_control,false,0.16,256,2,12.0,ud-theta-spectral-fixed-k-physical-sensor-filter-oversampled-v2,4.513379814943582,4.318477509155359,-0.04318322715560319,0.04318322715560319,0.018245610043913073,0.494140625,false,3.758078398647377e-06,9.470102971526907e-06,4.594381870504094e-07,true,true,true,true,true,true,true,results/bvk_fixed_stiffness_period_map_nx256/cases/f0.45_chiN31/root.csv,results/bvk_fixed_stiffness_period_map_nx256/cases/f0.45_chiN31/profile.csv,8f17b7bd9e8a475e96fd6d2a4a0ab1954d6ecf02ac2770a4de235d6901b4852a,392b1d8b556088b8ac5a8b11dc3c1c1b5728f6c24c456ccbc342cc33dffee2e7
bvk2-fixed-stiffness-period-map-v1,stress_free_lamellar_observable,f0.45_chiN32,0.45,32.0,bvk2_fixed,"BVK, fixed stiffness",accepted,fixed_stiffness_production_control,false,0.16,256,2,12.0,ud-theta-spectral-fixed-k-physical-sensor-filter-oversampled-v2,4.547065111401396,4.346219426388284,-0.04417040004760586,0.04417040004760586,0.018088301683460296,0.4970703125,false,2.1704858577254908e-11,6.647685180193317e-11,1.5864207725257984e-09,true,true,true,true,true,true,true,results/bvk_fixed_stiffness_period_map_nx256/cases/f0.45_chiN32/root.csv,results/bvk_fixed_stiffness_period_map_nx256/cases/f0.45_chiN32/profile.csv,0d8d5971a259c364174d59bb28d65271ea7cea1f3edb8780da95596542b0bb99,f0b193f65ec9a143f76d9fdd269f4272cc2344fe0dd17d4b7899d56e7504f0e0
bvk2-fixed-stiffness-period-map-v1,stress_free_lamellar_observable,f0.45_chiN33,0.45,33.0,bvk2_fixed,"BVK, fixed stiffness",accepted,fixed_stiffness_production_control,false,0.16,256,2,12.0,ud-theta-spectral-fixed-k-physical-sensor-filter-oversampled-v2,4.579738260774164,4.373094407504626,-0.04512132386242684,0.04512132386242684,0.01802248162459571,0.5068359375,false,6.173567398367274e-06,1.748088468862963e-05,1.7191197798638314e-08,true,true,true,true,true,true,true,results/bvk_fixed_stiffness_period_map_nx256/cases/f0.45_chiN33/root.csv,results/bvk_fixed_stiffness_period_map_nx256/cases/f0.45_chiN33/profile.csv,32ec7a9dc4089972ac32186ed6644c662bce8814ee2884b08791c43bfaf780ee,57702163f60a5f1d75a1671d72c7d711512b9bb72c3e6355e43ab69f69051969
bvk2-fixed-stiffness-period-map-v1,stress_free_lamellar_observable,f0.45_chiN34,0.45,34.0,bvk2_fixed,"BVK, fixed stiffness",accepted,fixed_stiffness_production_control,false,0.16,256,2,12.0,ud-theta-spectral-fixed-k-physical-sensor-filter-oversampled-v2,4.611415749568439,4.399161503219843,-0.046028000483031795,0.046028000483031795,0.01780069743789046,0.5,false,9.909966562338048e-12,3.370368382162921e-11,-7.064491214237023e-10,true,true,true,true,true,true,true,results/bvk_fixed_stiffness_period_map_nx256/cases/f0.45_chiN34/root.csv,results/bvk_fixed_stiffness_period_map_nx256/cases/f0.45_chiN34/profile.csv,bc856fa78727c9ca54a9a0844e8228d2661c074b8a681a656b7138109ce6012f,f322644a83e646ff6455cb2855e599bb5cc12c2a4671ac298a2d9c56541555ca
bvk2-fixed-stiffness-period-map-v1,stress_free_lamellar_observable,f0.45_chiN35,0.45,35.0,bvk2_fixed,"BVK, fixed stiffness",accepted,fixed_stiffness_production_control,false,0.16,256,2,12.0,ud-theta-spectral-fixed-k-physical-sensor-filter-oversampled-v2,4.642211290202453,4.424473525068538,-0.046903889444553704,0.046903889444553704,0.017633948959738337,0.498046875,false,8.639465499602976e-12,2.6274899945868145e-11,-5.807899126075711e-07,true,true,true,true,true,true,true,results/bvk_fixed_stiffness_period_map_nx256/cases/f0.45_chiN35/root.csv,results/bvk_fixed_stiffness_period_map_nx256/cases/f0.45_chiN35/profile.csv,53f6084de711043ab7b4f442fb7c700ea6000e2cbf4f21801e06afd8e55bc521,dab523fdb20fbbc5a67dc111552aca26da7860d83b4ea7782c42b59b3a3b1ef6
bvk2-fixed-stiffness-period-map-v1,stress_free_lamellar_observable,f0.5_chiN11,0.5,11.0,bvk2_fixed,"BVK, fixed stiffness",accepted,fixed_stiffness_production_control,false,0.16,256,2,12.0,ud-theta-spectral-fixed-k-physical-sensor-filter-oversampled-v2,3.301997255827445,3.410989531446171,0.033007984917726274,0.033007984917726274,0.011861416957588251,0.998046875,false,1.7217711474083165e-11,5.224596351977346e-11,-2.0699513103572542e-08,true,true,true,true,true,true,true,results/bvk_fixed_stiffness_period_map_nx256/cases/f0.5_chiN11/root.csv,results/bvk_fixed_stiffness_period_map_nx256/cases/f0.5_chiN11/profile.csv,c2a3bce46761614d84735e1eb80e9fba951f9fe2198b17f952574ffeedf5ac89,bb6dd5be8ca173b8f735f5783057cc31e952641c282c3bc90341a4be640e0972
bvk2-fixed-stiffness-period-map-v1,stress_free_lamellar_observable,f0.5_chiN12,0.5,12.0,bvk2_fixed,"BVK, fixed stiffness",accepted,fixed_stiffness_production_control,false,0.16,256,2,12.0,ud-theta-spectral-fixed-k-physical-sensor-filter-oversampled-v2,3.4267271859885864,3.4858531969810986,0.017254367734399922,0.017254367734399922,0.004894364375728106,0.498046875,false,8.301293124630894e-11,1.89585115701031e-10,-4.598478708928155e-09,true,true,true,true,true,true,true,results/bvk_fixed_stiffness_period_map_nx256/cases/f0.5_chiN12/root.csv,results/bvk_fixed_stiffness_period_map_nx256/cases/f0.5_chiN12/profile.csv,f397730eeec0b8be114bed40aa3a21a393835313e2dbc53c2b1d0f5046b26059,a0fbdfd4e5c753eb84179d8b9f8f7684e4e4eed1c92929f3717f5a1fb8b101a8
bvk2-fixed-stiffness-period-map-v1,stress_free_lamellar_observable,f0.5_chiN13,0.5,13.0,bvk2_fixed,"BVK, fixed stiffness",accepted,fixed_stiffness_production_control,false,0.16,256,2,12.0,ud-theta-spectral-fixed-k-physical-sensor-filter-oversampled-v2,3.533957798736474,3.5557527425138256,0.006167290335256537,0.006167290335256537,0.002622545838807035,0.498046875,true,2.0968711060234672e-10,4.5644799342413824e-10,-1.2142008287696626e-08,true,true,true,true,true,true,true,results/bvk_fixed_stiffness_period_map_nx256/cases/f0.5_chiN13/root.csv,results/bvk_fixed_stiffness_period_map_nx256/cases/f0.5_chiN13/profile.csv,c146ded4a1e8091eea73c316c352a4648e2e5460352ff25134f8ccef5d006ebd,da23884f2957c44780eb85e31ae2fb4984c69bf96c4c6a0a676a2d7e88de7d50
bvk2-fixed-stiffness-period-map-v1,stress_free_lamellar_observable,f0.5_chiN14,0.5,14.0,bvk2_fixed,"BVK, fixed stiffness",accepted,fixed_stiffness_production_control,false,0.16,256,2,12.0,ud-theta-spectral-fixed-k-physical-sensor-filter-oversampled-v2,3.6286452385849293,3.6211173651018744,-0.002074568602906557,0.002074568602906557,0.005752405738392096,0.998046875,true,8.573178863717361e-12,2.3889761429646456e-11,1.9741985823884534e-12,true,true,true,true,true,true,true,results/bvk_fixed_stiffness_period_map_nx256/cases/f0.5_chiN14/root.csv,results/bvk_fixed_stiffness_period_map_nx256/cases/f0.5_chiN14/profile.csv,abc4ab233fd4c287c549b46d51fd10c0ad9a63fcab4f24461297ff57fdff72d4,727db879977afa60dc5322954af230ac93ec46bb14b217f8b3f6bf243676a9b9
bvk2-fixed-stiffness-period-map-v1,stress_free_lamellar_observable,f0.5_chiN15,0.5,15.0,bvk2_fixed,"BVK, fixed stiffness",accepted,fixed_stiffness_production_control,false,0.16,256,2,12.0,ud-theta-spectral-fixed-k-physical-sensor-filter-oversampled-v2,3.713530773826842,3.6823438773789303,-0.008398179077367174,0.008398179077367174,0.008944166454307028,0.998046875,true,9.219725868505433e-12,3.1708864317221855e-11,8.24635915108729e-11,true,true,true,true,true,true,true,results/bvk_fixed_stiffness_period_map_nx256/cases/f0.5_chiN15/root.csv,results/bvk_fixed_stiffness_period_map_nx256/cases/f0.5_chiN15/profile.csv,b62805af323863de83c4c477ad2f6cac678b2ebf8fb094e4ca75196cbd0ad4cf,942184e8cf3894a84d2a6f638eef891e1ad37aeb1db25a07c54e76aac404dec3
bvk2-fixed-stiffness-period-map-v1,stress_free_lamellar_observable,f0.5_chiN16,0.5,16.0,bvk2_fixed,"BVK, fixed stiffness",accepted,fixed_stiffness_production_control,false,0.16,256,2,12.0,ud-theta-spectral-fixed-k-physical-sensor-filter-oversampled-v2,3.7907808436420165,3.7397994475784966,-0.013448784872126529,0.013448784872126529,0.011328138040434596,0.998046875,true,1.6579336752653077e-10,2.997912891986539e-10,-4.1673907213990447e-08,true,true,true,true,true,true,true,results/bvk_fixed_stiffness_period_map_nx256/cases/f0.5_chiN16/root.csv,results/bvk_fixed_stiffness_period_map_nx256/cases/f0.5_chiN16/profile.csv,d42f09fa17b607b475ceca3bd4889b570e53858322261c8e332af05156a09e03,43ee1719e1a375374ba8db360dffd9483f47e9332faf6ca55b1f2125b14080b1
bvk2-fixed-stiffness-period-map-v1,stress_free_lamellar_observable,f0.5_chiN17,0.5,17.0,bvk2_fixed,"BVK, fixed stiffness",accepted,fixed_stiffness_production_control,false,0.16,256,2,12.0,ud-theta-spectral-fixed-k-physical-sensor-filter-oversampled-v2,3.861745005464054,3.7938229899694744,-0.01758842580193032,0.01758842580193032,0.013382312344969602,0.498046875,false,1.4013354853139855e-10,2.660617024497477e-10,-7.967542137166106e-08,true,true,true,true,true,true,true,results/bvk_fixed_stiffness_period_map_nx256/cases/f0.5_chiN17/root.csv,results/bvk_fixed_stiffness_period_map_nx256/cases/f0.5_chiN17/profile.csv,a362685fa353628bbf7f83e5c6a839da27e1effa8334d32f7ee21d63b9f5e834,3daafb9ffdf84f64e03e33580bf067b314f9bf9eebf5518912f8d001790d62df
bvk2-fixed-stiffness-period-map-v1,stress_free_lamellar_observable,f0.5_chiN18,0.5,18.0,bvk2_fixed,"BVK, fixed stiffness",accepted,fixed_stiffness_production_control,false,0.16,256,2,12.0,ud-theta-spectral-fixed-k-physical-sensor-filter-oversampled-v2,3.9273596892514893,3.844726065930901,-0.02104050299918858,0.02104050299918858,0.01499386333103451,0.498046875,false,8.352264298112648e-12,2.3344917784847934e-11,-2.7454261086745646e-11,true,true,true,true,true,true,true,results/bvk_fixed_stiffness_period_map_nx256/cases/f0.5_chiN18/root.csv,results/bvk_fixed_stiffness_period_map_nx256/cases/f0.5_chiN18/profile.csv,806e32721fdb018d7851885e7eaf3b169402c70c9f8a494337ee9f08ab51c1d0,21b0649598bd24f04ff4042aef7188284a196c32dd9f58fa850f8e7a9b421252
bvk2-fixed-stiffness-period-map-v1,stress_free_lamellar_observable,f0.5_chiN19,0.5,19.0,bvk2_fixed,"BVK, fixed stiffness",accepted,fixed_stiffness_production_control,false,0.16,256,2,12.0,ud-theta-spectral-fixed-k-physical-sensor-filter-oversampled-v2,3.9884527636231617,3.8927934820613133,-0.023984057786596513,0.023984057786596513,0.016228496957324926,0.998046875,false,1.1324479994141092e-11,3.342772925183285e-11,-2.9503441911771233e-09,true,true,true,true,true,true,true,results/bvk_fixed_stiffness_period_map_nx256/cases/f0.5_chiN19/root.csv,results/bvk_fixed_stiffness_period_map_nx256/cases/f0.5_chiN19/profile.csv,eae6aed3ca34fc6b2bbe7f712360d3038c0844588a900f5430f16de823036172,e6e2f04cafe7c8f992e60e0cb12863cd34993d8ceaacc1254e067201a47f1827
bvk2-fixed-stiffness-period-map-v1,stress_free_lamellar_observable,f0.5_chiN20,0.5,20.0,bvk2_fixed,"BVK, fixed stiffness",accepted,fixed_stiffness_production_control,false,0.16,256,2,12.0,ud-theta-spectral-fixed-k-physical-sensor-filter-oversampled-v2,4.045704782755523,3.938284819487791,-0.0265516069599544,0.0265516069599544,0.01704651410765731,0.998046875,true,2.4949655555514356e-11,6.014474354671937e-11,-5.5583100344591685e-09,true,true,true,true,true,true,true,results/bvk_fixed_stiffness_period_map_nx256/cases/f0.5_chiN20/root.csv,results/bvk_fixed_stiffness_period_map_nx256/cases/f0.5_chiN20/profile.csv,577f0f5acff6150b457bf4660f2744410fcc4e3df53a295109b35181a231135d,347f4f3f68f758f72bb14ace6fe0731ad44b108be02b06fb54fe3fb19cd2d93d
bvk2-fixed-stiffness-period-map-v1,stress_free_lamellar_observable,f0.5_chiN21,0.5,21.0,bvk2_fixed,"BVK, fixed stiffness",accepted,fixed_stiffness_production_control,false,0.16,256,2,12.0,ud-theta-spectral-fixed-k-physical-sensor-filter-oversampled-v2,4.09952191906127,3.981435358632881,-0.02880495890980117,0.02880495890980117,0.01776129125446111,0.998046875,false,4.566084847688756e-11,1.342071013837827e-10,-7.796039369623031e-09,true,true,true,true,true,true,true,results/bvk_fixed_stiffness_period_map_nx256/cases/f0.5_chiN21/root.csv,results/bvk_fixed_stiffness_period_map_nx256/cases/f0.5_chiN21/profile.csv,a7281b4c9c770ac8f0ac8304ed28fcd344c2083a308b186482b0abab3863b237,91528468ccc91071fdaa3ec3181e323dbe46f5ce7903f4a9aab3c4f3272cc5c5
bvk2-fixed-stiffness-period-map-v1,stress_free_lamellar_observable,f0.5_chiN22,0.5,22.0,bvk2_fixed,"BVK, fixed stiffness",accepted,fixed_stiffness_production_control,false,0.16,256,2,12.0,ud-theta-spectral-fixed-k-physical-sensor-filter-oversampled-v2,4.150425150279517,4.0224575644849825,-0.030832404190186735,0.030832404190186735,0.018294205114487334,0.998046875,false,1.3991460624541608e-10,3.476981202130526e-10,-1.0606124867251765e-08,true,true,true,true,true,true,true,results/bvk_fixed_stiffness_period_map_nx256/cases/f0.5_chiN22/root.csv,results/bvk_fixed_stiffness_period_map_nx256/cases/f0.5_chiN22/profile.csv,97d56b7296ef837f1fdb83437ea8abf6c670ae66871ea01ab3bbe74ae8c81c19,48c108c091c972a179dc0610a0c129c5c199eaa223284b9ab928ce7e32d44025
bvk2-fixed-stiffness-period-map-v1,stress_free_lamellar_observable,f0.5_chiN23,0.5,23.0,bvk2_fixed,"BVK, fixed stiffness",accepted,fixed_stiffness_production_control,false,0.16,256,2,12.0,ud-theta-spectral-fixed-k-physical-sensor-filter-oversampled-v2,4.198673813922832,4.061542645366681,-0.03266059108983954,0.03266059108983954,0.018669925506213197,0.998046875,false,2.1641957827009072e-10,5.138661900225395e-10,-1.270622762561402e-08,true,true,true,true,true,true,true,results/bvk_fixed_stiffness_period_map_nx256/cases/f0.5_chiN23/root.csv,results/bvk_fixed_stiffness_period_map_nx256/cases/f0.5_chiN23/profile.csv,c3562440b89e82102d59d7999604de4b36e4b7f766fa1cb9a7e39913c077aca4,51bc9d3b22fc9b1caf32bd1c7c7c1f05737a368b750e2c8ebf5c6f27c032b42c
bvk2-fixed-stiffness-period-map-v1,stress_free_lamellar_observable,f0.5_chiN24,0.5,24.0,bvk2_fixed,"BVK, fixed stiffness",accepted,fixed_stiffness_production_control,false,0.16,256,2,12.0,ud-theta-spectral-fixed-k-physical-sensor-filter-oversampled-v2,4.2445688692625305,4.098862193324497,-0.03432779168531874,0.03432779168531874,0.018930460822639585,0.498046875,false,2.2421930788758384e-10,5.154751628562793e-10,-1.4184495356062143e-08,true,true,true,true,true,true,true,results/bvk_fixed_stiffness_period_map_nx256/cases/f0.5_chiN24/root.csv,results/bvk_fixed_stiffness_period_map_nx256/cases/f0.5_chiN24/profile.csv,6bf35f38833fadbd036becbb49ca1ca738e939ebea866164e9b457cca3503814,b4d3bd005cc4bee56735751e44371a76582cdbb244dcf513564edc8cab862672
bvk2-fixed-stiffness-period-map-v1,stress_free_lamellar_observable,f0.5_chiN25,0.5,25.0,bvk2_fixed,"BVK, fixed stiffness",accepted,fixed_stiffness_production_control,false,0.16,256,2,12.0,ud-theta-spectral-fixed-k-physical-sensor-filter-oversampled-v2,4.288399242951865,4.134569860258184,-0.03587104977375999,0.03587104977375999,0.019104132532033233,0.994140625,false,2.1310657981951712e-10,4.717589286169829e-10,-1.5543446751919987e-08,true,true,true,true,true,true,true,results/bvk_fixed_stiffness_period_map_nx256/cases/f0.5_chiN25/root.csv,results/bvk_fixed_stiffness_period_map_nx256/cases/f0.5_chiN25/profile.csv,ac6a821c0ded497dbf1fdf9b3b35817abe32dbfc05cfbef0171d79be3e0d76c4,416a57e651b58399ac591b8822808371ee44f7a761283be828e831baa6b3b56f
bvk2-fixed-stiffness-period-map-v1,stress_free_lamellar_observable,f0.5_chiN26,0.5,26.0,bvk2_fixed,"BVK, fixed stiffness",accepted,fixed_stiffness_production_control,false,0.16,256,2,12.0,ud-theta-spectral-fixed-k-physical-sensor-filter-oversampled-v2,4.330322942753145,4.168803019301923,-0.03729974082453302,0.03729974082453302,0.01872344711723019,0.498046875,false,1.71384566482887e-10,3.232903714906935e-10,-1.589606180019132e-08,true,true,true,true,true,true,true,results/bvk_fixed_stiffness_period_map_nx256/cases/f0.5_chiN26/root.csv,results/bvk_fixed_stiffness_period_map_nx256/cases/f0.5_chiN26/profile.csv,5d15b9b1e610f40359e97e1793d5be34262d21336e6b11784fceb66d7b1b19ea,f044361cbb1e484d3b0f0f3e29cefa2731325619817492370f3cccf28bbc04b4
bvk2-fixed-stiffness-period-map-v1,stress_free_lamellar_observable,f0.5_chiN27,0.5,27.0,bvk2_fixed,"BVK, fixed stiffness",accepted,fixed_stiffness_production_control,false,0.16,256,2,12.0,ud-theta-spectral-fixed-k-physical-sensor-filter-oversampled-v2,4.3705610135122885,4.20168436941206,-0.03863958049735927,0.03863958049735927,0.01873210151318553,0.998046875,false,1.4074767207385798e-10,2.571009723876461e-10,-1.574266805803859e-08,true,true,true,true,true,true,true,results/bvk_fixed_stiffness_period_map_nx256/cases/f0.5_chiN27/root.csv,results/bvk_fixed_stiffness_period_map_nx256/cases/f0.5_chiN27/profile.csv,f0bda799344e8f112defbd3d9d10898e1fc0948ebada201fcd1379c9def0f463,96c549f84d3a72ad01e74a3d305378e7b319b2f016e6fa032b1854ebd736d4bb
bvk2-fixed-stiffness-period-map-v1,stress_free_lamellar_observable,f0.5_chiN28,0.5,28.0,bvk2_fixed,"BVK, fixed stiffness",accepted,fixed_stiffness_production_control,false,0.16,256,2,12.0,ud-theta-spectral-fixed-k-physical-sensor-filter-oversampled-v2,4.409207206907475,4.233323461235383,-0.039890106637889944,0.039890106637889944,0.018694837209844196,0.486328125,true,1.1629895886642984e-10,2.791170261965449e-10,-1.4549863092128135e-08,true,true,true,true,true,true,true,results/bvk_fixed_stiffness_period_map_nx256/cases/f0.5_chiN28/root.csv,results/bvk_fixed_stiffness_period_map_nx256/cases/f0.5_chiN28/profile.csv,be61ade74a9c4d7cdc71551711b8e76207baf619d3e7fa847020396b51e434bd,129f88dd67978b83a8dcfb5cb20f83101fd06298a5d4f408485472751834af48
bvk2-fixed-stiffness-period-map-v1,stress_free_lamellar_observable,f0.5_chiN29,0.5,29.0,bvk2_fixed,"BVK, fixed stiffness",accepted,fixed_stiffness_production_control,false,0.16,256,2,12.0,ud-theta-spectral-fixed-k-physical-sensor-filter-oversampled-v2,4.446437015785745,4.263818118430843,-0.04107083867522876,0.04107083867522876,0.018651292148900184,0.486328125,false,9.002169651591508e-11,2.0603057754649926e-10,-1.264349203111692e-08,true,true,true,true,true,true,true,results/bvk_fixed_stiffness_period_map_nx256/cases/f0.5_chiN29/root.csv,results/bvk_fixed_stiffness_period_map_nx256/cases/f0.5_chiN29/profile.csv,8010e7de570a0eee7dead2b80b75c3d641fe4de40434d877f813b0a2594d0b6f,37ad392a3f5fba97625778fb7e68e1cdb3228beaaf682e6c6a38d6f7bcd9452f
bvk2-fixed-stiffness-period-map-v1,stress_free_lamellar_observable,f0.5_chiN30,0.5,30.0,bvk2_fixed,"BVK, fixed stiffness",accepted,fixed_stiffness_production_control,false,0.16,256,2,12.0,ud-theta-spectral-fixed-k-physical-sensor-filter-oversampled-v2,4.482353901352108,4.293256003352946,-0.042187186054657766,0.042187186054657766,0.01852547641574387,0.486328125,false,9.043195691344305e-12,2.960190345820271e-11,3.9575167987138116e-07,true,true,true,true,true,true,true,results/bvk_fixed_stiffness_period_map_nx256/cases/f0.5_chiN30/root.csv,results/bvk_fixed_stiffness_period_map_nx256/cases/f0.5_chiN30/profile.csv,724fe397a82f612b33aacae6c327cc104bb416d66b38b18ae6c1ad70527cb951,d5b0aff3d22921332885ea291b0d1e62c88c59379236a10d6b4f702a8658ff94
bvk2-fixed-stiffness-period-map-v1,stress_free_lamellar_observable,f0.5_chiN31,0.5,31.0,bvk2_fixed,"BVK, fixed stiffness",accepted,fixed_stiffness_production_control,false,0.16,256,2,12.0,ud-theta-spectral-fixed-k-physical-sensor-filter-oversampled-v2,4.517080641532651,4.321714536356545,-0.04325052410616648,0.04325052410616648,0.018448598505159387,0.4970703125,false,1.0204552506210453e-11,3.350748905404348e-11,-6.051896761505304e-10,true,true,true,true,true,true,true,results/bvk_fixed_stiffness_period_map_nx256/cases/f0.5_chiN31/root.csv,results/bvk_fixed_stiffness_period_map_nx256/cases/f0.5_chiN31/profile.csv,3d5245b5db54f14aae59a6d8d3ba88eabc495840ffe76119296c7a472d623ce7,de5d447d167d7361cdf0da2dddd3a1f8dffeb49cece9d270fc261607451c67cc
bvk2-fixed-stiffness-period-map-v1,stress_free_lamellar_observable,f0.5_chiN32,0.5,32.0,bvk2_fixed,"BVK, fixed stiffness",accepted,fixed_stiffness_production_control,false,0.16,256,2,12.0,ud-theta-spectral-fixed-k-physical-sensor-filter-oversampled-v2,4.550661206230179,4.349264489705404,-0.04425658325191251,0.04425658325191251,0.01825383589017836,0.998046875,false,2.91607576948795e-10,6.616365042769812e-10,-2.5422531191310327e-08,true,true,true,true,true,true,true,results/bvk_fixed_stiffness_period_map_nx256/cases/f0.5_chiN32/root.csv,results/bvk_fixed_stiffness_period_map_nx256/cases/f0.5_chiN32/profile.csv,9d7476e3485d277770cf00d2c744b245d58c7e48a2b12184fb9c4b753b9015b7,5efb775d9a745390d276abfc441c2bc063e4b6fcffb768ceb30d56bcb67bee28
bvk2-fixed-stiffness-period-map-v1,stress_free_lamellar_observable,f0.5_chiN33,0.5,33.0,bvk2_fixed,"BVK, fixed stiffness",accepted,fixed_stiffness_production_control,false,0.16,256,2,12.0,ud-theta-spectral-fixed-k-physical-sensor-filter-oversampled-v2,4.583242749167421,4.3759685028836195,-0.0452243657225998,0.0452243657225998,0.018100796186815135,0.998046875,true,3.0667526280573417e-06,1.1903949977636978e-05,-9.957132807159041e-08,true,true,true,true,true,true,true,results/bvk_fixed_stiffness_period_map_nx256/cases/f0.5_chiN33/root.csv,results/bvk_fixed_stiffness_period_map_nx256/cases/f0.5_chiN33/profile.csv,bbfe63dd4d36d2b003a110e05074561cb7dd41ea5336105d465791ae0e2fe5eb,3d4e2f3be926fa460a9aa5f1819a04c313dbf3b3174c1e5d36986d2a1035abc0
bvk2-fixed-stiffness-period-map-v1,stress_free_lamellar_observable,f0.5_chiN34,0.5,34.0,bvk2_fixed,"BVK, fixed stiffness",accepted,fixed_stiffness_production_control,false,0.16,256,2,12.0,ud-theta-spectral-fixed-k-physical-sensor-filter-oversampled-v2,4.614877598409775,4.401883036138623,-0.046153892000200925,0.046153892000200925,0.01793418761812116,0.9794921875,false,1.2473642055137401e-11,3.252192676689601e-11,-9.965042124804313e-10,true,true,true,true,true,true,true,results/bvk_fixed_stiffness_period_map_nx256/cases/f0.5_chiN34/root.csv,results/bvk_fixed_stiffness_period_map_nx256/cases/f0.5_chiN34/profile.csv,f063d49b78dc070b7308f04c7fb38d176c1db6353872769130b61dcfabc6b3ae,e1cb090dbfb5d89fb54d40e1c0c1a54c7259ff451f33b7f9498ca531e04ad89a
bvk2-fixed-stiffness-period-map-v1,stress_free_lamellar_observable,f0.5_chiN35,0.5,35.0,bvk2_fixed,"BVK, fixed stiffness",accepted,fixed_stiffness_production_control,false,0.16,256,2,12.0,ud-theta-spectral-fixed-k-physical-sensor-filter-oversampled-v2,4.6455798982825875,4.427058736008302,-0.04703851124271263,0.04703851124271263,0.017835753708778507,0.4775390625,false,9.1333476023279e-12,2.8839209933192874e-11,-4.885871760507143e-07,true,true,true,true,true,true,true,results/bvk_fixed_stiffness_period_map_nx256/cases/f0.5_chiN35/root.csv,results/bvk_fixed_stiffness_period_map_nx256/cases/f0.5_chiN35/profile.csv,b6bc175ce457829f01e57adb795b52446657e230e3aa3812405925ea66ebfd2f,cfb07cfc972270472e192c374172b1ca9e2e5359e92d4ad11bf3f79c16672009
