schema,case_id,f,chiN,bvk2_split,model,period_rg,s,phi_a,nx,c2,alignment_shift_fraction,alignment_swapped
unified-own-cell-lamella-v1,f0.5_chiN12,0.5,12.0,holdout,bvk2,3.528112881426439,0.0,0.8013507916973025,128,0.16,0.0078125,false
unified-own-cell-lamella-v1,f0.5_chiN12,0.5,12.0,holdout,bvk2,3.528112881426439,0.00390625,0.80075439633962,128,0.16,0.0078125,false
unified-own-cell-lamella-v1,f0.5_chiN12,0.5,12.0,holdout,bvk2,3.528112881426439,0.0078125,0.8001580009819376,128,0.16,0.0078125,false
unified-own-cell-lamella-v1,f0.5_chiN12,0.5,12.0,holdout,bvk2,3.528112881426439,0.01171875,0.7992611892347348,128,0.16,0.0078125,false
unified-own-cell-lamella-v1,f0.5_chiN12,0.5,12.0,holdout,bvk2,3.528112881426439,0.015625,0.798364377487532,128,0.16,0.0078125,false
unified-own-cell-lamella-v1,f0.5_chiN12,0.5,12.0,holdout,bvk2,3.528112881426439,0.01953125,0.7971646764446414,128,0.16,0.0078125,false
unified-own-cell-lamella-v1,f0.5_chiN12,0.5,12.0,holdout,bvk2,3.528112881426439,0.0234375,0.7959649754017508,128,0.16,0.0078125,false
unified-own-cell-lamella-v1,f0.5_chiN12,0.5,12.0,holdout,bvk2,3.528112881426439,0.02734375,0.7944593885400271,128,0.16,0.0078125,false
unified-own-cell-lamella-v1,f0.5_chiN12,0.5,12.0,holdout,bvk2,3.528112881426439,0.03125,0.7929538016783032,128,0.16,0.0078125,false
unified-own-cell-lamella-v1,f0.5_chiN12,0.5,12.0,holdout,bvk2,3.528112881426439,0.03515625,0.7911390323284686,128,0.16,0.0078125,false
unified-own-cell-lamella-v1,f0.5_chiN12,0.5,12.0,holdout,bvk2,3.528112881426439,0.0390625,0.7893242629786339,128,0.16,0.0078125,false
unified-own-cell-lamella-v1,f0.5_chiN12,0.5,12.0,holdout,bvk2,3.528112881426439,0.04296875,0.7871969505183097,128,0.16,0.0078125,false
unified-own-cell-lamella-v1,f0.5_chiN12,0.5,12.0,holdout,bvk2,3.528112881426439,0.046875,0.7850696380579856,128,0.16,0.0078125,false
unified-own-cell-lamella-v1,f0.5_chiN12,0.5,12.0,holdout,bvk2,3.528112881426439,0.05078125,0.7826265856536185,128,0.16,0.0078125,false
unified-own-cell-lamella-v1,f0.5_chiN12,0.5,12.0,holdout,bvk2,3.528112881426439,0.0546875,0.7801835332492515,128,0.16,0.0078125,false
unified-own-cell-lamella-v1,f0.5_chiN12,0.5,12.0,holdout,bvk2,3.528112881426439,0.05859375,0.7774219125616496,128,0.16,0.0078125,false
unified-own-cell-lamella-v1,f0.5_chiN12,0.5,12.0,holdout,bvk2,3.528112881426439,0.0625,0.7746602918740477,128,0.16,0.0078125,false
unified-own-cell-lamella-v1,f0.5_chiN12,0.5,12.0,holdout,bvk2,3.528112881426439,0.06640625,0.7715778194393406,128,0.16,0.0078125,false
unified-own-cell-lamella-v1,f0.5_chiN12,0.5,12.0,holdout,bvk2,3.528112881426439,0.0703125,0.7684953470046335,128,0.16,0.0078125,false
unified-own-cell-lamella-v1,f0.5_chiN12,0.5,12.0,holdout,bvk2,3.528112881426439,0.07421875,0.7650904355675181,128,0.16,0.0078125,false
unified-own-cell-lamella-v1,f0.5_chiN12,0.5,12.0,holdout,bvk2,3.528112881426439,0.078125,0.7616855241304026,128,0.16,0.0078125,false
unified-own-cell-lamella-v1,f0.5_chiN12,0.5,12.0,holdout,bvk2,3.528112881426439,0.08203125,0.7579574174092801,128,0.16,0.0078125,false
unified-own-cell-lamella-v1,f0.5_chiN12,0.5,12.0,holdout,bvk2,3.528112881426439,0.0859375,0.7542293106881577,128,0.16,0.0078125,false
unified-own-cell-lamella-v1,f0.5_chiN12,0.5,12.0,holdout,bvk2,3.528112881426439,0.08984375,0.7501782111534132,128,0.16,0.0078125,false
unified-own-cell-lamella-v1,f0.5_chiN12,0.5,12.0,holdout,bvk2,3.528112881426439,0.09375,0.7461271116186688,128,0.16,0.0078125,false
unified-own-cell-lamella-v1,f0.5_chiN12,0.5,12.0,holdout,bvk2,3.528112881426439,0.09765625,0.7417543087995491,128,0.16,0.0078125,false
unified-own-cell-lamella-v1,f0.5_chiN12,0.5,12.0,holdout,bvk2,3.528112881426439,0.1015625,0.7373815059804294,128,0.16,0.0078125,false
unified-own-cell-lamella-v1,f0.5_chiN12,0.5,12.0,holdout,bvk2,3.528112881426439,0.10546875,0.7326895092010752,128,0.16,0.0078125,false
unified-own-cell-lamella-v1,f0.5_chiN12,0.5,12.0,holdout,bvk2,3.528112881426439,0.109375,0.727997512421721,128,0.16,0.0078125,false
unified-own-cell-lamella-v1,f0.5_chiN12,0.5,12.0,holdout,bvk2,3.528112881426439,0.11328125,0.7229901881121332,128,0.16,0.0078125,false
unified-own-cell-lamella-v1,f0.5_chiN12,0.5,12.0,holdout,bvk2,3.528112881426439,0.1171875,0.7179828638025455,128,0.16,0.0078125,false
unified-own-cell-lamella-v1,f0.5_chiN12,0.5,12.0,holdout,bvk2,3.528112881426439,0.12109375,0.7126655744574424,128,0.16,0.0078125,false
unified-own-cell-lamella-v1,f0.5_chiN12,0.5,12.0,holdout,bvk2,3.528112881426439,0.125,0.7073482851123393,128,0.16,0.0078125,false
unified-own-cell-lamella-v1,f0.5_chiN12,0.5,12.0,holdout,bvk2,3.528112881426439,0.12890625,0.701728024859966,128,0.16,0.0078125,false
unified-own-cell-lamella-v1,f0.5_chiN12,0.5,12.0,holdout,bvk2,3.528112881426439,0.1328125,0.6961077646075926,128,0.16,0.0078125,false
unified-own-cell-lamella-v1,f0.5_chiN12,0.5,12.0,holdout,bvk2,3.528112881426439,0.13671875,0.6901932851549758,128,0.16,0.0078125,false
unified-own-cell-lamella-v1,f0.5_chiN12,0.5,12.0,holdout,bvk2,3.528112881426439,0.140625,0.684278805702359,128,0.16,0.0078125,false
unified-own-cell-lamella-v1,f0.5_chiN12,0.5,12.0,holdout,bvk2,3.528112881426439,0.14453125,0.6780807259682027,128,0.16,0.0078125,false
unified-own-cell-lamella-v1,f0.5_chiN12,0.5,12.0,holdout,bvk2,3.528112881426439,0.1484375,0.6718826462340463,128,0.16,0.0078125,false
unified-own-cell-lamella-v1,f0.5_chiN12,0.5,12.0,holdout,bvk2,3.528112881426439,0.15234375,0.6654135390810367,128,0.16,0.0078125,false
unified-own-cell-lamella-v1,f0.5_chiN12,0.5,12.0,holdout,bvk2,3.528112881426439,0.15625,0.6589444319280273,128,0.16,0.0078125,false
unified-own-cell-lamella-v1,f0.5_chiN12,0.5,12.0,holdout,bvk2,3.528112881426439,0.16015625,0.6522188819173,128,0.16,0.0078125,false
unified-own-cell-lamella-v1,f0.5_chiN12,0.5,12.0,holdout,bvk2,3.528112881426439,0.1640625,0.6454933319065729,128,0.16,0.0078125,false
unified-own-cell-lamella-v1,f0.5_chiN12,0.5,12.0,holdout,bvk2,3.528112881426439,0.16796875,0.6385279588180448,128,0.16,0.0078125,false
unified-own-cell-lamella-v1,f0.5_chiN12,0.5,12.0,holdout,bvk2,3.528112881426439,0.171875,0.6315625857295167,128,0.16,0.0078125,false
unified-own-cell-lamella-v1,f0.5_chiN12,0.5,12.0,holdout,bvk2,3.528112881426439,0.17578125,0.6243760296561307,128,0.16,0.0078125,false
unified-own-cell-lamella-v1,f0.5_chiN12,0.5,12.0,holdout,bvk2,3.528112881426439,0.1796875,0.6171894735827446,128,0.16,0.0078125,false
unified-own-cell-lamella-v1,f0.5_chiN12,0.5,12.0,holdout,bvk2,3.528112881426439,0.18359375,0.6098023386657715,128,0.16,0.0078125,false
unified-own-cell-lamella-v1,f0.5_chiN12,0.5,12.0,holdout,bvk2,3.528112881426439,0.1875,0.6024152037487984,128,0.16,0.0078125,false
unified-own-cell-lamella-v1,f0.5_chiN12,0.5,12.0,holdout,bvk2,3.528112881426439,0.19140625,0.5948499590319931,128,0.16,0.0078125,false
unified-own-cell-lamella-v1,f0.5_chiN12,0.5,12.0,holdout,bvk2,3.528112881426439,0.1953125,0.5872847143151879,128,0.16,0.0078125,false
unified-own-cell-lamella-v1,f0.5_chiN12,0.5,12.0,holdout,bvk2,3.528112881426439,0.19921875,0.5795655517116608,128,0.16,0.0078125,false
unified-own-cell-lamella-v1,f0.5_chiN12,0.5,12.0,holdout,bvk2,3.528112881426439,0.203125,0.5718463891081337,128,0.16,0.0078125,false
unified-own-cell-lamella-v1,f0.5_chiN12,0.5,12.0,holdout,bvk2,3.528112881426439,0.20703125,0.5639990400413551,128,0.16,0.0078125,false
unified-own-cell-lamella-v1,f0.5_chiN12,0.5,12.0,holdout,bvk2,3.528112881426439,0.2109375,0.5561516909745766,128,0.16,0.0078125,false
unified-own-cell-lamella-v1,f0.5_chiN12,0.5,12.0,holdout,bvk2,3.528112881426439,0.21484375,0.5482032048126324,128,0.16,0.0078125,false
unified-own-cell-lamella-v1,f0.5_chiN12,0.5,12.0,holdout,bvk2,3.528112881426439,0.21875,0.5402547186506882,128,0.16,0.0078125,false
unified-own-cell-lamella-v1,f0.5_chiN12,0.5,12.0,holdout,bvk2,3.528112881426439,0.22265625,0.5322332075329945,128,0.16,0.0078125,false
unified-own-cell-lamella-v1,f0.5_chiN12,0.5,12.0,holdout,bvk2,3.528112881426439,0.2265625,0.5242116964153009,128,0.16,0.0078125,false
unified-own-cell-lamella-v1,f0.5_chiN12,0.5,12.0,holdout,bvk2,3.528112881426439,0.23046875,0.516146052404009,128,0.16,0.0078125,false
unified-own-cell-lamella-v1,f0.5_chiN12,0.5,12.0,holdout,bvk2,3.528112881426439,0.234375,0.5080804083927172,128,0.16,0.0078125,false
unified-own-cell-lamella-v1,f0.5_chiN12,0.5,12.0,holdout,bvk2,3.528112881426439,0.23828125,0.5000000000000046,128,0.16,0.0078125,false
unified-own-cell-lamella-v1,f0.5_chiN12,0.5,12.0,holdout,bvk2,3.528112881426439,0.2421875,0.491919591607292,128,0.16,0.0078125,false
unified-own-cell-lamella-v1,f0.5_chiN12,0.5,12.0,holdout,bvk2,3.528112881426439,0.24609375,0.48385394759600026,128,0.16,0.0078125,false
unified-own-cell-lamella-v1,f0.5_chiN12,0.5,12.0,holdout,bvk2,3.528112881426439,0.25,0.4757883035847085,128,0.16,0.0078125,false
unified-own-cell-lamella-v1,f0.5_chiN12,0.5,12.0,holdout,bvk2,3.528112881426439,0.25390625,0.4677667924670154,128,0.16,0.0078125,false
unified-own-cell-lamella-v1,f0.5_chiN12,0.5,12.0,holdout,bvk2,3.528112881426439,0.2578125,0.4597452813493223,128,0.16,0.0078125,false
unified-own-cell-lamella-v1,f0.5_chiN12,0.5,12.0,holdout,bvk2,3.528112881426439,0.26171875,0.45179679518737725,128,0.16,0.0078125,false
unified-own-cell-lamella-v1,f0.5_chiN12,0.5,12.0,holdout,bvk2,3.528112881426439,0.265625,0.4438483090254322,128,0.16,0.0078125,false
unified-own-cell-lamella-v1,f0.5_chiN12,0.5,12.0,holdout,bvk2,3.528112881426439,0.26953125,0.43600095995865396,128,0.16,0.0078125,false
unified-own-cell-lamella-v1,f0.5_chiN12,0.5,12.0,holdout,bvk2,3.528112881426439,0.2734375,0.4281536108918757,128,0.16,0.0078125,false
unified-own-cell-lamella-v1,f0.5_chiN12,0.5,12.0,holdout,bvk2,3.528112881426439,0.27734375,0.42043444828834753,128,0.16,0.0078125,false
unified-own-cell-lamella-v1,f0.5_chiN12,0.5,12.0,holdout,bvk2,3.528112881426439,0.28125,0.41271528568481936,128,0.16,0.0078125,false
unified-own-cell-lamella-v1,f0.5_chiN12,0.5,12.0,holdout,bvk2,3.528112881426439,0.28515625,0.40515004096801377,128,0.16,0.0078125,false
unified-own-cell-lamella-v1,f0.5_chiN12,0.5,12.0,holdout,bvk2,3.528112881426439,0.2890625,0.39758479625120813,128,0.16,0.0078125,false
unified-own-cell-lamella-v1,f0.5_chiN12,0.5,12.0,holdout,bvk2,3.528112881426439,0.29296875,0.39019766133423217,128,0.16,0.0078125,false
unified-own-cell-lamella-v1,f0.5_chiN12,0.5,12.0,holdout,bvk2,3.528112881426439,0.296875,0.38281052641725616,128,0.16,0.0078125,false
unified-own-cell-lamella-v1,f0.5_chiN12,0.5,12.0,holdout,bvk2,3.528112881426439,0.30078125,0.3756239703438675,128,0.16,0.0078125,false
unified-own-cell-lamella-v1,f0.5_chiN12,0.5,12.0,holdout,bvk2,3.528112881426439,0.3046875,0.36843741427047894,128,0.16,0.0078125,false
unified-own-cell-lamella-v1,f0.5_chiN12,0.5,12.0,holdout,bvk2,3.528112881426439,0.30859375,0.3614720411819466,128,0.16,0.0078125,false
unified-own-cell-lamella-v1,f0.5_chiN12,0.5,12.0,holdout,bvk2,3.528112881426439,0.3125,0.35450666809341425,128,0.16,0.0078125,false
unified-own-cell-lamella-v1,f0.5_chiN12,0.5,12.0,holdout,bvk2,3.528112881426439,0.31640625,0.34778111808268874,128,0.16,0.0078125,false
unified-own-cell-lamella-v1,f0.5_chiN12,0.5,12.0,holdout,bvk2,3.528112881426439,0.3203125,0.3410555680719632,128,0.16,0.0078125,false
unified-own-cell-lamella-v1,f0.5_chiN12,0.5,12.0,holdout,bvk2,3.528112881426439,0.32421875,0.3345864609189559,128,0.16,0.0078125,false
unified-own-cell-lamella-v1,f0.5_chiN12,0.5,12.0,holdout,bvk2,3.528112881426439,0.328125,0.3281173537659486,128,0.16,0.0078125,false
unified-own-cell-lamella-v1,f0.5_chiN12,0.5,12.0,holdout,bvk2,3.528112881426439,0.33203125,0.32191927403178844,128,0.16,0.0078125,false
unified-own-cell-lamella-v1,f0.5_chiN12,0.5,12.0,holdout,bvk2,3.528112881426439,0.3359375,0.31572119429762824,128,0.16,0.0078125,false
unified-own-cell-lamella-v1,f0.5_chiN12,0.5,12.0,holdout,bvk2,3.528112881426439,0.33984375,0.3098067148450104,128,0.16,0.0078125,false
unified-own-cell-lamella-v1,f0.5_chiN12,0.5,12.0,holdout,bvk2,3.528112881426439,0.34375,0.3038922353923925,128,0.16,0.0078125,false
unified-own-cell-lamella-v1,f0.5_chiN12,0.5,12.0,holdout,bvk2,3.528112881426439,0.34765625,0.2982719751400196,128,0.16,0.0078125,false
unified-own-cell-lamella-v1,f0.5_chiN12,0.5,12.0,holdout,bvk2,3.528112881426439,0.3515625,0.2926517148876466,128,0.16,0.0078125,false
unified-own-cell-lamella-v1,f0.5_chiN12,0.5,12.0,holdout,bvk2,3.528112881426439,0.35546875,0.28733442554254435,128,0.16,0.0078125,false
unified-own-cell-lamella-v1,f0.5_chiN12,0.5,12.0,holdout,bvk2,3.528112881426439,0.359375,0.2820171361974421,128,0.16,0.0078125,false
unified-own-cell-lamella-v1,f0.5_chiN12,0.5,12.0,holdout,bvk2,3.528112881426439,0.36328125,0.2770098118878551,128,0.16,0.0078125,false
unified-own-cell-lamella-v1,f0.5_chiN12,0.5,12.0,holdout,bvk2,3.528112881426439,0.3671875,0.27200248757826806,128,0.16,0.0078125,false
unified-own-cell-lamella-v1,f0.5_chiN12,0.5,12.0,holdout,bvk2,3.528112881426439,0.37109375,0.26731049079891367,128,0.16,0.0078125,false
unified-own-cell-lamella-v1,f0.5_chiN12,0.5,12.0,holdout,bvk2,3.528112881426439,0.375,0.2626184940195592,128,0.16,0.0078125,false
unified-own-cell-lamella-v1,f0.5_chiN12,0.5,12.0,holdout,bvk2,3.528112881426439,0.37890625,0.2582456912004386,128,0.16,0.0078125,false
unified-own-cell-lamella-v1,f0.5_chiN12,0.5,12.0,holdout,bvk2,3.528112881426439,0.3828125,0.25387288838131794,128,0.16,0.0078125,false
unified-own-cell-lamella-v1,f0.5_chiN12,0.5,12.0,holdout,bvk2,3.528112881426439,0.38671875,0.24982178884657358,128,0.16,0.0078125,false
unified-own-cell-lamella-v1,f0.5_chiN12,0.5,12.0,holdout,bvk2,3.528112881426439,0.390625,0.2457706893118292,128,0.16,0.0078125,false
unified-own-cell-lamella-v1,f0.5_chiN12,0.5,12.0,holdout,bvk2,3.528112881426439,0.39453125,0.24204258259070896,128,0.16,0.0078125,false
unified-own-cell-lamella-v1,f0.5_chiN12,0.5,12.0,holdout,bvk2,3.528112881426439,0.3984375,0.23831447586958873,128,0.16,0.0078125,false
unified-own-cell-lamella-v1,f0.5_chiN12,0.5,12.0,holdout,bvk2,3.528112881426439,0.40234375,0.23490956443247324,128,0.16,0.0078125,false
unified-own-cell-lamella-v1,f0.5_chiN12,0.5,12.0,holdout,bvk2,3.528112881426439,0.40625,0.23150465299535777,128,0.16,0.0078125,false
unified-own-cell-lamella-v1,f0.5_chiN12,0.5,12.0,holdout,bvk2,3.528112881426439,0.41015625,0.22842218056065777,128,0.16,0.0078125,false
unified-own-cell-lamella-v1,f0.5_chiN12,0.5,12.0,holdout,bvk2,3.528112881426439,0.4140625,0.22533970812595777,128,0.16,0.0078125,false
unified-own-cell-lamella-v1,f0.5_chiN12,0.5,12.0,holdout,bvk2,3.528112881426439,0.41796875,0.22257808743835963,128,0.16,0.0078125,false
unified-own-cell-lamella-v1,f0.5_chiN12,0.5,12.0,holdout,bvk2,3.528112881426439,0.421875,0.2198164667507615,128,0.16,0.0078125,false
unified-own-cell-lamella-v1,f0.5_chiN12,0.5,12.0,holdout,bvk2,3.528112881426439,0.42578125,0.21737341434639013,128,0.16,0.0078125,false
unified-own-cell-lamella-v1,f0.5_chiN12,0.5,12.0,holdout,bvk2,3.528112881426439,0.4296875,0.21493036194201878,128,0.16,0.0078125,false
unified-own-cell-lamella-v1,f0.5_chiN12,0.5,12.0,holdout,bvk2,3.528112881426439,0.43359375,0.21280304948169626,128,0.16,0.0078125,false
unified-own-cell-lamella-v1,f0.5_chiN12,0.5,12.0,holdout,bvk2,3.528112881426439,0.4375,0.2106757370213737,128,0.16,0.0078125,false
unified-own-cell-lamella-v1,f0.5_chiN12,0.5,12.0,holdout,bvk2,3.528112881426439,0.44140625,0.20886096767154147,128,0.16,0.0078125,false
unified-own-cell-lamella-v1,f0.5_chiN12,0.5,12.0,holdout,bvk2,3.528112881426439,0.4453125,0.20704619832170923,128,0.16,0.0078125,false
unified-own-cell-lamella-v1,f0.5_chiN12,0.5,12.0,holdout,bvk2,3.528112881426439,0.44921875,0.2055406114599817,128,0.16,0.0078125,false
unified-own-cell-lamella-v1,f0.5_chiN12,0.5,12.0,holdout,bvk2,3.528112881426439,0.453125,0.20403502459825415,128,0.16,0.0078125,false
unified-own-cell-lamella-v1,f0.5_chiN12,0.5,12.0,holdout,bvk2,3.528112881426439,0.45703125,0.20283532355536724,128,0.16,0.0078125,false
unified-own-cell-lamella-v1,f0.5_chiN12,0.5,12.0,holdout,bvk2,3.528112881426439,0.4609375,0.20163562251248032,128,0.16,0.0078125,false
unified-own-cell-lamella-v1,f0.5_chiN12,0.5,12.0,holdout,bvk2,3.528112881426439,0.46484375,0.20073881076527567,128,0.16,0.0078125,false
unified-own-cell-lamella-v1,f0.5_chiN12,0.5,12.0,holdout,bvk2,3.528112881426439,0.46875,0.199841999018071,128,0.16,0.0078125,false
unified-own-cell-lamella-v1,f0.5_chiN12,0.5,12.0,holdout,bvk2,3.528112881426439,0.47265625,0.1992456036603897,128,0.16,0.0078125,false
unified-own-cell-lamella-v1,f0.5_chiN12,0.5,12.0,holdout,bvk2,3.528112881426439,0.4765625,0.1986492083027084,128,0.16,0.0078125,false
unified-own-cell-lamella-v1,f0.5_chiN12,0.5,12.0,holdout,bvk2,3.528112881426439,0.48046875,0.1983514681953648,128,0.16,0.0078125,false
unified-own-cell-lamella-v1,f0.5_chiN12,0.5,12.0,holdout,bvk2,3.528112881426439,0.484375,0.19805372808802119,128,0.16,0.0078125,false
unified-own-cell-lamella-v1,f0.5_chiN12,0.5,12.0,holdout,bvk2,3.528112881426439,0.48828125,0.19805372808802119,128,0.16,0.0078125,false
unified-own-cell-lamella-v1,f0.5_chiN12,0.5,12.0,holdout,bvk2,3.528112881426439,0.4921875,0.19805372808802119,128,0.16,0.0078125,false
unified-own-cell-lamella-v1,f0.5_chiN12,0.5,12.0,holdout,bvk2,3.528112881426439,0.49609375,0.1983514681953648,128,0.16,0.0078125,false
unified-own-cell-lamella-v1,f0.5_chiN12,0.5,12.0,holdout,bvk2,3.528112881426439,0.5,0.1986492083027084,128,0.16,0.0078125,false
unified-own-cell-lamella-v1,f0.5_chiN12,0.5,12.0,holdout,bvk2,3.528112881426439,0.50390625,0.1992456036603897,128,0.16,0.0078125,false
unified-own-cell-lamella-v1,f0.5_chiN12,0.5,12.0,holdout,bvk2,3.528112881426439,0.5078125,0.199841999018071,128,0.16,0.0078125,false
unified-own-cell-lamella-v1,f0.5_chiN12,0.5,12.0,holdout,bvk2,3.528112881426439,0.51171875,0.20073881076527564,128,0.16,0.0078125,false
unified-own-cell-lamella-v1,f0.5_chiN12,0.5,12.0,holdout,bvk2,3.528112881426439,0.515625,0.20163562251248027,128,0.16,0.0078125,false
unified-own-cell-lamella-v1,f0.5_chiN12,0.5,12.0,holdout,bvk2,3.528112881426439,0.51953125,0.20283532355536718,128,0.16,0.0078125,false
unified-own-cell-lamella-v1,f0.5_chiN12,0.5,12.0,holdout,bvk2,3.528112881426439,0.5234375,0.2040350245982541,128,0.16,0.0078125,false
unified-own-cell-lamella-v1,f0.5_chiN12,0.5,12.0,holdout,bvk2,3.528112881426439,0.52734375,0.20554061145998165,128,0.16,0.0078125,false
unified-own-cell-lamella-v1,f0.5_chiN12,0.5,12.0,holdout,bvk2,3.528112881426439,0.53125,0.2070461983217092,128,0.16,0.0078125,false
unified-own-cell-lamella-v1,f0.5_chiN12,0.5,12.0,holdout,bvk2,3.528112881426439,0.53515625,0.20886096767154144,128,0.16,0.0078125,false
unified-own-cell-lamella-v1,f0.5_chiN12,0.5,12.0,holdout,bvk2,3.528112881426439,0.5390625,0.21067573702137365,128,0.16,0.0078125,false
unified-own-cell-lamella-v1,f0.5_chiN12,0.5,12.0,holdout,bvk2,3.528112881426439,0.54296875,0.2128030494816962,128,0.16,0.0078125,false
unified-own-cell-lamella-v1,f0.5_chiN12,0.5,12.0,holdout,bvk2,3.528112881426439,0.546875,0.21493036194201875,128,0.16,0.0078125,false
unified-own-cell-lamella-v1,f0.5_chiN12,0.5,12.0,holdout,bvk2,3.528112881426439,0.55078125,0.21737341434639013,128,0.16,0.0078125,false
unified-own-cell-lamella-v1,f0.5_chiN12,0.5,12.0,holdout,bvk2,3.528112881426439,0.5546875,0.2198164667507615,128,0.16,0.0078125,false
unified-own-cell-lamella-v1,f0.5_chiN12,0.5,12.0,holdout,bvk2,3.528112881426439,0.55859375,0.2225780874383596,128,0.16,0.0078125,false
unified-own-cell-lamella-v1,f0.5_chiN12,0.5,12.0,holdout,bvk2,3.528112881426439,0.5625,0.22533970812595772,128,0.16,0.0078125,false
unified-own-cell-lamella-v1,f0.5_chiN12,0.5,12.0,holdout,bvk2,3.528112881426439,0.56640625,0.22842218056065772,128,0.16,0.0078125,false
unified-own-cell-lamella-v1,f0.5_chiN12,0.5,12.0,holdout,bvk2,3.528112881426439,0.5703125,0.23150465299535772,128,0.16,0.0078125,false
unified-own-cell-lamella-v1,f0.5_chiN12,0.5,12.0,holdout,bvk2,3.528112881426439,0.57421875,0.23490956443247318,128,0.16,0.0078125,false
unified-own-cell-lamella-v1,f0.5_chiN12,0.5,12.0,holdout,bvk2,3.528112881426439,0.578125,0.23831447586958865,128,0.16,0.0078125,false
unified-own-cell-lamella-v1,f0.5_chiN12,0.5,12.0,holdout,bvk2,3.528112881426439,0.58203125,0.24204258259070888,128,0.16,0.0078125,false
unified-own-cell-lamella-v1,f0.5_chiN12,0.5,12.0,holdout,bvk2,3.528112881426439,0.5859375,0.24577068931182913,128,0.16,0.0078125,false
unified-own-cell-lamella-v1,f0.5_chiN12,0.5,12.0,holdout,bvk2,3.528112881426439,0.58984375,0.24982178884657352,128,0.16,0.0078125,false
unified-own-cell-lamella-v1,f0.5_chiN12,0.5,12.0,holdout,bvk2,3.528112881426439,0.59375,0.25387288838131794,128,0.16,0.0078125,false
unified-own-cell-lamella-v1,f0.5_chiN12,0.5,12.0,holdout,bvk2,3.528112881426439,0.59765625,0.2582456912004386,128,0.16,0.0078125,false
unified-own-cell-lamella-v1,f0.5_chiN12,0.5,12.0,holdout,bvk2,3.528112881426439,0.6015625,0.2626184940195592,128,0.16,0.0078125,false
unified-own-cell-lamella-v1,f0.5_chiN12,0.5,12.0,holdout,bvk2,3.528112881426439,0.60546875,0.26731049079891356,128,0.16,0.0078125,false
unified-own-cell-lamella-v1,f0.5_chiN12,0.5,12.0,holdout,bvk2,3.528112881426439,0.609375,0.27200248757826795,128,0.16,0.0078125,false
unified-own-cell-lamella-v1,f0.5_chiN12,0.5,12.0,holdout,bvk2,3.528112881426439,0.61328125,0.277009811887855,128,0.16,0.0078125,false
unified-own-cell-lamella-v1,f0.5_chiN12,0.5,12.0,holdout,bvk2,3.528112881426439,0.6171875,0.2820171361974421,128,0.16,0.0078125,false
unified-own-cell-lamella-v1,f0.5_chiN12,0.5,12.0,holdout,bvk2,3.528112881426439,0.62109375,0.28733442554254424,128,0.16,0.0078125,false
unified-own-cell-lamella-v1,f0.5_chiN12,0.5,12.0,holdout,bvk2,3.528112881426439,0.625,0.29265171488764635,128,0.16,0.0078125,false
unified-own-cell-lamella-v1,f0.5_chiN12,0.5,12.0,holdout,bvk2,3.528112881426439,0.62890625,0.29827197514001935,128,0.16,0.0078125,false
unified-own-cell-lamella-v1,f0.5_chiN12,0.5,12.0,holdout,bvk2,3.528112881426439,0.6328125,0.30389223539239235,128,0.16,0.0078125,false
unified-own-cell-lamella-v1,f0.5_chiN12,0.5,12.0,holdout,bvk2,3.528112881426439,0.63671875,0.3098067148450103,128,0.16,0.0078125,false
unified-own-cell-lamella-v1,f0.5_chiN12,0.5,12.0,holdout,bvk2,3.528112881426439,0.640625,0.3157211942976283,128,0.16,0.0078125,false
unified-own-cell-lamella-v1,f0.5_chiN12,0.5,12.0,holdout,bvk2,3.528112881426439,0.64453125,0.3219192740317884,128,0.16,0.0078125,false
unified-own-cell-lamella-v1,f0.5_chiN12,0.5,12.0,holdout,bvk2,3.528112881426439,0.6484375,0.32811735376594847,128,0.16,0.0078125,false
unified-own-cell-lamella-v1,f0.5_chiN12,0.5,12.0,holdout,bvk2,3.528112881426439,0.65234375,0.33458646091895583,128,0.16,0.0078125,false
unified-own-cell-lamella-v1,f0.5_chiN12,0.5,12.0,holdout,bvk2,3.528112881426439,0.65625,0.34105556807196313,128,0.16,0.0078125,false
unified-own-cell-lamella-v1,f0.5_chiN12,0.5,12.0,holdout,bvk2,3.528112881426439,0.66015625,0.34778111808268863,128,0.16,0.0078125,false
unified-own-cell-lamella-v1,f0.5_chiN12,0.5,12.0,holdout,bvk2,3.528112881426439,0.6640625,0.35450666809341413,128,0.16,0.0078125,false
unified-own-cell-lamella-v1,f0.5_chiN12,0.5,12.0,holdout,bvk2,3.528112881426439,0.66796875,0.3614720411819464,128,0.16,0.0078125,false
unified-own-cell-lamella-v1,f0.5_chiN12,0.5,12.0,holdout,bvk2,3.528112881426439,0.671875,0.36843741427047877,128,0.16,0.0078125,false
unified-own-cell-lamella-v1,f0.5_chiN12,0.5,12.0,holdout,bvk2,3.528112881426439,0.67578125,0.3756239703438675,128,0.16,0.0078125,false
unified-own-cell-lamella-v1,f0.5_chiN12,0.5,12.0,holdout,bvk2,3.528112881426439,0.6796875,0.3828105264172563,128,0.16,0.0078125,false
unified-own-cell-lamella-v1,f0.5_chiN12,0.5,12.0,holdout,bvk2,3.528112881426439,0.68359375,0.3901976613342322,128,0.16,0.0078125,false
unified-own-cell-lamella-v1,f0.5_chiN12,0.5,12.0,holdout,bvk2,3.528112881426439,0.6875,0.39758479625120813,128,0.16,0.0078125,false
unified-own-cell-lamella-v1,f0.5_chiN12,0.5,12.0,holdout,bvk2,3.528112881426439,0.69140625,0.4051500409680137,128,0.16,0.0078125,false
unified-own-cell-lamella-v1,f0.5_chiN12,0.5,12.0,holdout,bvk2,3.528112881426439,0.6953125,0.4127152856848193,128,0.16,0.0078125,false
unified-own-cell-lamella-v1,f0.5_chiN12,0.5,12.0,holdout,bvk2,3.528112881426439,0.69921875,0.4204344482883474,128,0.16,0.0078125,false
unified-own-cell-lamella-v1,f0.5_chiN12,0.5,12.0,holdout,bvk2,3.528112881426439,0.703125,0.4281536108918756,128,0.16,0.0078125,false
unified-own-cell-lamella-v1,f0.5_chiN12,0.5,12.0,holdout,bvk2,3.528112881426439,0.70703125,0.43600095995865384,128,0.16,0.0078125,false
unified-own-cell-lamella-v1,f0.5_chiN12,0.5,12.0,holdout,bvk2,3.528112881426439,0.7109375,0.44384830902543204,128,0.16,0.0078125,false
unified-own-cell-lamella-v1,f0.5_chiN12,0.5,12.0,holdout,bvk2,3.528112881426439,0.71484375,0.45179679518737725,128,0.16,0.0078125,false
unified-own-cell-lamella-v1,f0.5_chiN12,0.5,12.0,holdout,bvk2,3.528112881426439,0.71875,0.4597452813493224,128,0.16,0.0078125,false
unified-own-cell-lamella-v1,f0.5_chiN12,0.5,12.0,holdout,bvk2,3.528112881426439,0.72265625,0.46776679246701547,128,0.16,0.0078125,false
unified-own-cell-lamella-v1,f0.5_chiN12,0.5,12.0,holdout,bvk2,3.528112881426439,0.7265625,0.4757883035847085,128,0.16,0.0078125,false
unified-own-cell-lamella-v1,f0.5_chiN12,0.5,12.0,holdout,bvk2,3.528112881426439,0.73046875,0.4838539475960002,128,0.16,0.0078125,false
unified-own-cell-lamella-v1,f0.5_chiN12,0.5,12.0,holdout,bvk2,3.528112881426439,0.734375,0.49191959160729193,128,0.16,0.0078125,false
unified-own-cell-lamella-v1,f0.5_chiN12,0.5,12.0,holdout,bvk2,3.528112881426439,0.73828125,0.5000000000000046,128,0.16,0.0078125,false
unified-own-cell-lamella-v1,f0.5_chiN12,0.5,12.0,holdout,bvk2,3.528112881426439,0.7421875,0.5080804083927172,128,0.16,0.0078125,false
unified-own-cell-lamella-v1,f0.5_chiN12,0.5,12.0,holdout,bvk2,3.528112881426439,0.74609375,0.5161460524040089,128,0.16,0.0078125,false
unified-own-cell-lamella-v1,f0.5_chiN12,0.5,12.0,holdout,bvk2,3.528112881426439,0.75,0.5242116964153007,128,0.16,0.0078125,false
unified-own-cell-lamella-v1,f0.5_chiN12,0.5,12.0,holdout,bvk2,3.528112881426439,0.75390625,0.5322332075329943,128,0.16,0.0078125,false
unified-own-cell-lamella-v1,f0.5_chiN12,0.5,12.0,holdout,bvk2,3.528112881426439,0.7578125,0.5402547186506879,128,0.16,0.0078125,false
unified-own-cell-lamella-v1,f0.5_chiN12,0.5,12.0,holdout,bvk2,3.528112881426439,0.76171875,0.5482032048126322,128,0.16,0.0078125,false
unified-own-cell-lamella-v1,f0.5_chiN12,0.5,12.0,holdout,bvk2,3.528112881426439,0.765625,0.5561516909745766,128,0.16,0.0078125,false
unified-own-cell-lamella-v1,f0.5_chiN12,0.5,12.0,holdout,bvk2,3.528112881426439,0.76953125,0.5639990400413551,128,0.16,0.0078125,false
unified-own-cell-lamella-v1,f0.5_chiN12,0.5,12.0,holdout,bvk2,3.528112881426439,0.7734375,0.5718463891081337,128,0.16,0.0078125,false
unified-own-cell-lamella-v1,f0.5_chiN12,0.5,12.0,holdout,bvk2,3.528112881426439,0.77734375,0.5795655517116608,128,0.16,0.0078125,false
unified-own-cell-lamella-v1,f0.5_chiN12,0.5,12.0,holdout,bvk2,3.528112881426439,0.78125,0.5872847143151879,128,0.16,0.0078125,false
unified-own-cell-lamella-v1,f0.5_chiN12,0.5,12.0,holdout,bvk2,3.528112881426439,0.78515625,0.5948499590319931,128,0.16,0.0078125,false
unified-own-cell-lamella-v1,f0.5_chiN12,0.5,12.0,holdout,bvk2,3.528112881426439,0.7890625,0.6024152037487983,128,0.16,0.0078125,false
unified-own-cell-lamella-v1,f0.5_chiN12,0.5,12.0,holdout,bvk2,3.528112881426439,0.79296875,0.6098023386657713,128,0.16,0.0078125,false
unified-own-cell-lamella-v1,f0.5_chiN12,0.5,12.0,holdout,bvk2,3.528112881426439,0.796875,0.6171894735827442,128,0.16,0.0078125,false
unified-own-cell-lamella-v1,f0.5_chiN12,0.5,12.0,holdout,bvk2,3.528112881426439,0.80078125,0.6243760296561305,128,0.16,0.0078125,false
unified-own-cell-lamella-v1,f0.5_chiN12,0.5,12.0,holdout,bvk2,3.528112881426439,0.8046875,0.6315625857295168,128,0.16,0.0078125,false
unified-own-cell-lamella-v1,f0.5_chiN12,0.5,12.0,holdout,bvk2,3.528112881426439,0.80859375,0.6385279588180448,128,0.16,0.0078125,false
unified-own-cell-lamella-v1,f0.5_chiN12,0.5,12.0,holdout,bvk2,3.528112881426439,0.8125,0.6454933319065729,128,0.16,0.0078125,false
unified-own-cell-lamella-v1,f0.5_chiN12,0.5,12.0,holdout,bvk2,3.528112881426439,0.81640625,0.6522188819173,128,0.16,0.0078125,false
unified-own-cell-lamella-v1,f0.5_chiN12,0.5,12.0,holdout,bvk2,3.528112881426439,0.8203125,0.6589444319280271,128,0.16,0.0078125,false
unified-own-cell-lamella-v1,f0.5_chiN12,0.5,12.0,holdout,bvk2,3.528112881426439,0.82421875,0.6654135390810366,128,0.16,0.0078125,false
unified-own-cell-lamella-v1,f0.5_chiN12,0.5,12.0,holdout,bvk2,3.528112881426439,0.828125,0.6718826462340461,128,0.16,0.0078125,false
unified-own-cell-lamella-v1,f0.5_chiN12,0.5,12.0,holdout,bvk2,3.528112881426439,0.83203125,0.6780807259682025,128,0.16,0.0078125,false
unified-own-cell-lamella-v1,f0.5_chiN12,0.5,12.0,holdout,bvk2,3.528112881426439,0.8359375,0.6842788057023589,128,0.16,0.0078125,false
unified-own-cell-lamella-v1,f0.5_chiN12,0.5,12.0,holdout,bvk2,3.528112881426439,0.83984375,0.6901932851549758,128,0.16,0.0078125,false
unified-own-cell-lamella-v1,f0.5_chiN12,0.5,12.0,holdout,bvk2,3.528112881426439,0.84375,0.6961077646075927,128,0.16,0.0078125,false
unified-own-cell-lamella-v1,f0.5_chiN12,0.5,12.0,holdout,bvk2,3.528112881426439,0.84765625,0.701728024859966,128,0.16,0.0078125,false
unified-own-cell-lamella-v1,f0.5_chiN12,0.5,12.0,holdout,bvk2,3.528112881426439,0.8515625,0.7073482851123393,128,0.16,0.0078125,false
unified-own-cell-lamella-v1,f0.5_chiN12,0.5,12.0,holdout,bvk2,3.528112881426439,0.85546875,0.7126655744574424,128,0.16,0.0078125,false
unified-own-cell-lamella-v1,f0.5_chiN12,0.5,12.0,holdout,bvk2,3.528112881426439,0.859375,0.7179828638025455,128,0.16,0.0078125,false
unified-own-cell-lamella-v1,f0.5_chiN12,0.5,12.0,holdout,bvk2,3.528112881426439,0.86328125,0.7229901881121332,128,0.16,0.0078125,false
unified-own-cell-lamella-v1,f0.5_chiN12,0.5,12.0,holdout,bvk2,3.528112881426439,0.8671875,0.7279975124217208,128,0.16,0.0078125,false
unified-own-cell-lamella-v1,f0.5_chiN12,0.5,12.0,holdout,bvk2,3.528112881426439,0.87109375,0.732689509201075,128,0.16,0.0078125,false
unified-own-cell-lamella-v1,f0.5_chiN12,0.5,12.0,holdout,bvk2,3.528112881426439,0.875,0.7373815059804293,128,0.16,0.0078125,false
unified-own-cell-lamella-v1,f0.5_chiN12,0.5,12.0,holdout,bvk2,3.528112881426439,0.87890625,0.7417543087995488,128,0.16,0.0078125,false
unified-own-cell-lamella-v1,f0.5_chiN12,0.5,12.0,holdout,bvk2,3.528112881426439,0.8828125,0.7461271116186685,128,0.16,0.0078125,false
unified-own-cell-lamella-v1,f0.5_chiN12,0.5,12.0,holdout,bvk2,3.528112881426439,0.88671875,0.7501782111534131,128,0.16,0.0078125,false
unified-own-cell-lamella-v1,f0.5_chiN12,0.5,12.0,holdout,bvk2,3.528112881426439,0.890625,0.7542293106881577,128,0.16,0.0078125,false
unified-own-cell-lamella-v1,f0.5_chiN12,0.5,12.0,holdout,bvk2,3.528112881426439,0.89453125,0.7579574174092801,128,0.16,0.0078125,false
unified-own-cell-lamella-v1,f0.5_chiN12,0.5,12.0,holdout,bvk2,3.528112881426439,0.8984375,0.7616855241304026,128,0.16,0.0078125,false
unified-own-cell-lamella-v1,f0.5_chiN12,0.5,12.0,holdout,bvk2,3.528112881426439,0.90234375,0.765090435567518,128,0.16,0.0078125,false
unified-own-cell-lamella-v1,f0.5_chiN12,0.5,12.0,holdout,bvk2,3.528112881426439,0.90625,0.7684953470046334,128,0.16,0.0078125,false
unified-own-cell-lamella-v1,f0.5_chiN12,0.5,12.0,holdout,bvk2,3.528112881426439,0.91015625,0.7715778194393406,128,0.16,0.0078125,false
unified-own-cell-lamella-v1,f0.5_chiN12,0.5,12.0,holdout,bvk2,3.528112881426439,0.9140625,0.7746602918740477,128,0.16,0.0078125,false
unified-own-cell-lamella-v1,f0.5_chiN12,0.5,12.0,holdout,bvk2,3.528112881426439,0.91796875,0.7774219125616495,128,0.16,0.0078125,false
unified-own-cell-lamella-v1,f0.5_chiN12,0.5,12.0,holdout,bvk2,3.528112881426439,0.921875,0.7801835332492514,128,0.16,0.0078125,false
unified-own-cell-lamella-v1,f0.5_chiN12,0.5,12.0,holdout,bvk2,3.528112881426439,0.92578125,0.7826265856536185,128,0.16,0.0078125,false
unified-own-cell-lamella-v1,f0.5_chiN12,0.5,12.0,holdout,bvk2,3.528112881426439,0.9296875,0.7850696380579856,128,0.16,0.0078125,false
unified-own-cell-lamella-v1,f0.5_chiN12,0.5,12.0,holdout,bvk2,3.528112881426439,0.93359375,0.7871969505183097,128,0.16,0.0078125,false
unified-own-cell-lamella-v1,f0.5_chiN12,0.5,12.0,holdout,bvk2,3.528112881426439,0.9375,0.7893242629786339,128,0.16,0.0078125,false
unified-own-cell-lamella-v1,f0.5_chiN12,0.5,12.0,holdout,bvk2,3.528112881426439,0.94140625,0.7911390323284686,128,0.16,0.0078125,false
unified-own-cell-lamella-v1,f0.5_chiN12,0.5,12.0,holdout,bvk2,3.528112881426439,0.9453125,0.7929538016783032,128,0.16,0.0078125,false
unified-own-cell-lamella-v1,f0.5_chiN12,0.5,12.0,holdout,bvk2,3.528112881426439,0.94921875,0.7944593885400271,128,0.16,0.0078125,false
unified-own-cell-lamella-v1,f0.5_chiN12,0.5,12.0,holdout,bvk2,3.528112881426439,0.953125,0.7959649754017508,128,0.16,0.0078125,false
unified-own-cell-lamella-v1,f0.5_chiN12,0.5,12.0,holdout,bvk2,3.528112881426439,0.95703125,0.7971646764446414,128,0.16,0.0078125,false
unified-own-cell-lamella-v1,f0.5_chiN12,0.5,12.0,holdout,bvk2,3.528112881426439,0.9609375,0.7983643774875319,128,0.16,0.0078125,false
unified-own-cell-lamella-v1,f0.5_chiN12,0.5,12.0,holdout,bvk2,3.528112881426439,0.96484375,0.7992611892347348,128,0.16,0.0078125,false
unified-own-cell-lamella-v1,f0.5_chiN12,0.5,12.0,holdout,bvk2,3.528112881426439,0.96875,0.8001580009819376,128,0.16,0.0078125,false
unified-own-cell-lamella-v1,f0.5_chiN12,0.5,12.0,holdout,bvk2,3.528112881426439,0.97265625,0.80075439633962,128,0.16,0.0078125,false
unified-own-cell-lamella-v1,f0.5_chiN12,0.5,12.0,holdout,bvk2,3.528112881426439,0.9765625,0.8013507916973025,128,0.16,0.0078125,false
unified-own-cell-lamella-v1,f0.5_chiN12,0.5,12.0,holdout,bvk2,3.528112881426439,0.98046875,0.8016485318046471,128,0.16,0.0078125,false
unified-own-cell-lamella-v1,f0.5_chiN12,0.5,12.0,holdout,bvk2,3.528112881426439,0.984375,0.8019462719119916,128,0.16,0.0078125,false
unified-own-cell-lamella-v1,f0.5_chiN12,0.5,12.0,holdout,bvk2,3.528112881426439,0.98828125,0.8019462719119916,128,0.16,0.0078125,false
unified-own-cell-lamella-v1,f0.5_chiN12,0.5,12.0,holdout,bvk2,3.528112881426439,0.9921875,0.8019462719119916,128,0.16,0.0078125,false
unified-own-cell-lamella-v1,f0.5_chiN12,0.5,12.0,holdout,bvk2,3.528112881426439,0.99609375,0.8016485318046471,128,0.16,0.0078125,false
unified-own-cell-lamella-v1,f0.5_chiN15,0.5,15.0,train,bvk2,3.7627943443634932,0.0,0.20772249843829915,128,0.16,0.83984375,true
unified-own-cell-lamella-v1,f0.5_chiN15,0.5,15.0,train,bvk2,3.7627943443634932,0.00390625,0.1990106171522893,128,0.16,0.83984375,true
unified-own-cell-lamella-v1,f0.5_chiN15,0.5,15.0,train,bvk2,3.7627943443634932,0.0078125,0.19097191359065835,128,0.16,0.83984375,true
unified-own-cell-lamella-v1,f0.5_chiN15,0.5,15.0,train,bvk2,3.7627943443634932,0.01171875,0.1829332100290274,128,0.16,0.83984375,true
unified-own-cell-lamella-v1,f0.5_chiN15,0.5,15.0,train,bvk2,3.7627943443634932,0.015625,0.1755537454598377,128,0.16,0.83984375,true
unified-own-cell-lamella-v1,f0.5_chiN15,0.5,15.0,train,bvk2,3.7627943443634932,0.01953125,0.1681742808906479,128,0.16,0.83984375,true
unified-own-cell-lamella-v1,f0.5_chiN15,0.5,15.0,train,bvk2,3.7627943443634932,0.0234375,0.16143411646709693,128,0.16,0.83984375,true
unified-own-cell-lamella-v1,f0.5_chiN15,0.5,15.0,train,bvk2,3.7627943443634932,0.02734375,0.15469395204354608,128,0.16,0.83984375,true
unified-own-cell-lamella-v1,f0.5_chiN15,0.5,15.0,train,bvk2,3.7627943443634932,0.03125,0.14856856174494237,128,0.16,0.83984375,true
unified-own-cell-lamella-v1,f0.5_chiN15,0.5,15.0,train,bvk2,3.7627943443634932,0.03515625,0.14244317144633856,128,0.16,0.83984375,true
unified-own-cell-lamella-v1,f0.5_chiN15,0.5,15.0,train,bvk2,3.7627943443634932,0.0390625,0.13690477244328803,128,0.16,0.83984375,true
unified-own-cell-lamella-v1,f0.5_chiN15,0.5,15.0,train,bvk2,3.7627943443634932,0.04296875,0.1313663734402375,128,0.16,0.83984375,true
unified-own-cell-lamella-v1,f0.5_chiN15,0.5,15.0,train,bvk2,3.7627943443634932,0.046875,0.1263851313725448,128,0.16,0.83984375,true
unified-own-cell-lamella-v1,f0.5_chiN15,0.5,15.0,train,bvk2,3.7627943443634932,0.05078125,0.12140388930485224,128,0.16,0.83984375,true
unified-own-cell-lamella-v1,f0.5_chiN15,0.5,15.0,train,bvk2,3.7627943443634932,0.0546875,0.11694896473567962,128,0.16,0.83984375,true
unified-own-cell-lamella-v1,f0.5_chiN15,0.5,15.0,train,bvk2,3.7627943443634932,0.05859375,0.1124940401665071,128,0.16,0.83984375,true
unified-own-cell-lamella-v1,f0.5_chiN15,0.5,15.0,train,bvk2,3.7627943443634932,0.0625,0.10853444699140147,128,0.16,0.83984375,true
unified-own-cell-lamella-v1,f0.5_chiN15,0.5,15.0,train,bvk2,3.7627943443634932,0.06640625,0.10457485381629583,128,0.16,0.83984375,true
unified-own-cell-lamella-v1,f0.5_chiN15,0.5,15.0,train,bvk2,3.7627943443634932,0.0703125,0.10108010127872058,128,0.16,0.83984375,true
unified-own-cell-lamella-v1,f0.5_chiN15,0.5,15.0,train,bvk2,3.7627943443634932,0.07421875,0.09758534874114544,128,0.16,0.83984375,true
unified-own-cell-lamella-v1,f0.5_chiN15,0.5,15.0,train,bvk2,3.7627943443634932,0.078125,0.09452584140722142,128,0.16,0.83984375,true
unified-own-cell-lamella-v1,f0.5_chiN15,0.5,15.0,train,bvk2,3.7627943443634932,0.08203125,0.0914663340732973,128,0.16,0.83984375,true
unified-own-cell-lamella-v1,f0.5_chiN15,0.5,15.0,train,bvk2,3.7627943443634932,0.0859375,0.08881352475259796,128,0.16,0.83984375,true
unified-own-cell-lamella-v1,f0.5_chiN15,0.5,15.0,train,bvk2,3.7627943443634932,0.08984375,0.08616071543189863,128,0.16,0.83984375,true
unified-own-cell-lamella-v1,f0.5_chiN15,0.5,15.0,train,bvk2,3.7627943443634932,0.09375,0.0838870734481234,128,0.16,0.83984375,true
unified-own-cell-lamella-v1,f0.5_chiN15,0.5,15.0,train,bvk2,3.7627943443634932,0.09765625,0.0816134314643483,128,0.16,0.83984375,true
unified-own-cell-lamella-v1,f0.5_chiN15,0.5,15.0,train,bvk2,3.7627943443634932,0.1015625,0.07969241438394525,128,0.16,0.83984375,true
unified-own-cell-lamella-v1,f0.5_chiN15,0.5,15.0,train,bvk2,3.7627943443634932,0.10546875,0.07777139730354221,128,0.16,0.83984375,true
unified-own-cell-lamella-v1,f0.5_chiN15,0.5,15.0,train,bvk2,3.7627943443634932,0.109375,0.07617770567513649,128,0.16,0.83984375,true
unified-own-cell-lamella-v1,f0.5_chiN15,0.5,15.0,train,bvk2,3.7627943443634932,0.11328125,0.07458401404673065,128,0.16,0.83984375,true
unified-own-cell-lamella-v1,f0.5_chiN15,0.5,15.0,train,bvk2,3.7627943443634932,0.1171875,0.07329427292001212,128,0.16,0.83984375,true
unified-own-cell-lamella-v1,f0.5_chiN15,0.5,15.0,train,bvk2,3.7627943443634932,0.12109375,0.07200453179329358,128,0.16,0.83984375,true
unified-own-cell-lamella-v1,f0.5_chiN15,0.5,15.0,train,bvk2,3.7627943443634932,0.125,0.07099820639413346,128,0.16,0.83984375,true
unified-own-cell-lamella-v1,f0.5_chiN15,0.5,15.0,train,bvk2,3.7627943443634932,0.12890625,0.06999188099497322,128,0.16,0.83984375,true
unified-own-cell-lamella-v1,f0.5_chiN15,0.5,15.0,train,bvk2,3.7627943443634932,0.1328125,0.06925206840201259,128,0.16,0.83984375,true
unified-own-cell-lamella-v1,f0.5_chiN15,0.5,15.0,train,bvk2,3.7627943443634932,0.13671875,0.06851225580905207,128,0.16,0.83984375,true
unified-own-cell-lamella-v1,f0.5_chiN15,0.5,15.0,train,bvk2,3.7627943443634932,0.140625,0.06802615252150734,128,0.16,0.83984375,true
unified-own-cell-lamella-v1,f0.5_chiN15,0.5,15.0,train,bvk2,3.7627943443634932,0.14453125,0.06754004923396273,128,0.16,0.83984375,true
unified-own-cell-lamella-v1,f0.5_chiN15,0.5,15.0,train,bvk2,3.7627943443634932,0.1484375,0.06729912324244958,128,0.16,0.83984375,true
unified-own-cell-lamella-v1,f0.5_chiN15,0.5,15.0,train,bvk2,3.7627943443634932,0.15234375,0.06705819725093654,128,0.16,0.83984375,true
unified-own-cell-lamella-v1,f0.5_chiN15,0.5,15.0,train,bvk2,3.7627943443634932,0.15625,0.06705819725093654,128,0.16,0.83984375,true
unified-own-cell-lamella-v1,f0.5_chiN15,0.5,15.0,train,bvk2,3.7627943443634932,0.16015625,0.06705819725093654,128,0.16,0.83984375,true
unified-own-cell-lamella-v1,f0.5_chiN15,0.5,15.0,train,bvk2,3.7627943443634932,0.1640625,0.06729912324244958,128,0.16,0.83984375,true
unified-own-cell-lamella-v1,f0.5_chiN15,0.5,15.0,train,bvk2,3.7627943443634932,0.16796875,0.06754004923396273,128,0.16,0.83984375,true
unified-own-cell-lamella-v1,f0.5_chiN15,0.5,15.0,train,bvk2,3.7627943443634932,0.171875,0.06802615252150734,128,0.16,0.83984375,true
unified-own-cell-lamella-v1,f0.5_chiN15,0.5,15.0,train,bvk2,3.7627943443634932,0.17578125,0.06851225580905207,128,0.16,0.83984375,true
unified-own-cell-lamella-v1,f0.5_chiN15,0.5,15.0,train,bvk2,3.7627943443634932,0.1796875,0.06925206840201259,128,0.16,0.83984375,true
unified-own-cell-lamella-v1,f0.5_chiN15,0.5,15.0,train,bvk2,3.7627943443634932,0.18359375,0.06999188099497322,128,0.16,0.83984375,true
unified-own-cell-lamella-v1,f0.5_chiN15,0.5,15.0,train,bvk2,3.7627943443634932,0.1875,0.07099820639413335,128,0.16,0.83984375,true
unified-own-cell-lamella-v1,f0.5_chiN15,0.5,15.0,train,bvk2,3.7627943443634932,0.19140625,0.07200453179329347,128,0.16,0.83984375,true
unified-own-cell-lamella-v1,f0.5_chiN15,0.5,15.0,train,bvk2,3.7627943443634932,0.1953125,0.07329427292001212,128,0.16,0.83984375,true
unified-own-cell-lamella-v1,f0.5_chiN15,0.5,15.0,train,bvk2,3.7627943443634932,0.19921875,0.07458401404673065,128,0.16,0.83984375,true
unified-own-cell-lamella-v1,f0.5_chiN15,0.5,15.0,train,bvk2,3.7627943443634932,0.203125,0.07617770567513649,128,0.16,0.83984375,true
unified-own-cell-lamella-v1,f0.5_chiN15,0.5,15.0,train,bvk2,3.7627943443634932,0.20703125,0.07777139730354221,128,0.16,0.83984375,true
unified-own-cell-lamella-v1,f0.5_chiN15,0.5,15.0,train,bvk2,3.7627943443634932,0.2109375,0.07969241438394525,128,0.16,0.83984375,true
unified-own-cell-lamella-v1,f0.5_chiN15,0.5,15.0,train,bvk2,3.7627943443634932,0.21484375,0.0816134314643483,128,0.16,0.83984375,true
unified-own-cell-lamella-v1,f0.5_chiN15,0.5,15.0,train,bvk2,3.7627943443634932,0.21875,0.0838870734481234,128,0.16,0.83984375,true
unified-own-cell-lamella-v1,f0.5_chiN15,0.5,15.0,train,bvk2,3.7627943443634932,0.22265625,0.08616071543189863,128,0.16,0.83984375,true
unified-own-cell-lamella-v1,f0.5_chiN15,0.5,15.0,train,bvk2,3.7627943443634932,0.2265625,0.08881352475259785,128,0.16,0.83984375,true
unified-own-cell-lamella-v1,f0.5_chiN15,0.5,15.0,train,bvk2,3.7627943443634932,0.23046875,0.09146633407329707,128,0.16,0.83984375,true
unified-own-cell-lamella-v1,f0.5_chiN15,0.5,15.0,train,bvk2,3.7627943443634932,0.234375,0.0945258414072212,128,0.16,0.83984375,true
unified-own-cell-lamella-v1,f0.5_chiN15,0.5,15.0,train,bvk2,3.7627943443634932,0.23828125,0.09758534874114544,128,0.16,0.83984375,true
unified-own-cell-lamella-v1,f0.5_chiN15,0.5,15.0,train,bvk2,3.7627943443634932,0.2421875,0.10108010127872058,128,0.16,0.83984375,true
unified-own-cell-lamella-v1,f0.5_chiN15,0.5,15.0,train,bvk2,3.7627943443634932,0.24609375,0.10457485381629583,128,0.16,0.83984375,true
unified-own-cell-lamella-v1,f0.5_chiN15,0.5,15.0,train,bvk2,3.7627943443634932,0.25,0.10853444699140147,128,0.16,0.83984375,true
unified-own-cell-lamella-v1,f0.5_chiN15,0.5,15.0,train,bvk2,3.7627943443634932,0.25390625,0.1124940401665071,128,0.16,0.83984375,true
unified-own-cell-lamella-v1,f0.5_chiN15,0.5,15.0,train,bvk2,3.7627943443634932,0.2578125,0.11694896473567962,128,0.16,0.83984375,true
unified-own-cell-lamella-v1,f0.5_chiN15,0.5,15.0,train,bvk2,3.7627943443634932,0.26171875,0.12140388930485224,128,0.16,0.83984375,true
unified-own-cell-lamella-v1,f0.5_chiN15,0.5,15.0,train,bvk2,3.7627943443634932,0.265625,0.1263851313725448,128,0.16,0.83984375,true
unified-own-cell-lamella-v1,f0.5_chiN15,0.5,15.0,train,bvk2,3.7627943443634932,0.26953125,0.1313663734402375,128,0.16,0.83984375,true
unified-own-cell-lamella-v1,f0.5_chiN15,0.5,15.0,train,bvk2,3.7627943443634932,0.2734375,0.13690477244328803,128,0.16,0.83984375,true
unified-own-cell-lamella-v1,f0.5_chiN15,0.5,15.0,train,bvk2,3.7627943443634932,0.27734375,0.14244317144633856,128,0.16,0.83984375,true
unified-own-cell-lamella-v1,f0.5_chiN15,0.5,15.0,train,bvk2,3.7627943443634932,0.28125,0.14856856174494237,128,0.16,0.83984375,true
unified-own-cell-lamella-v1,f0.5_chiN15,0.5,15.0,train,bvk2,3.7627943443634932,0.28515625,0.15469395204354608,128,0.16,0.83984375,true
unified-own-cell-lamella-v1,f0.5_chiN15,0.5,15.0,train,bvk2,3.7627943443634932,0.2890625,0.16143411646709693,128,0.16,0.83984375,true
unified-own-cell-lamella-v1,f0.5_chiN15,0.5,15.0,train,bvk2,3.7627943443634932,0.29296875,0.1681742808906478,128,0.16,0.83984375,true
unified-own-cell-lamella-v1,f0.5_chiN15,0.5,15.0,train,bvk2,3.7627943443634932,0.296875,0.1755537454598377,128,0.16,0.83984375,true
unified-own-cell-lamella-v1,f0.5_chiN15,0.5,15.0,train,bvk2,3.7627943443634932,0.30078125,0.18293321002902763,128,0.16,0.83984375,true
unified-own-cell-lamella-v1,f0.5_chiN15,0.5,15.0,train,bvk2,3.7627943443634932,0.3046875,0.19097191359065846,128,0.16,0.83984375,true
unified-own-cell-lamella-v1,f0.5_chiN15,0.5,15.0,train,bvk2,3.7627943443634932,0.30859375,0.19901061715228918,128,0.16,0.83984375,true
unified-own-cell-lamella-v1,f0.5_chiN15,0.5,15.0,train,bvk2,3.7627943443634932,0.3125,0.20772249843829904,128,0.16,0.83984375,true
unified-own-cell-lamella-v1,f0.5_chiN15,0.5,15.0,train,bvk2,3.7627943443634932,0.31640625,0.2164343797243088,128,0.16,0.83984375,true
unified-own-cell-lamella-v1,f0.5_chiN15,0.5,15.0,train,bvk2,3.7627943443634932,0.3203125,0.22582593623210978,128,0.16,0.83984375,true
unified-own-cell-lamella-v1,f0.5_chiN15,0.5,15.0,train,bvk2,3.7627943443634932,0.32421875,0.23521749273991088,128,0.16,0.83984375,true
unified-own-cell-lamella-v1,f0.5_chiN15,0.5,15.0,train,bvk2,3.7627943443634932,0.328125,0.245286379034518,128,0.16,0.83984375,true
unified-own-cell-lamella-v1,f0.5_chiN15,0.5,15.0,train,bvk2,3.7627943443634932,0.33203125,0.2553552653291251,128,0.16,0.83984375,true
unified-own-cell-lamella-v1,f0.5_chiN15,0.5,15.0,train,bvk2,3.7627943443634932,0.3359375,0.26608901077641267,128,0.16,0.83984375,true
unified-own-cell-lamella-v1,f0.5_chiN15,0.5,15.0,train,bvk2,3.7627943443634932,0.33984375,0.27682275622370034,128,0.16,0.83984375,true
unified-own-cell-lamella-v1,f0.5_chiN15,0.5,15.0,train,bvk2,3.7627943443634932,0.34375,0.2881976914661315,128,0.16,0.83984375,true
unified-own-cell-lamella-v1,f0.5_chiN15,0.5,15.0,train,bvk2,3.7627943443634932,0.34765625,0.2995726267085628,128,0.16,0.83984375,true
unified-own-cell-lamella-v1,f0.5_chiN15,0.5,15.0,train,bvk2,3.7627943443634932,0.3515625,0.31155311203132907,128,0.16,0.83984375,true
unified-own-cell-lamella-v1,f0.5_chiN15,0.5,15.0,train,bvk2,3.7627943443634932,0.35546875,0.32353359735409526,128,0.16,0.83984375,true
unified-own-cell-lamella-v1,f0.5_chiN15,0.5,15.0,train,bvk2,3.7627943443634932,0.359375,0.33607164231338627,128,0.16,0.83984375,true
unified-own-cell-lamella-v1,f0.5_chiN15,0.5,15.0,train,bvk2,3.7627943443634932,0.36328125,0.34860968727267716,128,0.16,0.83984375,true
unified-own-cell-lamella-v1,f0.5_chiN15,0.5,15.0,train,bvk2,3.7627943443634932,0.3671875,0.3616450379912006,128,0.16,0.83984375,true
unified-own-cell-lamella-v1,f0.5_chiN15,0.5,15.0,train,bvk2,3.7627943443634932,0.37109375,0.3746803887097241,128,0.16,0.83984375,true
unified-own-cell-lamella-v1,f0.5_chiN15,0.5,15.0,train,bvk2,3.7627943443634932,0.375,0.38814113648108206,128,0.16,0.83984375,true
unified-own-cell-lamella-v1,f0.5_chiN15,0.5,15.0,train,bvk2,3.7627943443634932,0.37890625,0.40160188425244003,128,0.16,0.83984375,true
unified-own-cell-lamella-v1,f0.5_chiN15,0.5,15.0,train,bvk2,3.7627943443634932,0.3828125,0.41540561725415537,128,0.16,0.83984375,true
unified-own-cell-lamella-v1,f0.5_chiN15,0.5,15.0,train,bvk2,3.7627943443634932,0.38671875,0.4292093502558706,128,0.16,0.83984375,true
unified-own-cell-lamella-v1,f0.5_chiN15,0.5,15.0,train,bvk2,3.7627943443634932,0.390625,0.44326483148907747,128,0.16,0.83984375,true
unified-own-cell-lamella-v1,f0.5_chiN15,0.5,15.0,train,bvk2,3.7627943443634932,0.39453125,0.45732031272228446,128,0.16,0.83984375,true
unified-own-cell-lamella-v1,f0.5_chiN15,0.5,15.0,train,bvk2,3.7627943443634932,0.3984375,0.4715296254620086,128,0.16,0.83984375,true
unified-own-cell-lamella-v1,f0.5_chiN15,0.5,15.0,train,bvk2,3.7627943443634932,0.40234375,0.48573893820173275,128,0.16,0.83984375,true
unified-own-cell-lamella-v1,f0.5_chiN15,0.5,15.0,train,bvk2,3.7627943443634932,0.40625,0.49999999999998546,128,0.16,0.83984375,true
unified-own-cell-lamella-v1,f0.5_chiN15,0.5,15.0,train,bvk2,3.7627943443634932,0.41015625,0.5142610617982382,128,0.16,0.83984375,true
unified-own-cell-lamella-v1,f0.5_chiN15,0.5,15.0,train,bvk2,3.7627943443634932,0.4140625,0.528470374537962,128,0.16,0.83984375,true
unified-own-cell-lamella-v1,f0.5_chiN15,0.5,15.0,train,bvk2,3.7627943443634932,0.41796875,0.5426796872776859,128,0.16,0.83984375,true
unified-own-cell-lamella-v1,f0.5_chiN15,0.5,15.0,train,bvk2,3.7627943443634932,0.421875,0.5567351685108941,128,0.16,0.83984375,true
unified-own-cell-lamella-v1,f0.5_chiN15,0.5,15.0,train,bvk2,3.7627943443634932,0.42578125,0.5707906497441024,128,0.16,0.83984375,true
unified-own-cell-lamella-v1,f0.5_chiN15,0.5,15.0,train,bvk2,3.7627943443634932,0.4296875,0.5845943827458167,128,0.16,0.83984375,true
unified-own-cell-lamella-v1,f0.5_chiN15,0.5,15.0,train,bvk2,3.7627943443634932,0.43359375,0.5983981157475309,128,0.16,0.83984375,true
unified-own-cell-lamella-v1,f0.5_chiN15,0.5,15.0,train,bvk2,3.7627943443634932,0.4375,0.611858863518888,128,0.16,0.83984375,true
unified-own-cell-lamella-v1,f0.5_chiN15,0.5,15.0,train,bvk2,3.7627943443634932,0.44140625,0.625319611290245,128,0.16,0.83984375,true
unified-own-cell-lamella-v1,f0.5_chiN15,0.5,15.0,train,bvk2,3.7627943443634932,0.4453125,0.6383549620087683,128,0.16,0.83984375,true
unified-own-cell-lamella-v1,f0.5_chiN15,0.5,15.0,train,bvk2,3.7627943443634932,0.44921875,0.6513903127272916,128,0.16,0.83984375,true
unified-own-cell-lamella-v1,f0.5_chiN15,0.5,15.0,train,bvk2,3.7627943443634932,0.453125,0.6639283576865807,128,0.16,0.83984375,true
unified-own-cell-lamella-v1,f0.5_chiN15,0.5,15.0,train,bvk2,3.7627943443634932,0.45703125,0.6764664026458695,128,0.16,0.83984375,true
unified-own-cell-lamella-v1,f0.5_chiN15,0.5,15.0,train,bvk2,3.7627943443634932,0.4609375,0.6884468879686382,128,0.16,0.83984375,true
unified-own-cell-lamella-v1,f0.5_chiN15,0.5,15.0,train,bvk2,3.7627943443634932,0.46484375,0.7004273732914068,128,0.16,0.83984375,true
unified-own-cell-lamella-v1,f0.5_chiN15,0.5,15.0,train,bvk2,3.7627943443634932,0.46875,0.711802308533838,128,0.16,0.83984375,true
unified-own-cell-lamella-v1,f0.5_chiN15,0.5,15.0,train,bvk2,3.7627943443634932,0.47265625,0.7231772437762691,128,0.16,0.83984375,true
unified-own-cell-lamella-v1,f0.5_chiN15,0.5,15.0,train,bvk2,3.7627943443634932,0.4765625,0.7339109892235591,128,0.16,0.83984375,true
unified-own-cell-lamella-v1,f0.5_chiN15,0.5,15.0,train,bvk2,3.7627943443634932,0.48046875,0.7446447346708491,128,0.16,0.83984375,true
unified-own-cell-lamella-v1,f0.5_chiN15,0.5,15.0,train,bvk2,3.7627943443634932,0.484375,0.7547136209654626,128,0.16,0.83984375,true
unified-own-cell-lamella-v1,f0.5_chiN15,0.5,15.0,train,bvk2,3.7627943443634932,0.48828125,0.764782507260076,128,0.16,0.83984375,true
unified-own-cell-lamella-v1,f0.5_chiN15,0.5,15.0,train,bvk2,3.7627943443634932,0.4921875,0.7741740637678834,128,0.16,0.83984375,true
unified-own-cell-lamella-v1,f0.5_chiN15,0.5,15.0,train,bvk2,3.7627943443634932,0.49609375,0.7835656202756909,128,0.16,0.83984375,true
unified-own-cell-lamella-v1,f0.5_chiN15,0.5,15.0,train,bvk2,3.7627943443634932,0.5,0.7922775015617034,128,0.16,0.83984375,true
unified-own-cell-lamella-v1,f0.5_chiN15,0.5,15.0,train,bvk2,3.7627943443634932,0.50390625,0.800989382847716,128,0.16,0.83984375,true
unified-own-cell-lamella-v1,f0.5_chiN15,0.5,15.0,train,bvk2,3.7627943443634932,0.5078125,0.8090280864093473,128,0.16,0.83984375,true
unified-own-cell-lamella-v1,f0.5_chiN15,0.5,15.0,train,bvk2,3.7627943443634932,0.51171875,0.8170667899709787,128,0.16,0.83984375,true
unified-own-cell-lamella-v1,f0.5_chiN15,0.5,15.0,train,bvk2,3.7627943443634932,0.515625,0.824446254540169,128,0.16,0.83984375,true
unified-own-cell-lamella-v1,f0.5_chiN15,0.5,15.0,train,bvk2,3.7627943443634932,0.51953125,0.8318257191093591,128,0.16,0.83984375,true
unified-own-cell-lamella-v1,f0.5_chiN15,0.5,15.0,train,bvk2,3.7627943443634932,0.5234375,0.8385658835329097,128,0.16,0.83984375,true
unified-own-cell-lamella-v1,f0.5_chiN15,0.5,15.0,train,bvk2,3.7627943443634932,0.52734375,0.8453060479564604,128,0.16,0.83984375,true
unified-own-cell-lamella-v1,f0.5_chiN15,0.5,15.0,train,bvk2,3.7627943443634932,0.53125,0.8514314382550644,128,0.16,0.83984375,true
unified-own-cell-lamella-v1,f0.5_chiN15,0.5,15.0,train,bvk2,3.7627943443634932,0.53515625,0.8575568285536684,128,0.16,0.83984375,true
unified-own-cell-lamella-v1,f0.5_chiN15,0.5,15.0,train,bvk2,3.7627943443634932,0.5390625,0.8630952275567189,128,0.16,0.83984375,true
unified-own-cell-lamella-v1,f0.5_chiN15,0.5,15.0,train,bvk2,3.7627943443634932,0.54296875,0.8686336265597693,128,0.16,0.83984375,true
unified-own-cell-lamella-v1,f0.5_chiN15,0.5,15.0,train,bvk2,3.7627943443634932,0.546875,0.8736148686274614,128,0.16,0.83984375,true
unified-own-cell-lamella-v1,f0.5_chiN15,0.5,15.0,train,bvk2,3.7627943443634932,0.55078125,0.8785961106951534,128,0.16,0.83984375,true
unified-own-cell-lamella-v1,f0.5_chiN15,0.5,15.0,train,bvk2,3.7627943443634932,0.5546875,0.8830510352643253,128,0.16,0.83984375,true
unified-own-cell-lamella-v1,f0.5_chiN15,0.5,15.0,train,bvk2,3.7627943443634932,0.55859375,0.887505959833497,128,0.16,0.83984375,true
unified-own-cell-lamella-v1,f0.5_chiN15,0.5,15.0,train,bvk2,3.7627943443634932,0.5625,0.8914655530086012,128,0.16,0.83984375,true
unified-own-cell-lamella-v1,f0.5_chiN15,0.5,15.0,train,bvk2,3.7627943443634932,0.56640625,0.8954251461837054,128,0.16,0.83984375,true
unified-own-cell-lamella-v1,f0.5_chiN15,0.5,15.0,train,bvk2,3.7627943443634932,0.5703125,0.8989198987212801,128,0.16,0.83984375,true
unified-own-cell-lamella-v1,f0.5_chiN15,0.5,15.0,train,bvk2,3.7627943443634932,0.57421875,0.9024146512588548,128,0.16,0.83984375,true
unified-own-cell-lamella-v1,f0.5_chiN15,0.5,15.0,train,bvk2,3.7627943443634932,0.578125,0.9054741585927772,128,0.16,0.83984375,true
unified-own-cell-lamella-v1,f0.5_chiN15,0.5,15.0,train,bvk2,3.7627943443634932,0.58203125,0.9085336659266998,128,0.16,0.83984375,true
unified-own-cell-lamella-v1,f0.5_chiN15,0.5,15.0,train,bvk2,3.7627943443634932,0.5859375,0.9111864752474015,128,0.16,0.83984375,true
unified-own-cell-lamella-v1,f0.5_chiN15,0.5,15.0,train,bvk2,3.7627943443634932,0.58984375,0.9138392845681033,128,0.16,0.83984375,true
unified-own-cell-lamella-v1,f0.5_chiN15,0.5,15.0,train,bvk2,3.7627943443634932,0.59375,0.9161129265518869,128,0.16,0.83984375,true
unified-own-cell-lamella-v1,f0.5_chiN15,0.5,15.0,train,bvk2,3.7627943443634932,0.59765625,0.9183865685356705,128,0.16,0.83984375,true
unified-own-cell-lamella-v1,f0.5_chiN15,0.5,15.0,train,bvk2,3.7627943443634932,0.6015625,0.9203075856160811,128,0.16,0.83984375,true
unified-own-cell-lamella-v1,f0.5_chiN15,0.5,15.0,train,bvk2,3.7627943443634932,0.60546875,0.9222286026964915,128,0.16,0.83984375,true
unified-own-cell-lamella-v1,f0.5_chiN15,0.5,15.0,train,bvk2,3.7627943443634932,0.609375,0.9238222943248977,128,0.16,0.83984375,true
unified-own-cell-lamella-v1,f0.5_chiN15,0.5,15.0,train,bvk2,3.7627943443634932,0.61328125,0.925415985953304,128,0.16,0.83984375,true
unified-own-cell-lamella-v1,f0.5_chiN15,0.5,15.0,train,bvk2,3.7627943443634932,0.6171875,0.9267057270800223,128,0.16,0.83984375,true
unified-own-cell-lamella-v1,f0.5_chiN15,0.5,15.0,train,bvk2,3.7627943443634932,0.62109375,0.9279954682067405,128,0.16,0.83984375,true
unified-own-cell-lamella-v1,f0.5_chiN15,0.5,15.0,train,bvk2,3.7627943443634932,0.625,0.9290017936059016,128,0.16,0.83984375,true
unified-own-cell-lamella-v1,f0.5_chiN15,0.5,15.0,train,bvk2,3.7627943443634932,0.62890625,0.9300081190050627,128,0.16,0.83984375,true
unified-own-cell-lamella-v1,f0.5_chiN15,0.5,15.0,train,bvk2,3.7627943443634932,0.6328125,0.9307479315980225,128,0.16,0.83984375,true
unified-own-cell-lamella-v1,f0.5_chiN15,0.5,15.0,train,bvk2,3.7627943443634932,0.63671875,0.9314877441909821,128,0.16,0.83984375,true
unified-own-cell-lamella-v1,f0.5_chiN15,0.5,15.0,train,bvk2,3.7627943443634932,0.640625,0.9319738474785259,128,0.16,0.83984375,true
unified-own-cell-lamella-v1,f0.5_chiN15,0.5,15.0,train,bvk2,3.7627943443634932,0.64453125,0.9324599507660697,128,0.16,0.83984375,true
unified-own-cell-lamella-v1,f0.5_chiN15,0.5,15.0,train,bvk2,3.7627943443634932,0.6484375,0.9327008767575823,128,0.16,0.83984375,true
unified-own-cell-lamella-v1,f0.5_chiN15,0.5,15.0,train,bvk2,3.7627943443634932,0.65234375,0.932941802749095,128,0.16,0.83984375,true
unified-own-cell-lamella-v1,f0.5_chiN15,0.5,15.0,train,bvk2,3.7627943443634932,0.65625,0.932941802749095,128,0.16,0.83984375,true
unified-own-cell-lamella-v1,f0.5_chiN15,0.5,15.0,train,bvk2,3.7627943443634932,0.66015625,0.932941802749095,128,0.16,0.83984375,true
unified-own-cell-lamella-v1,f0.5_chiN15,0.5,15.0,train,bvk2,3.7627943443634932,0.6640625,0.9327008767575823,128,0.16,0.83984375,true
unified-own-cell-lamella-v1,f0.5_chiN15,0.5,15.0,train,bvk2,3.7627943443634932,0.66796875,0.9324599507660697,128,0.16,0.83984375,true
unified-own-cell-lamella-v1,f0.5_chiN15,0.5,15.0,train,bvk2,3.7627943443634932,0.671875,0.9319738474785259,128,0.16,0.83984375,true
unified-own-cell-lamella-v1,f0.5_chiN15,0.5,15.0,train,bvk2,3.7627943443634932,0.67578125,0.9314877441909821,128,0.16,0.83984375,true
unified-own-cell-lamella-v1,f0.5_chiN15,0.5,15.0,train,bvk2,3.7627943443634932,0.6796875,0.9307479315980225,128,0.16,0.83984375,true
unified-own-cell-lamella-v1,f0.5_chiN15,0.5,15.0,train,bvk2,3.7627943443634932,0.68359375,0.9300081190050627,128,0.16,0.83984375,true
unified-own-cell-lamella-v1,f0.5_chiN15,0.5,15.0,train,bvk2,3.7627943443634932,0.6875,0.9290017936059016,128,0.16,0.83984375,true
unified-own-cell-lamella-v1,f0.5_chiN15,0.5,15.0,train,bvk2,3.7627943443634932,0.69140625,0.9279954682067406,128,0.16,0.83984375,true
unified-own-cell-lamella-v1,f0.5_chiN15,0.5,15.0,train,bvk2,3.7627943443634932,0.6953125,0.9267057270800223,128,0.16,0.83984375,true
unified-own-cell-lamella-v1,f0.5_chiN15,0.5,15.0,train,bvk2,3.7627943443634932,0.69921875,0.925415985953304,128,0.16,0.83984375,true
unified-own-cell-lamella-v1,f0.5_chiN15,0.5,15.0,train,bvk2,3.7627943443634932,0.703125,0.9238222943248978,128,0.16,0.83984375,true
unified-own-cell-lamella-v1,f0.5_chiN15,0.5,15.0,train,bvk2,3.7627943443634932,0.70703125,0.9222286026964915,128,0.16,0.83984375,true
unified-own-cell-lamella-v1,f0.5_chiN15,0.5,15.0,train,bvk2,3.7627943443634932,0.7109375,0.9203075856160811,128,0.16,0.83984375,true
unified-own-cell-lamella-v1,f0.5_chiN15,0.5,15.0,train,bvk2,3.7627943443634932,0.71484375,0.9183865685356705,128,0.16,0.83984375,true
unified-own-cell-lamella-v1,f0.5_chiN15,0.5,15.0,train,bvk2,3.7627943443634932,0.71875,0.9161129265518869,128,0.16,0.83984375,true
unified-own-cell-lamella-v1,f0.5_chiN15,0.5,15.0,train,bvk2,3.7627943443634932,0.72265625,0.9138392845681033,128,0.16,0.83984375,true
unified-own-cell-lamella-v1,f0.5_chiN15,0.5,15.0,train,bvk2,3.7627943443634932,0.7265625,0.9111864752474015,128,0.16,0.83984375,true
unified-own-cell-lamella-v1,f0.5_chiN15,0.5,15.0,train,bvk2,3.7627943443634932,0.73046875,0.9085336659266998,128,0.16,0.83984375,true
unified-own-cell-lamella-v1,f0.5_chiN15,0.5,15.0,train,bvk2,3.7627943443634932,0.734375,0.9054741585927774,128,0.16,0.83984375,true
unified-own-cell-lamella-v1,f0.5_chiN15,0.5,15.0,train,bvk2,3.7627943443634932,0.73828125,0.9024146512588549,128,0.16,0.83984375,true
unified-own-cell-lamella-v1,f0.5_chiN15,0.5,15.0,train,bvk2,3.7627943443634932,0.7421875,0.8989198987212801,128,0.16,0.83984375,true
unified-own-cell-lamella-v1,f0.5_chiN15,0.5,15.0,train,bvk2,3.7627943443634932,0.74609375,0.8954251461837054,128,0.16,0.83984375,true
unified-own-cell-lamella-v1,f0.5_chiN15,0.5,15.0,train,bvk2,3.7627943443634932,0.75,0.8914655530086012,128,0.16,0.83984375,true
unified-own-cell-lamella-v1,f0.5_chiN15,0.5,15.0,train,bvk2,3.7627943443634932,0.75390625,0.8875059598334971,128,0.16,0.83984375,true
unified-own-cell-lamella-v1,f0.5_chiN15,0.5,15.0,train,bvk2,3.7627943443634932,0.7578125,0.8830510352643253,128,0.16,0.83984375,true
unified-own-cell-lamella-v1,f0.5_chiN15,0.5,15.0,train,bvk2,3.7627943443634932,0.76171875,0.8785961106951535,128,0.16,0.83984375,true
unified-own-cell-lamella-v1,f0.5_chiN15,0.5,15.0,train,bvk2,3.7627943443634932,0.765625,0.8736148686274614,128,0.16,0.83984375,true
unified-own-cell-lamella-v1,f0.5_chiN15,0.5,15.0,train,bvk2,3.7627943443634932,0.76953125,0.8686336265597693,128,0.16,0.83984375,true
unified-own-cell-lamella-v1,f0.5_chiN15,0.5,15.0,train,bvk2,3.7627943443634932,0.7734375,0.8630952275567189,128,0.16,0.83984375,true
unified-own-cell-lamella-v1,f0.5_chiN15,0.5,15.0,train,bvk2,3.7627943443634932,0.77734375,0.8575568285536684,128,0.16,0.83984375,true
unified-own-cell-lamella-v1,f0.5_chiN15,0.5,15.0,train,bvk2,3.7627943443634932,0.78125,0.8514314382550644,128,0.16,0.83984375,true
unified-own-cell-lamella-v1,f0.5_chiN15,0.5,15.0,train,bvk2,3.7627943443634932,0.78515625,0.8453060479564604,128,0.16,0.83984375,true
unified-own-cell-lamella-v1,f0.5_chiN15,0.5,15.0,train,bvk2,3.7627943443634932,0.7890625,0.8385658835329098,128,0.16,0.83984375,true
unified-own-cell-lamella-v1,f0.5_chiN15,0.5,15.0,train,bvk2,3.7627943443634932,0.79296875,0.8318257191093592,128,0.16,0.83984375,true
unified-own-cell-lamella-v1,f0.5_chiN15,0.5,15.0,train,bvk2,3.7627943443634932,0.796875,0.8244462545401691,128,0.16,0.83984375,true
unified-own-cell-lamella-v1,f0.5_chiN15,0.5,15.0,train,bvk2,3.7627943443634932,0.80078125,0.8170667899709789,128,0.16,0.83984375,true
unified-own-cell-lamella-v1,f0.5_chiN15,0.5,15.0,train,bvk2,3.7627943443634932,0.8046875,0.8090280864093475,128,0.16,0.83984375,true
unified-own-cell-lamella-v1,f0.5_chiN15,0.5,15.0,train,bvk2,3.7627943443634932,0.80859375,0.800989382847716,128,0.16,0.83984375,true
unified-own-cell-lamella-v1,f0.5_chiN15,0.5,15.0,train,bvk2,3.7627943443634932,0.8125,0.7922775015617035,128,0.16,0.83984375,true
unified-own-cell-lamella-v1,f0.5_chiN15,0.5,15.0,train,bvk2,3.7627943443634932,0.81640625,0.783565620275691,128,0.16,0.83984375,true
unified-own-cell-lamella-v1,f0.5_chiN15,0.5,15.0,train,bvk2,3.7627943443634932,0.8203125,0.7741740637678836,128,0.16,0.83984375,true
unified-own-cell-lamella-v1,f0.5_chiN15,0.5,15.0,train,bvk2,3.7627943443634932,0.82421875,0.7647825072600761,128,0.16,0.83984375,true
unified-own-cell-lamella-v1,f0.5_chiN15,0.5,15.0,train,bvk2,3.7627943443634932,0.828125,0.7547136209654627,128,0.16,0.83984375,true
unified-own-cell-lamella-v1,f0.5_chiN15,0.5,15.0,train,bvk2,3.7627943443634932,0.83203125,0.7446447346708492,128,0.16,0.83984375,true
unified-own-cell-lamella-v1,f0.5_chiN15,0.5,15.0,train,bvk2,3.7627943443634932,0.8359375,0.7339109892235594,128,0.16,0.83984375,true
unified-own-cell-lamella-v1,f0.5_chiN15,0.5,15.0,train,bvk2,3.7627943443634932,0.83984375,0.7231772437762694,128,0.16,0.83984375,true
unified-own-cell-lamella-v1,f0.5_chiN15,0.5,15.0,train,bvk2,3.7627943443634932,0.84375,0.7118023085338381,128,0.16,0.83984375,true
unified-own-cell-lamella-v1,f0.5_chiN15,0.5,15.0,train,bvk2,3.7627943443634932,0.84765625,0.7004273732914068,128,0.16,0.83984375,true
unified-own-cell-lamella-v1,f0.5_chiN15,0.5,15.0,train,bvk2,3.7627943443634932,0.8515625,0.6884468879686382,128,0.16,0.83984375,true
unified-own-cell-lamella-v1,f0.5_chiN15,0.5,15.0,train,bvk2,3.7627943443634932,0.85546875,0.6764664026458695,128,0.16,0.83984375,true
unified-own-cell-lamella-v1,f0.5_chiN15,0.5,15.0,train,bvk2,3.7627943443634932,0.859375,0.6639283576865807,128,0.16,0.83984375,true
unified-own-cell-lamella-v1,f0.5_chiN15,0.5,15.0,train,bvk2,3.7627943443634932,0.86328125,0.6513903127272918,128,0.16,0.83984375,true
unified-own-cell-lamella-v1,f0.5_chiN15,0.5,15.0,train,bvk2,3.7627943443634932,0.8671875,0.6383549620087685,128,0.16,0.83984375,true
unified-own-cell-lamella-v1,f0.5_chiN15,0.5,15.0,train,bvk2,3.7627943443634932,0.87109375,0.6253196112902453,128,0.16,0.83984375,true
unified-own-cell-lamella-v1,f0.5_chiN15,0.5,15.0,train,bvk2,3.7627943443634932,0.875,0.6118588635188882,128,0.16,0.83984375,true
unified-own-cell-lamella-v1,f0.5_chiN15,0.5,15.0,train,bvk2,3.7627943443634932,0.87890625,0.5983981157475311,128,0.16,0.83984375,true
unified-own-cell-lamella-v1,f0.5_chiN15,0.5,15.0,train,bvk2,3.7627943443634932,0.8828125,0.5845943827458168,128,0.16,0.83984375,true
unified-own-cell-lamella-v1,f0.5_chiN15,0.5,15.0,train,bvk2,3.7627943443634932,0.88671875,0.5707906497441023,128,0.16,0.83984375,true
unified-own-cell-lamella-v1,f0.5_chiN15,0.5,15.0,train,bvk2,3.7627943443634932,0.890625,0.5567351685108941,128,0.16,0.83984375,true
unified-own-cell-lamella-v1,f0.5_chiN15,0.5,15.0,train,bvk2,3.7627943443634932,0.89453125,0.542679687277686,128,0.16,0.83984375,true
unified-own-cell-lamella-v1,f0.5_chiN15,0.5,15.0,train,bvk2,3.7627943443634932,0.8984375,0.5284703745379621,128,0.16,0.83984375,true
unified-own-cell-lamella-v1,f0.5_chiN15,0.5,15.0,train,bvk2,3.7627943443634932,0.90234375,0.5142610617982383,128,0.16,0.83984375,true
unified-own-cell-lamella-v1,f0.5_chiN15,0.5,15.0,train,bvk2,3.7627943443634932,0.90625,0.49999999999998557,128,0.16,0.83984375,true
unified-own-cell-lamella-v1,f0.5_chiN15,0.5,15.0,train,bvk2,3.7627943443634932,0.91015625,0.485738938201733,128,0.16,0.83984375,true
unified-own-cell-lamella-v1,f0.5_chiN15,0.5,15.0,train,bvk2,3.7627943443634932,0.9140625,0.47152962546200894,128,0.16,0.83984375,true
unified-own-cell-lamella-v1,f0.5_chiN15,0.5,15.0,train,bvk2,3.7627943443634932,0.91796875,0.4573203127222848,128,0.16,0.83984375,true
unified-own-cell-lamella-v1,f0.5_chiN15,0.5,15.0,train,bvk2,3.7627943443634932,0.921875,0.4432648314890779,128,0.16,0.83984375,true
unified-own-cell-lamella-v1,f0.5_chiN15,0.5,15.0,train,bvk2,3.7627943443634932,0.92578125,0.42920935025587104,128,0.16,0.83984375,true
unified-own-cell-lamella-v1,f0.5_chiN15,0.5,15.0,train,bvk2,3.7627943443634932,0.9296875,0.4154056172541556,128,0.16,0.83984375,true
unified-own-cell-lamella-v1,f0.5_chiN15,0.5,15.0,train,bvk2,3.7627943443634932,0.93359375,0.40160188425244003,128,0.16,0.83984375,true
unified-own-cell-lamella-v1,f0.5_chiN15,0.5,15.0,train,bvk2,3.7627943443634932,0.9375,0.38814113648108206,128,0.16,0.83984375,true
unified-own-cell-lamella-v1,f0.5_chiN15,0.5,15.0,train,bvk2,3.7627943443634932,0.94140625,0.3746803887097241,128,0.16,0.83984375,true
unified-own-cell-lamella-v1,f0.5_chiN15,0.5,15.0,train,bvk2,3.7627943443634932,0.9453125,0.36164503799120074,128,0.16,0.83984375,true
unified-own-cell-lamella-v1,f0.5_chiN15,0.5,15.0,train,bvk2,3.7627943443634932,0.94921875,0.3486096872726774,128,0.16,0.83984375,true
unified-own-cell-lamella-v1,f0.5_chiN15,0.5,15.0,train,bvk2,3.7627943443634932,0.953125,0.3360716423133865,128,0.16,0.83984375,true
unified-own-cell-lamella-v1,f0.5_chiN15,0.5,15.0,train,bvk2,3.7627943443634932,0.95703125,0.3235335973540955,128,0.16,0.83984375,true
unified-own-cell-lamella-v1,f0.5_chiN15,0.5,15.0,train,bvk2,3.7627943443634932,0.9609375,0.3115531120313293,128,0.16,0.83984375,true
unified-own-cell-lamella-v1,f0.5_chiN15,0.5,15.0,train,bvk2,3.7627943443634932,0.96484375,0.2995726267085631,128,0.16,0.83984375,true
unified-own-cell-lamella-v1,f0.5_chiN15,0.5,15.0,train,bvk2,3.7627943443634932,0.96875,0.2881976914661317,128,0.16,0.83984375,true
unified-own-cell-lamella-v1,f0.5_chiN15,0.5,15.0,train,bvk2,3.7627943443634932,0.97265625,0.27682275622370023,128,0.16,0.83984375,true
unified-own-cell-lamella-v1,f0.5_chiN15,0.5,15.0,train,bvk2,3.7627943443634932,0.9765625,0.26608901077641267,128,0.16,0.83984375,true
unified-own-cell-lamella-v1,f0.5_chiN15,0.5,15.0,train,bvk2,3.7627943443634932,0.98046875,0.2553552653291251,128,0.16,0.83984375,true
unified-own-cell-lamella-v1,f0.5_chiN15,0.5,15.0,train,bvk2,3.7627943443634932,0.984375,0.245286379034518,128,0.16,0.83984375,true
unified-own-cell-lamella-v1,f0.5_chiN15,0.5,15.0,train,bvk2,3.7627943443634932,0.98828125,0.23521749273991088,128,0.16,0.83984375,true
unified-own-cell-lamella-v1,f0.5_chiN15,0.5,15.0,train,bvk2,3.7627943443634932,0.9921875,0.22582593623211,128,0.16,0.83984375,true
unified-own-cell-lamella-v1,f0.5_chiN15,0.5,15.0,train,bvk2,3.7627943443634932,0.99609375,0.216434379724309,128,0.16,0.83984375,true
unified-own-cell-lamella-v1,f0.5_chiN20,0.5,20.0,holdout,bvk2,4.053668504663181,0.0,0.9646319211466816,128,0.16,0.40625,false
unified-own-cell-lamella-v1,f0.5_chiN20,0.5,20.0,holdout,bvk2,4.053668504663181,0.00390625,0.9667256865992597,128,0.16,0.40625,false
unified-own-cell-lamella-v1,f0.5_chiN20,0.5,20.0,holdout,bvk2,4.053668504663181,0.0078125,0.968819452051838,128,0.16,0.40625,false
unified-own-cell-lamella-v1,f0.5_chiN20,0.5,20.0,holdout,bvk2,4.053668504663181,0.01171875,0.9705688645214523,128,0.16,0.40625,false
unified-own-cell-lamella-v1,f0.5_chiN20,0.5,20.0,holdout,bvk2,4.053668504663181,0.015625,0.9723182769910667,128,0.16,0.40625,false
unified-own-cell-lamella-v1,f0.5_chiN20,0.5,20.0,holdout,bvk2,4.053668504663181,0.01953125,0.9737692487889904,128,0.16,0.40625,false
unified-own-cell-lamella-v1,f0.5_chiN20,0.5,20.0,holdout,bvk2,4.053668504663181,0.0234375,0.9752202205869142,128,0.16,0.40625,false
unified-own-cell-lamella-v1,f0.5_chiN20,0.5,20.0,holdout,bvk2,4.053668504663181,0.02734375,0.97641212726418,128,0.16,0.40625,false
unified-own-cell-lamella-v1,f0.5_chiN20,0.5,20.0,holdout,bvk2,4.053668504663181,0.03125,0.9776040339414459,128,0.16,0.40625,false
unified-own-cell-lamella-v1,f0.5_chiN20,0.5,20.0,holdout,bvk2,4.053668504663181,0.03515625,0.9785708902881523,128,0.16,0.40625,false
unified-own-cell-lamella-v1,f0.5_chiN20,0.5,20.0,holdout,bvk2,4.053668504663181,0.0390625,0.9795377466348587,128,0.16,0.40625,false
unified-own-cell-lamella-v1,f0.5_chiN20,0.5,20.0,holdout,bvk2,4.053668504663181,0.04296875,0.9803095047968216,128,0.16,0.40625,false
unified-own-cell-lamella-v1,f0.5_chiN20,0.5,20.0,holdout,bvk2,4.053668504663181,0.046875,0.9810812629587843,128,0.16,0.40625,false
unified-own-cell-lamella-v1,f0.5_chiN20,0.5,20.0,holdout,bvk2,4.053668504663181,0.05078125,0.9816844002136352,128,0.16,0.40625,false
unified-own-cell-lamella-v1,f0.5_chiN20,0.5,20.0,holdout,bvk2,4.053668504663181,0.0546875,0.9822875374684862,128,0.16,0.40625,false
unified-own-cell-lamella-v1,f0.5_chiN20,0.5,20.0,holdout,bvk2,4.053668504663181,0.05859375,0.9827444409826822,128,0.16,0.40625,false
unified-own-cell-lamella-v1,f0.5_chiN20,0.5,20.0,holdout,bvk2,4.053668504663181,0.0625,0.9832013444968783,128,0.16,0.40625,false
unified-own-cell-lamella-v1,f0.5_chiN20,0.5,20.0,holdout,bvk2,4.053668504663181,0.06640625,0.9835295525250936,128,0.16,0.40625,false
unified-own-cell-lamella-v1,f0.5_chiN20,0.5,20.0,holdout,bvk2,4.053668504663181,0.0703125,0.9838577605533086,128,0.16,0.40625,false
unified-own-cell-lamella-v1,f0.5_chiN20,0.5,20.0,holdout,bvk2,4.053668504663181,0.07421875,0.9840698879138142,128,0.16,0.40625,false
unified-own-cell-lamella-v1,f0.5_chiN20,0.5,20.0,holdout,bvk2,4.053668504663181,0.078125,0.9842820152743198,128,0.16,0.40625,false
unified-own-cell-lamella-v1,f0.5_chiN20,0.5,20.0,holdout,bvk2,4.053668504663181,0.08203125,0.9843861226772305,128,0.16,0.40625,false
unified-own-cell-lamella-v1,f0.5_chiN20,0.5,20.0,holdout,bvk2,4.053668504663181,0.0859375,0.9844902300801411,128,0.16,0.40625,false
unified-own-cell-lamella-v1,f0.5_chiN20,0.5,20.0,holdout,bvk2,4.053668504663181,0.08984375,0.9844902300801411,128,0.16,0.40625,false
unified-own-cell-lamella-v1,f0.5_chiN20,0.5,20.0,holdout,bvk2,4.053668504663181,0.09375,0.9844902300801411,128,0.16,0.40625,false
unified-own-cell-lamella-v1,f0.5_chiN20,0.5,20.0,holdout,bvk2,4.053668504663181,0.09765625,0.9843861226772305,128,0.16,0.40625,false
unified-own-cell-lamella-v1,f0.5_chiN20,0.5,20.0,holdout,bvk2,4.053668504663181,0.1015625,0.9842820152743198,128,0.16,0.40625,false
unified-own-cell-lamella-v1,f0.5_chiN20,0.5,20.0,holdout,bvk2,4.053668504663181,0.10546875,0.9840698879138142,128,0.16,0.40625,false
unified-own-cell-lamella-v1,f0.5_chiN20,0.5,20.0,holdout,bvk2,4.053668504663181,0.109375,0.9838577605533086,128,0.16,0.40625,false
unified-own-cell-lamella-v1,f0.5_chiN20,0.5,20.0,holdout,bvk2,4.053668504663181,0.11328125,0.9835295525250936,128,0.16,0.40625,false
unified-own-cell-lamella-v1,f0.5_chiN20,0.5,20.0,holdout,bvk2,4.053668504663181,0.1171875,0.9832013444968783,128,0.16,0.40625,false
unified-own-cell-lamella-v1,f0.5_chiN20,0.5,20.0,holdout,bvk2,4.053668504663181,0.12109375,0.9827444409826822,128,0.16,0.40625,false
unified-own-cell-lamella-v1,f0.5_chiN20,0.5,20.0,holdout,bvk2,4.053668504663181,0.125,0.9822875374684862,128,0.16,0.40625,false
unified-own-cell-lamella-v1,f0.5_chiN20,0.5,20.0,holdout,bvk2,4.053668504663181,0.12890625,0.9816844002136352,128,0.16,0.40625,false
unified-own-cell-lamella-v1,f0.5_chiN20,0.5,20.0,holdout,bvk2,4.053668504663181,0.1328125,0.9810812629587843,128,0.16,0.40625,false
unified-own-cell-lamella-v1,f0.5_chiN20,0.5,20.0,holdout,bvk2,4.053668504663181,0.13671875,0.9803095047968216,128,0.16,0.40625,false
unified-own-cell-lamella-v1,f0.5_chiN20,0.5,20.0,holdout,bvk2,4.053668504663181,0.140625,0.9795377466348587,128,0.16,0.40625,false
unified-own-cell-lamella-v1,f0.5_chiN20,0.5,20.0,holdout,bvk2,4.053668504663181,0.14453125,0.9785708902881523,128,0.16,0.40625,false
unified-own-cell-lamella-v1,f0.5_chiN20,0.5,20.0,holdout,bvk2,4.053668504663181,0.1484375,0.9776040339414459,128,0.16,0.40625,false
unified-own-cell-lamella-v1,f0.5_chiN20,0.5,20.0,holdout,bvk2,4.053668504663181,0.15234375,0.97641212726418,128,0.16,0.40625,false
unified-own-cell-lamella-v1,f0.5_chiN20,0.5,20.0,holdout,bvk2,4.053668504663181,0.15625,0.9752202205869142,128,0.16,0.40625,false
unified-own-cell-lamella-v1,f0.5_chiN20,0.5,20.0,holdout,bvk2,4.053668504663181,0.16015625,0.9737692487889904,128,0.16,0.40625,false
unified-own-cell-lamella-v1,f0.5_chiN20,0.5,20.0,holdout,bvk2,4.053668504663181,0.1640625,0.9723182769910667,128,0.16,0.40625,false
unified-own-cell-lamella-v1,f0.5_chiN20,0.5,20.0,holdout,bvk2,4.053668504663181,0.16796875,0.9705688645214523,128,0.16,0.40625,false
unified-own-cell-lamella-v1,f0.5_chiN20,0.5,20.0,holdout,bvk2,4.053668504663181,0.171875,0.968819452051838,128,0.16,0.40625,false
unified-own-cell-lamella-v1,f0.5_chiN20,0.5,20.0,holdout,bvk2,4.053668504663181,0.17578125,0.9667256865992597,128,0.16,0.40625,false
unified-own-cell-lamella-v1,f0.5_chiN20,0.5,20.0,holdout,bvk2,4.053668504663181,0.1796875,0.9646319211466816,128,0.16,0.40625,false
unified-own-cell-lamella-v1,f0.5_chiN20,0.5,20.0,holdout,bvk2,4.053668504663181,0.18359375,0.9621404944875203,128,0.16,0.40625,false
unified-own-cell-lamella-v1,f0.5_chiN20,0.5,20.0,holdout,bvk2,4.053668504663181,0.1875,0.9596490678283588,128,0.16,0.40625,false
unified-own-cell-lamella-v1,f0.5_chiN20,0.5,20.0,holdout,bvk2,4.053668504663181,0.19140625,0.9566986826470849,128,0.16,0.40625,false
unified-own-cell-lamella-v1,f0.5_chiN20,0.5,20.0,holdout,bvk2,4.053668504663181,0.1953125,0.953748297465811,128,0.16,0.40625,false
unified-own-cell-lamella-v1,f0.5_chiN20,0.5,20.0,holdout,bvk2,4.053668504663181,0.19921875,0.950269319306839,128,0.16,0.40625,false
unified-own-cell-lamella-v1,f0.5_chiN20,0.5,20.0,holdout,bvk2,4.053668504663181,0.203125,0.9467903411478671,128,0.16,0.40625,false
unified-own-cell-lamella-v1,f0.5_chiN20,0.5,20.0,holdout,bvk2,4.053668504663181,0.20703125,0.9427047431670368,128,0.16,0.40625,false
unified-own-cell-lamella-v1,f0.5_chiN20,0.5,20.0,holdout,bvk2,4.053668504663181,0.2109375,0.9386191451862064,128,0.16,0.40625,false
unified-own-cell-lamella-v1,f0.5_chiN20,0.5,20.0,holdout,bvk2,4.053668504663181,0.21484375,0.9338408473740296,128,0.16,0.40625,false
unified-own-cell-lamella-v1,f0.5_chiN20,0.5,20.0,holdout,bvk2,4.053668504663181,0.21875,0.9290625495618527,128,0.16,0.40625,false
unified-own-cell-lamella-v1,f0.5_chiN20,0.5,20.0,holdout,bvk2,4.053668504663181,0.22265625,0.9234982934557987,128,0.16,0.40625,false
unified-own-cell-lamella-v1,f0.5_chiN20,0.5,20.0,holdout,bvk2,4.053668504663181,0.2265625,0.9179340373497445,128,0.16,0.40625,false
unified-own-cell-lamella-v1,f0.5_chiN20,0.5,20.0,holdout,bvk2,4.053668504663181,0.23046875,0.9114849644973808,128,0.16,0.40625,false
unified-own-cell-lamella-v1,f0.5_chiN20,0.5,20.0,holdout,bvk2,4.053668504663181,0.234375,0.9050358916450172,128,0.16,0.40625,false
unified-own-cell-lamella-v1,f0.5_chiN20,0.5,20.0,holdout,bvk2,4.053668504663181,0.23828125,0.8976000067253573,128,0.16,0.40625,false
unified-own-cell-lamella-v1,f0.5_chiN20,0.5,20.0,holdout,bvk2,4.053668504663181,0.2421875,0.8901641218056975,128,0.16,0.40625,false
unified-own-cell-lamella-v1,f0.5_chiN20,0.5,20.0,holdout,bvk2,4.053668504663181,0.24609375,0.8816398121148532,128,0.16,0.40625,false
unified-own-cell-lamella-v1,f0.5_chiN20,0.5,20.0,holdout,bvk2,4.053668504663181,0.25,0.8731155024240089,128,0.16,0.40625,false
unified-own-cell-lamella-v1,f0.5_chiN20,0.5,20.0,holdout,bvk2,4.053668504663181,0.25390625,0.8634062437178234,128,0.16,0.40625,false
unified-own-cell-lamella-v1,f0.5_chiN20,0.5,20.0,holdout,bvk2,4.053668504663181,0.2578125,0.8536969850116379,128,0.16,0.40625,false
unified-own-cell-lamella-v1,f0.5_chiN20,0.5,20.0,holdout,bvk2,4.053668504663181,0.26171875,0.8427172774031435,128,0.16,0.40625,false
unified-own-cell-lamella-v1,f0.5_chiN20,0.5,20.0,holdout,bvk2,4.053668504663181,0.265625,0.8317375697946492,128,0.16,0.40625,false
unified-own-cell-lamella-v1,f0.5_chiN20,0.5,20.0,holdout,bvk2,4.053668504663181,0.26953125,0.8194200064329955,128,0.16,0.40625,false
unified-own-cell-lamella-v1,f0.5_chiN20,0.5,20.0,holdout,bvk2,4.053668504663181,0.2734375,0.8071024430713417,128,0.16,0.40625,false
unified-own-cell-lamella-v1,f0.5_chiN20,0.5,20.0,holdout,bvk2,4.053668504663181,0.27734375,0.7934056157763321,128,0.16,0.40625,false
unified-own-cell-lamella-v1,f0.5_chiN20,0.5,20.0,holdout,bvk2,4.053668504663181,0.28125,0.7797087884813223,128,0.16,0.40625,false
unified-own-cell-lamella-v1,f0.5_chiN20,0.5,20.0,holdout,bvk2,4.053668504663181,0.28515625,0.7646254893898462,128,0.16,0.40625,false
unified-own-cell-lamella-v1,f0.5_chiN20,0.5,20.0,holdout,bvk2,4.053668504663181,0.2890625,0.7495421902983701,128,0.16,0.40625,false
unified-own-cell-lamella-v1,f0.5_chiN20,0.5,20.0,holdout,bvk2,4.053668504663181,0.29296875,0.7331071084245482,128,0.16,0.40625,false
unified-own-cell-lamella-v1,f0.5_chiN20,0.5,20.0,holdout,bvk2,4.053668504663181,0.296875,0.7166720265507261,128,0.16,0.40625,false
unified-own-cell-lamella-v1,f0.5_chiN20,0.5,20.0,holdout,bvk2,4.053668504663181,0.30078125,0.6989679181234473,128,0.16,0.40625,false
unified-own-cell-lamella-v1,f0.5_chiN20,0.5,20.0,holdout,bvk2,4.053668504663181,0.3046875,0.6812638096961684,128,0.16,0.40625,false
unified-own-cell-lamella-v1,f0.5_chiN20,0.5,20.0,holdout,bvk2,4.053668504663181,0.30859375,0.6624250150975528,128,0.16,0.40625,false
unified-own-cell-lamella-v1,f0.5_chiN20,0.5,20.0,holdout,bvk2,4.053668504663181,0.3125,0.6435862204989373,128,0.16,0.40625,false
unified-own-cell-lamella-v1,f0.5_chiN20,0.5,20.0,holdout,bvk2,4.053668504663181,0.31640625,0.6237984846298784,128,0.16,0.40625,false
unified-own-cell-lamella-v1,f0.5_chiN20,0.5,20.0,holdout,bvk2,4.053668504663181,0.3203125,0.6040107487608195,128,0.16,0.40625,false
unified-own-cell-lamella-v1,f0.5_chiN20,0.5,20.0,holdout,bvk2,4.053668504663181,0.32421875,0.5835066261318264,128,0.16,0.40625,false
unified-own-cell-lamella-v1,f0.5_chiN20,0.5,20.0,holdout,bvk2,4.053668504663181,0.328125,0.5630025035028332,128,0.16,0.40625,false
unified-own-cell-lamella-v1,f0.5_chiN20,0.5,20.0,holdout,bvk2,4.053668504663181,0.33203125,0.5420521878678324,128,0.16,0.40625,false
unified-own-cell-lamella-v1,f0.5_chiN20,0.5,20.0,holdout,bvk2,4.053668504663181,0.3359375,0.5211018722328314,128,0.16,0.40625,false
unified-own-cell-lamella-v1,f0.5_chiN20,0.5,20.0,holdout,bvk2,4.053668504663181,0.33984375,0.49999999999994765,128,0.16,0.40625,false
unified-own-cell-lamella-v1,f0.5_chiN20,0.5,20.0,holdout,bvk2,4.053668504663181,0.34375,0.47889812776706386,128,0.16,0.40625,false
unified-own-cell-lamella-v1,f0.5_chiN20,0.5,20.0,holdout,bvk2,4.053668504663181,0.34765625,0.45794781213206287,128,0.16,0.40625,false
unified-own-cell-lamella-v1,f0.5_chiN20,0.5,20.0,holdout,bvk2,4.053668504663181,0.3515625,0.4369974964970619,128,0.16,0.40625,false
unified-own-cell-lamella-v1,f0.5_chiN20,0.5,20.0,holdout,bvk2,4.053668504663181,0.35546875,0.4164933738680663,128,0.16,0.40625,false
unified-own-cell-lamella-v1,f0.5_chiN20,0.5,20.0,holdout,bvk2,4.053668504663181,0.359375,0.39598925123907064,128,0.16,0.40625,false
unified-own-cell-lamella-v1,f0.5_chiN20,0.5,20.0,holdout,bvk2,4.053668504663181,0.36328125,0.3762015153700107,128,0.16,0.40625,false
unified-own-cell-lamella-v1,f0.5_chiN20,0.5,20.0,holdout,bvk2,4.053668504663181,0.3671875,0.3564137795009507,128,0.16,0.40625,false
unified-own-cell-lamella-v1,f0.5_chiN20,0.5,20.0,holdout,bvk2,4.053668504663181,0.37109375,0.3375749849023321,128,0.16,0.40625,false
unified-own-cell-lamella-v1,f0.5_chiN20,0.5,20.0,holdout,bvk2,4.053668504663181,0.375,0.31873619030371353,128,0.16,0.40625,false
unified-own-cell-lamella-v1,f0.5_chiN20,0.5,20.0,holdout,bvk2,4.053668504663181,0.37890625,0.301032081876427,128,0.16,0.40625,false
unified-own-cell-lamella-v1,f0.5_chiN20,0.5,20.0,holdout,bvk2,4.053668504663181,0.3828125,0.28332797344914046,128,0.16,0.40625,false
unified-own-cell-lamella-v1,f0.5_chiN20,0.5,20.0,holdout,bvk2,4.053668504663181,0.38671875,0.2668928915753074,128,0.16,0.40625,false
unified-own-cell-lamella-v1,f0.5_chiN20,0.5,20.0,holdout,bvk2,4.053668504663181,0.390625,0.25045780970147435,128,0.16,0.40625,false
unified-own-cell-lamella-v1,f0.5_chiN20,0.5,20.0,holdout,bvk2,4.053668504663181,0.39453125,0.23537451060998765,128,0.16,0.40625,false
unified-own-cell-lamella-v1,f0.5_chiN20,0.5,20.0,holdout,bvk2,4.053668504663181,0.3984375,0.22029121151850092,128,0.16,0.40625,false
unified-own-cell-lamella-v1,f0.5_chiN20,0.5,20.0,holdout,bvk2,4.053668504663181,0.40234375,0.20659438422348628,128,0.16,0.40625,false
unified-own-cell-lamella-v1,f0.5_chiN20,0.5,20.0,holdout,bvk2,4.053668504663181,0.40625,0.19289755692847163,128,0.16,0.40625,false
unified-own-cell-lamella-v1,f0.5_chiN20,0.5,20.0,holdout,bvk2,4.053668504663181,0.41015625,0.1805799935668551,128,0.16,0.40625,false
unified-own-cell-lamella-v1,f0.5_chiN20,0.5,20.0,holdout,bvk2,4.053668504663181,0.4140625,0.1682624302052386,128,0.16,0.40625,false
unified-own-cell-lamella-v1,f0.5_chiN20,0.5,20.0,holdout,bvk2,4.053668504663181,0.41796875,0.15728272259679318,128,0.16,0.40625,false
unified-own-cell-lamella-v1,f0.5_chiN20,0.5,20.0,holdout,bvk2,4.053668504663181,0.421875,0.14630301498834777,128,0.16,0.40625,false
unified-own-cell-lamella-v1,f0.5_chiN20,0.5,20.0,holdout,bvk2,4.053668504663181,0.42578125,0.13659375628219741,128,0.16,0.40625,false
unified-own-cell-lamella-v1,f0.5_chiN20,0.5,20.0,holdout,bvk2,4.053668504663181,0.4296875,0.12688449757604706,128,0.16,0.40625,false
unified-own-cell-lamella-v1,f0.5_chiN20,0.5,20.0,holdout,bvk2,4.053668504663181,0.43359375,0.11836018788521976,128,0.16,0.40625,false
unified-own-cell-lamella-v1,f0.5_chiN20,0.5,20.0,holdout,bvk2,4.053668504663181,0.4375,0.10983587819439247,128,0.16,0.40625,false
unified-own-cell-lamella-v1,f0.5_chiN20,0.5,20.0,holdout,bvk2,4.053668504663181,0.44140625,0.10239999327473787,128,0.16,0.40625,false
unified-own-cell-lamella-v1,f0.5_chiN20,0.5,20.0,holdout,bvk2,4.053668504663181,0.4453125,0.09496410835508326,128,0.16,0.40625,false
unified-own-cell-lamella-v1,f0.5_chiN20,0.5,20.0,holdout,bvk2,4.053668504663181,0.44921875,0.08851503550271855,128,0.16,0.40625,false
unified-own-cell-lamella-v1,f0.5_chiN20,0.5,20.0,holdout,bvk2,4.053668504663181,0.453125,0.08206596265035385,128,0.16,0.40625,false
unified-own-cell-lamella-v1,f0.5_chiN20,0.5,20.0,holdout,bvk2,4.053668504663181,0.45703125,0.076501706544296,128,0.16,0.40625,false
unified-own-cell-lamella-v1,f0.5_chiN20,0.5,20.0,holdout,bvk2,4.053668504663181,0.4609375,0.07093745043823817,128,0.16,0.40625,false
unified-own-cell-lamella-v1,f0.5_chiN20,0.5,20.0,holdout,bvk2,4.053668504663181,0.46484375,0.0661591526260596,128,0.16,0.40625,false
unified-own-cell-lamella-v1,f0.5_chiN20,0.5,20.0,holdout,bvk2,4.053668504663181,0.46875,0.061380854813881044,128,0.16,0.40625,false
unified-own-cell-lamella-v1,f0.5_chiN20,0.5,20.0,holdout,bvk2,4.053668504663181,0.47265625,0.05729525683305006,128,0.16,0.40625,false
unified-own-cell-lamella-v1,f0.5_chiN20,0.5,20.0,holdout,bvk2,4.053668504663181,0.4765625,0.05320965885221909,128,0.16,0.40625,false
unified-own-cell-lamella-v1,f0.5_chiN20,0.5,20.0,holdout,bvk2,4.053668504663181,0.48046875,0.04973068069325132,128,0.16,0.40625,false
unified-own-cell-lamella-v1,f0.5_chiN20,0.5,20.0,holdout,bvk2,4.053668504663181,0.484375,0.046251702534283554,128,0.16,0.40625,false
unified-own-cell-lamella-v1,f0.5_chiN20,0.5,20.0,holdout,bvk2,4.053668504663181,0.48828125,0.04330131735300766,128,0.16,0.40625,false
unified-own-cell-lamella-v1,f0.5_chiN20,0.5,20.0,holdout,bvk2,4.053668504663181,0.4921875,0.04035093217173177,128,0.16,0.40625,false
unified-own-cell-lamella-v1,f0.5_chiN20,0.5,20.0,holdout,bvk2,4.053668504663181,0.49609375,0.03785950551255537,128,0.16,0.40625,false
unified-own-cell-lamella-v1,f0.5_chiN20,0.5,20.0,holdout,bvk2,4.053668504663181,0.5,0.03536807885337897,128,0.16,0.40625,false
unified-own-cell-lamella-v1,f0.5_chiN20,0.5,20.0,holdout,bvk2,4.053668504663181,0.50390625,0.033274313400778445,128,0.16,0.40625,false
unified-own-cell-lamella-v1,f0.5_chiN20,0.5,20.0,holdout,bvk2,4.053668504663181,0.5078125,0.031180547948177918,128,0.16,0.40625,false
unified-own-cell-lamella-v1,f0.5_chiN20,0.5,20.0,holdout,bvk2,4.053668504663181,0.51171875,0.029431135478596025,128,0.16,0.40625,false
unified-own-cell-lamella-v1,f0.5_chiN20,0.5,20.0,holdout,bvk2,4.053668504663181,0.515625,0.02768172300901413,128,0.16,0.40625,false
unified-own-cell-lamella-v1,f0.5_chiN20,0.5,20.0,holdout,bvk2,4.053668504663181,0.51953125,0.02623075121114253,128,0.16,0.40625,false
unified-own-cell-lamella-v1,f0.5_chiN20,0.5,20.0,holdout,bvk2,4.053668504663181,0.5234375,0.024779779413270926,128,0.16,0.40625,false
unified-own-cell-lamella-v1,f0.5_chiN20,0.5,20.0,holdout,bvk2,4.053668504663181,0.52734375,0.02358787273600088,128,0.16,0.40625,false
unified-own-cell-lamella-v1,f0.5_chiN20,0.5,20.0,holdout,bvk2,4.053668504663181,0.53125,0.022395966058730832,128,0.16,0.40625,false
unified-own-cell-lamella-v1,f0.5_chiN20,0.5,20.0,holdout,bvk2,4.053668504663181,0.53515625,0.02142910971192228,128,0.16,0.40625,false
unified-own-cell-lamella-v1,f0.5_chiN20,0.5,20.0,holdout,bvk2,4.053668504663181,0.5390625,0.02046225336511373,128,0.16,0.40625,false
unified-own-cell-lamella-v1,f0.5_chiN20,0.5,20.0,holdout,bvk2,4.053668504663181,0.54296875,0.019690495203158995,128,0.16,0.40625,false
unified-own-cell-lamella-v1,f0.5_chiN20,0.5,20.0,holdout,bvk2,4.053668504663181,0.546875,0.01891873704120426,128,0.16,0.40625,false
unified-own-cell-lamella-v1,f0.5_chiN20,0.5,20.0,holdout,bvk2,4.053668504663181,0.55078125,0.01831559978635739,128,0.16,0.40625,false
unified-own-cell-lamella-v1,f0.5_chiN20,0.5,20.0,holdout,bvk2,4.053668504663181,0.5546875,0.017712462531510525,128,0.16,0.40625,false
unified-own-cell-lamella-v1,f0.5_chiN20,0.5,20.0,holdout,bvk2,4.053668504663181,0.55859375,0.017255559017328483,128,0.16,0.40625,false
unified-own-cell-lamella-v1,f0.5_chiN20,0.5,20.0,holdout,bvk2,4.053668504663181,0.5625,0.01679865550314644,128,0.16,0.40625,false
unified-own-cell-lamella-v1,f0.5_chiN20,0.5,20.0,holdout,bvk2,4.053668504663181,0.56640625,0.016470447474922083,128,0.16,0.40625,false
unified-own-cell-lamella-v1,f0.5_chiN20,0.5,20.0,holdout,bvk2,4.053668504663181,0.5703125,0.016142239446697727,128,0.16,0.40625,false
unified-own-cell-lamella-v1,f0.5_chiN20,0.5,20.0,holdout,bvk2,4.053668504663181,0.57421875,0.015930112086192237,128,0.16,0.40625,false
unified-own-cell-lamella-v1,f0.5_chiN20,0.5,20.0,holdout,bvk2,4.053668504663181,0.578125,0.01571798472568675,128,0.16,0.40625,false
unified-own-cell-lamella-v1,f0.5_chiN20,0.5,20.0,holdout,bvk2,4.053668504663181,0.58203125,0.015613877322775471,128,0.16,0.40625,false
unified-own-cell-lamella-v1,f0.5_chiN20,0.5,20.0,holdout,bvk2,4.053668504663181,0.5859375,0.015509769919864193,128,0.16,0.40625,false
unified-own-cell-lamella-v1,f0.5_chiN20,0.5,20.0,holdout,bvk2,4.053668504663181,0.58984375,0.015509769919864193,128,0.16,0.40625,false
unified-own-cell-lamella-v1,f0.5_chiN20,0.5,20.0,holdout,bvk2,4.053668504663181,0.59375,0.015509769919864193,128,0.16,0.40625,false
unified-own-cell-lamella-v1,f0.5_chiN20,0.5,20.0,holdout,bvk2,4.053668504663181,0.59765625,0.015613877322775471,128,0.16,0.40625,false
unified-own-cell-lamella-v1,f0.5_chiN20,0.5,20.0,holdout,bvk2,4.053668504663181,0.6015625,0.01571798472568675,128,0.16,0.40625,false
unified-own-cell-lamella-v1,f0.5_chiN20,0.5,20.0,holdout,bvk2,4.053668504663181,0.60546875,0.015930112086192237,128,0.16,0.40625,false
unified-own-cell-lamella-v1,f0.5_chiN20,0.5,20.0,holdout,bvk2,4.053668504663181,0.609375,0.016142239446697727,128,0.16,0.40625,false
unified-own-cell-lamella-v1,f0.5_chiN20,0.5,20.0,holdout,bvk2,4.053668504663181,0.61328125,0.016470447474922077,128,0.16,0.40625,false
unified-own-cell-lamella-v1,f0.5_chiN20,0.5,20.0,holdout,bvk2,4.053668504663181,0.6171875,0.016798655503146426,128,0.16,0.40625,false
unified-own-cell-lamella-v1,f0.5_chiN20,0.5,20.0,holdout,bvk2,4.053668504663181,0.62109375,0.01725555901732847,128,0.16,0.40625,false
unified-own-cell-lamella-v1,f0.5_chiN20,0.5,20.0,holdout,bvk2,4.053668504663181,0.625,0.01771246253151051,128,0.16,0.40625,false
unified-own-cell-lamella-v1,f0.5_chiN20,0.5,20.0,holdout,bvk2,4.053668504663181,0.62890625,0.018315599786357384,128,0.16,0.40625,false
unified-own-cell-lamella-v1,f0.5_chiN20,0.5,20.0,holdout,bvk2,4.053668504663181,0.6328125,0.01891873704120426,128,0.16,0.40625,false
unified-own-cell-lamella-v1,f0.5_chiN20,0.5,20.0,holdout,bvk2,4.053668504663181,0.63671875,0.019690495203158995,128,0.16,0.40625,false
unified-own-cell-lamella-v1,f0.5_chiN20,0.5,20.0,holdout,bvk2,4.053668504663181,0.640625,0.02046225336511373,128,0.16,0.40625,false
unified-own-cell-lamella-v1,f0.5_chiN20,0.5,20.0,holdout,bvk2,4.053668504663181,0.64453125,0.021429109711922287,128,0.16,0.40625,false
unified-own-cell-lamella-v1,f0.5_chiN20,0.5,20.0,holdout,bvk2,4.053668504663181,0.6484375,0.022395966058730843,128,0.16,0.40625,false
unified-own-cell-lamella-v1,f0.5_chiN20,0.5,20.0,holdout,bvk2,4.053668504663181,0.65234375,0.023587872736000874,128,0.16,0.40625,false
unified-own-cell-lamella-v1,f0.5_chiN20,0.5,20.0,holdout,bvk2,4.053668504663181,0.65625,0.024779779413270905,128,0.16,0.40625,false
unified-own-cell-lamella-v1,f0.5_chiN20,0.5,20.0,holdout,bvk2,4.053668504663181,0.66015625,0.026230751211142503,128,0.16,0.40625,false
unified-own-cell-lamella-v1,f0.5_chiN20,0.5,20.0,holdout,bvk2,4.053668504663181,0.6640625,0.027681723009014097,128,0.16,0.40625,false
unified-own-cell-lamella-v1,f0.5_chiN20,0.5,20.0,holdout,bvk2,4.053668504663181,0.66796875,0.029431135478596,128,0.16,0.40625,false
unified-own-cell-lamella-v1,f0.5_chiN20,0.5,20.0,holdout,bvk2,4.053668504663181,0.671875,0.031180547948177904,128,0.16,0.40625,false
unified-own-cell-lamella-v1,f0.5_chiN20,0.5,20.0,holdout,bvk2,4.053668504663181,0.67578125,0.03327431340077843,128,0.16,0.40625,false
unified-own-cell-lamella-v1,f0.5_chiN20,0.5,20.0,holdout,bvk2,4.053668504663181,0.6796875,0.035368078853378955,128,0.16,0.40625,false
unified-own-cell-lamella-v1,f0.5_chiN20,0.5,20.0,holdout,bvk2,4.053668504663181,0.68359375,0.037859505512555354,128,0.16,0.40625,false
unified-own-cell-lamella-v1,f0.5_chiN20,0.5,20.0,holdout,bvk2,4.053668504663181,0.6875,0.04035093217173175,128,0.16,0.40625,false
unified-own-cell-lamella-v1,f0.5_chiN20,0.5,20.0,holdout,bvk2,4.053668504663181,0.69140625,0.043301317353007615,128,0.16,0.40625,false
unified-own-cell-lamella-v1,f0.5_chiN20,0.5,20.0,holdout,bvk2,4.053668504663181,0.6953125,0.04625170253428348,128,0.16,0.40625,false
unified-own-cell-lamella-v1,f0.5_chiN20,0.5,20.0,holdout,bvk2,4.053668504663181,0.69921875,0.049730680693251234,128,0.16,0.40625,false
unified-own-cell-lamella-v1,f0.5_chiN20,0.5,20.0,holdout,bvk2,4.053668504663181,0.703125,0.05320965885221899,128,0.16,0.40625,false
unified-own-cell-lamella-v1,f0.5_chiN20,0.5,20.0,holdout,bvk2,4.053668504663181,0.70703125,0.05729525683304999,128,0.16,0.40625,false
unified-own-cell-lamella-v1,f0.5_chiN20,0.5,20.0,holdout,bvk2,4.053668504663181,0.7109375,0.06138085481388099,128,0.16,0.40625,false
unified-own-cell-lamella-v1,f0.5_chiN20,0.5,20.0,holdout,bvk2,4.053668504663181,0.71484375,0.06615915262605956,128,0.16,0.40625,false
unified-own-cell-lamella-v1,f0.5_chiN20,0.5,20.0,holdout,bvk2,4.053668504663181,0.71875,0.07093745043823814,128,0.16,0.40625,false
unified-own-cell-lamella-v1,f0.5_chiN20,0.5,20.0,holdout,bvk2,4.053668504663181,0.72265625,0.07650170654429597,128,0.16,0.40625,false
unified-own-cell-lamella-v1,f0.5_chiN20,0.5,20.0,holdout,bvk2,4.053668504663181,0.7265625,0.08206596265035379,128,0.16,0.40625,false
unified-own-cell-lamella-v1,f0.5_chiN20,0.5,20.0,holdout,bvk2,4.053668504663181,0.73046875,0.08851503550271855,128,0.16,0.40625,false
unified-own-cell-lamella-v1,f0.5_chiN20,0.5,20.0,holdout,bvk2,4.053668504663181,0.734375,0.09496410835508333,128,0.16,0.40625,false
unified-own-cell-lamella-v1,f0.5_chiN20,0.5,20.0,holdout,bvk2,4.053668504663181,0.73828125,0.10239999327473781,128,0.16,0.40625,false
unified-own-cell-lamella-v1,f0.5_chiN20,0.5,20.0,holdout,bvk2,4.053668504663181,0.7421875,0.1098358781943923,128,0.16,0.40625,false
unified-own-cell-lamella-v1,f0.5_chiN20,0.5,20.0,holdout,bvk2,4.053668504663181,0.74609375,0.1183601878852196,128,0.16,0.40625,false
unified-own-cell-lamella-v1,f0.5_chiN20,0.5,20.0,holdout,bvk2,4.053668504663181,0.75,0.1268844975760469,128,0.16,0.40625,false
unified-own-cell-lamella-v1,f0.5_chiN20,0.5,20.0,holdout,bvk2,4.053668504663181,0.75390625,0.13659375628219728,128,0.16,0.40625,false
unified-own-cell-lamella-v1,f0.5_chiN20,0.5,20.0,holdout,bvk2,4.053668504663181,0.7578125,0.14630301498834766,128,0.16,0.40625,false
unified-own-cell-lamella-v1,f0.5_chiN20,0.5,20.0,holdout,bvk2,4.053668504663181,0.76171875,0.15728272259679313,128,0.16,0.40625,false
unified-own-cell-lamella-v1,f0.5_chiN20,0.5,20.0,holdout,bvk2,4.053668504663181,0.765625,0.1682624302052386,128,0.16,0.40625,false
unified-own-cell-lamella-v1,f0.5_chiN20,0.5,20.0,holdout,bvk2,4.053668504663181,0.76953125,0.18057999356685517,128,0.16,0.40625,false
unified-own-cell-lamella-v1,f0.5_chiN20,0.5,20.0,holdout,bvk2,4.053668504663181,0.7734375,0.19289755692847171,128,0.16,0.40625,false
unified-own-cell-lamella-v1,f0.5_chiN20,0.5,20.0,holdout,bvk2,4.053668504663181,0.77734375,0.20659438422348608,128,0.16,0.40625,false
unified-own-cell-lamella-v1,f0.5_chiN20,0.5,20.0,holdout,bvk2,4.053668504663181,0.78125,0.22029121151850042,128,0.16,0.40625,false
unified-own-cell-lamella-v1,f0.5_chiN20,0.5,20.0,holdout,bvk2,4.053668504663181,0.78515625,0.23537451060998726,128,0.16,0.40625,false
unified-own-cell-lamella-v1,f0.5_chiN20,0.5,20.0,holdout,bvk2,4.053668504663181,0.7890625,0.25045780970147413,128,0.16,0.40625,false
unified-own-cell-lamella-v1,f0.5_chiN20,0.5,20.0,holdout,bvk2,4.053668504663181,0.79296875,0.2668928915753072,128,0.16,0.40625,false
unified-own-cell-lamella-v1,f0.5_chiN20,0.5,20.0,holdout,bvk2,4.053668504663181,0.796875,0.2833279734491403,128,0.16,0.40625,false
unified-own-cell-lamella-v1,f0.5_chiN20,0.5,20.0,holdout,bvk2,4.053668504663181,0.80078125,0.30103208187642694,128,0.16,0.40625,false
unified-own-cell-lamella-v1,f0.5_chiN20,0.5,20.0,holdout,bvk2,4.053668504663181,0.8046875,0.31873619030371353,128,0.16,0.40625,false
unified-own-cell-lamella-v1,f0.5_chiN20,0.5,20.0,holdout,bvk2,4.053668504663181,0.80859375,0.3375749849023322,128,0.16,0.40625,false
unified-own-cell-lamella-v1,f0.5_chiN20,0.5,20.0,holdout,bvk2,4.053668504663181,0.8125,0.35641377950095077,128,0.16,0.40625,false
unified-own-cell-lamella-v1,f0.5_chiN20,0.5,20.0,holdout,bvk2,4.053668504663181,0.81640625,0.3762015153700104,128,0.16,0.40625,false
unified-own-cell-lamella-v1,f0.5_chiN20,0.5,20.0,holdout,bvk2,4.053668504663181,0.8203125,0.39598925123907003,128,0.16,0.40625,false
unified-own-cell-lamella-v1,f0.5_chiN20,0.5,20.0,holdout,bvk2,4.053668504663181,0.82421875,0.41649337386806573,128,0.16,0.40625,false
unified-own-cell-lamella-v1,f0.5_chiN20,0.5,20.0,holdout,bvk2,4.053668504663181,0.828125,0.4369974964970615,128,0.16,0.40625,false
unified-own-cell-lamella-v1,f0.5_chiN20,0.5,20.0,holdout,bvk2,4.053668504663181,0.83203125,0.45794781213206254,128,0.16,0.40625,false
unified-own-cell-lamella-v1,f0.5_chiN20,0.5,20.0,holdout,bvk2,4.053668504663181,0.8359375,0.4788981277670636,128,0.16,0.40625,false
unified-own-cell-lamella-v1,f0.5_chiN20,0.5,20.0,holdout,bvk2,4.053668504663181,0.83984375,0.4999999999999475,128,0.16,0.40625,false
unified-own-cell-lamella-v1,f0.5_chiN20,0.5,20.0,holdout,bvk2,4.053668504663181,0.84375,0.5211018722328313,128,0.16,0.40625,false
unified-own-cell-lamella-v1,f0.5_chiN20,0.5,20.0,holdout,bvk2,4.053668504663181,0.84765625,0.5420521878678323,128,0.16,0.40625,false
unified-own-cell-lamella-v1,f0.5_chiN20,0.5,20.0,holdout,bvk2,4.053668504663181,0.8515625,0.5630025035028332,128,0.16,0.40625,false
unified-own-cell-lamella-v1,f0.5_chiN20,0.5,20.0,holdout,bvk2,4.053668504663181,0.85546875,0.5835066261318265,128,0.16,0.40625,false
unified-own-cell-lamella-v1,f0.5_chiN20,0.5,20.0,holdout,bvk2,4.053668504663181,0.859375,0.6040107487608197,128,0.16,0.40625,false
unified-own-cell-lamella-v1,f0.5_chiN20,0.5,20.0,holdout,bvk2,4.053668504663181,0.86328125,0.6237984846298783,128,0.16,0.40625,false
unified-own-cell-lamella-v1,f0.5_chiN20,0.5,20.0,holdout,bvk2,4.053668504663181,0.8671875,0.643586220498937,128,0.16,0.40625,false
unified-own-cell-lamella-v1,f0.5_chiN20,0.5,20.0,holdout,bvk2,4.053668504663181,0.87109375,0.6624250150975526,128,0.16,0.40625,false
unified-own-cell-lamella-v1,f0.5_chiN20,0.5,20.0,holdout,bvk2,4.053668504663181,0.875,0.6812638096961682,128,0.16,0.40625,false
unified-own-cell-lamella-v1,f0.5_chiN20,0.5,20.0,holdout,bvk2,4.053668504663181,0.87890625,0.698967918123447,128,0.16,0.40625,false
unified-own-cell-lamella-v1,f0.5_chiN20,0.5,20.0,holdout,bvk2,4.053668504663181,0.8828125,0.7166720265507259,128,0.16,0.40625,false
unified-own-cell-lamella-v1,f0.5_chiN20,0.5,20.0,holdout,bvk2,4.053668504663181,0.88671875,0.733107108424548,128,0.16,0.40625,false
unified-own-cell-lamella-v1,f0.5_chiN20,0.5,20.0,holdout,bvk2,4.053668504663181,0.890625,0.7495421902983701,128,0.16,0.40625,false
unified-own-cell-lamella-v1,f0.5_chiN20,0.5,20.0,holdout,bvk2,4.053668504663181,0.89453125,0.7646254893898463,128,0.16,0.40625,false
unified-own-cell-lamella-v1,f0.5_chiN20,0.5,20.0,holdout,bvk2,4.053668504663181,0.8984375,0.7797087884813224,128,0.16,0.40625,false
unified-own-cell-lamella-v1,f0.5_chiN20,0.5,20.0,holdout,bvk2,4.053668504663181,0.90234375,0.7934056157763318,128,0.16,0.40625,false
unified-own-cell-lamella-v1,f0.5_chiN20,0.5,20.0,holdout,bvk2,4.053668504663181,0.90625,0.8071024430713413,128,0.16,0.40625,false
unified-own-cell-lamella-v1,f0.5_chiN20,0.5,20.0,holdout,bvk2,4.053668504663181,0.91015625,0.8194200064329952,128,0.16,0.40625,false
unified-own-cell-lamella-v1,f0.5_chiN20,0.5,20.0,holdout,bvk2,4.053668504663181,0.9140625,0.8317375697946491,128,0.16,0.40625,false
unified-own-cell-lamella-v1,f0.5_chiN20,0.5,20.0,holdout,bvk2,4.053668504663181,0.91796875,0.8427172774031434,128,0.16,0.40625,false
unified-own-cell-lamella-v1,f0.5_chiN20,0.5,20.0,holdout,bvk2,4.053668504663181,0.921875,0.8536969850116377,128,0.16,0.40625,false
unified-own-cell-lamella-v1,f0.5_chiN20,0.5,20.0,holdout,bvk2,4.053668504663181,0.92578125,0.8634062437178234,128,0.16,0.40625,false
unified-own-cell-lamella-v1,f0.5_chiN20,0.5,20.0,holdout,bvk2,4.053668504663181,0.9296875,0.8731155024240089,128,0.16,0.40625,false
unified-own-cell-lamella-v1,f0.5_chiN20,0.5,20.0,holdout,bvk2,4.053668504663181,0.93359375,0.8816398121148532,128,0.16,0.40625,false
unified-own-cell-lamella-v1,f0.5_chiN20,0.5,20.0,holdout,bvk2,4.053668504663181,0.9375,0.8901641218056975,128,0.16,0.40625,false
unified-own-cell-lamella-v1,f0.5_chiN20,0.5,20.0,holdout,bvk2,4.053668504663181,0.94140625,0.8976000067253572,128,0.16,0.40625,false
unified-own-cell-lamella-v1,f0.5_chiN20,0.5,20.0,holdout,bvk2,4.053668504663181,0.9453125,0.905035891645017,128,0.16,0.40625,false
unified-own-cell-lamella-v1,f0.5_chiN20,0.5,20.0,holdout,bvk2,4.053668504663181,0.94921875,0.9114849644973808,128,0.16,0.40625,false
unified-own-cell-lamella-v1,f0.5_chiN20,0.5,20.0,holdout,bvk2,4.053668504663181,0.953125,0.9179340373497445,128,0.16,0.40625,false
unified-own-cell-lamella-v1,f0.5_chiN20,0.5,20.0,holdout,bvk2,4.053668504663181,0.95703125,0.9234982934557987,128,0.16,0.40625,false
unified-own-cell-lamella-v1,f0.5_chiN20,0.5,20.0,holdout,bvk2,4.053668504663181,0.9609375,0.9290625495618527,128,0.16,0.40625,false
unified-own-cell-lamella-v1,f0.5_chiN20,0.5,20.0,holdout,bvk2,4.053668504663181,0.96484375,0.9338408473740296,128,0.16,0.40625,false
unified-own-cell-lamella-v1,f0.5_chiN20,0.5,20.0,holdout,bvk2,4.053668504663181,0.96875,0.9386191451862064,128,0.16,0.40625,false
unified-own-cell-lamella-v1,f0.5_chiN20,0.5,20.0,holdout,bvk2,4.053668504663181,0.97265625,0.9427047431670368,128,0.16,0.40625,false
unified-own-cell-lamella-v1,f0.5_chiN20,0.5,20.0,holdout,bvk2,4.053668504663181,0.9765625,0.9467903411478671,128,0.16,0.40625,false
unified-own-cell-lamella-v1,f0.5_chiN20,0.5,20.0,holdout,bvk2,4.053668504663181,0.98046875,0.950269319306839,128,0.16,0.40625,false
unified-own-cell-lamella-v1,f0.5_chiN20,0.5,20.0,holdout,bvk2,4.053668504663181,0.984375,0.9537482974658108,128,0.16,0.40625,false
unified-own-cell-lamella-v1,f0.5_chiN20,0.5,20.0,holdout,bvk2,4.053668504663181,0.98828125,0.9566986826470848,128,0.16,0.40625,false
unified-own-cell-lamella-v1,f0.5_chiN20,0.5,20.0,holdout,bvk2,4.053668504663181,0.9921875,0.9596490678283588,128,0.16,0.40625,false
unified-own-cell-lamella-v1,f0.5_chiN20,0.5,20.0,holdout,bvk2,4.053668504663181,0.99609375,0.9621404944875203,128,0.16,0.40625,false
unified-own-cell-lamella-v1,f0.5_chiN25,0.5,25.0,train,bvk2,4.2781856010392465,0.0,0.27810580369702276,128,0.16,0.28125,true
unified-own-cell-lamella-v1,f0.5_chiN25,0.5,25.0,train,bvk2,4.2781856010392465,0.00390625,0.2578512082905323,128,0.16,0.28125,true
unified-own-cell-lamella-v1,f0.5_chiN25,0.5,25.0,train,bvk2,4.2781856010392465,0.0078125,0.23759661288404188,128,0.16,0.28125,true
unified-own-cell-lamella-v1,f0.5_chiN25,0.5,25.0,train,bvk2,4.2781856010392465,0.01171875,0.2194706119242168,128,0.16,0.28125,true
unified-own-cell-lamella-v1,f0.5_chiN25,0.5,25.0,train,bvk2,4.2781856010392465,0.015625,0.2013446109643917,128,0.16,0.28125,true
unified-own-cell-lamella-v1,f0.5_chiN25,0.5,25.0,train,bvk2,4.2781856010392465,0.01953125,0.18537410938239907,128,0.16,0.28125,true
unified-own-cell-lamella-v1,f0.5_chiN25,0.5,25.0,train,bvk2,4.2781856010392465,0.0234375,0.16940360780040653,128,0.16,0.28125,true
unified-own-cell-lamella-v1,f0.5_chiN25,0.5,25.0,train,bvk2,4.2781856010392465,0.02734375,0.15552558584204768,128,0.16,0.28125,true
unified-own-cell-lamella-v1,f0.5_chiN25,0.5,25.0,train,bvk2,4.2781856010392465,0.03125,0.14164756388368893,128,0.16,0.28125,true
unified-own-cell-lamella-v1,f0.5_chiN25,0.5,25.0,train,bvk2,4.2781856010392465,0.03515625,0.12973344228996708,128,0.16,0.28125,true
unified-own-cell-lamella-v1,f0.5_chiN25,0.5,25.0,train,bvk2,4.2781856010392465,0.0390625,0.11781932069624523,128,0.16,0.28125,true
unified-own-cell-lamella-v1,f0.5_chiN25,0.5,25.0,train,bvk2,4.2781856010392465,0.04296875,0.10769859729570253,128,0.16,0.28125,true
unified-own-cell-lamella-v1,f0.5_chiN25,0.5,25.0,train,bvk2,4.2781856010392465,0.046875,0.09757787389515982,128,0.16,0.28125,true
unified-own-cell-lamella-v1,f0.5_chiN25,0.5,25.0,train,bvk2,4.2781856010392465,0.05078125,0.0890584794198317,128,0.16,0.28125,true
unified-own-cell-lamella-v1,f0.5_chiN25,0.5,25.0,train,bvk2,4.2781856010392465,0.0546875,0.08053908494450357,128,0.16,0.28125,true
unified-own-cell-lamella-v1,f0.5_chiN25,0.5,25.0,train,bvk2,4.2781856010392465,0.05859375,0.0734233083556437,128,0.16,0.28125,true
unified-own-cell-lamella-v1,f0.5_chiN25,0.5,25.0,train,bvk2,4.2781856010392465,0.0625,0.06630753176678383,128,0.16,0.28125,true
unified-own-cell-lamella-v1,f0.5_chiN25,0.5,25.0,train,bvk2,4.2781856010392465,0.06640625,0.06040340668671518,128,0.16,0.28125,true
unified-own-cell-lamella-v1,f0.5_chiN25,0.5,25.0,train,bvk2,4.2781856010392465,0.0703125,0.05449928160664663,128,0.16,0.28125,true
unified-own-cell-lamella-v1,f0.5_chiN25,0.5,25.0,train,bvk2,4.2781856010392465,0.07421875,0.04962794959464789,128,0.16,0.28125,true
unified-own-cell-lamella-v1,f0.5_chiN25,0.5,25.0,train,bvk2,4.2781856010392465,0.078125,0.04475661758264904,128,0.16,0.28125,true
unified-own-cell-lamella-v1,f0.5_chiN25,0.5,25.0,train,bvk2,4.2781856010392465,0.08203125,0.04075646088825602,128,0.16,0.28125,true
unified-own-cell-lamella-v1,f0.5_chiN25,0.5,25.0,train,bvk2,4.2781856010392465,0.0859375,0.036756304193863,128,0.16,0.28125,true
unified-own-cell-lamella-v1,f0.5_chiN25,0.5,25.0,train,bvk2,4.2781856010392465,0.08984375,0.03348468262208004,128,0.16,0.28125,true
unified-own-cell-lamella-v1,f0.5_chiN25,0.5,25.0,train,bvk2,4.2781856010392465,0.09375,0.030213061050297196,128,0.16,0.28125,true
unified-own-cell-lamella-v1,f0.5_chiN25,0.5,25.0,train,bvk2,4.2781856010392465,0.09765625,0.027546399115056408,128,0.16,0.28125,true
unified-own-cell-lamella-v1,f0.5_chiN25,0.5,25.0,train,bvk2,4.2781856010392465,0.1015625,0.02487973717981551,128,0.16,0.28125,true
unified-own-cell-lamella-v1,f0.5_chiN25,0.5,25.0,train,bvk2,4.2781856010392465,0.10546875,0.022712565287011266,128,0.16,0.28125,true
unified-own-cell-lamella-v1,f0.5_chiN25,0.5,25.0,train,bvk2,4.2781856010392465,0.109375,0.020545393394207134,128,0.16,0.28125,true
unified-own-cell-lamella-v1,f0.5_chiN25,0.5,25.0,train,bvk2,4.2781856010392465,0.11328125,0.018788797323344486,128,0.16,0.28125,true
unified-own-cell-lamella-v1,f0.5_chiN25,0.5,25.0,train,bvk2,4.2781856010392465,0.1171875,0.017032201252481727,128,0.16,0.28125,true
unified-own-cell-lamella-v1,f0.5_chiN25,0.5,25.0,train,bvk2,4.2781856010392465,0.12109375,0.015612001596935432,128,0.16,0.28125,true
unified-own-cell-lamella-v1,f0.5_chiN25,0.5,25.0,train,bvk2,4.2781856010392465,0.125,0.014191801941389248,128,0.16,0.28125,true
unified-own-cell-lamella-v1,f0.5_chiN25,0.5,25.0,train,bvk2,4.2781856010392465,0.12890625,0.01304667811255622,128,0.16,0.28125,true
unified-own-cell-lamella-v1,f0.5_chiN25,0.5,25.0,train,bvk2,4.2781856010392465,0.1328125,0.011901554283723192,128,0.16,0.28125,true
unified-own-cell-lamella-v1,f0.5_chiN25,0.5,25.0,train,bvk2,4.2781856010392465,0.13671875,0.010981245966878106,128,0.16,0.28125,true
unified-own-cell-lamella-v1,f0.5_chiN25,0.5,25.0,train,bvk2,4.2781856010392465,0.140625,0.01006093765003313,128,0.16,0.28125,true
unified-own-cell-lamella-v1,f0.5_chiN25,0.5,25.0,train,bvk2,4.2781856010392465,0.14453125,0.009324594629187777,128,0.16,0.28125,true
unified-own-cell-lamella-v1,f0.5_chiN25,0.5,25.0,train,bvk2,4.2781856010392465,0.1484375,0.008588251608342534,128,0.16,0.28125,true
unified-own-cell-lamella-v1,f0.5_chiN25,0.5,25.0,train,bvk2,4.2781856010392465,0.15234375,0.008002949838727513,128,0.16,0.28125,true
unified-own-cell-lamella-v1,f0.5_chiN25,0.5,25.0,train,bvk2,4.2781856010392465,0.15625,0.007417648069112381,128,0.16,0.28125,true
unified-own-cell-lamella-v1,f0.5_chiN25,0.5,25.0,train,bvk2,4.2781856010392465,0.16015625,0.00695702660095332,128,0.16,0.28125,true
unified-own-cell-lamella-v1,f0.5_chiN25,0.5,25.0,train,bvk2,4.2781856010392465,0.1640625,0.0064964051327942585,128,0.16,0.28125,true
unified-own-cell-lamella-v1,f0.5_chiN25,0.5,25.0,train,bvk2,4.2781856010392465,0.16796875,0.006139287392539661,128,0.16,0.28125,true
unified-own-cell-lamella-v1,f0.5_chiN25,0.5,25.0,train,bvk2,4.2781856010392465,0.171875,0.005782169652284952,128,0.16,0.28125,true
unified-own-cell-lamella-v1,f0.5_chiN25,0.5,25.0,train,bvk2,4.2781856010392465,0.17578125,0.005511064731034132,128,0.16,0.28125,true
unified-own-cell-lamella-v1,f0.5_chiN25,0.5,25.0,train,bvk2,4.2781856010392465,0.1796875,0.005239959809783312,128,0.16,0.28125,true
unified-own-cell-lamella-v1,f0.5_chiN25,0.5,25.0,train,bvk2,4.2781856010392465,0.18359375,0.005040087487890421,128,0.16,0.28125,true
unified-own-cell-lamella-v1,f0.5_chiN25,0.5,25.0,train,bvk2,4.2781856010392465,0.1875,0.00484021516599753,128,0.16,0.28125,true
unified-own-cell-lamella-v1,f0.5_chiN25,0.5,25.0,train,bvk2,4.2781856010392465,0.19140625,0.004699819809361405,128,0.16,0.28125,true
unified-own-cell-lamella-v1,f0.5_chiN25,0.5,25.0,train,bvk2,4.2781856010392465,0.1953125,0.00455942445272528,128,0.16,0.28125,true
unified-own-cell-lamella-v1,f0.5_chiN25,0.5,25.0,train,bvk2,4.2781856010392465,0.19921875,0.004470142548079981,128,0.16,0.28125,true
unified-own-cell-lamella-v1,f0.5_chiN25,0.5,25.0,train,bvk2,4.2781856010392465,0.203125,0.00438086064343457,128,0.16,0.28125,true
unified-own-cell-lamella-v1,f0.5_chiN25,0.5,25.0,train,bvk2,4.2781856010392465,0.20703125,0.004337466099353593,128,0.16,0.28125,true
unified-own-cell-lamella-v1,f0.5_chiN25,0.5,25.0,train,bvk2,4.2781856010392465,0.2109375,0.004294071555272616,128,0.16,0.28125,true
unified-own-cell-lamella-v1,f0.5_chiN25,0.5,25.0,train,bvk2,4.2781856010392465,0.21484375,0.004294071555272616,128,0.16,0.28125,true
unified-own-cell-lamella-v1,f0.5_chiN25,0.5,25.0,train,bvk2,4.2781856010392465,0.21875,0.004294071555272616,128,0.16,0.28125,true
unified-own-cell-lamella-v1,f0.5_chiN25,0.5,25.0,train,bvk2,4.2781856010392465,0.22265625,0.004337466099353593,128,0.16,0.28125,true
unified-own-cell-lamella-v1,f0.5_chiN25,0.5,25.0,train,bvk2,4.2781856010392465,0.2265625,0.00438086064343457,128,0.16,0.28125,true
unified-own-cell-lamella-v1,f0.5_chiN25,0.5,25.0,train,bvk2,4.2781856010392465,0.23046875,0.004470142548079981,128,0.16,0.28125,true
unified-own-cell-lamella-v1,f0.5_chiN25,0.5,25.0,train,bvk2,4.2781856010392465,0.234375,0.00455942445272528,128,0.16,0.28125,true
unified-own-cell-lamella-v1,f0.5_chiN25,0.5,25.0,train,bvk2,4.2781856010392465,0.23828125,0.004699819809361405,128,0.16,0.28125,true
unified-own-cell-lamella-v1,f0.5_chiN25,0.5,25.0,train,bvk2,4.2781856010392465,0.2421875,0.00484021516599753,128,0.16,0.28125,true
unified-own-cell-lamella-v1,f0.5_chiN25,0.5,25.0,train,bvk2,4.2781856010392465,0.24609375,0.005040087487890421,128,0.16,0.28125,true
unified-own-cell-lamella-v1,f0.5_chiN25,0.5,25.0,train,bvk2,4.2781856010392465,0.25,0.005239959809783312,128,0.16,0.28125,true
unified-own-cell-lamella-v1,f0.5_chiN25,0.5,25.0,train,bvk2,4.2781856010392465,0.25390625,0.005511064731034132,128,0.16,0.28125,true
unified-own-cell-lamella-v1,f0.5_chiN25,0.5,25.0,train,bvk2,4.2781856010392465,0.2578125,0.005782169652284952,128,0.16,0.28125,true
unified-own-cell-lamella-v1,f0.5_chiN25,0.5,25.0,train,bvk2,4.2781856010392465,0.26171875,0.006139287392539661,128,0.16,0.28125,true
unified-own-cell-lamella-v1,f0.5_chiN25,0.5,25.0,train,bvk2,4.2781856010392465,0.265625,0.0064964051327942585,128,0.16,0.28125,true
unified-own-cell-lamella-v1,f0.5_chiN25,0.5,25.0,train,bvk2,4.2781856010392465,0.26953125,0.00695702660095332,128,0.16,0.28125,true
unified-own-cell-lamella-v1,f0.5_chiN25,0.5,25.0,train,bvk2,4.2781856010392465,0.2734375,0.007417648069112381,128,0.16,0.28125,true
unified-own-cell-lamella-v1,f0.5_chiN25,0.5,25.0,train,bvk2,4.2781856010392465,0.27734375,0.008002949838727513,128,0.16,0.28125,true
unified-own-cell-lamella-v1,f0.5_chiN25,0.5,25.0,train,bvk2,4.2781856010392465,0.28125,0.008588251608342534,128,0.16,0.28125,true
unified-own-cell-lamella-v1,f0.5_chiN25,0.5,25.0,train,bvk2,4.2781856010392465,0.28515625,0.009324594629187777,128,0.16,0.28125,true
unified-own-cell-lamella-v1,f0.5_chiN25,0.5,25.0,train,bvk2,4.2781856010392465,0.2890625,0.01006093765003313,128,0.16,0.28125,true
unified-own-cell-lamella-v1,f0.5_chiN25,0.5,25.0,train,bvk2,4.2781856010392465,0.29296875,0.010981245966878106,128,0.16,0.28125,true
unified-own-cell-lamella-v1,f0.5_chiN25,0.5,25.0,train,bvk2,4.2781856010392465,0.296875,0.011901554283723192,128,0.16,0.28125,true
unified-own-cell-lamella-v1,f0.5_chiN25,0.5,25.0,train,bvk2,4.2781856010392465,0.30078125,0.01304667811255622,128,0.16,0.28125,true
unified-own-cell-lamella-v1,f0.5_chiN25,0.5,25.0,train,bvk2,4.2781856010392465,0.3046875,0.014191801941389248,128,0.16,0.28125,true
unified-own-cell-lamella-v1,f0.5_chiN25,0.5,25.0,train,bvk2,4.2781856010392465,0.30859375,0.015612001596935432,128,0.16,0.28125,true
unified-own-cell-lamella-v1,f0.5_chiN25,0.5,25.0,train,bvk2,4.2781856010392465,0.3125,0.017032201252481727,128,0.16,0.28125,true
unified-own-cell-lamella-v1,f0.5_chiN25,0.5,25.0,train,bvk2,4.2781856010392465,0.31640625,0.018788797323344486,128,0.16,0.28125,true
unified-own-cell-lamella-v1,f0.5_chiN25,0.5,25.0,train,bvk2,4.2781856010392465,0.3203125,0.020545393394207134,128,0.16,0.28125,true
unified-own-cell-lamella-v1,f0.5_chiN25,0.5,25.0,train,bvk2,4.2781856010392465,0.32421875,0.022712565287011266,128,0.16,0.28125,true
unified-own-cell-lamella-v1,f0.5_chiN25,0.5,25.0,train,bvk2,4.2781856010392465,0.328125,0.02487973717981551,128,0.16,0.28125,true
unified-own-cell-lamella-v1,f0.5_chiN25,0.5,25.0,train,bvk2,4.2781856010392465,0.33203125,0.027546399115056408,128,0.16,0.28125,true
unified-own-cell-lamella-v1,f0.5_chiN25,0.5,25.0,train,bvk2,4.2781856010392465,0.3359375,0.030213061050297196,128,0.16,0.28125,true
unified-own-cell-lamella-v1,f0.5_chiN25,0.5,25.0,train,bvk2,4.2781856010392465,0.33984375,0.03348468262208004,128,0.16,0.28125,true
unified-own-cell-lamella-v1,f0.5_chiN25,0.5,25.0,train,bvk2,4.2781856010392465,0.34375,0.036756304193863,128,0.16,0.28125,true
unified-own-cell-lamella-v1,f0.5_chiN25,0.5,25.0,train,bvk2,4.2781856010392465,0.34765625,0.04075646088825602,128,0.16,0.28125,true
unified-own-cell-lamella-v1,f0.5_chiN25,0.5,25.0,train,bvk2,4.2781856010392465,0.3515625,0.04475661758264904,128,0.16,0.28125,true
unified-own-cell-lamella-v1,f0.5_chiN25,0.5,25.0,train,bvk2,4.2781856010392465,0.35546875,0.04962794959464767,128,0.16,0.28125,true
unified-own-cell-lamella-v1,f0.5_chiN25,0.5,25.0,train,bvk2,4.2781856010392465,0.359375,0.05449928160664641,128,0.16,0.28125,true
unified-own-cell-lamella-v1,f0.5_chiN25,0.5,25.0,train,bvk2,4.2781856010392465,0.36328125,0.06040340668671518,128,0.16,0.28125,true
unified-own-cell-lamella-v1,f0.5_chiN25,0.5,25.0,train,bvk2,4.2781856010392465,0.3671875,0.06630753176678383,128,0.16,0.28125,true
unified-own-cell-lamella-v1,f0.5_chiN25,0.5,25.0,train,bvk2,4.2781856010392465,0.37109375,0.07342330835564359,128,0.16,0.28125,true
unified-own-cell-lamella-v1,f0.5_chiN25,0.5,25.0,train,bvk2,4.2781856010392465,0.375,0.08053908494450335,128,0.16,0.28125,true
unified-own-cell-lamella-v1,f0.5_chiN25,0.5,25.0,train,bvk2,4.2781856010392465,0.37890625,0.08905847941983147,128,0.16,0.28125,true
unified-own-cell-lamella-v1,f0.5_chiN25,0.5,25.0,train,bvk2,4.2781856010392465,0.3828125,0.0975778738951597,128,0.16,0.28125,true
unified-own-cell-lamella-v1,f0.5_chiN25,0.5,25.0,train,bvk2,4.2781856010392465,0.38671875,0.10769859729570253,128,0.16,0.28125,true
unified-own-cell-lamella-v1,f0.5_chiN25,0.5,25.0,train,bvk2,4.2781856010392465,0.390625,0.11781932069624523,128,0.16,0.28125,true
unified-own-cell-lamella-v1,f0.5_chiN25,0.5,25.0,train,bvk2,4.2781856010392465,0.39453125,0.12973344228996675,128,0.16,0.28125,true
unified-own-cell-lamella-v1,f0.5_chiN25,0.5,25.0,train,bvk2,4.2781856010392465,0.3984375,0.14164756388368838,128,0.16,0.28125,true
unified-own-cell-lamella-v1,f0.5_chiN25,0.5,25.0,train,bvk2,4.2781856010392465,0.40234375,0.15552558584204745,128,0.16,0.28125,true
unified-own-cell-lamella-v1,f0.5_chiN25,0.5,25.0,train,bvk2,4.2781856010392465,0.40625,0.16940360780040664,128,0.16,0.28125,true
unified-own-cell-lamella-v1,f0.5_chiN25,0.5,25.0,train,bvk2,4.2781856010392465,0.41015625,0.18537410938239918,128,0.16,0.28125,true
unified-own-cell-lamella-v1,f0.5_chiN25,0.5,25.0,train,bvk2,4.2781856010392465,0.4140625,0.2013446109643917,128,0.16,0.28125,true
unified-own-cell-lamella-v1,f0.5_chiN25,0.5,25.0,train,bvk2,4.2781856010392465,0.41796875,0.21947061192421669,128,0.16,0.28125,true
unified-own-cell-lamella-v1,f0.5_chiN25,0.5,25.0,train,bvk2,4.2781856010392465,0.421875,0.23759661288404177,128,0.16,0.28125,true
unified-own-cell-lamella-v1,f0.5_chiN25,0.5,25.0,train,bvk2,4.2781856010392465,0.42578125,0.2578512082905321,128,0.16,0.28125,true
unified-own-cell-lamella-v1,f0.5_chiN25,0.5,25.0,train,bvk2,4.2781856010392465,0.4296875,0.2781058036970224,128,0.16,0.28125,true
unified-own-cell-lamella-v1,f0.5_chiN25,0.5,25.0,train,bvk2,4.2781856010392465,0.43359375,0.3003511113612739,128,0.16,0.28125,true
unified-own-cell-lamella-v1,f0.5_chiN25,0.5,25.0,train,bvk2,4.2781856010392465,0.4375,0.3225964190255254,128,0.16,0.28125,true
unified-own-cell-lamella-v1,f0.5_chiN25,0.5,25.0,train,bvk2,4.2781856010392465,0.44140625,0.34657092418074753,128,0.16,0.28125,true
unified-own-cell-lamella-v1,f0.5_chiN25,0.5,25.0,train,bvk2,4.2781856010392465,0.4453125,0.3705454293359697,128,0.16,0.28125,true
unified-own-cell-lamella-v1,f0.5_chiN25,0.5,25.0,train,bvk2,4.2781856010392465,0.44921875,0.3958647262306054,128,0.16,0.28125,true
unified-own-cell-lamella-v1,f0.5_chiN25,0.5,25.0,train,bvk2,4.2781856010392465,0.453125,0.42118402312524117,128,0.16,0.28125,true
unified-own-cell-lamella-v1,f0.5_chiN25,0.5,25.0,train,bvk2,4.2781856010392465,0.45703125,0.44735820899947765,128,0.16,0.28125,true
unified-own-cell-lamella-v1,f0.5_chiN25,0.5,25.0,train,bvk2,4.2781856010392465,0.4609375,0.473532394873714,128,0.16,0.28125,true
unified-own-cell-lamella-v1,f0.5_chiN25,0.5,25.0,train,bvk2,4.2781856010392465,0.46484375,0.49999999999976785,128,0.16,0.28125,true
unified-own-cell-lamella-v1,f0.5_chiN25,0.5,25.0,train,bvk2,4.2781856010392465,0.46875,0.5264676051258217,128,0.16,0.28125,true
unified-own-cell-lamella-v1,f0.5_chiN25,0.5,25.0,train,bvk2,4.2781856010392465,0.47265625,0.5526417910000421,128,0.16,0.28125,true
unified-own-cell-lamella-v1,f0.5_chiN25,0.5,25.0,train,bvk2,4.2781856010392465,0.4765625,0.5788159768742626,128,0.16,0.28125,true
unified-own-cell-lamella-v1,f0.5_chiN25,0.5,25.0,train,bvk2,4.2781856010392465,0.48046875,0.6041352737688535,128,0.16,0.28125,true
unified-own-cell-lamella-v1,f0.5_chiN25,0.5,25.0,train,bvk2,4.2781856010392465,0.484375,0.6294545706634443,128,0.16,0.28125,true
unified-own-cell-lamella-v1,f0.5_chiN25,0.5,25.0,train,bvk2,4.2781856010392465,0.48828125,0.6534290758185992,128,0.16,0.28125,true
unified-own-cell-lamella-v1,f0.5_chiN25,0.5,25.0,train,bvk2,4.2781856010392465,0.4921875,0.6774035809737541,128,0.16,0.28125,true
unified-own-cell-lamella-v1,f0.5_chiN25,0.5,25.0,train,bvk2,4.2781856010392465,0.49609375,0.6996488886379404,128,0.16,0.28125,true
unified-own-cell-lamella-v1,f0.5_chiN25,0.5,25.0,train,bvk2,4.2781856010392465,0.5,0.7218941963021267,128,0.16,0.28125,true
unified-own-cell-lamella-v1,f0.5_chiN25,0.5,25.0,train,bvk2,4.2781856010392465,0.50390625,0.7421487917085283,128,0.16,0.28125,true
unified-own-cell-lamella-v1,f0.5_chiN25,0.5,25.0,train,bvk2,4.2781856010392465,0.5078125,0.7624033871149298,128,0.16,0.28125,true
unified-own-cell-lamella-v1,f0.5_chiN25,0.5,25.0,train,bvk2,4.2781856010392465,0.51171875,0.7805293880746518,128,0.16,0.28125,true
unified-own-cell-lamella-v1,f0.5_chiN25,0.5,25.0,train,bvk2,4.2781856010392465,0.515625,0.7986553890343737,128,0.16,0.28125,true
unified-own-cell-lamella-v1,f0.5_chiN25,0.5,25.0,train,bvk2,4.2781856010392465,0.51953125,0.8146258906162214,128,0.16,0.28125,true
unified-own-cell-lamella-v1,f0.5_chiN25,0.5,25.0,train,bvk2,4.2781856010392465,0.5234375,0.830596392198069,128,0.16,0.28125,true
unified-own-cell-lamella-v1,f0.5_chiN25,0.5,25.0,train,bvk2,4.2781856010392465,0.52734375,0.8444744141564156,128,0.16,0.28125,true
unified-own-cell-lamella-v1,f0.5_chiN25,0.5,25.0,train,bvk2,4.2781856010392465,0.53125,0.8583524361147623,128,0.16,0.28125,true
unified-own-cell-lamella-v1,f0.5_chiN25,0.5,25.0,train,bvk2,4.2781856010392465,0.53515625,0.8702665577093205,128,0.16,0.28125,true
unified-own-cell-lamella-v1,f0.5_chiN25,0.5,25.0,train,bvk2,4.2781856010392465,0.5390625,0.8821806793038789,128,0.16,0.28125,true
unified-own-cell-lamella-v1,f0.5_chiN25,0.5,25.0,train,bvk2,4.2781856010392465,0.54296875,0.892301402704811,128,0.16,0.28125,true
unified-own-cell-lamella-v1,f0.5_chiN25,0.5,25.0,train,bvk2,4.2781856010392465,0.546875,0.9024221261057431,128,0.16,0.28125,true
unified-own-cell-lamella-v1,f0.5_chiN25,0.5,25.0,train,bvk2,4.2781856010392465,0.55078125,0.9109415205813673,128,0.16,0.28125,true
unified-own-cell-lamella-v1,f0.5_chiN25,0.5,25.0,train,bvk2,4.2781856010392465,0.5546875,0.9194609150569916,128,0.16,0.28125,true
unified-own-cell-lamella-v1,f0.5_chiN25,0.5,25.0,train,bvk2,4.2781856010392465,0.55859375,0.9265766916461217,128,0.16,0.28125,true
unified-own-cell-lamella-v1,f0.5_chiN25,0.5,25.0,train,bvk2,4.2781856010392465,0.5625,0.9336924682352518,128,0.16,0.28125,true
unified-own-cell-lamella-v1,f0.5_chiN25,0.5,25.0,train,bvk2,4.2781856010392465,0.56640625,0.9395965933152765,128,0.16,0.28125,true
unified-own-cell-lamella-v1,f0.5_chiN25,0.5,25.0,train,bvk2,4.2781856010392465,0.5703125,0.9455007183953013,128,0.16,0.28125,true
unified-own-cell-lamella-v1,f0.5_chiN25,0.5,25.0,train,bvk2,4.2781856010392465,0.57421875,0.9503720504073485,128,0.16,0.28125,true
unified-own-cell-lamella-v1,f0.5_chiN25,0.5,25.0,train,bvk2,4.2781856010392465,0.578125,0.9552433824193958,128,0.16,0.28125,true
unified-own-cell-lamella-v1,f0.5_chiN25,0.5,25.0,train,bvk2,4.2781856010392465,0.58203125,0.9592435391138399,128,0.16,0.28125,true
unified-own-cell-lamella-v1,f0.5_chiN25,0.5,25.0,train,bvk2,4.2781856010392465,0.5859375,0.963243695808284,128,0.16,0.28125,true
unified-own-cell-lamella-v1,f0.5_chiN25,0.5,25.0,train,bvk2,4.2781856010392465,0.58984375,0.9665153173800569,128,0.16,0.28125,true
unified-own-cell-lamella-v1,f0.5_chiN25,0.5,25.0,train,bvk2,4.2781856010392465,0.59375,0.96978693895183,128,0.16,0.28125,true
unified-own-cell-lamella-v1,f0.5_chiN25,0.5,25.0,train,bvk2,4.2781856010392465,0.59765625,0.9724536008868345,128,0.16,0.28125,true
unified-own-cell-lamella-v1,f0.5_chiN25,0.5,25.0,train,bvk2,4.2781856010392465,0.6015625,0.9751202628218391,128,0.16,0.28125,true
unified-own-cell-lamella-v1,f0.5_chiN25,0.5,25.0,train,bvk2,4.2781856010392465,0.60546875,0.9772874347143059,128,0.16,0.28125,true
unified-own-cell-lamella-v1,f0.5_chiN25,0.5,25.0,train,bvk2,4.2781856010392465,0.609375,0.9794546066067729,128,0.16,0.28125,true
unified-own-cell-lamella-v1,f0.5_chiN25,0.5,25.0,train,bvk2,4.2781856010392465,0.61328125,0.9812112026773393,128,0.16,0.28125,true
unified-own-cell-lamella-v1,f0.5_chiN25,0.5,25.0,train,bvk2,4.2781856010392465,0.6171875,0.9829677987479059,128,0.16,0.28125,true
unified-own-cell-lamella-v1,f0.5_chiN25,0.5,25.0,train,bvk2,4.2781856010392465,0.62109375,0.9843879984029994,128,0.16,0.28125,true
unified-own-cell-lamella-v1,f0.5_chiN25,0.5,25.0,train,bvk2,4.2781856010392465,0.625,0.985808198058093,128,0.16,0.28125,true
unified-own-cell-lamella-v1,f0.5_chiN25,0.5,25.0,train,bvk2,4.2781856010392465,0.62890625,0.9869533218865366,128,0.16,0.28125,true
unified-own-cell-lamella-v1,f0.5_chiN25,0.5,25.0,train,bvk2,4.2781856010392465,0.6328125,0.9880984457149802,128,0.16,0.28125,true
unified-own-cell-lamella-v1,f0.5_chiN25,0.5,25.0,train,bvk2,4.2781856010392465,0.63671875,0.9890187540313786,128,0.16,0.28125,true
unified-own-cell-lamella-v1,f0.5_chiN25,0.5,25.0,train,bvk2,4.2781856010392465,0.640625,0.9899390623477772,128,0.16,0.28125,true
unified-own-cell-lamella-v1,f0.5_chiN25,0.5,25.0,train,bvk2,4.2781856010392465,0.64453125,0.9906754053700333,128,0.16,0.28125,true
unified-own-cell-lamella-v1,f0.5_chiN25,0.5,25.0,train,bvk2,4.2781856010392465,0.6484375,0.9914117483922893,128,0.16,0.28125,true
unified-own-cell-lamella-v1,f0.5_chiN25,0.5,25.0,train,bvk2,4.2781856010392465,0.65234375,0.99199705016283,128,0.16,0.28125,true
unified-own-cell-lamella-v1,f0.5_chiN25,0.5,25.0,train,bvk2,4.2781856010392465,0.65625,0.9925823519333706,128,0.16,0.28125,true
unified-own-cell-lamella-v1,f0.5_chiN25,0.5,25.0,train,bvk2,4.2781856010392465,0.66015625,0.9930429733964676,128,0.16,0.28125,true
unified-own-cell-lamella-v1,f0.5_chiN25,0.5,25.0,train,bvk2,4.2781856010392465,0.6640625,0.9935035948595647,128,0.16,0.28125,true
unified-own-cell-lamella-v1,f0.5_chiN25,0.5,25.0,train,bvk2,4.2781856010392465,0.66796875,0.9938607126054324,128,0.16,0.28125,true
unified-own-cell-lamella-v1,f0.5_chiN25,0.5,25.0,train,bvk2,4.2781856010392465,0.671875,0.9942178303513002,128,0.16,0.28125,true
unified-own-cell-lamella-v1,f0.5_chiN25,0.5,25.0,train,bvk2,4.2781856010392465,0.67578125,0.9944889352685349,128,0.16,0.28125,true
unified-own-cell-lamella-v1,f0.5_chiN25,0.5,25.0,train,bvk2,4.2781856010392465,0.6796875,0.9947600401857696,128,0.16,0.28125,true
unified-own-cell-lamella-v1,f0.5_chiN25,0.5,25.0,train,bvk2,4.2781856010392465,0.68359375,0.9949599125101334,128,0.16,0.28125,true
unified-own-cell-lamella-v1,f0.5_chiN25,0.5,25.0,train,bvk2,4.2781856010392465,0.6875,0.9951597848344971,128,0.16,0.28125,true
unified-own-cell-lamella-v1,f0.5_chiN25,0.5,25.0,train,bvk2,4.2781856010392465,0.69140625,0.9953001801911434,128,0.16,0.28125,true
unified-own-cell-lamella-v1,f0.5_chiN25,0.5,25.0,train,bvk2,4.2781856010392465,0.6953125,0.9954405755477898,128,0.16,0.28125,true
unified-own-cell-lamella-v1,f0.5_chiN25,0.5,25.0,train,bvk2,4.2781856010392465,0.69921875,0.9955298574524137,128,0.16,0.28125,true
unified-own-cell-lamella-v1,f0.5_chiN25,0.5,25.0,train,bvk2,4.2781856010392465,0.703125,0.9956191393570378,128,0.16,0.28125,true
unified-own-cell-lamella-v1,f0.5_chiN25,0.5,25.0,train,bvk2,4.2781856010392465,0.70703125,0.995662533901141,128,0.16,0.28125,true
unified-own-cell-lamella-v1,f0.5_chiN25,0.5,25.0,train,bvk2,4.2781856010392465,0.7109375,0.9957059284452442,128,0.16,0.28125,true
unified-own-cell-lamella-v1,f0.5_chiN25,0.5,25.0,train,bvk2,4.2781856010392465,0.71484375,0.9957059284452442,128,0.16,0.28125,true
unified-own-cell-lamella-v1,f0.5_chiN25,0.5,25.0,train,bvk2,4.2781856010392465,0.71875,0.9957059284452442,128,0.16,0.28125,true
unified-own-cell-lamella-v1,f0.5_chiN25,0.5,25.0,train,bvk2,4.2781856010392465,0.72265625,0.995662533901141,128,0.16,0.28125,true
unified-own-cell-lamella-v1,f0.5_chiN25,0.5,25.0,train,bvk2,4.2781856010392465,0.7265625,0.9956191393570378,128,0.16,0.28125,true
unified-own-cell-lamella-v1,f0.5_chiN25,0.5,25.0,train,bvk2,4.2781856010392465,0.73046875,0.9955298574524137,128,0.16,0.28125,true
unified-own-cell-lamella-v1,f0.5_chiN25,0.5,25.0,train,bvk2,4.2781856010392465,0.734375,0.9954405755477898,128,0.16,0.28125,true
unified-own-cell-lamella-v1,f0.5_chiN25,0.5,25.0,train,bvk2,4.2781856010392465,0.73828125,0.9953001801911434,128,0.16,0.28125,true
unified-own-cell-lamella-v1,f0.5_chiN25,0.5,25.0,train,bvk2,4.2781856010392465,0.7421875,0.9951597848344971,128,0.16,0.28125,true
unified-own-cell-lamella-v1,f0.5_chiN25,0.5,25.0,train,bvk2,4.2781856010392465,0.74609375,0.9949599125101334,128,0.16,0.28125,true
unified-own-cell-lamella-v1,f0.5_chiN25,0.5,25.0,train,bvk2,4.2781856010392465,0.75,0.9947600401857696,128,0.16,0.28125,true
unified-own-cell-lamella-v1,f0.5_chiN25,0.5,25.0,train,bvk2,4.2781856010392465,0.75390625,0.9944889352685349,128,0.16,0.28125,true
unified-own-cell-lamella-v1,f0.5_chiN25,0.5,25.0,train,bvk2,4.2781856010392465,0.7578125,0.9942178303513002,128,0.16,0.28125,true
unified-own-cell-lamella-v1,f0.5_chiN25,0.5,25.0,train,bvk2,4.2781856010392465,0.76171875,0.9938607126054324,128,0.16,0.28125,true
unified-own-cell-lamella-v1,f0.5_chiN25,0.5,25.0,train,bvk2,4.2781856010392465,0.765625,0.9935035948595647,128,0.16,0.28125,true
unified-own-cell-lamella-v1,f0.5_chiN25,0.5,25.0,train,bvk2,4.2781856010392465,0.76953125,0.9930429733964677,128,0.16,0.28125,true
unified-own-cell-lamella-v1,f0.5_chiN25,0.5,25.0,train,bvk2,4.2781856010392465,0.7734375,0.9925823519333706,128,0.16,0.28125,true
unified-own-cell-lamella-v1,f0.5_chiN25,0.5,25.0,train,bvk2,4.2781856010392465,0.77734375,0.99199705016283,128,0.16,0.28125,true
unified-own-cell-lamella-v1,f0.5_chiN25,0.5,25.0,train,bvk2,4.2781856010392465,0.78125,0.9914117483922893,128,0.16,0.28125,true
unified-own-cell-lamella-v1,f0.5_chiN25,0.5,25.0,train,bvk2,4.2781856010392465,0.78515625,0.9906754053700333,128,0.16,0.28125,true
unified-own-cell-lamella-v1,f0.5_chiN25,0.5,25.0,train,bvk2,4.2781856010392465,0.7890625,0.9899390623477772,128,0.16,0.28125,true
unified-own-cell-lamella-v1,f0.5_chiN25,0.5,25.0,train,bvk2,4.2781856010392465,0.79296875,0.9890187540313786,128,0.16,0.28125,true
unified-own-cell-lamella-v1,f0.5_chiN25,0.5,25.0,train,bvk2,4.2781856010392465,0.796875,0.9880984457149802,128,0.16,0.28125,true
unified-own-cell-lamella-v1,f0.5_chiN25,0.5,25.0,train,bvk2,4.2781856010392465,0.80078125,0.9869533218865366,128,0.16,0.28125,true
unified-own-cell-lamella-v1,f0.5_chiN25,0.5,25.0,train,bvk2,4.2781856010392465,0.8046875,0.985808198058093,128,0.16,0.28125,true
unified-own-cell-lamella-v1,f0.5_chiN25,0.5,25.0,train,bvk2,4.2781856010392465,0.80859375,0.9843879984029994,128,0.16,0.28125,true
unified-own-cell-lamella-v1,f0.5_chiN25,0.5,25.0,train,bvk2,4.2781856010392465,0.8125,0.9829677987479059,128,0.16,0.28125,true
unified-own-cell-lamella-v1,f0.5_chiN25,0.5,25.0,train,bvk2,4.2781856010392465,0.81640625,0.9812112026773394,128,0.16,0.28125,true
unified-own-cell-lamella-v1,f0.5_chiN25,0.5,25.0,train,bvk2,4.2781856010392465,0.8203125,0.979454606606773,128,0.16,0.28125,true
unified-own-cell-lamella-v1,f0.5_chiN25,0.5,25.0,train,bvk2,4.2781856010392465,0.82421875,0.977287434714306,128,0.16,0.28125,true
unified-own-cell-lamella-v1,f0.5_chiN25,0.5,25.0,train,bvk2,4.2781856010392465,0.828125,0.9751202628218391,128,0.16,0.28125,true
unified-own-cell-lamella-v1,f0.5_chiN25,0.5,25.0,train,bvk2,4.2781856010392465,0.83203125,0.9724536008868345,128,0.16,0.28125,true
unified-own-cell-lamella-v1,f0.5_chiN25,0.5,25.0,train,bvk2,4.2781856010392465,0.8359375,0.96978693895183,128,0.16,0.28125,true
unified-own-cell-lamella-v1,f0.5_chiN25,0.5,25.0,train,bvk2,4.2781856010392465,0.83984375,0.9665153173800569,128,0.16,0.28125,true
unified-own-cell-lamella-v1,f0.5_chiN25,0.5,25.0,train,bvk2,4.2781856010392465,0.84375,0.963243695808284,128,0.16,0.28125,true
unified-own-cell-lamella-v1,f0.5_chiN25,0.5,25.0,train,bvk2,4.2781856010392465,0.84765625,0.9592435391138399,128,0.16,0.28125,true
unified-own-cell-lamella-v1,f0.5_chiN25,0.5,25.0,train,bvk2,4.2781856010392465,0.8515625,0.9552433824193958,128,0.16,0.28125,true
unified-own-cell-lamella-v1,f0.5_chiN25,0.5,25.0,train,bvk2,4.2781856010392465,0.85546875,0.9503720504073485,128,0.16,0.28125,true
unified-own-cell-lamella-v1,f0.5_chiN25,0.5,25.0,train,bvk2,4.2781856010392465,0.859375,0.9455007183953011,128,0.16,0.28125,true
unified-own-cell-lamella-v1,f0.5_chiN25,0.5,25.0,train,bvk2,4.2781856010392465,0.86328125,0.9395965933152766,128,0.16,0.28125,true
unified-own-cell-lamella-v1,f0.5_chiN25,0.5,25.0,train,bvk2,4.2781856010392465,0.8671875,0.9336924682352519,128,0.16,0.28125,true
unified-own-cell-lamella-v1,f0.5_chiN25,0.5,25.0,train,bvk2,4.2781856010392465,0.87109375,0.9265766916461218,128,0.16,0.28125,true
unified-own-cell-lamella-v1,f0.5_chiN25,0.5,25.0,train,bvk2,4.2781856010392465,0.875,0.9194609150569917,128,0.16,0.28125,true
unified-own-cell-lamella-v1,f0.5_chiN25,0.5,25.0,train,bvk2,4.2781856010392465,0.87890625,0.9109415205813675,128,0.16,0.28125,true
unified-own-cell-lamella-v1,f0.5_chiN25,0.5,25.0,train,bvk2,4.2781856010392465,0.8828125,0.9024221261057432,128,0.16,0.28125,true
unified-own-cell-lamella-v1,f0.5_chiN25,0.5,25.0,train,bvk2,4.2781856010392465,0.88671875,0.8923014027048111,128,0.16,0.28125,true
unified-own-cell-lamella-v1,f0.5_chiN25,0.5,25.0,train,bvk2,4.2781856010392465,0.890625,0.8821806793038788,128,0.16,0.28125,true
unified-own-cell-lamella-v1,f0.5_chiN25,0.5,25.0,train,bvk2,4.2781856010392465,0.89453125,0.8702665577093205,128,0.16,0.28125,true
unified-own-cell-lamella-v1,f0.5_chiN25,0.5,25.0,train,bvk2,4.2781856010392465,0.8984375,0.8583524361147622,128,0.16,0.28125,true
unified-own-cell-lamella-v1,f0.5_chiN25,0.5,25.0,train,bvk2,4.2781856010392465,0.90234375,0.8444744141564158,128,0.16,0.28125,true
unified-own-cell-lamella-v1,f0.5_chiN25,0.5,25.0,train,bvk2,4.2781856010392465,0.90625,0.8305963921980695,128,0.16,0.28125,true
unified-own-cell-lamella-v1,f0.5_chiN25,0.5,25.0,train,bvk2,4.2781856010392465,0.91015625,0.8146258906162217,128,0.16,0.28125,true
unified-own-cell-lamella-v1,f0.5_chiN25,0.5,25.0,train,bvk2,4.2781856010392465,0.9140625,0.7986553890343739,128,0.16,0.28125,true
unified-own-cell-lamella-v1,f0.5_chiN25,0.5,25.0,train,bvk2,4.2781856010392465,0.91796875,0.780529388074652,128,0.16,0.28125,true
unified-own-cell-lamella-v1,f0.5_chiN25,0.5,25.0,train,bvk2,4.2781856010392465,0.921875,0.76240338711493,128,0.16,0.28125,true
unified-own-cell-lamella-v1,f0.5_chiN25,0.5,25.0,train,bvk2,4.2781856010392465,0.92578125,0.7421487917085283,128,0.16,0.28125,true
unified-own-cell-lamella-v1,f0.5_chiN25,0.5,25.0,train,bvk2,4.2781856010392465,0.9296875,0.7218941963021267,128,0.16,0.28125,true
unified-own-cell-lamella-v1,f0.5_chiN25,0.5,25.0,train,bvk2,4.2781856010392465,0.93359375,0.6996488886379404,128,0.16,0.28125,true
unified-own-cell-lamella-v1,f0.5_chiN25,0.5,25.0,train,bvk2,4.2781856010392465,0.9375,0.677403580973754,128,0.16,0.28125,true
unified-own-cell-lamella-v1,f0.5_chiN25,0.5,25.0,train,bvk2,4.2781856010392465,0.94140625,0.6534290758185995,128,0.16,0.28125,true
unified-own-cell-lamella-v1,f0.5_chiN25,0.5,25.0,train,bvk2,4.2781856010392465,0.9453125,0.6294545706634451,128,0.16,0.28125,true
unified-own-cell-lamella-v1,f0.5_chiN25,0.5,25.0,train,bvk2,4.2781856010392465,0.94921875,0.6041352737688541,128,0.16,0.28125,true
unified-own-cell-lamella-v1,f0.5_chiN25,0.5,25.0,train,bvk2,4.2781856010392465,0.953125,0.5788159768742631,128,0.16,0.28125,true
unified-own-cell-lamella-v1,f0.5_chiN25,0.5,25.0,train,bvk2,4.2781856010392465,0.95703125,0.5526417910000425,128,0.16,0.28125,true
unified-own-cell-lamella-v1,f0.5_chiN25,0.5,25.0,train,bvk2,4.2781856010392465,0.9609375,0.526467605125822,128,0.16,0.28125,true
unified-own-cell-lamella-v1,f0.5_chiN25,0.5,25.0,train,bvk2,4.2781856010392465,0.96484375,0.4999999999997682,128,0.16,0.28125,true
unified-own-cell-lamella-v1,f0.5_chiN25,0.5,25.0,train,bvk2,4.2781856010392465,0.96875,0.47353239487371424,128,0.16,0.28125,true
unified-own-cell-lamella-v1,f0.5_chiN25,0.5,25.0,train,bvk2,4.2781856010392465,0.97265625,0.44735820899947765,128,0.16,0.28125,true
unified-own-cell-lamella-v1,f0.5_chiN25,0.5,25.0,train,bvk2,4.2781856010392465,0.9765625,0.42118402312524117,128,0.16,0.28125,true
unified-own-cell-lamella-v1,f0.5_chiN25,0.5,25.0,train,bvk2,4.2781856010392465,0.98046875,0.3958647262306053,128,0.16,0.28125,true
unified-own-cell-lamella-v1,f0.5_chiN25,0.5,25.0,train,bvk2,4.2781856010392465,0.984375,0.37054542933596946,128,0.16,0.28125,true
unified-own-cell-lamella-v1,f0.5_chiN25,0.5,25.0,train,bvk2,4.2781856010392465,0.98828125,0.34657092418074775,128,0.16,0.28125,true
unified-own-cell-lamella-v1,f0.5_chiN25,0.5,25.0,train,bvk2,4.2781856010392465,0.9921875,0.32259641902552594,128,0.16,0.28125,true
unified-own-cell-lamella-v1,f0.5_chiN25,0.5,25.0,train,bvk2,4.2781856010392465,0.99609375,0.30035111136127435,128,0.16,0.28125,true
unified-own-cell-lamella-v1,f0.35_chiN30,0.35,30.0,train,bvk2,4.410551224594251,0.0,0.0005672207014356249,128,0.16,0.5078125,false
unified-own-cell-lamella-v1,f0.35_chiN30,0.35,30.0,train,bvk2,4.410551224594251,0.00390625,0.0005732822898297132,128,0.16,0.5078125,false
unified-own-cell-lamella-v1,f0.35_chiN30,0.35,30.0,train,bvk2,4.410551224594251,0.0078125,0.0005793438782238017,128,0.16,0.5078125,false
unified-own-cell-lamella-v1,f0.35_chiN30,0.35,30.0,train,bvk2,4.410551224594251,0.01171875,0.0005886653348083611,128,0.16,0.5078125,false
unified-own-cell-lamella-v1,f0.35_chiN30,0.35,30.0,train,bvk2,4.410551224594251,0.015625,0.0005979867913929206,128,0.16,0.5078125,false
unified-own-cell-lamella-v1,f0.35_chiN30,0.35,30.0,train,bvk2,4.410551224594251,0.01953125,0.0006108562881445601,128,0.16,0.5078125,false
unified-own-cell-lamella-v1,f0.35_chiN30,0.35,30.0,train,bvk2,4.410551224594251,0.0234375,0.0006237257848961996,128,0.16,0.5078125,false
unified-own-cell-lamella-v1,f0.35_chiN30,0.35,30.0,train,bvk2,4.410551224594251,0.02734375,0.0006405509616716781,128,0.16,0.5078125,false
unified-own-cell-lamella-v1,f0.35_chiN30,0.35,30.0,train,bvk2,4.410551224594251,0.03125,0.0006573761384471566,128,0.16,0.5078125,false
unified-own-cell-lamella-v1,f0.35_chiN30,0.35,30.0,train,bvk2,4.410551224594251,0.03515625,0.0006787069151520018,128,0.16,0.5078125,false
unified-own-cell-lamella-v1,f0.35_chiN30,0.35,30.0,train,bvk2,4.410551224594251,0.0390625,0.000700037691856847,128,0.16,0.5078125,false
unified-own-cell-lamella-v1,f0.35_chiN30,0.35,30.0,train,bvk2,4.410551224594251,0.04296875,0.0007265986085612766,128,0.16,0.5078125,false
unified-own-cell-lamella-v1,f0.35_chiN30,0.35,30.0,train,bvk2,4.410551224594251,0.046875,0.0007531595252657062,128,0.16,0.5078125,false
unified-own-cell-lamella-v1,f0.35_chiN30,0.35,30.0,train,bvk2,4.410551224594251,0.05078125,0.0007858947183967046,128,0.16,0.5078125,false
unified-own-cell-lamella-v1,f0.35_chiN30,0.35,30.0,train,bvk2,4.410551224594251,0.0546875,0.000818629911527703,128,0.16,0.5078125,false
unified-own-cell-lamella-v1,f0.35_chiN30,0.35,30.0,train,bvk2,4.410551224594251,0.05859375,0.0008587651306929057,128,0.16,0.5078125,false
unified-own-cell-lamella-v1,f0.35_chiN30,0.35,30.0,train,bvk2,4.410551224594251,0.0625,0.0008989003498581083,128,0.16,0.5078125,false
unified-own-cell-lamella-v1,f0.35_chiN30,0.35,30.0,train,bvk2,4.410551224594251,0.06640625,0.0009480279043125998,128,0.16,0.5078125,false
unified-own-cell-lamella-v1,f0.35_chiN30,0.35,30.0,train,bvk2,4.410551224594251,0.0703125,0.0009971554587670914,128,0.16,0.5078125,false
unified-own-cell-lamella-v1,f0.35_chiN30,0.35,30.0,train,bvk2,4.410551224594251,0.07421875,0.0010573501785140003,128,0.16,0.5078125,false
unified-own-cell-lamella-v1,f0.35_chiN30,0.35,30.0,train,bvk2,4.410551224594251,0.078125,0.0011175448982609093,128,0.16,0.5078125,false
unified-own-cell-lamella-v1,f0.35_chiN30,0.35,30.0,train,bvk2,4.410551224594251,0.08203125,0.001191521835049848,128,0.16,0.5078125,false
unified-own-cell-lamella-v1,f0.35_chiN30,0.35,30.0,train,bvk2,4.410551224594251,0.0859375,0.0012654987718387863,128,0.16,0.5078125,false
unified-own-cell-lamella-v1,f0.35_chiN30,0.35,30.0,train,bvk2,4.410551224594251,0.08984375,0.0013568269035651409,128,0.16,0.5078125,false
unified-own-cell-lamella-v1,f0.35_chiN30,0.35,30.0,train,bvk2,4.410551224594251,0.09375,0.0014481550352914954,128,0.16,0.5078125,false
unified-own-cell-lamella-v1,f0.35_chiN30,0.35,30.0,train,bvk2,4.410551224594251,0.09765625,0.0015615457353150902,128,0.16,0.5078125,false
unified-own-cell-lamella-v1,f0.35_chiN30,0.35,30.0,train,bvk2,4.410551224594251,0.1015625,0.0016749364353386847,128,0.16,0.5078125,false
unified-own-cell-lamella-v1,f0.35_chiN30,0.35,30.0,train,bvk2,4.410551224594251,0.10546875,0.0018166311429087378,128,0.16,0.5078125,false
unified-own-cell-lamella-v1,f0.35_chiN30,0.35,30.0,train,bvk2,4.410551224594251,0.109375,0.0019583258504787906,128,0.16,0.5078125,false
unified-own-cell-lamella-v1,f0.35_chiN30,0.35,30.0,train,bvk2,4.410551224594251,0.11328125,0.002136614463505997,128,0.16,0.5078125,false
unified-own-cell-lamella-v1,f0.35_chiN30,0.35,30.0,train,bvk2,4.410551224594251,0.1171875,0.002314903076533203,128,0.16,0.5078125,false
unified-own-cell-lamella-v1,f0.35_chiN30,0.35,30.0,train,bvk2,4.410551224594251,0.12109375,0.00254081347113433,128,0.16,0.5078125,false
unified-own-cell-lamella-v1,f0.35_chiN30,0.35,30.0,train,bvk2,4.410551224594251,0.125,0.0027667238657354573,128,0.16,0.5078125,false
unified-own-cell-lamella-v1,f0.35_chiN30,0.35,30.0,train,bvk2,4.410551224594251,0.12890625,0.0030549344840346253,128,0.16,0.5078125,false
unified-own-cell-lamella-v1,f0.35_chiN30,0.35,30.0,train,bvk2,4.410551224594251,0.1328125,0.0033431451023337934,128,0.16,0.5078125,false
unified-own-cell-lamella-v1,f0.35_chiN30,0.35,30.0,train,bvk2,4.410551224594251,0.13671875,0.003713187921448754,128,0.16,0.5078125,false
unified-own-cell-lamella-v1,f0.35_chiN30,0.35,30.0,train,bvk2,4.410551224594251,0.140625,0.004083230740563714,128,0.16,0.5078125,false
unified-own-cell-lamella-v1,f0.35_chiN30,0.35,30.0,train,bvk2,4.410551224594251,0.14453125,0.0045610719838808985,128,0.16,0.5078125,false
unified-own-cell-lamella-v1,f0.35_chiN30,0.35,30.0,train,bvk2,4.410551224594251,0.1484375,0.005038913227198082,128,0.16,0.5078125,false
unified-own-cell-lamella-v1,f0.35_chiN30,0.35,30.0,train,bvk2,4.410551224594251,0.15234375,0.005659022726528089,128,0.16,0.5078125,false
unified-own-cell-lamella-v1,f0.35_chiN30,0.35,30.0,train,bvk2,4.410551224594251,0.15625,0.006279132225858095,128,0.16,0.5078125,false
unified-own-cell-lamella-v1,f0.35_chiN30,0.35,30.0,train,bvk2,4.410551224594251,0.16015625,0.007087174148322774,128,0.16,0.5078125,false
unified-own-cell-lamella-v1,f0.35_chiN30,0.35,30.0,train,bvk2,4.410551224594251,0.1640625,0.007895216070787454,128,0.16,0.5078125,false
unified-own-cell-lamella-v1,f0.35_chiN30,0.35,30.0,train,bvk2,4.410551224594251,0.16796875,0.00895150442612577,128,0.16,0.5078125,false
unified-own-cell-lamella-v1,f0.35_chiN30,0.35,30.0,train,bvk2,4.410551224594251,0.171875,0.010007792781464088,128,0.16,0.5078125,false
unified-own-cell-lamella-v1,f0.35_chiN30,0.35,30.0,train,bvk2,4.410551224594251,0.17578125,0.011391640180827684,128,0.16,0.5078125,false
unified-own-cell-lamella-v1,f0.35_chiN30,0.35,30.0,train,bvk2,4.410551224594251,0.1796875,0.01277548758019128,128,0.16,0.5078125,false
unified-own-cell-lamella-v1,f0.35_chiN30,0.35,30.0,train,bvk2,4.410551224594251,0.18359375,0.01459051166940806,128,0.16,0.5078125,false
unified-own-cell-lamella-v1,f0.35_chiN30,0.35,30.0,train,bvk2,4.410551224594251,0.1875,0.01640553575862484,128,0.16,0.5078125,false
unified-own-cell-lamella-v1,f0.35_chiN30,0.35,30.0,train,bvk2,4.410551224594251,0.19140625,0.018785835507746054,128,0.16,0.5078125,false
unified-own-cell-lamella-v1,f0.35_chiN30,0.35,30.0,train,bvk2,4.410551224594251,0.1953125,0.02116613525686727,128,0.16,0.5078125,false
unified-own-cell-lamella-v1,f0.35_chiN30,0.35,30.0,train,bvk2,4.410551224594251,0.19921875,0.02428294979212394,128,0.16,0.5078125,false
unified-own-cell-lamella-v1,f0.35_chiN30,0.35,30.0,train,bvk2,4.410551224594251,0.203125,0.027399764327380612,128,0.16,0.5078125,false
unified-own-cell-lamella-v1,f0.35_chiN30,0.35,30.0,train,bvk2,4.410551224594251,0.20703125,0.03146770703659029,128,0.16,0.5078125,false
unified-own-cell-lamella-v1,f0.35_chiN30,0.35,30.0,train,bvk2,4.410551224594251,0.2109375,0.035535649745799966,128,0.16,0.5078125,false
unified-own-cell-lamella-v1,f0.35_chiN30,0.35,30.0,train,bvk2,4.410551224594251,0.21484375,0.040816811856894855,128,0.16,0.5078125,false
unified-own-cell-lamella-v1,f0.35_chiN30,0.35,30.0,train,bvk2,4.410551224594251,0.21875,0.046097973967989744,128,0.16,0.5078125,false
unified-own-cell-lamella-v1,f0.35_chiN30,0.35,30.0,train,bvk2,4.410551224594251,0.22265625,0.05290114491103892,128,0.16,0.5078125,false
unified-own-cell-lamella-v1,f0.35_chiN30,0.35,30.0,train,bvk2,4.410551224594251,0.2265625,0.05970431585408811,128,0.16,0.5078125,false
unified-own-cell-lamella-v1,f0.35_chiN30,0.35,30.0,train,bvk2,4.410551224594251,0.23046875,0.06837552339457659,128,0.16,0.5078125,false
unified-own-cell-lamella-v1,f0.35_chiN30,0.35,30.0,train,bvk2,4.410551224594251,0.234375,0.07704673093506507,128,0.16,0.5078125,false
unified-own-cell-lamella-v1,f0.35_chiN30,0.35,30.0,train,bvk2,4.410551224594251,0.23828125,0.08794689070957382,128,0.16,0.5078125,false
unified-own-cell-lamella-v1,f0.35_chiN30,0.35,30.0,train,bvk2,4.410551224594251,0.2421875,0.09884705048408254,128,0.16,0.5078125,false
unified-own-cell-lamella-v1,f0.35_chiN30,0.35,30.0,train,bvk2,4.410551224594251,0.24609375,0.11231376101564784,128,0.16,0.5078125,false
unified-own-cell-lamella-v1,f0.35_chiN30,0.35,30.0,train,bvk2,4.410551224594251,0.25,0.12578047154721314,128,0.16,0.5078125,false
unified-own-cell-lamella-v1,f0.35_chiN30,0.35,30.0,train,bvk2,4.410551224594251,0.25390625,0.1420749146512429,128,0.16,0.5078125,false
unified-own-cell-lamella-v1,f0.35_chiN30,0.35,30.0,train,bvk2,4.410551224594251,0.2578125,0.1583693577552726,128,0.16,0.5078125,false
unified-own-cell-lamella-v1,f0.35_chiN30,0.35,30.0,train,bvk2,4.410551224594251,0.26171875,0.17761582511715396,128,0.16,0.5078125,false
unified-own-cell-lamella-v1,f0.35_chiN30,0.35,30.0,train,bvk2,4.410551224594251,0.265625,0.19686229247903528,128,0.16,0.5078125,false
unified-own-cell-lamella-v1,f0.35_chiN30,0.35,30.0,train,bvk2,4.410551224594251,0.26953125,0.21899477496349298,128,0.16,0.5078125,false
unified-own-cell-lamella-v1,f0.35_chiN30,0.35,30.0,train,bvk2,4.410551224594251,0.2734375,0.2411272574479507,128,0.16,0.5078125,false
unified-own-cell-lamella-v1,f0.35_chiN30,0.35,30.0,train,bvk2,4.410551224594251,0.27734375,0.2658604598212972,128,0.16,0.5078125,false
unified-own-cell-lamella-v1,f0.35_chiN30,0.35,30.0,train,bvk2,4.410551224594251,0.28125,0.2905936621946437,128,0.16,0.5078125,false
unified-own-cell-lamella-v1,f0.35_chiN30,0.35,30.0,train,bvk2,4.410551224594251,0.28515625,0.317431088940293,128,0.16,0.5078125,false
unified-own-cell-lamella-v1,f0.35_chiN30,0.35,30.0,train,bvk2,4.410551224594251,0.2890625,0.34426851568594224,128,0.16,0.5078125,false
unified-own-cell-lamella-v1,f0.35_chiN30,0.35,30.0,train,bvk2,4.410551224594251,0.29296875,0.37254871716893523,128,0.16,0.5078125,false
unified-own-cell-lamella-v1,f0.35_chiN30,0.35,30.0,train,bvk2,4.410551224594251,0.296875,0.4008289186519282,128,0.16,0.5078125,false
unified-own-cell-lamella-v1,f0.35_chiN30,0.35,30.0,train,bvk2,4.410551224594251,0.30078125,0.42979847465604626,128,0.16,0.5078125,false
unified-own-cell-lamella-v1,f0.35_chiN30,0.35,30.0,train,bvk2,4.410551224594251,0.3046875,0.4587680306601643,128,0.16,0.5078125,false
unified-own-cell-lamella-v1,f0.35_chiN30,0.35,30.0,train,bvk2,4.410551224594251,0.30859375,0.48766299316579675,128,0.16,0.5078125,false
unified-own-cell-lamella-v1,f0.35_chiN30,0.35,30.0,train,bvk2,4.410551224594251,0.3125,0.5165579556714291,128,0.16,0.5078125,false
unified-own-cell-lamella-v1,f0.35_chiN30,0.35,30.0,train,bvk2,4.410551224594251,0.31640625,0.5446764128408912,128,0.16,0.5078125,false
unified-own-cell-lamella-v1,f0.35_chiN30,0.35,30.0,train,bvk2,4.410551224594251,0.3203125,0.5727948700103531,128,0.16,0.5078125,false
unified-own-cell-lamella-v1,f0.35_chiN30,0.35,30.0,train,bvk2,4.410551224594251,0.32421875,0.5995492782265675,128,0.16,0.5078125,false
unified-own-cell-lamella-v1,f0.35_chiN30,0.35,30.0,train,bvk2,4.410551224594251,0.328125,0.6263036864427817,128,0.16,0.5078125,false
unified-own-cell-lamella-v1,f0.35_chiN30,0.35,30.0,train,bvk2,4.410551224594251,0.33203125,0.6512488578544624,128,0.16,0.5078125,false
unified-own-cell-lamella-v1,f0.35_chiN30,0.35,30.0,train,bvk2,4.410551224594251,0.3359375,0.676194029266143,128,0.16,0.5078125,false
unified-own-cell-lamella-v1,f0.35_chiN30,0.35,30.0,train,bvk2,4.410551224594251,0.33984375,0.69903279577439,128,0.16,0.5078125,false
unified-own-cell-lamella-v1,f0.35_chiN30,0.35,30.0,train,bvk2,4.410551224594251,0.34375,0.7218715622826369,128,0.16,0.5078125,false
unified-own-cell-lamella-v1,f0.35_chiN30,0.35,30.0,train,bvk2,4.410551224594251,0.34765625,0.7424438813471599,128,0.16,0.5078125,false
unified-own-cell-lamella-v1,f0.35_chiN30,0.35,30.0,train,bvk2,4.410551224594251,0.3515625,0.7630162004116827,128,0.16,0.5078125,false
unified-own-cell-lamella-v1,f0.35_chiN30,0.35,30.0,train,bvk2,4.410551224594251,0.35546875,0.7812784745278372,128,0.16,0.5078125,false
unified-own-cell-lamella-v1,f0.35_chiN30,0.35,30.0,train,bvk2,4.410551224594251,0.359375,0.7995407486439915,128,0.16,0.5078125,false
unified-own-cell-lamella-v1,f0.35_chiN30,0.35,30.0,train,bvk2,4.410551224594251,0.36328125,0.8155411516537081,128,0.16,0.5078125,false
unified-own-cell-lamella-v1,f0.35_chiN30,0.35,30.0,train,bvk2,4.410551224594251,0.3671875,0.8315415546634246,128,0.16,0.5078125,false
unified-own-cell-lamella-v1,f0.35_chiN30,0.35,30.0,train,bvk2,4.410551224594251,0.37109375,0.8453953940972989,128,0.16,0.5078125,false
unified-own-cell-lamella-v1,f0.35_chiN30,0.35,30.0,train,bvk2,4.410551224594251,0.375,0.8592492335311731,128,0.16,0.5078125,false
unified-own-cell-lamella-v1,f0.35_chiN30,0.35,30.0,train,bvk2,4.410551224594251,0.37890625,0.871116701191128,128,0.16,0.5078125,false
unified-own-cell-lamella-v1,f0.35_chiN30,0.35,30.0,train,bvk2,4.410551224594251,0.3828125,0.8829841688510831,128,0.16,0.5078125,false
unified-own-cell-lamella-v1,f0.35_chiN30,0.35,30.0,train,bvk2,4.410551224594251,0.38671875,0.8930515890698341,128,0.16,0.5078125,false
unified-own-cell-lamella-v1,f0.35_chiN30,0.35,30.0,train,bvk2,4.410551224594251,0.390625,0.9031190092885851,128,0.16,0.5078125,false
unified-own-cell-lamella-v1,f0.35_chiN30,0.35,30.0,train,bvk2,4.410551224594251,0.39453125,0.911583894992402,128,0.16,0.5078125,false
unified-own-cell-lamella-v1,f0.35_chiN30,0.35,30.0,train,bvk2,4.410551224594251,0.3984375,0.920048780696219,128,0.16,0.5078125,false
unified-own-cell-lamella-v1,f0.35_chiN30,0.35,30.0,train,bvk2,4.410551224594251,0.40234375,0.9271085416914618,128,0.16,0.5078125,false
unified-own-cell-lamella-v1,f0.35_chiN30,0.35,30.0,train,bvk2,4.410551224594251,0.40625,0.9341683026867047,128,0.16,0.5078125,false
unified-own-cell-lamella-v1,f0.35_chiN30,0.35,30.0,train,bvk2,4.410551224594251,0.41015625,0.9400122074924959,128,0.16,0.5078125,false
unified-own-cell-lamella-v1,f0.35_chiN30,0.35,30.0,train,bvk2,4.410551224594251,0.4140625,0.945856112298287,128,0.16,0.5078125,false
unified-own-cell-lamella-v1,f0.35_chiN30,0.35,30.0,train,bvk2,4.410551224594251,0.41796875,0.9506600084271585,128,0.16,0.5078125,false
unified-own-cell-lamella-v1,f0.35_chiN30,0.35,30.0,train,bvk2,4.410551224594251,0.421875,0.9554639045560299,128,0.16,0.5078125,false
unified-own-cell-lamella-v1,f0.35_chiN30,0.35,30.0,train,bvk2,4.410551224594251,0.42578125,0.9593872163360027,128,0.16,0.5078125,false
unified-own-cell-lamella-v1,f0.35_chiN30,0.35,30.0,train,bvk2,4.410551224594251,0.4296875,0.9633105281159755,128,0.16,0.5078125,false
unified-own-cell-lamella-v1,f0.35_chiN30,0.35,30.0,train,bvk2,4.410551224594251,0.43359375,0.9664951926738794,128,0.16,0.5078125,false
unified-own-cell-lamella-v1,f0.35_chiN30,0.35,30.0,train,bvk2,4.410551224594251,0.4375,0.9696798572317834,128,0.16,0.5078125,false
unified-own-cell-lamella-v1,f0.35_chiN30,0.35,30.0,train,bvk2,4.410551224594251,0.44140625,0.9722512420594878,128,0.16,0.5078125,false
unified-own-cell-lamella-v1,f0.35_chiN30,0.35,30.0,train,bvk2,4.410551224594251,0.4453125,0.9748226268871921,128,0.16,0.5078125,false
unified-own-cell-lamella-v1,f0.35_chiN30,0.35,30.0,train,bvk2,4.410551224594251,0.44921875,0.9768931727445361,128,0.16,0.5078125,false
unified-own-cell-lamella-v1,f0.35_chiN30,0.35,30.0,train,bvk2,4.410551224594251,0.453125,0.9789637186018801,128,0.16,0.5078125,false
unified-own-cell-lamella-v1,f0.35_chiN30,0.35,30.0,train,bvk2,4.410551224594251,0.45703125,0.9806390304808458,128,0.16,0.5078125,false
unified-own-cell-lamella-v1,f0.35_chiN30,0.35,30.0,train,bvk2,4.410551224594251,0.4609375,0.9823143423598114,128,0.16,0.5078125,false
unified-own-cell-lamella-v1,f0.35_chiN30,0.35,30.0,train,bvk2,4.410551224594251,0.46484375,0.9829814078429955,128,0.16,0.5078125,false
unified-own-cell-lamella-v1,f0.35_chiN30,0.35,30.0,train,bvk2,4.410551224594251,0.46875,0.9836484733261797,128,0.16,0.5078125,false
unified-own-cell-lamella-v1,f0.35_chiN30,0.35,30.0,train,bvk2,4.410551224594251,0.47265625,0.9841940548963993,128,0.16,0.5078125,false
unified-own-cell-lamella-v1,f0.35_chiN30,0.35,30.0,train,bvk2,4.410551224594251,0.4765625,0.984739636466619,128,0.16,0.5078125,false
unified-own-cell-lamella-v1,f0.35_chiN30,0.35,30.0,train,bvk2,4.410551224594251,0.48046875,0.9850124403118299,128,0.16,0.5078125,false
unified-own-cell-lamella-v1,f0.35_chiN30,0.35,30.0,train,bvk2,4.410551224594251,0.484375,0.9852852441570409,128,0.16,0.5078125,false
unified-own-cell-lamella-v1,f0.35_chiN30,0.35,30.0,train,bvk2,4.410551224594251,0.48828125,0.9852852441570409,128,0.16,0.5078125,false
unified-own-cell-lamella-v1,f0.35_chiN30,0.35,30.0,train,bvk2,4.410551224594251,0.4921875,0.9852852441570409,128,0.16,0.5078125,false
unified-own-cell-lamella-v1,f0.35_chiN30,0.35,30.0,train,bvk2,4.410551224594251,0.49609375,0.9850124403118299,128,0.16,0.5078125,false
unified-own-cell-lamella-v1,f0.35_chiN30,0.35,30.0,train,bvk2,4.410551224594251,0.5,0.984739636466619,128,0.16,0.5078125,false
unified-own-cell-lamella-v1,f0.35_chiN30,0.35,30.0,train,bvk2,4.410551224594251,0.50390625,0.9841940548963993,128,0.16,0.5078125,false
unified-own-cell-lamella-v1,f0.35_chiN30,0.35,30.0,train,bvk2,4.410551224594251,0.5078125,0.9836484733261797,128,0.16,0.5078125,false
unified-own-cell-lamella-v1,f0.35_chiN30,0.35,30.0,train,bvk2,4.410551224594251,0.51171875,0.9829814078429955,128,0.16,0.5078125,false
unified-own-cell-lamella-v1,f0.35_chiN30,0.35,30.0,train,bvk2,4.410551224594251,0.515625,0.9823143423598114,128,0.16,0.5078125,false
unified-own-cell-lamella-v1,f0.35_chiN30,0.35,30.0,train,bvk2,4.410551224594251,0.51953125,0.9806390304808458,128,0.16,0.5078125,false
unified-own-cell-lamella-v1,f0.35_chiN30,0.35,30.0,train,bvk2,4.410551224594251,0.5234375,0.9789637186018801,128,0.16,0.5078125,false
unified-own-cell-lamella-v1,f0.35_chiN30,0.35,30.0,train,bvk2,4.410551224594251,0.52734375,0.9768931727445361,128,0.16,0.5078125,false
unified-own-cell-lamella-v1,f0.35_chiN30,0.35,30.0,train,bvk2,4.410551224594251,0.53125,0.9748226268871921,128,0.16,0.5078125,false
unified-own-cell-lamella-v1,f0.35_chiN30,0.35,30.0,train,bvk2,4.410551224594251,0.53515625,0.9722512420594878,128,0.16,0.5078125,false
unified-own-cell-lamella-v1,f0.35_chiN30,0.35,30.0,train,bvk2,4.410551224594251,0.5390625,0.9696798572317834,128,0.16,0.5078125,false
unified-own-cell-lamella-v1,f0.35_chiN30,0.35,30.0,train,bvk2,4.410551224594251,0.54296875,0.9664951926738794,128,0.16,0.5078125,false
unified-own-cell-lamella-v1,f0.35_chiN30,0.35,30.0,train,bvk2,4.410551224594251,0.546875,0.9633105281159755,128,0.16,0.5078125,false
unified-own-cell-lamella-v1,f0.35_chiN30,0.35,30.0,train,bvk2,4.410551224594251,0.55078125,0.9593872163360029,128,0.16,0.5078125,false
unified-own-cell-lamella-v1,f0.35_chiN30,0.35,30.0,train,bvk2,4.410551224594251,0.5546875,0.9554639045560301,128,0.16,0.5078125,false
unified-own-cell-lamella-v1,f0.35_chiN30,0.35,30.0,train,bvk2,4.410551224594251,0.55859375,0.9506600084271587,128,0.16,0.5078125,false
unified-own-cell-lamella-v1,f0.35_chiN30,0.35,30.0,train,bvk2,4.410551224594251,0.5625,0.9458561122982873,128,0.16,0.5078125,false
unified-own-cell-lamella-v1,f0.35_chiN30,0.35,30.0,train,bvk2,4.410551224594251,0.56640625,0.9400122074924961,128,0.16,0.5078125,false
unified-own-cell-lamella-v1,f0.35_chiN30,0.35,30.0,train,bvk2,4.410551224594251,0.5703125,0.9341683026867049,128,0.16,0.5078125,false
unified-own-cell-lamella-v1,f0.35_chiN30,0.35,30.0,train,bvk2,4.410551224594251,0.57421875,0.9271085416914621,128,0.16,0.5078125,false
unified-own-cell-lamella-v1,f0.35_chiN30,0.35,30.0,train,bvk2,4.410551224594251,0.578125,0.9200487806962192,128,0.16,0.5078125,false
unified-own-cell-lamella-v1,f0.35_chiN30,0.35,30.0,train,bvk2,4.410551224594251,0.58203125,0.9115838949924022,128,0.16,0.5078125,false
unified-own-cell-lamella-v1,f0.35_chiN30,0.35,30.0,train,bvk2,4.410551224594251,0.5859375,0.9031190092885851,128,0.16,0.5078125,false
unified-own-cell-lamella-v1,f0.35_chiN30,0.35,30.0,train,bvk2,4.410551224594251,0.58984375,0.8930515890698343,128,0.16,0.5078125,false
unified-own-cell-lamella-v1,f0.35_chiN30,0.35,30.0,train,bvk2,4.410551224594251,0.59375,0.8829841688510834,128,0.16,0.5078125,false
unified-own-cell-lamella-v1,f0.35_chiN30,0.35,30.0,train,bvk2,4.410551224594251,0.59765625,0.8711167011911285,128,0.16,0.5078125,false
unified-own-cell-lamella-v1,f0.35_chiN30,0.35,30.0,train,bvk2,4.410551224594251,0.6015625,0.8592492335311734,128,0.16,0.5078125,false
unified-own-cell-lamella-v1,f0.35_chiN30,0.35,30.0,train,bvk2,4.410551224594251,0.60546875,0.845395394097299,128,0.16,0.5078125,false
unified-own-cell-lamella-v1,f0.35_chiN30,0.35,30.0,train,bvk2,4.410551224594251,0.609375,0.8315415546634246,128,0.16,0.5078125,false
unified-own-cell-lamella-v1,f0.35_chiN30,0.35,30.0,train,bvk2,4.410551224594251,0.61328125,0.8155411516537081,128,0.16,0.5078125,false
unified-own-cell-lamella-v1,f0.35_chiN30,0.35,30.0,train,bvk2,4.410551224594251,0.6171875,0.7995407486439916,128,0.16,0.5078125,false
unified-own-cell-lamella-v1,f0.35_chiN30,0.35,30.0,train,bvk2,4.410551224594251,0.62109375,0.7812784745278372,128,0.16,0.5078125,false
unified-own-cell-lamella-v1,f0.35_chiN30,0.35,30.0,train,bvk2,4.410551224594251,0.625,0.7630162004116827,128,0.16,0.5078125,false
unified-own-cell-lamella-v1,f0.35_chiN30,0.35,30.0,train,bvk2,4.410551224594251,0.62890625,0.7424438813471598,128,0.16,0.5078125,false
unified-own-cell-lamella-v1,f0.35_chiN30,0.35,30.0,train,bvk2,4.410551224594251,0.6328125,0.7218715622826368,128,0.16,0.5078125,false
unified-own-cell-lamella-v1,f0.35_chiN30,0.35,30.0,train,bvk2,4.410551224594251,0.63671875,0.6990327957743901,128,0.16,0.5078125,false
unified-own-cell-lamella-v1,f0.35_chiN30,0.35,30.0,train,bvk2,4.410551224594251,0.640625,0.6761940292661435,128,0.16,0.5078125,false
unified-own-cell-lamella-v1,f0.35_chiN30,0.35,30.0,train,bvk2,4.410551224594251,0.64453125,0.6512488578544626,128,0.16,0.5078125,false
unified-own-cell-lamella-v1,f0.35_chiN30,0.35,30.0,train,bvk2,4.410551224594251,0.6484375,0.6263036864427819,128,0.16,0.5078125,false
unified-own-cell-lamella-v1,f0.35_chiN30,0.35,30.0,train,bvk2,4.410551224594251,0.65234375,0.5995492782265677,128,0.16,0.5078125,false
unified-own-cell-lamella-v1,f0.35_chiN30,0.35,30.0,train,bvk2,4.410551224594251,0.65625,0.5727948700103535,128,0.16,0.5078125,false
unified-own-cell-lamella-v1,f0.35_chiN30,0.35,30.0,train,bvk2,4.410551224594251,0.66015625,0.5446764128408912,128,0.16,0.5078125,false
unified-own-cell-lamella-v1,f0.35_chiN30,0.35,30.0,train,bvk2,4.410551224594251,0.6640625,0.516557955671429,128,0.16,0.5078125,false
unified-own-cell-lamella-v1,f0.35_chiN30,0.35,30.0,train,bvk2,4.410551224594251,0.66796875,0.4876629931657966,128,0.16,0.5078125,false
unified-own-cell-lamella-v1,f0.35_chiN30,0.35,30.0,train,bvk2,4.410551224594251,0.671875,0.45876803066016414,128,0.16,0.5078125,false
unified-own-cell-lamella-v1,f0.35_chiN30,0.35,30.0,train,bvk2,4.410551224594251,0.67578125,0.4297984746560466,128,0.16,0.5078125,false
unified-own-cell-lamella-v1,f0.35_chiN30,0.35,30.0,train,bvk2,4.410551224594251,0.6796875,0.40082891865192904,128,0.16,0.5078125,false
unified-own-cell-lamella-v1,f0.35_chiN30,0.35,30.0,train,bvk2,4.410551224594251,0.68359375,0.3725487171689359,128,0.16,0.5078125,false
unified-own-cell-lamella-v1,f0.35_chiN30,0.35,30.0,train,bvk2,4.410551224594251,0.6875,0.34426851568594274,128,0.16,0.5078125,false
unified-own-cell-lamella-v1,f0.35_chiN30,0.35,30.0,train,bvk2,4.410551224594251,0.69140625,0.31743108894029337,128,0.16,0.5078125,false
unified-own-cell-lamella-v1,f0.35_chiN30,0.35,30.0,train,bvk2,4.410551224594251,0.6953125,0.29059366219464394,128,0.16,0.5078125,false
unified-own-cell-lamella-v1,f0.35_chiN30,0.35,30.0,train,bvk2,4.410551224594251,0.69921875,0.2658604598212973,128,0.16,0.5078125,false
unified-own-cell-lamella-v1,f0.35_chiN30,0.35,30.0,train,bvk2,4.410551224594251,0.703125,0.2411272574479507,128,0.16,0.5078125,false
unified-own-cell-lamella-v1,f0.35_chiN30,0.35,30.0,train,bvk2,4.410551224594251,0.70703125,0.21899477496349296,128,0.16,0.5078125,false
unified-own-cell-lamella-v1,f0.35_chiN30,0.35,30.0,train,bvk2,4.410551224594251,0.7109375,0.19686229247903522,128,0.16,0.5078125,false
unified-own-cell-lamella-v1,f0.35_chiN30,0.35,30.0,train,bvk2,4.410551224594251,0.71484375,0.17761582511715418,128,0.16,0.5078125,false
unified-own-cell-lamella-v1,f0.35_chiN30,0.35,30.0,train,bvk2,4.410551224594251,0.71875,0.1583693577552731,128,0.16,0.5078125,false
unified-own-cell-lamella-v1,f0.35_chiN30,0.35,30.0,train,bvk2,4.410551224594251,0.72265625,0.14207491465124328,128,0.16,0.5078125,false
unified-own-cell-lamella-v1,f0.35_chiN30,0.35,30.0,train,bvk2,4.410551224594251,0.7265625,0.12578047154721345,128,0.16,0.5078125,false
unified-own-cell-lamella-v1,f0.35_chiN30,0.35,30.0,train,bvk2,4.410551224594251,0.73046875,0.11231376101564805,128,0.16,0.5078125,false
unified-own-cell-lamella-v1,f0.35_chiN30,0.35,30.0,train,bvk2,4.410551224594251,0.734375,0.09884705048408265,128,0.16,0.5078125,false
unified-own-cell-lamella-v1,f0.35_chiN30,0.35,30.0,train,bvk2,4.410551224594251,0.73828125,0.0879468907095739,128,0.16,0.5078125,false
unified-own-cell-lamella-v1,f0.35_chiN30,0.35,30.0,train,bvk2,4.410551224594251,0.7421875,0.07704673093506516,128,0.16,0.5078125,false
unified-own-cell-lamella-v1,f0.35_chiN30,0.35,30.0,train,bvk2,4.410551224594251,0.74609375,0.06837552339457663,128,0.16,0.5078125,false
unified-own-cell-lamella-v1,f0.35_chiN30,0.35,30.0,train,bvk2,4.410551224594251,0.75,0.05970431585408811,128,0.16,0.5078125,false
unified-own-cell-lamella-v1,f0.35_chiN30,0.35,30.0,train,bvk2,4.410551224594251,0.75390625,0.052901144911038894,128,0.16,0.5078125,false
unified-own-cell-lamella-v1,f0.35_chiN30,0.35,30.0,train,bvk2,4.410551224594251,0.7578125,0.04609797396798968,128,0.16,0.5078125,false
unified-own-cell-lamella-v1,f0.35_chiN30,0.35,30.0,train,bvk2,4.410551224594251,0.76171875,0.040816811856894876,128,0.16,0.5078125,false
unified-own-cell-lamella-v1,f0.35_chiN30,0.35,30.0,train,bvk2,4.410551224594251,0.765625,0.03553564974580007,128,0.16,0.5078125,false
unified-own-cell-lamella-v1,f0.35_chiN30,0.35,30.0,train,bvk2,4.410551224594251,0.76953125,0.03146770703659038,128,0.16,0.5078125,false
unified-own-cell-lamella-v1,f0.35_chiN30,0.35,30.0,train,bvk2,4.410551224594251,0.7734375,0.027399764327380685,128,0.16,0.5078125,false
unified-own-cell-lamella-v1,f0.35_chiN30,0.35,30.0,train,bvk2,4.410551224594251,0.77734375,0.024282949792123983,128,0.16,0.5078125,false
unified-own-cell-lamella-v1,f0.35_chiN30,0.35,30.0,train,bvk2,4.410551224594251,0.78125,0.021166135256867284,128,0.16,0.5078125,false
unified-own-cell-lamella-v1,f0.35_chiN30,0.35,30.0,train,bvk2,4.410551224594251,0.78515625,0.018785835507746054,128,0.16,0.5078125,false
unified-own-cell-lamella-v1,f0.35_chiN30,0.35,30.0,train,bvk2,4.410551224594251,0.7890625,0.016405535758624825,128,0.16,0.5078125,false
unified-own-cell-lamella-v1,f0.35_chiN30,0.35,30.0,train,bvk2,4.410551224594251,0.79296875,0.014590511669408042,128,0.16,0.5078125,false
unified-own-cell-lamella-v1,f0.35_chiN30,0.35,30.0,train,bvk2,4.410551224594251,0.796875,0.012775487580191258,128,0.16,0.5078125,false
unified-own-cell-lamella-v1,f0.35_chiN30,0.35,30.0,train,bvk2,4.410551224594251,0.80078125,0.011391640180827691,128,0.16,0.5078125,false
unified-own-cell-lamella-v1,f0.35_chiN30,0.35,30.0,train,bvk2,4.410551224594251,0.8046875,0.010007792781464122,128,0.16,0.5078125,false
unified-own-cell-lamella-v1,f0.35_chiN30,0.35,30.0,train,bvk2,4.410551224594251,0.80859375,0.008951504426125795,128,0.16,0.5078125,false
unified-own-cell-lamella-v1,f0.35_chiN30,0.35,30.0,train,bvk2,4.410551224594251,0.8125,0.007895216070787468,128,0.16,0.5078125,false
unified-own-cell-lamella-v1,f0.35_chiN30,0.35,30.0,train,bvk2,4.410551224594251,0.81640625,0.007087174148322781,128,0.16,0.5078125,false
unified-own-cell-lamella-v1,f0.35_chiN30,0.35,30.0,train,bvk2,4.410551224594251,0.8203125,0.006279132225858095,128,0.16,0.5078125,false
unified-own-cell-lamella-v1,f0.35_chiN30,0.35,30.0,train,bvk2,4.410551224594251,0.82421875,0.0056590227265280926,128,0.16,0.5078125,false
unified-own-cell-lamella-v1,f0.35_chiN30,0.35,30.0,train,bvk2,4.410551224594251,0.828125,0.00503891322719809,128,0.16,0.5078125,false
unified-own-cell-lamella-v1,f0.35_chiN30,0.35,30.0,train,bvk2,4.410551224594251,0.83203125,0.0045610719838809,128,0.16,0.5078125,false
unified-own-cell-lamella-v1,f0.35_chiN30,0.35,30.0,train,bvk2,4.410551224594251,0.8359375,0.00408323074056371,128,0.16,0.5078125,false
unified-own-cell-lamella-v1,f0.35_chiN30,0.35,30.0,train,bvk2,4.410551224594251,0.83984375,0.0037131879214487564,128,0.16,0.5078125,false
unified-own-cell-lamella-v1,f0.35_chiN30,0.35,30.0,train,bvk2,4.410551224594251,0.84375,0.0033431451023338025,128,0.16,0.5078125,false
unified-own-cell-lamella-v1,f0.35_chiN30,0.35,30.0,train,bvk2,4.410551224594251,0.84765625,0.003054934484034635,128,0.16,0.5078125,false
unified-own-cell-lamella-v1,f0.35_chiN30,0.35,30.0,train,bvk2,4.410551224594251,0.8515625,0.0027667238657354673,128,0.16,0.5078125,false
unified-own-cell-lamella-v1,f0.35_chiN30,0.35,30.0,train,bvk2,4.410551224594251,0.85546875,0.002540813471134335,128,0.16,0.5078125,false
unified-own-cell-lamella-v1,f0.35_chiN30,0.35,30.0,train,bvk2,4.410551224594251,0.859375,0.002314903076533203,128,0.16,0.5078125,false
unified-own-cell-lamella-v1,f0.35_chiN30,0.35,30.0,train,bvk2,4.410551224594251,0.86328125,0.0021366144635059986,128,0.16,0.5078125,false
unified-own-cell-lamella-v1,f0.35_chiN30,0.35,30.0,train,bvk2,4.410551224594251,0.8671875,0.001958325850478794,128,0.16,0.5078125,false
unified-own-cell-lamella-v1,f0.35_chiN30,0.35,30.0,train,bvk2,4.410551224594251,0.87109375,0.001816631142908738,128,0.16,0.5078125,false
unified-own-cell-lamella-v1,f0.35_chiN30,0.35,30.0,train,bvk2,4.410551224594251,0.875,0.001674936435338682,128,0.16,0.5078125,false
unified-own-cell-lamella-v1,f0.35_chiN30,0.35,30.0,train,bvk2,4.410551224594251,0.87890625,0.0015615457353150887,128,0.16,0.5078125,false
unified-own-cell-lamella-v1,f0.35_chiN30,0.35,30.0,train,bvk2,4.410551224594251,0.8828125,0.0014481550352914954,128,0.16,0.5078125,false
unified-own-cell-lamella-v1,f0.35_chiN30,0.35,30.0,train,bvk2,4.410551224594251,0.88671875,0.0013568269035651422,128,0.16,0.5078125,false
unified-own-cell-lamella-v1,f0.35_chiN30,0.35,30.0,train,bvk2,4.410551224594251,0.890625,0.0012654987718387887,128,0.16,0.5078125,false
unified-own-cell-lamella-v1,f0.35_chiN30,0.35,30.0,train,bvk2,4.410551224594251,0.89453125,0.001191521835049849,128,0.16,0.5078125,false
unified-own-cell-lamella-v1,f0.35_chiN30,0.35,30.0,train,bvk2,4.410551224594251,0.8984375,0.0011175448982609093,128,0.16,0.5078125,false
unified-own-cell-lamella-v1,f0.35_chiN30,0.35,30.0,train,bvk2,4.410551224594251,0.90234375,0.0010573501785140012,128,0.16,0.5078125,false
unified-own-cell-lamella-v1,f0.35_chiN30,0.35,30.0,train,bvk2,4.410551224594251,0.90625,0.0009971554587670931,128,0.16,0.5078125,false
unified-own-cell-lamella-v1,f0.35_chiN30,0.35,30.0,train,bvk2,4.410551224594251,0.91015625,0.0009480279043126007,128,0.16,0.5078125,false
unified-own-cell-lamella-v1,f0.35_chiN30,0.35,30.0,train,bvk2,4.410551224594251,0.9140625,0.0008989003498581083,128,0.16,0.5078125,false
unified-own-cell-lamella-v1,f0.35_chiN30,0.35,30.0,train,bvk2,4.410551224594251,0.91796875,0.0008587651306929057,128,0.16,0.5078125,false
unified-own-cell-lamella-v1,f0.35_chiN30,0.35,30.0,train,bvk2,4.410551224594251,0.921875,0.000818629911527703,128,0.16,0.5078125,false
unified-own-cell-lamella-v1,f0.35_chiN30,0.35,30.0,train,bvk2,4.410551224594251,0.92578125,0.0007858947183967046,128,0.16,0.5078125,false
unified-own-cell-lamella-v1,f0.35_chiN30,0.35,30.0,train,bvk2,4.410551224594251,0.9296875,0.0007531595252657062,128,0.16,0.5078125,false
unified-own-cell-lamella-v1,f0.35_chiN30,0.35,30.0,train,bvk2,4.410551224594251,0.93359375,0.0007265986085612766,128,0.16,0.5078125,false
unified-own-cell-lamella-v1,f0.35_chiN30,0.35,30.0,train,bvk2,4.410551224594251,0.9375,0.000700037691856847,128,0.16,0.5078125,false
unified-own-cell-lamella-v1,f0.35_chiN30,0.35,30.0,train,bvk2,4.410551224594251,0.94140625,0.0006787069151520018,128,0.16,0.5078125,false
unified-own-cell-lamella-v1,f0.35_chiN30,0.35,30.0,train,bvk2,4.410551224594251,0.9453125,0.0006573761384471566,128,0.16,0.5078125,false
unified-own-cell-lamella-v1,f0.35_chiN30,0.35,30.0,train,bvk2,4.410551224594251,0.94921875,0.0006405509616716786,128,0.16,0.5078125,false
unified-own-cell-lamella-v1,f0.35_chiN30,0.35,30.0,train,bvk2,4.410551224594251,0.953125,0.0006237257848962007,128,0.16,0.5078125,false
unified-own-cell-lamella-v1,f0.35_chiN30,0.35,30.0,train,bvk2,4.410551224594251,0.95703125,0.0006108562881445612,128,0.16,0.5078125,false
unified-own-cell-lamella-v1,f0.35_chiN30,0.35,30.0,train,bvk2,4.410551224594251,0.9609375,0.0005979867913929217,128,0.16,0.5078125,false
unified-own-cell-lamella-v1,f0.35_chiN30,0.35,30.0,train,bvk2,4.410551224594251,0.96484375,0.0005886653348083617,128,0.16,0.5078125,false
unified-own-cell-lamella-v1,f0.35_chiN30,0.35,30.0,train,bvk2,4.410551224594251,0.96875,0.0005793438782238017,128,0.16,0.5078125,false
unified-own-cell-lamella-v1,f0.35_chiN30,0.35,30.0,train,bvk2,4.410551224594251,0.97265625,0.0005732822898297132,128,0.16,0.5078125,false
unified-own-cell-lamella-v1,f0.35_chiN30,0.35,30.0,train,bvk2,4.410551224594251,0.9765625,0.0005672207014356249,128,0.16,0.5078125,false
unified-own-cell-lamella-v1,f0.35_chiN30,0.35,30.0,train,bvk2,4.410551224594251,0.98046875,0.0005642348044105892,128,0.16,0.5078125,false
unified-own-cell-lamella-v1,f0.35_chiN30,0.35,30.0,train,bvk2,4.410551224594251,0.984375,0.0005612489073855535,128,0.16,0.5078125,false
unified-own-cell-lamella-v1,f0.35_chiN30,0.35,30.0,train,bvk2,4.410551224594251,0.98828125,0.0005612489073855535,128,0.16,0.5078125,false
unified-own-cell-lamella-v1,f0.35_chiN30,0.35,30.0,train,bvk2,4.410551224594251,0.9921875,0.0005612489073855535,128,0.16,0.5078125,false
unified-own-cell-lamella-v1,f0.35_chiN30,0.35,30.0,train,bvk2,4.410551224594251,0.99609375,0.0005642348044105892,128,0.16,0.5078125,false
unified-own-cell-lamella-v1,f0.5_chiN30,0.5,30.0,holdout,bvk2,4.4622511634561794,0.0,0.9739946629010504,128,0.16,0.6328125,true
unified-own-cell-lamella-v1,f0.5_chiN30,0.5,30.0,holdout,bvk2,4.4622511634561794,0.00390625,0.97044936607744,128,0.16,0.6328125,true
unified-own-cell-lamella-v1,f0.5_chiN30,0.5,30.0,holdout,bvk2,4.4622511634561794,0.0078125,0.9669040692538295,128,0.16,0.6328125,true
unified-own-cell-lamella-v1,f0.5_chiN30,0.5,30.0,holdout,bvk2,4.4622511634561794,0.01171875,0.9624141032655946,128,0.16,0.6328125,true
unified-own-cell-lamella-v1,f0.5_chiN30,0.5,30.0,holdout,bvk2,4.4622511634561794,0.015625,0.9579241372773596,128,0.16,0.6328125,true
unified-own-cell-lamella-v1,f0.5_chiN30,0.5,30.0,holdout,bvk2,4.4622511634561794,0.01953125,0.9522671222288263,128,0.16,0.6328125,true
unified-own-cell-lamella-v1,f0.5_chiN30,0.5,30.0,holdout,bvk2,4.4622511634561794,0.0234375,0.9466101071802929,128,0.16,0.6328125,true
unified-own-cell-lamella-v1,f0.5_chiN30,0.5,30.0,holdout,bvk2,4.4622511634561794,0.02734375,0.939527770449442,128,0.16,0.6328125,true
unified-own-cell-lamella-v1,f0.5_chiN30,0.5,30.0,holdout,bvk2,4.4622511634561794,0.03125,0.9324454337185911,128,0.16,0.6328125,true
unified-own-cell-lamella-v1,f0.5_chiN30,0.5,30.0,holdout,bvk2,4.4622511634561794,0.03515625,0.9236470418986302,128,0.16,0.6328125,true
unified-own-cell-lamella-v1,f0.5_chiN30,0.5,30.0,holdout,bvk2,4.4622511634561794,0.0390625,0.9148486500786694,128,0.16,0.6328125,true
unified-own-cell-lamella-v1,f0.5_chiN30,0.5,30.0,holdout,bvk2,4.4622511634561794,0.04296875,0.9040206834513637,128,0.16,0.6328125,true
unified-own-cell-lamella-v1,f0.5_chiN30,0.5,30.0,holdout,bvk2,4.4622511634561794,0.046875,0.8931927168240578,128,0.16,0.6328125,true
unified-own-cell-lamella-v1,f0.5_chiN30,0.5,30.0,holdout,bvk2,4.4622511634561794,0.05078125,0.8800173594156961,128,0.16,0.6328125,true
unified-own-cell-lamella-v1,f0.5_chiN30,0.5,30.0,holdout,bvk2,4.4622511634561794,0.0546875,0.8668420020073344,128,0.16,0.6328125,true
unified-own-cell-lamella-v1,f0.5_chiN30,0.5,30.0,holdout,bvk2,4.4622511634561794,0.05859375,0.8510267358170702,128,0.16,0.6328125,true
unified-own-cell-lamella-v1,f0.5_chiN30,0.5,30.0,holdout,bvk2,4.4622511634561794,0.0625,0.8352114696268061,128,0.16,0.6328125,true
unified-own-cell-lamella-v1,f0.5_chiN30,0.5,30.0,holdout,bvk2,4.4622511634561794,0.06640625,0.8165306412698183,128,0.16,0.6328125,true
unified-own-cell-lamella-v1,f0.5_chiN30,0.5,30.0,holdout,bvk2,4.4622511634561794,0.0703125,0.7978498129128304,128,0.16,0.6328125,true
unified-own-cell-lamella-v1,f0.5_chiN30,0.5,30.0,holdout,bvk2,4.4622511634561794,0.07421875,0.7761959873399633,128,0.16,0.6328125,true
unified-own-cell-lamella-v1,f0.5_chiN30,0.5,30.0,holdout,bvk2,4.4622511634561794,0.078125,0.754542161767096,128,0.16,0.6328125,true
unified-own-cell-lamella-v1,f0.5_chiN30,0.5,30.0,holdout,bvk2,4.4622511634561794,0.08203125,0.7299803660946201,128,0.16,0.6328125,true
unified-own-cell-lamella-v1,f0.5_chiN30,0.5,30.0,holdout,bvk2,4.4622511634561794,0.0859375,0.7054185704221443,128,0.16,0.6328125,true
unified-own-cell-lamella-v1,f0.5_chiN30,0.5,30.0,holdout,bvk2,4.4622511634561794,0.08984375,0.6782312154925104,128,0.16,0.6328125,true
unified-own-cell-lamella-v1,f0.5_chiN30,0.5,30.0,holdout,bvk2,4.4622511634561794,0.09375,0.6510438605628766,128,0.16,0.6328125,true
unified-own-cell-lamella-v1,f0.5_chiN30,0.5,30.0,holdout,bvk2,4.4622511634561794,0.09765625,0.6217506856248576,128,0.16,0.6328125,true
unified-own-cell-lamella-v1,f0.5_chiN30,0.5,30.0,holdout,bvk2,4.4622511634561794,0.1015625,0.5924575106868386,128,0.16,0.6328125,true
unified-own-cell-lamella-v1,f0.5_chiN30,0.5,30.0,holdout,bvk2,4.4622511634561794,0.10546875,0.5617965640168712,128,0.16,0.6328125,true
unified-own-cell-lamella-v1,f0.5_chiN30,0.5,30.0,holdout,bvk2,4.4622511634561794,0.109375,0.5311356173469037,128,0.16,0.6328125,true
unified-own-cell-lamella-v1,f0.5_chiN30,0.5,30.0,holdout,bvk2,4.4622511634561794,0.11328125,0.49999999999941713,128,0.16,0.6328125,true
unified-own-cell-lamella-v1,f0.5_chiN30,0.5,30.0,holdout,bvk2,4.4622511634561794,0.1171875,0.46886438265193053,128,0.16,0.6328125,true
unified-own-cell-lamella-v1,f0.5_chiN30,0.5,30.0,holdout,bvk2,4.4622511634561794,0.12109375,0.43820343598198186,128,0.16,0.6328125,true
unified-own-cell-lamella-v1,f0.5_chiN30,0.5,30.0,holdout,bvk2,4.4622511634561794,0.125,0.4075424893120332,128,0.16,0.6328125,true
unified-own-cell-lamella-v1,f0.5_chiN30,0.5,30.0,holdout,bvk2,4.4622511634561794,0.12890625,0.3782493143740495,128,0.16,0.6328125,true
unified-own-cell-lamella-v1,f0.5_chiN30,0.5,30.0,holdout,bvk2,4.4622511634561794,0.1328125,0.34895613943606574,128,0.16,0.6328125,true
unified-own-cell-lamella-v1,f0.5_chiN30,0.5,30.0,holdout,bvk2,4.4622511634561794,0.13671875,0.32176878450647983,128,0.16,0.6328125,true
unified-own-cell-lamella-v1,f0.5_chiN30,0.5,30.0,holdout,bvk2,4.4622511634561794,0.140625,0.2945814295768938,128,0.16,0.6328125,true
unified-own-cell-lamella-v1,f0.5_chiN30,0.5,30.0,holdout,bvk2,4.4622511634561794,0.14453125,0.2700196339044736,128,0.16,0.6328125,true
unified-own-cell-lamella-v1,f0.5_chiN30,0.5,30.0,holdout,bvk2,4.4622511634561794,0.1484375,0.24545783823205325,128,0.16,0.6328125,true
unified-own-cell-lamella-v1,f0.5_chiN30,0.5,30.0,holdout,bvk2,4.4622511634561794,0.15234375,0.22380401265924532,128,0.16,0.6328125,true
unified-own-cell-lamella-v1,f0.5_chiN30,0.5,30.0,holdout,bvk2,4.4622511634561794,0.15625,0.2021501870864374,128,0.16,0.6328125,true
unified-own-cell-lamella-v1,f0.5_chiN30,0.5,30.0,holdout,bvk2,4.4622511634561794,0.16015625,0.18346935872950954,128,0.16,0.6328125,true
unified-own-cell-lamella-v1,f0.5_chiN30,0.5,30.0,holdout,bvk2,4.4622511634561794,0.1640625,0.1647885303725818,128,0.16,0.6328125,true
unified-own-cell-lamella-v1,f0.5_chiN30,0.5,30.0,holdout,bvk2,4.4622511634561794,0.16796875,0.14897326418237578,128,0.16,0.6328125,true
unified-own-cell-lamella-v1,f0.5_chiN30,0.5,30.0,holdout,bvk2,4.4622511634561794,0.171875,0.13315799799216987,128,0.16,0.6328125,true
unified-own-cell-lamella-v1,f0.5_chiN30,0.5,30.0,holdout,bvk2,4.4622511634561794,0.17578125,0.1199826405838964,128,0.16,0.6328125,true
unified-own-cell-lamella-v1,f0.5_chiN30,0.5,30.0,holdout,bvk2,4.4622511634561794,0.1796875,0.10680728317562294,128,0.16,0.6328125,true
unified-own-cell-lamella-v1,f0.5_chiN30,0.5,30.0,holdout,bvk2,4.4622511634561794,0.18359375,0.0959793165482905,128,0.16,0.6328125,true
unified-own-cell-lamella-v1,f0.5_chiN30,0.5,30.0,holdout,bvk2,4.4622511634561794,0.1875,0.08515134992095819,128,0.16,0.6328125,true
unified-own-cell-lamella-v1,f0.5_chiN30,0.5,30.0,holdout,bvk2,4.4622511634561794,0.19140625,0.07635295810104425,128,0.16,0.6328125,true
unified-own-cell-lamella-v1,f0.5_chiN30,0.5,30.0,holdout,bvk2,4.4622511634561794,0.1953125,0.06755456628113021,128,0.16,0.6328125,true
unified-own-cell-lamella-v1,f0.5_chiN30,0.5,30.0,holdout,bvk2,4.4622511634561794,0.19921875,0.060472229550315726,128,0.16,0.6328125,true
unified-own-cell-lamella-v1,f0.5_chiN30,0.5,30.0,holdout,bvk2,4.4622511634561794,0.203125,0.05338989281950124,128,0.16,0.6328125,true
unified-own-cell-lamella-v1,f0.5_chiN30,0.5,30.0,holdout,bvk2,4.4622511634561794,0.20703125,0.047732877770987336,128,0.16,0.6328125,true
unified-own-cell-lamella-v1,f0.5_chiN30,0.5,30.0,holdout,bvk2,4.4622511634561794,0.2109375,0.042075862722473434,128,0.16,0.6328125,true
unified-own-cell-lamella-v1,f0.5_chiN30,0.5,30.0,holdout,bvk2,4.4622511634561794,0.21484375,0.03758589673428214,128,0.16,0.6328125,true
unified-own-cell-lamella-v1,f0.5_chiN30,0.5,30.0,holdout,bvk2,4.4622511634561794,0.21875,0.03309593074609085,128,0.16,0.6328125,true
unified-own-cell-lamella-v1,f0.5_chiN30,0.5,30.0,holdout,bvk2,4.4622511634561794,0.22265625,0.029550633922493352,128,0.16,0.6328125,true
unified-own-cell-lamella-v1,f0.5_chiN30,0.5,30.0,holdout,bvk2,4.4622511634561794,0.2265625,0.026005337098895964,128,0.16,0.6328125,true
unified-own-cell-lamella-v1,f0.5_chiN30,0.5,30.0,holdout,bvk2,4.4622511634561794,0.23046875,0.023217668147638593,128,0.16,0.6328125,true
unified-own-cell-lamella-v1,f0.5_chiN30,0.5,30.0,holdout,bvk2,4.4622511634561794,0.234375,0.02042999919638111,128,0.16,0.6328125,true
unified-own-cell-lamella-v1,f0.5_chiN30,0.5,30.0,holdout,bvk2,4.4622511634561794,0.23828125,0.018245440841999194,128,0.16,0.6328125,true
unified-own-cell-lamella-v1,f0.5_chiN30,0.5,30.0,holdout,bvk2,4.4622511634561794,0.2421875,0.01606088248761739,128,0.16,0.6328125,true
unified-own-cell-lamella-v1,f0.5_chiN30,0.5,30.0,holdout,bvk2,4.4622511634561794,0.24609375,0.014353564055944679,128,0.16,0.6328125,true
unified-own-cell-lamella-v1,f0.5_chiN30,0.5,30.0,holdout,bvk2,4.4622511634561794,0.25,0.012646245624272079,128,0.16,0.6328125,true
unified-own-cell-lamella-v1,f0.5_chiN30,0.5,30.0,holdout,bvk2,4.4622511634561794,0.25390625,0.01131476767873596,128,0.16,0.6328125,true
unified-own-cell-lamella-v1,f0.5_chiN30,0.5,30.0,holdout,bvk2,4.4622511634561794,0.2578125,0.00998328973319984,128,0.16,0.6328125,true
unified-own-cell-lamella-v1,f0.5_chiN30,0.5,30.0,holdout,bvk2,4.4622511634561794,0.26171875,0.00894669828377559,128,0.16,0.6328125,true
unified-own-cell-lamella-v1,f0.5_chiN30,0.5,30.0,holdout,bvk2,4.4622511634561794,0.265625,0.007910106834351338,128,0.16,0.6328125,true
unified-own-cell-lamella-v1,f0.5_chiN30,0.5,30.0,holdout,bvk2,4.4622511634561794,0.26953125,0.007104249625948578,128,0.16,0.6328125,true
unified-own-cell-lamella-v1,f0.5_chiN30,0.5,30.0,holdout,bvk2,4.4622511634561794,0.2734375,0.006298392417545817,128,0.16,0.6328125,true
unified-own-cell-lamella-v1,f0.5_chiN30,0.5,30.0,holdout,bvk2,4.4622511634561794,0.27734375,0.005672753587919743,128,0.16,0.6328125,true
unified-own-cell-lamella-v1,f0.5_chiN30,0.5,30.0,holdout,bvk2,4.4622511634561794,0.28125,0.00504711475829378,128,0.16,0.6328125,true
unified-own-cell-lamella-v1,f0.5_chiN30,0.5,30.0,holdout,bvk2,4.4622511634561794,0.28515625,0.004562143578942246,128,0.16,0.6328125,true
unified-own-cell-lamella-v1,f0.5_chiN30,0.5,30.0,holdout,bvk2,4.4622511634561794,0.2890625,0.004077172399590712,128,0.16,0.6328125,true
unified-own-cell-lamella-v1,f0.5_chiN30,0.5,30.0,holdout,bvk2,4.4622511634561794,0.29296875,0.003702078003039233,128,0.16,0.6328125,true
unified-own-cell-lamella-v1,f0.5_chiN30,0.5,30.0,holdout,bvk2,4.4622511634561794,0.296875,0.0033269836064878655,128,0.16,0.6328125,true
unified-own-cell-lamella-v1,f0.5_chiN30,0.5,30.0,holdout,bvk2,4.4622511634561794,0.30078125,0.003037946120369339,128,0.16,0.6328125,true
unified-own-cell-lamella-v1,f0.5_chiN30,0.5,30.0,holdout,bvk2,4.4622511634561794,0.3046875,0.002748908634250813,128,0.16,0.6328125,true
unified-own-cell-lamella-v1,f0.5_chiN30,0.5,30.0,holdout,bvk2,4.4622511634561794,0.30859375,0.002527645456252836,128,0.16,0.6328125,true
unified-own-cell-lamella-v1,f0.5_chiN30,0.5,30.0,holdout,bvk2,4.4622511634561794,0.3125,0.0023063822782548593,128,0.16,0.6328125,true
unified-own-cell-lamella-v1,f0.5_chiN30,0.5,30.0,holdout,bvk2,4.4622511634561794,0.31640625,0.0021389879646114274,128,0.16,0.6328125,true
unified-own-cell-lamella-v1,f0.5_chiN30,0.5,30.0,holdout,bvk2,4.4622511634561794,0.3203125,0.0019715936509679954,128,0.16,0.6328125,true
unified-own-cell-lamella-v1,f0.5_chiN30,0.5,30.0,holdout,bvk2,4.4622511634561794,0.32421875,0.0018475016888190865,128,0.16,0.6328125,true
unified-own-cell-lamella-v1,f0.5_chiN30,0.5,30.0,holdout,bvk2,4.4622511634561794,0.328125,0.0017234097266702886,128,0.16,0.6328125,true
unified-own-cell-lamella-v1,f0.5_chiN30,0.5,30.0,holdout,bvk2,4.4622511634561794,0.33203125,0.001634248277964545,128,0.16,0.6328125,true
unified-own-cell-lamella-v1,f0.5_chiN30,0.5,30.0,holdout,bvk2,4.4622511634561794,0.3359375,0.0015450868292589126,128,0.16,0.6328125,true
unified-own-cell-lamella-v1,f0.5_chiN30,0.5,30.0,holdout,bvk2,4.4622511634561794,0.33984375,0.0014839559258266188,128,0.16,0.6328125,true
unified-own-cell-lamella-v1,f0.5_chiN30,0.5,30.0,holdout,bvk2,4.4622511634561794,0.34375,0.001422825022394214,128,0.16,0.6328125,true
unified-own-cell-lamella-v1,f0.5_chiN30,0.5,30.0,holdout,bvk2,4.4622511634561794,0.34765625,0.001384653805453162,128,0.16,0.6328125,true
unified-own-cell-lamella-v1,f0.5_chiN30,0.5,30.0,holdout,bvk2,4.4622511634561794,0.3515625,0.0013464825885121101,128,0.16,0.6328125,true
unified-own-cell-lamella-v1,f0.5_chiN30,0.5,30.0,holdout,bvk2,4.4622511634561794,0.35546875,0.0013281333751877789,128,0.16,0.6328125,true
unified-own-cell-lamella-v1,f0.5_chiN30,0.5,30.0,holdout,bvk2,4.4622511634561794,0.359375,0.0013097841618634476,128,0.16,0.6328125,true
unified-own-cell-lamella-v1,f0.5_chiN30,0.5,30.0,holdout,bvk2,4.4622511634561794,0.36328125,0.0013097841618634476,128,0.16,0.6328125,true
unified-own-cell-lamella-v1,f0.5_chiN30,0.5,30.0,holdout,bvk2,4.4622511634561794,0.3671875,0.0013097841618634476,128,0.16,0.6328125,true
unified-own-cell-lamella-v1,f0.5_chiN30,0.5,30.0,holdout,bvk2,4.4622511634561794,0.37109375,0.0013281333751877789,128,0.16,0.6328125,true
unified-own-cell-lamella-v1,f0.5_chiN30,0.5,30.0,holdout,bvk2,4.4622511634561794,0.375,0.0013464825885121101,128,0.16,0.6328125,true
unified-own-cell-lamella-v1,f0.5_chiN30,0.5,30.0,holdout,bvk2,4.4622511634561794,0.37890625,0.001384653805453162,128,0.16,0.6328125,true
unified-own-cell-lamella-v1,f0.5_chiN30,0.5,30.0,holdout,bvk2,4.4622511634561794,0.3828125,0.001422825022394214,128,0.16,0.6328125,true
unified-own-cell-lamella-v1,f0.5_chiN30,0.5,30.0,holdout,bvk2,4.4622511634561794,0.38671875,0.0014839559258266188,128,0.16,0.6328125,true
unified-own-cell-lamella-v1,f0.5_chiN30,0.5,30.0,holdout,bvk2,4.4622511634561794,0.390625,0.0015450868292589126,128,0.16,0.6328125,true
unified-own-cell-lamella-v1,f0.5_chiN30,0.5,30.0,holdout,bvk2,4.4622511634561794,0.39453125,0.001634248277964545,128,0.16,0.6328125,true
unified-own-cell-lamella-v1,f0.5_chiN30,0.5,30.0,holdout,bvk2,4.4622511634561794,0.3984375,0.0017234097266702886,128,0.16,0.6328125,true
unified-own-cell-lamella-v1,f0.5_chiN30,0.5,30.0,holdout,bvk2,4.4622511634561794,0.40234375,0.0018475016888190865,128,0.16,0.6328125,true
unified-own-cell-lamella-v1,f0.5_chiN30,0.5,30.0,holdout,bvk2,4.4622511634561794,0.40625,0.0019715936509679954,128,0.16,0.6328125,true
unified-own-cell-lamella-v1,f0.5_chiN30,0.5,30.0,holdout,bvk2,4.4622511634561794,0.41015625,0.0021389879646114274,128,0.16,0.6328125,true
unified-own-cell-lamella-v1,f0.5_chiN30,0.5,30.0,holdout,bvk2,4.4622511634561794,0.4140625,0.0023063822782548593,128,0.16,0.6328125,true
unified-own-cell-lamella-v1,f0.5_chiN30,0.5,30.0,holdout,bvk2,4.4622511634561794,0.41796875,0.002527645456252836,128,0.16,0.6328125,true
unified-own-cell-lamella-v1,f0.5_chiN30,0.5,30.0,holdout,bvk2,4.4622511634561794,0.421875,0.002748908634250813,128,0.16,0.6328125,true
unified-own-cell-lamella-v1,f0.5_chiN30,0.5,30.0,holdout,bvk2,4.4622511634561794,0.42578125,0.003037946120369339,128,0.16,0.6328125,true
unified-own-cell-lamella-v1,f0.5_chiN30,0.5,30.0,holdout,bvk2,4.4622511634561794,0.4296875,0.0033269836064878655,128,0.16,0.6328125,true
unified-own-cell-lamella-v1,f0.5_chiN30,0.5,30.0,holdout,bvk2,4.4622511634561794,0.43359375,0.003702078003039233,128,0.16,0.6328125,true
unified-own-cell-lamella-v1,f0.5_chiN30,0.5,30.0,holdout,bvk2,4.4622511634561794,0.4375,0.004077172399590712,128,0.16,0.6328125,true
unified-own-cell-lamella-v1,f0.5_chiN30,0.5,30.0,holdout,bvk2,4.4622511634561794,0.44140625,0.004562143578942246,128,0.16,0.6328125,true
unified-own-cell-lamella-v1,f0.5_chiN30,0.5,30.0,holdout,bvk2,4.4622511634561794,0.4453125,0.00504711475829378,128,0.16,0.6328125,true
unified-own-cell-lamella-v1,f0.5_chiN30,0.5,30.0,holdout,bvk2,4.4622511634561794,0.44921875,0.005672753587919743,128,0.16,0.6328125,true
unified-own-cell-lamella-v1,f0.5_chiN30,0.5,30.0,holdout,bvk2,4.4622511634561794,0.453125,0.006298392417545817,128,0.16,0.6328125,true
unified-own-cell-lamella-v1,f0.5_chiN30,0.5,30.0,holdout,bvk2,4.4622511634561794,0.45703125,0.007104249625948578,128,0.16,0.6328125,true
unified-own-cell-lamella-v1,f0.5_chiN30,0.5,30.0,holdout,bvk2,4.4622511634561794,0.4609375,0.007910106834351338,128,0.16,0.6328125,true
unified-own-cell-lamella-v1,f0.5_chiN30,0.5,30.0,holdout,bvk2,4.4622511634561794,0.46484375,0.00894669828377559,128,0.16,0.6328125,true
unified-own-cell-lamella-v1,f0.5_chiN30,0.5,30.0,holdout,bvk2,4.4622511634561794,0.46875,0.00998328973319984,128,0.16,0.6328125,true
unified-own-cell-lamella-v1,f0.5_chiN30,0.5,30.0,holdout,bvk2,4.4622511634561794,0.47265625,0.01131476767873596,128,0.16,0.6328125,true
unified-own-cell-lamella-v1,f0.5_chiN30,0.5,30.0,holdout,bvk2,4.4622511634561794,0.4765625,0.012646245624272079,128,0.16,0.6328125,true
unified-own-cell-lamella-v1,f0.5_chiN30,0.5,30.0,holdout,bvk2,4.4622511634561794,0.48046875,0.014353564055944679,128,0.16,0.6328125,true
unified-own-cell-lamella-v1,f0.5_chiN30,0.5,30.0,holdout,bvk2,4.4622511634561794,0.484375,0.01606088248761739,128,0.16,0.6328125,true
unified-own-cell-lamella-v1,f0.5_chiN30,0.5,30.0,holdout,bvk2,4.4622511634561794,0.48828125,0.018245440841999194,128,0.16,0.6328125,true
unified-own-cell-lamella-v1,f0.5_chiN30,0.5,30.0,holdout,bvk2,4.4622511634561794,0.4921875,0.02042999919638111,128,0.16,0.6328125,true
unified-own-cell-lamella-v1,f0.5_chiN30,0.5,30.0,holdout,bvk2,4.4622511634561794,0.49609375,0.023217668147638593,128,0.16,0.6328125,true
unified-own-cell-lamella-v1,f0.5_chiN30,0.5,30.0,holdout,bvk2,4.4622511634561794,0.5,0.026005337098895964,128,0.16,0.6328125,true
unified-own-cell-lamella-v1,f0.5_chiN30,0.5,30.0,holdout,bvk2,4.4622511634561794,0.50390625,0.029550633922493574,128,0.16,0.6328125,true
unified-own-cell-lamella-v1,f0.5_chiN30,0.5,30.0,holdout,bvk2,4.4622511634561794,0.5078125,0.03309593074609107,128,0.16,0.6328125,true
unified-own-cell-lamella-v1,f0.5_chiN30,0.5,30.0,holdout,bvk2,4.4622511634561794,0.51171875,0.03758589673428214,128,0.16,0.6328125,true
unified-own-cell-lamella-v1,f0.5_chiN30,0.5,30.0,holdout,bvk2,4.4622511634561794,0.515625,0.04207586272247321,128,0.16,0.6328125,true
unified-own-cell-lamella-v1,f0.5_chiN30,0.5,30.0,holdout,bvk2,4.4622511634561794,0.51953125,0.047732877770987225,128,0.16,0.6328125,true
unified-own-cell-lamella-v1,f0.5_chiN30,0.5,30.0,holdout,bvk2,4.4622511634561794,0.5234375,0.05338989281950124,128,0.16,0.6328125,true
unified-own-cell-lamella-v1,f0.5_chiN30,0.5,30.0,holdout,bvk2,4.4622511634561794,0.52734375,0.060472229550315615,128,0.16,0.6328125,true
unified-own-cell-lamella-v1,f0.5_chiN30,0.5,30.0,holdout,bvk2,4.4622511634561794,0.53125,0.06755456628112999,128,0.16,0.6328125,true
unified-own-cell-lamella-v1,f0.5_chiN30,0.5,30.0,holdout,bvk2,4.4622511634561794,0.53515625,0.07635295810104403,128,0.16,0.6328125,true
unified-own-cell-lamella-v1,f0.5_chiN30,0.5,30.0,holdout,bvk2,4.4622511634561794,0.5390625,0.08515134992095819,128,0.16,0.6328125,true
unified-own-cell-lamella-v1,f0.5_chiN30,0.5,30.0,holdout,bvk2,4.4622511634561794,0.54296875,0.09597931654829073,128,0.16,0.6328125,true
unified-own-cell-lamella-v1,f0.5_chiN30,0.5,30.0,holdout,bvk2,4.4622511634561794,0.546875,0.10680728317562316,128,0.16,0.6328125,true
unified-own-cell-lamella-v1,f0.5_chiN30,0.5,30.0,holdout,bvk2,4.4622511634561794,0.55078125,0.11998264058389618,128,0.16,0.6328125,true
unified-own-cell-lamella-v1,f0.5_chiN30,0.5,30.0,holdout,bvk2,4.4622511634561794,0.5546875,0.13315799799216932,128,0.16,0.6328125,true
unified-own-cell-lamella-v1,f0.5_chiN30,0.5,30.0,holdout,bvk2,4.4622511634561794,0.55859375,0.14897326418237533,128,0.16,0.6328125,true
unified-own-cell-lamella-v1,f0.5_chiN30,0.5,30.0,holdout,bvk2,4.4622511634561794,0.5625,0.16478853037258145,128,0.16,0.6328125,true
unified-own-cell-lamella-v1,f0.5_chiN30,0.5,30.0,holdout,bvk2,4.4622511634561794,0.56640625,0.18346935872950942,128,0.16,0.6328125,true
unified-own-cell-lamella-v1,f0.5_chiN30,0.5,30.0,holdout,bvk2,4.4622511634561794,0.5703125,0.2021501870864374,128,0.16,0.6328125,true
unified-own-cell-lamella-v1,f0.5_chiN30,0.5,30.0,holdout,bvk2,4.4622511634561794,0.57421875,0.22380401265924532,128,0.16,0.6328125,true
unified-own-cell-lamella-v1,f0.5_chiN30,0.5,30.0,holdout,bvk2,4.4622511634561794,0.578125,0.24545783823205325,128,0.16,0.6328125,true
unified-own-cell-lamella-v1,f0.5_chiN30,0.5,30.0,holdout,bvk2,4.4622511634561794,0.58203125,0.2700196339044736,128,0.16,0.6328125,true
unified-own-cell-lamella-v1,f0.5_chiN30,0.5,30.0,holdout,bvk2,4.4622511634561794,0.5859375,0.2945814295768939,128,0.16,0.6328125,true
unified-own-cell-lamella-v1,f0.5_chiN30,0.5,30.0,holdout,bvk2,4.4622511634561794,0.58984375,0.3217687845064794,128,0.16,0.6328125,true
unified-own-cell-lamella-v1,f0.5_chiN30,0.5,30.0,holdout,bvk2,4.4622511634561794,0.59375,0.34895613943606485,128,0.16,0.6328125,true
unified-own-cell-lamella-v1,f0.5_chiN30,0.5,30.0,holdout,bvk2,4.4622511634561794,0.59765625,0.37824931437404874,128,0.16,0.6328125,true
unified-own-cell-lamella-v1,f0.5_chiN30,0.5,30.0,holdout,bvk2,4.4622511634561794,0.6015625,0.40754248931203263,128,0.16,0.6328125,true
unified-own-cell-lamella-v1,f0.5_chiN30,0.5,30.0,holdout,bvk2,4.4622511634561794,0.60546875,0.4382034359819813,128,0.16,0.6328125,true
unified-own-cell-lamella-v1,f0.5_chiN30,0.5,30.0,holdout,bvk2,4.4622511634561794,0.609375,0.4688643826519301,128,0.16,0.6328125,true
unified-own-cell-lamella-v1,f0.5_chiN30,0.5,30.0,holdout,bvk2,4.4622511634561794,0.61328125,0.4999999999994168,128,0.16,0.6328125,true
unified-own-cell-lamella-v1,f0.5_chiN30,0.5,30.0,holdout,bvk2,4.4622511634561794,0.6171875,0.5311356173469035,128,0.16,0.6328125,true
unified-own-cell-lamella-v1,f0.5_chiN30,0.5,30.0,holdout,bvk2,4.4622511634561794,0.62109375,0.5617965640168712,128,0.16,0.6328125,true
unified-own-cell-lamella-v1,f0.5_chiN30,0.5,30.0,holdout,bvk2,4.4622511634561794,0.625,0.5924575106868386,128,0.16,0.6328125,true
unified-own-cell-lamella-v1,f0.5_chiN30,0.5,30.0,holdout,bvk2,4.4622511634561794,0.62890625,0.6217506856248578,128,0.16,0.6328125,true
unified-own-cell-lamella-v1,f0.5_chiN30,0.5,30.0,holdout,bvk2,4.4622511634561794,0.6328125,0.651043860562877,128,0.16,0.6328125,true
unified-own-cell-lamella-v1,f0.5_chiN30,0.5,30.0,holdout,bvk2,4.4622511634561794,0.63671875,0.6782312154925103,128,0.16,0.6328125,true
unified-own-cell-lamella-v1,f0.5_chiN30,0.5,30.0,holdout,bvk2,4.4622511634561794,0.640625,0.7054185704221436,128,0.16,0.6328125,true
unified-own-cell-lamella-v1,f0.5_chiN30,0.5,30.0,holdout,bvk2,4.4622511634561794,0.64453125,0.7299803660946196,128,0.16,0.6328125,true
unified-own-cell-lamella-v1,f0.5_chiN30,0.5,30.0,holdout,bvk2,4.4622511634561794,0.6484375,0.7545421617670955,128,0.16,0.6328125,true
unified-own-cell-lamella-v1,f0.5_chiN30,0.5,30.0,holdout,bvk2,4.4622511634561794,0.65234375,0.776195987339963,128,0.16,0.6328125,true
unified-own-cell-lamella-v1,f0.5_chiN30,0.5,30.0,holdout,bvk2,4.4622511634561794,0.65625,0.7978498129128303,128,0.16,0.6328125,true
unified-own-cell-lamella-v1,f0.5_chiN30,0.5,30.0,holdout,bvk2,4.4622511634561794,0.66015625,0.8165306412698182,128,0.16,0.6328125,true
unified-own-cell-lamella-v1,f0.5_chiN30,0.5,30.0,holdout,bvk2,4.4622511634561794,0.6640625,0.8352114696268061,128,0.16,0.6328125,true
unified-own-cell-lamella-v1,f0.5_chiN30,0.5,30.0,holdout,bvk2,4.4622511634561794,0.66796875,0.8510267358170703,128,0.16,0.6328125,true
unified-own-cell-lamella-v1,f0.5_chiN30,0.5,30.0,holdout,bvk2,4.4622511634561794,0.671875,0.8668420020073345,128,0.16,0.6328125,true
unified-own-cell-lamella-v1,f0.5_chiN30,0.5,30.0,holdout,bvk2,4.4622511634561794,0.67578125,0.880017359415696,128,0.16,0.6328125,true
unified-own-cell-lamella-v1,f0.5_chiN30,0.5,30.0,holdout,bvk2,4.4622511634561794,0.6796875,0.8931927168240574,128,0.16,0.6328125,true
unified-own-cell-lamella-v1,f0.5_chiN30,0.5,30.0,holdout,bvk2,4.4622511634561794,0.68359375,0.9040206834513634,128,0.16,0.6328125,true
unified-own-cell-lamella-v1,f0.5_chiN30,0.5,30.0,holdout,bvk2,4.4622511634561794,0.6875,0.9148486500786693,128,0.16,0.6328125,true
unified-own-cell-lamella-v1,f0.5_chiN30,0.5,30.0,holdout,bvk2,4.4622511634561794,0.69140625,0.9236470418986302,128,0.16,0.6328125,true
unified-own-cell-lamella-v1,f0.5_chiN30,0.5,30.0,holdout,bvk2,4.4622511634561794,0.6953125,0.932445433718591,128,0.16,0.6328125,true
unified-own-cell-lamella-v1,f0.5_chiN30,0.5,30.0,holdout,bvk2,4.4622511634561794,0.69921875,0.9395277704494419,128,0.16,0.6328125,true
unified-own-cell-lamella-v1,f0.5_chiN30,0.5,30.0,holdout,bvk2,4.4622511634561794,0.703125,0.9466101071802929,128,0.16,0.6328125,true
unified-own-cell-lamella-v1,f0.5_chiN30,0.5,30.0,holdout,bvk2,4.4622511634561794,0.70703125,0.9522671222288263,128,0.16,0.6328125,true
unified-own-cell-lamella-v1,f0.5_chiN30,0.5,30.0,holdout,bvk2,4.4622511634561794,0.7109375,0.9579241372773596,128,0.16,0.6328125,true
unified-own-cell-lamella-v1,f0.5_chiN30,0.5,30.0,holdout,bvk2,4.4622511634561794,0.71484375,0.9624141032655945,128,0.16,0.6328125,true
unified-own-cell-lamella-v1,f0.5_chiN30,0.5,30.0,holdout,bvk2,4.4622511634561794,0.71875,0.9669040692538294,128,0.16,0.6328125,true
unified-own-cell-lamella-v1,f0.5_chiN30,0.5,30.0,holdout,bvk2,4.4622511634561794,0.72265625,0.9704493660774399,128,0.16,0.6328125,true
unified-own-cell-lamella-v1,f0.5_chiN30,0.5,30.0,holdout,bvk2,4.4622511634561794,0.7265625,0.9739946629010503,128,0.16,0.6328125,true
unified-own-cell-lamella-v1,f0.5_chiN30,0.5,30.0,holdout,bvk2,4.4622511634561794,0.73046875,0.9767823318523132,128,0.16,0.6328125,true
unified-own-cell-lamella-v1,f0.5_chiN30,0.5,30.0,holdout,bvk2,4.4622511634561794,0.734375,0.9795700008035761,128,0.16,0.6328125,true
unified-own-cell-lamella-v1,f0.5_chiN30,0.5,30.0,holdout,bvk2,4.4622511634561794,0.73828125,0.9817545591579593,128,0.16,0.6328125,true
unified-own-cell-lamella-v1,f0.5_chiN30,0.5,30.0,holdout,bvk2,4.4622511634561794,0.7421875,0.9839391175123424,128,0.16,0.6328125,true
unified-own-cell-lamella-v1,f0.5_chiN30,0.5,30.0,holdout,bvk2,4.4622511634561794,0.74609375,0.9856464359440124,128,0.16,0.6328125,true
unified-own-cell-lamella-v1,f0.5_chiN30,0.5,30.0,holdout,bvk2,4.4622511634561794,0.75,0.9873537543756823,128,0.16,0.6328125,true
unified-own-cell-lamella-v1,f0.5_chiN30,0.5,30.0,holdout,bvk2,4.4622511634561794,0.75390625,0.9886852323212109,128,0.16,0.6328125,true
unified-own-cell-lamella-v1,f0.5_chiN30,0.5,30.0,holdout,bvk2,4.4622511634561794,0.7578125,0.9900167102667394,128,0.16,0.6328125,true
unified-own-cell-lamella-v1,f0.5_chiN30,0.5,30.0,holdout,bvk2,4.4622511634561794,0.76171875,0.9910533017161504,128,0.16,0.6328125,true
unified-own-cell-lamella-v1,f0.5_chiN30,0.5,30.0,holdout,bvk2,4.4622511634561794,0.765625,0.9920898931655614,128,0.16,0.6328125,true
unified-own-cell-lamella-v1,f0.5_chiN30,0.5,30.0,holdout,bvk2,4.4622511634561794,0.76953125,0.9928957503739432,128,0.16,0.6328125,true
unified-own-cell-lamella-v1,f0.5_chiN30,0.5,30.0,holdout,bvk2,4.4622511634561794,0.7734375,0.993701607582325,128,0.16,0.6328125,true
unified-own-cell-lamella-v1,f0.5_chiN30,0.5,30.0,holdout,bvk2,4.4622511634561794,0.77734375,0.9943272464119168,128,0.16,0.6328125,true
unified-own-cell-lamella-v1,f0.5_chiN30,0.5,30.0,holdout,bvk2,4.4622511634561794,0.78125,0.9949528852415087,128,0.16,0.6328125,true
unified-own-cell-lamella-v1,f0.5_chiN30,0.5,30.0,holdout,bvk2,4.4622511634561794,0.78515625,0.9954378564207945,128,0.16,0.6328125,true
unified-own-cell-lamella-v1,f0.5_chiN30,0.5,30.0,holdout,bvk2,4.4622511634561794,0.7890625,0.9959228276000802,128,0.16,0.6328125,true
unified-own-cell-lamella-v1,f0.5_chiN30,0.5,30.0,holdout,bvk2,4.4622511634561794,0.79296875,0.9962979219965579,128,0.16,0.6328125,true
unified-own-cell-lamella-v1,f0.5_chiN30,0.5,30.0,holdout,bvk2,4.4622511634561794,0.796875,0.9966730163930355,128,0.16,0.6328125,true
unified-own-cell-lamella-v1,f0.5_chiN30,0.5,30.0,holdout,bvk2,4.4622511634561794,0.80078125,0.9969620538799341,128,0.16,0.6328125,true
unified-own-cell-lamella-v1,f0.5_chiN30,0.5,30.0,holdout,bvk2,4.4622511634561794,0.8046875,0.9972510913668328,128,0.16,0.6328125,true
unified-own-cell-lamella-v1,f0.5_chiN30,0.5,30.0,holdout,bvk2,4.4622511634561794,0.80859375,0.997472354544866,128,0.16,0.6328125,true
unified-own-cell-lamella-v1,f0.5_chiN30,0.5,30.0,holdout,bvk2,4.4622511634561794,0.8125,0.9976936177228992,128,0.16,0.6328125,true
unified-own-cell-lamella-v1,f0.5_chiN30,0.5,30.0,holdout,bvk2,4.4622511634561794,0.81640625,0.9978610120364455,128,0.16,0.6328125,true
unified-own-cell-lamella-v1,f0.5_chiN30,0.5,30.0,holdout,bvk2,4.4622511634561794,0.8203125,0.9980284063499918,128,0.16,0.6328125,true
unified-own-cell-lamella-v1,f0.5_chiN30,0.5,30.0,holdout,bvk2,4.4622511634561794,0.82421875,0.9981524983121336,128,0.16,0.6328125,true
unified-own-cell-lamella-v1,f0.5_chiN30,0.5,30.0,holdout,bvk2,4.4622511634561794,0.828125,0.9982765902742755,128,0.16,0.6328125,true
unified-own-cell-lamella-v1,f0.5_chiN30,0.5,30.0,holdout,bvk2,4.4622511634561794,0.83203125,0.9983657517232459,128,0.16,0.6328125,true
unified-own-cell-lamella-v1,f0.5_chiN30,0.5,30.0,holdout,bvk2,4.4622511634561794,0.8359375,0.9984549131722164,128,0.16,0.6328125,true
unified-own-cell-lamella-v1,f0.5_chiN30,0.5,30.0,holdout,bvk2,4.4622511634561794,0.83984375,0.9985160440756544,128,0.16,0.6328125,true
unified-own-cell-lamella-v1,f0.5_chiN30,0.5,30.0,holdout,bvk2,4.4622511634561794,0.84375,0.9985771749790925,128,0.16,0.6328125,true
unified-own-cell-lamella-v1,f0.5_chiN30,0.5,30.0,holdout,bvk2,4.4622511634561794,0.84765625,0.9986153461959951,128,0.16,0.6328125,true
unified-own-cell-lamella-v1,f0.5_chiN30,0.5,30.0,holdout,bvk2,4.4622511634561794,0.8515625,0.9986535174128977,128,0.16,0.6328125,true
unified-own-cell-lamella-v1,f0.5_chiN30,0.5,30.0,holdout,bvk2,4.4622511634561794,0.85546875,0.9986718666262002,128,0.16,0.6328125,true
unified-own-cell-lamella-v1,f0.5_chiN30,0.5,30.0,holdout,bvk2,4.4622511634561794,0.859375,0.9986902158395028,128,0.16,0.6328125,true
unified-own-cell-lamella-v1,f0.5_chiN30,0.5,30.0,holdout,bvk2,4.4622511634561794,0.86328125,0.9986902158395028,128,0.16,0.6328125,true
unified-own-cell-lamella-v1,f0.5_chiN30,0.5,30.0,holdout,bvk2,4.4622511634561794,0.8671875,0.9986902158395028,128,0.16,0.6328125,true
unified-own-cell-lamella-v1,f0.5_chiN30,0.5,30.0,holdout,bvk2,4.4622511634561794,0.87109375,0.9986718666262002,128,0.16,0.6328125,true
unified-own-cell-lamella-v1,f0.5_chiN30,0.5,30.0,holdout,bvk2,4.4622511634561794,0.875,0.9986535174128977,128,0.16,0.6328125,true
unified-own-cell-lamella-v1,f0.5_chiN30,0.5,30.0,holdout,bvk2,4.4622511634561794,0.87890625,0.9986153461959951,128,0.16,0.6328125,true
unified-own-cell-lamella-v1,f0.5_chiN30,0.5,30.0,holdout,bvk2,4.4622511634561794,0.8828125,0.9985771749790925,128,0.16,0.6328125,true
unified-own-cell-lamella-v1,f0.5_chiN30,0.5,30.0,holdout,bvk2,4.4622511634561794,0.88671875,0.9985160440756544,128,0.16,0.6328125,true
unified-own-cell-lamella-v1,f0.5_chiN30,0.5,30.0,holdout,bvk2,4.4622511634561794,0.890625,0.9984549131722164,128,0.16,0.6328125,true
unified-own-cell-lamella-v1,f0.5_chiN30,0.5,30.0,holdout,bvk2,4.4622511634561794,0.89453125,0.9983657517232459,128,0.16,0.6328125,true
unified-own-cell-lamella-v1,f0.5_chiN30,0.5,30.0,holdout,bvk2,4.4622511634561794,0.8984375,0.9982765902742755,128,0.16,0.6328125,true
unified-own-cell-lamella-v1,f0.5_chiN30,0.5,30.0,holdout,bvk2,4.4622511634561794,0.90234375,0.9981524983121336,128,0.16,0.6328125,true
unified-own-cell-lamella-v1,f0.5_chiN30,0.5,30.0,holdout,bvk2,4.4622511634561794,0.90625,0.9980284063499918,128,0.16,0.6328125,true
unified-own-cell-lamella-v1,f0.5_chiN30,0.5,30.0,holdout,bvk2,4.4622511634561794,0.91015625,0.9978610120364455,128,0.16,0.6328125,true
unified-own-cell-lamella-v1,f0.5_chiN30,0.5,30.0,holdout,bvk2,4.4622511634561794,0.9140625,0.9976936177228992,128,0.16,0.6328125,true
unified-own-cell-lamella-v1,f0.5_chiN30,0.5,30.0,holdout,bvk2,4.4622511634561794,0.91796875,0.997472354544866,128,0.16,0.6328125,true
unified-own-cell-lamella-v1,f0.5_chiN30,0.5,30.0,holdout,bvk2,4.4622511634561794,0.921875,0.9972510913668328,128,0.16,0.6328125,true
unified-own-cell-lamella-v1,f0.5_chiN30,0.5,30.0,holdout,bvk2,4.4622511634561794,0.92578125,0.9969620538799341,128,0.16,0.6328125,true
unified-own-cell-lamella-v1,f0.5_chiN30,0.5,30.0,holdout,bvk2,4.4622511634561794,0.9296875,0.9966730163930355,128,0.16,0.6328125,true
unified-own-cell-lamella-v1,f0.5_chiN30,0.5,30.0,holdout,bvk2,4.4622511634561794,0.93359375,0.9962979219965579,128,0.16,0.6328125,true
unified-own-cell-lamella-v1,f0.5_chiN30,0.5,30.0,holdout,bvk2,4.4622511634561794,0.9375,0.9959228276000802,128,0.16,0.6328125,true
unified-own-cell-lamella-v1,f0.5_chiN30,0.5,30.0,holdout,bvk2,4.4622511634561794,0.94140625,0.9954378564207945,128,0.16,0.6328125,true
unified-own-cell-lamella-v1,f0.5_chiN30,0.5,30.0,holdout,bvk2,4.4622511634561794,0.9453125,0.9949528852415087,128,0.16,0.6328125,true
unified-own-cell-lamella-v1,f0.5_chiN30,0.5,30.0,holdout,bvk2,4.4622511634561794,0.94921875,0.9943272464119168,128,0.16,0.6328125,true
unified-own-cell-lamella-v1,f0.5_chiN30,0.5,30.0,holdout,bvk2,4.4622511634561794,0.953125,0.993701607582325,128,0.16,0.6328125,true
unified-own-cell-lamella-v1,f0.5_chiN30,0.5,30.0,holdout,bvk2,4.4622511634561794,0.95703125,0.9928957503739432,128,0.16,0.6328125,true
unified-own-cell-lamella-v1,f0.5_chiN30,0.5,30.0,holdout,bvk2,4.4622511634561794,0.9609375,0.9920898931655614,128,0.16,0.6328125,true
unified-own-cell-lamella-v1,f0.5_chiN30,0.5,30.0,holdout,bvk2,4.4622511634561794,0.96484375,0.9910533017161505,128,0.16,0.6328125,true
unified-own-cell-lamella-v1,f0.5_chiN30,0.5,30.0,holdout,bvk2,4.4622511634561794,0.96875,0.9900167102667394,128,0.16,0.6328125,true
unified-own-cell-lamella-v1,f0.5_chiN30,0.5,30.0,holdout,bvk2,4.4622511634561794,0.97265625,0.9886852323212109,128,0.16,0.6328125,true
unified-own-cell-lamella-v1,f0.5_chiN30,0.5,30.0,holdout,bvk2,4.4622511634561794,0.9765625,0.9873537543756823,128,0.16,0.6328125,true
unified-own-cell-lamella-v1,f0.5_chiN30,0.5,30.0,holdout,bvk2,4.4622511634561794,0.98046875,0.9856464359440124,128,0.16,0.6328125,true
unified-own-cell-lamella-v1,f0.5_chiN30,0.5,30.0,holdout,bvk2,4.4622511634561794,0.984375,0.9839391175123425,128,0.16,0.6328125,true
unified-own-cell-lamella-v1,f0.5_chiN30,0.5,30.0,holdout,bvk2,4.4622511634561794,0.98828125,0.9817545591579594,128,0.16,0.6328125,true
unified-own-cell-lamella-v1,f0.5_chiN30,0.5,30.0,holdout,bvk2,4.4622511634561794,0.9921875,0.9795700008035763,128,0.16,0.6328125,true
unified-own-cell-lamella-v1,f0.5_chiN30,0.5,30.0,holdout,bvk2,4.4622511634561794,0.99609375,0.9767823318523133,128,0.16,0.6328125,true
