schema,case_id,f,chiN,model,model_label,period_rg,native_index,native_grid_count,s,phi_a,phi_b
liu2019-stress-free-period-map-v2,f0.2_chiN27,0.2,27.0,scft,SCFT,3.8282917974818926,1,80,0.0,0.7220786177904567,0.27792124746931124
liu2019-stress-free-period-map-v2,f0.2_chiN27,0.2,27.0,scft,SCFT,3.8282917974818926,2,80,0.0125,0.7171347049383633,0.2828652591046121
liu2019-stress-free-period-map-v2,f0.2_chiN27,0.2,27.0,scft,SCFT,3.8282917974818926,3,80,0.025,0.7022669942384794,0.2977330117443101
liu2019-stress-free-period-map-v2,f0.2_chiN27,0.2,27.0,scft,SCFT,3.8282917974818926,4,80,0.0375,0.6774393101037808,0.3225606060923275
liu2019-stress-free-period-map-v2,f0.2_chiN27,0.2,27.0,scft,SCFT,3.8282917974818926,5,80,0.05,0.6428075798471146,0.3571925614134565
liu2019-stress-free-period-map-v2,f0.2_chiN27,0.2,27.0,scft,SCFT,3.8282917974818926,6,80,0.0625,0.5989971560178902,0.4010033253283363
liu2019-stress-free-period-map-v2,f0.2_chiN27,0.2,27.0,scft,SCFT,3.8282917974818926,7,80,0.075,0.5473744169463668,0.4526256363834548
liu2019-stress-free-period-map-v2,f0.2_chiN27,0.2,27.0,scft,SCFT,3.8282917974818926,8,80,0.0875,0.49017120547665827,0.5098281432661289
liu2019-stress-free-period-map-v2,f0.2_chiN27,0.2,27.0,scft,SCFT,3.8282917974818926,9,80,0.1,0.43032719823018417,0.5696725778274734
liu2019-stress-free-period-map-v2,f0.2_chiN27,0.2,27.0,scft,SCFT,3.8282917974818926,10,80,0.1125,0.37103693423735773,0.6289637127245415
liu2019-stress-free-period-map-v2,f0.2_chiN27,0.2,27.0,scft,SCFT,3.8282917974818926,11,80,0.125,0.31516664237123454,0.6848338239947779
liu2019-stress-free-period-map-v2,f0.2_chiN27,0.2,27.0,scft,SCFT,3.8282917974818926,12,80,0.1375,0.26478959158508625,0.7352102282862795
liu2019-stress-free-period-map-v2,f0.2_chiN27,0.2,27.0,scft,SCFT,3.8282917974818926,13,80,0.15,0.2210057756813136,0.7789940435724168
liu2019-stress-free-period-map-v2,f0.2_chiN27,0.2,27.0,scft,SCFT,3.8282917974818926,14,80,0.1625,0.18404159284474625,0.8159585839363477
liu2019-stress-free-period-map-v2,f0.2_chiN27,0.2,27.0,scft,SCFT,3.8282917974818926,15,80,0.175,0.15350521123248353,0.8464950544157708
liu2019-stress-free-period-map-v2,f0.2_chiN27,0.2,27.0,scft,SCFT,3.8282917974818926,16,80,0.1875,0.12866327267319302,0.8713369132174258
liu2019-stress-free-period-map-v2,f0.2_chiN27,0.2,27.0,scft,SCFT,3.8282917974818926,17,80,0.2,0.10866007447565328,0.891340146687469
liu2019-stress-free-period-map-v2,f0.2_chiN27,0.2,27.0,scft,SCFT,3.8282917974818926,18,80,0.2125,0.09265772504284618,0.9073425580599274
liu2019-stress-free-period-map-v2,f0.2_chiN27,0.2,27.0,scft,SCFT,3.8282917974818926,19,80,0.225,0.07990838325232937,0.9200917943595814
liu2019-stress-free-period-map-v2,f0.2_chiN27,0.2,27.0,scft,SCFT,3.8282917974818926,20,80,0.2375,0.06978009468429823,0.9302198954565247
liu2019-stress-free-period-map-v2,f0.2_chiN27,0.2,27.0,scft,SCFT,3.8282917974818926,21,80,0.25,0.06175607355706205,0.9382438819985259
liu2019-stress-free-period-map-v2,f0.2_chiN27,0.2,27.0,scft,SCFT,3.8282917974818926,22,80,0.2625,0.055421534675594256,0.944578570384145
liu2019-stress-free-period-map-v2,f0.2_chiN27,0.2,27.0,scft,SCFT,3.8282917974818926,23,80,0.275,0.050446523363718666,0.9495537118405598
liu2019-stress-free-period-map-v2,f0.2_chiN27,0.2,27.0,scft,SCFT,3.8282917974818926,24,80,0.2875,0.046569077019482666,0.9534310983777352
liu2019-stress-free-period-map-v2,f0.2_chiN27,0.2,27.0,scft,SCFT,3.8282917974818926,25,80,0.3,0.04358054844243837,0.9564194257686752
liu2019-stress-free-period-map-v2,f0.2_chiN27,0.2,27.0,scft,SCFT,3.8282917974818926,26,80,0.3125,0.041313588396525915,0.9586862275116349
liu2019-stress-free-period-map-v2,f0.2_chiN27,0.2,27.0,scft,SCFT,3.8282917974818926,27,80,0.325,0.039632661186886346,0.9603671465583397
liu2019-stress-free-period-map-v2,f0.2_chiN27,0.2,27.0,scft,SCFT,3.8282917974818926,28,80,0.3375,0.03842672807961162,0.9615731584788091
liu2019-stress-free-period-map-v2,f0.2_chiN27,0.2,27.0,scft,SCFT,3.8282917974818926,29,80,0.35,0.03760368391283764,0.9623962330827028
liu2019-stress-free-period-map-v2,f0.2_chiN27,0.2,27.0,scft,SCFT,3.8282917974818926,30,80,0.3625,0.037086167862022686,0.9629136710094697
liu2019-stress-free-period-map-v2,f0.2_chiN27,0.2,27.0,scft,SCFT,3.8282917974818926,31,80,0.375,0.0368084369638406,0.963191273078451
liu2019-stress-free-period-map-v2,f0.2_chiN27,0.2,27.0,scft,SCFT,3.8282917974818926,32,80,0.3875,0.03671406111501098,0.9632855712900679
liu2019-stress-free-period-map-v2,f0.2_chiN27,0.2,27.0,scft,SCFT,3.8282917974818926,33,80,0.4,0.036754256053258806,0.9632453988844745
liu2019-stress-free-period-map-v2,f0.2_chiN27,0.2,27.0,scft,SCFT,3.8282917974818926,34,80,0.4125,0.036886712902877546,0.963113028280607
liu2019-stress-free-period-map-v2,f0.2_chiN27,0.2,27.0,scft,SCFT,3.8282917974818926,35,80,0.425,0.0370748119552077,0.9629250034306672
liu2019-stress-free-period-map-v2,f0.2_chiN27,0.2,27.0,scft,SCFT,3.8282917974818926,36,80,0.4375,0.03728712864447253,0.9627127057164563
liu2019-stress-free-period-map-v2,f0.2_chiN27,0.2,27.0,scft,SCFT,3.8282917974818926,37,80,0.45,0.03749715488351408,0.9625026604612469
liu2019-stress-free-period-map-v2,f0.2_chiN27,0.2,27.0,scft,SCFT,3.8282917974818926,38,80,0.4625,0.037683172162363665,0.9623166322982417
liu2019-stress-free-period-map-v2,f0.2_chiN27,0.2,27.0,scft,SCFT,3.8282917974818926,39,80,0.475,0.03782822402097557,0.9621716034415204
liu2019-stress-free-period-map-v2,f0.2_chiN27,0.2,27.0,scft,SCFT,3.8282917974818926,40,80,0.4875,0.03792014440103949,0.9620797264603741
liu2019-stress-free-period-map-v2,f0.2_chiN27,0.2,27.0,scft,SCFT,3.8282917974818926,41,80,0.5,0.03795160597419819,0.9620482970454745
liu2019-stress-free-period-map-v2,f0.2_chiN27,0.2,27.0,scft,SCFT,3.8282917974818926,42,80,0.5125,0.03792016082431704,0.9620797470608714
liu2019-stress-free-period-map-v2,f0.2_chiN27,0.2,27.0,scft,SCFT,3.8282917974818926,43,80,0.525,0.03782825599829013,0.962171644133369
liu2019-stress-free-period-map-v2,f0.2_chiN27,0.2,27.0,scft,SCFT,3.8282917974818926,44,80,0.5375,0.03768321797624635,0.9623166920840092
liu2019-stress-free-period-map-v2,f0.2_chiN27,0.2,27.0,scft,SCFT,3.8282917974818926,45,80,0.55,0.03749721200789159,0.9625027379421579
liu2019-stress-free-period-map-v2,f0.2_chiN27,0.2,27.0,scft,SCFT,3.8282917974818926,46,80,0.5625,0.03728719379657043,0.962712799251587
liu2019-stress-free-period-map-v2,f0.2_chiN27,0.2,27.0,scft,SCFT,3.8282917974818926,47,80,0.575,0.0370748811537721,0.962925111325385
liu2019-stress-free-period-map-v2,f0.2_chiN27,0.2,27.0,scft,SCFT,3.8282917974818926,48,80,0.5875,0.036886781519178416,0.9631131489662473
liu2019-stress-free-period-map-v2,f0.2_chiN27,0.2,27.0,scft,SCFT,3.8282917974818926,49,80,0.6,0.03675431885733984,0.9632455314450166
liu2019-stress-free-period-map-v2,f0.2_chiN27,0.2,27.0,scft,SCFT,3.8282917974818926,50,80,0.6125,0.03671411227340932,0.9632857153630244
liu2019-stress-free-period-map-v2,f0.2_chiN27,0.2,27.0,scft,SCFT,3.8282917974818926,51,80,0.625,0.03680847002111092,0.9631914293982118
liu2019-stress-free-period-map-v2,f0.2_chiN27,0.2,27.0,scft,SCFT,3.8282917974818926,52,80,0.6375,0.03708617566027588,0.9629138416241315
liu2019-stress-free-period-map-v2,f0.2_chiN27,0.2,27.0,scft,SCFT,3.8282917974818926,53,80,0.65,0.03760365845203984,0.9623964217624851
liu2019-stress-free-period-map-v2,f0.2_chiN27,0.2,27.0,scft,SCFT,3.8282917974818926,54,80,0.6625,0.03842666030356168,0.9615733711487267
liu2019-stress-free-period-map-v2,f0.2_chiN27,0.2,27.0,scft,SCFT,3.8282917974818926,55,80,0.675,0.03963254066173113,0.9603673915561318
liu2019-stress-free-period-map-v2,f0.2_chiN27,0.2,27.0,scft,SCFT,3.8282917974818926,56,80,0.6875,0.041313402885874304,0.9586865162199891
liu2019-stress-free-period-map-v2,f0.2_chiN27,0.2,27.0,scft,SCFT,3.8282917974818926,57,80,0.7,0.04358028332435282,0.9564197730681963
liu2019-stress-free-period-map-v2,f0.2_chiN27,0.2,27.0,scft,SCFT,3.8282917974818926,58,80,0.7125,0.04656871451684869,0.9534315232699553
liu2019-stress-free-period-map-v2,f0.2_chiN27,0.2,27.0,scft,SCFT,3.8282917974818926,59,80,0.725,0.05044604155897271,0.9495542385091565
liu2019-stress-free-period-map-v2,f0.2_chiN27,0.2,27.0,scft,SCFT,3.8282917974818926,60,80,0.7375,0.05542090622062978,0.9445792289428677
liu2019-stress-free-period-map-v2,f0.2_chiN27,0.2,27.0,scft,SCFT,3.8282917974818926,61,80,0.75,0.061755264094175644,0.9382447098928365
liu2019-stress-free-period-map-v2,f0.2_chiN27,0.2,27.0,scft,SCFT,3.8282917974818926,62,80,0.7625,0.06977906095740542,0.9302209389766077
liu2019-stress-free-period-map-v2,f0.2_chiN27,0.2,27.0,scft,SCFT,3.8282917974818926,63,80,0.775,0.0799070710526614,0.9200931104476466
liu2019-stress-free-period-map-v2,f0.2_chiN27,0.2,27.0,scft,SCFT,3.8282917974818926,64,80,0.7875,0.09265606730294881,0.9073442158545423
liu2019-stress-free-period-map-v2,f0.2_chiN27,0.2,27.0,scft,SCFT,3.8282917974818926,65,80,0.8,0.10865799023017489,0.8913422282766909
liu2019-stress-free-period-map-v2,f0.2_chiN27,0.2,27.0,scft,SCFT,3.8282917974818926,66,80,0.8125,0.12866066824913797,0.8713395127774505
liu2019-stress-free-period-map-v2,f0.2_chiN27,0.2,27.0,scft,SCFT,3.8282917974818926,67,80,0.825,0.15350198546347446,0.8464982720453544
liu2019-stress-free-period-map-v2,f0.2_chiN27,0.2,27.0,scft,SCFT,3.8282917974818926,68,80,0.8375,0.18403764918144727,0.8159625142660146
liu2019-stress-free-period-map-v2,f0.2_chiN27,0.2,27.0,scft,SCFT,3.8282917974818926,69,80,0.85,0.22100104331205922,0.7789987552921301
liu2019-stress-free-period-map-v2,f0.2_chiN27,0.2,27.0,scft,SCFT,3.8282917974818926,70,80,0.8625,0.264784055512435,0.7352157349593488
liu2019-stress-free-period-map-v2,f0.2_chiN27,0.2,27.0,scft,SCFT,3.8282917974818926,71,80,0.875,0.3151603766937161,0.6848400509385896
liu2019-stress-free-period-map-v2,f0.2_chiN27,0.2,27.0,scft,SCFT,3.8282917974818926,72,80,0.8875,0.37103012566100735,0.6289704734208588
liu2019-stress-free-period-map-v2,f0.2_chiN27,0.2,27.0,scft,SCFT,3.8282917974818926,73,80,0.9,0.43032014326707785,0.5696795775581442
liu2019-stress-free-period-map-v2,f0.2_chiN27,0.2,27.0,scft,SCFT,3.8282917974818926,74,80,0.9125,0.4901642713883734,0.5098350186640828
liu2019-stress-free-period-map-v2,f0.2_chiN27,0.2,27.0,scft,SCFT,3.8282917974818926,75,80,0.925,0.5473679753472002,0.45263202057361585
liu2019-stress-free-period-map-v2,f0.2_chiN27,0.2,27.0,scft,SCFT,3.8282917974818926,76,80,0.9375,0.5989915167487972,0.40100891202247374
liu2019-stress-free-period-map-v2,f0.2_chiN27,0.2,27.0,scft,SCFT,3.8282917974818926,77,80,0.95,0.6428029542733947,0.3571971421194806
liu2019-stress-free-period-map-v2,f0.2_chiN27,0.2,27.0,scft,SCFT,3.8282917974818926,78,80,0.9625,0.6774358111564109,0.32256407014182564
liu2019-stress-free-period-map-v2,f0.2_chiN27,0.2,27.0,scft,SCFT,3.8282917974818926,79,80,0.975,0.7022646624043655,0.29773532009233655
liu2019-stress-free-period-map-v2,f0.2_chiN27,0.2,27.0,scft,SCFT,3.8282917974818926,80,80,0.9875,0.7171335424485198,0.2828664098696973
liu2019-stress-free-period-map-v2,f0.2_chiN27,0.2,27.0,liu2019_opf,OPF (force/stress mapped),3.01554180106012,1,256,0.0,0.759582422634469,0.24041757736553104
liu2019-stress-free-period-map-v2,f0.2_chiN27,0.2,27.0,liu2019_opf,OPF (force/stress mapped),3.01554180106012,2,256,0.00390625,0.7594116249610581,0.24058837503894193
liu2019-stress-free-period-map-v2,f0.2_chiN27,0.2,27.0,liu2019_opf,OPF (force/stress mapped),3.01554180106012,3,256,0.0078125,0.7588989429195627,0.24110105708043728
liu2019-stress-free-period-map-v2,f0.2_chiN27,0.2,27.0,liu2019_opf,OPF (force/stress mapped),3.01554180106012,4,256,0.01171875,0.7580435150276743,0.2419564849723257
liu2019-stress-free-period-map-v2,f0.2_chiN27,0.2,27.0,liu2019_opf,OPF (force/stress mapped),3.01554180106012,5,256,0.015625,0.756843912470037,0.24315608752996298
liu2019-stress-free-period-map-v2,f0.2_chiN27,0.2,27.0,liu2019_opf,OPF (force/stress mapped),3.01554180106012,6,256,0.01953125,0.7552981533097729,0.2447018466902271
liu2019-stress-free-period-map-v2,f0.2_chiN27,0.2,27.0,liu2019_opf,OPF (force/stress mapped),3.01554180106012,7,256,0.0234375,0.7534037194254022,0.24659628057459781
liu2019-stress-free-period-map-v2,f0.2_chiN27,0.2,27.0,liu2019_opf,OPF (force/stress mapped),3.01554180106012,8,256,0.02734375,0.7511575841224298,0.24884241587757017
liu2019-stress-free-period-map-v2,f0.2_chiN27,0.2,27.0,liu2019_opf,OPF (force/stress mapped),3.01554180106012,9,256,0.03125,0.7485562368495406,0.25144376315045935
liu2019-stress-free-period-map-v2,f0.2_chiN27,0.2,27.0,liu2019_opf,OPF (force/stress mapped),3.01554180106012,10,256,0.03515625,0.7455957206486714,0.2544042793513286
liu2019-stress-free-period-map-v2,f0.2_chiN27,0.2,27.0,liu2019_opf,OPF (force/stress mapped),3.01554180106012,11,256,0.0390625,0.7422716700248133,0.2577283299751867
liu2019-stress-free-period-map-v2,f0.2_chiN27,0.2,27.0,liu2019_opf,OPF (force/stress mapped),3.01554180106012,12,256,0.04296875,0.7385793617170666,0.2614206382829334
liu2019-stress-free-period-map-v2,f0.2_chiN27,0.2,27.0,liu2019_opf,OPF (force/stress mapped),3.01554180106012,13,256,0.046875,0.7345137639144248,0.2654862360855752
liu2019-stress-free-period-map-v2,f0.2_chiN27,0.2,27.0,liu2019_opf,OPF (force/stress mapped),3.01554180106012,14,256,0.05078125,0.7300695982119207,0.26993040178807925
liu2019-stress-free-period-map-v2,f0.2_chiN27,0.2,27.0,liu2019_opf,OPF (force/stress mapped),3.01554180106012,15,256,0.0546875,0.7252414005269907,0.2747585994730093
liu2019-stress-free-period-map-v2,f0.2_chiN27,0.2,27.0,liu2019_opf,OPF (force/stress mapped),3.01554180106012,16,256,0.05859375,0.7200235966819988,0.2799764033180012
liu2019-stress-free-period-map-v2,f0.2_chiN27,0.2,27.0,liu2019_opf,OPF (force/stress mapped),3.01554180106012,17,256,0.0625,0.7144105771831504,0.2855894228168496
liu2019-stress-free-period-map-v2,f0.2_chiN27,0.2,27.0,liu2019_opf,OPF (force/stress mapped),3.01554180106012,18,256,0.06640625,0.7083967847067578,0.2916032152932422
liu2019-stress-free-period-map-v2,f0.2_chiN27,0.2,27.0,liu2019_opf,OPF (force/stress mapped),3.01554180106012,19,256,0.0703125,0.7019768020774533,0.2980231979225467
liu2019-stress-free-period-map-v2,f0.2_chiN27,0.2,27.0,liu2019_opf,OPF (force/stress mapped),3.01554180106012,20,256,0.07421875,0.695145451674442,0.30485454832555803
liu2019-stress-free-period-map-v2,f0.2_chiN27,0.2,27.0,liu2019_opf,OPF (force/stress mapped),3.01554180106012,21,256,0.078125,0.6878978939594969,0.31210210604050315
liu2019-stress-free-period-map-v2,f0.2_chiN27,0.2,27.0,liu2019_opf,OPF (force/stress mapped),3.01554180106012,22,256,0.08203125,0.680229737410044,0.319770262589956
liu2019-stress-free-period-map-v2,f0.2_chiN27,0.2,27.0,liu2019_opf,OPF (force/stress mapped),3.01554180106012,23,256,0.0859375,0.6721371481284844,0.32786285187151565
liu2019-stress-free-period-map-v2,f0.2_chiN27,0.2,27.0,liu2019_opf,OPF (force/stress mapped),3.01554180106012,24,256,0.08984375,0.6636169671330028,0.3363830328669972
liu2019-stress-free-period-map-v2,f0.2_chiN27,0.2,27.0,liu2019_opf,OPF (force/stress mapped),3.01554180106012,25,256,0.09375,0.6546668261398703,0.34533317386012974
liu2019-stress-free-period-map-v2,f0.2_chiN27,0.2,27.0,liu2019_opf,OPF (force/stress mapped),3.01554180106012,26,256,0.09765625,0.645285269351892,0.354714730648108
liu2019-stress-free-period-map-v2,f0.2_chiN27,0.2,27.0,liu2019_opf,OPF (force/stress mapped),3.01554180106012,27,256,0.1015625,0.6354718721923043,0.3645281278076957
liu2019-stress-free-period-map-v2,f0.2_chiN27,0.2,27.0,liu2019_opf,OPF (force/stress mapped),3.01554180106012,28,256,0.10546875,0.6252273616074688,0.37477263839253117
liu2019-stress-free-period-map-v2,f0.2_chiN27,0.2,27.0,liu2019_opf,OPF (force/stress mapped),3.01554180106012,29,256,0.109375,0.6145537299596178,0.38544627004038223
liu2019-stress-free-period-map-v2,f0.2_chiN27,0.2,27.0,liu2019_opf,OPF (force/stress mapped),3.01554180106012,30,256,0.11328125,0.6034543499785008,0.3965456500214992
liu2019-stress-free-period-map-v2,f0.2_chiN27,0.2,27.0,liu2019_opf,OPF (force/stress mapped),3.01554180106012,31,256,0.1171875,0.591934077460529,0.40806592253947105
liu2019-stress-free-period-map-v2,f0.2_chiN27,0.2,27.0,liu2019_opf,OPF (force/stress mapped),3.01554180106012,32,256,0.12109375,0.5799993498221329,0.42000065017786714
liu2019-stress-free-period-map-v2,f0.2_chiN27,0.2,27.0,liu2019_opf,OPF (force/stress mapped),3.01554180106012,33,256,0.125,0.5676582716413987,0.4323417283586013
liu2019-stress-free-period-map-v2,f0.2_chiN27,0.2,27.0,liu2019_opf,OPF (force/stress mapped),3.01554180106012,34,256,0.12890625,0.554920690687249,0.44507930931275097
liu2019-stress-free-period-map-v2,f0.2_chiN27,0.2,27.0,liu2019_opf,OPF (force/stress mapped),3.01554180106012,35,256,0.1328125,0.541798253499427,0.458201746500573
liu2019-stress-free-period-map-v2,f0.2_chiN27,0.2,27.0,liu2019_opf,OPF (force/stress mapped),3.01554180106012,36,256,0.13671875,0.5283044517269093,0.4716955482730907
liu2019-stress-free-period-map-v2,f0.2_chiN27,0.2,27.0,liu2019_opf,OPF (force/stress mapped),3.01554180106012,37,256,0.140625,0.5144546440036242,0.4855453559963758
liu2019-stress-free-period-map-v2,f0.2_chiN27,0.2,27.0,liu2019_opf,OPF (force/stress mapped),3.01554180106012,38,256,0.14453125,0.5002660627392094,0.49973393726079063
liu2019-stress-free-period-map-v2,f0.2_chiN27,0.2,27.0,liu2019_opf,OPF (force/stress mapped),3.01554180106012,39,256,0.1484375,0.4857577955460076,0.5142422044539924
liu2019-stress-free-period-map-v2,f0.2_chiN27,0.2,27.0,liu2019_opf,OPF (force/stress mapped),3.01554180106012,40,256,0.15234375,0.4709507463010313,0.5290492536989687
liu2019-stress-free-period-map-v2,f0.2_chiN27,0.2,27.0,liu2019_opf,OPF (force/stress mapped),3.01554180106012,41,256,0.15625,0.4558675706512456,0.5441324293487544
liu2019-stress-free-period-map-v2,f0.2_chiN27,0.2,27.0,liu2019_opf,OPF (force/stress mapped),3.01554180106012,42,256,0.16015625,0.4405325933042802,0.5594674066957198
liu2019-stress-free-period-map-v2,f0.2_chiN27,0.2,27.0,liu2019_opf,OPF (force/stress mapped),3.01554180106012,43,256,0.1640625,0.4249716947308809,0.5750283052691191
liu2019-stress-free-period-map-v2,f0.2_chiN27,0.2,27.0,liu2019_opf,OPF (force/stress mapped),3.01554180106012,44,256,0.16796875,0.40921218341227084,0.5907878165877292
liu2019-stress-free-period-map-v2,f0.2_chiN27,0.2,27.0,liu2019_opf,OPF (force/stress mapped),3.01554180106012,45,256,0.171875,0.3932826388694183,0.6067173611305817
liu2019-stress-free-period-map-v2,f0.2_chiN27,0.2,27.0,liu2019_opf,OPF (force/stress mapped),3.01554180106012,46,256,0.17578125,0.377212744043877,0.6227872559561229
liu2019-stress-free-period-map-v2,f0.2_chiN27,0.2,27.0,liu2019_opf,OPF (force/stress mapped),3.01554180106012,47,256,0.1796875,0.3610330911126134,0.6389669088873866
liu2019-stress-free-period-map-v2,f0.2_chiN27,0.2,27.0,liu2019_opf,OPF (force/stress mapped),3.01554180106012,48,256,0.18359375,0.34477498127618134,0.6552250187238187
liu2019-stress-free-period-map-v2,f0.2_chiN27,0.2,27.0,liu2019_opf,OPF (force/stress mapped),3.01554180106012,49,256,0.1875,0.32847020324624676,0.6715297967537532
liu2019-stress-free-period-map-v2,f0.2_chiN27,0.2,27.0,liu2019_opf,OPF (force/stress mapped),3.01554180106012,50,256,0.19140625,0.31215081507841513,0.6878491849215849
liu2019-stress-free-period-map-v2,f0.2_chiN27,0.2,27.0,liu2019_opf,OPF (force/stress mapped),3.01554180106012,51,256,0.1953125,0.2958489065768808,0.7041510934231192
liu2019-stress-free-period-map-v2,f0.2_chiN27,0.2,27.0,liu2019_opf,OPF (force/stress mapped),3.01554180106012,52,256,0.19921875,0.27959637601734183,0.7204036239826581
liu2019-stress-free-period-map-v2,f0.2_chiN27,0.2,27.0,liu2019_opf,OPF (force/stress mapped),3.01554180106012,53,256,0.203125,0.26342469496119597,0.736575305038804
liu2019-stress-free-period-map-v2,f0.2_chiN27,0.2,27.0,liu2019_opf,OPF (force/stress mapped),3.01554180106012,54,256,0.20703125,0.24736469141512424,0.7526353085848758
liu2019-stress-free-period-map-v2,f0.2_chiN27,0.2,27.0,liu2019_opf,OPF (force/stress mapped),3.01554180106012,55,256,0.2109375,0.2314463291785639,0.7685536708214361
liu2019-stress-free-period-map-v2,f0.2_chiN27,0.2,27.0,liu2019_opf,OPF (force/stress mapped),3.01554180106012,56,256,0.21484375,0.21569851378896804,0.784301486211032
liu2019-stress-free-period-map-v2,f0.2_chiN27,0.2,27.0,liu2019_opf,OPF (force/stress mapped),3.01554180106012,57,256,0.21875,0.20014889995981794,0.799851100040182
liu2019-stress-free-period-map-v2,f0.2_chiN27,0.2,27.0,liu2019_opf,OPF (force/stress mapped),3.01554180106012,58,256,0.22265625,0.1848237311042433,0.8151762688957567
liu2019-stress-free-period-map-v2,f0.2_chiN27,0.2,27.0,liu2019_opf,OPF (force/stress mapped),3.01554180106012,59,256,0.2265625,0.1697476843199403,0.8302523156800596
liu2019-stress-free-period-map-v2,f0.2_chiN27,0.2,27.0,liu2019_opf,OPF (force/stress mapped),3.01554180106012,60,256,0.23046875,0.15494374951932727,0.8450562504806727
liu2019-stress-free-period-map-v2,f0.2_chiN27,0.2,27.0,liu2019_opf,OPF (force/stress mapped),3.01554180106012,61,256,0.234375,0.14043312031249988,0.8595668796875001
liu2019-stress-free-period-map-v2,f0.2_chiN27,0.2,27.0,liu2019_opf,OPF (force/stress mapped),3.01554180106012,62,256,0.23828125,0.1262351167842703,0.8737648832157296
liu2019-stress-free-period-map-v2,f0.2_chiN27,0.2,27.0,liu2019_opf,OPF (force/stress mapped),3.01554180106012,63,256,0.2421875,0.11236712202322244,0.8876328779767776
liu2019-stress-free-period-map-v2,f0.2_chiN27,0.2,27.0,liu2019_opf,OPF (force/stress mapped),3.01554180106012,64,256,0.24609375,0.09884455194009527,0.9011554480599048
liu2019-stress-free-period-map-v2,f0.2_chiN27,0.2,27.0,liu2019_opf,OPF (force/stress mapped),3.01554180106012,65,256,0.25,0.08568083714829357,0.9143191628517064
liu2019-stress-free-period-map-v2,f0.2_chiN27,0.2,27.0,liu2019_opf,OPF (force/stress mapped),3.01554180106012,66,256,0.25390625,0.07288743401374131,0.9271125659862587
liu2019-stress-free-period-map-v2,f0.2_chiN27,0.2,27.0,liu2019_opf,OPF (force/stress mapped),3.01554180106012,67,256,0.2578125,0.06047384587601809,0.9395261541239819
liu2019-stress-free-period-map-v2,f0.2_chiN27,0.2,27.0,liu2019_opf,OPF (force/stress mapped),3.01554180106012,68,256,0.26171875,0.048447670055928316,0.9515523299440717
liu2019-stress-free-period-map-v2,f0.2_chiN27,0.2,27.0,liu2019_opf,OPF (force/stress mapped),3.01554180106012,69,256,0.265625,0.03681465367071998,0.96318534632928
liu2019-stress-free-period-map-v2,f0.2_chiN27,0.2,27.0,liu2019_opf,OPF (force/stress mapped),3.01554180106012,70,256,0.26953125,0.02557876823278135,0.9744212317672186
liu2019-stress-free-period-map-v2,f0.2_chiN27,0.2,27.0,liu2019_opf,OPF (force/stress mapped),3.01554180106012,71,256,0.2734375,0.014742292188931777,0.9852577078110683
liu2019-stress-free-period-map-v2,f0.2_chiN27,0.2,27.0,liu2019_opf,OPF (force/stress mapped),3.01554180106012,72,256,0.27734375,0.00430590767690911,0.9956940923230909
liu2019-stress-free-period-map-v2,f0.2_chiN27,0.2,27.0,liu2019_opf,OPF (force/stress mapped),3.01554180106012,73,256,0.28125,-0.005731201581807732,1.0057312015818076
liu2019-stress-free-period-map-v2,f0.2_chiN27,0.2,27.0,liu2019_opf,OPF (force/stress mapped),3.01554180106012,74,256,0.28515625,-0.015371241122135032,1.015371241122135
liu2019-stress-free-period-map-v2,f0.2_chiN27,0.2,27.0,liu2019_opf,OPF (force/stress mapped),3.01554180106012,75,256,0.2890625,-0.024617698622519668,1.0246176986225197
liu2019-stress-free-period-map-v2,f0.2_chiN27,0.2,27.0,liu2019_opf,OPF (force/stress mapped),3.01554180106012,76,256,0.29296875,-0.033475230512876375,1.0334752305128765
liu2019-stress-free-period-map-v2,f0.2_chiN27,0.2,27.0,liu2019_opf,OPF (force/stress mapped),3.01554180106012,77,256,0.296875,-0.04194954993304886,1.041949549933049
liu2019-stress-free-period-map-v2,f0.2_chiN27,0.2,27.0,liu2019_opf,OPF (force/stress mapped),3.01554180106012,78,256,0.30078125,-0.05004731479954394,1.050047314799544
liu2019-stress-free-period-map-v2,f0.2_chiN27,0.2,27.0,liu2019_opf,OPF (force/stress mapped),3.01554180106012,79,256,0.3046875,-0.05777601789981657,1.0577760178998166
liu2019-stress-free-period-map-v2,f0.2_chiN27,0.2,27.0,liu2019_opf,OPF (force/stress mapped),3.01554180106012,80,256,0.30859375,-0.06514388163676282,1.0651438816367629
liu2019-stress-free-period-map-v2,f0.2_chiN27,0.2,27.0,liu2019_opf,OPF (force/stress mapped),3.01554180106012,81,256,0.3125,-0.07215975637396921,1.0721597563739693
liu2019-stress-free-period-map-v2,f0.2_chiN27,0.2,27.0,liu2019_opf,OPF (force/stress mapped),3.01554180106012,82,256,0.31640625,-0.07883302466532077,1.0788330246653208
liu2019-stress-free-period-map-v2,f0.2_chiN27,0.2,27.0,liu2019_opf,OPF (force/stress mapped),3.01554180106012,83,256,0.3203125,-0.08517350700973342,1.0851735070097335
liu2019-stress-free-period-map-v2,f0.2_chiN27,0.2,27.0,liu2019_opf,OPF (force/stress mapped),3.01554180106012,84,256,0.32421875,-0.09119137570799535,1.0911913757079954
liu2019-stress-free-period-map-v2,f0.2_chiN27,0.2,27.0,liu2019_opf,OPF (force/stress mapped),3.01554180106012,85,256,0.328125,-0.09689707327626945,1.0968970732762695
liu2019-stress-free-period-map-v2,f0.2_chiN27,0.2,27.0,liu2019_opf,OPF (force/stress mapped),3.01554180106012,86,256,0.33203125,-0.1023012400628478,1.1023012400628478
liu2019-stress-free-period-map-v2,f0.2_chiN27,0.2,27.0,liu2019_opf,OPF (force/stress mapped),3.01554180106012,87,256,0.3359375,-0.10741464587949451,1.1074146458794945
liu2019-stress-free-period-map-v2,f0.2_chiN27,0.2,27.0,liu2019_opf,OPF (force/stress mapped),3.01554180106012,88,256,0.33984375,-0.11224812741687273,1.1122481274168727
liu2019-stress-free-period-map-v2,f0.2_chiN27,0.2,27.0,liu2019_opf,OPF (force/stress mapped),3.01554180106012,89,256,0.34375,-0.11681252974566175,1.1168125297456617
liu2019-stress-free-period-map-v2,f0.2_chiN27,0.2,27.0,liu2019_opf,OPF (force/stress mapped),3.01554180106012,90,256,0.34765625,-0.1211186574637016,1.1211186574637015
liu2019-stress-free-period-map-v2,f0.2_chiN27,0.2,27.0,liu2019_opf,OPF (force/stress mapped),3.01554180106012,91,256,0.3515625,-0.1251772285565942,1.1251772285565942
liu2019-stress-free-period-map-v2,f0.2_chiN27,0.2,27.0,liu2019_opf,OPF (force/stress mapped),3.01554180106012,92,256,0.35546875,-0.12899883405237217,1.1289988340523722
liu2019-stress-free-period-map-v2,f0.2_chiN27,0.2,27.0,liu2019_opf,OPF (force/stress mapped),3.01554180106012,93,256,0.359375,-0.13259390348916728,1.1325939034891672
liu2019-stress-free-period-map-v2,f0.2_chiN27,0.2,27.0,liu2019_opf,OPF (force/stress mapped),3.01554180106012,94,256,0.36328125,-0.13597267343713693,1.135972673437137
liu2019-stress-free-period-map-v2,f0.2_chiN27,0.2,27.0,liu2019_opf,OPF (force/stress mapped),3.01554180106012,95,256,0.3671875,-0.13914516059770426,1.1391451605977043
liu2019-stress-free-period-map-v2,f0.2_chiN27,0.2,27.0,liu2019_opf,OPF (force/stress mapped),3.01554180106012,96,256,0.37109375,-0.14212113983562008,1.1421211398356201
liu2019-stress-free-period-map-v2,f0.2_chiN27,0.2,27.0,liu2019_opf,OPF (force/stress mapped),3.01554180106012,97,256,0.375,-0.14491012550957272,1.1449101255095728
liu2019-stress-free-period-map-v2,f0.2_chiN27,0.2,27.0,liu2019_opf,OPF (force/stress mapped),3.01554180106012,98,256,0.37890625,-0.1475213550636995,1.1475213550636996
liu2019-stress-free-period-map-v2,f0.2_chiN27,0.2,27.0,liu2019_opf,OPF (force/stress mapped),3.01554180106012,99,256,0.3828125,-0.14996377546836975,1.1499637754683698
liu2019-stress-free-period-map-v2,f0.2_chiN27,0.2,27.0,liu2019_opf,OPF (force/stress mapped),3.01554180106012,100,256,0.38671875,-0.15224603386889496,1.152246033868895
liu2019-stress-free-period-map-v2,f0.2_chiN27,0.2,27.0,liu2019_opf,OPF (force/stress mapped),3.01554180106012,101,256,0.390625,-0.15437647046453584,1.1543764704645358
liu2019-stress-free-period-map-v2,f0.2_chiN27,0.2,27.0,liu2019_opf,OPF (force/stress mapped),3.01554180106012,102,256,0.39453125,-0.15636311201225628,1.1563631120122562
liu2019-stress-free-period-map-v2,f0.2_chiN27,0.2,27.0,liu2019_opf,OPF (force/stress mapped),3.01554180106012,103,256,0.3984375,-0.1582136674965497,1.1582136674965497
liu2019-stress-free-period-map-v2,f0.2_chiN27,0.2,27.0,liu2019_opf,OPF (force/stress mapped),3.01554180106012,104,256,0.40234375,-0.1599355262743643,1.1599355262743642
liu2019-stress-free-period-map-v2,f0.2_chiN27,0.2,27.0,liu2019_opf,OPF (force/stress mapped),3.01554180106012,105,256,0.40625,-0.1615357580774857,1.1615357580774857
liu2019-stress-free-period-map-v2,f0.2_chiN27,0.2,27.0,liu2019_opf,OPF (force/stress mapped),3.01554180106012,106,256,0.41015625,-0.16302111347616738,1.1630211134761674
liu2019-stress-free-period-map-v2,f0.2_chiN27,0.2,27.0,liu2019_opf,OPF (force/stress mapped),3.01554180106012,107,256,0.4140625,-0.16439802420345118,1.164398024203451
liu2019-stress-free-period-map-v2,f0.2_chiN27,0.2,27.0,liu2019_opf,OPF (force/stress mapped),3.01554180106012,108,256,0.41796875,-0.1656726059480106,1.1656726059480107
liu2019-stress-free-period-map-v2,f0.2_chiN27,0.2,27.0,liu2019_opf,OPF (force/stress mapped),3.01554180106012,109,256,0.421875,-0.16685066142783744,1.1668506614278376
liu2019-stress-free-period-map-v2,f0.2_chiN27,0.2,27.0,liu2019_opf,OPF (force/stress mapped),3.01554180106012,110,256,0.42578125,-0.16793768243383206,1.1679376824338321
liu2019-stress-free-period-map-v2,f0.2_chiN27,0.2,27.0,liu2019_opf,OPF (force/stress mapped),3.01554180106012,111,256,0.4296875,-0.16893885526325686,1.168938855263257
liu2019-stress-free-period-map-v2,f0.2_chiN27,0.2,27.0,liu2019_opf,OPF (force/stress mapped),3.01554180106012,112,256,0.43359375,-0.16985906467217832,1.1698590646721783
liu2019-stress-free-period-map-v2,f0.2_chiN27,0.2,27.0,liu2019_opf,OPF (force/stress mapped),3.01554180106012,113,256,0.4375,-0.17070289906587377,1.1707028990658737
liu2019-stress-free-period-map-v2,f0.2_chiN27,0.2,27.0,liu2019_opf,OPF (force/stress mapped),3.01554180106012,114,256,0.44140625,-0.17147465297332048,1.1714746529733204
liu2019-stress-free-period-map-v2,f0.2_chiN27,0.2,27.0,liu2019_opf,OPF (force/stress mapped),3.01554180106012,115,256,0.4453125,-0.17217833216976086,1.1721783321697608
liu2019-stress-free-period-map-v2,f0.2_chiN27,0.2,27.0,liu2019_opf,OPF (force/stress mapped),3.01554180106012,116,256,0.44921875,-0.17281765940117944,1.1728176594011794
liu2019-stress-free-period-map-v2,f0.2_chiN27,0.2,27.0,liu2019_opf,OPF (force/stress mapped),3.01554180106012,117,256,0.453125,-0.17339607920761824,1.1733960792076181
liu2019-stress-free-period-map-v2,f0.2_chiN27,0.2,27.0,liu2019_opf,OPF (force/stress mapped),3.01554180106012,118,256,0.45703125,-0.1739167610125653,1.1739167610125654
liu2019-stress-free-period-map-v2,f0.2_chiN27,0.2,27.0,liu2019_opf,OPF (force/stress mapped),3.01554180106012,119,256,0.4609375,-0.17438260502313513,1.1743826050231352
liu2019-stress-free-period-map-v2,f0.2_chiN27,0.2,27.0,liu2019_opf,OPF (force/stress mapped),3.01554180106012,120,256,0.46484375,-0.17479624342096678,1.1747962434209667
liu2019-stress-free-period-map-v2,f0.2_chiN27,0.2,27.0,liu2019_opf,OPF (force/stress mapped),3.01554180106012,121,256,0.46875,-0.17516004716413458,1.1751600471641346
liu2019-stress-free-period-map-v2,f0.2_chiN27,0.2,27.0,liu2019_opf,OPF (force/stress mapped),3.01554180106012,122,256,0.47265625,-0.17547612733243112,1.175476127332431
liu2019-stress-free-period-map-v2,f0.2_chiN27,0.2,27.0,liu2019_opf,OPF (force/stress mapped),3.01554180106012,123,256,0.4765625,-0.17574633941374285,1.1757463394137428
liu2019-stress-free-period-map-v2,f0.2_chiN27,0.2,27.0,liu2019_opf,OPF (force/stress mapped),3.01554180106012,124,256,0.48046875,-0.17597228491197592,1.175972284911976
liu2019-stress-free-period-map-v2,f0.2_chiN27,0.2,27.0,liu2019_opf,OPF (force/stress mapped),3.01554180106012,125,256,0.484375,-0.17615531541094676,1.1761553154109468
liu2019-stress-free-period-map-v2,f0.2_chiN27,0.2,27.0,liu2019_opf,OPF (force/stress mapped),3.01554180106012,126,256,0.48828125,-0.1762965322412658,1.1762965322412657
liu2019-stress-free-period-map-v2,f0.2_chiN27,0.2,27.0,liu2019_opf,OPF (force/stress mapped),3.01554180106012,127,256,0.4921875,-0.1763967925058924,1.1763967925058925
liu2019-stress-free-period-map-v2,f0.2_chiN27,0.2,27.0,liu2019_opf,OPF (force/stress mapped),3.01554180106012,128,256,0.49609375,-0.1764567051109167,1.1764567051109167
liu2019-stress-free-period-map-v2,f0.2_chiN27,0.2,27.0,liu2019_opf,OPF (force/stress mapped),3.01554180106012,129,256,0.5,-0.17647663568736205,1.176476635687362
liu2019-stress-free-period-map-v2,f0.2_chiN27,0.2,27.0,liu2019_opf,OPF (force/stress mapped),3.01554180106012,130,256,0.50390625,-0.1764567051109167,1.1764567051109167
liu2019-stress-free-period-map-v2,f0.2_chiN27,0.2,27.0,liu2019_opf,OPF (force/stress mapped),3.01554180106012,131,256,0.5078125,-0.1763967925058924,1.1763967925058925
liu2019-stress-free-period-map-v2,f0.2_chiN27,0.2,27.0,liu2019_opf,OPF (force/stress mapped),3.01554180106012,132,256,0.51171875,-0.1762965322412658,1.1762965322412657
liu2019-stress-free-period-map-v2,f0.2_chiN27,0.2,27.0,liu2019_opf,OPF (force/stress mapped),3.01554180106012,133,256,0.515625,-0.17615531541094676,1.1761553154109468
liu2019-stress-free-period-map-v2,f0.2_chiN27,0.2,27.0,liu2019_opf,OPF (force/stress mapped),3.01554180106012,134,256,0.51953125,-0.17597228491197592,1.175972284911976
liu2019-stress-free-period-map-v2,f0.2_chiN27,0.2,27.0,liu2019_opf,OPF (force/stress mapped),3.01554180106012,135,256,0.5234375,-0.17574633941374285,1.1757463394137428
liu2019-stress-free-period-map-v2,f0.2_chiN27,0.2,27.0,liu2019_opf,OPF (force/stress mapped),3.01554180106012,136,256,0.52734375,-0.17547612733243112,1.175476127332431
liu2019-stress-free-period-map-v2,f0.2_chiN27,0.2,27.0,liu2019_opf,OPF (force/stress mapped),3.01554180106012,137,256,0.53125,-0.17516004716413458,1.1751600471641346
liu2019-stress-free-period-map-v2,f0.2_chiN27,0.2,27.0,liu2019_opf,OPF (force/stress mapped),3.01554180106012,138,256,0.53515625,-0.17479624342096678,1.1747962434209667
liu2019-stress-free-period-map-v2,f0.2_chiN27,0.2,27.0,liu2019_opf,OPF (force/stress mapped),3.01554180106012,139,256,0.5390625,-0.17438260502313513,1.1743826050231352
liu2019-stress-free-period-map-v2,f0.2_chiN27,0.2,27.0,liu2019_opf,OPF (force/stress mapped),3.01554180106012,140,256,0.54296875,-0.1739167610125653,1.1739167610125654
liu2019-stress-free-period-map-v2,f0.2_chiN27,0.2,27.0,liu2019_opf,OPF (force/stress mapped),3.01554180106012,141,256,0.546875,-0.17339607920761824,1.1733960792076181
liu2019-stress-free-period-map-v2,f0.2_chiN27,0.2,27.0,liu2019_opf,OPF (force/stress mapped),3.01554180106012,142,256,0.55078125,-0.17281765940117944,1.1728176594011794
liu2019-stress-free-period-map-v2,f0.2_chiN27,0.2,27.0,liu2019_opf,OPF (force/stress mapped),3.01554180106012,143,256,0.5546875,-0.17217833216976086,1.1721783321697608
liu2019-stress-free-period-map-v2,f0.2_chiN27,0.2,27.0,liu2019_opf,OPF (force/stress mapped),3.01554180106012,144,256,0.55859375,-0.17147465297332048,1.1714746529733204
liu2019-stress-free-period-map-v2,f0.2_chiN27,0.2,27.0,liu2019_opf,OPF (force/stress mapped),3.01554180106012,145,256,0.5625,-0.17070289906587377,1.1707028990658737
liu2019-stress-free-period-map-v2,f0.2_chiN27,0.2,27.0,liu2019_opf,OPF (force/stress mapped),3.01554180106012,146,256,0.56640625,-0.16985906467217832,1.1698590646721783
liu2019-stress-free-period-map-v2,f0.2_chiN27,0.2,27.0,liu2019_opf,OPF (force/stress mapped),3.01554180106012,147,256,0.5703125,-0.16893885526325686,1.168938855263257
liu2019-stress-free-period-map-v2,f0.2_chiN27,0.2,27.0,liu2019_opf,OPF (force/stress mapped),3.01554180106012,148,256,0.57421875,-0.16793768243383206,1.1679376824338321
liu2019-stress-free-period-map-v2,f0.2_chiN27,0.2,27.0,liu2019_opf,OPF (force/stress mapped),3.01554180106012,149,256,0.578125,-0.16685066142783744,1.1668506614278376
liu2019-stress-free-period-map-v2,f0.2_chiN27,0.2,27.0,liu2019_opf,OPF (force/stress mapped),3.01554180106012,150,256,0.58203125,-0.1656726059480106,1.1656726059480107
liu2019-stress-free-period-map-v2,f0.2_chiN27,0.2,27.0,liu2019_opf,OPF (force/stress mapped),3.01554180106012,151,256,0.5859375,-0.16439802420345118,1.164398024203451
liu2019-stress-free-period-map-v2,f0.2_chiN27,0.2,27.0,liu2019_opf,OPF (force/stress mapped),3.01554180106012,152,256,0.58984375,-0.16302111347616738,1.1630211134761674
liu2019-stress-free-period-map-v2,f0.2_chiN27,0.2,27.0,liu2019_opf,OPF (force/stress mapped),3.01554180106012,153,256,0.59375,-0.1615357580774857,1.1615357580774857
liu2019-stress-free-period-map-v2,f0.2_chiN27,0.2,27.0,liu2019_opf,OPF (force/stress mapped),3.01554180106012,154,256,0.59765625,-0.1599355262743643,1.1599355262743642
liu2019-stress-free-period-map-v2,f0.2_chiN27,0.2,27.0,liu2019_opf,OPF (force/stress mapped),3.01554180106012,155,256,0.6015625,-0.1582136674965497,1.1582136674965497
liu2019-stress-free-period-map-v2,f0.2_chiN27,0.2,27.0,liu2019_opf,OPF (force/stress mapped),3.01554180106012,156,256,0.60546875,-0.15636311201225628,1.1563631120122562
liu2019-stress-free-period-map-v2,f0.2_chiN27,0.2,27.0,liu2019_opf,OPF (force/stress mapped),3.01554180106012,157,256,0.609375,-0.15437647046453584,1.1543764704645358
liu2019-stress-free-period-map-v2,f0.2_chiN27,0.2,27.0,liu2019_opf,OPF (force/stress mapped),3.01554180106012,158,256,0.61328125,-0.15224603386889496,1.152246033868895
liu2019-stress-free-period-map-v2,f0.2_chiN27,0.2,27.0,liu2019_opf,OPF (force/stress mapped),3.01554180106012,159,256,0.6171875,-0.14996377546836975,1.1499637754683698
liu2019-stress-free-period-map-v2,f0.2_chiN27,0.2,27.0,liu2019_opf,OPF (force/stress mapped),3.01554180106012,160,256,0.62109375,-0.1475213550636995,1.1475213550636996
liu2019-stress-free-period-map-v2,f0.2_chiN27,0.2,27.0,liu2019_opf,OPF (force/stress mapped),3.01554180106012,161,256,0.625,-0.14491012550957272,1.1449101255095728
liu2019-stress-free-period-map-v2,f0.2_chiN27,0.2,27.0,liu2019_opf,OPF (force/stress mapped),3.01554180106012,162,256,0.62890625,-0.14212113983562008,1.1421211398356201
liu2019-stress-free-period-map-v2,f0.2_chiN27,0.2,27.0,liu2019_opf,OPF (force/stress mapped),3.01554180106012,163,256,0.6328125,-0.13914516059770426,1.1391451605977043
liu2019-stress-free-period-map-v2,f0.2_chiN27,0.2,27.0,liu2019_opf,OPF (force/stress mapped),3.01554180106012,164,256,0.63671875,-0.13597267343713693,1.135972673437137
liu2019-stress-free-period-map-v2,f0.2_chiN27,0.2,27.0,liu2019_opf,OPF (force/stress mapped),3.01554180106012,165,256,0.640625,-0.13259390348916728,1.1325939034891672
liu2019-stress-free-period-map-v2,f0.2_chiN27,0.2,27.0,liu2019_opf,OPF (force/stress mapped),3.01554180106012,166,256,0.64453125,-0.12899883405237217,1.1289988340523722
liu2019-stress-free-period-map-v2,f0.2_chiN27,0.2,27.0,liu2019_opf,OPF (force/stress mapped),3.01554180106012,167,256,0.6484375,-0.1251772285565942,1.1251772285565942
liu2019-stress-free-period-map-v2,f0.2_chiN27,0.2,27.0,liu2019_opf,OPF (force/stress mapped),3.01554180106012,168,256,0.65234375,-0.1211186574637016,1.1211186574637015
liu2019-stress-free-period-map-v2,f0.2_chiN27,0.2,27.0,liu2019_opf,OPF (force/stress mapped),3.01554180106012,169,256,0.65625,-0.11681252974566175,1.1168125297456617
liu2019-stress-free-period-map-v2,f0.2_chiN27,0.2,27.0,liu2019_opf,OPF (force/stress mapped),3.01554180106012,170,256,0.66015625,-0.11224812741687273,1.1122481274168727
liu2019-stress-free-period-map-v2,f0.2_chiN27,0.2,27.0,liu2019_opf,OPF (force/stress mapped),3.01554180106012,171,256,0.6640625,-0.10741464587949451,1.1074146458794945
liu2019-stress-free-period-map-v2,f0.2_chiN27,0.2,27.0,liu2019_opf,OPF (force/stress mapped),3.01554180106012,172,256,0.66796875,-0.1023012400628478,1.1023012400628478
liu2019-stress-free-period-map-v2,f0.2_chiN27,0.2,27.0,liu2019_opf,OPF (force/stress mapped),3.01554180106012,173,256,0.671875,-0.09689707327626945,1.0968970732762695
liu2019-stress-free-period-map-v2,f0.2_chiN27,0.2,27.0,liu2019_opf,OPF (force/stress mapped),3.01554180106012,174,256,0.67578125,-0.09119137570799535,1.0911913757079954
liu2019-stress-free-period-map-v2,f0.2_chiN27,0.2,27.0,liu2019_opf,OPF (force/stress mapped),3.01554180106012,175,256,0.6796875,-0.08517350700973342,1.0851735070097335
liu2019-stress-free-period-map-v2,f0.2_chiN27,0.2,27.0,liu2019_opf,OPF (force/stress mapped),3.01554180106012,176,256,0.68359375,-0.07883302466532077,1.0788330246653208
liu2019-stress-free-period-map-v2,f0.2_chiN27,0.2,27.0,liu2019_opf,OPF (force/stress mapped),3.01554180106012,177,256,0.6875,-0.07215975637396921,1.0721597563739693
liu2019-stress-free-period-map-v2,f0.2_chiN27,0.2,27.0,liu2019_opf,OPF (force/stress mapped),3.01554180106012,178,256,0.69140625,-0.06514388163676282,1.0651438816367629
liu2019-stress-free-period-map-v2,f0.2_chiN27,0.2,27.0,liu2019_opf,OPF (force/stress mapped),3.01554180106012,179,256,0.6953125,-0.05777601789981657,1.0577760178998166
liu2019-stress-free-period-map-v2,f0.2_chiN27,0.2,27.0,liu2019_opf,OPF (force/stress mapped),3.01554180106012,180,256,0.69921875,-0.05004731479954394,1.050047314799544
liu2019-stress-free-period-map-v2,f0.2_chiN27,0.2,27.0,liu2019_opf,OPF (force/stress mapped),3.01554180106012,181,256,0.703125,-0.04194954993304886,1.041949549933049
liu2019-stress-free-period-map-v2,f0.2_chiN27,0.2,27.0,liu2019_opf,OPF (force/stress mapped),3.01554180106012,182,256,0.70703125,-0.033475230512876375,1.0334752305128765
liu2019-stress-free-period-map-v2,f0.2_chiN27,0.2,27.0,liu2019_opf,OPF (force/stress mapped),3.01554180106012,183,256,0.7109375,-0.024617698622519668,1.0246176986225197
liu2019-stress-free-period-map-v2,f0.2_chiN27,0.2,27.0,liu2019_opf,OPF (force/stress mapped),3.01554180106012,184,256,0.71484375,-0.015371241122135032,1.015371241122135
liu2019-stress-free-period-map-v2,f0.2_chiN27,0.2,27.0,liu2019_opf,OPF (force/stress mapped),3.01554180106012,185,256,0.71875,-0.005731201581807732,1.0057312015818076
liu2019-stress-free-period-map-v2,f0.2_chiN27,0.2,27.0,liu2019_opf,OPF (force/stress mapped),3.01554180106012,186,256,0.72265625,0.00430590767690911,0.9956940923230909
liu2019-stress-free-period-map-v2,f0.2_chiN27,0.2,27.0,liu2019_opf,OPF (force/stress mapped),3.01554180106012,187,256,0.7265625,0.014742292188931777,0.9852577078110683
liu2019-stress-free-period-map-v2,f0.2_chiN27,0.2,27.0,liu2019_opf,OPF (force/stress mapped),3.01554180106012,188,256,0.73046875,0.02557876823278135,0.9744212317672186
liu2019-stress-free-period-map-v2,f0.2_chiN27,0.2,27.0,liu2019_opf,OPF (force/stress mapped),3.01554180106012,189,256,0.734375,0.03681465367071998,0.96318534632928
liu2019-stress-free-period-map-v2,f0.2_chiN27,0.2,27.0,liu2019_opf,OPF (force/stress mapped),3.01554180106012,190,256,0.73828125,0.048447670055928316,0.9515523299440717
liu2019-stress-free-period-map-v2,f0.2_chiN27,0.2,27.0,liu2019_opf,OPF (force/stress mapped),3.01554180106012,191,256,0.7421875,0.06047384587601809,0.9395261541239819
liu2019-stress-free-period-map-v2,f0.2_chiN27,0.2,27.0,liu2019_opf,OPF (force/stress mapped),3.01554180106012,192,256,0.74609375,0.07288743401374131,0.9271125659862587
liu2019-stress-free-period-map-v2,f0.2_chiN27,0.2,27.0,liu2019_opf,OPF (force/stress mapped),3.01554180106012,193,256,0.75,0.08568083714829357,0.9143191628517064
liu2019-stress-free-period-map-v2,f0.2_chiN27,0.2,27.0,liu2019_opf,OPF (force/stress mapped),3.01554180106012,194,256,0.75390625,0.09884455194009527,0.9011554480599048
liu2019-stress-free-period-map-v2,f0.2_chiN27,0.2,27.0,liu2019_opf,OPF (force/stress mapped),3.01554180106012,195,256,0.7578125,0.11236712202322244,0.8876328779767776
liu2019-stress-free-period-map-v2,f0.2_chiN27,0.2,27.0,liu2019_opf,OPF (force/stress mapped),3.01554180106012,196,256,0.76171875,0.1262351167842703,0.8737648832157296
liu2019-stress-free-period-map-v2,f0.2_chiN27,0.2,27.0,liu2019_opf,OPF (force/stress mapped),3.01554180106012,197,256,0.765625,0.14043312031249988,0.8595668796875001
liu2019-stress-free-period-map-v2,f0.2_chiN27,0.2,27.0,liu2019_opf,OPF (force/stress mapped),3.01554180106012,198,256,0.76953125,0.15494374951932727,0.8450562504806727
liu2019-stress-free-period-map-v2,f0.2_chiN27,0.2,27.0,liu2019_opf,OPF (force/stress mapped),3.01554180106012,199,256,0.7734375,0.1697476843199403,0.8302523156800596
liu2019-stress-free-period-map-v2,f0.2_chiN27,0.2,27.0,liu2019_opf,OPF (force/stress mapped),3.01554180106012,200,256,0.77734375,0.1848237311042433,0.8151762688957567
liu2019-stress-free-period-map-v2,f0.2_chiN27,0.2,27.0,liu2019_opf,OPF (force/stress mapped),3.01554180106012,201,256,0.78125,0.20014889995981794,0.799851100040182
liu2019-stress-free-period-map-v2,f0.2_chiN27,0.2,27.0,liu2019_opf,OPF (force/stress mapped),3.01554180106012,202,256,0.78515625,0.21569851378896804,0.784301486211032
liu2019-stress-free-period-map-v2,f0.2_chiN27,0.2,27.0,liu2019_opf,OPF (force/stress mapped),3.01554180106012,203,256,0.7890625,0.2314463291785639,0.7685536708214361
liu2019-stress-free-period-map-v2,f0.2_chiN27,0.2,27.0,liu2019_opf,OPF (force/stress mapped),3.01554180106012,204,256,0.79296875,0.24736469141512424,0.7526353085848758
liu2019-stress-free-period-map-v2,f0.2_chiN27,0.2,27.0,liu2019_opf,OPF (force/stress mapped),3.01554180106012,205,256,0.796875,0.26342469496119597,0.736575305038804
liu2019-stress-free-period-map-v2,f0.2_chiN27,0.2,27.0,liu2019_opf,OPF (force/stress mapped),3.01554180106012,206,256,0.80078125,0.27959637601734183,0.7204036239826581
liu2019-stress-free-period-map-v2,f0.2_chiN27,0.2,27.0,liu2019_opf,OPF (force/stress mapped),3.01554180106012,207,256,0.8046875,0.2958489065768808,0.7041510934231192
liu2019-stress-free-period-map-v2,f0.2_chiN27,0.2,27.0,liu2019_opf,OPF (force/stress mapped),3.01554180106012,208,256,0.80859375,0.31215081507841513,0.6878491849215849
liu2019-stress-free-period-map-v2,f0.2_chiN27,0.2,27.0,liu2019_opf,OPF (force/stress mapped),3.01554180106012,209,256,0.8125,0.32847020324624676,0.6715297967537532
liu2019-stress-free-period-map-v2,f0.2_chiN27,0.2,27.0,liu2019_opf,OPF (force/stress mapped),3.01554180106012,210,256,0.81640625,0.34477498127618134,0.6552250187238187
liu2019-stress-free-period-map-v2,f0.2_chiN27,0.2,27.0,liu2019_opf,OPF (force/stress mapped),3.01554180106012,211,256,0.8203125,0.3610330911126134,0.6389669088873866
liu2019-stress-free-period-map-v2,f0.2_chiN27,0.2,27.0,liu2019_opf,OPF (force/stress mapped),3.01554180106012,212,256,0.82421875,0.377212744043877,0.6227872559561229
liu2019-stress-free-period-map-v2,f0.2_chiN27,0.2,27.0,liu2019_opf,OPF (force/stress mapped),3.01554180106012,213,256,0.828125,0.3932826388694183,0.6067173611305817
liu2019-stress-free-period-map-v2,f0.2_chiN27,0.2,27.0,liu2019_opf,OPF (force/stress mapped),3.01554180106012,214,256,0.83203125,0.40921218341227084,0.5907878165877292
liu2019-stress-free-period-map-v2,f0.2_chiN27,0.2,27.0,liu2019_opf,OPF (force/stress mapped),3.01554180106012,215,256,0.8359375,0.4249716947308809,0.5750283052691191
liu2019-stress-free-period-map-v2,f0.2_chiN27,0.2,27.0,liu2019_opf,OPF (force/stress mapped),3.01554180106012,216,256,0.83984375,0.4405325933042802,0.5594674066957198
liu2019-stress-free-period-map-v2,f0.2_chiN27,0.2,27.0,liu2019_opf,OPF (force/stress mapped),3.01554180106012,217,256,0.84375,0.4558675706512456,0.5441324293487544
liu2019-stress-free-period-map-v2,f0.2_chiN27,0.2,27.0,liu2019_opf,OPF (force/stress mapped),3.01554180106012,218,256,0.84765625,0.4709507463010313,0.5290492536989687
liu2019-stress-free-period-map-v2,f0.2_chiN27,0.2,27.0,liu2019_opf,OPF (force/stress mapped),3.01554180106012,219,256,0.8515625,0.4857577955460076,0.5142422044539924
liu2019-stress-free-period-map-v2,f0.2_chiN27,0.2,27.0,liu2019_opf,OPF (force/stress mapped),3.01554180106012,220,256,0.85546875,0.5002660627392094,0.49973393726079063
liu2019-stress-free-period-map-v2,f0.2_chiN27,0.2,27.0,liu2019_opf,OPF (force/stress mapped),3.01554180106012,221,256,0.859375,0.5144546440036242,0.4855453559963758
liu2019-stress-free-period-map-v2,f0.2_chiN27,0.2,27.0,liu2019_opf,OPF (force/stress mapped),3.01554180106012,222,256,0.86328125,0.5283044517269093,0.4716955482730907
liu2019-stress-free-period-map-v2,f0.2_chiN27,0.2,27.0,liu2019_opf,OPF (force/stress mapped),3.01554180106012,223,256,0.8671875,0.541798253499427,0.458201746500573
liu2019-stress-free-period-map-v2,f0.2_chiN27,0.2,27.0,liu2019_opf,OPF (force/stress mapped),3.01554180106012,224,256,0.87109375,0.554920690687249,0.44507930931275097
liu2019-stress-free-period-map-v2,f0.2_chiN27,0.2,27.0,liu2019_opf,OPF (force/stress mapped),3.01554180106012,225,256,0.875,0.5676582716413987,0.4323417283586013
liu2019-stress-free-period-map-v2,f0.2_chiN27,0.2,27.0,liu2019_opf,OPF (force/stress mapped),3.01554180106012,226,256,0.87890625,0.5799993498221329,0.42000065017786714
liu2019-stress-free-period-map-v2,f0.2_chiN27,0.2,27.0,liu2019_opf,OPF (force/stress mapped),3.01554180106012,227,256,0.8828125,0.591934077460529,0.40806592253947105
liu2019-stress-free-period-map-v2,f0.2_chiN27,0.2,27.0,liu2019_opf,OPF (force/stress mapped),3.01554180106012,228,256,0.88671875,0.6034543499785008,0.3965456500214992
liu2019-stress-free-period-map-v2,f0.2_chiN27,0.2,27.0,liu2019_opf,OPF (force/stress mapped),3.01554180106012,229,256,0.890625,0.6145537299596178,0.38544627004038223
liu2019-stress-free-period-map-v2,f0.2_chiN27,0.2,27.0,liu2019_opf,OPF (force/stress mapped),3.01554180106012,230,256,0.89453125,0.6252273616074688,0.37477263839253117
liu2019-stress-free-period-map-v2,f0.2_chiN27,0.2,27.0,liu2019_opf,OPF (force/stress mapped),3.01554180106012,231,256,0.8984375,0.6354718721923043,0.3645281278076957
liu2019-stress-free-period-map-v2,f0.2_chiN27,0.2,27.0,liu2019_opf,OPF (force/stress mapped),3.01554180106012,232,256,0.90234375,0.645285269351892,0.354714730648108
liu2019-stress-free-period-map-v2,f0.2_chiN27,0.2,27.0,liu2019_opf,OPF (force/stress mapped),3.01554180106012,233,256,0.90625,0.6546668261398703,0.34533317386012974
liu2019-stress-free-period-map-v2,f0.2_chiN27,0.2,27.0,liu2019_opf,OPF (force/stress mapped),3.01554180106012,234,256,0.91015625,0.6636169671330028,0.3363830328669972
liu2019-stress-free-period-map-v2,f0.2_chiN27,0.2,27.0,liu2019_opf,OPF (force/stress mapped),3.01554180106012,235,256,0.9140625,0.6721371481284844,0.32786285187151565
liu2019-stress-free-period-map-v2,f0.2_chiN27,0.2,27.0,liu2019_opf,OPF (force/stress mapped),3.01554180106012,236,256,0.91796875,0.680229737410044,0.319770262589956
liu2019-stress-free-period-map-v2,f0.2_chiN27,0.2,27.0,liu2019_opf,OPF (force/stress mapped),3.01554180106012,237,256,0.921875,0.6878978939594969,0.31210210604050315
liu2019-stress-free-period-map-v2,f0.2_chiN27,0.2,27.0,liu2019_opf,OPF (force/stress mapped),3.01554180106012,238,256,0.92578125,0.695145451674442,0.30485454832555803
liu2019-stress-free-period-map-v2,f0.2_chiN27,0.2,27.0,liu2019_opf,OPF (force/stress mapped),3.01554180106012,239,256,0.9296875,0.7019768020774533,0.2980231979225467
liu2019-stress-free-period-map-v2,f0.2_chiN27,0.2,27.0,liu2019_opf,OPF (force/stress mapped),3.01554180106012,240,256,0.93359375,0.7083967847067578,0.2916032152932422
liu2019-stress-free-period-map-v2,f0.2_chiN27,0.2,27.0,liu2019_opf,OPF (force/stress mapped),3.01554180106012,241,256,0.9375,0.7144105771831504,0.2855894228168496
liu2019-stress-free-period-map-v2,f0.2_chiN27,0.2,27.0,liu2019_opf,OPF (force/stress mapped),3.01554180106012,242,256,0.94140625,0.7200235966819988,0.2799764033180012
liu2019-stress-free-period-map-v2,f0.2_chiN27,0.2,27.0,liu2019_opf,OPF (force/stress mapped),3.01554180106012,243,256,0.9453125,0.7252414005269907,0.2747585994730093
liu2019-stress-free-period-map-v2,f0.2_chiN27,0.2,27.0,liu2019_opf,OPF (force/stress mapped),3.01554180106012,244,256,0.94921875,0.7300695982119207,0.26993040178807925
liu2019-stress-free-period-map-v2,f0.2_chiN27,0.2,27.0,liu2019_opf,OPF (force/stress mapped),3.01554180106012,245,256,0.953125,0.7345137639144248,0.2654862360855752
liu2019-stress-free-period-map-v2,f0.2_chiN27,0.2,27.0,liu2019_opf,OPF (force/stress mapped),3.01554180106012,246,256,0.95703125,0.7385793617170666,0.2614206382829334
liu2019-stress-free-period-map-v2,f0.2_chiN27,0.2,27.0,liu2019_opf,OPF (force/stress mapped),3.01554180106012,247,256,0.9609375,0.7422716700248133,0.2577283299751867
liu2019-stress-free-period-map-v2,f0.2_chiN27,0.2,27.0,liu2019_opf,OPF (force/stress mapped),3.01554180106012,248,256,0.96484375,0.7455957206486714,0.2544042793513286
liu2019-stress-free-period-map-v2,f0.2_chiN27,0.2,27.0,liu2019_opf,OPF (force/stress mapped),3.01554180106012,249,256,0.96875,0.7485562368495406,0.25144376315045935
liu2019-stress-free-period-map-v2,f0.2_chiN27,0.2,27.0,liu2019_opf,OPF (force/stress mapped),3.01554180106012,250,256,0.97265625,0.7511575841224298,0.24884241587757017
liu2019-stress-free-period-map-v2,f0.2_chiN27,0.2,27.0,liu2019_opf,OPF (force/stress mapped),3.01554180106012,251,256,0.9765625,0.7534037194254022,0.24659628057459781
liu2019-stress-free-period-map-v2,f0.2_chiN27,0.2,27.0,liu2019_opf,OPF (force/stress mapped),3.01554180106012,252,256,0.98046875,0.7552981533097729,0.2447018466902271
liu2019-stress-free-period-map-v2,f0.2_chiN27,0.2,27.0,liu2019_opf,OPF (force/stress mapped),3.01554180106012,253,256,0.984375,0.756843912470037,0.24315608752996298
liu2019-stress-free-period-map-v2,f0.2_chiN27,0.2,27.0,liu2019_opf,OPF (force/stress mapped),3.01554180106012,254,256,0.98828125,0.7580435150276743,0.2419564849723257
liu2019-stress-free-period-map-v2,f0.2_chiN27,0.2,27.0,liu2019_opf,OPF (force/stress mapped),3.01554180106012,255,256,0.9921875,0.7588989429195627,0.24110105708043728
liu2019-stress-free-period-map-v2,f0.2_chiN27,0.2,27.0,liu2019_opf,OPF (force/stress mapped),3.01554180106012,256,256,0.99609375,0.7594116249610581,0.24058837503894193
liu2019-stress-free-period-map-v2,f0.2_chiN27,0.2,27.0,burp_ti,BURP-TI,3.078514493647357,1,128,0.0,0.4384037377485068,0.5615962622514932
liu2019-stress-free-period-map-v2,f0.2_chiN27,0.2,27.0,burp_ti,BURP-TI,3.078514493647357,2,128,0.0078125,0.437511335203446,0.562488664796554
liu2019-stress-free-period-map-v2,f0.2_chiN27,0.2,27.0,burp_ti,BURP-TI,3.078514493647357,3,128,0.015625,0.4357307297888692,0.5642692702111308
liu2019-stress-free-period-map-v2,f0.2_chiN27,0.2,27.0,burp_ti,BURP-TI,3.078514493647357,4,128,0.0234375,0.4330703627174634,0.5669296372825365
liu2019-stress-free-period-map-v2,f0.2_chiN27,0.2,27.0,burp_ti,BURP-TI,3.078514493647357,5,128,0.03125,0.42954297647996564,0.5704570235200344
liu2019-stress-free-period-map-v2,f0.2_chiN27,0.2,27.0,burp_ti,BURP-TI,3.078514493647357,6,128,0.0390625,0.42516560198763725,0.5748343980123627
liu2019-stress-free-period-map-v2,f0.2_chiN27,0.2,27.0,burp_ti,BURP-TI,3.078514493647357,7,128,0.046875,0.41995967623325264,0.5800403237667473
liu2019-stress-free-period-map-v2,f0.2_chiN27,0.2,27.0,burp_ti,BURP-TI,3.078514493647357,8,128,0.0546875,0.41395109362080357,0.5860489063791965
liu2019-stress-free-period-map-v2,f0.2_chiN27,0.2,27.0,burp_ti,BURP-TI,3.078514493647357,9,128,0.0625,0.40717027070058576,0.5928297292994142
liu2019-stress-free-period-map-v2,f0.2_chiN27,0.2,27.0,burp_ti,BURP-TI,3.078514493647357,10,128,0.0703125,0.3996521495193971,0.6003478504806029
liu2019-stress-free-period-map-v2,f0.2_chiN27,0.2,27.0,burp_ti,BURP-TI,3.078514493647357,11,128,0.078125,0.3914361827199248,0.6085638172800751
liu2019-stress-free-period-map-v2,f0.2_chiN27,0.2,27.0,burp_ti,BURP-TI,3.078514493647357,12,128,0.0859375,0.382566218291357,0.617433781708643
liu2019-stress-free-period-map-v2,f0.2_chiN27,0.2,27.0,burp_ti,BURP-TI,3.078514493647357,13,128,0.09375,0.3730904327990198,0.6269095672009801
liu2019-stress-free-period-map-v2,f0.2_chiN27,0.2,27.0,burp_ti,BURP-TI,3.078514493647357,14,128,0.1015625,0.3630610952882416,0.6369389047117584
liu2019-stress-free-period-map-v2,f0.2_chiN27,0.2,27.0,burp_ti,BURP-TI,3.078514493647357,15,128,0.109375,0.35253429895535693,0.6474657010446431
liu2019-stress-free-period-map-v2,f0.2_chiN27,0.2,27.0,burp_ti,BURP-TI,3.078514493647357,16,128,0.1171875,0.3415695477839846,0.6584304522160154
liu2019-stress-free-period-map-v2,f0.2_chiN27,0.2,27.0,burp_ti,BURP-TI,3.078514493647357,17,128,0.125,0.33022933864640575,0.6697706613535943
liu2019-stress-free-period-map-v2,f0.2_chiN27,0.2,27.0,burp_ti,BURP-TI,3.078514493647357,18,128,0.1328125,0.31857859655966986,0.6814214034403301
liu2019-stress-free-period-map-v2,f0.2_chiN27,0.2,27.0,burp_ti,BURP-TI,3.078514493647357,19,128,0.140625,0.3066839864067747,0.6933160135932253
liu2019-stress-free-period-map-v2,f0.2_chiN27,0.2,27.0,burp_ti,BURP-TI,3.078514493647357,20,128,0.1484375,0.2946132683306865,0.7053867316693134
liu2019-stress-free-period-map-v2,f0.2_chiN27,0.2,27.0,burp_ti,BURP-TI,3.078514493647357,21,128,0.15625,0.28243453224623255,0.7175654677537675
liu2019-stress-free-period-map-v2,f0.2_chiN27,0.2,27.0,burp_ti,BURP-TI,3.078514493647357,22,128,0.1640625,0.27021535167398797,0.729784648326012
liu2019-stress-free-period-map-v2,f0.2_chiN27,0.2,27.0,burp_ti,BURP-TI,3.078514493647357,23,128,0.171875,0.2580219686650152,0.7419780313349849
liu2019-stress-free-period-map-v2,f0.2_chiN27,0.2,27.0,burp_ti,BURP-TI,3.078514493647357,24,128,0.1796875,0.24591843328360755,0.7540815667163925
liu2019-stress-free-period-map-v2,f0.2_chiN27,0.2,27.0,burp_ti,BURP-TI,3.078514493647357,25,128,0.1875,0.233965822923234,0.766034177076766
liu2019-stress-free-period-map-v2,f0.2_chiN27,0.2,27.0,burp_ti,BURP-TI,3.078514493647357,26,128,0.1953125,0.22222150282643655,0.7777784971735635
liu2019-stress-free-period-map-v2,f0.2_chiN27,0.2,27.0,burp_ti,BURP-TI,3.078514493647357,27,128,0.203125,0.21073846651459915,0.7892615334854008
liu2019-stress-free-period-map-v2,f0.2_chiN27,0.2,27.0,burp_ti,BURP-TI,3.078514493647357,28,128,0.2109375,0.19956472641740702,0.800435273582593
liu2019-stress-free-period-map-v2,f0.2_chiN27,0.2,27.0,burp_ti,BURP-TI,3.078514493647357,29,128,0.21875,0.18874288490431085,0.8112571150956891
liu2019-stress-free-period-map-v2,f0.2_chiN27,0.2,27.0,burp_ti,BURP-TI,3.078514493647357,30,128,0.2265625,0.17830979075917303,0.8216902092408269
liu2019-stress-free-period-map-v2,f0.2_chiN27,0.2,27.0,burp_ti,BURP-TI,3.078514493647357,31,128,0.234375,0.16829634999033266,0.8317036500096673
liu2019-stress-free-period-map-v2,f0.2_chiN27,0.2,27.0,burp_ti,BURP-TI,3.078514493647357,32,128,0.2421875,0.15872742825179953,0.8412725717482005
liu2019-stress-free-period-map-v2,f0.2_chiN27,0.2,27.0,burp_ti,BURP-TI,3.078514493647357,33,128,0.25,0.14962193143620822,0.8503780685637918
liu2019-stress-free-period-map-v2,f0.2_chiN27,0.2,27.0,burp_ti,BURP-TI,3.078514493647357,34,128,0.2578125,0.14099303455295562,0.8590069654470444
liu2019-stress-free-period-map-v2,f0.2_chiN27,0.2,27.0,burp_ti,BURP-TI,3.078514493647357,35,128,0.265625,0.13284839291678954,0.8671516070832105
liu2019-stress-free-period-map-v2,f0.2_chiN27,0.2,27.0,burp_ti,BURP-TI,3.078514493647357,36,128,0.2734375,0.12519053078871034,0.8748094692112897
liu2019-stress-free-period-map-v2,f0.2_chiN27,0.2,27.0,burp_ti,BURP-TI,3.078514493647357,37,128,0.28125,0.11801729545787207,0.8819827045421279
liu2019-stress-free-period-map-v2,f0.2_chiN27,0.2,27.0,burp_ti,BURP-TI,3.078514493647357,38,128,0.2890625,0.11132233588345271,0.8886776641165473
liu2019-stress-free-period-map-v2,f0.2_chiN27,0.2,27.0,burp_ti,BURP-TI,3.078514493647357,39,128,0.296875,0.10509564724665137,0.8949043527533487
liu2019-stress-free-period-map-v2,f0.2_chiN27,0.2,27.0,burp_ti,BURP-TI,3.078514493647357,40,128,0.3046875,0.09932411450403171,0.9006758854959683
liu2019-stress-free-period-map-v2,f0.2_chiN27,0.2,27.0,burp_ti,BURP-TI,3.078514493647357,41,128,0.3125,0.09399204449575065,0.9060079555042494
liu2019-stress-free-period-map-v2,f0.2_chiN27,0.2,27.0,burp_ti,BURP-TI,3.078514493647357,42,128,0.3203125,0.08908168699129076,0.9109183130087093
liu2019-stress-free-period-map-v2,f0.2_chiN27,0.2,27.0,burp_ti,BURP-TI,3.078514493647357,43,128,0.328125,0.08457373790356071,0.9154262620964393
liu2019-stress-free-period-map-v2,f0.2_chiN27,0.2,27.0,burp_ti,BURP-TI,3.078514493647357,44,128,0.3359375,0.0804478120410232,0.9195521879589768
liu2019-stress-free-period-map-v2,f0.2_chiN27,0.2,27.0,burp_ti,BURP-TI,3.078514493647357,45,128,0.34375,0.07668285091104138,0.9233171490889587
liu2019-stress-free-period-map-v2,f0.2_chiN27,0.2,27.0,burp_ti,BURP-TI,3.078514493647357,46,128,0.3515625,0.07325750872302818,0.9267424912769718
liu2019-stress-free-period-map-v2,f0.2_chiN27,0.2,27.0,burp_ti,BURP-TI,3.078514493647357,47,128,0.359375,0.070150461514603,0.929849538485397
liu2019-stress-free-period-map-v2,f0.2_chiN27,0.2,27.0,burp_ti,BURP-TI,3.078514493647357,48,128,0.3671875,0.06734073687556802,0.9326592631244319
liu2019-stress-free-period-map-v2,f0.2_chiN27,0.2,27.0,burp_ti,BURP-TI,3.078514493647357,49,128,0.375,0.06480790780324365,0.9351920921967564
liu2019-stress-free-period-map-v2,f0.2_chiN27,0.2,27.0,burp_ti,BURP-TI,3.078514493647357,50,128,0.3828125,0.06253232209323721,0.9374676779067628
liu2019-stress-free-period-map-v2,f0.2_chiN27,0.2,27.0,burp_ti,BURP-TI,3.078514493647357,51,128,0.390625,0.06049518689452521,0.9395048131054748
liu2019-stress-free-period-map-v2,f0.2_chiN27,0.2,27.0,burp_ti,BURP-TI,3.078514493647357,52,128,0.3984375,0.05867876830234409,0.9413212316976559
liu2019-stress-free-period-map-v2,f0.2_chiN27,0.2,27.0,burp_ti,BURP-TI,3.078514493647357,53,128,0.40625,0.05706645759397418,0.9429335424060258
liu2019-stress-free-period-map-v2,f0.2_chiN27,0.2,27.0,burp_ti,BURP-TI,3.078514493647357,54,128,0.4140625,0.05564283013049875,0.9443571698695012
liu2019-stress-free-period-map-v2,f0.2_chiN27,0.2,27.0,burp_ti,BURP-TI,3.078514493647357,55,128,0.421875,0.05439370417874739,0.9456062958212526
liu2019-stress-free-period-map-v2,f0.2_chiN27,0.2,27.0,burp_ti,BURP-TI,3.078514493647357,56,128,0.4296875,0.053306184706471485,0.9466938152935285
liu2019-stress-free-period-map-v2,f0.2_chiN27,0.2,27.0,burp_ti,BURP-TI,3.078514493647357,57,128,0.4375,0.0523686474866377,0.9476313525133623
liu2019-stress-free-period-map-v2,f0.2_chiN27,0.2,27.0,burp_ti,BURP-TI,3.078514493647357,58,128,0.4453125,0.05157078294481495,0.948429217055185
liu2019-stress-free-period-map-v2,f0.2_chiN27,0.2,27.0,burp_ti,BURP-TI,3.078514493647357,59,128,0.453125,0.05090356966383,0.94909643033617
liu2019-stress-free-period-map-v2,f0.2_chiN27,0.2,27.0,burp_ti,BURP-TI,3.078514493647357,60,128,0.4609375,0.05035930645329027,0.9496406935467098
liu2019-stress-free-period-map-v2,f0.2_chiN27,0.2,27.0,burp_ti,BURP-TI,3.078514493647357,61,128,0.46875,0.04993156808411724,0.9500684319158827
liu2019-stress-free-period-map-v2,f0.2_chiN27,0.2,27.0,burp_ti,BURP-TI,3.078514493647357,62,128,0.4765625,0.04961524157879285,0.9503847584212072
liu2019-stress-free-period-map-v2,f0.2_chiN27,0.2,27.0,burp_ti,BURP-TI,3.078514493647357,63,128,0.484375,0.04940647381605111,0.9505935261839489
liu2019-stress-free-period-map-v2,f0.2_chiN27,0.2,27.0,burp_ti,BURP-TI,3.078514493647357,64,128,0.4921875,0.049302725177244024,0.950697274822756
liu2019-stress-free-period-map-v2,f0.2_chiN27,0.2,27.0,burp_ti,BURP-TI,3.078514493647357,65,128,0.5,0.04930271541802274,0.9506972845819772
liu2019-stress-free-period-map-v2,f0.2_chiN27,0.2,27.0,burp_ti,BURP-TI,3.078514493647357,66,128,0.5078125,0.04940646505205718,0.9505935349479429
liu2019-stress-free-period-map-v2,f0.2_chiN27,0.2,27.0,burp_ti,BURP-TI,3.078514493647357,67,128,0.515625,0.04961523300269594,0.950384766997304
liu2019-stress-free-period-map-v2,f0.2_chiN27,0.2,27.0,burp_ti,BURP-TI,3.078514493647357,68,128,0.5234375,0.04993157365232154,0.9500684263476784
liu2019-stress-free-period-map-v2,f0.2_chiN27,0.2,27.0,burp_ti,BURP-TI,3.078514493647357,69,128,0.53125,0.05035930746444818,0.9496406925355518
liu2019-stress-free-period-map-v2,f0.2_chiN27,0.2,27.0,burp_ti,BURP-TI,3.078514493647357,70,128,0.5390625,0.05090357666410451,0.9490964233358955
liu2019-stress-free-period-map-v2,f0.2_chiN27,0.2,27.0,burp_ti,BURP-TI,3.078514493647357,71,128,0.546875,0.05157078611737099,0.948429213882629
liu2019-stress-free-period-map-v2,f0.2_chiN27,0.2,27.0,burp_ti,BURP-TI,3.078514493647357,72,128,0.5546875,0.052368650616545,0.947631349383455
liu2019-stress-free-period-map-v2,f0.2_chiN27,0.2,27.0,burp_ti,BURP-TI,3.078514493647357,73,128,0.5625,0.05330618031263528,0.9466938196873648
liu2019-stress-free-period-map-v2,f0.2_chiN27,0.2,27.0,burp_ti,BURP-TI,3.078514493647357,74,128,0.5703125,0.05439370379754187,0.9456062962024582
liu2019-stress-free-period-map-v2,f0.2_chiN27,0.2,27.0,burp_ti,BURP-TI,3.078514493647357,75,128,0.578125,0.05564282397132244,0.9443571760286775
liu2019-stress-free-period-map-v2,f0.2_chiN27,0.2,27.0,burp_ti,BURP-TI,3.078514493647357,76,128,0.5859375,0.05706645254047914,0.9429335474595208
liu2019-stress-free-period-map-v2,f0.2_chiN27,0.2,27.0,burp_ti,BURP-TI,3.078514493647357,77,128,0.59375,0.0586787713258231,0.9413212286741769
liu2019-stress-free-period-map-v2,f0.2_chiN27,0.2,27.0,burp_ti,BURP-TI,3.078514493647357,78,128,0.6015625,0.06049519353292647,0.9395048064670736
liu2019-stress-free-period-map-v2,f0.2_chiN27,0.2,27.0,burp_ti,BURP-TI,3.078514493647357,79,128,0.609375,0.06253232780939416,0.9374676721906059
liu2019-stress-free-period-map-v2,f0.2_chiN27,0.2,27.0,burp_ti,BURP-TI,3.078514493647357,80,128,0.6171875,0.06480791939020492,0.9351920806097951
liu2019-stress-free-period-map-v2,f0.2_chiN27,0.2,27.0,burp_ti,BURP-TI,3.078514493647357,81,128,0.625,0.06734072788855985,0.9326592721114402
liu2019-stress-free-period-map-v2,f0.2_chiN27,0.2,27.0,burp_ti,BURP-TI,3.078514493647357,82,128,0.6328125,0.07015045180905673,0.9298495481909432
liu2019-stress-free-period-map-v2,f0.2_chiN27,0.2,27.0,burp_ti,BURP-TI,3.078514493647357,83,128,0.640625,0.07325750134074256,0.9267424986592574
liu2019-stress-free-period-map-v2,f0.2_chiN27,0.2,27.0,burp_ti,BURP-TI,3.078514493647357,84,128,0.6484375,0.07668285965730587,0.9233171403426941
liu2019-stress-free-period-map-v2,f0.2_chiN27,0.2,27.0,burp_ti,BURP-TI,3.078514493647357,85,128,0.65625,0.08044781924403442,0.9195521807559656
liu2019-stress-free-period-map-v2,f0.2_chiN27,0.2,27.0,burp_ti,BURP-TI,3.078514493647357,86,128,0.6640625,0.08457374234868197,0.915426257651318
liu2019-stress-free-period-map-v2,f0.2_chiN27,0.2,27.0,burp_ti,BURP-TI,3.078514493647357,87,128,0.671875,0.08908168970602333,0.9109183102939766
liu2019-stress-free-period-map-v2,f0.2_chiN27,0.2,27.0,burp_ti,BURP-TI,3.078514493647357,88,128,0.6796875,0.09399204582480038,0.9060079541751996
liu2019-stress-free-period-map-v2,f0.2_chiN27,0.2,27.0,burp_ti,BURP-TI,3.078514493647357,89,128,0.6875,0.09932411092948143,0.9006758890705185
liu2019-stress-free-period-map-v2,f0.2_chiN27,0.2,27.0,burp_ti,BURP-TI,3.078514493647357,90,128,0.6953125,0.1050956435169955,0.8949043564830045
liu2019-stress-free-period-map-v2,f0.2_chiN27,0.2,27.0,burp_ti,BURP-TI,3.078514493647357,91,128,0.703125,0.11132233477205151,0.8886776652279484
liu2019-stress-free-period-map-v2,f0.2_chiN27,0.2,27.0,burp_ti,BURP-TI,3.078514493647357,92,128,0.7109375,0.11801729827332949,0.8819827017266705
liu2019-stress-free-period-map-v2,f0.2_chiN27,0.2,27.0,burp_ti,BURP-TI,3.078514493647357,93,128,0.71875,0.12519054246814265,0.8748094575318573
liu2019-stress-free-period-map-v2,f0.2_chiN27,0.2,27.0,burp_ti,BURP-TI,3.078514493647357,94,128,0.7265625,0.13284840175230164,0.8671515982476984
liu2019-stress-free-period-map-v2,f0.2_chiN27,0.2,27.0,burp_ti,BURP-TI,3.078514493647357,95,128,0.734375,0.1409930341845346,0.8590069658154654
liu2019-stress-free-period-map-v2,f0.2_chiN27,0.2,27.0,burp_ti,BURP-TI,3.078514493647357,96,128,0.7421875,0.1496219259871516,0.8503780740128484
liu2019-stress-free-period-map-v2,f0.2_chiN27,0.2,27.0,burp_ti,BURP-TI,3.078514493647357,97,128,0.75,0.15872741816861452,0.8412725818313855
liu2019-stress-free-period-map-v2,f0.2_chiN27,0.2,27.0,burp_ti,BURP-TI,3.078514493647357,98,128,0.7578125,0.1682963587257165,0.8317036412742835
liu2019-stress-free-period-map-v2,f0.2_chiN27,0.2,27.0,burp_ti,BURP-TI,3.078514493647357,99,128,0.765625,0.17830980502949087,0.8216901949705091
liu2019-stress-free-period-map-v2,f0.2_chiN27,0.2,27.0,burp_ti,BURP-TI,3.078514493647357,100,128,0.7734375,0.1887428877353344,0.8112571122646656
liu2019-stress-free-period-map-v2,f0.2_chiN27,0.2,27.0,burp_ti,BURP-TI,3.078514493647357,101,128,0.78125,0.19956472877571793,0.800435271224282
liu2019-stress-free-period-map-v2,f0.2_chiN27,0.2,27.0,burp_ti,BURP-TI,3.078514493647357,102,128,0.7890625,0.210738467156945,0.789261532843055
liu2019-stress-free-period-map-v2,f0.2_chiN27,0.2,27.0,burp_ti,BURP-TI,3.078514493647357,103,128,0.796875,0.22222150163527243,0.7777784983647276
liu2019-stress-free-period-map-v2,f0.2_chiN27,0.2,27.0,burp_ti,BURP-TI,3.078514493647357,104,128,0.8046875,0.2339658201861558,0.7660341798138441
liu2019-stress-free-period-map-v2,f0.2_chiN27,0.2,27.0,burp_ti,BURP-TI,3.078514493647357,105,128,0.8125,0.2459184404960773,0.7540815595039227
liu2019-stress-free-period-map-v2,f0.2_chiN27,0.2,27.0,burp_ti,BURP-TI,3.078514493647357,106,128,0.8203125,0.2580219784254808,0.7419780215745192
liu2019-stress-free-period-map-v2,f0.2_chiN27,0.2,27.0,burp_ti,BURP-TI,3.078514493647357,107,128,0.828125,0.2702153624777419,0.7297846375222581
liu2019-stress-free-period-map-v2,f0.2_chiN27,0.2,27.0,burp_ti,BURP-TI,3.078514493647357,108,128,0.8359375,0.2824345299086541,0.7175654700913459
liu2019-stress-free-period-map-v2,f0.2_chiN27,0.2,27.0,burp_ti,BURP-TI,3.078514493647357,109,128,0.84375,0.2946132615031083,0.7053867384968917
liu2019-stress-free-period-map-v2,f0.2_chiN27,0.2,27.0,burp_ti,BURP-TI,3.078514493647357,110,128,0.8515625,0.30668398543426867,0.6933160145657313
liu2019-stress-free-period-map-v2,f0.2_chiN27,0.2,27.0,burp_ti,BURP-TI,3.078514493647357,111,128,0.859375,0.31857860593893383,0.6814213940610662
liu2019-stress-free-period-map-v2,f0.2_chiN27,0.2,27.0,burp_ti,BURP-TI,3.078514493647357,112,128,0.8671875,0.3302293533283009,0.669770646671699
liu2019-stress-free-period-map-v2,f0.2_chiN27,0.2,27.0,burp_ti,BURP-TI,3.078514493647357,113,128,0.875,0.3415695472232174,0.6584304527767826
liu2019-stress-free-period-map-v2,f0.2_chiN27,0.2,27.0,burp_ti,BURP-TI,3.078514493647357,114,128,0.8828125,0.352534295987076,0.647465704012924
liu2019-stress-free-period-map-v2,f0.2_chiN27,0.2,27.0,burp_ti,BURP-TI,3.078514493647357,115,128,0.890625,0.36306109968892364,0.6369389003110764
liu2019-stress-free-period-map-v2,f0.2_chiN27,0.2,27.0,burp_ti,BURP-TI,3.078514493647357,116,128,0.8984375,0.3730904284897259,0.6269095715102742
liu2019-stress-free-period-map-v2,f0.2_chiN27,0.2,27.0,burp_ti,BURP-TI,3.078514493647357,117,128,0.90625,0.3825662220752809,0.6174337779247191
liu2019-stress-free-period-map-v2,f0.2_chiN27,0.2,27.0,burp_ti,BURP-TI,3.078514493647357,118,128,0.9140625,0.3914361904329213,0.6085638095670787
liu2019-stress-free-period-map-v2,f0.2_chiN27,0.2,27.0,burp_ti,BURP-TI,3.078514493647357,119,128,0.921875,0.3996521597094498,0.6003478402905502
liu2019-stress-free-period-map-v2,f0.2_chiN27,0.2,27.0,burp_ti,BURP-TI,3.078514493647357,120,128,0.9296875,0.4071702683507447,0.5928297316492552
liu2019-stress-free-period-map-v2,f0.2_chiN27,0.2,27.0,burp_ti,BURP-TI,3.078514493647357,121,128,0.9375,0.41395108755709653,0.5860489124429035
liu2019-stress-free-period-map-v2,f0.2_chiN27,0.2,27.0,burp_ti,BURP-TI,3.078514493647357,122,128,0.9453125,0.41995967072731855,0.5800403292726815
liu2019-stress-free-period-map-v2,f0.2_chiN27,0.2,27.0,burp_ti,BURP-TI,3.078514493647357,123,128,0.953125,0.42516561109115825,0.5748343889088418
liu2019-stress-free-period-map-v2,f0.2_chiN27,0.2,27.0,burp_ti,BURP-TI,3.078514493647357,124,128,0.9609375,0.4295429845425976,0.5704570154574025
liu2019-stress-free-period-map-v2,f0.2_chiN27,0.2,27.0,burp_ti,BURP-TI,3.078514493647357,125,128,0.96875,0.4330703670561344,0.5669296329438656
liu2019-stress-free-period-map-v2,f0.2_chiN27,0.2,27.0,burp_ti,BURP-TI,3.078514493647357,126,128,0.9765625,0.4357307213770873,0.5642692786229127
liu2019-stress-free-period-map-v2,f0.2_chiN27,0.2,27.0,burp_ti,BURP-TI,3.078514493647357,127,128,0.984375,0.4375113317495446,0.5624886682504554
liu2019-stress-free-period-map-v2,f0.2_chiN27,0.2,27.0,burp_ti,BURP-TI,3.078514493647357,128,128,0.9921875,0.438403741256992,0.561596258743008
liu2019-stress-free-period-map-v2,f0.2_chiN27,0.2,27.0,bvk2,BVK2,3.4687442921936706,1,256,0.0,0.038770537562557196,0.9612294624374428
liu2019-stress-free-period-map-v2,f0.2_chiN27,0.2,27.0,bvk2,BVK2,3.4687442921936706,2,256,0.00390625,0.038781426524859504,0.9612185734751405
liu2019-stress-free-period-map-v2,f0.2_chiN27,0.2,27.0,bvk2,BVK2,3.4687442921936706,3,256,0.0078125,0.03880324024492001,0.96119675975508
liu2019-stress-free-period-map-v2,f0.2_chiN27,0.2,27.0,bvk2,BVK2,3.4687442921936706,4,256,0.01171875,0.038836050418674495,0.9611639495813256
liu2019-stress-free-period-map-v2,f0.2_chiN27,0.2,27.0,bvk2,BVK2,3.4687442921936706,5,256,0.015625,0.03887996485332049,0.9611200351466795
liu2019-stress-free-period-map-v2,f0.2_chiN27,0.2,27.0,bvk2,BVK2,3.4687442921936706,6,256,0.01953125,0.038935127785336476,0.9610648722146635
liu2019-stress-free-period-map-v2,f0.2_chiN27,0.2,27.0,bvk2,BVK2,3.4687442921936706,7,256,0.0234375,0.0390017203079623,0.9609982796920377
liu2019-stress-free-period-map-v2,f0.2_chiN27,0.2,27.0,bvk2,BVK2,3.4687442921936706,8,256,0.02734375,0.03907996091113798,0.960920039088862
liu2019-stress-free-period-map-v2,f0.2_chiN27,0.2,27.0,bvk2,BVK2,3.4687442921936706,9,256,0.03125,0.039170106137677935,0.9608298938623221
liu2019-stress-free-period-map-v2,f0.2_chiN27,0.2,27.0,bvk2,BVK2,3.4687442921936706,10,256,0.03515625,0.03927245136027849,0.9607275486397215
liu2019-stress-free-period-map-v2,f0.2_chiN27,0.2,27.0,bvk2,BVK2,3.4687442921936706,11,256,0.0390625,0.03938733168479791,0.9606126683152021
liu2019-stress-free-period-map-v2,f0.2_chiN27,0.2,27.0,bvk2,BVK2,3.4687442921936706,12,256,0.04296875,0.03951512298613876,0.9604848770138612
liu2019-stress-free-period-map-v2,f0.2_chiN27,0.2,27.0,bvk2,BVK2,3.4687442921936706,13,256,0.046875,0.03965624308398976,0.9603437569160103
liu2019-stress-free-period-map-v2,f0.2_chiN27,0.2,27.0,bvk2,BVK2,3.4687442921936706,14,256,0.05078125,0.03981115306667172,0.9601888469333283
liu2019-stress-free-period-map-v2,f0.2_chiN27,0.2,27.0,bvk2,BVK2,3.4687442921936706,15,256,0.0546875,0.039980358772364125,0.9600196412276358
liu2019-stress-free-period-map-v2,f0.2_chiN27,0.2,27.0,bvk2,BVK2,3.4687442921936706,16,256,0.05859375,0.040164412438092406,0.9598355875619076
liu2019-stress-free-period-map-v2,f0.2_chiN27,0.2,27.0,bvk2,BVK2,3.4687442921936706,17,256,0.0625,0.04036391452800222,0.9596360854719977
liu2019-stress-free-period-map-v2,f0.2_chiN27,0.2,27.0,bvk2,BVK2,3.4687442921936706,18,256,0.06640625,0.04057951575366756,0.9594204842463324
liu2019-stress-free-period-map-v2,f0.2_chiN27,0.2,27.0,bvk2,BVK2,3.4687442921936706,19,256,0.0703125,0.04081191930042881,0.9591880806995712
liu2019-stress-free-period-map-v2,f0.2_chiN27,0.2,27.0,bvk2,BVK2,3.4687442921936706,20,256,0.07421875,0.041061883275058525,0.9589381167249414
liu2019-stress-free-period-map-v2,f0.2_chiN27,0.2,27.0,bvk2,BVK2,3.4687442921936706,21,256,0.078125,0.04133022339134626,0.9586697766086537
liu2019-stress-free-period-map-v2,f0.2_chiN27,0.2,27.0,bvk2,BVK2,3.4687442921936706,22,256,0.08203125,0.041617815911498754,0.9583821840885013
liu2019-stress-free-period-map-v2,f0.2_chiN27,0.2,27.0,bvk2,BVK2,3.4687442921936706,23,256,0.0859375,0.04192560086246914,0.9580743991375309
liu2019-stress-free-period-map-v2,f0.2_chiN27,0.2,27.0,bvk2,BVK2,3.4687442921936706,24,256,0.08984375,0.042254585547473564,0.9577454144525265
liu2019-stress-free-period-map-v2,f0.2_chiN27,0.2,27.0,bvk2,BVK2,3.4687442921936706,25,256,0.09375,0.04260584837390506,0.957394151626095
liu2019-stress-free-period-map-v2,f0.2_chiN27,0.2,27.0,bvk2,BVK2,3.4687442921936706,26,256,0.09765625,0.042980543019594884,0.9570194569804051
liu2019-stress-free-period-map-v2,f0.2_chiN27,0.2,27.0,bvk2,BVK2,3.4687442921936706,27,256,0.1015625,0.04337990295976559,0.9566200970402344
liu2019-stress-free-period-map-v2,f0.2_chiN27,0.2,27.0,bvk2,BVK2,3.4687442921936706,28,256,0.10546875,0.04380524637703304,0.9561947536229669
liu2019-stress-free-period-map-v2,f0.2_chiN27,0.2,27.0,bvk2,BVK2,3.4687442921936706,29,256,0.109375,0.04425798147628134,0.9557420185237187
liu2019-stress-free-period-map-v2,f0.2_chiN27,0.2,27.0,bvk2,BVK2,3.4687442921936706,30,256,0.11328125,0.044739612225113856,0.9552603877748862
liu2019-stress-free-period-map-v2,f0.2_chiN27,0.2,27.0,bvk2,BVK2,3.4687442921936706,31,256,0.1171875,0.04525174453870383,0.9547482554612962
liu2019-stress-free-period-map-v2,f0.2_chiN27,0.2,27.0,bvk2,BVK2,3.4687442921936706,32,256,0.12109375,0.045796092925167294,0.9542039070748327
liu2019-stress-free-period-map-v2,f0.2_chiN27,0.2,27.0,bvk2,BVK2,3.4687442921936706,33,256,0.125,0.046374487603905244,0.9536255123960947
liu2019-stress-free-period-map-v2,f0.2_chiN27,0.2,27.0,bvk2,BVK2,3.4687442921936706,34,256,0.12890625,0.04698888210464796,0.9530111178953521
liu2019-stress-free-period-map-v2,f0.2_chiN27,0.2,27.0,bvk2,BVK2,3.4687442921936706,35,256,0.1328125,0.0476413613490276,0.9523586386509724
liu2019-stress-free-period-map-v2,f0.2_chiN27,0.2,27.0,bvk2,BVK2,3.4687442921936706,36,256,0.13671875,0.048334150209369674,0.9516658497906303
liu2019-stress-free-period-map-v2,f0.2_chiN27,0.2,27.0,bvk2,BVK2,3.4687442921936706,37,256,0.140625,0.049069622530870625,0.9509303774691293
liu2019-stress-free-period-map-v2,f0.2_chiN27,0.2,27.0,bvk2,BVK2,3.4687442921936706,38,256,0.14453125,0.049850310593399755,0.9501496894066003
liu2019-stress-free-period-map-v2,f0.2_chiN27,0.2,27.0,bvk2,BVK2,3.4687442921936706,39,256,0.1484375,0.05067891497766247,0.9493210850223375
liu2019-stress-free-period-map-v2,f0.2_chiN27,0.2,27.0,bvk2,BVK2,3.4687442921936706,40,256,0.15234375,0.05155831478737559,0.9484416852126244
liu2019-stress-free-period-map-v2,f0.2_chiN27,0.2,27.0,bvk2,BVK2,3.4687442921936706,41,256,0.15625,0.0524915781642426,0.9475084218357575
liu2019-stress-free-period-map-v2,f0.2_chiN27,0.2,27.0,bvk2,BVK2,3.4687442921936706,42,256,0.16015625,0.05348197301586198,0.946518026984138
liu2019-stress-free-period-map-v2,f0.2_chiN27,0.2,27.0,bvk2,BVK2,3.4687442921936706,43,256,0.1640625,0.054532977858030005,0.94546702214197
liu2019-stress-free-period-map-v2,f0.2_chiN27,0.2,27.0,bvk2,BVK2,3.4687442921936706,44,256,0.16796875,0.05564829265218954,0.9443517073478105
liu2019-stress-free-period-map-v2,f0.2_chiN27,0.2,27.0,bvk2,BVK2,3.4687442921936706,45,256,0.171875,0.05683184949581221,0.9431681505041878
liu2019-stress-free-period-map-v2,f0.2_chiN27,0.2,27.0,bvk2,BVK2,3.4687442921936706,46,256,0.17578125,0.05808782299829138,0.9419121770017086
liu2019-stress-free-period-map-v2,f0.2_chiN27,0.2,27.0,bvk2,BVK2,3.4687442921936706,47,256,0.1796875,0.059420640147337826,0.9405793598526622
liu2019-stress-free-period-map-v2,f0.2_chiN27,0.2,27.0,bvk2,BVK2,3.4687442921936706,48,256,0.18359375,0.0608349894410777,0.9391650105589223
liu2019-stress-free-period-map-v2,f0.2_chiN27,0.2,27.0,bvk2,BVK2,3.4687442921936706,49,256,0.1875,0.06233582902913888,0.9376641709708611
liu2019-stress-free-period-map-v2,f0.2_chiN27,0.2,27.0,bvk2,BVK2,3.4687442921936706,50,256,0.19140625,0.063928393572488,0.936071606427512
liu2019-stress-free-period-map-v2,f0.2_chiN27,0.2,27.0,bvk2,BVK2,3.4687442921936706,51,256,0.1953125,0.06561819949714241,0.9343818005028576
liu2019-stress-free-period-map-v2,f0.2_chiN27,0.2,27.0,bvk2,BVK2,3.4687442921936706,52,256,0.19921875,0.06741104828217705,0.932588951717823
liu2019-stress-free-period-map-v2,f0.2_chiN27,0.2,27.0,bvk2,BVK2,3.4687442921936706,53,256,0.203125,0.06931302738876174,0.9306869726112382
liu2019-stress-free-period-map-v2,f0.2_chiN27,0.2,27.0,bvk2,BVK2,3.4687442921936706,54,256,0.20703125,0.07133050840603321,0.9286694915939668
liu2019-stress-free-period-map-v2,f0.2_chiN27,0.2,27.0,bvk2,BVK2,3.4687442921936706,55,256,0.2109375,0.07347014196318011,0.9265298580368199
liu2019-stress-free-period-map-v2,f0.2_chiN27,0.2,27.0,bvk2,BVK2,3.4687442921936706,56,256,0.21484375,0.07573884893759442,0.9242611510624056
liu2019-stress-free-period-map-v2,f0.2_chiN27,0.2,27.0,bvk2,BVK2,3.4687442921936706,57,256,0.21875,0.07814380747863446,0.9218561925213655
liu2019-stress-free-period-map-v2,f0.2_chiN27,0.2,27.0,bvk2,BVK2,3.4687442921936706,58,256,0.22265625,0.08069243536824482,0.9193075646317552
liu2019-stress-free-period-map-v2,f0.2_chiN27,0.2,27.0,bvk2,BVK2,3.4687442921936706,59,256,0.2265625,0.08339236725587118,0.9166076327441288
liu2019-stress-free-period-map-v2,f0.2_chiN27,0.2,27.0,bvk2,BVK2,3.4687442921936706,60,256,0.23046875,0.08625142633846523,0.9137485736615347
liu2019-stress-free-period-map-v2,f0.2_chiN27,0.2,27.0,bvk2,BVK2,3.4687442921936706,61,256,0.234375,0.08927759010889047,0.9107224098911095
liu2019-stress-free-period-map-v2,f0.2_chiN27,0.2,27.0,bvk2,BVK2,3.4687442921936706,62,256,0.23828125,0.09247894986953457,0.9075210501304655
liu2019-stress-free-period-map-v2,f0.2_chiN27,0.2,27.0,bvk2,BVK2,3.4687442921936706,63,256,0.2421875,0.09586366380310692,0.904136336196893
liu2019-stress-free-period-map-v2,f0.2_chiN27,0.2,27.0,bvk2,BVK2,3.4687442921936706,64,256,0.24609375,0.09943990350964592,0.9005600964903541
liu2019-stress-free-period-map-v2,f0.2_chiN27,0.2,27.0,bvk2,BVK2,3.4687442921936706,65,256,0.25,0.1032157940563717,0.8967842059436283
liu2019-stress-free-period-map-v2,f0.2_chiN27,0.2,27.0,bvk2,BVK2,3.4687442921936706,66,256,0.25390625,0.10719934774318637,0.8928006522568136
liu2019-stress-free-period-map-v2,f0.2_chiN27,0.2,27.0,bvk2,BVK2,3.4687442921936706,67,256,0.2578125,0.11139839195767788,0.8886016080423221
liu2019-stress-free-period-map-v2,f0.2_chiN27,0.2,27.0,bvk2,BVK2,3.4687442921936706,68,256,0.26171875,0.11582049167512763,0.8841795083248724
liu2019-stress-free-period-map-v2,f0.2_chiN27,0.2,27.0,bvk2,BVK2,3.4687442921936706,69,256,0.265625,0.12047286734543111,0.8795271326545688
liu2019-stress-free-period-map-v2,f0.2_chiN27,0.2,27.0,bvk2,BVK2,3.4687442921936706,70,256,0.26953125,0.12536230909397447,0.8746376909060255
liu2019-stress-free-period-map-v2,f0.2_chiN27,0.2,27.0,bvk2,BVK2,3.4687442921936706,71,256,0.2734375,0.13049508834020912,0.8695049116597908
liu2019-stress-free-period-map-v2,f0.2_chiN27,0.2,27.0,bvk2,BVK2,3.4687442921936706,72,256,0.27734375,0.13587686809914104,0.864123131900859
liu2019-stress-free-period-map-v2,f0.2_chiN27,0.2,27.0,bvk2,BVK2,3.4687442921936706,73,256,0.28125,0.14151261336986437,0.8584873866301357
liu2019-stress-free-period-map-v2,f0.2_chiN27,0.2,27.0,bvk2,BVK2,3.4687442921936706,74,256,0.28515625,0.1474065031251337,0.8525934968748663
liu2019-stress-free-period-map-v2,f0.2_chiN27,0.2,27.0,bvk2,BVK2,3.4687442921936706,75,256,0.2890625,0.1535618454901324,0.8464381545098676
liu2019-stress-free-period-map-v2,f0.2_chiN27,0.2,27.0,bvk2,BVK2,3.4687442921936706,76,256,0.29296875,0.15998099773146662,0.8400190022685334
liu2019-stress-free-period-map-v2,f0.2_chiN27,0.2,27.0,bvk2,BVK2,3.4687442921936706,77,256,0.296875,0.16666529266323948,0.8333347073367605
liu2019-stress-free-period-map-v2,f0.2_chiN27,0.2,27.0,bvk2,BVK2,3.4687442921936706,78,256,0.30078125,0.1736149730112771,0.826385026988723
liu2019-stress-free-period-map-v2,f0.2_chiN27,0.2,27.0,bvk2,BVK2,3.4687442921936706,79,256,0.3046875,0.18082913515464372,0.8191708648453563
liu2019-stress-free-period-map-v2,f0.2_chiN27,0.2,27.0,bvk2,BVK2,3.4687442921936706,80,256,0.30859375,0.18830568348324342,0.8116943165167566
liu2019-stress-free-period-map-v2,f0.2_chiN27,0.2,27.0,bvk2,BVK2,3.4687442921936706,81,256,0.3125,0.19604129637139456,0.8039587036286054
liu2019-stress-free-period-map-v2,f0.2_chiN27,0.2,27.0,bvk2,BVK2,3.4687442921936706,82,256,0.31640625,0.20403140447582063,0.7959685955241793
liu2019-stress-free-period-map-v2,f0.2_chiN27,0.2,27.0,bvk2,BVK2,3.4687442921936706,83,256,0.3203125,0.2122701817362088,0.7877298182637912
liu2019-stress-free-period-map-v2,f0.2_chiN27,0.2,27.0,bvk2,BVK2,3.4687442921936706,84,256,0.32421875,0.22075054911414635,0.7792494508858536
liu2019-stress-free-period-map-v2,f0.2_chiN27,0.2,27.0,bvk2,BVK2,3.4687442921936706,85,256,0.328125,0.22946419079227726,0.7705358092077228
liu2019-stress-free-period-map-v2,f0.2_chiN27,0.2,27.0,bvk2,BVK2,3.4687442921936706,86,256,0.33203125,0.23840158232520323,0.7615984176747967
liu2019-stress-free-period-map-v2,f0.2_chiN27,0.2,27.0,bvk2,BVK2,3.4687442921936706,87,256,0.3359375,0.24755203014744778,0.7524479698525522
liu2019-stress-free-period-map-v2,f0.2_chiN27,0.2,27.0,bvk2,BVK2,3.4687442921936706,88,256,0.33984375,0.25690372195200867,0.7430962780479913
liu2019-stress-free-period-map-v2,f0.2_chiN27,0.2,27.0,bvk2,BVK2,3.4687442921936706,89,256,0.34375,0.2664437877639665,0.7335562122360335
liu2019-stress-free-period-map-v2,f0.2_chiN27,0.2,27.0,bvk2,BVK2,3.4687442921936706,90,256,0.34765625,0.2761583719762744,0.7238416280237256
liu2019-stress-free-period-map-v2,f0.2_chiN27,0.2,27.0,bvk2,BVK2,3.4687442921936706,91,256,0.3515625,0.2860327169958862,0.7139672830041137
liu2019-stress-free-period-map-v2,f0.2_chiN27,0.2,27.0,bvk2,BVK2,3.4687442921936706,92,256,0.35546875,0.29605125913248653,0.7039487408675135
liu2019-stress-free-period-map-v2,f0.2_chiN27,0.2,27.0,bvk2,BVK2,3.4687442921936706,93,256,0.359375,0.30619773649428134,0.6938022635057186
liu2019-stress-free-period-map-v2,f0.2_chiN27,0.2,27.0,bvk2,BVK2,3.4687442921936706,94,256,0.36328125,0.31645530646990355,0.6835446935300964
liu2019-stress-free-period-map-v2,f0.2_chiN27,0.2,27.0,bvk2,BVK2,3.4687442921936706,95,256,0.3671875,0.3268066666047947,0.6731933333952054
liu2019-stress-free-period-map-v2,f0.2_chiN27,0.2,27.0,bvk2,BVK2,3.4687442921936706,96,256,0.37109375,0.33723416756820906,0.6627658324317909
liu2019-stress-free-period-map-v2,f0.2_chiN27,0.2,27.0,bvk2,BVK2,3.4687442921936706,97,256,0.375,0.34771990154784094,0.6522800984521591
liu2019-stress-free-period-map-v2,f0.2_chiN27,0.2,27.0,bvk2,BVK2,3.4687442921936706,98,256,0.37890625,0.35824574597640385,0.6417542540235961
liu2019-stress-free-period-map-v2,f0.2_chiN27,0.2,27.0,bvk2,BVK2,3.4687442921936706,99,256,0.3828125,0.3687933441106931,0.6312066558893069
liu2019-stress-free-period-map-v2,f0.2_chiN27,0.2,27.0,bvk2,BVK2,3.4687442921936706,100,256,0.38671875,0.3793440139908765,0.6206559860091234
liu2019-stress-free-period-map-v2,f0.2_chiN27,0.2,27.0,bvk2,BVK2,3.4687442921936706,101,256,0.390625,0.38987859778720807,0.6101214022127919
liu2019-stress-free-period-map-v2,f0.2_chiN27,0.2,27.0,bvk2,BVK2,3.4687442921936706,102,256,0.39453125,0.4003772933048667,0.5996227066951333
liu2019-stress-free-period-map-v2,f0.2_chiN27,0.2,27.0,bvk2,BVK2,3.4687442921936706,103,256,0.3984375,0.41081954217160344,0.5891804578283966
liu2019-stress-free-period-map-v2,f0.2_chiN27,0.2,27.0,bvk2,BVK2,3.4687442921936706,104,256,0.40234375,0.4211840730528839,0.578815926947116
liu2019-stress-free-period-map-v2,f0.2_chiN27,0.2,27.0,bvk2,BVK2,3.4687442921936706,105,256,0.40625,0.43144919729013415,0.5685508027098658
liu2019-stress-free-period-map-v2,f0.2_chiN27,0.2,27.0,bvk2,BVK2,3.4687442921936706,106,256,0.41015625,0.44159341297639676,0.5584065870236032
liu2019-stress-free-period-map-v2,f0.2_chiN27,0.2,27.0,bvk2,BVK2,3.4687442921936706,107,256,0.4140625,0.45159628187216383,0.5484037181278362
liu2019-stress-free-period-map-v2,f0.2_chiN27,0.2,27.0,bvk2,BVK2,3.4687442921936706,108,256,0.41796875,0.46143940479852846,0.5385605952014716
liu2019-stress-free-period-map-v2,f0.2_chiN27,0.2,27.0,bvk2,BVK2,3.4687442921936706,109,256,0.421875,0.4711071605596524,0.5288928394403476
liu2019-stress-free-period-map-v2,f0.2_chiN27,0.2,27.0,bvk2,BVK2,3.4687442921936706,110,256,0.42578125,0.4805867504096637,0.5194132495903363
liu2019-stress-free-period-map-v2,f0.2_chiN27,0.2,27.0,bvk2,BVK2,3.4687442921936706,111,256,0.4296875,0.48986710325830285,0.5101328967416972
liu2019-stress-free-period-map-v2,f0.2_chiN27,0.2,27.0,bvk2,BVK2,3.4687442921936706,112,256,0.43359375,0.4989364570673537,0.5010635429326463
liu2019-stress-free-period-map-v2,f0.2_chiN27,0.2,27.0,bvk2,BVK2,3.4687442921936706,113,256,0.4375,0.5077789697345989,0.4922210302654011
liu2019-stress-free-period-map-v2,f0.2_chiN27,0.2,27.0,bvk2,BVK2,3.4687442921936706,114,256,0.44140625,0.516371339849568,0.48362866015043204
liu2019-stress-free-period-map-v2,f0.2_chiN27,0.2,27.0,bvk2,BVK2,3.4687442921936706,115,256,0.4453125,0.5246807048531217,0.4753192951468783
liu2019-stress-free-period-map-v2,f0.2_chiN27,0.2,27.0,bvk2,BVK2,3.4687442921936706,116,256,0.44921875,0.532664673097454,0.467335326902546
liu2019-stress-free-period-map-v2,f0.2_chiN27,0.2,27.0,bvk2,BVK2,3.4687442921936706,117,256,0.453125,0.5402734203030043,0.4597265796969957
liu2019-stress-free-period-map-v2,f0.2_chiN27,0.2,27.0,bvk2,BVK2,3.4687442921936706,118,256,0.45703125,0.5474530132824635,0.45254698671753646
liu2019-stress-free-period-map-v2,f0.2_chiN27,0.2,27.0,bvk2,BVK2,3.4687442921936706,119,256,0.4609375,0.5541489722898892,0.44585102771011076
liu2019-stress-free-period-map-v2,f0.2_chiN27,0.2,27.0,bvk2,BVK2,3.4687442921936706,120,256,0.46484375,0.5603093865055959,0.4396906134944041
liu2019-stress-free-period-map-v2,f0.2_chiN27,0.2,27.0,bvk2,BVK2,3.4687442921936706,121,256,0.46875,0.5658872597944993,0.4341127402055007
liu2019-stress-free-period-map-v2,f0.2_chiN27,0.2,27.0,bvk2,BVK2,3.4687442921936706,122,256,0.47265625,0.5708420001230743,0.4291579998769257
liu2019-stress-free-period-map-v2,f0.2_chiN27,0.2,27.0,bvk2,BVK2,3.4687442921936706,123,256,0.4765625,0.5751400956545069,0.42485990434549314
liu2019-stress-free-period-map-v2,f0.2_chiN27,0.2,27.0,bvk2,BVK2,3.4687442921936706,124,256,0.48046875,0.5787550987699953,0.4212449012300047
liu2019-stress-free-period-map-v2,f0.2_chiN27,0.2,27.0,bvk2,BVK2,3.4687442921936706,125,256,0.484375,0.5816670897575408,0.4183329102424592
liu2019-stress-free-period-map-v2,f0.2_chiN27,0.2,27.0,bvk2,BVK2,3.4687442921936706,126,256,0.48828125,0.5838618185404001,0.4161381814595999
liu2019-stress-free-period-map-v2,f0.2_chiN27,0.2,27.0,bvk2,BVK2,3.4687442921936706,127,256,0.4921875,0.585329726267568,0.41467027373243204
liu2019-stress-free-period-map-v2,f0.2_chiN27,0.2,27.0,bvk2,BVK2,3.4687442921936706,128,256,0.49609375,0.5860650313994225,0.41393496860057755
liu2019-stress-free-period-map-v2,f0.2_chiN27,0.2,27.0,bvk2,BVK2,3.4687442921936706,129,256,0.5,0.5860650313994225,0.41393496860057755
liu2019-stress-free-period-map-v2,f0.2_chiN27,0.2,27.0,bvk2,BVK2,3.4687442921936706,130,256,0.50390625,0.585329726267568,0.41467027373243204
liu2019-stress-free-period-map-v2,f0.2_chiN27,0.2,27.0,bvk2,BVK2,3.4687442921936706,131,256,0.5078125,0.5838618185404001,0.4161381814595999
liu2019-stress-free-period-map-v2,f0.2_chiN27,0.2,27.0,bvk2,BVK2,3.4687442921936706,132,256,0.51171875,0.581667089757541,0.418332910242459
liu2019-stress-free-period-map-v2,f0.2_chiN27,0.2,27.0,bvk2,BVK2,3.4687442921936706,133,256,0.515625,0.5787550987699953,0.4212449012300047
liu2019-stress-free-period-map-v2,f0.2_chiN27,0.2,27.0,bvk2,BVK2,3.4687442921936706,134,256,0.51953125,0.5751400956545069,0.42485990434549314
liu2019-stress-free-period-map-v2,f0.2_chiN27,0.2,27.0,bvk2,BVK2,3.4687442921936706,135,256,0.5234375,0.5708420001230743,0.4291579998769257
liu2019-stress-free-period-map-v2,f0.2_chiN27,0.2,27.0,bvk2,BVK2,3.4687442921936706,136,256,0.52734375,0.5658872597944995,0.4341127402055005
liu2019-stress-free-period-map-v2,f0.2_chiN27,0.2,27.0,bvk2,BVK2,3.4687442921936706,137,256,0.53125,0.5603093865055959,0.4396906134944041
liu2019-stress-free-period-map-v2,f0.2_chiN27,0.2,27.0,bvk2,BVK2,3.4687442921936706,138,256,0.53515625,0.5541489722898895,0.44585102771011054
liu2019-stress-free-period-map-v2,f0.2_chiN27,0.2,27.0,bvk2,BVK2,3.4687442921936706,139,256,0.5390625,0.5474530132824638,0.45254698671753624
liu2019-stress-free-period-map-v2,f0.2_chiN27,0.2,27.0,bvk2,BVK2,3.4687442921936706,140,256,0.54296875,0.5402734203030046,0.4597265796969954
liu2019-stress-free-period-map-v2,f0.2_chiN27,0.2,27.0,bvk2,BVK2,3.4687442921936706,141,256,0.546875,0.5326646730974541,0.46733532690254587
liu2019-stress-free-period-map-v2,f0.2_chiN27,0.2,27.0,bvk2,BVK2,3.4687442921936706,142,256,0.55078125,0.5246807048531217,0.4753192951468783
liu2019-stress-free-period-map-v2,f0.2_chiN27,0.2,27.0,bvk2,BVK2,3.4687442921936706,143,256,0.5546875,0.516371339849568,0.48362866015043204
liu2019-stress-free-period-map-v2,f0.2_chiN27,0.2,27.0,bvk2,BVK2,3.4687442921936706,144,256,0.55859375,0.5077789697345991,0.49222103026540087
liu2019-stress-free-period-map-v2,f0.2_chiN27,0.2,27.0,bvk2,BVK2,3.4687442921936706,145,256,0.5625,0.49893645706735384,0.5010635429326462
liu2019-stress-free-period-map-v2,f0.2_chiN27,0.2,27.0,bvk2,BVK2,3.4687442921936706,146,256,0.56640625,0.48986710325830285,0.5101328967416972
liu2019-stress-free-period-map-v2,f0.2_chiN27,0.2,27.0,bvk2,BVK2,3.4687442921936706,147,256,0.5703125,0.48058675040966387,0.5194132495903361
liu2019-stress-free-period-map-v2,f0.2_chiN27,0.2,27.0,bvk2,BVK2,3.4687442921936706,148,256,0.57421875,0.47110716055965257,0.5288928394403474
liu2019-stress-free-period-map-v2,f0.2_chiN27,0.2,27.0,bvk2,BVK2,3.4687442921936706,149,256,0.578125,0.46143940479852846,0.5385605952014716
liu2019-stress-free-period-map-v2,f0.2_chiN27,0.2,27.0,bvk2,BVK2,3.4687442921936706,150,256,0.58203125,0.45159628187216383,0.5484037181278362
liu2019-stress-free-period-map-v2,f0.2_chiN27,0.2,27.0,bvk2,BVK2,3.4687442921936706,151,256,0.5859375,0.44159341297639687,0.5584065870236031
liu2019-stress-free-period-map-v2,f0.2_chiN27,0.2,27.0,bvk2,BVK2,3.4687442921936706,152,256,0.58984375,0.4314491972901344,0.5685508027098656
liu2019-stress-free-period-map-v2,f0.2_chiN27,0.2,27.0,bvk2,BVK2,3.4687442921936706,153,256,0.59375,0.4211840730528841,0.5788159269471159
liu2019-stress-free-period-map-v2,f0.2_chiN27,0.2,27.0,bvk2,BVK2,3.4687442921936706,154,256,0.59765625,0.41081954217160355,0.5891804578283965
liu2019-stress-free-period-map-v2,f0.2_chiN27,0.2,27.0,bvk2,BVK2,3.4687442921936706,155,256,0.6015625,0.4003772933048667,0.5996227066951333
liu2019-stress-free-period-map-v2,f0.2_chiN27,0.2,27.0,bvk2,BVK2,3.4687442921936706,156,256,0.60546875,0.38987859778720824,0.6101214022127918
liu2019-stress-free-period-map-v2,f0.2_chiN27,0.2,27.0,bvk2,BVK2,3.4687442921936706,157,256,0.609375,0.37934401399087664,0.6206559860091234
liu2019-stress-free-period-map-v2,f0.2_chiN27,0.2,27.0,bvk2,BVK2,3.4687442921936706,158,256,0.61328125,0.3687933441106931,0.6312066558893069
liu2019-stress-free-period-map-v2,f0.2_chiN27,0.2,27.0,bvk2,BVK2,3.4687442921936706,159,256,0.6171875,0.35824574597640396,0.6417542540235961
liu2019-stress-free-period-map-v2,f0.2_chiN27,0.2,27.0,bvk2,BVK2,3.4687442921936706,160,256,0.62109375,0.34771990154784105,0.652280098452159
liu2019-stress-free-period-map-v2,f0.2_chiN27,0.2,27.0,bvk2,BVK2,3.4687442921936706,161,256,0.625,0.33723416756820906,0.6627658324317909
liu2019-stress-free-period-map-v2,f0.2_chiN27,0.2,27.0,bvk2,BVK2,3.4687442921936706,162,256,0.62890625,0.3268066666047948,0.6731933333952052
liu2019-stress-free-period-map-v2,f0.2_chiN27,0.2,27.0,bvk2,BVK2,3.4687442921936706,163,256,0.6328125,0.31645530646990366,0.6835446935300964
liu2019-stress-free-period-map-v2,f0.2_chiN27,0.2,27.0,bvk2,BVK2,3.4687442921936706,164,256,0.63671875,0.30619773649428134,0.6938022635057186
liu2019-stress-free-period-map-v2,f0.2_chiN27,0.2,27.0,bvk2,BVK2,3.4687442921936706,165,256,0.640625,0.2960512591324867,0.7039487408675134
liu2019-stress-free-period-map-v2,f0.2_chiN27,0.2,27.0,bvk2,BVK2,3.4687442921936706,166,256,0.64453125,0.28603271699588634,0.7139672830041137
liu2019-stress-free-period-map-v2,f0.2_chiN27,0.2,27.0,bvk2,BVK2,3.4687442921936706,167,256,0.6484375,0.2761583719762747,0.7238416280237253
liu2019-stress-free-period-map-v2,f0.2_chiN27,0.2,27.0,bvk2,BVK2,3.4687442921936706,168,256,0.65234375,0.2664437877639665,0.7335562122360335
liu2019-stress-free-period-map-v2,f0.2_chiN27,0.2,27.0,bvk2,BVK2,3.4687442921936706,169,256,0.65625,0.2569037219520088,0.7430962780479913
liu2019-stress-free-period-map-v2,f0.2_chiN27,0.2,27.0,bvk2,BVK2,3.4687442921936706,170,256,0.66015625,0.24755203014744806,0.7524479698525519
liu2019-stress-free-period-map-v2,f0.2_chiN27,0.2,27.0,bvk2,BVK2,3.4687442921936706,171,256,0.6640625,0.2384015823252035,0.7615984176747965
liu2019-stress-free-period-map-v2,f0.2_chiN27,0.2,27.0,bvk2,BVK2,3.4687442921936706,172,256,0.66796875,0.2294641907922772,0.7705358092077228
liu2019-stress-free-period-map-v2,f0.2_chiN27,0.2,27.0,bvk2,BVK2,3.4687442921936706,173,256,0.671875,0.2207505491141463,0.7792494508858537
liu2019-stress-free-period-map-v2,f0.2_chiN27,0.2,27.0,bvk2,BVK2,3.4687442921936706,174,256,0.67578125,0.21227018173620885,0.7877298182637912
liu2019-stress-free-period-map-v2,f0.2_chiN27,0.2,27.0,bvk2,BVK2,3.4687442921936706,175,256,0.6796875,0.2040314044758207,0.7959685955241793
liu2019-stress-free-period-map-v2,f0.2_chiN27,0.2,27.0,bvk2,BVK2,3.4687442921936706,176,256,0.68359375,0.1960412963713946,0.8039587036286053
liu2019-stress-free-period-map-v2,f0.2_chiN27,0.2,27.0,bvk2,BVK2,3.4687442921936706,177,256,0.6875,0.1883056834832435,0.8116943165167565
liu2019-stress-free-period-map-v2,f0.2_chiN27,0.2,27.0,bvk2,BVK2,3.4687442921936706,178,256,0.69140625,0.1808291351546439,0.8191708648453561
liu2019-stress-free-period-map-v2,f0.2_chiN27,0.2,27.0,bvk2,BVK2,3.4687442921936706,179,256,0.6953125,0.17361497301127723,0.8263850269887227
liu2019-stress-free-period-map-v2,f0.2_chiN27,0.2,27.0,bvk2,BVK2,3.4687442921936706,180,256,0.69921875,0.16666529266323962,0.8333347073367604
liu2019-stress-free-period-map-v2,f0.2_chiN27,0.2,27.0,bvk2,BVK2,3.4687442921936706,181,256,0.703125,0.15998099773146685,0.8400190022685332
liu2019-stress-free-period-map-v2,f0.2_chiN27,0.2,27.0,bvk2,BVK2,3.4687442921936706,182,256,0.70703125,0.15356184549013235,0.8464381545098676
liu2019-stress-free-period-map-v2,f0.2_chiN27,0.2,27.0,bvk2,BVK2,3.4687442921936706,183,256,0.7109375,0.14740650312513362,0.8525934968748664
liu2019-stress-free-period-map-v2,f0.2_chiN27,0.2,27.0,bvk2,BVK2,3.4687442921936706,184,256,0.71484375,0.14151261336986437,0.8584873866301357
liu2019-stress-free-period-map-v2,f0.2_chiN27,0.2,27.0,bvk2,BVK2,3.4687442921936706,185,256,0.71875,0.1358768680991411,0.8641231319008589
liu2019-stress-free-period-map-v2,f0.2_chiN27,0.2,27.0,bvk2,BVK2,3.4687442921936706,186,256,0.72265625,0.13049508834020918,0.8695049116597908
liu2019-stress-free-period-map-v2,f0.2_chiN27,0.2,27.0,bvk2,BVK2,3.4687442921936706,187,256,0.7265625,0.12536230909397453,0.8746376909060255
liu2019-stress-free-period-map-v2,f0.2_chiN27,0.2,27.0,bvk2,BVK2,3.4687442921936706,188,256,0.73046875,0.1204728673454312,0.8795271326545688
liu2019-stress-free-period-map-v2,f0.2_chiN27,0.2,27.0,bvk2,BVK2,3.4687442921936706,189,256,0.734375,0.11582049167512774,0.8841795083248722
liu2019-stress-free-period-map-v2,f0.2_chiN27,0.2,27.0,bvk2,BVK2,3.4687442921936706,190,256,0.73828125,0.11139839195767796,0.888601608042322
liu2019-stress-free-period-map-v2,f0.2_chiN27,0.2,27.0,bvk2,BVK2,3.4687442921936706,191,256,0.7421875,0.10719934774318648,0.8928006522568135
liu2019-stress-free-period-map-v2,f0.2_chiN27,0.2,27.0,bvk2,BVK2,3.4687442921936706,192,256,0.74609375,0.10321579405637177,0.8967842059436282
liu2019-stress-free-period-map-v2,f0.2_chiN27,0.2,27.0,bvk2,BVK2,3.4687442921936706,193,256,0.75,0.09943990350964585,0.9005600964903542
liu2019-stress-free-period-map-v2,f0.2_chiN27,0.2,27.0,bvk2,BVK2,3.4687442921936706,194,256,0.75390625,0.09586366380310689,0.9041363361968932
liu2019-stress-free-period-map-v2,f0.2_chiN27,0.2,27.0,bvk2,BVK2,3.4687442921936706,195,256,0.7578125,0.09247894986953455,0.9075210501304655
liu2019-stress-free-period-map-v2,f0.2_chiN27,0.2,27.0,bvk2,BVK2,3.4687442921936706,196,256,0.76171875,0.08927759010889047,0.9107224098911095
liu2019-stress-free-period-map-v2,f0.2_chiN27,0.2,27.0,bvk2,BVK2,3.4687442921936706,197,256,0.765625,0.08625142633846526,0.9137485736615347
liu2019-stress-free-period-map-v2,f0.2_chiN27,0.2,27.0,bvk2,BVK2,3.4687442921936706,198,256,0.76953125,0.08339236725587118,0.9166076327441288
liu2019-stress-free-period-map-v2,f0.2_chiN27,0.2,27.0,bvk2,BVK2,3.4687442921936706,199,256,0.7734375,0.08069243536824482,0.9193075646317552
liu2019-stress-free-period-map-v2,f0.2_chiN27,0.2,27.0,bvk2,BVK2,3.4687442921936706,200,256,0.77734375,0.07814380747863449,0.9218561925213655
liu2019-stress-free-period-map-v2,f0.2_chiN27,0.2,27.0,bvk2,BVK2,3.4687442921936706,201,256,0.78125,0.07573884893759444,0.9242611510624056
liu2019-stress-free-period-map-v2,f0.2_chiN27,0.2,27.0,bvk2,BVK2,3.4687442921936706,202,256,0.78515625,0.07347014196318019,0.9265298580368198
liu2019-stress-free-period-map-v2,f0.2_chiN27,0.2,27.0,bvk2,BVK2,3.4687442921936706,203,256,0.7890625,0.07133050840603326,0.9286694915939667
liu2019-stress-free-period-map-v2,f0.2_chiN27,0.2,27.0,bvk2,BVK2,3.4687442921936706,204,256,0.79296875,0.06931302738876172,0.9306869726112383
liu2019-stress-free-period-map-v2,f0.2_chiN27,0.2,27.0,bvk2,BVK2,3.4687442921936706,205,256,0.796875,0.06741104828217705,0.932588951717823
liu2019-stress-free-period-map-v2,f0.2_chiN27,0.2,27.0,bvk2,BVK2,3.4687442921936706,206,256,0.80078125,0.06561819949714241,0.9343818005028576
liu2019-stress-free-period-map-v2,f0.2_chiN27,0.2,27.0,bvk2,BVK2,3.4687442921936706,207,256,0.8046875,0.063928393572488,0.936071606427512
liu2019-stress-free-period-map-v2,f0.2_chiN27,0.2,27.0,bvk2,BVK2,3.4687442921936706,208,256,0.80859375,0.06233582902913888,0.9376641709708611
liu2019-stress-free-period-map-v2,f0.2_chiN27,0.2,27.0,bvk2,BVK2,3.4687442921936706,209,256,0.8125,0.060834989441077715,0.9391650105589223
liu2019-stress-free-period-map-v2,f0.2_chiN27,0.2,27.0,bvk2,BVK2,3.4687442921936706,210,256,0.81640625,0.059420640147337854,0.9405793598526622
liu2019-stress-free-period-map-v2,f0.2_chiN27,0.2,27.0,bvk2,BVK2,3.4687442921936706,211,256,0.8203125,0.05808782299829139,0.9419121770017086
liu2019-stress-free-period-map-v2,f0.2_chiN27,0.2,27.0,bvk2,BVK2,3.4687442921936706,212,256,0.82421875,0.056831849495812235,0.9431681505041878
liu2019-stress-free-period-map-v2,f0.2_chiN27,0.2,27.0,bvk2,BVK2,3.4687442921936706,213,256,0.828125,0.05564829265218957,0.9443517073478105
liu2019-stress-free-period-map-v2,f0.2_chiN27,0.2,27.0,bvk2,BVK2,3.4687442921936706,214,256,0.83203125,0.05453297785802997,0.94546702214197
liu2019-stress-free-period-map-v2,f0.2_chiN27,0.2,27.0,bvk2,BVK2,3.4687442921936706,215,256,0.8359375,0.05348197301586196,0.946518026984138
liu2019-stress-free-period-map-v2,f0.2_chiN27,0.2,27.0,bvk2,BVK2,3.4687442921936706,216,256,0.83984375,0.0524915781642426,0.9475084218357575
liu2019-stress-free-period-map-v2,f0.2_chiN27,0.2,27.0,bvk2,BVK2,3.4687442921936706,217,256,0.84375,0.0515583147873756,0.9484416852126244
liu2019-stress-free-period-map-v2,f0.2_chiN27,0.2,27.0,bvk2,BVK2,3.4687442921936706,218,256,0.84765625,0.050678914977662484,0.9493210850223375
liu2019-stress-free-period-map-v2,f0.2_chiN27,0.2,27.0,bvk2,BVK2,3.4687442921936706,219,256,0.8515625,0.049850310593399755,0.9501496894066003
liu2019-stress-free-period-map-v2,f0.2_chiN27,0.2,27.0,bvk2,BVK2,3.4687442921936706,220,256,0.85546875,0.04906962253087064,0.9509303774691293
liu2019-stress-free-period-map-v2,f0.2_chiN27,0.2,27.0,bvk2,BVK2,3.4687442921936706,221,256,0.859375,0.04833415020936971,0.9516658497906303
liu2019-stress-free-period-map-v2,f0.2_chiN27,0.2,27.0,bvk2,BVK2,3.4687442921936706,222,256,0.86328125,0.04764136134902761,0.9523586386509724
liu2019-stress-free-period-map-v2,f0.2_chiN27,0.2,27.0,bvk2,BVK2,3.4687442921936706,223,256,0.8671875,0.04698888210464798,0.953011117895352
liu2019-stress-free-period-map-v2,f0.2_chiN27,0.2,27.0,bvk2,BVK2,3.4687442921936706,224,256,0.87109375,0.04637448760390526,0.9536255123960947
liu2019-stress-free-period-map-v2,f0.2_chiN27,0.2,27.0,bvk2,BVK2,3.4687442921936706,225,256,0.875,0.04579609292516728,0.9542039070748327
liu2019-stress-free-period-map-v2,f0.2_chiN27,0.2,27.0,bvk2,BVK2,3.4687442921936706,226,256,0.87890625,0.04525174453870385,0.9547482554612962
liu2019-stress-free-period-map-v2,f0.2_chiN27,0.2,27.0,bvk2,BVK2,3.4687442921936706,227,256,0.8828125,0.044739612225113856,0.9552603877748862
liu2019-stress-free-period-map-v2,f0.2_chiN27,0.2,27.0,bvk2,BVK2,3.4687442921936706,228,256,0.88671875,0.04425798147628134,0.9557420185237187
liu2019-stress-free-period-map-v2,f0.2_chiN27,0.2,27.0,bvk2,BVK2,3.4687442921936706,229,256,0.890625,0.043805246377033064,0.9561947536229669
liu2019-stress-free-period-map-v2,f0.2_chiN27,0.2,27.0,bvk2,BVK2,3.4687442921936706,230,256,0.89453125,0.043379902959765605,0.9566200970402344
liu2019-stress-free-period-map-v2,f0.2_chiN27,0.2,27.0,bvk2,BVK2,3.4687442921936706,231,256,0.8984375,0.04298054301959485,0.9570194569804051
liu2019-stress-free-period-map-v2,f0.2_chiN27,0.2,27.0,bvk2,BVK2,3.4687442921936706,232,256,0.90234375,0.04260584837390506,0.957394151626095
liu2019-stress-free-period-map-v2,f0.2_chiN27,0.2,27.0,bvk2,BVK2,3.4687442921936706,233,256,0.90625,0.042254585547473585,0.9577454144525264
liu2019-stress-free-period-map-v2,f0.2_chiN27,0.2,27.0,bvk2,BVK2,3.4687442921936706,234,256,0.91015625,0.04192560086246915,0.9580743991375309
liu2019-stress-free-period-map-v2,f0.2_chiN27,0.2,27.0,bvk2,BVK2,3.4687442921936706,235,256,0.9140625,0.04161781591149873,0.9583821840885013
liu2019-stress-free-period-map-v2,f0.2_chiN27,0.2,27.0,bvk2,BVK2,3.4687442921936706,236,256,0.91796875,0.04133022339134626,0.9586697766086537
liu2019-stress-free-period-map-v2,f0.2_chiN27,0.2,27.0,bvk2,BVK2,3.4687442921936706,237,256,0.921875,0.041061883275058525,0.9589381167249414
liu2019-stress-free-period-map-v2,f0.2_chiN27,0.2,27.0,bvk2,BVK2,3.4687442921936706,238,256,0.92578125,0.04081191930042883,0.9591880806995712
liu2019-stress-free-period-map-v2,f0.2_chiN27,0.2,27.0,bvk2,BVK2,3.4687442921936706,239,256,0.9296875,0.040579515753667555,0.9594204842463324
liu2019-stress-free-period-map-v2,f0.2_chiN27,0.2,27.0,bvk2,BVK2,3.4687442921936706,240,256,0.93359375,0.04036391452800222,0.9596360854719977
liu2019-stress-free-period-map-v2,f0.2_chiN27,0.2,27.0,bvk2,BVK2,3.4687442921936706,241,256,0.9375,0.040164412438092406,0.9598355875619076
liu2019-stress-free-period-map-v2,f0.2_chiN27,0.2,27.0,bvk2,BVK2,3.4687442921936706,242,256,0.94140625,0.039980358772364125,0.9600196412276358
liu2019-stress-free-period-map-v2,f0.2_chiN27,0.2,27.0,bvk2,BVK2,3.4687442921936706,243,256,0.9453125,0.0398111530666717,0.9601888469333283
liu2019-stress-free-period-map-v2,f0.2_chiN27,0.2,27.0,bvk2,BVK2,3.4687442921936706,244,256,0.94921875,0.03965624308398976,0.9603437569160103
liu2019-stress-free-period-map-v2,f0.2_chiN27,0.2,27.0,bvk2,BVK2,3.4687442921936706,245,256,0.953125,0.03951512298613876,0.9604848770138612
liu2019-stress-free-period-map-v2,f0.2_chiN27,0.2,27.0,bvk2,BVK2,3.4687442921936706,246,256,0.95703125,0.03938733168479791,0.9606126683152021
liu2019-stress-free-period-map-v2,f0.2_chiN27,0.2,27.0,bvk2,BVK2,3.4687442921936706,247,256,0.9609375,0.0392724513602785,0.9607275486397215
liu2019-stress-free-period-map-v2,f0.2_chiN27,0.2,27.0,bvk2,BVK2,3.4687442921936706,248,256,0.96484375,0.039170106137677935,0.9608298938623221
liu2019-stress-free-period-map-v2,f0.2_chiN27,0.2,27.0,bvk2,BVK2,3.4687442921936706,249,256,0.96875,0.03907996091113799,0.960920039088862
liu2019-stress-free-period-map-v2,f0.2_chiN27,0.2,27.0,bvk2,BVK2,3.4687442921936706,250,256,0.97265625,0.0390017203079623,0.9609982796920377
liu2019-stress-free-period-map-v2,f0.2_chiN27,0.2,27.0,bvk2,BVK2,3.4687442921936706,251,256,0.9765625,0.038935127785336476,0.9610648722146635
liu2019-stress-free-period-map-v2,f0.2_chiN27,0.2,27.0,bvk2,BVK2,3.4687442921936706,252,256,0.98046875,0.0388799648533205,0.9611200351466795
liu2019-stress-free-period-map-v2,f0.2_chiN27,0.2,27.0,bvk2,BVK2,3.4687442921936706,253,256,0.984375,0.038836050418674474,0.9611639495813256
liu2019-stress-free-period-map-v2,f0.2_chiN27,0.2,27.0,bvk2,BVK2,3.4687442921936706,254,256,0.98828125,0.03880324024492001,0.96119675975508
liu2019-stress-free-period-map-v2,f0.2_chiN27,0.2,27.0,bvk2,BVK2,3.4687442921936706,255,256,0.9921875,0.03878142652485952,0.9612185734751405
liu2019-stress-free-period-map-v2,f0.2_chiN27,0.2,27.0,bvk2,BVK2,3.4687442921936706,256,256,0.99609375,0.03877053756255718,0.9612294624374428
liu2019-stress-free-period-map-v2,f0.2_chiN27,0.2,27.0,ohta_kawasaki,Ohta-Kawasaki (recomputed),3.0373409100182407,1,128,0.0,0.6754535268682931,0.3245464731317069
liu2019-stress-free-period-map-v2,f0.2_chiN27,0.2,27.0,ohta_kawasaki,Ohta-Kawasaki (recomputed),3.0373409100182407,2,128,0.0078125,0.6748309091587388,0.3251690908412612
liu2019-stress-free-period-map-v2,f0.2_chiN27,0.2,27.0,ohta_kawasaki,Ohta-Kawasaki (recomputed),3.0373409100182407,3,128,0.015625,0.6729639171011171,0.32703608289888286
liu2019-stress-free-period-map-v2,f0.2_chiN27,0.2,27.0,ohta_kawasaki,Ohta-Kawasaki (recomputed),3.0373409100182407,4,128,0.0234375,0.6698551663065828,0.3301448336934172
liu2019-stress-free-period-map-v2,f0.2_chiN27,0.2,27.0,ohta_kawasaki,Ohta-Kawasaki (recomputed),3.0373409100182407,5,128,0.03125,0.6655091201193739,0.3344908798806261
liu2019-stress-free-period-map-v2,f0.2_chiN27,0.2,27.0,ohta_kawasaki,Ohta-Kawasaki (recomputed),3.0373409100182407,6,128,0.0390625,0.6599322411370891,0.34006775886291085
liu2019-stress-free-period-map-v2,f0.2_chiN27,0.2,27.0,ohta_kawasaki,Ohta-Kawasaki (recomputed),3.0373409100182407,7,128,0.046875,0.6531331962500388,0.34686680374996115
liu2019-stress-free-period-map-v2,f0.2_chiN27,0.2,27.0,ohta_kawasaki,Ohta-Kawasaki (recomputed),3.0373409100182407,8,128,0.0546875,0.645123115369234,0.35487688463076605
liu2019-stress-free-period-map-v2,f0.2_chiN27,0.2,27.0,ohta_kawasaki,Ohta-Kawasaki (recomputed),3.0373409100182407,9,128,0.0625,0.6359158853646023,0.3640841146353977
liu2019-stress-free-period-map-v2,f0.2_chiN27,0.2,27.0,ohta_kawasaki,Ohta-Kawasaki (recomputed),3.0373409100182407,10,128,0.0703125,0.6255284761407272,0.37447152385927285
liu2019-stress-free-period-map-v2,f0.2_chiN27,0.2,27.0,ohta_kawasaki,Ohta-Kawasaki (recomputed),3.0373409100182407,11,128,0.078125,0.6139812914220335,0.3860187085779665
liu2019-stress-free-period-map-v2,f0.2_chiN27,0.2,27.0,ohta_kawasaki,Ohta-Kawasaki (recomputed),3.0373409100182407,12,128,0.0859375,0.6012985210730684,0.39870147892693164
liu2019-stress-free-period-map-v2,f0.2_chiN27,0.2,27.0,ohta_kawasaki,Ohta-Kawasaki (recomputed),3.0373409100182407,13,128,0.09375,0.5875084944515786,0.4124915055484214
liu2019-stress-free-period-map-v2,f0.2_chiN27,0.2,27.0,ohta_kawasaki,Ohta-Kawasaki (recomputed),3.0373409100182407,14,128,0.1015625,0.5726440035584606,0.42735599644153943
liu2019-stress-free-period-map-v2,f0.2_chiN27,0.2,27.0,ohta_kawasaki,Ohta-Kawasaki (recomputed),3.0373409100182407,15,128,0.109375,0.5567426039561856,0.4432573960438144
liu2019-stress-free-period-map-v2,f0.2_chiN27,0.2,27.0,ohta_kawasaki,Ohta-Kawasaki (recomputed),3.0373409100182407,16,128,0.1171875,0.539846852752102,0.460153147247898
liu2019-stress-free-period-map-v2,f0.2_chiN27,0.2,27.0,ohta_kawasaki,Ohta-Kawasaki (recomputed),3.0373409100182407,17,128,0.125,0.5220044892266416,0.47799551077335845
liu2019-stress-free-period-map-v2,f0.2_chiN27,0.2,27.0,ohta_kawasaki,Ohta-Kawasaki (recomputed),3.0373409100182407,18,128,0.1328125,0.5032685278860557,0.4967314721139443
liu2019-stress-free-period-map-v2,f0.2_chiN27,0.2,27.0,ohta_kawasaki,Ohta-Kawasaki (recomputed),3.0373409100182407,19,128,0.140625,0.483697272744646,0.516302727255354
liu2019-stress-free-period-map-v2,f0.2_chiN27,0.2,27.0,ohta_kawasaki,Ohta-Kawasaki (recomputed),3.0373409100182407,20,128,0.1484375,0.4633542129397862,0.5366457870602138
liu2019-stress-free-period-map-v2,f0.2_chiN27,0.2,27.0,ohta_kawasaki,Ohta-Kawasaki (recomputed),3.0373409100182407,21,128,0.15625,0.44230782610786024,0.5576921738921398
liu2019-stress-free-period-map-v2,f0.2_chiN27,0.2,27.0,ohta_kawasaki,Ohta-Kawasaki (recomputed),3.0373409100182407,22,128,0.1640625,0.4206312555288072,0.5793687444711928
liu2019-stress-free-period-map-v2,f0.2_chiN27,0.2,27.0,ohta_kawasaki,Ohta-Kawasaki (recomputed),3.0373409100182407,23,128,0.171875,0.39840188930770803,0.601598110692292
liu2019-stress-free-period-map-v2,f0.2_chiN27,0.2,27.0,ohta_kawasaki,Ohta-Kawasaki (recomputed),3.0373409100182407,24,128,0.1796875,0.37570081438265546,0.6242991856173445
liu2019-stress-free-period-map-v2,f0.2_chiN27,0.2,27.0,ohta_kawasaki,Ohta-Kawasaki (recomputed),3.0373409100182407,25,128,0.1875,0.3526121868688459,0.6473878131311541
liu2019-stress-free-period-map-v2,f0.2_chiN27,0.2,27.0,ohta_kawasaki,Ohta-Kawasaki (recomputed),3.0373409100182407,26,128,0.1953125,0.32922250361758915,0.6707774963824109
liu2019-stress-free-period-map-v2,f0.2_chiN27,0.2,27.0,ohta_kawasaki,Ohta-Kawasaki (recomputed),3.0373409100182407,27,128,0.203125,0.30561980727098914,0.6943801927290109
liu2019-stress-free-period-map-v2,f0.2_chiN27,0.2,27.0,ohta_kawasaki,Ohta-Kawasaki (recomputed),3.0373409100182407,28,128,0.2109375,0.28189283522756886,0.7181071647724311
liu2019-stress-free-period-map-v2,f0.2_chiN27,0.2,27.0,ohta_kawasaki,Ohta-Kawasaki (recomputed),3.0373409100182407,29,128,0.21875,0.2581301402023243,0.7418698597976757
liu2019-stress-free-period-map-v2,f0.2_chiN27,0.2,27.0,ohta_kawasaki,Ohta-Kawasaki (recomputed),3.0373409100182407,30,128,0.2265625,0.23441919664111846,0.7655808033588816
liu2019-stress-free-period-map-v2,f0.2_chiN27,0.2,27.0,ohta_kawasaki,Ohta-Kawasaki (recomputed),3.0373409100182407,31,128,0.234375,0.21084552719593466,0.7891544728040654
liu2019-stress-free-period-map-v2,f0.2_chiN27,0.2,27.0,ohta_kawasaki,Ohta-Kawasaki (recomputed),3.0373409100182407,32,128,0.2421875,0.18749186056680656,0.8125081394331934
liu2019-stress-free-period-map-v2,f0.2_chiN27,0.2,27.0,ohta_kawasaki,Ohta-Kawasaki (recomputed),3.0373409100182407,33,128,0.25,0.16443735089176148,0.8355626491082385
liu2019-stress-free-period-map-v2,f0.2_chiN27,0.2,27.0,ohta_kawasaki,Ohta-Kawasaki (recomputed),3.0373409100182407,34,128,0.2578125,0.14175686848488644,0.8582431315151136
liu2019-stress-free-period-map-v2,f0.2_chiN27,0.2,27.0,ohta_kawasaki,Ohta-Kawasaki (recomputed),3.0373409100182407,35,128,0.265625,0.11952039067810685,0.8804796093218932
liu2019-stress-free-period-map-v2,f0.2_chiN27,0.2,27.0,ohta_kawasaki,Ohta-Kawasaki (recomputed),3.0373409100182407,36,128,0.2734375,0.09779248653584333,0.9022075134641567
liu2019-stress-free-period-map-v2,f0.2_chiN27,0.2,27.0,ohta_kawasaki,Ohta-Kawasaki (recomputed),3.0373409100182407,37,128,0.28125,0.0766319240608878,0.9233680759391122
liu2019-stress-free-period-map-v2,f0.2_chiN27,0.2,27.0,ohta_kawasaki,Ohta-Kawasaki (recomputed),3.0373409100182407,38,128,0.2890625,0.05609138726414692,0.9439086127358531
liu2019-stress-free-period-map-v2,f0.2_chiN27,0.2,27.0,ohta_kawasaki,Ohta-Kawasaki (recomputed),3.0373409100182407,39,128,0.296875,0.036217315025500296,0.9637826849744997
liu2019-stress-free-period-map-v2,f0.2_chiN27,0.2,27.0,ohta_kawasaki,Ohta-Kawasaki (recomputed),3.0373409100182407,40,128,0.3046875,0.017049849672095746,0.9829501503279042
liu2019-stress-free-period-map-v2,f0.2_chiN27,0.2,27.0,ohta_kawasaki,Ohta-Kawasaki (recomputed),3.0373409100182407,41,128,0.3125,-0.0013771044200331928,1.0013771044200332
liu2019-stress-free-period-map-v2,f0.2_chiN27,0.2,27.0,ohta_kawasaki,Ohta-Kawasaki (recomputed),3.0373409100182407,42,128,0.3203125,-0.019035723914325786,1.0190357239143257
liu2019-stress-free-period-map-v2,f0.2_chiN27,0.2,27.0,ohta_kawasaki,Ohta-Kawasaki (recomputed),3.0373409100182407,43,128,0.328125,-0.03590402258714112,1.0359040225871412
liu2019-stress-free-period-map-v2,f0.2_chiN27,0.2,27.0,ohta_kawasaki,Ohta-Kawasaki (recomputed),3.0373409100182407,44,128,0.3359375,-0.05196553070394111,1.051965530703941
liu2019-stress-free-period-map-v2,f0.2_chiN27,0.2,27.0,ohta_kawasaki,Ohta-Kawasaki (recomputed),3.0373409100182407,45,128,0.34375,-0.06720891378024696,1.067208913780247
liu2019-stress-free-period-map-v2,f0.2_chiN27,0.2,27.0,ohta_kawasaki,Ohta-Kawasaki (recomputed),3.0373409100182407,46,128,0.3515625,-0.08162753828626312,1.0816275382862632
liu2019-stress-free-period-map-v2,f0.2_chiN27,0.2,27.0,ohta_kawasaki,Ohta-Kawasaki (recomputed),3.0373409100182407,47,128,0.359375,-0.09521900677183476,1.0952190067718348
liu2019-stress-free-period-map-v2,f0.2_chiN27,0.2,27.0,ohta_kawasaki,Ohta-Kawasaki (recomputed),3.0373409100182407,48,128,0.3671875,-0.10798466351245734,1.1079846635124573
liu2019-stress-free-period-map-v2,f0.2_chiN27,0.2,27.0,ohta_kawasaki,Ohta-Kawasaki (recomputed),3.0373409100182407,49,128,0.375,-0.11992909302395721,1.1199290930239572
liu2019-stress-free-period-map-v2,f0.2_chiN27,0.2,27.0,ohta_kawasaki,Ohta-Kawasaki (recomputed),3.0373409100182407,50,128,0.3828125,-0.13105961199871174,1.1310596119987117
liu2019-stress-free-period-map-v2,f0.2_chiN27,0.2,27.0,ohta_kawasaki,Ohta-Kawasaki (recomputed),3.0373409100182407,51,128,0.390625,-0.14138577072992786,1.141385770729928
liu2019-stress-free-period-map-v2,f0.2_chiN27,0.2,27.0,ohta_kawasaki,Ohta-Kawasaki (recomputed),3.0373409100182407,52,128,0.3984375,-0.15091886734644983,1.1509188673464499
liu2019-stress-free-period-map-v2,f0.2_chiN27,0.2,27.0,ohta_kawasaki,Ohta-Kawasaki (recomputed),3.0373409100182407,53,128,0.40625,-0.15967148148547267,1.1596714814854727
liu2019-stress-free-period-map-v2,f0.2_chiN27,0.2,27.0,ohta_kawasaki,Ohta-Kawasaki (recomputed),3.0373409100182407,54,128,0.4140625,-0.1676570351779162,1.1676570351779163
liu2019-stress-free-period-map-v2,f0.2_chiN27,0.2,27.0,ohta_kawasaki,Ohta-Kawasaki (recomputed),3.0373409100182407,55,128,0.421875,-0.17488937873534016,1.1748893787353403
liu2019-stress-free-period-map-v2,f0.2_chiN27,0.2,27.0,ohta_kawasaki,Ohta-Kawasaki (recomputed),3.0373409100182407,56,128,0.4296875,-0.18138241294714436,1.1813824129471444
liu2019-stress-free-period-map-v2,f0.2_chiN27,0.2,27.0,ohta_kawasaki,Ohta-Kawasaki (recomputed),3.0373409100182407,57,128,0.4375,-0.18714974058337724,1.1871497405833773
liu2019-stress-free-period-map-v2,f0.2_chiN27,0.2,27.0,ohta_kawasaki,Ohta-Kawasaki (recomputed),3.0373409100182407,58,128,0.4453125,-0.19220435483747017,1.1922043548374701
liu2019-stress-free-period-map-v2,f0.2_chiN27,0.2,27.0,ohta_kawasaki,Ohta-Kawasaki (recomputed),3.0373409100182407,59,128,0.453125,-0.19655836082379974,1.1965583608237997
liu2019-stress-free-period-map-v2,f0.2_chiN27,0.2,27.0,ohta_kawasaki,Ohta-Kawasaki (recomputed),3.0373409100182407,60,128,0.4609375,-0.2002227336829152,1.2002227336829152
liu2019-stress-free-period-map-v2,f0.2_chiN27,0.2,27.0,ohta_kawasaki,Ohta-Kawasaki (recomputed),3.0373409100182407,61,128,0.46875,-0.20320710656280078,1.2032071065628007
liu2019-stress-free-period-map-v2,f0.2_chiN27,0.2,27.0,ohta_kawasaki,Ohta-Kawasaki (recomputed),3.0373409100182407,62,128,0.4765625,-0.20551959914755363,1.2055195991475536
liu2019-stress-free-period-map-v2,f0.2_chiN27,0.2,27.0,ohta_kawasaki,Ohta-Kawasaki (recomputed),3.0373409100182407,63,128,0.484375,-0.20716667060519556,1.2071666706051956
liu2019-stress-free-period-map-v2,f0.2_chiN27,0.2,27.0,ohta_kawasaki,Ohta-Kawasaki (recomputed),3.0373409100182407,64,128,0.4921875,-0.20815301519491136,1.2081530151949114
liu2019-stress-free-period-map-v2,f0.2_chiN27,0.2,27.0,ohta_kawasaki,Ohta-Kawasaki (recomputed),3.0373409100182407,65,128,0.5,-0.20848147812891438,1.2084814781289144
liu2019-stress-free-period-map-v2,f0.2_chiN27,0.2,27.0,ohta_kawasaki,Ohta-Kawasaki (recomputed),3.0373409100182407,66,128,0.5078125,-0.20815301519491136,1.2081530151949114
liu2019-stress-free-period-map-v2,f0.2_chiN27,0.2,27.0,ohta_kawasaki,Ohta-Kawasaki (recomputed),3.0373409100182407,67,128,0.515625,-0.20716667060519556,1.2071666706051956
liu2019-stress-free-period-map-v2,f0.2_chiN27,0.2,27.0,ohta_kawasaki,Ohta-Kawasaki (recomputed),3.0373409100182407,68,128,0.5234375,-0.20551959914755363,1.2055195991475536
liu2019-stress-free-period-map-v2,f0.2_chiN27,0.2,27.0,ohta_kawasaki,Ohta-Kawasaki (recomputed),3.0373409100182407,69,128,0.53125,-0.20320710656280078,1.2032071065628007
liu2019-stress-free-period-map-v2,f0.2_chiN27,0.2,27.0,ohta_kawasaki,Ohta-Kawasaki (recomputed),3.0373409100182407,70,128,0.5390625,-0.2002227336829152,1.2002227336829152
liu2019-stress-free-period-map-v2,f0.2_chiN27,0.2,27.0,ohta_kawasaki,Ohta-Kawasaki (recomputed),3.0373409100182407,71,128,0.546875,-0.19655836082379974,1.1965583608237997
liu2019-stress-free-period-map-v2,f0.2_chiN27,0.2,27.0,ohta_kawasaki,Ohta-Kawasaki (recomputed),3.0373409100182407,72,128,0.5546875,-0.19220435483747017,1.1922043548374701
liu2019-stress-free-period-map-v2,f0.2_chiN27,0.2,27.0,ohta_kawasaki,Ohta-Kawasaki (recomputed),3.0373409100182407,73,128,0.5625,-0.18714974058337724,1.1871497405833773
liu2019-stress-free-period-map-v2,f0.2_chiN27,0.2,27.0,ohta_kawasaki,Ohta-Kawasaki (recomputed),3.0373409100182407,74,128,0.5703125,-0.18138241294714436,1.1813824129471444
liu2019-stress-free-period-map-v2,f0.2_chiN27,0.2,27.0,ohta_kawasaki,Ohta-Kawasaki (recomputed),3.0373409100182407,75,128,0.578125,-0.17488937873534016,1.1748893787353403
liu2019-stress-free-period-map-v2,f0.2_chiN27,0.2,27.0,ohta_kawasaki,Ohta-Kawasaki (recomputed),3.0373409100182407,76,128,0.5859375,-0.1676570351779162,1.1676570351779163
liu2019-stress-free-period-map-v2,f0.2_chiN27,0.2,27.0,ohta_kawasaki,Ohta-Kawasaki (recomputed),3.0373409100182407,77,128,0.59375,-0.15967148148547267,1.1596714814854727
liu2019-stress-free-period-map-v2,f0.2_chiN27,0.2,27.0,ohta_kawasaki,Ohta-Kawasaki (recomputed),3.0373409100182407,78,128,0.6015625,-0.15091886734644983,1.1509188673464499
liu2019-stress-free-period-map-v2,f0.2_chiN27,0.2,27.0,ohta_kawasaki,Ohta-Kawasaki (recomputed),3.0373409100182407,79,128,0.609375,-0.14138577072992786,1.141385770729928
liu2019-stress-free-period-map-v2,f0.2_chiN27,0.2,27.0,ohta_kawasaki,Ohta-Kawasaki (recomputed),3.0373409100182407,80,128,0.6171875,-0.13105961199871174,1.1310596119987117
liu2019-stress-free-period-map-v2,f0.2_chiN27,0.2,27.0,ohta_kawasaki,Ohta-Kawasaki (recomputed),3.0373409100182407,81,128,0.625,-0.11992909302395721,1.1199290930239572
liu2019-stress-free-period-map-v2,f0.2_chiN27,0.2,27.0,ohta_kawasaki,Ohta-Kawasaki (recomputed),3.0373409100182407,82,128,0.6328125,-0.10798466351245734,1.1079846635124573
liu2019-stress-free-period-map-v2,f0.2_chiN27,0.2,27.0,ohta_kawasaki,Ohta-Kawasaki (recomputed),3.0373409100182407,83,128,0.640625,-0.09521900677183476,1.0952190067718348
liu2019-stress-free-period-map-v2,f0.2_chiN27,0.2,27.0,ohta_kawasaki,Ohta-Kawasaki (recomputed),3.0373409100182407,84,128,0.6484375,-0.08162753828626312,1.0816275382862632
liu2019-stress-free-period-map-v2,f0.2_chiN27,0.2,27.0,ohta_kawasaki,Ohta-Kawasaki (recomputed),3.0373409100182407,85,128,0.65625,-0.06720891378024696,1.067208913780247
liu2019-stress-free-period-map-v2,f0.2_chiN27,0.2,27.0,ohta_kawasaki,Ohta-Kawasaki (recomputed),3.0373409100182407,86,128,0.6640625,-0.05196553070394111,1.051965530703941
liu2019-stress-free-period-map-v2,f0.2_chiN27,0.2,27.0,ohta_kawasaki,Ohta-Kawasaki (recomputed),3.0373409100182407,87,128,0.671875,-0.03590402258714112,1.0359040225871412
liu2019-stress-free-period-map-v2,f0.2_chiN27,0.2,27.0,ohta_kawasaki,Ohta-Kawasaki (recomputed),3.0373409100182407,88,128,0.6796875,-0.019035723914325786,1.0190357239143257
liu2019-stress-free-period-map-v2,f0.2_chiN27,0.2,27.0,ohta_kawasaki,Ohta-Kawasaki (recomputed),3.0373409100182407,89,128,0.6875,-0.0013771044200331928,1.0013771044200332
liu2019-stress-free-period-map-v2,f0.2_chiN27,0.2,27.0,ohta_kawasaki,Ohta-Kawasaki (recomputed),3.0373409100182407,90,128,0.6953125,0.017049849672095746,0.9829501503279042
liu2019-stress-free-period-map-v2,f0.2_chiN27,0.2,27.0,ohta_kawasaki,Ohta-Kawasaki (recomputed),3.0373409100182407,91,128,0.703125,0.036217315025500296,0.9637826849744997
liu2019-stress-free-period-map-v2,f0.2_chiN27,0.2,27.0,ohta_kawasaki,Ohta-Kawasaki (recomputed),3.0373409100182407,92,128,0.7109375,0.05609138726414692,0.9439086127358531
liu2019-stress-free-period-map-v2,f0.2_chiN27,0.2,27.0,ohta_kawasaki,Ohta-Kawasaki (recomputed),3.0373409100182407,93,128,0.71875,0.0766319240608878,0.9233680759391122
liu2019-stress-free-period-map-v2,f0.2_chiN27,0.2,27.0,ohta_kawasaki,Ohta-Kawasaki (recomputed),3.0373409100182407,94,128,0.7265625,0.09779248653584333,0.9022075134641567
liu2019-stress-free-period-map-v2,f0.2_chiN27,0.2,27.0,ohta_kawasaki,Ohta-Kawasaki (recomputed),3.0373409100182407,95,128,0.734375,0.11952039067810685,0.8804796093218932
liu2019-stress-free-period-map-v2,f0.2_chiN27,0.2,27.0,ohta_kawasaki,Ohta-Kawasaki (recomputed),3.0373409100182407,96,128,0.7421875,0.14175686848488644,0.8582431315151136
liu2019-stress-free-period-map-v2,f0.2_chiN27,0.2,27.0,ohta_kawasaki,Ohta-Kawasaki (recomputed),3.0373409100182407,97,128,0.75,0.16443735089176148,0.8355626491082385
liu2019-stress-free-period-map-v2,f0.2_chiN27,0.2,27.0,ohta_kawasaki,Ohta-Kawasaki (recomputed),3.0373409100182407,98,128,0.7578125,0.18749186056680656,0.8125081394331934
liu2019-stress-free-period-map-v2,f0.2_chiN27,0.2,27.0,ohta_kawasaki,Ohta-Kawasaki (recomputed),3.0373409100182407,99,128,0.765625,0.21084552719593466,0.7891544728040654
liu2019-stress-free-period-map-v2,f0.2_chiN27,0.2,27.0,ohta_kawasaki,Ohta-Kawasaki (recomputed),3.0373409100182407,100,128,0.7734375,0.23441919664111846,0.7655808033588816
liu2019-stress-free-period-map-v2,f0.2_chiN27,0.2,27.0,ohta_kawasaki,Ohta-Kawasaki (recomputed),3.0373409100182407,101,128,0.78125,0.2581301402023243,0.7418698597976757
liu2019-stress-free-period-map-v2,f0.2_chiN27,0.2,27.0,ohta_kawasaki,Ohta-Kawasaki (recomputed),3.0373409100182407,102,128,0.7890625,0.28189283522756886,0.7181071647724311
liu2019-stress-free-period-map-v2,f0.2_chiN27,0.2,27.0,ohta_kawasaki,Ohta-Kawasaki (recomputed),3.0373409100182407,103,128,0.796875,0.30561980727098914,0.6943801927290109
liu2019-stress-free-period-map-v2,f0.2_chiN27,0.2,27.0,ohta_kawasaki,Ohta-Kawasaki (recomputed),3.0373409100182407,104,128,0.8046875,0.32922250361758915,0.6707774963824109
liu2019-stress-free-period-map-v2,f0.2_chiN27,0.2,27.0,ohta_kawasaki,Ohta-Kawasaki (recomputed),3.0373409100182407,105,128,0.8125,0.3526121868688459,0.6473878131311541
liu2019-stress-free-period-map-v2,f0.2_chiN27,0.2,27.0,ohta_kawasaki,Ohta-Kawasaki (recomputed),3.0373409100182407,106,128,0.8203125,0.37570081438265546,0.6242991856173445
liu2019-stress-free-period-map-v2,f0.2_chiN27,0.2,27.0,ohta_kawasaki,Ohta-Kawasaki (recomputed),3.0373409100182407,107,128,0.828125,0.39840188930770803,0.601598110692292
liu2019-stress-free-period-map-v2,f0.2_chiN27,0.2,27.0,ohta_kawasaki,Ohta-Kawasaki (recomputed),3.0373409100182407,108,128,0.8359375,0.4206312555288072,0.5793687444711928
liu2019-stress-free-period-map-v2,f0.2_chiN27,0.2,27.0,ohta_kawasaki,Ohta-Kawasaki (recomputed),3.0373409100182407,109,128,0.84375,0.44230782610786024,0.5576921738921398
liu2019-stress-free-period-map-v2,f0.2_chiN27,0.2,27.0,ohta_kawasaki,Ohta-Kawasaki (recomputed),3.0373409100182407,110,128,0.8515625,0.4633542129397862,0.5366457870602138
liu2019-stress-free-period-map-v2,f0.2_chiN27,0.2,27.0,ohta_kawasaki,Ohta-Kawasaki (recomputed),3.0373409100182407,111,128,0.859375,0.483697272744646,0.516302727255354
liu2019-stress-free-period-map-v2,f0.2_chiN27,0.2,27.0,ohta_kawasaki,Ohta-Kawasaki (recomputed),3.0373409100182407,112,128,0.8671875,0.5032685278860557,0.4967314721139443
liu2019-stress-free-period-map-v2,f0.2_chiN27,0.2,27.0,ohta_kawasaki,Ohta-Kawasaki (recomputed),3.0373409100182407,113,128,0.875,0.5220044892266416,0.47799551077335845
liu2019-stress-free-period-map-v2,f0.2_chiN27,0.2,27.0,ohta_kawasaki,Ohta-Kawasaki (recomputed),3.0373409100182407,114,128,0.8828125,0.539846852752102,0.460153147247898
liu2019-stress-free-period-map-v2,f0.2_chiN27,0.2,27.0,ohta_kawasaki,Ohta-Kawasaki (recomputed),3.0373409100182407,115,128,0.890625,0.5567426039561856,0.4432573960438144
liu2019-stress-free-period-map-v2,f0.2_chiN27,0.2,27.0,ohta_kawasaki,Ohta-Kawasaki (recomputed),3.0373409100182407,116,128,0.8984375,0.5726440035584606,0.42735599644153943
liu2019-stress-free-period-map-v2,f0.2_chiN27,0.2,27.0,ohta_kawasaki,Ohta-Kawasaki (recomputed),3.0373409100182407,117,128,0.90625,0.5875084944515786,0.4124915055484214
liu2019-stress-free-period-map-v2,f0.2_chiN27,0.2,27.0,ohta_kawasaki,Ohta-Kawasaki (recomputed),3.0373409100182407,118,128,0.9140625,0.6012985210730684,0.39870147892693164
liu2019-stress-free-period-map-v2,f0.2_chiN27,0.2,27.0,ohta_kawasaki,Ohta-Kawasaki (recomputed),3.0373409100182407,119,128,0.921875,0.6139812914220335,0.3860187085779665
liu2019-stress-free-period-map-v2,f0.2_chiN27,0.2,27.0,ohta_kawasaki,Ohta-Kawasaki (recomputed),3.0373409100182407,120,128,0.9296875,0.6255284761407272,0.37447152385927285
liu2019-stress-free-period-map-v2,f0.2_chiN27,0.2,27.0,ohta_kawasaki,Ohta-Kawasaki (recomputed),3.0373409100182407,121,128,0.9375,0.6359158853646023,0.3640841146353977
liu2019-stress-free-period-map-v2,f0.2_chiN27,0.2,27.0,ohta_kawasaki,Ohta-Kawasaki (recomputed),3.0373409100182407,122,128,0.9453125,0.645123115369234,0.35487688463076605
liu2019-stress-free-period-map-v2,f0.2_chiN27,0.2,27.0,ohta_kawasaki,Ohta-Kawasaki (recomputed),3.0373409100182407,123,128,0.953125,0.6531331962500388,0.34686680374996115
liu2019-stress-free-period-map-v2,f0.2_chiN27,0.2,27.0,ohta_kawasaki,Ohta-Kawasaki (recomputed),3.0373409100182407,124,128,0.9609375,0.6599322411370891,0.34006775886291085
liu2019-stress-free-period-map-v2,f0.2_chiN27,0.2,27.0,ohta_kawasaki,Ohta-Kawasaki (recomputed),3.0373409100182407,125,128,0.96875,0.6655091201193739,0.3344908798806261
liu2019-stress-free-period-map-v2,f0.2_chiN27,0.2,27.0,ohta_kawasaki,Ohta-Kawasaki (recomputed),3.0373409100182407,126,128,0.9765625,0.6698551663065828,0.3301448336934172
liu2019-stress-free-period-map-v2,f0.2_chiN27,0.2,27.0,ohta_kawasaki,Ohta-Kawasaki (recomputed),3.0373409100182407,127,128,0.984375,0.6729639171011171,0.32703608289888286
liu2019-stress-free-period-map-v2,f0.2_chiN27,0.2,27.0,ohta_kawasaki,Ohta-Kawasaki (recomputed),3.0373409100182407,128,128,0.9921875,0.6748309091587388,0.3251690908412612
liu2019-stress-free-period-map-v2,f0.2_chiN27,0.2,27.0,uneyama_doi,Uneyama-Doi,4.330905724171333,1,128,0.0,0.6750236946548195,0.3249763053451805
liu2019-stress-free-period-map-v2,f0.2_chiN27,0.2,27.0,uneyama_doi,Uneyama-Doi,4.330905724171333,2,128,0.0078125,0.6699472936451197,0.33005270635488027
liu2019-stress-free-period-map-v2,f0.2_chiN27,0.2,27.0,uneyama_doi,Uneyama-Doi,4.330905724171333,3,128,0.015625,0.6598059400254674,0.34019405997453256
liu2019-stress-free-period-map-v2,f0.2_chiN27,0.2,27.0,uneyama_doi,Uneyama-Doi,4.330905724171333,4,128,0.0234375,0.6446404041922876,0.35535959580771237
liu2019-stress-free-period-map-v2,f0.2_chiN27,0.2,27.0,uneyama_doi,Uneyama-Doi,4.330905724171333,5,128,0.03125,0.6245540977806692,0.37544590221933083
liu2019-stress-free-period-map-v2,f0.2_chiN27,0.2,27.0,uneyama_doi,Uneyama-Doi,4.330905724171333,6,128,0.0390625,0.5997564873586475,0.4002435126413525
liu2019-stress-free-period-map-v2,f0.2_chiN27,0.2,27.0,uneyama_doi,Uneyama-Doi,4.330905724171333,7,128,0.046875,0.5706079471028019,0.42939205289719806
liu2019-stress-free-period-map-v2,f0.2_chiN27,0.2,27.0,uneyama_doi,Uneyama-Doi,4.330905724171333,8,128,0.0546875,0.5376544595622915,0.4623455404377085
liu2019-stress-free-period-map-v2,f0.2_chiN27,0.2,27.0,uneyama_doi,Uneyama-Doi,4.330905724171333,9,128,0.0625,0.5016396453337014,0.4983603546662986
liu2019-stress-free-period-map-v2,f0.2_chiN27,0.2,27.0,uneyama_doi,Uneyama-Doi,4.330905724171333,10,128,0.0703125,0.4634843892171408,0.5365156107828593
liu2019-stress-free-period-map-v2,f0.2_chiN27,0.2,27.0,uneyama_doi,Uneyama-Doi,4.330905724171333,11,128,0.078125,0.4242314623207876,0.5757685376792123
liu2019-stress-free-period-map-v2,f0.2_chiN27,0.2,27.0,uneyama_doi,Uneyama-Doi,4.330905724171333,12,128,0.0859375,0.3849624097306761,0.6150375902693239
liu2019-stress-free-period-map-v2,f0.2_chiN27,0.2,27.0,uneyama_doi,Uneyama-Doi,4.330905724171333,13,128,0.09375,0.34670287361779745,0.6532971263822025
liu2019-stress-free-period-map-v2,f0.2_chiN27,0.2,27.0,uneyama_doi,Uneyama-Doi,4.330905724171333,14,128,0.1015625,0.3103363977721838,0.6896636022278162
liu2019-stress-free-period-map-v2,f0.2_chiN27,0.2,27.0,uneyama_doi,Uneyama-Doi,4.330905724171333,15,128,0.109375,0.27654373761690954,0.7234562623830905
liu2019-stress-free-period-map-v2,f0.2_chiN27,0.2,27.0,uneyama_doi,Uneyama-Doi,4.330905724171333,16,128,0.1171875,0.24577632807277158,0.7542236719272284
liu2019-stress-free-period-map-v2,f0.2_chiN27,0.2,27.0,uneyama_doi,Uneyama-Doi,4.330905724171333,17,128,0.125,0.2182627849914786,0.7817372150085213
liu2019-stress-free-period-map-v2,f0.2_chiN27,0.2,27.0,uneyama_doi,Uneyama-Doi,4.330905724171333,18,128,0.1328125,0.19404000621923,0.80595999378077
liu2019-stress-free-period-map-v2,f0.2_chiN27,0.2,27.0,uneyama_doi,Uneyama-Doi,4.330905724171333,19,128,0.140625,0.17299745698830504,0.827002543011695
liu2019-stress-free-period-map-v2,f0.2_chiN27,0.2,27.0,uneyama_doi,Uneyama-Doi,4.330905724171333,20,128,0.1484375,0.1549241488535153,0.8450758511464846
liu2019-stress-free-period-map-v2,f0.2_chiN27,0.2,27.0,uneyama_doi,Uneyama-Doi,4.330905724171333,21,128,0.15625,0.13955093793460094,0.8604490620653991
liu2019-stress-free-period-map-v2,f0.2_chiN27,0.2,27.0,uneyama_doi,Uneyama-Doi,4.330905724171333,22,128,0.1640625,0.12658432528450134,0.8734156747154986
liu2019-stress-free-period-map-v2,f0.2_chiN27,0.2,27.0,uneyama_doi,Uneyama-Doi,4.330905724171333,23,128,0.171875,0.11573081234532755,0.8842691876546724
liu2019-stress-free-period-map-v2,f0.2_chiN27,0.2,27.0,uneyama_doi,Uneyama-Doi,4.330905724171333,24,128,0.1796875,0.10671267376910536,0.8932873262308947
liu2019-stress-free-period-map-v2,f0.2_chiN27,0.2,27.0,uneyama_doi,Uneyama-Doi,4.330905724171333,25,128,0.1875,0.09927684401215776,0.9007231559878422
liu2019-stress-free-period-map-v2,f0.2_chiN27,0.2,27.0,uneyama_doi,Uneyama-Doi,4.330905724171333,26,128,0.1953125,0.09319878490315074,0.9068012150968493
liu2019-stress-free-period-map-v2,f0.2_chiN27,0.2,27.0,uneyama_doi,Uneyama-Doi,4.330905724171333,27,128,0.203125,0.08828299482270625,0.9117170051772937
liu2019-stress-free-period-map-v2,f0.2_chiN27,0.2,27.0,uneyama_doi,Uneyama-Doi,4.330905724171333,28,128,0.2109375,0.08436147621315827,0.9156385237868417
liu2019-stress-free-period-map-v2,f0.2_chiN27,0.2,27.0,uneyama_doi,Uneyama-Doi,4.330905724171333,29,128,0.21875,0.08129111180763854,0.9187088881923615
liu2019-stress-free-period-map-v2,f0.2_chiN27,0.2,27.0,uneyama_doi,Uneyama-Doi,4.330905724171333,30,128,0.2265625,0.07895059482750577,0.9210494051724942
liu2019-stress-free-period-map-v2,f0.2_chiN27,0.2,27.0,uneyama_doi,Uneyama-Doi,4.330905724171333,31,128,0.234375,0.07723731263409704,0.922762687365903
liu2019-stress-free-period-map-v2,f0.2_chiN27,0.2,27.0,uneyama_doi,Uneyama-Doi,4.330905724171333,32,128,0.2421875,0.07606441833407115,0.9239355816659288
liu2019-stress-free-period-map-v2,f0.2_chiN27,0.2,27.0,uneyama_doi,Uneyama-Doi,4.330905724171333,33,128,0.25,0.07535820238446143,0.9246417976155386
liu2019-stress-free-period-map-v2,f0.2_chiN27,0.2,27.0,uneyama_doi,Uneyama-Doi,4.330905724171333,34,128,0.2578125,0.07505581004926733,0.9249441899507327
liu2019-stress-free-period-map-v2,f0.2_chiN27,0.2,27.0,uneyama_doi,Uneyama-Doi,4.330905724171333,35,128,0.265625,0.07510329945141678,0.9248967005485832
liu2019-stress-free-period-map-v2,f0.2_chiN27,0.2,27.0,uneyama_doi,Uneyama-Doi,4.330905724171333,36,128,0.2734375,0.0754540188437081,0.9245459811562919
liu2019-stress-free-period-map-v2,f0.2_chiN27,0.2,27.0,uneyama_doi,Uneyama-Doi,4.330905724171333,37,128,0.28125,0.07606726347441309,0.9239327365255869
liu2019-stress-free-period-map-v2,f0.2_chiN27,0.2,27.0,uneyama_doi,Uneyama-Doi,4.330905724171333,38,128,0.2890625,0.07690717679779295,0.9230928232022071
liu2019-stress-free-period-map-v2,f0.2_chiN27,0.2,27.0,uneyama_doi,Uneyama-Doi,4.330905724171333,39,128,0.296875,0.07794185431830657,0.9220581456816934
liu2019-stress-free-period-map-v2,f0.2_chiN27,0.2,27.0,uneyama_doi,Uneyama-Doi,4.330905724171333,40,128,0.3046875,0.0791426194099984,0.9208573805900016
liu2019-stress-free-period-map-v2,f0.2_chiN27,0.2,27.0,uneyama_doi,Uneyama-Doi,4.330905724171333,41,128,0.3125,0.08048343725080648,0.9195165627491935
liu2019-stress-free-period-map-v2,f0.2_chiN27,0.2,27.0,uneyama_doi,Uneyama-Doi,4.330905724171333,42,128,0.3203125,0.0819404457018856,0.9180595542981144
liu2019-stress-free-period-map-v2,f0.2_chiN27,0.2,27.0,uneyama_doi,Uneyama-Doi,4.330905724171333,43,128,0.328125,0.08349157845952881,0.9165084215404712
liu2019-stress-free-period-map-v2,f0.2_chiN27,0.2,27.0,uneyama_doi,Uneyama-Doi,4.330905724171333,44,128,0.3359375,0.0851162672872845,0.9148837327127155
liu2019-stress-free-period-map-v2,f0.2_chiN27,0.2,27.0,uneyama_doi,Uneyama-Doi,4.330905724171333,45,128,0.34375,0.08679520568982924,0.9132047943101708
liu2019-stress-free-period-map-v2,f0.2_chiN27,0.2,27.0,uneyama_doi,Uneyama-Doi,4.330905724171333,46,128,0.3515625,0.08851016643524834,0.9114898335647517
liu2019-stress-free-period-map-v2,f0.2_chiN27,0.2,27.0,uneyama_doi,Uneyama-Doi,4.330905724171333,47,128,0.359375,0.09024386106590399,0.909756138934096
liu2019-stress-free-period-map-v2,f0.2_chiN27,0.2,27.0,uneyama_doi,Uneyama-Doi,4.330905724171333,48,128,0.3671875,0.09197983732489778,0.9080201626751022
liu2019-stress-free-period-map-v2,f0.2_chiN27,0.2,27.0,uneyama_doi,Uneyama-Doi,4.330905724171333,49,128,0.375,0.09370240655054592,0.906297593449454
liu2019-stress-free-period-map-v2,f0.2_chiN27,0.2,27.0,uneyama_doi,Uneyama-Doi,4.330905724171333,50,128,0.3828125,0.09539659814902014,0.9046034018509799
liu2019-stress-free-period-map-v2,f0.2_chiN27,0.2,27.0,uneyama_doi,Uneyama-Doi,4.330905724171333,51,128,0.390625,0.09704813567183672,0.9029518643281633
liu2019-stress-free-period-map-v2,f0.2_chiN27,0.2,27.0,uneyama_doi,Uneyama-Doi,4.330905724171333,52,128,0.3984375,0.09864343219223103,0.901356567807769
liu2019-stress-free-period-map-v2,f0.2_chiN27,0.2,27.0,uneyama_doi,Uneyama-Doi,4.330905724171333,53,128,0.40625,0.10016960135604866,0.8998303986439513
liu2019-stress-free-period-map-v2,f0.2_chiN27,0.2,27.0,uneyama_doi,Uneyama-Doi,4.330905724171333,54,128,0.4140625,0.10161448194239202,0.898385518057608
liu2019-stress-free-period-map-v2,f0.2_chiN27,0.2,27.0,uneyama_doi,Uneyama-Doi,4.330905724171333,55,128,0.421875,0.10296667310753946,0.8970333268924605
liu2019-stress-free-period-map-v2,f0.2_chiN27,0.2,27.0,uneyama_doi,Uneyama-Doi,4.330905724171333,56,128,0.4296875,0.10421557776611722,0.8957844222338828
liu2019-stress-free-period-map-v2,f0.2_chiN27,0.2,27.0,uneyama_doi,Uneyama-Doi,4.330905724171333,57,128,0.4375,0.10535145179681477,0.8946485482031852
liu2019-stress-free-period-map-v2,f0.2_chiN27,0.2,27.0,uneyama_doi,Uneyama-Doi,4.330905724171333,58,128,0.4453125,0.10636545622619309,0.8936345437738069
liu2019-stress-free-period-map-v2,f0.2_chiN27,0.2,27.0,uneyama_doi,Uneyama-Doi,4.330905724171333,59,128,0.453125,0.10724971097203465,0.8927502890279654
liu2019-stress-free-period-map-v2,f0.2_chiN27,0.2,27.0,uneyama_doi,Uneyama-Doi,4.330905724171333,60,128,0.4609375,0.10799734675010371,0.8920026532498962
liu2019-stress-free-period-map-v2,f0.2_chiN27,0.2,27.0,uneyama_doi,Uneyama-Doi,4.330905724171333,61,128,0.46875,0.10860255468559595,0.891397445314404
liu2019-stress-free-period-map-v2,f0.2_chiN27,0.2,27.0,uneyama_doi,Uneyama-Doi,4.330905724171333,62,128,0.4765625,0.1090606297328372,0.8909393702671629
liu2019-stress-free-period-map-v2,f0.2_chiN27,0.2,27.0,uneyama_doi,Uneyama-Doi,4.330905724171333,63,128,0.484375,0.10936800866591208,0.8906319913340879
liu2019-stress-free-period-map-v2,f0.2_chiN27,0.2,27.0,uneyama_doi,Uneyama-Doi,4.330905724171333,64,128,0.4921875,0.1095222987470469,0.8904777012529531
liu2019-stress-free-period-map-v2,f0.2_chiN27,0.2,27.0,uneyama_doi,Uneyama-Doi,4.330905724171333,65,128,0.5,0.10952229869225952,0.8904777013077405
liu2019-stress-free-period-map-v2,f0.2_chiN27,0.2,27.0,uneyama_doi,Uneyama-Doi,4.330905724171333,66,128,0.5078125,0.1093680083465791,0.8906319916534209
liu2019-stress-free-period-map-v2,f0.2_chiN27,0.2,27.0,uneyama_doi,Uneyama-Doi,4.330905724171333,67,128,0.515625,0.10906062932289146,0.8909393706771085
liu2019-stress-free-period-map-v2,f0.2_chiN27,0.2,27.0,uneyama_doi,Uneyama-Doi,4.330905724171333,68,128,0.5234375,0.10860255401787929,0.8913974459821207
liu2019-stress-free-period-map-v2,f0.2_chiN27,0.2,27.0,uneyama_doi,Uneyama-Doi,4.330905724171333,69,128,0.53125,0.10799734598006265,0.8920026540199374
liu2019-stress-free-period-map-v2,f0.2_chiN27,0.2,27.0,uneyama_doi,Uneyama-Doi,4.330905724171333,70,128,0.5390625,0.10724970994434975,0.8927502900556502
liu2019-stress-free-period-map-v2,f0.2_chiN27,0.2,27.0,uneyama_doi,Uneyama-Doi,4.330905724171333,71,128,0.546875,0.10636545510770448,0.8936345448922955
liu2019-stress-free-period-map-v2,f0.2_chiN27,0.2,27.0,uneyama_doi,Uneyama-Doi,4.330905724171333,72,128,0.5546875,0.10535145046341983,0.8946485495365801
liu2019-stress-free-period-map-v2,f0.2_chiN27,0.2,27.0,uneyama_doi,Uneyama-Doi,4.330905724171333,73,128,0.5625,0.10421557635746116,0.8957844236425389
liu2019-stress-free-period-map-v2,f0.2_chiN27,0.2,27.0,uneyama_doi,Uneyama-Doi,4.330905724171333,74,128,0.5703125,0.10296667153339173,0.8970333284666083
liu2019-stress-free-period-map-v2,f0.2_chiN27,0.2,27.0,uneyama_doi,Uneyama-Doi,4.330905724171333,75,128,0.578125,0.10161448029960435,0.8983855197003956
liu2019-stress-free-period-map-v2,f0.2_chiN27,0.2,27.0,uneyama_doi,Uneyama-Doi,4.330905724171333,76,128,0.5859375,0.10016959957215889,0.8998304004278411
liu2019-stress-free-period-map-v2,f0.2_chiN27,0.2,27.0,uneyama_doi,Uneyama-Doi,4.330905724171333,77,128,0.59375,0.09864343031135425,0.9013565696886457
liu2019-stress-free-period-map-v2,f0.2_chiN27,0.2,27.0,uneyama_doi,Uneyama-Doi,4.330905724171333,78,128,0.6015625,0.09704813369956719,0.9029518663004328
liu2019-stress-free-period-map-v2,f0.2_chiN27,0.2,27.0,uneyama_doi,Uneyama-Doi,4.330905724171333,79,128,0.609375,0.09539659612964511,0.9046034038703549
liu2019-stress-free-period-map-v2,f0.2_chiN27,0.2,27.0,uneyama_doi,Uneyama-Doi,4.330905724171333,80,128,0.6171875,0.09370240452245635,0.9062975954775436
liu2019-stress-free-period-map-v2,f0.2_chiN27,0.2,27.0,uneyama_doi,Uneyama-Doi,4.330905724171333,81,128,0.625,0.09197983523420358,0.9080201647657964
liu2019-stress-free-period-map-v2,f0.2_chiN27,0.2,27.0,uneyama_doi,Uneyama-Doi,4.330905724171333,82,128,0.6328125,0.09024385897985032,0.9097561410201497
liu2019-stress-free-period-map-v2,f0.2_chiN27,0.2,27.0,uneyama_doi,Uneyama-Doi,4.330905724171333,83,128,0.640625,0.08851016432893676,0.9114898356710632
liu2019-stress-free-period-map-v2,f0.2_chiN27,0.2,27.0,uneyama_doi,Uneyama-Doi,4.330905724171333,84,128,0.6484375,0.08679520369971722,0.9132047963002827
liu2019-stress-free-period-map-v2,f0.2_chiN27,0.2,27.0,uneyama_doi,Uneyama-Doi,4.330905724171333,85,128,0.65625,0.08511626530557027,0.9148837346944297
liu2019-stress-free-period-map-v2,f0.2_chiN27,0.2,27.0,uneyama_doi,Uneyama-Doi,4.330905724171333,86,128,0.6640625,0.08349157658359295,0.916508423416407
liu2019-stress-free-period-map-v2,f0.2_chiN27,0.2,27.0,uneyama_doi,Uneyama-Doi,4.330905724171333,87,128,0.671875,0.08194044382230538,0.9180595561776946
liu2019-stress-free-period-map-v2,f0.2_chiN27,0.2,27.0,uneyama_doi,Uneyama-Doi,4.330905724171333,88,128,0.6796875,0.08048343558383678,0.9195165644161633
liu2019-stress-free-period-map-v2,f0.2_chiN27,0.2,27.0,uneyama_doi,Uneyama-Doi,4.330905724171333,89,128,0.6875,0.07914261784901779,0.9208573821509822
liu2019-stress-free-period-map-v2,f0.2_chiN27,0.2,27.0,uneyama_doi,Uneyama-Doi,4.330905724171333,90,128,0.6953125,0.07794185303480275,0.9220581469651973
liu2019-stress-free-period-map-v2,f0.2_chiN27,0.2,27.0,uneyama_doi,Uneyama-Doi,4.330905724171333,91,128,0.703125,0.07690717561318469,0.9230928243868153
liu2019-stress-free-period-map-v2,f0.2_chiN27,0.2,27.0,uneyama_doi,Uneyama-Doi,4.330905724171333,92,128,0.7109375,0.07606726263495187,0.9239327373650481
liu2019-stress-free-period-map-v2,f0.2_chiN27,0.2,27.0,uneyama_doi,Uneyama-Doi,4.330905724171333,93,128,0.71875,0.07545401821673998,0.92454598178326
liu2019-stress-free-period-map-v2,f0.2_chiN27,0.2,27.0,uneyama_doi,Uneyama-Doi,4.330905724171333,94,128,0.7265625,0.07510329927935137,0.9248967007206487
liu2019-stress-free-period-map-v2,f0.2_chiN27,0.2,27.0,uneyama_doi,Uneyama-Doi,4.330905724171333,95,128,0.734375,0.07505581013950123,0.9249441898604988
liu2019-stress-free-period-map-v2,f0.2_chiN27,0.2,27.0,uneyama_doi,Uneyama-Doi,4.330905724171333,96,128,0.7421875,0.07535820300308067,0.9246417969969193
liu2019-stress-free-period-map-v2,f0.2_chiN27,0.2,27.0,uneyama_doi,Uneyama-Doi,4.330905724171333,97,128,0.75,0.07606441938500898,0.923935580614991
liu2019-stress-free-period-map-v2,f0.2_chiN27,0.2,27.0,uneyama_doi,Uneyama-Doi,4.330905724171333,98,128,0.7578125,0.07723731441190104,0.9227626855880989
liu2019-stress-free-period-map-v2,f0.2_chiN27,0.2,27.0,uneyama_doi,Uneyama-Doi,4.330905724171333,99,128,0.765625,0.07895059720522384,0.9210494027947762
liu2019-stress-free-period-map-v2,f0.2_chiN27,0.2,27.0,uneyama_doi,Uneyama-Doi,4.330905724171333,100,128,0.7734375,0.08129111506334966,0.9187088849366504
liu2019-stress-free-period-map-v2,f0.2_chiN27,0.2,27.0,uneyama_doi,Uneyama-Doi,4.330905724171333,101,128,0.78125,0.08436148032541149,0.9156385196745885
liu2019-stress-free-period-map-v2,f0.2_chiN27,0.2,27.0,uneyama_doi,Uneyama-Doi,4.330905724171333,102,128,0.7890625,0.08828300016309153,0.9117169998369085
liu2019-stress-free-period-map-v2,f0.2_chiN27,0.2,27.0,uneyama_doi,Uneyama-Doi,4.330905724171333,103,128,0.796875,0.09319879144940665,0.9068012085505933
liu2019-stress-free-period-map-v2,f0.2_chiN27,0.2,27.0,uneyama_doi,Uneyama-Doi,4.330905724171333,104,128,0.8046875,0.09927685211524043,0.9007231478847596
liu2019-stress-free-period-map-v2,f0.2_chiN27,0.2,27.0,uneyama_doi,Uneyama-Doi,4.330905724171333,105,128,0.8125,0.10671268349744825,0.8932873165025518
liu2019-stress-free-period-map-v2,f0.2_chiN27,0.2,27.0,uneyama_doi,Uneyama-Doi,4.330905724171333,106,128,0.8203125,0.11573082424674198,0.884269175753258
liu2019-stress-free-period-map-v2,f0.2_chiN27,0.2,27.0,uneyama_doi,Uneyama-Doi,4.330905724171333,107,128,0.828125,0.12658433950307044,0.8734156604969295
liu2019-stress-free-period-map-v2,f0.2_chiN27,0.2,27.0,uneyama_doi,Uneyama-Doi,4.330905724171333,108,128,0.8359375,0.13955095496219339,0.8604490450378066
liu2019-stress-free-period-map-v2,f0.2_chiN27,0.2,27.0,uneyama_doi,Uneyama-Doi,4.330905724171333,109,128,0.84375,0.15492416879962678,0.8450758312003732
liu2019-stress-free-period-map-v2,f0.2_chiN27,0.2,27.0,uneyama_doi,Uneyama-Doi,4.330905724171333,110,128,0.8515625,0.17299748041837845,0.8270025195816215
liu2019-stress-free-period-map-v2,f0.2_chiN27,0.2,27.0,uneyama_doi,Uneyama-Doi,4.330905724171333,111,128,0.859375,0.19404003332483302,0.805959966675167
liu2019-stress-free-period-map-v2,f0.2_chiN27,0.2,27.0,uneyama_doi,Uneyama-Doi,4.330905724171333,112,128,0.8671875,0.21826281610492113,0.7817371838950788
liu2019-stress-free-period-map-v2,f0.2_chiN27,0.2,27.0,uneyama_doi,Uneyama-Doi,4.330905724171333,113,128,0.875,0.24577636303415407,0.7542236369658459
liu2019-stress-free-period-map-v2,f0.2_chiN27,0.2,27.0,uneyama_doi,Uneyama-Doi,4.330905724171333,114,128,0.8828125,0.2765437763812902,0.7234562236187099
liu2019-stress-free-period-map-v2,f0.2_chiN27,0.2,27.0,uneyama_doi,Uneyama-Doi,4.330905724171333,115,128,0.890625,0.31033643992835463,0.6896635600716454
liu2019-stress-free-period-map-v2,f0.2_chiN27,0.2,27.0,uneyama_doi,Uneyama-Doi,4.330905724171333,116,128,0.8984375,0.34670291861481684,0.6532970813851832
liu2019-stress-free-period-map-v2,f0.2_chiN27,0.2,27.0,uneyama_doi,Uneyama-Doi,4.330905724171333,117,128,0.90625,0.3849624564733607,0.6150375435266393
liu2019-stress-free-period-map-v2,f0.2_chiN27,0.2,27.0,uneyama_doi,Uneyama-Doi,4.330905724171333,118,128,0.9140625,0.42423150965755524,0.5757684903424447
liu2019-stress-free-period-map-v2,f0.2_chiN27,0.2,27.0,uneyama_doi,Uneyama-Doi,4.330905724171333,119,128,0.921875,0.4634844358300682,0.5365155641699317
liu2019-stress-free-period-map-v2,f0.2_chiN27,0.2,27.0,uneyama_doi,Uneyama-Doi,4.330905724171333,120,128,0.9296875,0.5016396900662664,0.4983603099337336
liu2019-stress-free-period-map-v2,f0.2_chiN27,0.2,27.0,uneyama_doi,Uneyama-Doi,4.330905724171333,121,128,0.9375,0.5376545011321282,0.4623454988678718
liu2019-stress-free-period-map-v2,f0.2_chiN27,0.2,27.0,uneyama_doi,Uneyama-Doi,4.330905724171333,122,128,0.9453125,0.5706079844778218,0.4293920155221782
liu2019-stress-free-period-map-v2,f0.2_chiN27,0.2,27.0,uneyama_doi,Uneyama-Doi,4.330905724171333,123,128,0.953125,0.5997565197634205,0.4002434802365795
liu2019-stress-free-period-map-v2,f0.2_chiN27,0.2,27.0,uneyama_doi,Uneyama-Doi,4.330905724171333,124,128,0.9609375,0.6245541247455065,0.37544587525449347
liu2019-stress-free-period-map-v2,f0.2_chiN27,0.2,27.0,uneyama_doi,Uneyama-Doi,4.330905724171333,125,128,0.96875,0.6446404254442902,0.35535957455570977
liu2019-stress-free-period-map-v2,f0.2_chiN27,0.2,27.0,uneyama_doi,Uneyama-Doi,4.330905724171333,126,128,0.9765625,0.659805955225973,0.34019404477402704
liu2019-stress-free-period-map-v2,f0.2_chiN27,0.2,27.0,uneyama_doi,Uneyama-Doi,4.330905724171333,127,128,0.984375,0.6699473027969671,0.3300526972030329
liu2019-stress-free-period-map-v2,f0.2_chiN27,0.2,27.0,uneyama_doi,Uneyama-Doi,4.330905724171333,128,128,0.9921875,0.6750236976411256,0.3249763023588744
