schema,case_id,f,chiN,model,model_label,period_rg,native_index,native_grid_count,s,phi_a,phi_b
liu2019-stress-free-period-map-v2,f0.2_chiN26,0.2,26.0,scft,SCFT,3.6724051029251457,1,72,0.0,0.6514045534994943,0.34859514743558095
liu2019-stress-free-period-map-v2,f0.2_chiN26,0.2,26.0,scft,SCFT,3.6724051029251457,2,72,0.013888888888888888,0.6461280064133814,0.3538717622892486
liu2019-stress-free-period-map-v2,f0.2_chiN26,0.2,26.0,scft,SCFT,3.6724051029251457,3,72,0.027777777777777776,0.6303843318899237,0.36961562582947605
liu2019-stress-free-period-map-v2,f0.2_chiN26,0.2,26.0,scft,SCFT,3.6724051029251457,4,72,0.041666666666666664,0.6044956593705281,0.39550438472645516
liu2019-stress-free-period-map-v2,f0.2_chiN26,0.2,26.0,scft,SCFT,3.6724051029251457,5,72,0.05555555555555555,0.5691868120345501,0.4308130055882216
liu2019-stress-free-period-map-v2,f0.2_chiN26,0.2,26.0,scft,SCFT,3.6724051029251457,6,72,0.06944444444444445,0.5257797652575658,0.4742198344403389
liu2019-stress-free-period-map-v2,f0.2_chiN26,0.2,26.0,scft,SCFT,3.6724051029251457,7,72,0.08333333333333333,0.47629808466448786,0.5237016171703474
liu2019-stress-free-period-map-v2,f0.2_chiN26,0.2,26.0,scft,SCFT,3.6724051029251457,8,72,0.09722222222222222,0.4233681873061283,0.5766317030448393
liu2019-stress-free-period-map-v2,f0.2_chiN26,0.2,26.0,scft,SCFT,3.6724051029251457,9,72,0.1111111111111111,0.36988554494715126,0.6301145632346916
liu2019-stress-free-period-map-v2,f0.2_chiN26,0.2,26.0,scft,SCFT,3.6724051029251457,10,72,0.125,0.318545957312858,0.6814543642506944
liu2019-stress-free-period-map-v2,f0.2_chiN26,0.2,26.0,scft,SCFT,3.6724051029251457,11,72,0.1388888888888889,0.2714311467774998,0.7285687786478764
liu2019-stress-free-period-map-v2,f0.2_chiN26,0.2,26.0,scft,SCFT,3.6724051029251457,12,72,0.1527777777777778,0.22980195047004642,0.7701970522322182
liu2019-stress-free-period-map-v2,f0.2_chiN26,0.2,26.0,scft,SCFT,3.6724051029251457,13,72,0.16666666666666666,0.19412641742589448,0.8058723855121261
liu2019-stress-free-period-map-v2,f0.2_chiN26,0.2,26.0,scft,SCFT,3.6724051029251457,14,72,0.18055555555555555,0.16426384308757594,0.8357359276662412
liu2019-stress-free-period-map-v2,f0.2_chiN26,0.2,26.0,scft,SCFT,3.6724051029251457,15,72,0.19444444444444445,0.13969708576420597,0.860303604382853
liu2019-stress-free-period-map-v2,f0.2_chiN26,0.2,26.0,scft,SCFT,3.6724051029251457,16,72,0.20833333333333334,0.1197354796107289,0.8802649850439039
liu2019-stress-free-period-map-v2,f0.2_chiN26,0.2,26.0,scft,SCFT,3.6724051029251457,17,72,0.2222222222222222,0.10365633124857773,0.8963432189667476
liu2019-stress-free-period-map-v2,f0.2_chiN26,0.2,26.0,scft,SCFT,3.6724051029251457,18,72,0.2361111111111111,0.09078617321348204,0.9092129258737697
liu2019-stress-free-period-map-v2,f0.2_chiN26,0.2,26.0,scft,SCFT,3.6724051029251457,19,72,0.25,0.08053729495787584,0.9194621377037395
liu2019-stress-free-period-map-v2,f0.2_chiN26,0.2,26.0,scft,SCFT,3.6724051029251457,20,72,0.2638888888888889,0.07241650690346736,0.927583386112917
liu2019-stress-free-period-map-v2,f0.2_chiN26,0.2,26.0,scft,SCFT,3.6724051029251457,21,72,0.2777777777777778,0.06601920466291128,0.9339806764898245
liu2019-stress-free-period-map-v2,f0.2_chiN26,0.2,26.0,scft,SCFT,3.6724051029251457,22,72,0.2916666666666667,0.0610171948454473,0.9389823637813578
liu2019-stress-free-period-map-v2,f0.2_chiN26,0.2,26.0,scft,SCFT,3.6724051029251457,23,72,0.3055555555555556,0.057145116412974394,0.9428543835289448
liu2019-stress-free-period-map-v2,f0.2_chiN26,0.2,26.0,scft,SCFT,3.6724051029251457,24,72,0.3194444444444444,0.054187863711146866,0.9458120787240162
liu2019-stress-free-period-map-v2,f0.2_chiN26,0.2,26.0,scft,SCFT,3.6724051029251457,25,72,0.3333333333333333,0.05196995083729069,0.9480305967758534
liu2019-stress-free-period-map-v2,f0.2_chiN26,0.2,26.0,scft,SCFT,3.6724051029251457,26,72,0.3472222222222222,0.05034696609484196,0.9496538496540067
liu2019-stress-free-period-map-v2,f0.2_chiN26,0.2,26.0,scft,SCFT,3.6724051029251457,27,72,0.3611111111111111,0.049198912320178007,0.9508016784159877
liu2019-stress-free-period-map-v2,f0.2_chiN26,0.2,26.0,scft,SCFT,3.6724051029251457,28,72,0.375,0.04842512696886496,0.9515750213097202
liu2019-stress-free-period-map-v2,f0.2_chiN26,0.2,26.0,scft,SCFT,3.6724051029251457,29,72,0.3888888888888889,0.04794048789662605,0.9520593932063504
liu2019-stress-free-period-map-v2,f0.2_chiN26,0.2,26.0,scft,SCFT,3.6724051029251457,30,72,0.4027777777777778,0.04767265295611205,0.9523273039353903
liu2019-stress-free-period-map-v2,f0.2_chiN26,0.2,26.0,scft,SCFT,3.6724051029251457,31,72,0.4166666666666667,0.04756011846813909,0.952440126415207
liu2019-stress-free-period-map-v2,f0.2_chiN26,0.2,26.0,scft,SCFT,3.6724051029251457,32,72,0.4305555555555556,0.0475509092284882,0.9524495866133694
liu2019-stress-free-period-map-v2,f0.2_chiN26,0.2,26.0,scft,SCFT,3.6724051029251457,33,72,0.4444444444444444,0.047601738474416136,0.9523988186765603
liu2019-stress-free-period-map-v2,f0.2_chiN26,0.2,26.0,scft,SCFT,3.6724051029251457,34,72,0.4583333333333333,0.047677504609800796,0.9523229410411116
liu2019-stress-free-period-map-v2,f0.2_chiN26,0.2,26.0,scft,SCFT,3.6724051029251457,35,72,0.4722222222222222,0.047751019666763025,0.9522492537762248
liu2019-stress-free-period-map-v2,f0.2_chiN26,0.2,26.0,scft,SCFT,3.6724051029251457,36,72,0.4861111111111111,0.04780288796379795,0.952197253923087
liu2019-stress-free-period-map-v2,f0.2_chiN26,0.2,26.0,scft,SCFT,3.6724051029251457,37,72,0.5,0.047821470750950695,0.9521786264146475
liu2019-stress-free-period-map-v2,f0.2_chiN26,0.2,26.0,scft,SCFT,3.6724051029251457,38,72,0.5138888888888888,0.04780288707747358,0.9521972616381998
liu2019-stress-free-period-map-v2,f0.2_chiN26,0.2,26.0,scft,SCFT,3.6724051029251457,39,72,0.5277777777777778,0.04775101798351912,0.9522492684858166
liu2019-stress-free-period-map-v2,f0.2_chiN26,0.2,26.0,scft,SCFT,3.6724051029251457,40,72,0.5416666666666666,0.04767750228945745,0.9523229614967736
liu2019-stress-free-period-map-v2,f0.2_chiN26,0.2,26.0,scft,SCFT,3.6724051029251457,41,72,0.5555555555555556,0.047601735710673075,0.9523988432429555
liu2019-stress-free-period-map-v2,f0.2_chiN26,0.2,26.0,scft,SCFT,3.6724051029251457,42,72,0.5694444444444444,0.04755090620819708,0.952449613389336
liu2019-stress-free-period-map-v2,f0.2_chiN26,0.2,26.0,scft,SCFT,3.6724051029251457,43,72,0.5833333333333334,0.04756011529678517,0.9524401540265877
liu2019-stress-free-period-map-v2,f0.2_chiN26,0.2,26.0,scft,SCFT,3.6724051029251457,44,72,0.5972222222222222,0.04767264960729561,0.9523273313457391
liu2019-stress-free-period-map-v2,f0.2_chiN26,0.2,26.0,scft,SCFT,3.6724051029251457,45,72,0.6111111111111112,0.04794048414374267,0.9520594202224861
liu2019-stress-free-period-map-v2,f0.2_chiN26,0.2,26.0,scft,SCFT,3.6724051029251457,46,72,0.625,0.04842512231077173,0.9515750489447352
liu2019-stress-free-period-map-v2,f0.2_chiN26,0.2,26.0,scft,SCFT,3.6724051029251457,47,72,0.6388888888888888,0.0491989059280563,0.9508017086449119
liu2019-stress-free-period-map-v2,f0.2_chiN26,0.2,26.0,scft,SCFT,3.6724051029251457,48,72,0.6527777777777778,0.05034695673095722,0.9496538858584748
liu2019-stress-free-period-map-v2,f0.2_chiN26,0.2,26.0,scft,SCFT,3.6724051029251457,49,72,0.6666666666666666,0.0519699367950018,0.948030643250087
liu2019-stress-free-period-map-v2,f0.2_chiN26,0.2,26.0,scft,SCFT,3.6724051029251457,50,72,0.6805555555555556,0.054187842721582266,0.9458121407709815
liu2019-stress-free-period-map-v2,f0.2_chiN26,0.2,26.0,scft,SCFT,3.6724051029251457,51,72,0.6944444444444444,0.05714508553669024,0.9428544674640378
liu2019-stress-free-period-map-v2,f0.2_chiN26,0.2,26.0,scft,SCFT,3.6724051029251457,52,72,0.7083333333333334,0.061017150342984224,0.9389824762016594
liu2019-stress-free-period-map-v2,f0.2_chiN26,0.2,26.0,scft,SCFT,3.6724051029251457,53,72,0.7222222222222222,0.06601914182207515,0.9339808245943678
liu2019-stress-free-period-map-v2,f0.2_chiN26,0.2,26.0,scft,SCFT,3.6724051029251457,54,72,0.7361111111111112,0.07241641980893762,0.927583577303176
liu2019-stress-free-period-map-v2,f0.2_chiN26,0.2,26.0,scft,SCFT,3.6724051029251457,55,72,0.75,0.08053717622732164,0.919462379758668
liu2019-stress-free-period-map-v2,f0.2_chiN26,0.2,26.0,scft,SCFT,3.6724051029251457,56,72,0.7638888888888888,0.0907860137184684,0.9092132268395771
liu2019-stress-free-period-map-v2,f0.2_chiN26,0.2,26.0,scft,SCFT,3.6724051029251457,57,72,0.7777777777777778,0.10365611989585478,0.896343587269407
liu2019-stress-free-period-map-v2,f0.2_chiN26,0.2,26.0,scft,SCFT,3.6724051029251457,58,72,0.7916666666666666,0.11973520328253068,0.8802654299905964
liu2019-stress-free-period-map-v2,f0.2_chiN26,0.2,26.0,scft,SCFT,3.6724051029251457,59,72,0.8055555555555556,0.13969672973630717,0.860304135553692
liu2019-stress-free-period-map-v2,f0.2_chiN26,0.2,26.0,scft,SCFT,3.6724051029251457,60,72,0.8194444444444444,0.16426339203221169,0.8357365545857569
liu2019-stress-free-period-map-v2,f0.2_chiN26,0.2,26.0,scft,SCFT,3.6724051029251457,61,72,0.8333333333333334,0.19412585759143114,0.8058731158755241
liu2019-stress-free-period-map-v2,f0.2_chiN26,0.2,26.0,scft,SCFT,3.6724051029251457,62,72,0.8472222222222222,0.2298012731127139,0.7701978891635013
liu2019-stress-free-period-map-v2,f0.2_chiN26,0.2,26.0,scft,SCFT,3.6724051029251457,63,72,0.8611111111111112,0.2714303526921461,0.7285697168782179
liu2019-stress-free-period-map-v2,f0.2_chiN26,0.2,26.0,scft,SCFT,3.6724051029251457,64,72,0.875,0.3185450613636389,0.6814553857743839
liu2019-stress-free-period-map-v2,f0.2_chiN26,0.2,26.0,scft,SCFT,3.6724051029251457,65,72,0.8888888888888888,0.36988457856561135,0.6301156352051714
liu2019-stress-free-period-map-v2,f0.2_chiN26,0.2,26.0,scft,SCFT,3.6724051029251457,66,72,0.9027777777777778,0.42336719709275256,0.5766327790886923
liu2019-stress-free-period-map-v2,f0.2_chiN26,0.2,26.0,scft,SCFT,3.6724051029251457,67,72,0.9166666666666666,0.47629712607296604,0.5237026435211349
liu2019-stress-free-period-map-v2,f0.2_chiN26,0.2,26.0,scft,SCFT,3.6724051029251457,68,72,0.9305555555555556,0.5257788931848159,0.47422075851564527
liu2019-stress-free-period-map-v2,f0.2_chiN26,0.2,26.0,scft,SCFT,3.6724051029251457,69,72,0.9444444444444444,0.5691860723321598,0.430813783821269
liu2019-stress-free-period-map-v2,f0.2_chiN26,0.2,26.0,scft,SCFT,3.6724051029251457,70,72,0.9583333333333334,0.6044950844270947,0.3955049867285478
liu2019-stress-free-period-map-v2,f0.2_chiN26,0.2,26.0,scft,SCFT,3.6724051029251457,71,72,0.9722222222222222,0.6303839410840312,0.3696160338636362
liu2019-stress-free-period-map-v2,f0.2_chiN26,0.2,26.0,scft,SCFT,3.6724051029251457,72,72,0.9861111111111112,0.6461278092495515,0.35387196785230324
liu2019-stress-free-period-map-v2,f0.2_chiN26,0.2,26.0,liu2019_opf,OPF (force/stress mapped),2.946652002933736,1,256,0.0,0.7360066234072011,0.26399337659279887
liu2019-stress-free-period-map-v2,f0.2_chiN26,0.2,26.0,liu2019_opf,OPF (force/stress mapped),2.946652002933736,2,256,0.00390625,0.7358298471553277,0.26417015284467227
liu2019-stress-free-period-map-v2,f0.2_chiN26,0.2,26.0,liu2019_opf,OPF (force/stress mapped),2.946652002933736,3,256,0.0078125,0.7352993937788803,0.2647006062211197
liu2019-stress-free-period-map-v2,f0.2_chiN26,0.2,26.0,liu2019_opf,OPF (force/stress mapped),2.946652002933736,4,256,0.01171875,0.7344148912052062,0.2655851087947938
liu2019-stress-free-period-map-v2,f0.2_chiN26,0.2,26.0,liu2019_opf,OPF (force/stress mapped),2.946652002933736,5,256,0.015625,0.7331757242174723,0.26682427578252765
liu2019-stress-free-period-map-v2,f0.2_chiN26,0.2,26.0,liu2019_opf,OPF (force/stress mapped),2.946652002933736,6,256,0.01953125,0.7315810457392686,0.26841895426073137
liu2019-stress-free-period-map-v2,f0.2_chiN26,0.2,26.0,liu2019_opf,OPF (force/stress mapped),2.946652002933736,7,256,0.0234375,0.7296297916163754,0.2703702083836246
liu2019-stress-free-period-map-v2,f0.2_chiN26,0.2,26.0,liu2019_opf,OPF (force/stress mapped),2.946652002933736,8,256,0.02734375,0.7273206993786678,0.27267930062133217
liu2019-stress-free-period-map-v2,f0.2_chiN26,0.2,26.0,liu2019_opf,OPF (force/stress mapped),2.946652002933736,9,256,0.03125,0.7246523299324861,0.2753476700675139
liu2019-stress-free-period-map-v2,f0.2_chiN26,0.2,26.0,liu2019_opf,OPF (force/stress mapped),2.946652002933736,10,256,0.03515625,0.7216230937888963,0.27837690621110367
liu2019-stress-free-period-map-v2,f0.2_chiN26,0.2,26.0,liu2019_opf,OPF (force/stress mapped),2.946652002933736,11,256,0.0390625,0.7182312827298363,0.2817687172701637
liu2019-stress-free-period-map-v2,f0.2_chiN26,0.2,26.0,liu2019_opf,OPF (force/stress mapped),2.946652002933736,12,256,0.04296875,0.7144751043948943,0.28552489560510574
liu2019-stress-free-period-map-v2,f0.2_chiN26,0.2,26.0,liu2019_opf,OPF (force/stress mapped),2.946652002933736,13,256,0.046875,0.7103527201793955,0.28964727982060445
liu2019-stress-free-period-map-v2,f0.2_chiN26,0.2,26.0,liu2019_opf,OPF (force/stress mapped),2.946652002933736,14,256,0.05078125,0.7058622874545066,0.29413771254549337
liu2019-stress-free-period-map-v2,f0.2_chiN26,0.2,26.0,liu2019_opf,OPF (force/stress mapped),2.946652002933736,15,256,0.0546875,0.7010020053230133,0.29899799467698673
liu2019-stress-free-period-map-v2,f0.2_chiN26,0.2,26.0,liu2019_opf,OPF (force/stress mapped),2.946652002933736,16,256,0.05859375,0.6957701634448946,0.3042298365551054
liu2019-stress-free-period-map-v2,f0.2_chiN26,0.2,26.0,liu2019_opf,OPF (force/stress mapped),2.946652002933736,17,256,0.0625,0.6901651948550409,0.3098348051449591
liu2019-stress-free-period-map-v2,f0.2_chiN26,0.2,26.0,liu2019_opf,OPF (force/stress mapped),2.946652002933736,18,256,0.06640625,0.6841857310723328,0.3158142689276672
liu2019-stress-free-period-map-v2,f0.2_chiN26,0.2,26.0,liu2019_opf,OPF (force/stress mapped),2.946652002933736,19,256,0.0703125,0.6778306616323471,0.32216933836765294
liu2019-stress-free-period-map-v2,f0.2_chiN26,0.2,26.0,liu2019_opf,OPF (force/stress mapped),2.946652002933736,20,256,0.07421875,0.6710991924835499,0.3289008075164501
liu2019-stress-free-period-map-v2,f0.2_chiN26,0.2,26.0,liu2019_opf,OPF (force/stress mapped),2.946652002933736,21,256,0.078125,0.6639909093367369,0.3360090906632631
liu2019-stress-free-period-map-v2,f0.2_chiN26,0.2,26.0,liu2019_opf,OPF (force/stress mapped),2.946652002933736,22,256,0.08203125,0.6565058417436147,0.3434941582563853
liu2019-stress-free-period-map-v2,f0.2_chiN26,0.2,26.0,liu2019_opf,OPF (force/stress mapped),2.946652002933736,23,256,0.0859375,0.6486445282231121,0.35135547177688786
liu2019-stress-free-period-map-v2,f0.2_chiN26,0.2,26.0,liu2019_opf,OPF (force/stress mapped),2.946652002933736,24,256,0.08984375,0.6404080802777292,0.3595919197222708
liu2019-stress-free-period-map-v2,f0.2_chiN26,0.2,26.0,liu2019_opf,OPF (force/stress mapped),2.946652002933736,25,256,0.09375,0.6317982484151488,0.36820175158485124
liu2019-stress-free-period-map-v2,f0.2_chiN26,0.2,26.0,liu2019_opf,OPF (force/stress mapped),2.946652002933736,26,256,0.09765625,0.6228174859396716,0.37718251406032843
liu2019-stress-free-period-map-v2,f0.2_chiN26,0.2,26.0,liu2019_opf,OPF (force/stress mapped),2.946652002933736,27,256,0.1015625,0.6134690117218944,0.3865309882781056
liu2019-stress-free-period-map-v2,f0.2_chiN26,0.2,26.0,liu2019_opf,OPF (force/stress mapped),2.946652002933736,28,256,0.10546875,0.6037568675276197,0.3962431324723803
liu2019-stress-free-period-map-v2,f0.2_chiN26,0.2,26.0,liu2019_opf,OPF (force/stress mapped),2.946652002933736,29,256,0.109375,0.5936859770458313,0.40631402295416874
liu2019-stress-free-period-map-v2,f0.2_chiN26,0.2,26.0,liu2019_opf,OPF (force/stress mapped),2.946652002933736,30,256,0.11328125,0.583262198245893,0.416737801754107
liu2019-stress-free-period-map-v2,f0.2_chiN26,0.2,26.0,liu2019_opf,OPF (force/stress mapped),2.946652002933736,31,256,0.1171875,0.5724923709112475,0.4275076290887525
liu2019-stress-free-period-map-v2,f0.2_chiN26,0.2,26.0,liu2019_opf,OPF (force/stress mapped),2.946652002933736,32,256,0.12109375,0.561384355608577,0.438615644391423
liu2019-stress-free-period-map-v2,f0.2_chiN26,0.2,26.0,liu2019_opf,OPF (force/stress mapped),2.946652002933736,33,256,0.125,0.5499470688449906,0.45005293115500944
liu2019-stress-free-period-map-v2,f0.2_chiN26,0.2,26.0,liu2019_opf,OPF (force/stress mapped),2.946652002933736,34,256,0.12890625,0.5381905099702495,0.46180949002975047
liu2019-stress-free-period-map-v2,f0.2_chiN26,0.2,26.0,liu2019_opf,OPF (force/stress mapped),2.946652002933736,35,256,0.1328125,0.5261257799719472,0.4738742200280528
liu2019-stress-free-period-map-v2,f0.2_chiN26,0.2,26.0,liu2019_opf,OPF (force/stress mapped),2.946652002933736,36,256,0.13671875,0.5137650900391035,0.48623490996089647
liu2019-stress-free-period-map-v2,f0.2_chiN26,0.2,26.0,liu2019_opf,OPF (force/stress mapped),2.946652002933736,37,256,0.140625,0.5011217611449292,0.49887823885507077
liu2019-stress-free-period-map-v2,f0.2_chiN26,0.2,26.0,liu2019_opf,OPF (force/stress mapped),2.946652002933736,38,256,0.14453125,0.4882102118736299,0.5117897881263701
liu2019-stress-free-period-map-v2,f0.2_chiN26,0.2,26.0,liu2019_opf,OPF (force/stress mapped),2.946652002933736,39,256,0.1484375,0.47504593752294605,0.5249540624770539
liu2019-stress-free-period-map-v2,f0.2_chiN26,0.2,26.0,liu2019_opf,OPF (force/stress mapped),2.946652002933736,40,256,0.15234375,0.46164547616153934,0.5383545238384606
liu2019-stress-free-period-map-v2,f0.2_chiN26,0.2,26.0,liu2019_opf,OPF (force/stress mapped),2.946652002933736,41,256,0.15625,0.4480263653254961,0.5519736346745039
liu2019-stress-free-period-map-v2,f0.2_chiN26,0.2,26.0,liu2019_opf,OPF (force/stress mapped),2.946652002933736,42,256,0.16015625,0.434207086049323,0.565792913950677
liu2019-stress-free-period-map-v2,f0.2_chiN26,0.2,26.0,liu2019_opf,OPF (force/stress mapped),2.946652002933736,43,256,0.1640625,0.42020699787352556,0.5797930021264744
liu2019-stress-free-period-map-v2,f0.2_chiN26,0.2,26.0,liu2019_opf,OPF (force/stress mapped),2.946652002933736,44,256,0.16796875,0.40604626283264644,0.5939537371673536
liu2019-stress-free-period-map-v2,f0.2_chiN26,0.2,26.0,liu2019_opf,OPF (force/stress mapped),2.946652002933736,45,256,0.171875,0.3917457578453126,0.6082542421546874
liu2019-stress-free-period-map-v2,f0.2_chiN26,0.2,26.0,liu2019_opf,OPF (force/stress mapped),2.946652002933736,46,256,0.17578125,0.37732698011095556,0.6226730198890444
liu2019-stress-free-period-map-v2,f0.2_chiN26,0.2,26.0,liu2019_opf,OPF (force/stress mapped),2.946652002933736,47,256,0.1796875,0.3628119469904156,0.6371880530095844
liu2019-stress-free-period-map-v2,f0.2_chiN26,0.2,26.0,liu2019_opf,OPF (force/stress mapped),2.946652002933736,48,256,0.18359375,0.3482230840687607,0.6517769159312393
liu2019-stress-free-period-map-v2,f0.2_chiN26,0.2,26.0,liu2019_opf,OPF (force/stress mapped),2.946652002933736,49,256,0.1875,0.33358310899865884,0.6664168910013412
liu2019-stress-free-period-map-v2,f0.2_chiN26,0.2,26.0,liu2019_opf,OPF (force/stress mapped),2.946652002933736,50,256,0.19140625,0.31891491248212067,0.6810850875178793
liu2019-stress-free-period-map-v2,f0.2_chiN26,0.2,26.0,liu2019_opf,OPF (force/stress mapped),2.946652002933736,51,256,0.1953125,0.30424143730638686,0.6957585626936131
liu2019-stress-free-period-map-v2,f0.2_chiN26,0.2,26.0,liu2019_opf,OPF (force/stress mapped),2.946652002933736,52,256,0.19921875,0.2895855527246934,0.7104144472753067
liu2019-stress-free-period-map-v2,f0.2_chiN26,0.2,26.0,liu2019_opf,OPF (force/stress mapped),2.946652002933736,53,256,0.203125,0.2749699309134639,0.7250300690865361
liu2019-stress-free-period-map-v2,f0.2_chiN26,0.2,26.0,liu2019_opf,OPF (force/stress mapped),2.946652002933736,54,256,0.20703125,0.2604169264772731,0.7395830735227269
liu2019-stress-free-period-map-v2,f0.2_chiN26,0.2,26.0,liu2019_opf,OPF (force/stress mapped),2.946652002933736,55,256,0.2109375,0.24594845801085402,0.754051541989146
liu2019-stress-free-period-map-v2,f0.2_chiN26,0.2,26.0,liu2019_opf,OPF (force/stress mapped),2.946652002933736,56,256,0.21484375,0.23158589227910037,0.7684141077208997
liu2019-stress-free-period-map-v2,f0.2_chiN26,0.2,26.0,liu2019_opf,OPF (force/stress mapped),2.946652002933736,57,256,0.21875,0.21734993655327328,0.7826500634467267
liu2019-stress-free-period-map-v2,f0.2_chiN26,0.2,26.0,liu2019_opf,OPF (force/stress mapped),2.946652002933736,58,256,0.22265625,0.20326053856546186,0.7967394614345381
liu2019-stress-free-period-map-v2,f0.2_chiN26,0.2,26.0,liu2019_opf,OPF (force/stress mapped),2.946652002933736,59,256,0.2265625,0.18933679209046617,0.8106632079095338
liu2019-stress-free-period-map-v2,f0.2_chiN26,0.2,26.0,liu2019_opf,OPF (force/stress mapped),2.946652002933736,60,256,0.23046875,0.1755968544400061,0.8244031455599938
liu2019-stress-free-period-map-v2,f0.2_chiN26,0.2,26.0,liu2019_opf,OPF (force/stress mapped),2.946652002933736,61,256,0.234375,0.16205787147272616,0.8379421285272739
liu2019-stress-free-period-map-v2,f0.2_chiN26,0.2,26.0,liu2019_opf,OPF (force/stress mapped),2.946652002933736,62,256,0.23828125,0.14873591586411417,0.8512640841358858
liu2019-stress-free-period-map-v2,f0.2_chiN26,0.2,26.0,liu2019_opf,OPF (force/stress mapped),2.946652002933736,63,256,0.2421875,0.13564593237054828,0.8643540676294517
liu2019-stress-free-period-map-v2,f0.2_chiN26,0.2,26.0,liu2019_opf,OPF (force/stress mapped),2.946652002933736,64,256,0.24609375,0.12280169660385322,0.8771983033961468
liu2019-stress-free-period-map-v2,f0.2_chiN26,0.2,26.0,liu2019_opf,OPF (force/stress mapped),2.946652002933736,65,256,0.25,0.11021578260027874,0.8897842173997212
liu2019-stress-free-period-map-v2,f0.2_chiN26,0.2,26.0,liu2019_opf,OPF (force/stress mapped),2.946652002933736,66,256,0.25390625,0.09789954283869401,0.902100457161306
liu2019-stress-free-period-map-v2,f0.2_chiN26,0.2,26.0,liu2019_opf,OPF (force/stress mapped),2.946652002933736,67,256,0.2578125,0.08586309737034066,0.9141369026296593
liu2019-stress-free-period-map-v2,f0.2_chiN26,0.2,26.0,liu2019_opf,OPF (force/stress mapped),2.946652002933736,68,256,0.26171875,0.07411533591544939,0.9258846640845506
liu2019-stress-free-period-map-v2,f0.2_chiN26,0.2,26.0,liu2019_opf,OPF (force/stress mapped),2.946652002933736,69,256,0.265625,0.06266392500277096,0.937336074997229
liu2019-stress-free-period-map-v2,f0.2_chiN26,0.2,26.0,liu2019_opf,OPF (force/stress mapped),2.946652002933736,70,256,0.26953125,0.051515328224636975,0.948484671775363
liu2019-stress-free-period-map-v2,f0.2_chiN26,0.2,26.0,liu2019_opf,OPF (force/stress mapped),2.946652002933736,71,256,0.2734375,0.04067483098993077,0.9593251690100693
liu2019-stress-free-period-map-v2,f0.2_chiN26,0.2,26.0,liu2019_opf,OPF (force/stress mapped),2.946652002933736,72,256,0.27734375,0.030146575539293397,0.9698534244607067
liu2019-stress-free-period-map-v2,f0.2_chiN26,0.2,26.0,liu2019_opf,OPF (force/stress mapped),2.946652002933736,73,256,0.28125,0.019933598986629747,0.9800664010133703
liu2019-stress-free-period-map-v2,f0.2_chiN26,0.2,26.0,liu2019_opf,OPF (force/stress mapped),2.946652002933736,74,256,0.28515625,0.010037878463510508,0.9899621215364895
liu2019-stress-free-period-map-v2,f0.2_chiN26,0.2,26.0,liu2019_opf,OPF (force/stress mapped),2.946652002933736,75,256,0.2890625,0.0004603818661732262,0.9995396181338267
liu2019-stress-free-period-map-v2,f0.2_chiN26,0.2,26.0,liu2019_opf,OPF (force/stress mapped),2.946652002933736,76,256,0.29296875,-0.008798875833187614,1.0087988758331876
liu2019-stress-free-period-map-v2,f0.2_chiN26,0.2,26.0,liu2019_opf,OPF (force/stress mapped),2.946652002933736,77,256,0.296875,-0.017740778636466753,1.0177407786364667
liu2019-stress-free-period-map-v2,f0.2_chiN26,0.2,26.0,liu2019_opf,OPF (force/stress mapped),2.946652002933736,78,256,0.30078125,-0.026367050186808905,1.026367050186809
liu2019-stress-free-period-map-v2,f0.2_chiN26,0.2,26.0,liu2019_opf,OPF (force/stress mapped),2.946652002933736,79,256,0.3046875,-0.03468019337018782,1.034680193370188
liu2019-stress-free-period-map-v2,f0.2_chiN26,0.2,26.0,liu2019_opf,OPF (force/stress mapped),2.946652002933736,80,256,0.30859375,-0.04268342676461356,1.0426834267646137
liu2019-stress-free-period-map-v2,f0.2_chiN26,0.2,26.0,liu2019_opf,OPF (force/stress mapped),2.946652002933736,81,256,0.3125,-0.05038062416148231,1.0503806241614824
liu2019-stress-free-period-map-v2,f0.2_chiN26,0.2,26.0,liu2019_opf,OPF (force/stress mapped),2.946652002933736,82,256,0.31640625,-0.057776253710670744,1.0577762537106707
liu2019-stress-free-period-map-v2,f0.2_chiN26,0.2,26.0,liu2019_opf,OPF (force/stress mapped),2.946652002933736,83,256,0.3203125,-0.06487531809672237,1.0648753180967223
liu2019-stress-free-period-map-v2,f0.2_chiN26,0.2,26.0,liu2019_opf,OPF (force/stress mapped),2.946652002933736,84,256,0.32421875,-0.0716832940273453,1.0716832940273453
liu2019-stress-free-period-map-v2,f0.2_chiN26,0.2,26.0,liu2019_opf,OPF (force/stress mapped),2.946652002933736,85,256,0.328125,-0.0782060754665529,1.0782060754665528
liu2019-stress-free-period-map-v2,f0.2_chiN26,0.2,26.0,liu2019_opf,OPF (force/stress mapped),2.946652002933736,86,256,0.33203125,-0.0844499191874532,1.0844499191874533
liu2019-stress-free-period-map-v2,f0.2_chiN26,0.2,26.0,liu2019_opf,OPF (force/stress mapped),2.946652002933736,87,256,0.3359375,-0.09042139182526465,1.0904213918252648
liu2019-stress-free-period-map-v2,f0.2_chiN26,0.2,26.0,liu2019_opf,OPF (force/stress mapped),2.946652002933736,88,256,0.33984375,-0.09612731863470231,1.0961273186347023
liu2019-stress-free-period-map-v2,f0.2_chiN26,0.2,26.0,liu2019_opf,OPF (force/stress mapped),2.946652002933736,89,256,0.34375,-0.1015747363365071,1.1015747363365072
liu2019-stress-free-period-map-v2,f0.2_chiN26,0.2,26.0,liu2019_opf,OPF (force/stress mapped),2.946652002933736,90,256,0.34765625,-0.10677084761950828,1.1067708476195084
liu2019-stress-free-period-map-v2,f0.2_chiN26,0.2,26.0,liu2019_opf,OPF (force/stress mapped),2.946652002933736,91,256,0.3515625,-0.11172297908057405,1.111722979080574
liu2019-stress-free-period-map-v2,f0.2_chiN26,0.2,26.0,liu2019_opf,OPF (force/stress mapped),2.946652002933736,92,256,0.35546875,-0.11643854299861878,1.1164385429986188
liu2019-stress-free-period-map-v2,f0.2_chiN26,0.2,26.0,liu2019_opf,OPF (force/stress mapped),2.946652002933736,93,256,0.359375,-0.1209250000395824,1.1209250000395823
liu2019-stress-free-period-map-v2,f0.2_chiN26,0.2,26.0,liu2019_opf,OPF (force/stress mapped),2.946652002933736,94,256,0.36328125,-0.12518982528717737,1.1251898252871775
liu2019-stress-free-period-map-v2,f0.2_chiN26,0.2,26.0,liu2019_opf,OPF (force/stress mapped),2.946652002933736,95,256,0.3671875,-0.12924047737807548,1.1292404773780755
liu2019-stress-free-period-map-v2,f0.2_chiN26,0.2,26.0,liu2019_opf,OPF (force/stress mapped),2.946652002933736,96,256,0.37109375,-0.13308437093017395,1.133084370930174
liu2019-stress-free-period-map-v2,f0.2_chiN26,0.2,26.0,liu2019_opf,OPF (force/stress mapped),2.946652002933736,97,256,0.375,-0.13672885064928242,1.1367288506492823
liu2019-stress-free-period-map-v2,f0.2_chiN26,0.2,26.0,liu2019_opf,OPF (force/stress mapped),2.946652002933736,98,256,0.37890625,-0.14018116590425928,1.1401811659042593
liu2019-stress-free-period-map-v2,f0.2_chiN26,0.2,26.0,liu2019_opf,OPF (force/stress mapped),2.946652002933736,99,256,0.3828125,-0.14344845079585505,1.143448450795855
liu2019-stress-free-period-map-v2,f0.2_chiN26,0.2,26.0,liu2019_opf,OPF (force/stress mapped),2.946652002933736,100,256,0.38671875,-0.14653770497350627,1.1465377049735062
liu2019-stress-free-period-map-v2,f0.2_chiN26,0.2,26.0,liu2019_opf,OPF (force/stress mapped),2.946652002933736,101,256,0.390625,-0.14945577815776417,1.1494557781577641
liu2019-stress-free-period-map-v2,f0.2_chiN26,0.2,26.0,liu2019_opf,OPF (force/stress mapped),2.946652002933736,102,256,0.39453125,-0.15220935515153067,1.1522093551515307
liu2019-stress-free-period-map-v2,f0.2_chiN26,0.2,26.0,liu2019_opf,OPF (force/stress mapped),2.946652002933736,103,256,0.3984375,-0.15480494149774515,1.154804941497745
liu2019-stress-free-period-map-v2,f0.2_chiN26,0.2,26.0,liu2019_opf,OPF (force/stress mapped),2.946652002933736,104,256,0.40234375,-0.1572488498465231,1.157248849846523
liu2019-stress-free-period-map-v2,f0.2_chiN26,0.2,26.0,liu2019_opf,OPF (force/stress mapped),2.946652002933736,105,256,0.40625,-0.1595471917958698,1.1595471917958697
liu2019-stress-free-period-map-v2,f0.2_chiN26,0.2,26.0,liu2019_opf,OPF (force/stress mapped),2.946652002933736,106,256,0.41015625,-0.16170587165280764,1.1617058716528077
liu2019-stress-free-period-map-v2,f0.2_chiN26,0.2,26.0,liu2019_opf,OPF (force/stress mapped),2.946652002933736,107,256,0.4140625,-0.1637305762356256,1.1637305762356256
liu2019-stress-free-period-map-v2,f0.2_chiN26,0.2,26.0,liu2019_opf,OPF (force/stress mapped),2.946652002933736,108,256,0.41796875,-0.1656267679185141,1.1656267679185142
liu2019-stress-free-period-map-v2,f0.2_chiN26,0.2,26.0,liu2019_opf,OPF (force/stress mapped),2.946652002933736,109,256,0.421875,-0.16739968075774453,1.1673996807577445
liu2019-stress-free-period-map-v2,f0.2_chiN26,0.2,26.0,liu2019_opf,OPF (force/stress mapped),2.946652002933736,110,256,0.42578125,-0.16905431684465977,1.1690543168446599
liu2019-stress-free-period-map-v2,f0.2_chiN26,0.2,26.0,liu2019_opf,OPF (force/stress mapped),2.946652002933736,111,256,0.4296875,-0.1705954405858945,1.1705954405858945
liu2019-stress-free-period-map-v2,f0.2_chiN26,0.2,26.0,liu2019_opf,OPF (force/stress mapped),2.946652002933736,112,256,0.43359375,-0.17202757809180358,1.1720275780918037
liu2019-stress-free-period-map-v2,f0.2_chiN26,0.2,26.0,liu2019_opf,OPF (force/stress mapped),2.946652002933736,113,256,0.4375,-0.1733550133397806,1.1733550133397805
liu2019-stress-free-period-map-v2,f0.2_chiN26,0.2,26.0,liu2019_opf,OPF (force/stress mapped),2.946652002933736,114,256,0.44140625,-0.17458178743849728,1.1745817874384974
liu2019-stress-free-period-map-v2,f0.2_chiN26,0.2,26.0,liu2019_opf,OPF (force/stress mapped),2.946652002933736,115,256,0.4453125,-0.1757116954350471,1.175711695435047
liu2019-stress-free-period-map-v2,f0.2_chiN26,0.2,26.0,liu2019_opf,OPF (force/stress mapped),2.946652002933736,116,256,0.44921875,-0.17674828797010927,1.1767482879701092
liu2019-stress-free-period-map-v2,f0.2_chiN26,0.2,26.0,liu2019_opf,OPF (force/stress mapped),2.946652002933736,117,256,0.453125,-0.177694869765526,1.177694869765526
liu2019-stress-free-period-map-v2,f0.2_chiN26,0.2,26.0,liu2019_opf,OPF (force/stress mapped),2.946652002933736,118,256,0.45703125,-0.17855449883343405,1.178554498833434
liu2019-stress-free-period-map-v2,f0.2_chiN26,0.2,26.0,liu2019_opf,OPF (force/stress mapped),2.946652002933736,119,256,0.4609375,-0.1793299861122269,1.1793299861122268
liu2019-stress-free-period-map-v2,f0.2_chiN26,0.2,26.0,liu2019_opf,OPF (force/stress mapped),2.946652002933736,120,256,0.46484375,-0.18002389715611883,1.1800238971561188
liu2019-stress-free-period-map-v2,f0.2_chiN26,0.2,26.0,liu2019_opf,OPF (force/stress mapped),2.946652002933736,121,256,0.46875,-0.18063855135012935,1.1806385513501294
liu2019-stress-free-period-map-v2,f0.2_chiN26,0.2,26.0,liu2019_opf,OPF (force/stress mapped),2.946652002933736,122,256,0.47265625,-0.1811760223278474,1.1811760223278474
liu2019-stress-free-period-map-v2,f0.2_chiN26,0.2,26.0,liu2019_opf,OPF (force/stress mapped),2.946652002933736,123,256,0.4765625,-0.1816381378068022,1.1816381378068022
liu2019-stress-free-period-map-v2,f0.2_chiN26,0.2,26.0,liu2019_opf,OPF (force/stress mapped),2.946652002933736,124,256,0.48046875,-0.18202648134762678,1.1820264813476267
liu2019-stress-free-period-map-v2,f0.2_chiN26,0.2,26.0,liu2019_opf,OPF (force/stress mapped),2.946652002933736,125,256,0.484375,-0.18234239209332542,1.1823423920933254
liu2019-stress-free-period-map-v2,f0.2_chiN26,0.2,26.0,liu2019_opf,OPF (force/stress mapped),2.946652002933736,126,256,0.48828125,-0.18258696527104312,1.1825869652710432
liu2019-stress-free-period-map-v2,f0.2_chiN26,0.2,26.0,liu2019_opf,OPF (force/stress mapped),2.946652002933736,127,256,0.4921875,-0.1827610521424014,1.1827610521424015
liu2019-stress-free-period-map-v2,f0.2_chiN26,0.2,26.0,liu2019_opf,OPF (force/stress mapped),2.946652002933736,128,256,0.49609375,-0.18286526126158914,1.182865261261589
liu2019-stress-free-period-map-v2,f0.2_chiN26,0.2,26.0,liu2019_opf,OPF (force/stress mapped),2.946652002933736,129,256,0.5,-0.18289995715396373,1.1828999571539638
liu2019-stress-free-period-map-v2,f0.2_chiN26,0.2,26.0,liu2019_opf,OPF (force/stress mapped),2.946652002933736,130,256,0.50390625,-0.18286526126158914,1.182865261261589
liu2019-stress-free-period-map-v2,f0.2_chiN26,0.2,26.0,liu2019_opf,OPF (force/stress mapped),2.946652002933736,131,256,0.5078125,-0.1827610521424014,1.1827610521424015
liu2019-stress-free-period-map-v2,f0.2_chiN26,0.2,26.0,liu2019_opf,OPF (force/stress mapped),2.946652002933736,132,256,0.51171875,-0.18258696527104312,1.1825869652710432
liu2019-stress-free-period-map-v2,f0.2_chiN26,0.2,26.0,liu2019_opf,OPF (force/stress mapped),2.946652002933736,133,256,0.515625,-0.18234239209332542,1.1823423920933254
liu2019-stress-free-period-map-v2,f0.2_chiN26,0.2,26.0,liu2019_opf,OPF (force/stress mapped),2.946652002933736,134,256,0.51953125,-0.18202648134762678,1.1820264813476267
liu2019-stress-free-period-map-v2,f0.2_chiN26,0.2,26.0,liu2019_opf,OPF (force/stress mapped),2.946652002933736,135,256,0.5234375,-0.1816381378068022,1.1816381378068022
liu2019-stress-free-period-map-v2,f0.2_chiN26,0.2,26.0,liu2019_opf,OPF (force/stress mapped),2.946652002933736,136,256,0.52734375,-0.1811760223278474,1.1811760223278474
liu2019-stress-free-period-map-v2,f0.2_chiN26,0.2,26.0,liu2019_opf,OPF (force/stress mapped),2.946652002933736,137,256,0.53125,-0.18063855135012935,1.1806385513501294
liu2019-stress-free-period-map-v2,f0.2_chiN26,0.2,26.0,liu2019_opf,OPF (force/stress mapped),2.946652002933736,138,256,0.53515625,-0.18002389715611883,1.1800238971561188
liu2019-stress-free-period-map-v2,f0.2_chiN26,0.2,26.0,liu2019_opf,OPF (force/stress mapped),2.946652002933736,139,256,0.5390625,-0.1793299861122269,1.1793299861122268
liu2019-stress-free-period-map-v2,f0.2_chiN26,0.2,26.0,liu2019_opf,OPF (force/stress mapped),2.946652002933736,140,256,0.54296875,-0.17855449883343405,1.178554498833434
liu2019-stress-free-period-map-v2,f0.2_chiN26,0.2,26.0,liu2019_opf,OPF (force/stress mapped),2.946652002933736,141,256,0.546875,-0.177694869765526,1.177694869765526
liu2019-stress-free-period-map-v2,f0.2_chiN26,0.2,26.0,liu2019_opf,OPF (force/stress mapped),2.946652002933736,142,256,0.55078125,-0.17674828797010927,1.1767482879701092
liu2019-stress-free-period-map-v2,f0.2_chiN26,0.2,26.0,liu2019_opf,OPF (force/stress mapped),2.946652002933736,143,256,0.5546875,-0.1757116954350471,1.175711695435047
liu2019-stress-free-period-map-v2,f0.2_chiN26,0.2,26.0,liu2019_opf,OPF (force/stress mapped),2.946652002933736,144,256,0.55859375,-0.17458178743849728,1.1745817874384974
liu2019-stress-free-period-map-v2,f0.2_chiN26,0.2,26.0,liu2019_opf,OPF (force/stress mapped),2.946652002933736,145,256,0.5625,-0.1733550133397806,1.1733550133397805
liu2019-stress-free-period-map-v2,f0.2_chiN26,0.2,26.0,liu2019_opf,OPF (force/stress mapped),2.946652002933736,146,256,0.56640625,-0.17202757809180358,1.1720275780918037
liu2019-stress-free-period-map-v2,f0.2_chiN26,0.2,26.0,liu2019_opf,OPF (force/stress mapped),2.946652002933736,147,256,0.5703125,-0.1705954405858945,1.1705954405858945
liu2019-stress-free-period-map-v2,f0.2_chiN26,0.2,26.0,liu2019_opf,OPF (force/stress mapped),2.946652002933736,148,256,0.57421875,-0.16905431684465977,1.1690543168446599
liu2019-stress-free-period-map-v2,f0.2_chiN26,0.2,26.0,liu2019_opf,OPF (force/stress mapped),2.946652002933736,149,256,0.578125,-0.16739968075774453,1.1673996807577445
liu2019-stress-free-period-map-v2,f0.2_chiN26,0.2,26.0,liu2019_opf,OPF (force/stress mapped),2.946652002933736,150,256,0.58203125,-0.1656267679185141,1.1656267679185142
liu2019-stress-free-period-map-v2,f0.2_chiN26,0.2,26.0,liu2019_opf,OPF (force/stress mapped),2.946652002933736,151,256,0.5859375,-0.1637305762356256,1.1637305762356256
liu2019-stress-free-period-map-v2,f0.2_chiN26,0.2,26.0,liu2019_opf,OPF (force/stress mapped),2.946652002933736,152,256,0.58984375,-0.16170587165280764,1.1617058716528077
liu2019-stress-free-period-map-v2,f0.2_chiN26,0.2,26.0,liu2019_opf,OPF (force/stress mapped),2.946652002933736,153,256,0.59375,-0.1595471917958698,1.1595471917958697
liu2019-stress-free-period-map-v2,f0.2_chiN26,0.2,26.0,liu2019_opf,OPF (force/stress mapped),2.946652002933736,154,256,0.59765625,-0.1572488498465231,1.157248849846523
liu2019-stress-free-period-map-v2,f0.2_chiN26,0.2,26.0,liu2019_opf,OPF (force/stress mapped),2.946652002933736,155,256,0.6015625,-0.15480494149774515,1.154804941497745
liu2019-stress-free-period-map-v2,f0.2_chiN26,0.2,26.0,liu2019_opf,OPF (force/stress mapped),2.946652002933736,156,256,0.60546875,-0.15220935515153067,1.1522093551515307
liu2019-stress-free-period-map-v2,f0.2_chiN26,0.2,26.0,liu2019_opf,OPF (force/stress mapped),2.946652002933736,157,256,0.609375,-0.14945577815776417,1.1494557781577641
liu2019-stress-free-period-map-v2,f0.2_chiN26,0.2,26.0,liu2019_opf,OPF (force/stress mapped),2.946652002933736,158,256,0.61328125,-0.14653770497350627,1.1465377049735062
liu2019-stress-free-period-map-v2,f0.2_chiN26,0.2,26.0,liu2019_opf,OPF (force/stress mapped),2.946652002933736,159,256,0.6171875,-0.14344845079585505,1.143448450795855
liu2019-stress-free-period-map-v2,f0.2_chiN26,0.2,26.0,liu2019_opf,OPF (force/stress mapped),2.946652002933736,160,256,0.62109375,-0.14018116590425928,1.1401811659042593
liu2019-stress-free-period-map-v2,f0.2_chiN26,0.2,26.0,liu2019_opf,OPF (force/stress mapped),2.946652002933736,161,256,0.625,-0.13672885064928242,1.1367288506492823
liu2019-stress-free-period-map-v2,f0.2_chiN26,0.2,26.0,liu2019_opf,OPF (force/stress mapped),2.946652002933736,162,256,0.62890625,-0.13308437093017395,1.133084370930174
liu2019-stress-free-period-map-v2,f0.2_chiN26,0.2,26.0,liu2019_opf,OPF (force/stress mapped),2.946652002933736,163,256,0.6328125,-0.12924047737807548,1.1292404773780755
liu2019-stress-free-period-map-v2,f0.2_chiN26,0.2,26.0,liu2019_opf,OPF (force/stress mapped),2.946652002933736,164,256,0.63671875,-0.12518982528717737,1.1251898252871775
liu2019-stress-free-period-map-v2,f0.2_chiN26,0.2,26.0,liu2019_opf,OPF (force/stress mapped),2.946652002933736,165,256,0.640625,-0.1209250000395824,1.1209250000395823
liu2019-stress-free-period-map-v2,f0.2_chiN26,0.2,26.0,liu2019_opf,OPF (force/stress mapped),2.946652002933736,166,256,0.64453125,-0.11643854299861878,1.1164385429986188
liu2019-stress-free-period-map-v2,f0.2_chiN26,0.2,26.0,liu2019_opf,OPF (force/stress mapped),2.946652002933736,167,256,0.6484375,-0.11172297908057405,1.111722979080574
liu2019-stress-free-period-map-v2,f0.2_chiN26,0.2,26.0,liu2019_opf,OPF (force/stress mapped),2.946652002933736,168,256,0.65234375,-0.10677084761950828,1.1067708476195084
liu2019-stress-free-period-map-v2,f0.2_chiN26,0.2,26.0,liu2019_opf,OPF (force/stress mapped),2.946652002933736,169,256,0.65625,-0.1015747363365071,1.1015747363365072
liu2019-stress-free-period-map-v2,f0.2_chiN26,0.2,26.0,liu2019_opf,OPF (force/stress mapped),2.946652002933736,170,256,0.66015625,-0.09612731863470231,1.0961273186347023
liu2019-stress-free-period-map-v2,f0.2_chiN26,0.2,26.0,liu2019_opf,OPF (force/stress mapped),2.946652002933736,171,256,0.6640625,-0.09042139182526465,1.0904213918252648
liu2019-stress-free-period-map-v2,f0.2_chiN26,0.2,26.0,liu2019_opf,OPF (force/stress mapped),2.946652002933736,172,256,0.66796875,-0.0844499191874532,1.0844499191874533
liu2019-stress-free-period-map-v2,f0.2_chiN26,0.2,26.0,liu2019_opf,OPF (force/stress mapped),2.946652002933736,173,256,0.671875,-0.0782060754665529,1.0782060754665528
liu2019-stress-free-period-map-v2,f0.2_chiN26,0.2,26.0,liu2019_opf,OPF (force/stress mapped),2.946652002933736,174,256,0.67578125,-0.0716832940273453,1.0716832940273453
liu2019-stress-free-period-map-v2,f0.2_chiN26,0.2,26.0,liu2019_opf,OPF (force/stress mapped),2.946652002933736,175,256,0.6796875,-0.06487531809672237,1.0648753180967223
liu2019-stress-free-period-map-v2,f0.2_chiN26,0.2,26.0,liu2019_opf,OPF (force/stress mapped),2.946652002933736,176,256,0.68359375,-0.057776253710670744,1.0577762537106707
liu2019-stress-free-period-map-v2,f0.2_chiN26,0.2,26.0,liu2019_opf,OPF (force/stress mapped),2.946652002933736,177,256,0.6875,-0.05038062416148231,1.0503806241614824
liu2019-stress-free-period-map-v2,f0.2_chiN26,0.2,26.0,liu2019_opf,OPF (force/stress mapped),2.946652002933736,178,256,0.69140625,-0.04268342676461356,1.0426834267646137
liu2019-stress-free-period-map-v2,f0.2_chiN26,0.2,26.0,liu2019_opf,OPF (force/stress mapped),2.946652002933736,179,256,0.6953125,-0.03468019337018782,1.034680193370188
liu2019-stress-free-period-map-v2,f0.2_chiN26,0.2,26.0,liu2019_opf,OPF (force/stress mapped),2.946652002933736,180,256,0.69921875,-0.026367050186808905,1.026367050186809
liu2019-stress-free-period-map-v2,f0.2_chiN26,0.2,26.0,liu2019_opf,OPF (force/stress mapped),2.946652002933736,181,256,0.703125,-0.017740778636466753,1.0177407786364667
liu2019-stress-free-period-map-v2,f0.2_chiN26,0.2,26.0,liu2019_opf,OPF (force/stress mapped),2.946652002933736,182,256,0.70703125,-0.008798875833187614,1.0087988758331876
liu2019-stress-free-period-map-v2,f0.2_chiN26,0.2,26.0,liu2019_opf,OPF (force/stress mapped),2.946652002933736,183,256,0.7109375,0.0004603818661732262,0.9995396181338267
liu2019-stress-free-period-map-v2,f0.2_chiN26,0.2,26.0,liu2019_opf,OPF (force/stress mapped),2.946652002933736,184,256,0.71484375,0.010037878463510508,0.9899621215364895
liu2019-stress-free-period-map-v2,f0.2_chiN26,0.2,26.0,liu2019_opf,OPF (force/stress mapped),2.946652002933736,185,256,0.71875,0.019933598986629747,0.9800664010133703
liu2019-stress-free-period-map-v2,f0.2_chiN26,0.2,26.0,liu2019_opf,OPF (force/stress mapped),2.946652002933736,186,256,0.72265625,0.030146575539293397,0.9698534244607067
liu2019-stress-free-period-map-v2,f0.2_chiN26,0.2,26.0,liu2019_opf,OPF (force/stress mapped),2.946652002933736,187,256,0.7265625,0.04067483098993077,0.9593251690100693
liu2019-stress-free-period-map-v2,f0.2_chiN26,0.2,26.0,liu2019_opf,OPF (force/stress mapped),2.946652002933736,188,256,0.73046875,0.051515328224636975,0.948484671775363
liu2019-stress-free-period-map-v2,f0.2_chiN26,0.2,26.0,liu2019_opf,OPF (force/stress mapped),2.946652002933736,189,256,0.734375,0.06266392500277096,0.937336074997229
liu2019-stress-free-period-map-v2,f0.2_chiN26,0.2,26.0,liu2019_opf,OPF (force/stress mapped),2.946652002933736,190,256,0.73828125,0.07411533591544939,0.9258846640845506
liu2019-stress-free-period-map-v2,f0.2_chiN26,0.2,26.0,liu2019_opf,OPF (force/stress mapped),2.946652002933736,191,256,0.7421875,0.08586309737034066,0.9141369026296593
liu2019-stress-free-period-map-v2,f0.2_chiN26,0.2,26.0,liu2019_opf,OPF (force/stress mapped),2.946652002933736,192,256,0.74609375,0.09789954283869401,0.902100457161306
liu2019-stress-free-period-map-v2,f0.2_chiN26,0.2,26.0,liu2019_opf,OPF (force/stress mapped),2.946652002933736,193,256,0.75,0.11021578260027874,0.8897842173997212
liu2019-stress-free-period-map-v2,f0.2_chiN26,0.2,26.0,liu2019_opf,OPF (force/stress mapped),2.946652002933736,194,256,0.75390625,0.12280169660385322,0.8771983033961468
liu2019-stress-free-period-map-v2,f0.2_chiN26,0.2,26.0,liu2019_opf,OPF (force/stress mapped),2.946652002933736,195,256,0.7578125,0.13564593237054828,0.8643540676294517
liu2019-stress-free-period-map-v2,f0.2_chiN26,0.2,26.0,liu2019_opf,OPF (force/stress mapped),2.946652002933736,196,256,0.76171875,0.14873591586411417,0.8512640841358858
liu2019-stress-free-period-map-v2,f0.2_chiN26,0.2,26.0,liu2019_opf,OPF (force/stress mapped),2.946652002933736,197,256,0.765625,0.16205787147272616,0.8379421285272739
liu2019-stress-free-period-map-v2,f0.2_chiN26,0.2,26.0,liu2019_opf,OPF (force/stress mapped),2.946652002933736,198,256,0.76953125,0.1755968544400061,0.8244031455599938
liu2019-stress-free-period-map-v2,f0.2_chiN26,0.2,26.0,liu2019_opf,OPF (force/stress mapped),2.946652002933736,199,256,0.7734375,0.18933679209046617,0.8106632079095338
liu2019-stress-free-period-map-v2,f0.2_chiN26,0.2,26.0,liu2019_opf,OPF (force/stress mapped),2.946652002933736,200,256,0.77734375,0.20326053856546186,0.7967394614345381
liu2019-stress-free-period-map-v2,f0.2_chiN26,0.2,26.0,liu2019_opf,OPF (force/stress mapped),2.946652002933736,201,256,0.78125,0.21734993655327328,0.7826500634467267
liu2019-stress-free-period-map-v2,f0.2_chiN26,0.2,26.0,liu2019_opf,OPF (force/stress mapped),2.946652002933736,202,256,0.78515625,0.23158589227910037,0.7684141077208997
liu2019-stress-free-period-map-v2,f0.2_chiN26,0.2,26.0,liu2019_opf,OPF (force/stress mapped),2.946652002933736,203,256,0.7890625,0.24594845801085402,0.754051541989146
liu2019-stress-free-period-map-v2,f0.2_chiN26,0.2,26.0,liu2019_opf,OPF (force/stress mapped),2.946652002933736,204,256,0.79296875,0.2604169264772731,0.7395830735227269
liu2019-stress-free-period-map-v2,f0.2_chiN26,0.2,26.0,liu2019_opf,OPF (force/stress mapped),2.946652002933736,205,256,0.796875,0.2749699309134639,0.7250300690865361
liu2019-stress-free-period-map-v2,f0.2_chiN26,0.2,26.0,liu2019_opf,OPF (force/stress mapped),2.946652002933736,206,256,0.80078125,0.2895855527246934,0.7104144472753067
liu2019-stress-free-period-map-v2,f0.2_chiN26,0.2,26.0,liu2019_opf,OPF (force/stress mapped),2.946652002933736,207,256,0.8046875,0.30424143730638686,0.6957585626936131
liu2019-stress-free-period-map-v2,f0.2_chiN26,0.2,26.0,liu2019_opf,OPF (force/stress mapped),2.946652002933736,208,256,0.80859375,0.31891491248212067,0.6810850875178793
liu2019-stress-free-period-map-v2,f0.2_chiN26,0.2,26.0,liu2019_opf,OPF (force/stress mapped),2.946652002933736,209,256,0.8125,0.33358310899865884,0.6664168910013412
liu2019-stress-free-period-map-v2,f0.2_chiN26,0.2,26.0,liu2019_opf,OPF (force/stress mapped),2.946652002933736,210,256,0.81640625,0.3482230840687607,0.6517769159312393
liu2019-stress-free-period-map-v2,f0.2_chiN26,0.2,26.0,liu2019_opf,OPF (force/stress mapped),2.946652002933736,211,256,0.8203125,0.3628119469904156,0.6371880530095844
liu2019-stress-free-period-map-v2,f0.2_chiN26,0.2,26.0,liu2019_opf,OPF (force/stress mapped),2.946652002933736,212,256,0.82421875,0.37732698011095556,0.6226730198890444
liu2019-stress-free-period-map-v2,f0.2_chiN26,0.2,26.0,liu2019_opf,OPF (force/stress mapped),2.946652002933736,213,256,0.828125,0.3917457578453126,0.6082542421546874
liu2019-stress-free-period-map-v2,f0.2_chiN26,0.2,26.0,liu2019_opf,OPF (force/stress mapped),2.946652002933736,214,256,0.83203125,0.40604626283264644,0.5939537371673536
liu2019-stress-free-period-map-v2,f0.2_chiN26,0.2,26.0,liu2019_opf,OPF (force/stress mapped),2.946652002933736,215,256,0.8359375,0.42020699787352556,0.5797930021264744
liu2019-stress-free-period-map-v2,f0.2_chiN26,0.2,26.0,liu2019_opf,OPF (force/stress mapped),2.946652002933736,216,256,0.83984375,0.434207086049323,0.565792913950677
liu2019-stress-free-period-map-v2,f0.2_chiN26,0.2,26.0,liu2019_opf,OPF (force/stress mapped),2.946652002933736,217,256,0.84375,0.4480263653254961,0.5519736346745039
liu2019-stress-free-period-map-v2,f0.2_chiN26,0.2,26.0,liu2019_opf,OPF (force/stress mapped),2.946652002933736,218,256,0.84765625,0.46164547616153934,0.5383545238384606
liu2019-stress-free-period-map-v2,f0.2_chiN26,0.2,26.0,liu2019_opf,OPF (force/stress mapped),2.946652002933736,219,256,0.8515625,0.47504593752294605,0.5249540624770539
liu2019-stress-free-period-map-v2,f0.2_chiN26,0.2,26.0,liu2019_opf,OPF (force/stress mapped),2.946652002933736,220,256,0.85546875,0.4882102118736299,0.5117897881263701
liu2019-stress-free-period-map-v2,f0.2_chiN26,0.2,26.0,liu2019_opf,OPF (force/stress mapped),2.946652002933736,221,256,0.859375,0.5011217611449292,0.49887823885507077
liu2019-stress-free-period-map-v2,f0.2_chiN26,0.2,26.0,liu2019_opf,OPF (force/stress mapped),2.946652002933736,222,256,0.86328125,0.5137650900391035,0.48623490996089647
liu2019-stress-free-period-map-v2,f0.2_chiN26,0.2,26.0,liu2019_opf,OPF (force/stress mapped),2.946652002933736,223,256,0.8671875,0.5261257799719472,0.4738742200280528
liu2019-stress-free-period-map-v2,f0.2_chiN26,0.2,26.0,liu2019_opf,OPF (force/stress mapped),2.946652002933736,224,256,0.87109375,0.5381905099702495,0.46180949002975047
liu2019-stress-free-period-map-v2,f0.2_chiN26,0.2,26.0,liu2019_opf,OPF (force/stress mapped),2.946652002933736,225,256,0.875,0.5499470688449906,0.45005293115500944
liu2019-stress-free-period-map-v2,f0.2_chiN26,0.2,26.0,liu2019_opf,OPF (force/stress mapped),2.946652002933736,226,256,0.87890625,0.561384355608577,0.438615644391423
liu2019-stress-free-period-map-v2,f0.2_chiN26,0.2,26.0,liu2019_opf,OPF (force/stress mapped),2.946652002933736,227,256,0.8828125,0.5724923709112475,0.4275076290887525
liu2019-stress-free-period-map-v2,f0.2_chiN26,0.2,26.0,liu2019_opf,OPF (force/stress mapped),2.946652002933736,228,256,0.88671875,0.583262198245893,0.416737801754107
liu2019-stress-free-period-map-v2,f0.2_chiN26,0.2,26.0,liu2019_opf,OPF (force/stress mapped),2.946652002933736,229,256,0.890625,0.5936859770458313,0.40631402295416874
liu2019-stress-free-period-map-v2,f0.2_chiN26,0.2,26.0,liu2019_opf,OPF (force/stress mapped),2.946652002933736,230,256,0.89453125,0.6037568675276197,0.3962431324723803
liu2019-stress-free-period-map-v2,f0.2_chiN26,0.2,26.0,liu2019_opf,OPF (force/stress mapped),2.946652002933736,231,256,0.8984375,0.6134690117218944,0.3865309882781056
liu2019-stress-free-period-map-v2,f0.2_chiN26,0.2,26.0,liu2019_opf,OPF (force/stress mapped),2.946652002933736,232,256,0.90234375,0.6228174859396716,0.37718251406032843
liu2019-stress-free-period-map-v2,f0.2_chiN26,0.2,26.0,liu2019_opf,OPF (force/stress mapped),2.946652002933736,233,256,0.90625,0.6317982484151488,0.36820175158485124
liu2019-stress-free-period-map-v2,f0.2_chiN26,0.2,26.0,liu2019_opf,OPF (force/stress mapped),2.946652002933736,234,256,0.91015625,0.6404080802777292,0.3595919197222708
liu2019-stress-free-period-map-v2,f0.2_chiN26,0.2,26.0,liu2019_opf,OPF (force/stress mapped),2.946652002933736,235,256,0.9140625,0.6486445282231121,0.35135547177688786
liu2019-stress-free-period-map-v2,f0.2_chiN26,0.2,26.0,liu2019_opf,OPF (force/stress mapped),2.946652002933736,236,256,0.91796875,0.6565058417436147,0.3434941582563853
liu2019-stress-free-period-map-v2,f0.2_chiN26,0.2,26.0,liu2019_opf,OPF (force/stress mapped),2.946652002933736,237,256,0.921875,0.6639909093367369,0.3360090906632631
liu2019-stress-free-period-map-v2,f0.2_chiN26,0.2,26.0,liu2019_opf,OPF (force/stress mapped),2.946652002933736,238,256,0.92578125,0.6710991924835499,0.3289008075164501
liu2019-stress-free-period-map-v2,f0.2_chiN26,0.2,26.0,liu2019_opf,OPF (force/stress mapped),2.946652002933736,239,256,0.9296875,0.6778306616323471,0.32216933836765294
liu2019-stress-free-period-map-v2,f0.2_chiN26,0.2,26.0,liu2019_opf,OPF (force/stress mapped),2.946652002933736,240,256,0.93359375,0.6841857310723328,0.3158142689276672
liu2019-stress-free-period-map-v2,f0.2_chiN26,0.2,26.0,liu2019_opf,OPF (force/stress mapped),2.946652002933736,241,256,0.9375,0.6901651948550409,0.3098348051449591
liu2019-stress-free-period-map-v2,f0.2_chiN26,0.2,26.0,liu2019_opf,OPF (force/stress mapped),2.946652002933736,242,256,0.94140625,0.6957701634448946,0.3042298365551054
liu2019-stress-free-period-map-v2,f0.2_chiN26,0.2,26.0,liu2019_opf,OPF (force/stress mapped),2.946652002933736,243,256,0.9453125,0.7010020053230133,0.29899799467698673
liu2019-stress-free-period-map-v2,f0.2_chiN26,0.2,26.0,liu2019_opf,OPF (force/stress mapped),2.946652002933736,244,256,0.94921875,0.7058622874545066,0.29413771254549337
liu2019-stress-free-period-map-v2,f0.2_chiN26,0.2,26.0,liu2019_opf,OPF (force/stress mapped),2.946652002933736,245,256,0.953125,0.7103527201793955,0.28964727982060445
liu2019-stress-free-period-map-v2,f0.2_chiN26,0.2,26.0,liu2019_opf,OPF (force/stress mapped),2.946652002933736,246,256,0.95703125,0.7144751043948943,0.28552489560510574
liu2019-stress-free-period-map-v2,f0.2_chiN26,0.2,26.0,liu2019_opf,OPF (force/stress mapped),2.946652002933736,247,256,0.9609375,0.7182312827298363,0.2817687172701637
liu2019-stress-free-period-map-v2,f0.2_chiN26,0.2,26.0,liu2019_opf,OPF (force/stress mapped),2.946652002933736,248,256,0.96484375,0.7216230937888963,0.27837690621110367
liu2019-stress-free-period-map-v2,f0.2_chiN26,0.2,26.0,liu2019_opf,OPF (force/stress mapped),2.946652002933736,249,256,0.96875,0.7246523299324861,0.2753476700675139
liu2019-stress-free-period-map-v2,f0.2_chiN26,0.2,26.0,liu2019_opf,OPF (force/stress mapped),2.946652002933736,250,256,0.97265625,0.7273206993786678,0.27267930062133217
liu2019-stress-free-period-map-v2,f0.2_chiN26,0.2,26.0,liu2019_opf,OPF (force/stress mapped),2.946652002933736,251,256,0.9765625,0.7296297916163754,0.2703702083836246
liu2019-stress-free-period-map-v2,f0.2_chiN26,0.2,26.0,liu2019_opf,OPF (force/stress mapped),2.946652002933736,252,256,0.98046875,0.7315810457392686,0.26841895426073137
liu2019-stress-free-period-map-v2,f0.2_chiN26,0.2,26.0,liu2019_opf,OPF (force/stress mapped),2.946652002933736,253,256,0.984375,0.7331757242174723,0.26682427578252765
liu2019-stress-free-period-map-v2,f0.2_chiN26,0.2,26.0,liu2019_opf,OPF (force/stress mapped),2.946652002933736,254,256,0.98828125,0.7344148912052062,0.2655851087947938
liu2019-stress-free-period-map-v2,f0.2_chiN26,0.2,26.0,liu2019_opf,OPF (force/stress mapped),2.946652002933736,255,256,0.9921875,0.7352993937788803,0.2647006062211197
liu2019-stress-free-period-map-v2,f0.2_chiN26,0.2,26.0,liu2019_opf,OPF (force/stress mapped),2.946652002933736,256,256,0.99609375,0.7358298471553277,0.26417015284467227
liu2019-stress-free-period-map-v2,f0.2_chiN26,0.2,26.0,burp_ti,BURP-TI,3.025432207792162,1,128,0.0,0.3762186082973627,0.6237813917026374
liu2019-stress-free-period-map-v2,f0.2_chiN26,0.2,26.0,burp_ti,BURP-TI,3.025432207792162,2,128,0.0078125,0.3756177894718409,0.6243822105281591
liu2019-stress-free-period-map-v2,f0.2_chiN26,0.2,26.0,burp_ti,BURP-TI,3.025432207792162,3,128,0.015625,0.3744189771407593,0.6255810228592407
liu2019-stress-free-period-map-v2,f0.2_chiN26,0.2,26.0,burp_ti,BURP-TI,3.025432207792162,4,128,0.0234375,0.3726278021990325,0.6273721978009674
liu2019-stress-free-period-map-v2,f0.2_chiN26,0.2,26.0,burp_ti,BURP-TI,3.025432207792162,5,128,0.03125,0.3702527266781374,0.6297472733218625
liu2019-stress-free-period-map-v2,f0.2_chiN26,0.2,26.0,burp_ti,BURP-TI,3.025432207792162,6,128,0.0390625,0.36730501143054123,0.6326949885694588
liu2019-stress-free-period-map-v2,f0.2_chiN26,0.2,26.0,burp_ti,BURP-TI,3.025432207792162,7,128,0.046875,0.36379866950409867,0.6362013304959013
liu2019-stress-free-period-map-v2,f0.2_chiN26,0.2,26.0,burp_ti,BURP-TI,3.025432207792162,8,128,0.0546875,0.3597504411794989,0.640249558820501
liu2019-stress-free-period-map-v2,f0.2_chiN26,0.2,26.0,burp_ti,BURP-TI,3.025432207792162,9,128,0.0625,0.3551797552215205,0.6448202447784794
liu2019-stress-free-period-map-v2,f0.2_chiN26,0.2,26.0,burp_ti,BURP-TI,3.025432207792162,10,128,0.0703125,0.350108638152485,0.6498913618475151
liu2019-stress-free-period-map-v2,f0.2_chiN26,0.2,26.0,burp_ti,BURP-TI,3.025432207792162,11,128,0.078125,0.3445616629841603,0.6554383370158396
liu2019-stress-free-period-map-v2,f0.2_chiN26,0.2,26.0,burp_ti,BURP-TI,3.025432207792162,12,128,0.0859375,0.3385658211830626,0.6614341788169373
liu2019-stress-free-period-map-v2,f0.2_chiN26,0.2,26.0,burp_ti,BURP-TI,3.025432207792162,13,128,0.09375,0.3321503932530366,0.6678496067469635
liu2019-stress-free-period-map-v2,f0.2_chiN26,0.2,26.0,burp_ti,BURP-TI,3.025432207792162,14,128,0.1015625,0.3253468037626592,0.6746531962373408
liu2019-stress-free-period-map-v2,f0.2_chiN26,0.2,26.0,burp_ti,BURP-TI,3.025432207792162,15,128,0.109375,0.3181884089585244,0.6818115910414756
liu2019-stress-free-period-map-v2,f0.2_chiN26,0.2,26.0,burp_ti,BURP-TI,3.025432207792162,16,128,0.1171875,0.31071030152595686,0.6892896984740431
liu2019-stress-free-period-map-v2,f0.2_chiN26,0.2,26.0,burp_ti,BURP-TI,3.025432207792162,17,128,0.125,0.3029490385366925,0.6970509614633075
liu2019-stress-free-period-map-v2,f0.2_chiN26,0.2,26.0,burp_ti,BURP-TI,3.025432207792162,18,128,0.1328125,0.2949423899229507,0.7050576100770494
liu2019-stress-free-period-map-v2,f0.2_chiN26,0.2,26.0,burp_ti,BURP-TI,3.025432207792162,19,128,0.140625,0.2867290470753041,0.7132709529246959
liu2019-stress-free-period-map-v2,f0.2_chiN26,0.2,26.0,burp_ti,BURP-TI,3.025432207792162,20,128,0.1484375,0.27834827757674313,0.7216517224232568
liu2019-stress-free-period-map-v2,f0.2_chiN26,0.2,26.0,burp_ti,BURP-TI,3.025432207792162,21,128,0.15625,0.2698395742996888,0.7301604257003111
liu2019-stress-free-period-map-v2,f0.2_chiN26,0.2,26.0,burp_ti,BURP-TI,3.025432207792162,22,128,0.1640625,0.2612423337392334,0.7387576662607667
liu2019-stress-free-period-map-v2,f0.2_chiN26,0.2,26.0,burp_ti,BURP-TI,3.025432207792162,23,128,0.171875,0.2525954895080264,0.7474045104919735
liu2019-stress-free-period-map-v2,f0.2_chiN26,0.2,26.0,burp_ti,BURP-TI,3.025432207792162,24,128,0.1796875,0.24393715203553945,0.7560628479644605
liu2019-stress-free-period-map-v2,f0.2_chiN26,0.2,26.0,burp_ti,BURP-TI,3.025432207792162,25,128,0.1875,0.23530427748001728,0.7646957225199827
liu2019-stress-free-period-map-v2,f0.2_chiN26,0.2,26.0,burp_ti,BURP-TI,3.025432207792162,26,128,0.1953125,0.22673234229850256,0.7732676577014974
liu2019-stress-free-period-map-v2,f0.2_chiN26,0.2,26.0,burp_ti,BURP-TI,3.025432207792162,27,128,0.203125,0.21825501744946915,0.7817449825505308
liu2019-stress-free-period-map-v2,f0.2_chiN26,0.2,26.0,burp_ti,BURP-TI,3.025432207792162,28,128,0.2109375,0.20990391802731934,0.7900960819726807
liu2019-stress-free-period-map-v2,f0.2_chiN26,0.2,26.0,burp_ti,BURP-TI,3.025432207792162,29,128,0.21875,0.201708347054874,0.798291652945126
liu2019-stress-free-period-map-v2,f0.2_chiN26,0.2,26.0,burp_ti,BURP-TI,3.025432207792162,30,128,0.2265625,0.1936950883192122,0.8063049116807878
liu2019-stress-free-period-map-v2,f0.2_chiN26,0.2,26.0,burp_ti,BURP-TI,3.025432207792162,31,128,0.234375,0.18588827462170807,0.8141117253782919
liu2019-stress-free-period-map-v2,f0.2_chiN26,0.2,26.0,burp_ti,BURP-TI,3.025432207792162,32,128,0.2421875,0.17830926242627745,0.8216907375737226
liu2019-stress-free-period-map-v2,f0.2_chiN26,0.2,26.0,burp_ti,BURP-TI,3.025432207792162,33,128,0.25,0.1709765833285759,0.8290234166714241
liu2019-stress-free-period-map-v2,f0.2_chiN26,0.2,26.0,burp_ti,BURP-TI,3.025432207792162,34,128,0.2578125,0.16390591089650125,0.8360940891034987
liu2019-stress-free-period-map-v2,f0.2_chiN26,0.2,26.0,burp_ti,BURP-TI,3.025432207792162,35,128,0.265625,0.1571100748260549,0.8428899251739451
liu2019-stress-free-period-map-v2,f0.2_chiN26,0.2,26.0,burp_ti,BURP-TI,3.025432207792162,36,128,0.2734375,0.15059916352583275,0.8494008364741672
liu2019-stress-free-period-map-v2,f0.2_chiN26,0.2,26.0,burp_ti,BURP-TI,3.025432207792162,37,128,0.28125,0.14438061761287063,0.8556193823871294
liu2019-stress-free-period-map-v2,f0.2_chiN26,0.2,26.0,burp_ti,BURP-TI,3.025432207792162,38,128,0.2890625,0.13845936684107554,0.8615406331589245
liu2019-stress-free-period-map-v2,f0.2_chiN26,0.2,26.0,burp_ti,BURP-TI,3.025432207792162,39,128,0.296875,0.13283799942301078,0.8671620005769892
liu2019-stress-free-period-map-v2,f0.2_chiN26,0.2,26.0,burp_ti,BURP-TI,3.025432207792162,40,128,0.3046875,0.12751696314683944,0.8724830368531605
liu2019-stress-free-period-map-v2,f0.2_chiN26,0.2,26.0,burp_ti,BURP-TI,3.025432207792162,41,128,0.3125,0.12249476458557489,0.8775052354144252
liu2019-stress-free-period-map-v2,f0.2_chiN26,0.2,26.0,burp_ti,BURP-TI,3.025432207792162,42,128,0.3203125,0.11776817027219504,0.882231829727805
liu2019-stress-free-period-map-v2,f0.2_chiN26,0.2,26.0,burp_ti,BURP-TI,3.025432207792162,43,128,0.328125,0.1133324528165813,0.8866675471834187
liu2019-stress-free-period-map-v2,f0.2_chiN26,0.2,26.0,burp_ti,BURP-TI,3.025432207792162,44,128,0.3359375,0.10918159280320919,0.8908184071967908
liu2019-stress-free-period-map-v2,f0.2_chiN26,0.2,26.0,burp_ti,BURP-TI,3.025432207792162,45,128,0.34375,0.10530850704494604,0.894691492955054
liu2019-stress-free-period-map-v2,f0.2_chiN26,0.2,26.0,burp_ti,BURP-TI,3.025432207792162,46,128,0.3515625,0.10170525415779882,0.8982947458422011
liu2019-stress-free-period-map-v2,f0.2_chiN26,0.2,26.0,burp_ti,BURP-TI,3.025432207792162,47,128,0.359375,0.09836326305783018,0.9016367369421698
liu2019-stress-free-period-map-v2,f0.2_chiN26,0.2,26.0,burp_ti,BURP-TI,3.025432207792162,48,128,0.3671875,0.09527348287727802,0.904726517122722
liu2019-stress-free-period-map-v2,f0.2_chiN26,0.2,26.0,burp_ti,BURP-TI,3.025432207792162,49,128,0.375,0.09242658111684222,0.9075734188831578
liu2019-stress-free-period-map-v2,f0.2_chiN26,0.2,26.0,burp_ti,BURP-TI,3.025432207792162,50,128,0.3828125,0.08981309517297294,0.910186904827027
liu2019-stress-free-period-map-v2,f0.2_chiN26,0.2,26.0,burp_ti,BURP-TI,3.025432207792162,51,128,0.390625,0.08742358233488484,0.9125764176651152
liu2019-stress-free-period-map-v2,f0.2_chiN26,0.2,26.0,burp_ti,BURP-TI,3.025432207792162,52,128,0.3984375,0.08524876006151341,0.9147512399384866
liu2019-stress-free-period-map-v2,f0.2_chiN26,0.2,26.0,burp_ti,BURP-TI,3.025432207792162,53,128,0.40625,0.08327962042274041,0.9167203795772596
liu2019-stress-free-period-map-v2,f0.2_chiN26,0.2,26.0,burp_ti,BURP-TI,3.025432207792162,54,128,0.4140625,0.08150751668075364,0.9184924833192464
liu2019-stress-free-period-map-v2,f0.2_chiN26,0.2,26.0,burp_ti,BURP-TI,3.025432207792162,55,128,0.421875,0.07992427372939444,0.9200757262706055
liu2019-stress-free-period-map-v2,f0.2_chiN26,0.2,26.0,burp_ti,BURP-TI,3.025432207792162,56,128,0.4296875,0.07852226270895696,0.921477737291043
liu2019-stress-free-period-map-v2,f0.2_chiN26,0.2,26.0,burp_ti,BURP-TI,3.025432207792162,57,128,0.4375,0.07729445654366653,0.9227055434563335
liu2019-stress-free-period-map-v2,f0.2_chiN26,0.2,26.0,burp_ti,BURP-TI,3.025432207792162,58,128,0.4453125,0.07623448709973181,0.9237655129002682
liu2019-stress-free-period-map-v2,f0.2_chiN26,0.2,26.0,burp_ti,BURP-TI,3.025432207792162,59,128,0.453125,0.0753366935295276,0.9246633064704723
liu2019-stress-free-period-map-v2,f0.2_chiN26,0.2,26.0,burp_ti,BURP-TI,3.025432207792162,60,128,0.4609375,0.07459616140645056,0.9254038385935495
liu2019-stress-free-period-map-v2,f0.2_chiN26,0.2,26.0,burp_ti,BURP-TI,3.025432207792162,61,128,0.46875,0.07400875685289562,0.9259912431471043
liu2019-stress-free-period-map-v2,f0.2_chiN26,0.2,26.0,burp_ti,BURP-TI,3.025432207792162,62,128,0.4765625,0.07357113745036505,0.926428862549635
liu2019-stress-free-period-map-v2,f0.2_chiN26,0.2,26.0,burp_ti,BURP-TI,3.025432207792162,63,128,0.484375,0.07328079376633609,0.9267192062336639
liu2019-stress-free-period-map-v2,f0.2_chiN26,0.2,26.0,burp_ti,BURP-TI,3.025432207792162,64,128,0.4921875,0.07313604780458648,0.9268639521954135
liu2019-stress-free-period-map-v2,f0.2_chiN26,0.2,26.0,burp_ti,BURP-TI,3.025432207792162,65,128,0.5,0.07313605212795961,0.9268639478720404
liu2019-stress-free-period-map-v2,f0.2_chiN26,0.2,26.0,burp_ti,BURP-TI,3.025432207792162,66,128,0.5078125,0.07328080096254277,0.9267191990374573
liu2019-stress-free-period-map-v2,f0.2_chiN26,0.2,26.0,burp_ti,BURP-TI,3.025432207792162,67,128,0.515625,0.07357113972436786,0.9264288602756321
liu2019-stress-free-period-map-v2,f0.2_chiN26,0.2,26.0,burp_ti,BURP-TI,3.025432207792162,68,128,0.5234375,0.07400875395612762,0.9259912460438724
liu2019-stress-free-period-map-v2,f0.2_chiN26,0.2,26.0,burp_ti,BURP-TI,3.025432207792162,69,128,0.53125,0.07459615966566469,0.9254038403343353
liu2019-stress-free-period-map-v2,f0.2_chiN26,0.2,26.0,burp_ti,BURP-TI,3.025432207792162,70,128,0.5390625,0.07533669142909946,0.9246633085709005
liu2019-stress-free-period-map-v2,f0.2_chiN26,0.2,26.0,burp_ti,BURP-TI,3.025432207792162,71,128,0.546875,0.07623448677678449,0.9237655132232155
liu2019-stress-free-period-map-v2,f0.2_chiN26,0.2,26.0,burp_ti,BURP-TI,3.025432207792162,72,128,0.5546875,0.07729445455989686,0.9227055454401032
liu2019-stress-free-period-map-v2,f0.2_chiN26,0.2,26.0,burp_ti,BURP-TI,3.025432207792162,73,128,0.5625,0.07852226193002226,0.9214777380699777
liu2019-stress-free-period-map-v2,f0.2_chiN26,0.2,26.0,burp_ti,BURP-TI,3.025432207792162,74,128,0.5703125,0.07992427646592504,0.920075723534075
liu2019-stress-free-period-map-v2,f0.2_chiN26,0.2,26.0,burp_ti,BURP-TI,3.025432207792162,75,128,0.578125,0.0815075174745641,0.9184924825254359
liu2019-stress-free-period-map-v2,f0.2_chiN26,0.2,26.0,burp_ti,BURP-TI,3.025432207792162,76,128,0.5859375,0.08327962108514471,0.9167203789148552
liu2019-stress-free-period-map-v2,f0.2_chiN26,0.2,26.0,burp_ti,BURP-TI,3.025432207792162,77,128,0.59375,0.08524876203769567,0.9147512379623043
liu2019-stress-free-period-map-v2,f0.2_chiN26,0.2,26.0,burp_ti,BURP-TI,3.025432207792162,78,128,0.6015625,0.08742357905970506,0.9125764209402949
liu2019-stress-free-period-map-v2,f0.2_chiN26,0.2,26.0,burp_ti,BURP-TI,3.025432207792162,79,128,0.609375,0.08981308847593723,0.9101869115240627
liu2019-stress-free-period-map-v2,f0.2_chiN26,0.2,26.0,burp_ti,BURP-TI,3.025432207792162,80,128,0.6171875,0.09242657612934183,0.9075734238706582
liu2019-stress-free-period-map-v2,f0.2_chiN26,0.2,26.0,burp_ti,BURP-TI,3.025432207792162,81,128,0.625,0.09527348615237466,0.9047265138476254
liu2019-stress-free-period-map-v2,f0.2_chiN26,0.2,26.0,burp_ti,BURP-TI,3.025432207792162,82,128,0.6328125,0.09836326937824895,0.9016367306217511
liu2019-stress-free-period-map-v2,f0.2_chiN26,0.2,26.0,burp_ti,BURP-TI,3.025432207792162,83,128,0.640625,0.10170525669486691,0.8982947433051331
liu2019-stress-free-period-map-v2,f0.2_chiN26,0.2,26.0,burp_ti,BURP-TI,3.025432207792162,84,128,0.6484375,0.10530850029022482,0.8946914997097752
liu2019-stress-free-period-map-v2,f0.2_chiN26,0.2,26.0,burp_ti,BURP-TI,3.025432207792162,85,128,0.65625,0.10918159077005747,0.8908184092299425
liu2019-stress-free-period-map-v2,f0.2_chiN26,0.2,26.0,burp_ti,BURP-TI,3.025432207792162,86,128,0.6640625,0.11333245087617703,0.886667549123823
liu2019-stress-free-period-map-v2,f0.2_chiN26,0.2,26.0,burp_ti,BURP-TI,3.025432207792162,87,128,0.671875,0.11776816915097667,0.8822318308490233
liu2019-stress-free-period-map-v2,f0.2_chiN26,0.2,26.0,burp_ti,BURP-TI,3.025432207792162,88,128,0.6796875,0.1224947609297715,0.8775052390702285
liu2019-stress-free-period-map-v2,f0.2_chiN26,0.2,26.0,burp_ti,BURP-TI,3.025432207792162,89,128,0.6875,0.12751696333458215,0.8724830366654178
liu2019-stress-free-period-map-v2,f0.2_chiN26,0.2,26.0,burp_ti,BURP-TI,3.025432207792162,90,128,0.6953125,0.13283800064276455,0.8671619993572355
liu2019-stress-free-period-map-v2,f0.2_chiN26,0.2,26.0,burp_ti,BURP-TI,3.025432207792162,91,128,0.703125,0.13845936812523793,0.861540631874762
liu2019-stress-free-period-map-v2,f0.2_chiN26,0.2,26.0,burp_ti,BURP-TI,3.025432207792162,92,128,0.7109375,0.1443806159108993,0.8556193840891007
liu2019-stress-free-period-map-v2,f0.2_chiN26,0.2,26.0,burp_ti,BURP-TI,3.025432207792162,93,128,0.71875,0.15059915947829924,0.8494008405217007
liu2019-stress-free-period-map-v2,f0.2_chiN26,0.2,26.0,burp_ti,BURP-TI,3.025432207792162,94,128,0.7265625,0.15711006849453885,0.8428899315054612
liu2019-stress-free-period-map-v2,f0.2_chiN26,0.2,26.0,burp_ti,BURP-TI,3.025432207792162,95,128,0.734375,0.16390590449955658,0.8360940955004434
liu2019-stress-free-period-map-v2,f0.2_chiN26,0.2,26.0,burp_ti,BURP-TI,3.025432207792162,96,128,0.7421875,0.17097658787450484,0.8290234121254951
liu2019-stress-free-period-map-v2,f0.2_chiN26,0.2,26.0,burp_ti,BURP-TI,3.025432207792162,97,128,0.75,0.1783092671942777,0.8216907328057224
liu2019-stress-free-period-map-v2,f0.2_chiN26,0.2,26.0,burp_ti,BURP-TI,3.025432207792162,98,128,0.7578125,0.18588827194239968,0.8141117280576003
liu2019-stress-free-period-map-v2,f0.2_chiN26,0.2,26.0,burp_ti,BURP-TI,3.025432207792162,99,128,0.765625,0.1936950812866654,0.8063049187133347
liu2019-stress-free-period-map-v2,f0.2_chiN26,0.2,26.0,burp_ti,BURP-TI,3.025432207792162,100,128,0.7734375,0.20170834343644514,0.7982916565635548
liu2019-stress-free-period-map-v2,f0.2_chiN26,0.2,26.0,burp_ti,BURP-TI,3.025432207792162,101,128,0.78125,0.20990391794182922,0.7900960820581708
liu2019-stress-free-period-map-v2,f0.2_chiN26,0.2,26.0,burp_ti,BURP-TI,3.025432207792162,102,128,0.7890625,0.21825501264547734,0.7817449873545227
liu2019-stress-free-period-map-v2,f0.2_chiN26,0.2,26.0,burp_ti,BURP-TI,3.025432207792162,103,128,0.796875,0.22673233959408873,0.7732676604059112
liu2019-stress-free-period-map-v2,f0.2_chiN26,0.2,26.0,burp_ti,BURP-TI,3.025432207792162,104,128,0.8046875,0.23530427967166861,0.7646957203283313
liu2019-stress-free-period-map-v2,f0.2_chiN26,0.2,26.0,burp_ti,BURP-TI,3.025432207792162,105,128,0.8125,0.2439371522881656,0.7560628477118344
liu2019-stress-free-period-map-v2,f0.2_chiN26,0.2,26.0,burp_ti,BURP-TI,3.025432207792162,106,128,0.8203125,0.25259548659792913,0.7474045134020708
liu2019-stress-free-period-map-v2,f0.2_chiN26,0.2,26.0,burp_ti,BURP-TI,3.025432207792162,107,128,0.828125,0.2612423271851764,0.7387576728148235
liu2019-stress-free-period-map-v2,f0.2_chiN26,0.2,26.0,burp_ti,BURP-TI,3.025432207792162,108,128,0.8359375,0.26983956796914804,0.7301604320308519
liu2019-stress-free-period-map-v2,f0.2_chiN26,0.2,26.0,burp_ti,BURP-TI,3.025432207792162,109,128,0.84375,0.27834827482977853,0.7216517251702215
liu2019-stress-free-period-map-v2,f0.2_chiN26,0.2,26.0,burp_ti,BURP-TI,3.025432207792162,110,128,0.8515625,0.2867290513830381,0.7132709486169619
liu2019-stress-free-period-map-v2,f0.2_chiN26,0.2,26.0,burp_ti,BURP-TI,3.025432207792162,111,128,0.859375,0.29494239323519467,0.7050576067648053
liu2019-stress-free-period-map-v2,f0.2_chiN26,0.2,26.0,burp_ti,BURP-TI,3.025432207792162,112,128,0.8671875,0.3029490322495966,0.6970509677504034
liu2019-stress-free-period-map-v2,f0.2_chiN26,0.2,26.0,burp_ti,BURP-TI,3.025432207792162,113,128,0.875,0.3107102945694217,0.6892897054305783
liu2019-stress-free-period-map-v2,f0.2_chiN26,0.2,26.0,burp_ti,BURP-TI,3.025432207792162,114,128,0.8828125,0.31818840938275594,0.6818115906172441
liu2019-stress-free-period-map-v2,f0.2_chiN26,0.2,26.0,burp_ti,BURP-TI,3.025432207792162,115,128,0.890625,0.32534680132181454,0.6746531986781854
liu2019-stress-free-period-map-v2,f0.2_chiN26,0.2,26.0,burp_ti,BURP-TI,3.025432207792162,116,128,0.8984375,0.3321503900175123,0.6678496099824878
liu2019-stress-free-period-map-v2,f0.2_chiN26,0.2,26.0,burp_ti,BURP-TI,3.025432207792162,117,128,0.90625,0.33856582074860647,0.6614341792513936
liu2019-stress-free-period-map-v2,f0.2_chiN26,0.2,26.0,burp_ti,BURP-TI,3.025432207792162,118,128,0.9140625,0.34456166773114777,0.6554383322688522
liu2019-stress-free-period-map-v2,f0.2_chiN26,0.2,26.0,burp_ti,BURP-TI,3.025432207792162,119,128,0.921875,0.35010863592370306,0.6498913640762969
liu2019-stress-free-period-map-v2,f0.2_chiN26,0.2,26.0,burp_ti,BURP-TI,3.025432207792162,120,128,0.9296875,0.35517974908882904,0.6448202509111709
liu2019-stress-free-period-map-v2,f0.2_chiN26,0.2,26.0,burp_ti,BURP-TI,3.025432207792162,121,128,0.9375,0.35975043658915257,0.6402495634108474
liu2019-stress-free-period-map-v2,f0.2_chiN26,0.2,26.0,burp_ti,BURP-TI,3.025432207792162,122,128,0.9453125,0.3637986673074584,0.6362013326925415
liu2019-stress-free-period-map-v2,f0.2_chiN26,0.2,26.0,burp_ti,BURP-TI,3.025432207792162,123,128,0.953125,0.3673050160540524,0.6326949839459476
liu2019-stress-free-period-map-v2,f0.2_chiN26,0.2,26.0,burp_ti,BURP-TI,3.025432207792162,124,128,0.9609375,0.37025273110471957,0.6297472688952804
liu2019-stress-free-period-map-v2,f0.2_chiN26,0.2,26.0,burp_ti,BURP-TI,3.025432207792162,125,128,0.96875,0.3726278005544455,0.6273721994455546
liu2019-stress-free-period-map-v2,f0.2_chiN26,0.2,26.0,burp_ti,BURP-TI,3.025432207792162,126,128,0.9765625,0.37441897058007967,0.6255810294199203
liu2019-stress-free-period-map-v2,f0.2_chiN26,0.2,26.0,burp_ti,BURP-TI,3.025432207792162,127,128,0.984375,0.3756177890564739,0.6243822109435261
liu2019-stress-free-period-map-v2,f0.2_chiN26,0.2,26.0,burp_ti,BURP-TI,3.025432207792162,128,128,0.9921875,0.3762186108430541,0.6237813891569459
liu2019-stress-free-period-map-v2,f0.2_chiN26,0.2,26.0,bvk2,BVK2,3.3439866918071393,1,256,0.0,0.5122440554086224,0.4877559445913776
liu2019-stress-free-period-map-v2,f0.2_chiN26,0.2,26.0,bvk2,BVK2,3.3439866918071393,2,256,0.00390625,0.5117122164998897,0.48828778350011026
liu2019-stress-free-period-map-v2,f0.2_chiN26,0.2,26.0,bvk2,BVK2,3.3439866918071393,3,256,0.0078125,0.5106508677794692,0.4893491322205308
liu2019-stress-free-period-map-v2,f0.2_chiN26,0.2,26.0,bvk2,BVK2,3.3439866918071393,4,256,0.01171875,0.5090647696587289,0.49093523034127107
liu2019-stress-free-period-map-v2,f0.2_chiN26,0.2,26.0,bvk2,BVK2,3.3439866918071393,5,256,0.015625,0.5069613021409094,0.4930386978590906
liu2019-stress-free-period-map-v2,f0.2_chiN26,0.2,26.0,bvk2,BVK2,3.3439866918071393,6,256,0.01953125,0.5043507077448555,0.49564929225514454
liu2019-stress-free-period-map-v2,f0.2_chiN26,0.2,26.0,bvk2,BVK2,3.3439866918071393,7,256,0.0234375,0.5012463443255287,0.4987536556744713
liu2019-stress-free-period-map-v2,f0.2_chiN26,0.2,26.0,bvk2,BVK2,3.3439866918071393,8,256,0.02734375,0.4976648928491826,0.5023351071508174
liu2019-stress-free-period-map-v2,f0.2_chiN26,0.2,26.0,bvk2,BVK2,3.3439866918071393,9,256,0.03125,0.49362645952675516,0.5063735404732448
liu2019-stress-free-period-map-v2,f0.2_chiN26,0.2,26.0,bvk2,BVK2,3.3439866918071393,10,256,0.03515625,0.4891545120880209,0.510845487911979
liu2019-stress-free-period-map-v2,f0.2_chiN26,0.2,26.0,bvk2,BVK2,3.3439866918071393,11,256,0.0390625,0.4842755978754191,0.5157244021245809
liu2019-stress-free-period-map-v2,f0.2_chiN26,0.2,26.0,bvk2,BVK2,3.3439866918071393,12,256,0.04296875,0.47901880833202937,0.5209811916679706
liu2019-stress-free-period-map-v2,f0.2_chiN26,0.2,26.0,bvk2,BVK2,3.3439866918071393,13,256,0.046875,0.47341498195605647,0.5265850180439435
liu2019-stress-free-period-map-v2,f0.2_chiN26,0.2,26.0,bvk2,BVK2,3.3439866918071393,14,256,0.05078125,0.46749567753915744,0.5325043224608426
liu2019-stress-free-period-map-v2,f0.2_chiN26,0.2,26.0,bvk2,BVK2,3.3439866918071393,15,256,0.0546875,0.4612920015743608,0.5387079984256392
liu2019-stress-free-period-map-v2,f0.2_chiN26,0.2,26.0,bvk2,BVK2,3.3439866918071393,16,256,0.05859375,0.4548334318375952,0.5451665681624047
liu2019-stress-free-period-map-v2,f0.2_chiN26,0.2,26.0,bvk2,BVK2,3.3439866918071393,17,256,0.0625,0.44814682438786985,0.5518531756121301
liu2019-stress-free-period-map-v2,f0.2_chiN26,0.2,26.0,bvk2,BVK2,3.3439866918071393,18,256,0.06640625,0.4412557930512929,0.5587442069487071
liu2019-stress-free-period-map-v2,f0.2_chiN26,0.2,26.0,bvk2,BVK2,3.3439866918071393,19,256,0.0703125,0.43418058477341803,0.565819415226582
liu2019-stress-free-period-map-v2,f0.2_chiN26,0.2,26.0,bvk2,BVK2,3.3439866918071393,20,256,0.07421875,0.42693845032820427,0.5730615496717957
liu2019-stress-free-period-map-v2,f0.2_chiN26,0.2,26.0,bvk2,BVK2,3.3439866918071393,21,256,0.078125,0.4195443772151913,0.5804556227848088
liu2019-stress-free-period-map-v2,f0.2_chiN26,0.2,26.0,bvk2,BVK2,3.3439866918071393,22,256,0.08203125,0.41201197038539805,0.587988029614602
liu2019-stress-free-period-map-v2,f0.2_chiN26,0.2,26.0,bvk2,BVK2,3.3439866918071393,23,256,0.0859375,0.40435426662085266,0.5956457333791474
liu2019-stress-free-period-map-v2,f0.2_chiN26,0.2,26.0,bvk2,BVK2,3.3439866918071393,24,256,0.08984375,0.39658433493428014,0.6034156650657199
liu2019-stress-free-period-map-v2,f0.2_chiN26,0.2,26.0,bvk2,BVK2,3.3439866918071393,25,256,0.09375,0.38871560732163796,0.611284392678362
liu2019-stress-free-period-map-v2,f0.2_chiN26,0.2,26.0,bvk2,BVK2,3.3439866918071393,26,256,0.09765625,0.3807619633788844,0.6192380366211157
liu2019-stress-free-period-map-v2,f0.2_chiN26,0.2,26.0,bvk2,BVK2,3.3439866918071393,27,256,0.1015625,0.37273763907815793,0.6272623609218421
liu2019-stress-free-period-map-v2,f0.2_chiN26,0.2,26.0,bvk2,BVK2,3.3439866918071393,28,256,0.10546875,0.36465704322464687,0.6353429567753531
liu2019-stress-free-period-map-v2,f0.2_chiN26,0.2,26.0,bvk2,BVK2,3.3439866918071393,29,256,0.109375,0.35653455410795887,0.6434654458920411
liu2019-stress-free-period-map-v2,f0.2_chiN26,0.2,26.0,bvk2,BVK2,3.3439866918071393,30,256,0.11328125,0.3483843456229664,0.6516156543770336
liu2019-stress-free-period-map-v2,f0.2_chiN26,0.2,26.0,bvk2,BVK2,3.3439866918071393,31,256,0.1171875,0.34022026673446654,0.6597797332655335
liu2019-stress-free-period-map-v2,f0.2_chiN26,0.2,26.0,bvk2,BVK2,3.3439866918071393,32,256,0.12109375,0.332055777095987,0.667944222904013
liu2019-stress-free-period-map-v2,f0.2_chiN26,0.2,26.0,bvk2,BVK2,3.3439866918071393,33,256,0.125,0.3239039278900158,0.6760960721099842
liu2019-stress-free-period-map-v2,f0.2_chiN26,0.2,26.0,bvk2,BVK2,3.3439866918071393,34,256,0.12890625,0.3157773707866325,0.6842226292133675
liu2019-stress-free-period-map-v2,f0.2_chiN26,0.2,26.0,bvk2,BVK2,3.3439866918071393,35,256,0.1328125,0.30768837782949654,0.6923116221705035
liu2019-stress-free-period-map-v2,f0.2_chiN26,0.2,26.0,bvk2,BVK2,3.3439866918071393,36,256,0.13671875,0.29964885877928055,0.7003511412207195
liu2019-stress-free-period-map-v2,f0.2_chiN26,0.2,26.0,bvk2,BVK2,3.3439866918071393,37,256,0.140625,0.291670367713555,0.708329632286445
liu2019-stress-free-period-map-v2,f0.2_chiN26,0.2,26.0,bvk2,BVK2,3.3439866918071393,38,256,0.14453125,0.28376409575223155,0.7162359042477684
liu2019-stress-free-period-map-v2,f0.2_chiN26,0.2,26.0,bvk2,BVK2,3.3439866918071393,39,256,0.1484375,0.27594085062958307,0.7240591493704169
liu2019-stress-free-period-map-v2,f0.2_chiN26,0.2,26.0,bvk2,BVK2,3.3439866918071393,40,256,0.15234375,0.2682110261268404,0.7317889738731596
liu2019-stress-free-period-map-v2,f0.2_chiN26,0.2,26.0,bvk2,BVK2,3.3439866918071393,41,256,0.15625,0.2605845652578843,0.7394154347421157
liu2019-stress-free-period-map-v2,f0.2_chiN26,0.2,26.0,bvk2,BVK2,3.3439866918071393,42,256,0.16015625,0.25307092095998324,0.7469290790400167
liu2019-stress-free-period-map-v2,f0.2_chiN26,0.2,26.0,bvk2,BVK2,3.3439866918071393,43,256,0.1640625,0.2456790173344568,0.7543209826655433
liu2019-stress-free-period-map-v2,f0.2_chiN26,0.2,26.0,bvk2,BVK2,3.3439866918071393,44,256,0.16796875,0.23841721358766796,0.761582786412332
liu2019-stress-free-period-map-v2,f0.2_chiN26,0.2,26.0,bvk2,BVK2,3.3439866918071393,45,256,0.171875,0.2312932719944421,0.768706728005558
liu2019-stress-free-period-map-v2,f0.2_chiN26,0.2,26.0,bvk2,BVK2,3.3439866918071393,46,256,0.17578125,0.22431433057351555,0.7756856694264844
liu2019-stress-free-period-map-v2,f0.2_chiN26,0.2,26.0,bvk2,BVK2,3.3439866918071393,47,256,0.1796875,0.21748688075387665,0.7825131192461233
liu2019-stress-free-period-map-v2,f0.2_chiN26,0.2,26.0,bvk2,BVK2,3.3439866918071393,48,256,0.18359375,0.21081675009155915,0.7891832499084408
liu2019-stress-free-period-map-v2,f0.2_chiN26,0.2,26.0,bvk2,BVK2,3.3439866918071393,49,256,0.1875,0.2043090900100569,0.7956909099899431
liu2019-stress-free-period-map-v2,f0.2_chiN26,0.2,26.0,bvk2,BVK2,3.3439866918071393,50,256,0.19140625,0.19796836852327324,0.8020316314767267
liu2019-stress-free-period-map-v2,f0.2_chiN26,0.2,26.0,bvk2,BVK2,3.3439866918071393,51,256,0.1953125,0.19179836791060392,0.8082016320893961
liu2019-stress-free-period-map-v2,f0.2_chiN26,0.2,26.0,bvk2,BVK2,3.3439866918071393,52,256,0.19921875,0.18580218731812004,0.81419781268188
liu2019-stress-free-period-map-v2,f0.2_chiN26,0.2,26.0,bvk2,BVK2,3.3439866918071393,53,256,0.203125,0.17998225024231737,0.8200177497576826
liu2019-stress-free-period-map-v2,f0.2_chiN26,0.2,26.0,bvk2,BVK2,3.3439866918071393,54,256,0.20703125,0.17434031681119183,0.8256596831888081
liu2019-stress-free-period-map-v2,f0.2_chiN26,0.2,26.0,bvk2,BVK2,3.3439866918071393,55,256,0.2109375,0.1688775007152406,0.8311224992847595
liu2019-stress-free-period-map-v2,f0.2_chiN26,0.2,26.0,bvk2,BVK2,3.3439866918071393,56,256,0.21484375,0.16359429056666963,0.8364057094333304
liu2019-stress-free-period-map-v2,f0.2_chiN26,0.2,26.0,bvk2,BVK2,3.3439866918071393,57,256,0.21875,0.15849057538690822,0.8415094246130917
liu2019-stress-free-period-map-v2,f0.2_chiN26,0.2,26.0,bvk2,BVK2,3.3439866918071393,58,256,0.22265625,0.15356567384787095,0.846434326152129
liu2019-stress-free-period-map-v2,f0.2_chiN26,0.2,26.0,bvk2,BVK2,3.3439866918071393,59,256,0.2265625,0.14881836682727478,0.8511816331727252
liu2019-stress-free-period-map-v2,f0.2_chiN26,0.2,26.0,bvk2,BVK2,3.3439866918071393,60,256,0.23046875,0.1442469327855557,0.8557530672144443
liu2019-stress-free-period-map-v2,f0.2_chiN26,0.2,26.0,bvk2,BVK2,3.3439866918071393,61,256,0.234375,0.13984918543490096,0.860150814565099
liu2019-stress-free-period-map-v2,f0.2_chiN26,0.2,26.0,bvk2,BVK2,3.3439866918071393,62,256,0.23828125,0.1356225131485144,0.8643774868514856
liu2019-stress-free-period-map-v2,f0.2_chiN26,0.2,26.0,bvk2,BVK2,3.3439866918071393,63,256,0.2421875,0.13156391955208382,0.8684360804479162
liu2019-stress-free-period-map-v2,f0.2_chiN26,0.2,26.0,bvk2,BVK2,3.3439866918071393,64,256,0.24609375,0.12767006474703171,0.8723299352529683
liu2019-stress-free-period-map-v2,f0.2_chiN26,0.2,26.0,bvk2,BVK2,3.3439866918071393,65,256,0.25,0.12393730663571331,0.8760626933642867
liu2019-stress-free-period-map-v2,f0.2_chiN26,0.2,26.0,bvk2,BVK2,3.3439866918071393,66,256,0.25390625,0.12036174185081754,0.8796382581491825
liu2019-stress-free-period-map-v2,f0.2_chiN26,0.2,26.0,bvk2,BVK2,3.3439866918071393,67,256,0.2578125,0.11693924583241379,0.8830607541675862
liu2019-stress-free-period-map-v2,f0.2_chiN26,0.2,26.0,bvk2,BVK2,3.3439866918071393,68,256,0.26171875,0.1136655116442082,0.8863344883557918
liu2019-stress-free-period-map-v2,f0.2_chiN26,0.2,26.0,bvk2,BVK2,3.3439866918071393,69,256,0.265625,0.11053608717458145,0.8894639128254186
liu2019-stress-free-period-map-v2,f0.2_chiN26,0.2,26.0,bvk2,BVK2,3.3439866918071393,70,256,0.26953125,0.1075464104245326,0.8924535895754674
liu2019-stress-free-period-map-v2,f0.2_chiN26,0.2,26.0,bvk2,BVK2,3.3439866918071393,71,256,0.2734375,0.10469184264265317,0.8953081573573468
liu2019-stress-free-period-map-v2,f0.2_chiN26,0.2,26.0,bvk2,BVK2,3.3439866918071393,72,256,0.27734375,0.1019676991249242,0.8980323008750758
liu2019-stress-free-period-map-v2,f0.2_chiN26,0.2,26.0,bvk2,BVK2,3.3439866918071393,73,256,0.28125,0.09936927755246751,0.9006307224475325
liu2019-stress-free-period-map-v2,f0.2_chiN26,0.2,26.0,bvk2,BVK2,3.3439866918071393,74,256,0.28515625,0.09689188379224803,0.903108116207752
liu2019-stress-free-period-map-v2,f0.2_chiN26,0.2,26.0,bvk2,BVK2,3.3439866918071393,75,256,0.2890625,0.09453085513369258,0.9054691448663075
liu2019-stress-free-period-map-v2,f0.2_chiN26,0.2,26.0,bvk2,BVK2,3.3439866918071393,76,256,0.29296875,0.09228158097627176,0.9077184190237282
liu2019-stress-free-period-map-v2,f0.2_chiN26,0.2,26.0,bvk2,BVK2,3.3439866918071393,77,256,0.296875,0.09013952102015603,0.909860478979844
liu2019-stress-free-period-map-v2,f0.2_chiN26,0.2,26.0,bvk2,BVK2,3.3439866918071393,78,256,0.30078125,0.08810022104297198,0.911899778957028
liu2019-stress-free-period-map-v2,f0.2_chiN26,0.2,26.0,bvk2,BVK2,3.3439866918071393,79,256,0.3046875,0.08615932637090848,0.9138406736290915
liu2019-stress-free-period-map-v2,f0.2_chiN26,0.2,26.0,bvk2,BVK2,3.3439866918071393,80,256,0.30859375,0.08431259317200329,0.9156874068279968
liu2019-stress-free-period-map-v2,f0.2_chiN26,0.2,26.0,bvk2,BVK2,3.3439866918071393,81,256,0.3125,0.08255589771398004,0.9174441022860199
liu2019-stress-free-period-map-v2,f0.2_chiN26,0.2,26.0,bvk2,BVK2,3.3439866918071393,82,256,0.31640625,0.0808852437385859,0.9191147562614141
liu2019-stress-free-period-map-v2,f0.2_chiN26,0.2,26.0,bvk2,BVK2,3.3439866918071393,83,256,0.3203125,0.07929676811003693,0.9207032318899631
liu2019-stress-free-period-map-v2,f0.2_chiN26,0.2,26.0,bvk2,BVK2,3.3439866918071393,84,256,0.32421875,0.07778674489712646,0.9222132551028736
liu2019-stress-free-period-map-v2,f0.2_chiN26,0.2,26.0,bvk2,BVK2,3.3439866918071393,85,256,0.328125,0.07635158804745772,0.9236484119525423
liu2019-stress-free-period-map-v2,f0.2_chiN26,0.2,26.0,bvk2,BVK2,3.3439866918071393,86,256,0.33203125,0.07498785280888089,0.9250121471911191
liu2019-stress-free-period-map-v2,f0.2_chiN26,0.2,26.0,bvk2,BVK2,3.3439866918071393,87,256,0.3359375,0.07369223604766281,0.9263077639523372
liu2019-stress-free-period-map-v2,f0.2_chiN26,0.2,26.0,bvk2,BVK2,3.3439866918071393,88,256,0.33984375,0.07246157560623291,0.9275384243937671
liu2019-stress-free-period-map-v2,f0.2_chiN26,0.2,26.0,bvk2,BVK2,3.3439866918071393,89,256,0.34375,0.07129284883506587,0.9287071511649341
liu2019-stress-free-period-map-v2,f0.2_chiN26,0.2,26.0,bvk2,BVK2,3.3439866918071393,90,256,0.34765625,0.07018317042484809,0.9298168295751519
liu2019-stress-free-period-map-v2,f0.2_chiN26,0.2,26.0,bvk2,BVK2,3.3439866918071393,91,256,0.3515625,0.06912978965565432,0.9308702103443457
liu2019-stress-free-period-map-v2,f0.2_chiN26,0.2,26.0,bvk2,BVK2,3.3439866918071393,92,256,0.35546875,0.0681300871704311,0.9318699128295689
liu2019-stress-free-period-map-v2,f0.2_chiN26,0.2,26.0,bvk2,BVK2,3.3439866918071393,93,256,0.359375,0.06718157137074106,0.9328184286292589
liu2019-stress-free-period-map-v2,f0.2_chiN26,0.2,26.0,bvk2,BVK2,3.3439866918071393,94,256,0.36328125,0.06628187452304819,0.9337181254769518
liu2019-stress-free-period-map-v2,f0.2_chiN26,0.2,26.0,bvk2,BVK2,3.3439866918071393,95,256,0.3671875,0.06542874865484524,0.9345712513451547
liu2019-stress-free-period-map-v2,f0.2_chiN26,0.2,26.0,bvk2,BVK2,3.3439866918071393,96,256,0.37109375,0.06462006131074091,0.9353799386892591
liu2019-stress-free-period-map-v2,f0.2_chiN26,0.2,26.0,bvk2,BVK2,3.3439866918071393,97,256,0.375,0.06385379123035284,0.9361462087696472
liu2019-stress-free-period-map-v2,f0.2_chiN26,0.2,26.0,bvk2,BVK2,3.3439866918071393,98,256,0.37890625,0.06312802400138781,0.9368719759986122
liu2019-stress-free-period-map-v2,f0.2_chiN26,0.2,26.0,bvk2,BVK2,3.3439866918071393,99,256,0.3828125,0.062440947733974864,0.9375590522660251
liu2019-stress-free-period-map-v2,f0.2_chiN26,0.2,26.0,bvk2,BVK2,3.3439866918071393,100,256,0.38671875,0.06179084879496623,0.9382091512050338
liu2019-stress-free-period-map-v2,f0.2_chiN26,0.2,26.0,bvk2,BVK2,3.3439866918071393,101,256,0.390625,0.061176107634344494,0.9388238923656556
liu2019-stress-free-period-map-v2,f0.2_chiN26,0.2,26.0,bvk2,BVK2,3.3439866918071393,102,256,0.39453125,0.06059519473009277,0.9394048052699072
liu2019-stress-free-period-map-v2,f0.2_chiN26,0.2,26.0,bvk2,BVK2,3.3439866918071393,103,256,0.3984375,0.06004666667209647,0.9399533333279035
liu2019-stress-free-period-map-v2,f0.2_chiN26,0.2,26.0,bvk2,BVK2,3.3439866918071393,104,256,0.40234375,0.05952916240118042,0.9404708375988196
liu2019-stress-free-period-map-v2,f0.2_chiN26,0.2,26.0,bvk2,BVK2,3.3439866918071393,105,256,0.40625,0.05904139961481894,0.9409586003851811
liu2019-stress-free-period-map-v2,f0.2_chiN26,0.2,26.0,bvk2,BVK2,3.3439866918071393,106,256,0.41015625,0.05858217134751001,0.94141782865249
liu2019-stress-free-period-map-v2,f0.2_chiN26,0.2,26.0,bvk2,BVK2,3.3439866918071393,107,256,0.4140625,0.05815034273055943,0.9418496572694406
liu2019-stress-free-period-map-v2,f0.2_chiN26,0.2,26.0,bvk2,BVK2,3.3439866918071393,108,256,0.41796875,0.05774484793344502,0.942255152066555
liu2019-stress-free-period-map-v2,f0.2_chiN26,0.2,26.0,bvk2,BVK2,3.3439866918071393,109,256,0.421875,0.05736468728651411,0.9426353127134859
liu2019-stress-free-period-map-v2,f0.2_chiN26,0.2,26.0,bvk2,BVK2,3.3439866918071393,110,256,0.42578125,0.057008924583332905,0.942991075416667
liu2019-stress-free-period-map-v2,f0.2_chiN26,0.2,26.0,bvk2,BVK2,3.3439866918071393,111,256,0.4296875,0.05667668455923841,0.9433233154407616
liu2019-stress-free-period-map-v2,f0.2_chiN26,0.2,26.0,bvk2,BVK2,3.3439866918071393,112,256,0.43359375,0.05636715054191968,0.9436328494580803
liu2019-stress-free-period-map-v2,f0.2_chiN26,0.2,26.0,bvk2,BVK2,3.3439866918071393,113,256,0.4375,0.056079562268864666,0.9439204377311353
liu2019-stress-free-period-map-v2,f0.2_chiN26,0.2,26.0,bvk2,BVK2,3.3439866918071393,114,256,0.44140625,0.055813213866218965,0.944186786133781
liu2019-stress-free-period-map-v2,f0.2_chiN26,0.2,26.0,bvk2,BVK2,3.3439866918071393,115,256,0.4453125,0.05556745198306253,0.9444325480169374
liu2019-stress-free-period-map-v2,f0.2_chiN26,0.2,26.0,bvk2,BVK2,3.3439866918071393,116,256,0.44921875,0.055341674075360836,0.9446583259246392
liu2019-stress-free-period-map-v2,f0.2_chiN26,0.2,26.0,bvk2,BVK2,3.3439866918071393,117,256,0.453125,0.05513532683351809,0.9448646731664819
liu2019-stress-free-period-map-v2,f0.2_chiN26,0.2,26.0,bvk2,BVK2,3.3439866918071393,118,256,0.45703125,0.05494790474784468,0.9450520952521553
liu2019-stress-free-period-map-v2,f0.2_chiN26,0.2,26.0,bvk2,BVK2,3.3439866918071393,119,256,0.4609375,0.054778948806486,0.945221051193514
liu2019-stress-free-period-map-v2,f0.2_chiN26,0.2,26.0,bvk2,BVK2,3.3439866918071393,120,256,0.46484375,0.054628045320551134,0.9453719546794489
liu2019-stress-free-period-map-v2,f0.2_chiN26,0.2,26.0,bvk2,BVK2,3.3439866918071393,121,256,0.46875,0.05449482487162314,0.9455051751283768
liu2019-stress-free-period-map-v2,f0.2_chiN26,0.2,26.0,bvk2,BVK2,3.3439866918071393,122,256,0.47265625,0.05437896137726708,0.945621038622733
liu2019-stress-free-period-map-v2,f0.2_chiN26,0.2,26.0,bvk2,BVK2,3.3439866918071393,123,256,0.4765625,0.054280171270498646,0.9457198287295013
liu2019-stress-free-period-map-v2,f0.2_chiN26,0.2,26.0,bvk2,BVK2,3.3439866918071393,124,256,0.48046875,0.05419821278958071,0.9458017872104193
liu2019-stress-free-period-map-v2,f0.2_chiN26,0.2,26.0,bvk2,BVK2,3.3439866918071393,125,256,0.484375,0.05413288537514701,0.945867114624853
liu2019-stress-free-period-map-v2,f0.2_chiN26,0.2,26.0,bvk2,BVK2,3.3439866918071393,126,256,0.48828125,0.054084029171842074,0.9459159708281579
liu2019-stress-free-period-map-v2,f0.2_chiN26,0.2,26.0,bvk2,BVK2,3.3439866918071393,127,256,0.4921875,0.05405152463230701,0.945948475367693
liu2019-stress-free-period-map-v2,f0.2_chiN26,0.2,26.0,bvk2,BVK2,3.3439866918071393,128,256,0.49609375,0.05403529222176772,0.9459647077782323
liu2019-stress-free-period-map-v2,f0.2_chiN26,0.2,26.0,bvk2,BVK2,3.3439866918071393,129,256,0.5,0.05403529222176772,0.9459647077782323
liu2019-stress-free-period-map-v2,f0.2_chiN26,0.2,26.0,bvk2,BVK2,3.3439866918071393,130,256,0.50390625,0.05405152463230701,0.945948475367693
liu2019-stress-free-period-map-v2,f0.2_chiN26,0.2,26.0,bvk2,BVK2,3.3439866918071393,131,256,0.5078125,0.05408402917184208,0.9459159708281579
liu2019-stress-free-period-map-v2,f0.2_chiN26,0.2,26.0,bvk2,BVK2,3.3439866918071393,132,256,0.51171875,0.05413288537514704,0.945867114624853
liu2019-stress-free-period-map-v2,f0.2_chiN26,0.2,26.0,bvk2,BVK2,3.3439866918071393,133,256,0.515625,0.05419821278958072,0.9458017872104193
liu2019-stress-free-period-map-v2,f0.2_chiN26,0.2,26.0,bvk2,BVK2,3.3439866918071393,134,256,0.51953125,0.054280171270498646,0.9457198287295013
liu2019-stress-free-period-map-v2,f0.2_chiN26,0.2,26.0,bvk2,BVK2,3.3439866918071393,135,256,0.5234375,0.05437896137726708,0.945621038622733
liu2019-stress-free-period-map-v2,f0.2_chiN26,0.2,26.0,bvk2,BVK2,3.3439866918071393,136,256,0.52734375,0.05449482487162314,0.9455051751283768
liu2019-stress-free-period-map-v2,f0.2_chiN26,0.2,26.0,bvk2,BVK2,3.3439866918071393,137,256,0.53125,0.05462804532055112,0.9453719546794489
liu2019-stress-free-period-map-v2,f0.2_chiN26,0.2,26.0,bvk2,BVK2,3.3439866918071393,138,256,0.53515625,0.054778948806486,0.945221051193514
liu2019-stress-free-period-map-v2,f0.2_chiN26,0.2,26.0,bvk2,BVK2,3.3439866918071393,139,256,0.5390625,0.05494790474784467,0.9450520952521553
liu2019-stress-free-period-map-v2,f0.2_chiN26,0.2,26.0,bvk2,BVK2,3.3439866918071393,140,256,0.54296875,0.05513532683351809,0.9448646731664819
liu2019-stress-free-period-map-v2,f0.2_chiN26,0.2,26.0,bvk2,BVK2,3.3439866918071393,141,256,0.546875,0.05534167407536082,0.9446583259246392
liu2019-stress-free-period-map-v2,f0.2_chiN26,0.2,26.0,bvk2,BVK2,3.3439866918071393,142,256,0.55078125,0.055567451983062524,0.9444325480169374
liu2019-stress-free-period-map-v2,f0.2_chiN26,0.2,26.0,bvk2,BVK2,3.3439866918071393,143,256,0.5546875,0.05581321386621898,0.944186786133781
liu2019-stress-free-period-map-v2,f0.2_chiN26,0.2,26.0,bvk2,BVK2,3.3439866918071393,144,256,0.55859375,0.05607956226886465,0.9439204377311353
liu2019-stress-free-period-map-v2,f0.2_chiN26,0.2,26.0,bvk2,BVK2,3.3439866918071393,145,256,0.5625,0.056367150541919694,0.9436328494580803
liu2019-stress-free-period-map-v2,f0.2_chiN26,0.2,26.0,bvk2,BVK2,3.3439866918071393,146,256,0.56640625,0.056676684559238424,0.9433233154407615
liu2019-stress-free-period-map-v2,f0.2_chiN26,0.2,26.0,bvk2,BVK2,3.3439866918071393,147,256,0.5703125,0.057008924583332905,0.942991075416667
liu2019-stress-free-period-map-v2,f0.2_chiN26,0.2,26.0,bvk2,BVK2,3.3439866918071393,148,256,0.57421875,0.05736468728651411,0.9426353127134859
liu2019-stress-free-period-map-v2,f0.2_chiN26,0.2,26.0,bvk2,BVK2,3.3439866918071393,149,256,0.578125,0.05774484793344502,0.942255152066555
liu2019-stress-free-period-map-v2,f0.2_chiN26,0.2,26.0,bvk2,BVK2,3.3439866918071393,150,256,0.58203125,0.05815034273055943,0.9418496572694406
liu2019-stress-free-period-map-v2,f0.2_chiN26,0.2,26.0,bvk2,BVK2,3.3439866918071393,151,256,0.5859375,0.05858217134751002,0.94141782865249
liu2019-stress-free-period-map-v2,f0.2_chiN26,0.2,26.0,bvk2,BVK2,3.3439866918071393,152,256,0.58984375,0.05904139961481894,0.9409586003851811
liu2019-stress-free-period-map-v2,f0.2_chiN26,0.2,26.0,bvk2,BVK2,3.3439866918071393,153,256,0.59375,0.059529162401180405,0.9404708375988196
liu2019-stress-free-period-map-v2,f0.2_chiN26,0.2,26.0,bvk2,BVK2,3.3439866918071393,154,256,0.59765625,0.06004666667209645,0.9399533333279035
liu2019-stress-free-period-map-v2,f0.2_chiN26,0.2,26.0,bvk2,BVK2,3.3439866918071393,155,256,0.6015625,0.06059519473009277,0.9394048052699072
liu2019-stress-free-period-map-v2,f0.2_chiN26,0.2,26.0,bvk2,BVK2,3.3439866918071393,156,256,0.60546875,0.06117610763434451,0.9388238923656554
liu2019-stress-free-period-map-v2,f0.2_chiN26,0.2,26.0,bvk2,BVK2,3.3439866918071393,157,256,0.609375,0.06179084879496623,0.9382091512050338
liu2019-stress-free-period-map-v2,f0.2_chiN26,0.2,26.0,bvk2,BVK2,3.3439866918071393,158,256,0.61328125,0.062440947733974864,0.9375590522660251
liu2019-stress-free-period-map-v2,f0.2_chiN26,0.2,26.0,bvk2,BVK2,3.3439866918071393,159,256,0.6171875,0.06312802400138781,0.9368719759986122
liu2019-stress-free-period-map-v2,f0.2_chiN26,0.2,26.0,bvk2,BVK2,3.3439866918071393,160,256,0.62109375,0.06385379123035287,0.9361462087696472
liu2019-stress-free-period-map-v2,f0.2_chiN26,0.2,26.0,bvk2,BVK2,3.3439866918071393,161,256,0.625,0.06462006131074087,0.9353799386892592
liu2019-stress-free-period-map-v2,f0.2_chiN26,0.2,26.0,bvk2,BVK2,3.3439866918071393,162,256,0.62890625,0.06542874865484524,0.9345712513451547
liu2019-stress-free-period-map-v2,f0.2_chiN26,0.2,26.0,bvk2,BVK2,3.3439866918071393,163,256,0.6328125,0.06628187452304819,0.9337181254769518
liu2019-stress-free-period-map-v2,f0.2_chiN26,0.2,26.0,bvk2,BVK2,3.3439866918071393,164,256,0.63671875,0.06718157137074106,0.9328184286292589
liu2019-stress-free-period-map-v2,f0.2_chiN26,0.2,26.0,bvk2,BVK2,3.3439866918071393,165,256,0.640625,0.06813008717043108,0.9318699128295689
liu2019-stress-free-period-map-v2,f0.2_chiN26,0.2,26.0,bvk2,BVK2,3.3439866918071393,166,256,0.64453125,0.06912978965565432,0.9308702103443457
liu2019-stress-free-period-map-v2,f0.2_chiN26,0.2,26.0,bvk2,BVK2,3.3439866918071393,167,256,0.6484375,0.07018317042484806,0.9298168295751519
liu2019-stress-free-period-map-v2,f0.2_chiN26,0.2,26.0,bvk2,BVK2,3.3439866918071393,168,256,0.65234375,0.07129284883506584,0.9287071511649342
liu2019-stress-free-period-map-v2,f0.2_chiN26,0.2,26.0,bvk2,BVK2,3.3439866918071393,169,256,0.65625,0.07246157560623291,0.9275384243937671
liu2019-stress-free-period-map-v2,f0.2_chiN26,0.2,26.0,bvk2,BVK2,3.3439866918071393,170,256,0.66015625,0.07369223604766276,0.9263077639523373
liu2019-stress-free-period-map-v2,f0.2_chiN26,0.2,26.0,bvk2,BVK2,3.3439866918071393,171,256,0.6640625,0.07498785280888082,0.9250121471911192
liu2019-stress-free-period-map-v2,f0.2_chiN26,0.2,26.0,bvk2,BVK2,3.3439866918071393,172,256,0.66796875,0.07635158804745772,0.9236484119525423
liu2019-stress-free-period-map-v2,f0.2_chiN26,0.2,26.0,bvk2,BVK2,3.3439866918071393,173,256,0.671875,0.07778674489712652,0.9222132551028734
liu2019-stress-free-period-map-v2,f0.2_chiN26,0.2,26.0,bvk2,BVK2,3.3439866918071393,174,256,0.67578125,0.0792967681100369,0.9207032318899631
liu2019-stress-free-period-map-v2,f0.2_chiN26,0.2,26.0,bvk2,BVK2,3.3439866918071393,175,256,0.6796875,0.08088524373858587,0.9191147562614141
liu2019-stress-free-period-map-v2,f0.2_chiN26,0.2,26.0,bvk2,BVK2,3.3439866918071393,176,256,0.68359375,0.08255589771398004,0.9174441022860199
liu2019-stress-free-period-map-v2,f0.2_chiN26,0.2,26.0,bvk2,BVK2,3.3439866918071393,177,256,0.6875,0.08431259317200326,0.9156874068279968
liu2019-stress-free-period-map-v2,f0.2_chiN26,0.2,26.0,bvk2,BVK2,3.3439866918071393,178,256,0.69140625,0.08615932637090841,0.9138406736290916
liu2019-stress-free-period-map-v2,f0.2_chiN26,0.2,26.0,bvk2,BVK2,3.3439866918071393,179,256,0.6953125,0.08810022104297194,0.911899778957028
liu2019-stress-free-period-map-v2,f0.2_chiN26,0.2,26.0,bvk2,BVK2,3.3439866918071393,180,256,0.69921875,0.090139521020156,0.909860478979844
liu2019-stress-free-period-map-v2,f0.2_chiN26,0.2,26.0,bvk2,BVK2,3.3439866918071393,181,256,0.703125,0.0922815809762717,0.9077184190237283
liu2019-stress-free-period-map-v2,f0.2_chiN26,0.2,26.0,bvk2,BVK2,3.3439866918071393,182,256,0.70703125,0.09453085513369258,0.9054691448663075
liu2019-stress-free-period-map-v2,f0.2_chiN26,0.2,26.0,bvk2,BVK2,3.3439866918071393,183,256,0.7109375,0.09689188379224803,0.903108116207752
liu2019-stress-free-period-map-v2,f0.2_chiN26,0.2,26.0,bvk2,BVK2,3.3439866918071393,184,256,0.71484375,0.09936927755246751,0.9006307224475325
liu2019-stress-free-period-map-v2,f0.2_chiN26,0.2,26.0,bvk2,BVK2,3.3439866918071393,185,256,0.71875,0.1019676991249242,0.8980323008750758
liu2019-stress-free-period-map-v2,f0.2_chiN26,0.2,26.0,bvk2,BVK2,3.3439866918071393,186,256,0.72265625,0.10469184264265317,0.8953081573573468
liu2019-stress-free-period-map-v2,f0.2_chiN26,0.2,26.0,bvk2,BVK2,3.3439866918071393,187,256,0.7265625,0.10754641042453256,0.8924535895754675
liu2019-stress-free-period-map-v2,f0.2_chiN26,0.2,26.0,bvk2,BVK2,3.3439866918071393,188,256,0.73046875,0.11053608717458137,0.8894639128254186
liu2019-stress-free-period-map-v2,f0.2_chiN26,0.2,26.0,bvk2,BVK2,3.3439866918071393,189,256,0.734375,0.11366551164420817,0.8863344883557919
liu2019-stress-free-period-map-v2,f0.2_chiN26,0.2,26.0,bvk2,BVK2,3.3439866918071393,190,256,0.73828125,0.1169392458324137,0.8830607541675863
liu2019-stress-free-period-map-v2,f0.2_chiN26,0.2,26.0,bvk2,BVK2,3.3439866918071393,191,256,0.7421875,0.1203617418508175,0.8796382581491825
liu2019-stress-free-period-map-v2,f0.2_chiN26,0.2,26.0,bvk2,BVK2,3.3439866918071393,192,256,0.74609375,0.12393730663571319,0.8760626933642868
liu2019-stress-free-period-map-v2,f0.2_chiN26,0.2,26.0,bvk2,BVK2,3.3439866918071393,193,256,0.75,0.1276700647470318,0.8723299352529682
liu2019-stress-free-period-map-v2,f0.2_chiN26,0.2,26.0,bvk2,BVK2,3.3439866918071393,194,256,0.75390625,0.13156391955208382,0.8684360804479162
liu2019-stress-free-period-map-v2,f0.2_chiN26,0.2,26.0,bvk2,BVK2,3.3439866918071393,195,256,0.7578125,0.1356225131485144,0.8643774868514856
liu2019-stress-free-period-map-v2,f0.2_chiN26,0.2,26.0,bvk2,BVK2,3.3439866918071393,196,256,0.76171875,0.13984918543490096,0.860150814565099
liu2019-stress-free-period-map-v2,f0.2_chiN26,0.2,26.0,bvk2,BVK2,3.3439866918071393,197,256,0.765625,0.14424693278555567,0.8557530672144443
liu2019-stress-free-period-map-v2,f0.2_chiN26,0.2,26.0,bvk2,BVK2,3.3439866918071393,198,256,0.76953125,0.14881836682727473,0.8511816331727253
liu2019-stress-free-period-map-v2,f0.2_chiN26,0.2,26.0,bvk2,BVK2,3.3439866918071393,199,256,0.7734375,0.15356567384787093,0.8464343261521291
liu2019-stress-free-period-map-v2,f0.2_chiN26,0.2,26.0,bvk2,BVK2,3.3439866918071393,200,256,0.77734375,0.1584905753869081,0.8415094246130919
liu2019-stress-free-period-map-v2,f0.2_chiN26,0.2,26.0,bvk2,BVK2,3.3439866918071393,201,256,0.78125,0.16359429056666955,0.8364057094333305
liu2019-stress-free-period-map-v2,f0.2_chiN26,0.2,26.0,bvk2,BVK2,3.3439866918071393,202,256,0.78515625,0.16887750071524044,0.8311224992847596
liu2019-stress-free-period-map-v2,f0.2_chiN26,0.2,26.0,bvk2,BVK2,3.3439866918071393,203,256,0.7890625,0.17434031681119175,0.8256596831888082
liu2019-stress-free-period-map-v2,f0.2_chiN26,0.2,26.0,bvk2,BVK2,3.3439866918071393,204,256,0.79296875,0.17998225024231743,0.8200177497576826
liu2019-stress-free-period-map-v2,f0.2_chiN26,0.2,26.0,bvk2,BVK2,3.3439866918071393,205,256,0.796875,0.18580218731812004,0.81419781268188
liu2019-stress-free-period-map-v2,f0.2_chiN26,0.2,26.0,bvk2,BVK2,3.3439866918071393,206,256,0.80078125,0.19179836791060392,0.8082016320893961
liu2019-stress-free-period-map-v2,f0.2_chiN26,0.2,26.0,bvk2,BVK2,3.3439866918071393,207,256,0.8046875,0.19796836852327324,0.8020316314767267
liu2019-stress-free-period-map-v2,f0.2_chiN26,0.2,26.0,bvk2,BVK2,3.3439866918071393,208,256,0.80859375,0.20430909001005684,0.7956909099899432
liu2019-stress-free-period-map-v2,f0.2_chiN26,0.2,26.0,bvk2,BVK2,3.3439866918071393,209,256,0.8125,0.21081675009155904,0.789183249908441
liu2019-stress-free-period-map-v2,f0.2_chiN26,0.2,26.0,bvk2,BVK2,3.3439866918071393,210,256,0.81640625,0.2174868807538765,0.7825131192461234
liu2019-stress-free-period-map-v2,f0.2_chiN26,0.2,26.0,bvk2,BVK2,3.3439866918071393,211,256,0.8203125,0.2243143305735154,0.7756856694264846
liu2019-stress-free-period-map-v2,f0.2_chiN26,0.2,26.0,bvk2,BVK2,3.3439866918071393,212,256,0.82421875,0.23129327199444205,0.768706728005558
liu2019-stress-free-period-map-v2,f0.2_chiN26,0.2,26.0,bvk2,BVK2,3.3439866918071393,213,256,0.828125,0.2384172135876678,0.7615827864123322
liu2019-stress-free-period-map-v2,f0.2_chiN26,0.2,26.0,bvk2,BVK2,3.3439866918071393,214,256,0.83203125,0.2456790173344569,0.754320982665543
liu2019-stress-free-period-map-v2,f0.2_chiN26,0.2,26.0,bvk2,BVK2,3.3439866918071393,215,256,0.8359375,0.25307092095998335,0.7469290790400167
liu2019-stress-free-period-map-v2,f0.2_chiN26,0.2,26.0,bvk2,BVK2,3.3439866918071393,216,256,0.83984375,0.2605845652578843,0.7394154347421157
liu2019-stress-free-period-map-v2,f0.2_chiN26,0.2,26.0,bvk2,BVK2,3.3439866918071393,217,256,0.84375,0.2682110261268403,0.7317889738731598
liu2019-stress-free-period-map-v2,f0.2_chiN26,0.2,26.0,bvk2,BVK2,3.3439866918071393,218,256,0.84765625,0.2759408506295829,0.7240591493704172
liu2019-stress-free-period-map-v2,f0.2_chiN26,0.2,26.0,bvk2,BVK2,3.3439866918071393,219,256,0.8515625,0.28376409575223155,0.7162359042477684
liu2019-stress-free-period-map-v2,f0.2_chiN26,0.2,26.0,bvk2,BVK2,3.3439866918071393,220,256,0.85546875,0.29167036771355487,0.7083296322864452
liu2019-stress-free-period-map-v2,f0.2_chiN26,0.2,26.0,bvk2,BVK2,3.3439866918071393,221,256,0.859375,0.2996488587792803,0.7003511412207197
liu2019-stress-free-period-map-v2,f0.2_chiN26,0.2,26.0,bvk2,BVK2,3.3439866918071393,222,256,0.86328125,0.30768837782949643,0.6923116221705036
liu2019-stress-free-period-map-v2,f0.2_chiN26,0.2,26.0,bvk2,BVK2,3.3439866918071393,223,256,0.8671875,0.31577737078663226,0.6842226292133677
liu2019-stress-free-period-map-v2,f0.2_chiN26,0.2,26.0,bvk2,BVK2,3.3439866918071393,224,256,0.87109375,0.32390392789001554,0.6760960721099845
liu2019-stress-free-period-map-v2,f0.2_chiN26,0.2,26.0,bvk2,BVK2,3.3439866918071393,225,256,0.875,0.3320557770959871,0.6679442229040129
liu2019-stress-free-period-map-v2,f0.2_chiN26,0.2,26.0,bvk2,BVK2,3.3439866918071393,226,256,0.87890625,0.34022026673446654,0.6597797332655335
liu2019-stress-free-period-map-v2,f0.2_chiN26,0.2,26.0,bvk2,BVK2,3.3439866918071393,227,256,0.8828125,0.3483843456229664,0.6516156543770336
liu2019-stress-free-period-map-v2,f0.2_chiN26,0.2,26.0,bvk2,BVK2,3.3439866918071393,228,256,0.88671875,0.35653455410795887,0.6434654458920411
liu2019-stress-free-period-map-v2,f0.2_chiN26,0.2,26.0,bvk2,BVK2,3.3439866918071393,229,256,0.890625,0.36465704322464687,0.6353429567753531
liu2019-stress-free-period-map-v2,f0.2_chiN26,0.2,26.0,bvk2,BVK2,3.3439866918071393,230,256,0.89453125,0.37273763907815793,0.6272623609218421
liu2019-stress-free-period-map-v2,f0.2_chiN26,0.2,26.0,bvk2,BVK2,3.3439866918071393,231,256,0.8984375,0.3807619633788843,0.6192380366211157
liu2019-stress-free-period-map-v2,f0.2_chiN26,0.2,26.0,bvk2,BVK2,3.3439866918071393,232,256,0.90234375,0.3887156073216378,0.6112843926783622
liu2019-stress-free-period-map-v2,f0.2_chiN26,0.2,26.0,bvk2,BVK2,3.3439866918071393,233,256,0.90625,0.39658433493428014,0.6034156650657199
liu2019-stress-free-period-map-v2,f0.2_chiN26,0.2,26.0,bvk2,BVK2,3.3439866918071393,234,256,0.91015625,0.40435426662085266,0.5956457333791474
liu2019-stress-free-period-map-v2,f0.2_chiN26,0.2,26.0,bvk2,BVK2,3.3439866918071393,235,256,0.9140625,0.4120119703853978,0.5879880296146023
liu2019-stress-free-period-map-v2,f0.2_chiN26,0.2,26.0,bvk2,BVK2,3.3439866918071393,236,256,0.91796875,0.4195443772151913,0.5804556227848088
liu2019-stress-free-period-map-v2,f0.2_chiN26,0.2,26.0,bvk2,BVK2,3.3439866918071393,237,256,0.921875,0.42693845032820443,0.5730615496717956
liu2019-stress-free-period-map-v2,f0.2_chiN26,0.2,26.0,bvk2,BVK2,3.3439866918071393,238,256,0.92578125,0.43418058477341803,0.565819415226582
liu2019-stress-free-period-map-v2,f0.2_chiN26,0.2,26.0,bvk2,BVK2,3.3439866918071393,239,256,0.9296875,0.44125579305129276,0.5587442069487072
liu2019-stress-free-period-map-v2,f0.2_chiN26,0.2,26.0,bvk2,BVK2,3.3439866918071393,240,256,0.93359375,0.4481468243878697,0.5518531756121303
liu2019-stress-free-period-map-v2,f0.2_chiN26,0.2,26.0,bvk2,BVK2,3.3439866918071393,241,256,0.9375,0.45483343183759506,0.5451665681624049
liu2019-stress-free-period-map-v2,f0.2_chiN26,0.2,26.0,bvk2,BVK2,3.3439866918071393,242,256,0.94140625,0.4612920015743608,0.5387079984256392
liu2019-stress-free-period-map-v2,f0.2_chiN26,0.2,26.0,bvk2,BVK2,3.3439866918071393,243,256,0.9453125,0.4674956775391573,0.5325043224608428
liu2019-stress-free-period-map-v2,f0.2_chiN26,0.2,26.0,bvk2,BVK2,3.3439866918071393,244,256,0.94921875,0.47341498195605647,0.5265850180439435
liu2019-stress-free-period-map-v2,f0.2_chiN26,0.2,26.0,bvk2,BVK2,3.3439866918071393,245,256,0.953125,0.4790188083320292,0.5209811916679707
liu2019-stress-free-period-map-v2,f0.2_chiN26,0.2,26.0,bvk2,BVK2,3.3439866918071393,246,256,0.95703125,0.4842755978754191,0.5157244021245809
liu2019-stress-free-period-map-v2,f0.2_chiN26,0.2,26.0,bvk2,BVK2,3.3439866918071393,247,256,0.9609375,0.4891545120880209,0.510845487911979
liu2019-stress-free-period-map-v2,f0.2_chiN26,0.2,26.0,bvk2,BVK2,3.3439866918071393,248,256,0.96484375,0.49362645952675516,0.5063735404732448
liu2019-stress-free-period-map-v2,f0.2_chiN26,0.2,26.0,bvk2,BVK2,3.3439866918071393,249,256,0.96875,0.4976648928491826,0.5023351071508174
liu2019-stress-free-period-map-v2,f0.2_chiN26,0.2,26.0,bvk2,BVK2,3.3439866918071393,250,256,0.97265625,0.5012463443255286,0.4987536556744714
liu2019-stress-free-period-map-v2,f0.2_chiN26,0.2,26.0,bvk2,BVK2,3.3439866918071393,251,256,0.9765625,0.5043507077448555,0.49564929225514454
liu2019-stress-free-period-map-v2,f0.2_chiN26,0.2,26.0,bvk2,BVK2,3.3439866918071393,252,256,0.98046875,0.5069613021409094,0.4930386978590906
liu2019-stress-free-period-map-v2,f0.2_chiN26,0.2,26.0,bvk2,BVK2,3.3439866918071393,253,256,0.984375,0.5090647696587289,0.49093523034127107
liu2019-stress-free-period-map-v2,f0.2_chiN26,0.2,26.0,bvk2,BVK2,3.3439866918071393,254,256,0.98828125,0.5106508677794692,0.4893491322205308
liu2019-stress-free-period-map-v2,f0.2_chiN26,0.2,26.0,bvk2,BVK2,3.3439866918071393,255,256,0.9921875,0.5117122164998897,0.48828778350011026
liu2019-stress-free-period-map-v2,f0.2_chiN26,0.2,26.0,bvk2,BVK2,3.3439866918071393,256,256,0.99609375,0.5122440554086224,0.4877559445913776
liu2019-stress-free-period-map-v2,f0.2_chiN26,0.2,26.0,ohta_kawasaki,Ohta-Kawasaki (recomputed),3.0248462273680343,1,128,0.0,0.6513752993066497,0.3486247006933503
liu2019-stress-free-period-map-v2,f0.2_chiN26,0.2,26.0,ohta_kawasaki,Ohta-Kawasaki (recomputed),3.0248462273680343,2,128,0.0078125,0.6508074028248593,0.34919259717514073
liu2019-stress-free-period-map-v2,f0.2_chiN26,0.2,26.0,ohta_kawasaki,Ohta-Kawasaki (recomputed),3.0248462273680343,3,128,0.015625,0.6491047577606079,0.35089524223939206
liu2019-stress-free-period-map-v2,f0.2_chiN26,0.2,26.0,ohta_kawasaki,Ohta-Kawasaki (recomputed),3.0248462273680343,4,128,0.0234375,0.6462705067815072,0.3537294932184928
liu2019-stress-free-period-map-v2,f0.2_chiN26,0.2,26.0,ohta_kawasaki,Ohta-Kawasaki (recomputed),3.0248462273680343,5,128,0.03125,0.6423099336927881,0.3576900663072119
liu2019-stress-free-period-map-v2,f0.2_chiN26,0.2,26.0,ohta_kawasaki,Ohta-Kawasaki (recomputed),3.0248462273680343,6,128,0.0390625,0.6372305267645852,0.36276947323541475
liu2019-stress-free-period-map-v2,f0.2_chiN26,0.2,26.0,ohta_kawasaki,Ohta-Kawasaki (recomputed),3.0248462273680343,7,128,0.046875,0.6310420668362702,0.3689579331637298
liu2019-stress-free-period-map-v2,f0.2_chiN26,0.2,26.0,ohta_kawasaki,Ohta-Kawasaki (recomputed),3.0248462273680343,8,128,0.0546875,0.623756735247149,0.37624326475285097
liu2019-stress-free-period-map-v2,f0.2_chiN26,0.2,26.0,ohta_kawasaki,Ohta-Kawasaki (recomputed),3.0248462273680343,9,128,0.0625,0.6153892387906933,0.3846107612093067
liu2019-stress-free-period-map-v2,f0.2_chiN26,0.2,26.0,ohta_kawasaki,Ohta-Kawasaki (recomputed),3.0248462273680343,10,128,0.0703125,0.6059569435462586,0.3940430564537414
liu2019-stress-free-period-map-v2,f0.2_chiN26,0.2,26.0,ohta_kawasaki,Ohta-Kawasaki (recomputed),3.0248462273680343,11,128,0.078125,0.5954800202839535,0.4045199797160465
liu2019-stress-free-period-map-v2,f0.2_chiN26,0.2,26.0,ohta_kawasaki,Ohta-Kawasaki (recomputed),3.0248462273680343,12,128,0.0859375,0.5839815864665332,0.4160184135334668
liu2019-stress-free-period-map-v2,f0.2_chiN26,0.2,26.0,ohta_kawasaki,Ohta-Kawasaki (recomputed),3.0248462273680343,13,128,0.09375,0.5714878465749518,0.4285121534250482
liu2019-stress-free-period-map-v2,f0.2_chiN26,0.2,26.0,ohta_kawasaki,Ohta-Kawasaki (recomputed),3.0248462273680343,14,128,0.1015625,0.5580282187034316,0.44197178129656844
liu2019-stress-free-period-map-v2,f0.2_chiN26,0.2,26.0,ohta_kawasaki,Ohta-Kawasaki (recomputed),3.0248462273680343,15,128,0.109375,0.5436354458633736,0.45636455413662635
liu2019-stress-free-period-map-v2,f0.2_chiN26,0.2,26.0,ohta_kawasaki,Ohta-Kawasaki (recomputed),3.0248462273680343,16,128,0.1171875,0.5283456801044036,0.47165431989559636
liu2019-stress-free-period-map-v2,f0.2_chiN26,0.2,26.0,ohta_kawasaki,Ohta-Kawasaki (recomputed),3.0248462273680343,17,128,0.125,0.5121985395295127,0.48780146047048734
liu2019-stress-free-period-map-v2,f0.2_chiN26,0.2,26.0,ohta_kawasaki,Ohta-Kawasaki (recomputed),3.0248462273680343,18,128,0.1328125,0.49523712501191824,0.5047628749880817
liu2019-stress-free-period-map-v2,f0.2_chiN26,0.2,26.0,ohta_kawasaki,Ohta-Kawasaki (recomputed),3.0248462273680343,19,128,0.140625,0.4775079998354507,0.5224920001645492
liu2019-stress-free-period-map-v2,f0.2_chiN26,0.2,26.0,ohta_kawasaki,Ohta-Kawasaki (recomputed),3.0248462273680343,20,128,0.1484375,0.45906111928865617,0.5409388807113438
liu2019-stress-free-period-map-v2,f0.2_chiN26,0.2,26.0,ohta_kawasaki,Ohta-Kawasaki (recomputed),3.0248462273680343,21,128,0.15625,0.43994971580717324,0.5600502841928268
liu2019-stress-free-period-map-v2,f0.2_chiN26,0.2,26.0,ohta_kawasaki,Ohta-Kawasaki (recomputed),3.0248462273680343,22,128,0.1640625,0.42023012845005014,0.5797698715499499
liu2019-stress-free-period-map-v2,f0.2_chiN26,0.2,26.0,ohta_kawasaki,Ohta-Kawasaki (recomputed),3.0248462273680343,23,128,0.171875,0.3999615825504802,0.6000384174495198
liu2019-stress-free-period-map-v2,f0.2_chiN26,0.2,26.0,ohta_kawasaki,Ohta-Kawasaki (recomputed),3.0248462273680343,24,128,0.1796875,0.3792059190315763,0.6207940809684237
liu2019-stress-free-period-map-v2,f0.2_chiN26,0.2,26.0,ohta_kawasaki,Ohta-Kawasaki (recomputed),3.0248462273680343,25,128,0.1875,0.3580272746109845,0.6419727253890155
liu2019-stress-free-period-map-v2,f0.2_chiN26,0.2,26.0,ohta_kawasaki,Ohta-Kawasaki (recomputed),3.0248462273680343,26,128,0.1953125,0.3364917147387025,0.6635082852612975
liu2019-stress-free-period-map-v2,f0.2_chiN26,0.2,26.0,ohta_kawasaki,Ohta-Kawasaki (recomputed),3.0248462273680343,27,128,0.203125,0.3146668314967028,0.6853331685032972
liu2019-stress-free-period-map-v2,f0.2_chiN26,0.2,26.0,ohta_kawasaki,Ohta-Kawasaki (recomputed),3.0248462273680343,28,128,0.2109375,0.29262130252358837,0.7073786974764116
liu2019-stress-free-period-map-v2,f0.2_chiN26,0.2,26.0,ohta_kawasaki,Ohta-Kawasaki (recomputed),3.0248462273680343,29,128,0.21875,0.2704244300715638,0.7295755699284362
liu2019-stress-free-period-map-v2,f0.2_chiN26,0.2,26.0,ohta_kawasaki,Ohta-Kawasaki (recomputed),3.0248462273680343,30,128,0.2265625,0.2481456588001866,0.7518543411998134
liu2019-stress-free-period-map-v2,f0.2_chiN26,0.2,26.0,ohta_kawasaki,Ohta-Kawasaki (recomputed),3.0248462273680343,31,128,0.234375,0.22585408846630894,0.7741459115336911
liu2019-stress-free-period-map-v2,f0.2_chiN26,0.2,26.0,ohta_kawasaki,Ohta-Kawasaki (recomputed),3.0248462273680343,32,128,0.2421875,0.20361798538565531,0.7963820146143447
liu2019-stress-free-period-map-v2,f0.2_chiN26,0.2,26.0,ohta_kawasaki,Ohta-Kawasaki (recomputed),3.0248462273680343,33,128,0.25,0.18150430960913677,0.8184956903908632
liu2019-stress-free-period-map-v2,f0.2_chiN26,0.2,26.0,ohta_kawasaki,Ohta-Kawasaki (recomputed),3.0248462273680343,34,128,0.2578125,0.1595782576362157,0.8404217423637843
liu2019-stress-free-period-map-v2,f0.2_chiN26,0.2,26.0,ohta_kawasaki,Ohta-Kawasaki (recomputed),3.0248462273680343,35,128,0.265625,0.13790283973037507,0.8620971602696249
liu2019-stress-free-period-map-v2,f0.2_chiN26,0.2,26.0,ohta_kawasaki,Ohta-Kawasaki (recomputed),3.0248462273680343,36,128,0.2734375,0.11653848933038163,0.8834615106696184
liu2019-stress-free-period-map-v2,f0.2_chiN26,0.2,26.0,ohta_kawasaki,Ohta-Kawasaki (recomputed),3.0248462273680343,37,128,0.28125,0.09554272019195435,0.9044572798080457
liu2019-stress-free-period-map-v2,f0.2_chiN26,0.2,26.0,ohta_kawasaki,Ohta-Kawasaki (recomputed),3.0248462273680343,38,128,0.2890625,0.07496983002607821,0.9250301699739218
liu2019-stress-free-period-map-v2,f0.2_chiN26,0.2,26.0,ohta_kawasaki,Ohta-Kawasaki (recomputed),3.0248462273680343,39,128,0.296875,0.054870659268035804,0.9451293407319642
liu2019-stress-free-period-map-v2,f0.2_chiN26,0.2,26.0,ohta_kawasaki,Ohta-Kawasaki (recomputed),3.0248462273680343,40,128,0.3046875,0.03529240420127919,0.9647075957987208
liu2019-stress-free-period-map-v2,f0.2_chiN26,0.2,26.0,ohta_kawasaki,Ohta-Kawasaki (recomputed),3.0248462273680343,41,128,0.3125,0.01627848771154833,0.9837215122884517
liu2019-stress-free-period-map-v2,f0.2_chiN26,0.2,26.0,ohta_kawasaki,Ohta-Kawasaki (recomputed),3.0248462273680343,42,128,0.3203125,-0.002131514139595142,1.0021315141395952
liu2019-stress-free-period-map-v2,f0.2_chiN26,0.2,26.0,ohta_kawasaki,Ohta-Kawasaki (recomputed),3.0248462273680343,43,128,0.328125,-0.019901888829984393,1.0199018888299844
liu2019-stress-free-period-map-v2,f0.2_chiN26,0.2,26.0,ohta_kawasaki,Ohta-Kawasaki (recomputed),3.0248462273680343,44,128,0.3359375,-0.037000754936020896,1.037000754936021
liu2019-stress-free-period-map-v2,f0.2_chiN26,0.2,26.0,ohta_kawasaki,Ohta-Kawasaki (recomputed),3.0248462273680343,45,128,0.34375,-0.05339997714754274,1.0533999771475426
liu2019-stress-free-period-map-v2,f0.2_chiN26,0.2,26.0,ohta_kawasaki,Ohta-Kawasaki (recomputed),3.0248462273680343,46,128,0.3515625,-0.06907504240737777,1.0690750424073778
liu2019-stress-free-period-map-v2,f0.2_chiN26,0.2,26.0,ohta_kawasaki,Ohta-Kawasaki (recomputed),3.0248462273680343,47,128,0.359375,-0.08400489178671694,1.0840048917867169
liu2019-stress-free-period-map-v2,f0.2_chiN26,0.2,26.0,ohta_kawasaki,Ohta-Kawasaki (recomputed),3.0248462273680343,48,128,0.3671875,-0.0981717239999394,1.0981717239999393
liu2019-stress-free-period-map-v2,f0.2_chiN26,0.2,26.0,ohta_kawasaki,Ohta-Kawasaki (recomputed),3.0248462273680343,49,128,0.375,-0.11156076867265285,1.111560768672653
liu2019-stress-free-period-map-v2,f0.2_chiN26,0.2,26.0,ohta_kawasaki,Ohta-Kawasaki (recomputed),3.0248462273680343,50,128,0.3828125,-0.12416003924795438,1.1241600392479545
liu2019-stress-free-period-map-v2,f0.2_chiN26,0.2,26.0,ohta_kawasaki,Ohta-Kawasaki (recomputed),3.0248462273680343,51,128,0.390625,-0.1359600706236594,1.1359600706236594
liu2019-stress-free-period-map-v2,f0.2_chiN26,0.2,26.0,ohta_kawasaki,Ohta-Kawasaki (recomputed),3.0248462273680343,52,128,0.3984375,-0.1469536466870613,1.1469536466870613
liu2019-stress-free-period-map-v2,f0.2_chiN26,0.2,26.0,ohta_kawasaki,Ohta-Kawasaki (recomputed),3.0248462273680343,53,128,0.40625,-0.15713552261807945,1.1571355226180795
liu2019-stress-free-period-map-v2,f0.2_chiN26,0.2,26.0,ohta_kawasaki,Ohta-Kawasaki (recomputed),3.0248462273680343,54,128,0.4140625,-0.1665021496201448,1.1665021496201449
liu2019-stress-free-period-map-v2,f0.2_chiN26,0.2,26.0,ohta_kawasaki,Ohta-Kawasaki (recomputed),3.0248462273680343,55,128,0.421875,-0.17505140171001077,1.1750514017100109
liu2019-stress-free-period-map-v2,f0.2_chiN26,0.2,26.0,ohta_kawasaki,Ohta-Kawasaki (recomputed),3.0248462273680343,56,128,0.4296875,-0.1827823136408293,1.1827823136408293
liu2019-stress-free-period-map-v2,f0.2_chiN26,0.2,26.0,ohta_kawasaki,Ohta-Kawasaki (recomputed),3.0248462273680343,57,128,0.4375,-0.18969483084763306,1.1896948308476332
liu2019-stress-free-period-map-v2,f0.2_chiN26,0.2,26.0,ohta_kawasaki,Ohta-Kawasaki (recomputed),3.0248462273680343,58,128,0.4453125,-0.19578957537548303,1.195789575375483
liu2019-stress-free-period-map-v2,f0.2_chiN26,0.2,26.0,ohta_kawasaki,Ohta-Kawasaki (recomputed),3.0248462273680343,59,128,0.453125,-0.20106762913901322,1.2010676291390132
liu2019-stress-free-period-map-v2,f0.2_chiN26,0.2,26.0,ohta_kawasaki,Ohta-Kawasaki (recomputed),3.0248462273680343,60,128,0.4609375,-0.205530339489496,1.205530339489496
liu2019-stress-free-period-map-v2,f0.2_chiN26,0.2,26.0,ohta_kawasaki,Ohta-Kawasaki (recomputed),3.0248462273680343,61,128,0.46875,-0.20917914626120404,1.209179146261204
liu2019-stress-free-period-map-v2,f0.2_chiN26,0.2,26.0,ohta_kawasaki,Ohta-Kawasaki (recomputed),3.0248462273680343,62,128,0.4765625,-0.21201543427791775,1.2120154342779177
liu2019-stress-free-period-map-v2,f0.2_chiN26,0.2,26.0,ohta_kawasaki,Ohta-Kawasaki (recomputed),3.0248462273680343,63,128,0.484375,-0.21404040926060558,1.2140404092606056
liu2019-stress-free-period-map-v2,f0.2_chiN26,0.2,26.0,ohta_kawasaki,Ohta-Kawasaki (recomputed),3.0248462273680343,64,128,0.4921875,-0.21525500235701217,1.2152550023570121
liu2019-stress-free-period-map-v2,f0.2_chiN26,0.2,26.0,ohta_kawasaki,Ohta-Kawasaki (recomputed),3.0248462273680343,65,128,0.5,-0.21565980024454312,1.2156598002445431
liu2019-stress-free-period-map-v2,f0.2_chiN26,0.2,26.0,ohta_kawasaki,Ohta-Kawasaki (recomputed),3.0248462273680343,66,128,0.5078125,-0.21525500235701217,1.2152550023570121
liu2019-stress-free-period-map-v2,f0.2_chiN26,0.2,26.0,ohta_kawasaki,Ohta-Kawasaki (recomputed),3.0248462273680343,67,128,0.515625,-0.21404040926060558,1.2140404092606056
liu2019-stress-free-period-map-v2,f0.2_chiN26,0.2,26.0,ohta_kawasaki,Ohta-Kawasaki (recomputed),3.0248462273680343,68,128,0.5234375,-0.21201543427791775,1.2120154342779177
liu2019-stress-free-period-map-v2,f0.2_chiN26,0.2,26.0,ohta_kawasaki,Ohta-Kawasaki (recomputed),3.0248462273680343,69,128,0.53125,-0.20917914626120404,1.209179146261204
liu2019-stress-free-period-map-v2,f0.2_chiN26,0.2,26.0,ohta_kawasaki,Ohta-Kawasaki (recomputed),3.0248462273680343,70,128,0.5390625,-0.205530339489496,1.205530339489496
liu2019-stress-free-period-map-v2,f0.2_chiN26,0.2,26.0,ohta_kawasaki,Ohta-Kawasaki (recomputed),3.0248462273680343,71,128,0.546875,-0.20106762913901322,1.2010676291390132
liu2019-stress-free-period-map-v2,f0.2_chiN26,0.2,26.0,ohta_kawasaki,Ohta-Kawasaki (recomputed),3.0248462273680343,72,128,0.5546875,-0.19578957537548303,1.195789575375483
liu2019-stress-free-period-map-v2,f0.2_chiN26,0.2,26.0,ohta_kawasaki,Ohta-Kawasaki (recomputed),3.0248462273680343,73,128,0.5625,-0.18969483084763306,1.1896948308476332
liu2019-stress-free-period-map-v2,f0.2_chiN26,0.2,26.0,ohta_kawasaki,Ohta-Kawasaki (recomputed),3.0248462273680343,74,128,0.5703125,-0.1827823136408293,1.1827823136408293
liu2019-stress-free-period-map-v2,f0.2_chiN26,0.2,26.0,ohta_kawasaki,Ohta-Kawasaki (recomputed),3.0248462273680343,75,128,0.578125,-0.17505140171001077,1.1750514017100109
liu2019-stress-free-period-map-v2,f0.2_chiN26,0.2,26.0,ohta_kawasaki,Ohta-Kawasaki (recomputed),3.0248462273680343,76,128,0.5859375,-0.1665021496201448,1.1665021496201449
liu2019-stress-free-period-map-v2,f0.2_chiN26,0.2,26.0,ohta_kawasaki,Ohta-Kawasaki (recomputed),3.0248462273680343,77,128,0.59375,-0.15713552261807945,1.1571355226180795
liu2019-stress-free-period-map-v2,f0.2_chiN26,0.2,26.0,ohta_kawasaki,Ohta-Kawasaki (recomputed),3.0248462273680343,78,128,0.6015625,-0.1469536466870613,1.1469536466870613
liu2019-stress-free-period-map-v2,f0.2_chiN26,0.2,26.0,ohta_kawasaki,Ohta-Kawasaki (recomputed),3.0248462273680343,79,128,0.609375,-0.1359600706236594,1.1359600706236594
liu2019-stress-free-period-map-v2,f0.2_chiN26,0.2,26.0,ohta_kawasaki,Ohta-Kawasaki (recomputed),3.0248462273680343,80,128,0.6171875,-0.12416003924795438,1.1241600392479545
liu2019-stress-free-period-map-v2,f0.2_chiN26,0.2,26.0,ohta_kawasaki,Ohta-Kawasaki (recomputed),3.0248462273680343,81,128,0.625,-0.11156076867265285,1.111560768672653
liu2019-stress-free-period-map-v2,f0.2_chiN26,0.2,26.0,ohta_kawasaki,Ohta-Kawasaki (recomputed),3.0248462273680343,82,128,0.6328125,-0.0981717239999394,1.0981717239999393
liu2019-stress-free-period-map-v2,f0.2_chiN26,0.2,26.0,ohta_kawasaki,Ohta-Kawasaki (recomputed),3.0248462273680343,83,128,0.640625,-0.08400489178671694,1.0840048917867169
liu2019-stress-free-period-map-v2,f0.2_chiN26,0.2,26.0,ohta_kawasaki,Ohta-Kawasaki (recomputed),3.0248462273680343,84,128,0.6484375,-0.06907504240737777,1.0690750424073778
liu2019-stress-free-period-map-v2,f0.2_chiN26,0.2,26.0,ohta_kawasaki,Ohta-Kawasaki (recomputed),3.0248462273680343,85,128,0.65625,-0.05339997714754274,1.0533999771475426
liu2019-stress-free-period-map-v2,f0.2_chiN26,0.2,26.0,ohta_kawasaki,Ohta-Kawasaki (recomputed),3.0248462273680343,86,128,0.6640625,-0.037000754936020896,1.037000754936021
liu2019-stress-free-period-map-v2,f0.2_chiN26,0.2,26.0,ohta_kawasaki,Ohta-Kawasaki (recomputed),3.0248462273680343,87,128,0.671875,-0.019901888829984393,1.0199018888299844
liu2019-stress-free-period-map-v2,f0.2_chiN26,0.2,26.0,ohta_kawasaki,Ohta-Kawasaki (recomputed),3.0248462273680343,88,128,0.6796875,-0.002131514139595142,1.0021315141395952
liu2019-stress-free-period-map-v2,f0.2_chiN26,0.2,26.0,ohta_kawasaki,Ohta-Kawasaki (recomputed),3.0248462273680343,89,128,0.6875,0.01627848771154833,0.9837215122884517
liu2019-stress-free-period-map-v2,f0.2_chiN26,0.2,26.0,ohta_kawasaki,Ohta-Kawasaki (recomputed),3.0248462273680343,90,128,0.6953125,0.03529240420127919,0.9647075957987208
liu2019-stress-free-period-map-v2,f0.2_chiN26,0.2,26.0,ohta_kawasaki,Ohta-Kawasaki (recomputed),3.0248462273680343,91,128,0.703125,0.054870659268035804,0.9451293407319642
liu2019-stress-free-period-map-v2,f0.2_chiN26,0.2,26.0,ohta_kawasaki,Ohta-Kawasaki (recomputed),3.0248462273680343,92,128,0.7109375,0.07496983002607821,0.9250301699739218
liu2019-stress-free-period-map-v2,f0.2_chiN26,0.2,26.0,ohta_kawasaki,Ohta-Kawasaki (recomputed),3.0248462273680343,93,128,0.71875,0.09554272019195435,0.9044572798080457
liu2019-stress-free-period-map-v2,f0.2_chiN26,0.2,26.0,ohta_kawasaki,Ohta-Kawasaki (recomputed),3.0248462273680343,94,128,0.7265625,0.11653848933038163,0.8834615106696184
liu2019-stress-free-period-map-v2,f0.2_chiN26,0.2,26.0,ohta_kawasaki,Ohta-Kawasaki (recomputed),3.0248462273680343,95,128,0.734375,0.13790283973037507,0.8620971602696249
liu2019-stress-free-period-map-v2,f0.2_chiN26,0.2,26.0,ohta_kawasaki,Ohta-Kawasaki (recomputed),3.0248462273680343,96,128,0.7421875,0.1595782576362157,0.8404217423637843
liu2019-stress-free-period-map-v2,f0.2_chiN26,0.2,26.0,ohta_kawasaki,Ohta-Kawasaki (recomputed),3.0248462273680343,97,128,0.75,0.18150430960913677,0.8184956903908632
liu2019-stress-free-period-map-v2,f0.2_chiN26,0.2,26.0,ohta_kawasaki,Ohta-Kawasaki (recomputed),3.0248462273680343,98,128,0.7578125,0.20361798538565531,0.7963820146143447
liu2019-stress-free-period-map-v2,f0.2_chiN26,0.2,26.0,ohta_kawasaki,Ohta-Kawasaki (recomputed),3.0248462273680343,99,128,0.765625,0.22585408846630894,0.7741459115336911
liu2019-stress-free-period-map-v2,f0.2_chiN26,0.2,26.0,ohta_kawasaki,Ohta-Kawasaki (recomputed),3.0248462273680343,100,128,0.7734375,0.2481456588001866,0.7518543411998134
liu2019-stress-free-period-map-v2,f0.2_chiN26,0.2,26.0,ohta_kawasaki,Ohta-Kawasaki (recomputed),3.0248462273680343,101,128,0.78125,0.2704244300715638,0.7295755699284362
liu2019-stress-free-period-map-v2,f0.2_chiN26,0.2,26.0,ohta_kawasaki,Ohta-Kawasaki (recomputed),3.0248462273680343,102,128,0.7890625,0.29262130252358837,0.7073786974764116
liu2019-stress-free-period-map-v2,f0.2_chiN26,0.2,26.0,ohta_kawasaki,Ohta-Kawasaki (recomputed),3.0248462273680343,103,128,0.796875,0.3146668314967028,0.6853331685032972
liu2019-stress-free-period-map-v2,f0.2_chiN26,0.2,26.0,ohta_kawasaki,Ohta-Kawasaki (recomputed),3.0248462273680343,104,128,0.8046875,0.3364917147387025,0.6635082852612975
liu2019-stress-free-period-map-v2,f0.2_chiN26,0.2,26.0,ohta_kawasaki,Ohta-Kawasaki (recomputed),3.0248462273680343,105,128,0.8125,0.3580272746109845,0.6419727253890155
liu2019-stress-free-period-map-v2,f0.2_chiN26,0.2,26.0,ohta_kawasaki,Ohta-Kawasaki (recomputed),3.0248462273680343,106,128,0.8203125,0.3792059190315763,0.6207940809684237
liu2019-stress-free-period-map-v2,f0.2_chiN26,0.2,26.0,ohta_kawasaki,Ohta-Kawasaki (recomputed),3.0248462273680343,107,128,0.828125,0.3999615825504802,0.6000384174495198
liu2019-stress-free-period-map-v2,f0.2_chiN26,0.2,26.0,ohta_kawasaki,Ohta-Kawasaki (recomputed),3.0248462273680343,108,128,0.8359375,0.42023012845005014,0.5797698715499499
liu2019-stress-free-period-map-v2,f0.2_chiN26,0.2,26.0,ohta_kawasaki,Ohta-Kawasaki (recomputed),3.0248462273680343,109,128,0.84375,0.43994971580717324,0.5600502841928268
liu2019-stress-free-period-map-v2,f0.2_chiN26,0.2,26.0,ohta_kawasaki,Ohta-Kawasaki (recomputed),3.0248462273680343,110,128,0.8515625,0.45906111928865617,0.5409388807113438
liu2019-stress-free-period-map-v2,f0.2_chiN26,0.2,26.0,ohta_kawasaki,Ohta-Kawasaki (recomputed),3.0248462273680343,111,128,0.859375,0.4775079998354507,0.5224920001645492
liu2019-stress-free-period-map-v2,f0.2_chiN26,0.2,26.0,ohta_kawasaki,Ohta-Kawasaki (recomputed),3.0248462273680343,112,128,0.8671875,0.49523712501191824,0.5047628749880817
liu2019-stress-free-period-map-v2,f0.2_chiN26,0.2,26.0,ohta_kawasaki,Ohta-Kawasaki (recomputed),3.0248462273680343,113,128,0.875,0.5121985395295127,0.48780146047048734
liu2019-stress-free-period-map-v2,f0.2_chiN26,0.2,26.0,ohta_kawasaki,Ohta-Kawasaki (recomputed),3.0248462273680343,114,128,0.8828125,0.5283456801044036,0.47165431989559636
liu2019-stress-free-period-map-v2,f0.2_chiN26,0.2,26.0,ohta_kawasaki,Ohta-Kawasaki (recomputed),3.0248462273680343,115,128,0.890625,0.5436354458633736,0.45636455413662635
liu2019-stress-free-period-map-v2,f0.2_chiN26,0.2,26.0,ohta_kawasaki,Ohta-Kawasaki (recomputed),3.0248462273680343,116,128,0.8984375,0.5580282187034316,0.44197178129656844
liu2019-stress-free-period-map-v2,f0.2_chiN26,0.2,26.0,ohta_kawasaki,Ohta-Kawasaki (recomputed),3.0248462273680343,117,128,0.90625,0.5714878465749518,0.4285121534250482
liu2019-stress-free-period-map-v2,f0.2_chiN26,0.2,26.0,ohta_kawasaki,Ohta-Kawasaki (recomputed),3.0248462273680343,118,128,0.9140625,0.5839815864665332,0.4160184135334668
liu2019-stress-free-period-map-v2,f0.2_chiN26,0.2,26.0,ohta_kawasaki,Ohta-Kawasaki (recomputed),3.0248462273680343,119,128,0.921875,0.5954800202839535,0.4045199797160465
liu2019-stress-free-period-map-v2,f0.2_chiN26,0.2,26.0,ohta_kawasaki,Ohta-Kawasaki (recomputed),3.0248462273680343,120,128,0.9296875,0.6059569435462586,0.3940430564537414
liu2019-stress-free-period-map-v2,f0.2_chiN26,0.2,26.0,ohta_kawasaki,Ohta-Kawasaki (recomputed),3.0248462273680343,121,128,0.9375,0.6153892387906933,0.3846107612093067
liu2019-stress-free-period-map-v2,f0.2_chiN26,0.2,26.0,ohta_kawasaki,Ohta-Kawasaki (recomputed),3.0248462273680343,122,128,0.9453125,0.623756735247149,0.37624326475285097
liu2019-stress-free-period-map-v2,f0.2_chiN26,0.2,26.0,ohta_kawasaki,Ohta-Kawasaki (recomputed),3.0248462273680343,123,128,0.953125,0.6310420668362702,0.3689579331637298
liu2019-stress-free-period-map-v2,f0.2_chiN26,0.2,26.0,ohta_kawasaki,Ohta-Kawasaki (recomputed),3.0248462273680343,124,128,0.9609375,0.6372305267645852,0.36276947323541475
liu2019-stress-free-period-map-v2,f0.2_chiN26,0.2,26.0,ohta_kawasaki,Ohta-Kawasaki (recomputed),3.0248462273680343,125,128,0.96875,0.6423099336927881,0.3576900663072119
liu2019-stress-free-period-map-v2,f0.2_chiN26,0.2,26.0,ohta_kawasaki,Ohta-Kawasaki (recomputed),3.0248462273680343,126,128,0.9765625,0.6462705067815072,0.3537294932184928
liu2019-stress-free-period-map-v2,f0.2_chiN26,0.2,26.0,ohta_kawasaki,Ohta-Kawasaki (recomputed),3.0248462273680343,127,128,0.984375,0.6491047577606079,0.35089524223939206
liu2019-stress-free-period-map-v2,f0.2_chiN26,0.2,26.0,ohta_kawasaki,Ohta-Kawasaki (recomputed),3.0248462273680343,128,128,0.9921875,0.6508074028248593,0.34919259717514073
liu2019-stress-free-period-map-v2,f0.2_chiN26,0.2,26.0,uneyama_doi,Uneyama-Doi,2.950561302973643,1,128,0.0,0.2022284729826754,0.7977715270173246
liu2019-stress-free-period-map-v2,f0.2_chiN26,0.2,26.0,uneyama_doi,Uneyama-Doi,2.950561302973643,2,128,0.0078125,0.20222288095264027,0.7977771190473597
liu2019-stress-free-period-map-v2,f0.2_chiN26,0.2,26.0,uneyama_doi,Uneyama-Doi,2.950561302973643,3,128,0.015625,0.20221172676190155,0.7977882732380984
liu2019-stress-free-period-map-v2,f0.2_chiN26,0.2,26.0,uneyama_doi,Uneyama-Doi,2.950561302973643,4,128,0.0234375,0.20219472855951803,0.797805271440482
liu2019-stress-free-period-map-v2,f0.2_chiN26,0.2,26.0,uneyama_doi,Uneyama-Doi,2.950561302973643,5,128,0.03125,0.20217270895671005,0.79782729104329
liu2019-stress-free-period-map-v2,f0.2_chiN26,0.2,26.0,uneyama_doi,Uneyama-Doi,2.950561302973643,6,128,0.0390625,0.20214451902123004,0.7978554809787699
liu2019-stress-free-period-map-v2,f0.2_chiN26,0.2,26.0,uneyama_doi,Uneyama-Doi,2.950561302973643,7,128,0.046875,0.20211191153036975,0.7978880884696302
liu2019-stress-free-period-map-v2,f0.2_chiN26,0.2,26.0,uneyama_doi,Uneyama-Doi,2.950561302973643,8,128,0.0546875,0.2020728803363444,0.7979271196636556
liu2019-stress-free-period-map-v2,f0.2_chiN26,0.2,26.0,uneyama_doi,Uneyama-Doi,2.950561302973643,9,128,0.0625,0.2020300890583722,0.7979699109416278
liu2019-stress-free-period-map-v2,f0.2_chiN26,0.2,26.0,uneyama_doi,Uneyama-Doi,2.950561302973643,10,128,0.0703125,0.2019806921383043,0.7980193078616957
liu2019-stress-free-period-map-v2,f0.2_chiN26,0.2,26.0,uneyama_doi,Uneyama-Doi,2.950561302973643,11,128,0.078125,0.20192823532613666,0.7980717646738633
liu2019-stress-free-period-map-v2,f0.2_chiN26,0.2,26.0,uneyama_doi,Uneyama-Doi,2.950561302973643,12,128,0.0859375,0.20186905947515565,0.7981309405248443
liu2019-stress-free-period-map-v2,f0.2_chiN26,0.2,26.0,uneyama_doi,Uneyama-Doi,2.950561302973643,13,128,0.09375,0.2018075549689139,0.7981924450310861
liu2019-stress-free-period-map-v2,f0.2_chiN26,0.2,26.0,uneyama_doi,Uneyama-Doi,2.950561302973643,14,128,0.1015625,0.20173928292547855,0.7982607170745215
liu2019-stress-free-period-map-v2,f0.2_chiN26,0.2,26.0,uneyama_doi,Uneyama-Doi,2.950561302973643,15,128,0.109375,0.2016694327712121,0.7983305672287879
liu2019-stress-free-period-map-v2,f0.2_chiN26,0.2,26.0,uneyama_doi,Uneyama-Doi,2.950561302973643,16,128,0.1171875,0.2015928276834435,0.7984071723165564
liu2019-stress-free-period-map-v2,f0.2_chiN26,0.2,26.0,uneyama_doi,Uneyama-Doi,2.950561302973643,17,128,0.125,0.20151540317997094,0.798484596820029
liu2019-stress-free-period-map-v2,f0.2_chiN26,0.2,26.0,uneyama_doi,Uneyama-Doi,2.950561302973643,18,128,0.1328125,0.20143129400029325,0.7985687059997068
liu2019-stress-free-period-map-v2,f0.2_chiN26,0.2,26.0,uneyama_doi,Uneyama-Doi,2.950561302973643,19,128,0.140625,0.2013471221713235,0.7986528778286766
liu2019-stress-free-period-map-v2,f0.2_chiN26,0.2,26.0,uneyama_doi,Uneyama-Doi,2.950561302973643,20,128,0.1484375,0.20125639080677135,0.7987436091932286
liu2019-stress-free-period-map-v2,f0.2_chiN26,0.2,26.0,uneyama_doi,Uneyama-Doi,2.950561302973643,21,128,0.15625,0.2011663429259412,0.7988336570740588
liu2019-stress-free-period-map-v2,f0.2_chiN26,0.2,26.0,uneyama_doi,Uneyama-Doi,2.950561302973643,22,128,0.1640625,0.20106991356495835,0.7989300864350417
liu2019-stress-free-period-map-v2,f0.2_chiN26,0.2,26.0,uneyama_doi,Uneyama-Doi,2.950561302973643,23,128,0.171875,0.20097489593500273,0.7990251040649973
liu2019-stress-free-period-map-v2,f0.2_chiN26,0.2,26.0,uneyama_doi,Uneyama-Doi,2.950561302973643,24,128,0.1796875,0.20087372654408708,0.7991262734559129
liu2019-stress-free-period-map-v2,f0.2_chiN26,0.2,26.0,uneyama_doi,Uneyama-Doi,2.950561302973643,25,128,0.1875,0.20077467332024163,0.7992253266797584
liu2019-stress-free-period-map-v2,f0.2_chiN26,0.2,26.0,uneyama_doi,Uneyama-Doi,2.950561302973643,26,128,0.1953125,0.20066974892623538,0.7993302510737647
liu2019-stress-free-period-map-v2,f0.2_chiN26,0.2,26.0,uneyama_doi,Uneyama-Doi,2.950561302973643,27,128,0.203125,0.20056761644439183,0.7994323835556082
liu2019-stress-free-period-map-v2,f0.2_chiN26,0.2,26.0,uneyama_doi,Uneyama-Doi,2.950561302973643,28,128,0.2109375,0.20045994354915525,0.7995400564508448
liu2019-stress-free-period-map-v2,f0.2_chiN26,0.2,26.0,uneyama_doi,Uneyama-Doi,2.950561302973643,29,128,0.21875,0.20035570541959546,0.7996442945804045
liu2019-stress-free-period-map-v2,f0.2_chiN26,0.2,26.0,uneyama_doi,Uneyama-Doi,2.950561302973643,30,128,0.2265625,0.20024630676933786,0.7997536932306621
liu2019-stress-free-period-map-v2,f0.2_chiN26,0.2,26.0,uneyama_doi,Uneyama-Doi,2.950561302973643,31,128,0.234375,0.20014094894953555,0.7998590510504644
liu2019-stress-free-period-map-v2,f0.2_chiN26,0.2,26.0,uneyama_doi,Uneyama-Doi,2.950561302973643,32,128,0.2421875,0.20003085790956537,0.7999691420904347
liu2019-stress-free-period-map-v2,f0.2_chiN26,0.2,26.0,uneyama_doi,Uneyama-Doi,2.950561302973643,33,128,0.25,0.19992537306910713,0.8000746269308929
liu2019-stress-free-period-map-v2,f0.2_chiN26,0.2,26.0,uneyama_doi,Uneyama-Doi,2.950561302973643,34,128,0.2578125,0.19981562701766722,0.8001843729823328
liu2019-stress-free-period-map-v2,f0.2_chiN26,0.2,26.0,uneyama_doi,Uneyama-Doi,2.950561302973643,35,128,0.265625,0.1997110077244507,0.8002889922755493
liu2019-stress-free-period-map-v2,f0.2_chiN26,0.2,26.0,uneyama_doi,Uneyama-Doi,2.950561302973643,36,128,0.2734375,0.19960264013631765,0.8003973598636823
liu2019-stress-free-period-map-v2,f0.2_chiN26,0.2,26.0,uneyama_doi,Uneyama-Doi,2.950561302973643,37,128,0.28125,0.19949987067773536,0.8005001293222647
liu2019-stress-free-period-map-v2,f0.2_chiN26,0.2,26.0,uneyama_doi,Uneyama-Doi,2.950561302973643,38,128,0.2890625,0.19939390186584877,0.8006060981341512
liu2019-stress-free-period-map-v2,f0.2_chiN26,0.2,26.0,uneyama_doi,Uneyama-Doi,2.950561302973643,39,128,0.296875,0.19929394881541546,0.8007060511845845
liu2019-stress-free-period-map-v2,f0.2_chiN26,0.2,26.0,uneyama_doi,Uneyama-Doi,2.950561302973643,40,128,0.3046875,0.1991913755809604,0.8008086244190395
liu2019-stress-free-period-map-v2,f0.2_chiN26,0.2,26.0,uneyama_doi,Uneyama-Doi,2.950561302973643,41,128,0.3125,0.19909517747691097,0.800904822523089
liu2019-stress-free-period-map-v2,f0.2_chiN26,0.2,26.0,uneyama_doi,Uneyama-Doi,2.950561302973643,42,128,0.3203125,0.1989969621379144,0.8010030378620856
liu2019-stress-free-period-map-v2,f0.2_chiN26,0.2,26.0,uneyama_doi,Uneyama-Doi,2.950561302973643,43,128,0.328125,0.19890541881643367,0.8010945811835664
liu2019-stress-free-period-map-v2,f0.2_chiN26,0.2,26.0,uneyama_doi,Uneyama-Doi,2.950561302973643,44,128,0.3359375,0.19881247821193626,0.8011875217880637
liu2019-stress-free-period-map-v2,f0.2_chiN26,0.2,26.0,uneyama_doi,Uneyama-Doi,2.950561302973643,45,128,0.34375,0.1987264404135005,0.8012735595864995
liu2019-stress-free-period-map-v2,f0.2_chiN26,0.2,26.0,uneyama_doi,Uneyama-Doi,2.950561302973643,46,128,0.3515625,0.19863963550415234,0.8013603644958477
liu2019-stress-free-period-map-v2,f0.2_chiN26,0.2,26.0,uneyama_doi,Uneyama-Doi,2.950561302973643,47,128,0.359375,0.19855989534571794,0.8014401046542821
liu2019-stress-free-period-map-v2,f0.2_chiN26,0.2,26.0,uneyama_doi,Uneyama-Doi,2.950561302973643,48,128,0.3671875,0.1984800219596479,0.8015199780403521
liu2019-stress-free-period-map-v2,f0.2_chiN26,0.2,26.0,uneyama_doi,Uneyama-Doi,2.950561302973643,49,128,0.375,0.19840730475342558,0.8015926952465744
liu2019-stress-free-period-map-v2,f0.2_chiN26,0.2,26.0,uneyama_doi,Uneyama-Doi,2.950561302973643,50,128,0.3828125,0.1983350858806829,0.8016649141193171
liu2019-stress-free-period-map-v2,f0.2_chiN26,0.2,26.0,uneyama_doi,Uneyama-Doi,2.950561302973643,51,128,0.390625,0.1982700436097286,0.8017299563902713
liu2019-stress-free-period-map-v2,f0.2_chiN26,0.2,26.0,uneyama_doi,Uneyama-Doi,2.950561302973643,52,128,0.3984375,0.1982061234610098,0.8017938765389903
liu2019-stress-free-period-map-v2,f0.2_chiN26,0.2,26.0,uneyama_doi,Uneyama-Doi,2.950561302973643,53,128,0.40625,0.1981493300262331,0.8018506699737669
liu2019-stress-free-period-map-v2,f0.2_chiN26,0.2,26.0,uneyama_doi,Uneyama-Doi,2.950561302973643,54,128,0.4140625,0.19809426987538556,0.8019057301246144
liu2019-stress-free-period-map-v2,f0.2_chiN26,0.2,26.0,uneyama_doi,Uneyama-Doi,2.950561302973643,55,128,0.421875,0.19804621803954742,0.8019537819604525
liu2019-stress-free-period-map-v2,f0.2_chiN26,0.2,26.0,uneyama_doi,Uneyama-Doi,2.950561302973643,56,128,0.4296875,0.1980004936933207,0.8019995063066793
liu2019-stress-free-period-map-v2,f0.2_chiN26,0.2,26.0,uneyama_doi,Uneyama-Doi,2.950561302973643,57,128,0.4375,0.19796159349038453,0.8020384065096154
liu2019-stress-free-period-map-v2,f0.2_chiN26,0.2,26.0,uneyama_doi,Uneyama-Doi,2.950561302973643,58,128,0.4453125,0.1979255940942403,0.8020744059057597
liu2019-stress-free-period-map-v2,f0.2_chiN26,0.2,26.0,uneyama_doi,Uneyama-Doi,2.950561302973643,59,128,0.453125,0.1978961723638903,0.8021038276361097
liu2019-stress-free-period-map-v2,f0.2_chiN26,0.2,26.0,uneyama_doi,Uneyama-Doi,2.950561302973643,60,128,0.4609375,0.1978702001717544,0.8021297998282456
liu2019-stress-free-period-map-v2,f0.2_chiN26,0.2,26.0,uneyama_doi,Uneyama-Doi,2.950561302973643,61,128,0.46875,0.19785050082682742,0.8021494991731726
liu2019-stress-free-period-map-v2,f0.2_chiN26,0.2,26.0,uneyama_doi,Uneyama-Doi,2.950561302973643,62,128,0.4765625,0.19783477153881943,0.8021652284611805
liu2019-stress-free-period-map-v2,f0.2_chiN26,0.2,26.0,uneyama_doi,Uneyama-Doi,2.950561302973643,63,128,0.484375,0.19782495617704177,0.8021750438229582
liu2019-stress-free-period-map-v2,f0.2_chiN26,0.2,26.0,uneyama_doi,Uneyama-Doi,2.950561302973643,64,128,0.4921875,0.19781959947810612,0.8021804005218939
liu2019-stress-free-period-map-v2,f0.2_chiN26,0.2,26.0,uneyama_doi,Uneyama-Doi,2.950561302973643,65,128,0.5,0.1978197480017236,0.8021802519982764
liu2019-stress-free-period-map-v2,f0.2_chiN26,0.2,26.0,uneyama_doi,Uneyama-Doi,2.950561302973643,66,128,0.5078125,0.1978248080065573,0.8021751919934427
liu2019-stress-free-period-map-v2,f0.2_chiN26,0.2,26.0,uneyama_doi,Uneyama-Doi,2.950561302973643,67,128,0.515625,0.1978349190037014,0.8021650809962986
liu2019-stress-free-period-map-v2,f0.2_chiN26,0.2,26.0,uneyama_doi,Uneyama-Doi,2.950561302973643,68,128,0.5234375,0.19785035441803134,0.8021496455819687
liu2019-stress-free-period-map-v2,f0.2_chiN26,0.2,26.0,uneyama_doi,Uneyama-Doi,2.950561302973643,69,128,0.53125,0.19787034517601135,0.8021296548239887
liu2019-stress-free-period-map-v2,f0.2_chiN26,0.2,26.0,uneyama_doi,Uneyama-Doi,2.950561302973643,70,128,0.5390625,0.19789602910874876,0.8021039708912512
liu2019-stress-free-period-map-v2,f0.2_chiN26,0.2,26.0,uneyama_doi,Uneyama-Doi,2.950561302973643,71,128,0.546875,0.19792573525915919,0.8020742647408408
liu2019-stress-free-period-map-v2,f0.2_chiN26,0.2,26.0,uneyama_doi,Uneyama-Doi,2.950561302973643,72,128,0.5546875,0.19796145475114318,0.8020385452488568
liu2019-stress-free-period-map-v2,f0.2_chiN26,0.2,26.0,uneyama_doi,Uneyama-Doi,2.950561302973643,73,128,0.5625,0.19800062967635731,0.8019993703236427
liu2019-stress-free-period-map-v2,f0.2_chiN26,0.2,26.0,uneyama_doi,Uneyama-Doi,2.950561302973643,74,128,0.5703125,0.19804608513586744,0.8019539148641326
liu2019-stress-free-period-map-v2,f0.2_chiN26,0.2,26.0,uneyama_doi,Uneyama-Doi,2.950561302973643,75,128,0.578125,0.1980943993828497,0.8019056006171503
liu2019-stress-free-period-map-v2,f0.2_chiN26,0.2,26.0,uneyama_doi,Uneyama-Doi,2.950561302973643,76,128,0.5859375,0.19814920422272203,0.801850795777278
liu2019-stress-free-period-map-v2,f0.2_chiN26,0.2,26.0,uneyama_doi,Uneyama-Doi,2.950561302973643,77,128,0.59375,0.19820624526033112,0.8017937547396689
liu2019-stress-free-period-map-v2,f0.2_chiN26,0.2,26.0,uneyama_doi,Uneyama-Doi,2.950561302973643,78,128,0.6015625,0.19826992610396224,0.8017300738960378
liu2019-stress-free-period-map-v2,f0.2_chiN26,0.2,26.0,uneyama_doi,Uneyama-Doi,2.950561302973643,79,128,0.609375,0.19833519881213174,0.8016648011878682
liu2019-stress-free-period-map-v2,f0.2_chiN26,0.2,26.0,uneyama_doi,Uneyama-Doi,2.950561302973643,80,128,0.6171875,0.19840719666455647,0.8015928033354436
liu2019-stress-free-period-map-v2,f0.2_chiN26,0.2,26.0,uneyama_doi,Uneyama-Doi,2.950561302973643,81,128,0.625,0.19848012494739273,0.8015198750526072
liu2019-stress-free-period-map-v2,f0.2_chiN26,0.2,26.0,uneyama_doi,Uneyama-Doi,2.950561302973643,82,128,0.6328125,0.1985597977037696,0.8014402022962304
liu2019-stress-free-period-map-v2,f0.2_chiN26,0.2,26.0,uneyama_doi,Uneyama-Doi,2.950561302973643,83,128,0.640625,0.19863972756655662,0.8013602724334434
liu2019-stress-free-period-map-v2,f0.2_chiN26,0.2,26.0,uneyama_doi,Uneyama-Doi,2.950561302973643,84,128,0.6484375,0.19872635414945233,0.8012736458505476
liu2019-stress-free-period-map-v2,f0.2_chiN26,0.2,26.0,uneyama_doi,Uneyama-Doi,2.950561302973643,85,128,0.65625,0.1988125584710078,0.8011874415289922
liu2019-stress-free-period-map-v2,f0.2_chiN26,0.2,26.0,uneyama_doi,Uneyama-Doi,2.950561302973643,86,128,0.6640625,0.19890534475320534,0.8010946552467947
liu2019-stress-free-period-map-v2,f0.2_chiN26,0.2,26.0,uneyama_doi,Uneyama-Doi,2.950561302973643,87,128,0.671875,0.1989970298278299,0.8010029701721701
liu2019-stress-free-period-map-v2,f0.2_chiN26,0.2,26.0,uneyama_doi,Uneyama-Doi,2.950561302973643,88,128,0.6796875,0.19909511632134186,0.8009048836786581
liu2019-stress-free-period-map-v2,f0.2_chiN26,0.2,26.0,uneyama_doi,Uneyama-Doi,2.950561302973643,89,128,0.6875,0.19919143005558004,0.80080856994442
liu2019-stress-free-period-map-v2,f0.2_chiN26,0.2,26.0,uneyama_doi,Uneyama-Doi,2.950561302973643,90,128,0.6953125,0.19929390115131415,0.8007060988486858
liu2019-stress-free-period-map-v2,f0.2_chiN26,0.2,26.0,uneyama_doi,Uneyama-Doi,2.950561302973643,91,128,0.703125,0.19939394260513602,0.800606057394864
liu2019-stress-free-period-map-v2,f0.2_chiN26,0.2,26.0,uneyama_doi,Uneyama-Doi,2.950561302973643,92,128,0.7109375,0.19949983696005996,0.80050016303994
liu2019-stress-free-period-map-v2,f0.2_chiN26,0.2,26.0,uneyama_doi,Uneyama-Doi,2.950561302973643,93,128,0.71875,0.19960266675157756,0.8003973332484224
liu2019-stress-free-period-map-v2,f0.2_chiN26,0.2,26.0,uneyama_doi,Uneyama-Doi,2.950561302973643,94,128,0.7265625,0.19971098827467473,0.8002890117253253
liu2019-stress-free-period-map-v2,f0.2_chiN26,0.2,26.0,uneyama_doi,Uneyama-Doi,2.950561302973643,95,128,0.734375,0.19981563925554388,0.8001843607444561
liu2019-stress-free-period-map-v2,f0.2_chiN26,0.2,26.0,uneyama_doi,Uneyama-Doi,2.950561302973643,96,128,0.7421875,0.1999253680718332,0.8000746319281669
liu2019-stress-free-period-map-v2,f0.2_chiN26,0.2,26.0,uneyama_doi,Uneyama-Doi,2.950561302973643,97,128,0.75,0.20003085565476084,0.7999691443452391
liu2019-stress-free-period-map-v2,f0.2_chiN26,0.2,26.0,uneyama_doi,Uneyama-Doi,2.950561302973643,98,128,0.7578125,0.20014095845041469,0.7998590415495853
liu2019-stress-free-period-map-v2,f0.2_chiN26,0.2,26.0,uneyama_doi,Uneyama-Doi,2.950561302973643,99,128,0.765625,0.2002462900460279,0.7997537099539721
liu2019-stress-free-period-map-v2,f0.2_chiN26,0.2,26.0,uneyama_doi,Uneyama-Doi,2.950561302973643,100,128,0.7734375,0.20035572932459014,0.7996442706754099
liu2019-stress-free-period-map-v2,f0.2_chiN26,0.2,26.0,uneyama_doi,Uneyama-Doi,2.950561302973643,101,128,0.78125,0.2004599125210694,0.7995400874789306
liu2019-stress-free-period-map-v2,f0.2_chiN26,0.2,26.0,uneyama_doi,Uneyama-Doi,2.950561302973643,102,128,0.7890625,0.20056765452038672,0.7994323454796133
liu2019-stress-free-period-map-v2,f0.2_chiN26,0.2,26.0,uneyama_doi,Uneyama-Doi,2.950561302973643,103,128,0.796875,0.20066970389537556,0.7993302961046245
liu2019-stress-free-period-map-v2,f0.2_chiN26,0.2,26.0,uneyama_doi,Uneyama-Doi,2.950561302973643,104,128,0.8046875,0.2007747251969973,0.7992252748030026
liu2019-stress-free-period-map-v2,f0.2_chiN26,0.2,26.0,uneyama_doi,Uneyama-Doi,2.950561302973643,105,128,0.8125,0.20087366794808922,0.7991263320519107
liu2019-stress-free-period-map-v2,f0.2_chiN26,0.2,26.0,uneyama_doi,Uneyama-Doi,2.950561302973643,106,128,0.8203125,0.20097496110845417,0.7990250388915459
liu2019-stress-free-period-map-v2,f0.2_chiN26,0.2,26.0,uneyama_doi,Uneyama-Doi,2.950561302973643,107,128,0.828125,0.20106984197312167,0.7989301580268784
liu2019-stress-free-period-map-v2,f0.2_chiN26,0.2,26.0,uneyama_doi,Uneyama-Doi,2.950561302973643,108,128,0.8359375,0.20116642076282548,0.7988335792371746
liu2019-stress-free-period-map-v2,f0.2_chiN26,0.2,26.0,uneyama_doi,Uneyama-Doi,2.950561302973643,109,128,0.84375,0.2012563069147958,0.7987436930852042
liu2019-stress-free-period-map-v2,f0.2_chiN26,0.2,26.0,uneyama_doi,Uneyama-Doi,2.950561302973643,110,128,0.8515625,0.20134721191509822,0.7986527880849018
liu2019-stress-free-period-map-v2,f0.2_chiN26,0.2,26.0,uneyama_doi,Uneyama-Doi,2.950561302973643,111,128,0.859375,0.20143119862375242,0.7985688013762475
liu2019-stress-free-period-map-v2,f0.2_chiN26,0.2,26.0,uneyama_doi,Uneyama-Doi,2.950561302973643,112,128,0.8671875,0.2015155039579598,0.7984844960420402
liu2019-stress-free-period-map-v2,f0.2_chiN26,0.2,26.0,uneyama_doi,Uneyama-Doi,2.950561302973643,113,128,0.875,0.20159272175004397,0.798407278249956
liu2019-stress-free-period-map-v2,f0.2_chiN26,0.2,26.0,uneyama_doi,Uneyama-Doi,2.950561302973643,114,128,0.8828125,0.20166954360290892,0.7983304563970911
liu2019-stress-free-period-map-v2,f0.2_chiN26,0.2,26.0,uneyama_doi,Uneyama-Doi,2.950561302973643,115,128,0.890625,0.20173916746617893,0.7982608325338211
liu2019-stress-free-period-map-v2,f0.2_chiN26,0.2,26.0,uneyama_doi,Uneyama-Doi,2.950561302973643,116,128,0.8984375,0.20180767477538258,0.7981923252246175
liu2019-stress-free-period-map-v2,f0.2_chiN26,0.2,26.0,uneyama_doi,Uneyama-Doi,2.950561302973643,117,128,0.90625,0.2018689356142349,0.7981310643857651
liu2019-stress-free-period-map-v2,f0.2_chiN26,0.2,26.0,uneyama_doi,Uneyama-Doi,2.950561302973643,118,128,0.9140625,0.20192836294042843,0.7980716370595715
liu2019-stress-free-period-map-v2,f0.2_chiN26,0.2,26.0,uneyama_doi,Uneyama-Doi,2.950561302973643,119,128,0.921875,0.20198056108248413,0.7980194389175159
liu2019-stress-free-period-map-v2,f0.2_chiN26,0.2,26.0,uneyama_doi,Uneyama-Doi,2.950561302973643,120,128,0.9296875,0.20203022323686154,0.7979697767631384
liu2019-stress-free-period-map-v2,f0.2_chiN26,0.2,26.0,uneyama_doi,Uneyama-Doi,2.950561302973643,121,128,0.9375,0.20207274336305908,0.7979272566369409
liu2019-stress-free-period-map-v2,f0.2_chiN26,0.2,26.0,uneyama_doi,Uneyama-Doi,2.950561302973643,122,128,0.9453125,0.20211205096489046,0.7978879490351095
liu2019-stress-free-period-map-v2,f0.2_chiN26,0.2,26.0,uneyama_doi,Uneyama-Doi,2.950561302973643,123,128,0.953125,0.20214437746614958,0.7978556225338505
liu2019-stress-free-period-map-v2,f0.2_chiN26,0.2,26.0,uneyama_doi,Uneyama-Doi,2.950561302973643,124,128,0.9609375,0.20217285228735507,0.797827147712645
liu2019-stress-free-period-map-v2,f0.2_chiN26,0.2,26.0,uneyama_doi,Uneyama-Doi,2.950561302973643,125,128,0.96875,0.20219458380344466,0.7978054161965553
liu2019-stress-free-period-map-v2,f0.2_chiN26,0.2,26.0,uneyama_doi,Uneyama-Doi,2.950561302973643,126,128,0.9765625,0.20221187259037002,0.79778812740963
liu2019-stress-free-period-map-v2,f0.2_chiN26,0.2,26.0,uneyama_doi,Uneyama-Doi,2.950561302973643,127,128,0.984375,0.20222273440792762,0.7977772655920724
liu2019-stress-free-period-map-v2,f0.2_chiN26,0.2,26.0,uneyama_doi,Uneyama-Doi,2.950561302973643,128,128,0.9921875,0.2022286198860336,0.7977713801139664
