schema,transition,chiN,fA,contract_id,root_direction,root_coordinate,bracket_width,coordinate_half_width,phase_a,phase_b,phase_a_resolution,phase_b_resolution,energy_evaluation,resolution_treatment,richardson_used,resolution_shift_fA,root_semantics,uncertainty_scope,strict_total_coordinate_bound,maximum_abs_cell_stress,stress_tier_under_current_contract,stress_policy,audit_status,claim_kind,canonical_status,canonical_source,evidence_sources,evidence_sha256
bvk2-resolution-uncertainty-table-v1,G/C,13.0,0.40062136278264043,GC_RICHARDSON_64x64x64_TO_96x96x96_48x84_TO_128x224,fA,fA,0.0018090085836106051,0.0009045042918053026,GYR,CYL,64x64x64 -> 96x96x96,48x84 -> 128x224,continuum estimate E=E_inf-C*dx^2,second-order Richardson on both phases,true,0.003664718048286603,corrected coordinate from legacy raw bracket,stored raw-bracket half-width only; Richardson-model uncertainty is not quantified,false,,not_tabulated,legacy campaign gate; no unified recertification,resolution_shift_exceeds_stored_half_width,boundary_bracket,accepted,results/bvk2_gc_gl_boundary_campaign,results/bvk2_gc_gl_boundary_campaign/points/G_C_target_chiN13p000000.csv;results/bvk2_richardson_correction/zz_resolved_G_C13/corrected_roots.csv;results/bvk2_publication_phase_diagram/boundary_diagnostics.csv;results/bvk2_publication_phase_diagram/accepted_phase_boundaries.csv,84fe1010326bd7d70b551d42f1d0d8e1bc3d347a472607dc1ff02856d1512989;99f8e8df8db11f7ca2a74c854ba14873fea34b060a40f9da9d130e23a76bbdac;e97bb35670cf405ece4106ecb721854a11f383bf395901857d9f1d120edd3c86;e1bd7408c4c65a3f6d001f7515557b75904676198c86dcb7c81553f1e700c454
bvk2-resolution-uncertainty-table-v1,G/C,14.0,0.38548212248320873,GC_RICHARDSON_64x64x64_TO_96x96x96_48x84_TO_128x224,fA,fA,0.0019100860515960938,0.0009550430257980469,GYR,CYL,64x64x64 -> 96x96x96,48x84 -> 128x224,continuum estimate E=E_inf-C*dx^2,second-order Richardson on both phases,true,0.003999191929089503,corrected coordinate from legacy raw bracket,stored raw-bracket half-width only; Richardson-model uncertainty is not quantified,false,,not_tabulated,legacy campaign gate; no unified recertification,resolution_shift_exceeds_stored_half_width,boundary_bracket,accepted,results/bvk2_gc_gl_boundary_campaign,results/bvk2_gc_gl_boundary_campaign/points/G_C_target_chiN14p000000.csv;results/bvk2_richardson_correction/zz_resolved_G_C14/corrected_roots.csv;results/bvk2_publication_phase_diagram/boundary_diagnostics.csv;results/bvk2_publication_phase_diagram/accepted_phase_boundaries.csv,666e53f2ef27d8e798402e8d40ce0582145f5d3a7894b11a8d97410ce8d12299;2a37d551688058152dd82f243d5195ba520b632d75993bbca7b8fcc41f1b3ecc;e97bb35670cf405ece4106ecb721854a11f383bf395901857d9f1d120edd3c86;e1bd7408c4c65a3f6d001f7515557b75904676198c86dcb7c81553f1e700c454
bvk2-resolution-uncertainty-table-v1,G/C,16.0,0.3675213527316551,GC_RICHARDSON_64x64x64_TO_96x96x96_48x84_TO_128x224,fA,fA,0.0012165427832563358,0.0006082713916281679,GYR,CYL,64x64x64 -> 96x96x96,48x84 -> 128x224,continuum estimate E=E_inf-C*dx^2,second-order Richardson on both phases,true,0.005194952971151631,corrected coordinate from legacy raw bracket,stored raw-bracket half-width only; Richardson-model uncertainty is not quantified,false,,not_tabulated,legacy campaign gate; no unified recertification,resolution_shift_exceeds_stored_half_width,boundary_bracket,accepted,results/bvk2_gc_gl_boundary_campaign,results/bvk2_gc_gl_boundary_campaign/points/G_C_target_chiN16p000000.csv;results/bvk2_richardson_correction/zz_resolved_G_C16/corrected_roots.csv;results/bvk2_publication_phase_diagram/boundary_diagnostics.csv;results/bvk2_publication_phase_diagram/accepted_phase_boundaries.csv,d096a4d449c3866c62f57b8865a8e2b1986562657d338bb0f350e0951f857500;16b6152c54a7f607285af9c3a41ff0b0876031fcdb233700ca62c31397022079;e97bb35670cf405ece4106ecb721854a11f383bf395901857d9f1d120edd3c86;e1bd7408c4c65a3f6d001f7515557b75904676198c86dcb7c81553f1e700c454
bvk2-resolution-uncertainty-table-v1,G/C,18.0,0.35813143504111017,GC_RICHARDSON_64x64x64_TO_96x96x96_48x84_TO_128x224,fA,fA,0.001796434970232741,0.0008982174851163705,GYR,CYL,64x64x64 -> 96x96x96,48x84 -> 128x224,continuum estimate E=E_inf-C*dx^2,second-order Richardson on both phases,true,0.00686797885989772,corrected coordinate from legacy raw bracket,stored raw-bracket half-width only; Richardson-model uncertainty is not quantified,false,,not_tabulated,legacy campaign gate; no unified recertification,resolution_shift_exceeds_stored_half_width,boundary_bracket,accepted,results/bvk2_gc_gl_boundary_campaign,results/bvk2_gc_gl_boundary_campaign/points/G_C_target_chiN18p000000.csv;results/bvk2_richardson_correction/zz_resolved_G_C18/corrected_roots.csv;results/bvk2_publication_phase_diagram/boundary_diagnostics.csv;results/bvk2_publication_phase_diagram/accepted_phase_boundaries.csv,0e11ee0823d92f0440dc3375ca246bcafb4c72d6682627e9d169b184f62a9503;aeedec598eb3fa476bb0175766d202f48a3ec8ad1be72468c2e3c067fd4b238c;e97bb35670cf405ece4106ecb721854a11f383bf395901857d9f1d120edd3c86;e1bd7408c4c65a3f6d001f7515557b75904676198c86dcb7c81553f1e700c454
bvk2-resolution-uncertainty-table-v1,G/C,20.0,0.3532172668643357,GC_RICHARDSON_64x64x64_TO_96x96x96_48x84_TO_128x224,fA,fA,0.0019671727556132557,0.0009835863778066278,GYR,CYL,64x64x64 -> 96x96x96,48x84 -> 128x224,continuum estimate E=E_inf-C*dx^2,second-order Richardson on both phases,true,0.00883910285369571,corrected coordinate from legacy raw bracket,stored raw-bracket half-width only; Richardson-model uncertainty is not quantified,false,,not_tabulated,legacy campaign gate; no unified recertification,resolution_shift_exceeds_stored_half_width,boundary_bracket,accepted,results/bvk2_gc_gl_boundary_campaign,results/bvk2_gc_gl_boundary_campaign/points/G_C_target_chiN20p000000.csv;results/bvk2_richardson_correction/zz_resolved_G_C20/corrected_roots.csv;results/bvk2_publication_phase_diagram/boundary_diagnostics.csv;results/bvk2_publication_phase_diagram/accepted_phase_boundaries.csv,5e6567f755d9aa85d18a88238953c0948fe7835996f180ea5387c30b450756ca;ddfda95902f96c94cea38878b1ef2ce2cc705779ddbdb364562fb8ea6d01b209;e97bb35670cf405ece4106ecb721854a11f383bf395901857d9f1d120edd3c86;e1bd7408c4c65a3f6d001f7515557b75904676198c86dcb7c81553f1e700c454
bvk2-resolution-uncertainty-table-v1,G/C,22.0,0.35215268844996034,GC_RICHARDSON_64x64x64_TO_96x96x96_48x84_TO_128x224,fA,fA,0.001083198694806442,0.000541599347403221,GYR,CYL,64x64x64 -> 96x96x96,48x84 -> 128x224,continuum estimate E=E_inf-C*dx^2,second-order Richardson on both phases,true,0.012236509605933308,corrected coordinate from legacy raw bracket,stored raw-bracket half-width only; Richardson-model uncertainty is not quantified,false,,not_tabulated,legacy campaign gate; no unified recertification,resolution_shift_exceeds_stored_half_width,boundary_bracket,accepted,results/bvk2_gc_gl_boundary_campaign,results/bvk2_gc_gl_boundary_campaign/points/G_C_target_chiN22p000000.csv;results/bvk2_richardson_correction/zz_resolved_G_C22/corrected_roots.csv;results/bvk2_publication_phase_diagram/boundary_diagnostics.csv;results/bvk2_publication_phase_diagram/accepted_phase_boundaries.csv,54aafbe18e43c35d2f376caabf6ea08f8274604a3b0f1db759ab0c42787e9106;5a358c3d8566d80726b2c03762ff78dd54e704af4717dddceb609502bd329b7f;e97bb35670cf405ece4106ecb721854a11f383bf395901857d9f1d120edd3c86;e1bd7408c4c65a3f6d001f7515557b75904676198c86dcb7c81553f1e700c454
bvk2-resolution-uncertainty-table-v1,G/C,25.0,0.3511528827447836,GC_RICHARDSON_64x64x64_TO_96x96x96_48x84_TO_128x224,fA,fA,0.0012500000000000289,0.0006250000000000144,GYR,CYL,64x64x64 -> 96x96x96,48x84 -> 128x224,continuum estimate E=E_inf-C*dx^2,second-order Richardson on both phases,true,0.015818783885677798,corrected coordinate from legacy raw bracket,stored raw-bracket half-width only; Richardson-model uncertainty is not quantified,false,,not_tabulated,legacy campaign gate; no unified recertification,resolution_shift_exceeds_stored_half_width,boundary_bracket,accepted,results/bvk2_gc_gl_boundary_campaign,results/bvk2_gc_gl_boundary_campaign/points/G_C_target_chiN25p000000.csv;results/bvk2_richardson_correction/zz_resolved_G_C25/corrected_roots.csv;results/bvk2_publication_phase_diagram/boundary_diagnostics.csv;results/bvk2_publication_phase_diagram/accepted_phase_boundaries.csv,91d2ad9d8e098b2134d1cf98e739e200f0105e560934491b57efc7257c9a3fad;cae19ca7d742a70de2adad07f135dcfd39df20a0c05fa4e7259e1315e2158b63;e97bb35670cf405ece4106ecb721854a11f383bf395901857d9f1d120edd3c86;e1bd7408c4c65a3f6d001f7515557b75904676198c86dcb7c81553f1e700c454
bvk2-resolution-uncertainty-table-v1,G/C,27.0,0.3514284014905044,GC_RICHARDSON_64x64x64_TO_96x96x96_48x84_TO_128x224,fA,fA,0.0009165708922134197,0.00045828544610670985,GYR,CYL,64x64x64 -> 96x96x96,48x84 -> 128x224,continuum estimate E=E_inf-C*dx^2,second-order Richardson on both phases,true,0.018591087522119486,corrected coordinate from legacy raw bracket,stored raw-bracket half-width only; Richardson-model uncertainty is not quantified,false,,not_tabulated,legacy campaign gate; no unified recertification,resolution_shift_exceeds_stored_half_width,boundary_bracket,accepted,results/bvk2_gc_gl_boundary_campaign,results/bvk2_gc_gl_boundary_campaign/points/G_C_target_chiN27p000000.csv;results/bvk2_richardson_correction/zz_resolved_G_C27/corrected_roots.csv;results/bvk2_publication_phase_diagram/boundary_diagnostics.csv;results/bvk2_publication_phase_diagram/accepted_phase_boundaries.csv,a87eb03a48ea4fe98fe4cad698d24d7be306445f2b02b397a379807ed059852a;6be2209838b495969f4f5a39ddda88c0cb54b5c00686de9a4ca05b4f8cd67a39;e97bb35670cf405ece4106ecb721854a11f383bf395901857d9f1d120edd3c86;e1bd7408c4c65a3f6d001f7515557b75904676198c86dcb7c81553f1e700c454
bvk2-resolution-uncertainty-table-v1,G/C,30.0,0.3534856629911344,GC_FILTERED_R6_GYR96_CYL128x224,fA,fA,0.0020000000000000018,0.0010000000000000009,GYR,CYL,96x96x96,128x224,same-schema filtered factor-6 endpoint energies,direct filtered-sensor bracket,false,,strict signed endpoint secant,accepted signed-bracket half-width; excludes spatial-grid bias,false,0.0006660746655828831,target,later uniform audit: target 1e-3; hard maximum 2e-3,current_unified_direct_contract,boundary_bracket,accepted,results/bvk2_ud_theta_gc_filtered_r6/boundary_points.csv,results/bvk2_ud_theta_gc_filtered_r6/boundary_points.csv;results/bvk2_ud_theta_gc_filtered_r6/endpoint_pairs.csv;results/bvk2_ud_theta_gc_filtered_r6/manifest.csv;results/bvk2_ud_theta_gc_filtered_r6/endpoints/chiN30/fA0p351592857/pair.csv;results/bvk2_ud_theta_gc_filtered_r6/endpoints/chiN30/fA0p353592857/pair.csv;results/bvk2_publication_phase_diagram/accepted_phase_boundaries.csv,4800ab8c5cce8ed20921a34aebbdaa689cfd0c7eef5091cf26c9ac401d26eb94;30a88cb72542c8c331ab623806da286f5c480f730047b5b2b07f73fb59089446;975cc69191fbd8ffc78b4e85644f2957b68c84cfa353aeed4e907567a707d323;162ac82b3a58f3c0603689c6f4a32699d2ec24c38e9ff76107162c29968830a4;1c3e12034df12428b3143b7be91c9f5c3c188b4b77d4efdb6e751868a244ce10;e1bd7408c4c65a3f6d001f7515557b75904676198c86dcb7c81553f1e700c454
bvk2-resolution-uncertainty-table-v1,G/C,32.0,0.35456700506610817,GC_FILTERED_R6_GYR96_CYL128x224,fA,fA,0.0020000000000000018,0.0010000000000000009,GYR,CYL,96x96x96,128x224,same-schema filtered factor-6 endpoint energies,direct filtered-sensor bracket,false,,strict signed endpoint secant,accepted signed-bracket half-width; excludes spatial-grid bias,false,5.188060943472905e-05,target,later uniform audit: target 1e-3; hard maximum 2e-3,current_unified_direct_contract,boundary_bracket,accepted,results/bvk2_ud_theta_gc_filtered_r6/boundary_points.csv,results/bvk2_ud_theta_gc_filtered_r6/boundary_points.csv;results/bvk2_ud_theta_gc_filtered_r6/endpoint_pairs.csv;results/bvk2_ud_theta_gc_filtered_r6/manifest.csv;results/bvk2_ud_theta_gc_filtered_r6/endpoints/chiN32/fA0p353882204/pair.csv;results/bvk2_ud_theta_gc_filtered_r6/endpoints/chiN32/fA0p355882204/pair.csv;results/bvk2_publication_phase_diagram/accepted_phase_boundaries.csv,4800ab8c5cce8ed20921a34aebbdaa689cfd0c7eef5091cf26c9ac401d26eb94;30a88cb72542c8c331ab623806da286f5c480f730047b5b2b07f73fb59089446;975cc69191fbd8ffc78b4e85644f2957b68c84cfa353aeed4e907567a707d323;0d6f2deb904bb5bc07c19f7df073ee7c504dc62336565bd347db7f91fca81e15;783f4d70f835e85028b499b473371d22479f61b94fe6e5e65887ba803ad48c1b;e1bd7408c4c65a3f6d001f7515557b75904676198c86dcb7c81553f1e700c454
bvk2-resolution-uncertainty-table-v1,G/C,34.0,0.3556581645817294,GC_FILTERED_R6_GYR96_CYL128x224,fA,fA,0.0020000000000000018,0.0010000000000000009,GYR,CYL,96x96x96,128x224,same-schema filtered factor-6 endpoint energies,direct filtered-sensor bracket,false,,strict signed endpoint secant,accepted signed-bracket half-width; excludes spatial-grid bias,false,0.00019993049125544005,target,later uniform audit: target 1e-3; hard maximum 2e-3,current_unified_direct_contract,boundary_bracket,accepted,results/bvk2_ud_theta_gc_filtered_r6/boundary_points.csv,results/bvk2_ud_theta_gc_filtered_r6/boundary_points.csv;results/bvk2_ud_theta_gc_filtered_r6/endpoint_pairs.csv;results/bvk2_ud_theta_gc_filtered_r6/manifest.csv;results/bvk2_ud_theta_gc_filtered_r6/endpoints/chiN34/fA0p354171551/pair.csv;results/bvk2_ud_theta_gc_filtered_r6/endpoints/chiN34/fA0p356171551/pair.csv;results/bvk2_publication_phase_diagram/accepted_phase_boundaries.csv,4800ab8c5cce8ed20921a34aebbdaa689cfd0c7eef5091cf26c9ac401d26eb94;30a88cb72542c8c331ab623806da286f5c480f730047b5b2b07f73fb59089446;975cc69191fbd8ffc78b4e85644f2957b68c84cfa353aeed4e907567a707d323;60630a9a1d03f6a35566f0159a2d9d949c44ec341ed7e843168c8c09928d49c5;eba9926f1a824817dcedf8e832c613dc620bdb34e6677baa72753f5c648af85c;e1bd7408c4c65a3f6d001f7515557b75904676198c86dcb7c81553f1e700c454
bvk2-resolution-uncertainty-table-v1,G/C,37.0,0.35722208483087486,GC_FILTERED_R6_GYR96_CYL128x224,fA,fA,0.0020000000000000018,0.0010000000000000009,GYR,CYL,96x96x96,128x224,same-schema filtered factor-6 endpoint energies,direct filtered-sensor bracket,false,,strict signed endpoint secant,accepted signed-bracket half-width; excludes spatial-grid bias,false,3.993320399109379e-05,target,later uniform audit: target 1e-3; hard maximum 2e-3,current_unified_direct_contract,boundary_bracket,accepted,results/bvk2_ud_theta_gc_filtered_r6/boundary_points.csv,results/bvk2_ud_theta_gc_filtered_r6/boundary_points.csv;results/bvk2_ud_theta_gc_filtered_r6/endpoint_pairs.csv;results/bvk2_ud_theta_gc_filtered_r6/manifest.csv;results/bvk2_ud_theta_gc_filtered_r6/endpoints/chiN37/fA0p356605572/pair.csv;results/bvk2_ud_theta_gc_filtered_r6/endpoints/chiN37/fA0p358605572/pair.csv;results/bvk2_publication_phase_diagram/accepted_phase_boundaries.csv,4800ab8c5cce8ed20921a34aebbdaa689cfd0c7eef5091cf26c9ac401d26eb94;30a88cb72542c8c331ab623806da286f5c480f730047b5b2b07f73fb59089446;975cc69191fbd8ffc78b4e85644f2957b68c84cfa353aeed4e907567a707d323;de0d36a273da918bce9762b3774b8a309a9f2dc61daab53b19fa12797f471499;73afd2b22004ad0189d45a7dd24b901b9ffa72d788c9a7ffde5534dbfd2a836d;e1bd7408c4c65a3f6d001f7515557b75904676198c86dcb7c81553f1e700c454
bvk2-resolution-uncertainty-table-v1,G/C,40.0,0.35864173200295857,GC_FILTERED_R6_GYR96_CYL128x224,fA,fA,0.0020000000000000018,0.0010000000000000009,GYR,CYL,96x96x96,128x224,same-schema filtered factor-6 endpoint energies,direct filtered-sensor bracket,false,,strict signed endpoint secant,accepted signed-bracket half-width; excludes spatial-grid bias,false,0.0004085392642405594,target,later uniform audit: target 1e-3; hard maximum 2e-3,current_unified_direct_contract,boundary_bracket,accepted,results/bvk2_ud_theta_gc_filtered_r6/boundary_points.csv,results/bvk2_ud_theta_gc_filtered_r6/boundary_points.csv;results/bvk2_ud_theta_gc_filtered_r6/endpoint_pairs.csv;results/bvk2_ud_theta_gc_filtered_r6/manifest.csv;results/bvk2_ud_theta_gc_filtered_r6/endpoints/chiN40/fA0p357039593/pair.csv;results/bvk2_ud_theta_gc_filtered_r6/endpoints/chiN40/fA0p359039593/pair.csv;results/bvk2_publication_phase_diagram/accepted_phase_boundaries.csv,4800ab8c5cce8ed20921a34aebbdaa689cfd0c7eef5091cf26c9ac401d26eb94;30a88cb72542c8c331ab623806da286f5c480f730047b5b2b07f73fb59089446;975cc69191fbd8ffc78b4e85644f2957b68c84cfa353aeed4e907567a707d323;81385a4638c4b634955fe06aa553b968c2e9920bfe91d477fdcd87a58cb69806;9b4f350671c586cde31fc3b4b0506200d9ddaa4cef4e7881e7b1a83e42046aef;e1bd7408c4c65a3f6d001f7515557b75904676198c86dcb7c81553f1e700c454
bvk2-resolution-uncertainty-table-v1,G/C,42.0,0.3594949680155688,GC_FILTERED_R6_GYR96_CYL128x224,fA,fA,0.0020000000000000018,0.0010000000000000009,GYR,CYL,96x96x96,128x224,same-schema filtered factor-6 endpoint energies,direct filtered-sensor bracket,false,,strict signed endpoint secant,accepted signed-bracket half-width; excludes spatial-grid bias,false,0.0006303428629177432,target,later uniform audit: target 1e-3; hard maximum 2e-3,current_unified_direct_contract,boundary_bracket,accepted,results/bvk2_ud_theta_gc_filtered_r6/boundary_points.csv,results/bvk2_ud_theta_gc_filtered_r6/boundary_points.csv;results/bvk2_ud_theta_gc_filtered_r6/endpoint_pairs.csv;results/bvk2_ud_theta_gc_filtered_r6/manifest.csv;results/bvk2_ud_theta_gc_filtered_r6/endpoints/chiN42/fA0p359328941/pair.csv;results/bvk2_ud_theta_gc_filtered_r6/endpoints/chiN42/fA0p361328941/pair.csv;results/bvk2_publication_phase_diagram/accepted_phase_boundaries.csv,4800ab8c5cce8ed20921a34aebbdaa689cfd0c7eef5091cf26c9ac401d26eb94;30a88cb72542c8c331ab623806da286f5c480f730047b5b2b07f73fb59089446;975cc69191fbd8ffc78b4e85644f2957b68c84cfa353aeed4e907567a707d323;f360e0c3858c524b4f324e3f3a325406f3129225222236037622b1310a72d128;55305adbaf9e94a07b579a59740cb0b3e1e4db42805d1aaa496200ebf4224698;e1bd7408c4c65a3f6d001f7515557b75904676198c86dcb7c81553f1e700c454
bvk2-resolution-uncertainty-table-v1,G/C,45.0,0.360629772262422,GC_FILTERED_R6_GYR96_CYL128x224,fA,fA,0.0020000000000000018,0.0010000000000000009,GYR,CYL,96x96x96,128x224,same-schema filtered factor-6 endpoint energies,direct filtered-sensor bracket,false,,strict signed endpoint secant,accepted signed-bracket half-width; excludes spatial-grid bias,false,0.0006137949381592733,target,later uniform audit: target 1e-3; hard maximum 2e-3,current_unified_direct_contract,boundary_bracket,accepted,results/bvk2_ud_theta_gc_filtered_r6/boundary_points.csv,results/bvk2_ud_theta_gc_filtered_r6/boundary_points.csv;results/bvk2_ud_theta_gc_filtered_r6/endpoint_pairs.csv;results/bvk2_ud_theta_gc_filtered_r6/manifest.csv;results/bvk2_ud_theta_gc_filtered_r6/endpoints/chiN45/fA0p359762962/pair.csv;results/bvk2_ud_theta_gc_filtered_r6/endpoints/chiN45/fA0p361762962/pair.csv;results/bvk2_publication_phase_diagram/accepted_phase_boundaries.csv,4800ab8c5cce8ed20921a34aebbdaa689cfd0c7eef5091cf26c9ac401d26eb94;30a88cb72542c8c331ab623806da286f5c480f730047b5b2b07f73fb59089446;975cc69191fbd8ffc78b4e85644f2957b68c84cfa353aeed4e907567a707d323;7331bd3aabfceaed126883114fc03c03efca0edfc714d5b117a3ec50437b054b;3a76a4b772f708336f2ce0e7b472a68ffd7989c7bd34e67951062c0d13453085;e1bd7408c4c65a3f6d001f7515557b75904676198c86dcb7c81553f1e700c454
bvk2-resolution-uncertainty-table-v1,G/C,48.0,0.3615982397429874,GC_FILTERED_R6_GYR96_CYL128x224,fA,fA,0.0019999999999999463,0.0009999999999999731,GYR,CYL,96x96x96,128x224,same-schema filtered factor-6 endpoint energies,direct filtered-sensor bracket,false,,strict signed endpoint secant,accepted signed-bracket half-width; excludes spatial-grid bias,false,0.0007633335472414515,target,later uniform audit: target 1e-3; hard maximum 2e-3,current_unified_direct_contract,boundary_bracket,accepted,results/bvk2_ud_theta_gc_filtered_r6/boundary_points.csv,results/bvk2_ud_theta_gc_filtered_r6/boundary_points.csv;results/bvk2_ud_theta_gc_filtered_r6/endpoint_pairs.csv;results/bvk2_ud_theta_gc_filtered_r6/manifest.csv;results/bvk2_ud_theta_gc_filtered_r6/endpoints/chiN48/fA0p360196983/pair.csv;results/bvk2_ud_theta_gc_filtered_r6/endpoints/chiN48/fA0p362196983/pair.csv;results/bvk2_publication_phase_diagram/accepted_phase_boundaries.csv,4800ab8c5cce8ed20921a34aebbdaa689cfd0c7eef5091cf26c9ac401d26eb94;30a88cb72542c8c331ab623806da286f5c480f730047b5b2b07f73fb59089446;975cc69191fbd8ffc78b4e85644f2957b68c84cfa353aeed4e907567a707d323;a21122a63e4ab30f716144c7eac4677ff08c64ae533bd9afb82bbe79f9fae29e;4cc1f405a604d37bf8a2907956c8a71497412f078eb8fba2ca51bf8998c63633;e1bd7408c4c65a3f6d001f7515557b75904676198c86dcb7c81553f1e700c454
bvk2-resolution-uncertainty-table-v1,G/C,50.0,0.3621560136484573,GC_FILTERED_R6_GYR96_CYL128x224,fA,fA,0.0020000000000000018,0.0010000000000000009,GYR,CYL,96x96x96,128x224,same-schema filtered factor-6 endpoint energies,direct filtered-sensor bracket,false,,strict signed endpoint secant,accepted signed-bracket half-width; excludes spatial-grid bias,false,0.0007824568018954814,target,later uniform audit: target 1e-3; hard maximum 2e-3,current_unified_direct_contract,boundary_bracket,accepted,results/bvk2_ud_theta_gc_filtered_r6/boundary_points.csv,results/bvk2_ud_theta_gc_filtered_r6/boundary_points.csv;results/bvk2_ud_theta_gc_filtered_r6/endpoint_pairs.csv;results/bvk2_ud_theta_gc_filtered_r6/manifest.csv;results/bvk2_ud_theta_gc_filtered_r6/endpoints/chiN50/fA0p360486330/pair.csv;results/bvk2_ud_theta_gc_filtered_r6/endpoints/chiN50/fA0p362486330/pair.csv;results/bvk2_publication_phase_diagram/accepted_phase_boundaries.csv,4800ab8c5cce8ed20921a34aebbdaa689cfd0c7eef5091cf26c9ac401d26eb94;30a88cb72542c8c331ab623806da286f5c480f730047b5b2b07f73fb59089446;975cc69191fbd8ffc78b4e85644f2957b68c84cfa353aeed4e907567a707d323;359711a9e3727fc2a20debc640ef6abd5130af364ddbd32e7058f5ee3c16a54a;320ee2273df7feaeea31e727a558e6e41fe9df700259be6d2d3d45bc80ee1e49;e1bd7408c4c65a3f6d001f7515557b75904676198c86dcb7c81553f1e700c454
bvk2-resolution-uncertainty-table-v1,G/C,52.0,0.36305832915358827,GC_THETA_GYR96_CYL48x84_AUDIT3,fA,fA,0.0010000000000000009,0.0005000000000000004,GYR,CYL,96x96x96,48x84,factor-2 optimization; signed factor-3 audit,direct; no Richardson correction,false,,strict signed endpoint secant,accepted signed-bracket half-width; excludes spatial-grid bias,false,0.003247381078048228,above_current_maximum,current target 1e-3; hard maximum 2e-3,legacy_accepted_endpoint_exceeds_current_stress_maximum,boundary_bracket,accepted,results/bvk2_ud_theta_g_pocket_highchi_ledger/accepted_gc_boundaries.csv,results/bvk2_ud_theta_g_pocket_highchi_ledger/accepted_gc_boundaries.csv;results/bvk2_ud_theta_gc_highchi/chi52/boundary_point.csv;results/bvk2_ud_theta_gc_highchi/endpoint_energies.csv;results/bvk2_publication_phase_diagram/accepted_phase_boundaries.csv,736a4f221f08da4ca4db68fcf276ea3ac7cb94faaa9c5c5354f4151ee2df78c6;effd8120f0a0905cf8c27569131e5ae2336904e12135c35e941d93f0ef212704;051d3ca9ca94ded5df1a7f6340dbf0878b6eee2a1c1c9d1bf8ddd1ec5f9f6702;e1bd7408c4c65a3f6d001f7515557b75904676198c86dcb7c81553f1e700c454
bvk2-resolution-uncertainty-table-v1,G/C,54.0,0.3624211535554627,GC_THETA_GYR112_CYL96x168_AUDIT3,fA,fA,0.0010000000000000009,0.0005000000000000004,GYR,CYL,112x112x112,96x168,factor-2 optimization; signed factor-3 audit,direct; no Richardson correction,false,,strict signed endpoint secant,accepted signed-bracket half-width; excludes spatial-grid bias,false,0.0011922713091920834,fallback,current target 1e-3; hard maximum 2e-3,current_unified_direct_contract,boundary_bracket,accepted,results/bvk2_ud_theta_gc_chi54_direct/boundary_point.csv,results/bvk2_ud_theta_gc_chi54_direct/boundary_point.csv;results/bvk2_ud_theta_gc_chi54_direct/endpoint_energies.csv;results/bvk2_publication_phase_diagram/accepted_phase_boundaries.csv,45cf4098ad108d70c449a8fb35317388cad888d735a65fb1390da672471816cf;fce1453f8a0b4c227af2d6ae12696b990a36c2c5fa7ce3755bcb6af7e6b21e34;e1bd7408c4c65a3f6d001f7515557b75904676198c86dcb7c81553f1e700c454
bvk2-resolution-uncertainty-table-v1,G/C,55.0,0.3636881094533408,GC_THETA_GYR96_CYL48x84_AUDIT3,fA,fA,0.0010000000000000009,0.0005000000000000004,GYR,CYL,96x96x96,48x84,factor-2 optimization; signed factor-3 audit,direct; no Richardson correction,false,,strict signed endpoint secant,accepted signed-bracket half-width; excludes spatial-grid bias,false,0.003856482615721024,above_current_maximum,current target 1e-3; hard maximum 2e-3,legacy_accepted_endpoint_exceeds_current_stress_maximum,boundary_bracket,accepted,results/bvk2_ud_theta_g_pocket_highchi_ledger/accepted_gc_boundaries.csv,results/bvk2_ud_theta_g_pocket_highchi_ledger/accepted_gc_boundaries.csv;results/bvk2_ud_theta_gc_highchi/chi55/boundary_point.csv;results/bvk2_ud_theta_gc_highchi/endpoint_energies.csv;results/bvk2_publication_phase_diagram/accepted_phase_boundaries.csv,736a4f221f08da4ca4db68fcf276ea3ac7cb94faaa9c5c5354f4151ee2df78c6;2c2e13e2e17f4289e38c4b966c5b52ab4529e9716e011b067a65e89c9dcc9e4c;051d3ca9ca94ded5df1a7f6340dbf0878b6eee2a1c1c9d1bf8ddd1ec5f9f6702;e1bd7408c4c65a3f6d001f7515557b75904676198c86dcb7c81553f1e700c454
bvk2-resolution-uncertainty-table-v1,G/C,58.0,0.36454899374125577,GC_THETA_GYR96_CYL48x84_AUDIT3,fA,fA,0.0010000000000000009,0.0005000000000000004,GYR,CYL,96x96x96,48x84,factor-2 optimization; signed factor-3 audit,direct; no Richardson correction,false,,strict signed endpoint secant,accepted signed-bracket half-width; excludes spatial-grid bias,false,0.0005433544141082436,target,current target 1e-3; hard maximum 2e-3,legacy_direct_current_stress_gate_pass,boundary_bracket,accepted,results/bvk2_ud_theta_g_pocket_highchi_ledger/accepted_gc_boundaries.csv,results/bvk2_ud_theta_g_pocket_highchi_ledger/accepted_gc_boundaries.csv;results/bvk2_ud_theta_gc_highchi/chi58/boundary_point.csv;results/bvk2_ud_theta_gc_highchi/endpoint_energies.csv;results/bvk2_publication_phase_diagram/accepted_phase_boundaries.csv,736a4f221f08da4ca4db68fcf276ea3ac7cb94faaa9c5c5354f4151ee2df78c6;6da9a6005fbbaa30a395031a8991d17c7ce9ec41f9a4308ed880cadf937e9bd3;051d3ca9ca94ded5df1a7f6340dbf0878b6eee2a1c1c9d1bf8ddd1ec5f9f6702;e1bd7408c4c65a3f6d001f7515557b75904676198c86dcb7c81553f1e700c454
bvk2-resolution-uncertainty-table-v1,G/C,60.0,0.3649819374095959,GC_THETA_GYR96_CYL48x84_AUDIT3,fA,fA,0.0010000000000000009,0.0005000000000000004,GYR,CYL,96x96x96,48x84,factor-2 optimization; signed factor-3 audit,direct; no Richardson correction,false,,strict signed endpoint secant,accepted signed-bracket half-width; excludes spatial-grid bias,false,0.002155093647734141,above_current_maximum,current target 1e-3; hard maximum 2e-3,legacy_accepted_endpoint_exceeds_current_stress_maximum,boundary_bracket,accepted,results/bvk2_ud_theta_g_pocket_highchi_ledger/accepted_gc_boundaries.csv,results/bvk2_ud_theta_g_pocket_highchi_ledger/accepted_gc_boundaries.csv;results/bvk2_ud_theta_gc_highchi/chi60/boundary_point.csv;results/bvk2_ud_theta_gc_highchi/endpoint_energies.csv;results/bvk2_publication_phase_diagram/accepted_phase_boundaries.csv,736a4f221f08da4ca4db68fcf276ea3ac7cb94faaa9c5c5354f4151ee2df78c6;141bf3b05f12a7a2e2d1be3c89940d0a5d2fd1315119415b068619155a6ad7ff;051d3ca9ca94ded5df1a7f6340dbf0878b6eee2a1c1c9d1bf8ddd1ec5f9f6702;e1bd7408c4c65a3f6d001f7515557b75904676198c86dcb7c81553f1e700c454
bvk2-resolution-uncertainty-table-v1,G/L,15.0,0.4086272909783978,GL_THETA_GYR64_LAM1024_AUDIT3,fA,fA,0.0006249999999999867,0.00031249999999999334,GYR,LAM,64x64x64,1024,factor-2 optimization; signed factor-3 audit,direct; no Richardson correction,false,,strict signed endpoint secant,accepted signed-bracket half-width; excludes residual spatial-grid bias,false,0.0007126168814286515,target,target 1e-3; accepted fallback through 2e-3,current_direct_contract,boundary_bracket,accepted,results/bvk2_fcc_o70_boundary_campaign/boundary_brackets.csv,results/bvk2_fcc_o70_boundary_campaign/boundary_brackets.csv;results/bvk2_fcc_o70_boundary_campaign/slices/chiN15/f0p408125/GYR64/cell_root.csv;results/bvk2_fcc_o70_boundary_campaign/slices/chiN15/f0p408125/LAM1024_fastroot1/cell_root.csv;results/bvk2_fcc_o70_boundary_campaign/slices/chiN15/f0p408750/GYR64/cell_root.csv;results/bvk2_fcc_o70_boundary_campaign/slices/chiN15/f0p408750/LAM1024_fastroot1/cell_root.csv;results/bvk2_publication_phase_diagram/accepted_phase_boundaries.csv,cd74b79522c9077bc25c2a45912411cc444c3b958d444a1992f53278d6f87561;af9d52029d94bbffe7e96d475fe3e8d7577fe0819fa070a2ff3bb3df1c527277;0ca59b42df9abdfb6110e340c60a3f72052696c93acd724fdc579b5313b5affe;10bc96a60a1350c7c18d969858ff092a1cb7614bb4e5ba395c7496abfec5bad5;a77aa7374347c524a34f929c0dca8ed94c60933b1e9725f8f341367bdee3ce0f;e1bd7408c4c65a3f6d001f7515557b75904676198c86dcb7c81553f1e700c454
bvk2-resolution-uncertainty-table-v1,G/L,16.0,0.40539053310512596,GL_MATCHED_GYR64_LAM26_AUDIT3,fA,fA,0.0015000000000000013,0.0007500000000000007,GYR,LAM,64x64x64,26,gyr_factor3_minus_matched_lam_factor3,matched-spacing direct factor-3 bracket,false,,strict signed endpoint secant,accepted signed-bracket half-width; excludes residual matched-spacing bias,false,8.647896324942561e-05,target,later uniform audit: target 1e-3; hard maximum 2e-3,current_unified_matched_spacing_contract,boundary_bracket,accepted,results/bvk2_ud_theta_gl_matched_spacing_audit/matched_boundary_promotions.csv,results/bvk2_ud_theta_gl_matched_spacing_audit/matched_boundary_promotions.csv;results/bvk2_ud_theta_gl_matched_spacing_audit/promotion_endpoints/chiN16_lower.csv;results/bvk2_ud_theta_gl_matched_spacing_audit/promotion_endpoints/chiN16_upper.csv;results/bvk2_publication_phase_diagram/accepted_phase_boundaries.csv,df64c1930680d7ff5e8752916fbfd0a1227787cfce7e8d96142d8bee4ad8cc44;2912504f0aed1a97a908c19baa8a4fdb52db579bb73cee55df245ba49d86dcf7;94bfef34188c8333e889c69685d32966c92e02403c88fd0140fd448df65c7fa6;e1bd7408c4c65a3f6d001f7515557b75904676198c86dcb7c81553f1e700c454
bvk2-resolution-uncertainty-table-v1,G/L,18.0,0.39889388765914086,GL_MATCHED_GYR64_LAM26_AUDIT3,fA,fA,0.0015000000000000013,0.0007500000000000007,GYR,LAM,64x64x64,26,gyr_factor3_minus_matched_lam_factor3,matched-spacing direct factor-3 bracket,false,,strict signed endpoint secant,accepted signed-bracket half-width; excludes residual matched-spacing bias,false,0.0002244423520274541,target,later uniform audit: target 1e-3; hard maximum 2e-3,current_unified_matched_spacing_contract,boundary_bracket,accepted,results/bvk2_ud_theta_gl_matched_spacing_audit/matched_boundary_promotions.csv,results/bvk2_ud_theta_gl_matched_spacing_audit/matched_boundary_promotions.csv;results/bvk2_ud_theta_gl_matched_spacing_audit/promotion_endpoints/chiN18_lower.csv;results/bvk2_ud_theta_gl_matched_spacing_audit/promotion_endpoints/chiN18_upper.csv;results/bvk2_publication_phase_diagram/accepted_phase_boundaries.csv,df64c1930680d7ff5e8752916fbfd0a1227787cfce7e8d96142d8bee4ad8cc44;ba6e919b99d045650ac0cf5ce39d0b420d19218e84d7de565ba72e51a6b798fb;81186aca29b98c31ef1692f42ff6dc628d4a9a035a28cc5fd974f334e8c28aab;e1bd7408c4c65a3f6d001f7515557b75904676198c86dcb7c81553f1e700c454
bvk2-resolution-uncertainty-table-v1,G/L,20.0,0.3944877824322312,GL_MATCHED_GYR96_LAM40_AUDIT3,fA,fA,0.0010649315999999853,0.0005324657999999927,GYR,LAM,96x96x96,40,gyr_factor3_minus_matched_lam_factor3,matched-spacing direct factor-3 bracket,false,,strict signed endpoint secant,accepted signed-bracket half-width; excludes residual matched-spacing bias,false,0.00015943222044301208,target,later uniform audit: target 1e-3; hard maximum 2e-3,current_unified_matched_spacing_contract,boundary_bracket,accepted,results/bvk2_ud_theta_gl_matched_spacing_audit/matched_boundary_promotions.csv,results/bvk2_ud_theta_gl_matched_spacing_audit/matched_boundary_promotions.csv;results/bvk2_ud_theta_gl_matched_spacing_audit/promotion_endpoints/chiN20_lower.csv;results/bvk2_ud_theta_gl_matched_spacing_audit/promotion_endpoints/chiN20_upper.csv;results/bvk2_publication_phase_diagram/accepted_phase_boundaries.csv,df64c1930680d7ff5e8752916fbfd0a1227787cfce7e8d96142d8bee4ad8cc44;8f313bf5c28c31ff6e52b3e6cdd4767c67ab64c72df9ae7abcad4a1d22c5c618;d0a40e8c2fe471bc8b1b050b2fbc8addde3598716a191a3b6b2c4fb7f8dabde4;e1bd7408c4c65a3f6d001f7515557b75904676198c86dcb7c81553f1e700c454
bvk2-resolution-uncertainty-table-v1,G/L,22.0,0.391281898060862,GL_MATCHED_GYR96_LAM40_AUDIT3,fA,fA,0.0009512756999999761,0.00047563784999998804,GYR,LAM,96x96x96,40,gyr_factor3_minus_matched_lam_factor3,matched-spacing direct factor-3 bracket,false,,strict signed endpoint secant,accepted signed-bracket half-width; excludes residual matched-spacing bias,false,0.0004478690284075437,target,later uniform audit: target 1e-3; hard maximum 2e-3,current_unified_matched_spacing_contract,boundary_bracket,accepted,results/bvk2_ud_theta_gl_matched_spacing_audit/matched_boundary_promotions.csv,results/bvk2_ud_theta_gl_matched_spacing_audit/matched_boundary_promotions.csv;results/bvk2_ud_theta_gl_matched_spacing_audit/promotion_endpoints/chiN22_lower.csv;results/bvk2_ud_theta_gl_matched_spacing_audit/promotion_endpoints/chiN22_upper.csv;results/bvk2_publication_phase_diagram/accepted_phase_boundaries.csv,df64c1930680d7ff5e8752916fbfd0a1227787cfce7e8d96142d8bee4ad8cc44;9cc9a1e0dab573818b283b213ec950f68c48bd3638ee3296e2ba67aa59f34165;4b5eee7bf7a725f7f970138683666f7e2f0dfaa460e24db6a840b4f0b044a64e;e1bd7408c4c65a3f6d001f7515557b75904676198c86dcb7c81553f1e700c454
bvk2-resolution-uncertainty-table-v1,G/L,25.0,0.38770304078295925,GL_MATCHED_GYR96_LAM40_AUDIT3,fA,fA,0.0010462126999999932,0.0005231063499999966,GYR,LAM,96x96x96,40,gyr_factor3_minus_matched_lam_factor3,matched-spacing direct factor-3 bracket,false,,strict signed endpoint secant,accepted signed-bracket half-width; excludes residual matched-spacing bias,false,0.0006708401414894372,target,later uniform audit: target 1e-3; hard maximum 2e-3,current_unified_matched_spacing_contract,boundary_bracket,accepted,results/bvk2_ud_theta_gl_matched_spacing_audit/matched_boundary_promotions.csv,results/bvk2_ud_theta_gl_matched_spacing_audit/matched_boundary_promotions.csv;results/bvk2_ud_theta_gl_matched_spacing_audit/promotion_endpoints/chiN25_lower.csv;results/bvk2_ud_theta_gl_matched_spacing_audit/promotion_endpoints/chiN25_upper.csv;results/bvk2_publication_phase_diagram/accepted_phase_boundaries.csv,df64c1930680d7ff5e8752916fbfd0a1227787cfce7e8d96142d8bee4ad8cc44;219fc50e03501324219e83926aedf726bbf3003d8a3fa0d047d0045d3f2118d1;1bbbb755834924d908fcef361853e53b17f6cbfc7a8f1650a82555b2414f6ef5;e1bd7408c4c65a3f6d001f7515557b75904676198c86dcb7c81553f1e700c454
bvk2-resolution-uncertainty-table-v1,G/L,27.0,0.3857944300262606,GL_MATCHED_GYR96_LAM40_AUDIT3,fA,fA,0.0017801689999999981,0.0008900844999999991,GYR,LAM,96x96x96,40,gyr_factor3_minus_matched_lam_factor3,matched-spacing direct factor-3 bracket,false,,strict signed endpoint secant,accepted signed-bracket half-width; excludes residual matched-spacing bias,false,0.0004979637721576058,target,later uniform audit: target 1e-3; hard maximum 2e-3,current_unified_matched_spacing_contract,boundary_bracket,accepted,results/bvk2_ud_theta_gl_matched_spacing_audit/matched_boundary_promotions.csv,results/bvk2_ud_theta_gl_matched_spacing_audit/matched_boundary_promotions.csv;results/bvk2_ud_theta_gl_matched_spacing_audit/promotion_endpoints/chiN27_lower.csv;results/bvk2_ud_theta_gl_matched_spacing_audit/promotion_endpoints/chiN27_upper.csv;results/bvk2_publication_phase_diagram/accepted_phase_boundaries.csv,df64c1930680d7ff5e8752916fbfd0a1227787cfce7e8d96142d8bee4ad8cc44;d1a7d8a963c7ced27b235ea96ac353569b405ac0aad0e1998581b4865575df8f;829445d03647d048a35191300ad588516fd2f7d49eca5633417d6cf34953a3a6;e1bd7408c4c65a3f6d001f7515557b75904676198c86dcb7c81553f1e700c454
bvk2-resolution-uncertainty-table-v1,G/L,30.0,0.38335199862990327,GL_MATCHED_GYR96_LAM40_AUDIT3,fA,fA,0.0010000000000000009,0.0005000000000000004,GYR,LAM,96x96x96,40,gyr_factor3_minus_matched_lam_factor3,matched-spacing direct factor-3 bracket,false,,strict signed endpoint secant,accepted signed-bracket half-width; excludes residual matched-spacing bias,false,0.0003535024369423212,target,later uniform audit: target 1e-3; hard maximum 2e-3,current_unified_matched_spacing_contract,boundary_bracket,accepted,results/bvk2_ud_theta_gl_matched_spacing_audit/matched_boundary_promotions.csv,results/bvk2_ud_theta_gl_matched_spacing_audit/matched_boundary_promotions.csv;results/bvk2_ud_theta_gl_matched_spacing_audit/promotion_endpoints/chiN30_lower.csv;results/bvk2_ud_theta_gl_matched_spacing_audit/promotion_endpoints/chiN30_upper.csv;results/bvk2_publication_phase_diagram/accepted_phase_boundaries.csv,df64c1930680d7ff5e8752916fbfd0a1227787cfce7e8d96142d8bee4ad8cc44;5c12e0b4a0578f7924028596e53ea0ddaa505ece03ef78bbad9e753b393f6c41;0cf48626d80c4c85584f09bac4f54e2be2c66fd7468a14497c0a87cfea3a5d41;e1bd7408c4c65a3f6d001f7515557b75904676198c86dcb7c81553f1e700c454
bvk2-resolution-uncertainty-table-v1,G/L,32.0,0.38191627586131477,GL_MATCHED_GYR96_LAM40_AUDIT3,fA,fA,0.0010997924999999742,0.0005498962499999871,GYR,LAM,96x96x96,40,gyr_factor3_minus_matched_lam_factor3,matched-spacing direct factor-3 bracket,false,,strict signed endpoint secant,accepted signed-bracket half-width; excludes residual matched-spacing bias,false,0.0003678399350568462,target,later uniform audit: target 1e-3; hard maximum 2e-3,current_unified_matched_spacing_contract,boundary_bracket,accepted,results/bvk2_ud_theta_gl_matched_spacing_audit/matched_boundary_promotions.csv,results/bvk2_ud_theta_gl_matched_spacing_audit/matched_boundary_promotions.csv;results/bvk2_ud_theta_gl_matched_spacing_audit/promotion_endpoints/chiN32_lower.csv;results/bvk2_ud_theta_gl_matched_spacing_audit/promotion_endpoints/chiN32_upper.csv;results/bvk2_publication_phase_diagram/accepted_phase_boundaries.csv,df64c1930680d7ff5e8752916fbfd0a1227787cfce7e8d96142d8bee4ad8cc44;1442422c30aa07473988ceab587a1d8fe51f7696b4e6a8f66d873eb04299e814;a3afec5092b3358abb446db3bed169032769a6cf21924a984fabcf8631d8c74b;e1bd7408c4c65a3f6d001f7515557b75904676198c86dcb7c81553f1e700c454
bvk2-resolution-uncertainty-table-v1,G/L,34.0,0.38059125229287544,GL_MATCHED_GYR96_LAM40_AUDIT3,fA,fA,0.0010000000000000009,0.0005000000000000004,GYR,LAM,96x96x96,40,gyr_factor3_minus_matched_lam_factor3,matched-spacing direct factor-3 bracket,false,,strict signed endpoint secant,accepted signed-bracket half-width; excludes residual matched-spacing bias,false,0.0002519310593758206,target,later uniform audit: target 1e-3; hard maximum 2e-3,current_unified_matched_spacing_contract,boundary_bracket,accepted,results/bvk2_ud_theta_gl_matched_spacing_audit/matched_boundary_promotions.csv,results/bvk2_ud_theta_gl_matched_spacing_audit/matched_boundary_promotions.csv;results/bvk2_ud_theta_gl_matched_spacing_audit/promotion_endpoints/chiN34_lower.csv;results/bvk2_ud_theta_gl_matched_spacing_audit/promotion_endpoints/chiN34_upper.csv;results/bvk2_publication_phase_diagram/accepted_phase_boundaries.csv,df64c1930680d7ff5e8752916fbfd0a1227787cfce7e8d96142d8bee4ad8cc44;e82e7710e2bb78e2260a9c406b4b711f881c7902a80facfd3e83fff6eb23e97f;636de64a46b01614b5b6a03f0be97757efc6da1af2be860f9ae600868851f3f2;e1bd7408c4c65a3f6d001f7515557b75904676198c86dcb7c81553f1e700c454
bvk2-resolution-uncertainty-table-v1,G/L,37.0,0.37876890083658715,GL_MATCHED_GYR96_LAM40_AUDIT3,fA,fA,0.0010000000000000009,0.0005000000000000004,GYR,LAM,96x96x96,40,gyr_factor3_minus_matched_lam_factor3,matched-spacing direct factor-3 bracket,false,,strict signed endpoint secant,accepted signed-bracket half-width; excludes residual matched-spacing bias,false,0.0005819350086553321,target,later uniform audit: target 1e-3; hard maximum 2e-3,current_unified_matched_spacing_contract,boundary_bracket,accepted,results/bvk2_ud_theta_gl_matched_spacing_audit/matched_boundary_promotions.csv,results/bvk2_ud_theta_gl_matched_spacing_audit/matched_boundary_promotions.csv;results/bvk2_ud_theta_gl_matched_spacing_audit/promotion_endpoints/chiN37_lower.csv;results/bvk2_ud_theta_gl_matched_spacing_audit/promotion_endpoints/chiN37_upper.csv;results/bvk2_publication_phase_diagram/accepted_phase_boundaries.csv,df64c1930680d7ff5e8752916fbfd0a1227787cfce7e8d96142d8bee4ad8cc44;50e381f69cedc4870370cb0813fea704ac637f20bd75309686311b9da45d27ab;66188d34021ffa01d36f821eeb5d8a4d101e9654fd757464517f7c710cebf8ec;e1bd7408c4c65a3f6d001f7515557b75904676198c86dcb7c81553f1e700c454
bvk2-resolution-uncertainty-table-v1,G/L,40.0,0.3771026761715718,GL_MATCHED_GYR112_LAM46_AUDIT3,fA,fA,0.0010000000000000009,0.0005000000000000004,GYR,LAM,112x112x112,46,gyr_factor3_minus_matched_lam_factor3,matched-spacing direct factor-3 bracket,false,,strict signed endpoint secant,accepted signed-bracket half-width; excludes residual matched-spacing bias,false,0.000681254144818233,target,later uniform audit: target 1e-3; hard maximum 2e-3,current_unified_matched_spacing_contract,boundary_bracket,accepted,results/bvk2_ud_theta_gl_matched_spacing_audit/matched_boundary_promotions.csv,results/bvk2_ud_theta_gl_matched_spacing_audit/matched_boundary_promotions.csv;results/bvk2_ud_theta_gl_matched_spacing_audit/promotion_endpoints/chiN40_lower.csv;results/bvk2_ud_theta_gl_matched_spacing_audit/promotion_endpoints/chiN40_upper.csv;results/bvk2_publication_phase_diagram/accepted_phase_boundaries.csv,df64c1930680d7ff5e8752916fbfd0a1227787cfce7e8d96142d8bee4ad8cc44;1b15565ecb08fc13079afcd08656ac9fd18aaa90cb7f4a724e0884e960326498;5887dec83677db6f6926bc8461d52c25aa97812a61480c1927ea00862cd98420;e1bd7408c4c65a3f6d001f7515557b75904676198c86dcb7c81553f1e700c454
bvk2-resolution-uncertainty-table-v1,G/L,42.0,0.3760637700718322,GL_MATCHED_GYR112_LAM46_AUDIT3,fA,fA,0.0010000000000000009,0.0005000000000000004,GYR,LAM,112x112x112,46,gyr_factor3_minus_matched_lam_factor3,matched-spacing direct factor-3 bracket,false,,strict signed endpoint secant,accepted signed-bracket half-width; excludes residual matched-spacing bias,false,0.00039105564946417815,target,later uniform audit: target 1e-3; hard maximum 2e-3,current_unified_matched_spacing_contract,boundary_bracket,accepted,results/bvk2_ud_theta_gl_matched_spacing_audit/matched_boundary_promotions.csv,results/bvk2_ud_theta_gl_matched_spacing_audit/matched_boundary_promotions.csv;results/bvk2_ud_theta_gl_matched_spacing_audit/promotion_endpoints/chiN42_lower.csv;results/bvk2_ud_theta_gl_matched_spacing_audit/promotion_endpoints/chiN42_upper.csv;results/bvk2_publication_phase_diagram/accepted_phase_boundaries.csv,df64c1930680d7ff5e8752916fbfd0a1227787cfce7e8d96142d8bee4ad8cc44;704893833a569a72902a81c929d35d29d405e9902181e53f04c1067a96a28977;23b80928a33912fe29a4744afee40a43193bb23c499fca9f0106600461259743;e1bd7408c4c65a3f6d001f7515557b75904676198c86dcb7c81553f1e700c454
bvk2-resolution-uncertainty-table-v1,G/L,45.0,0.37452314023642735,GL_MATCHED_GYR112_LAM46_AUDIT3,fA,fA,0.0010000000000000009,0.0005000000000000004,GYR,LAM,112x112x112,46,gyr_factor3_minus_matched_lam_factor3,matched-spacing direct factor-3 bracket,false,,strict signed endpoint secant,accepted signed-bracket half-width; excludes residual matched-spacing bias,false,0.0019840411689133752,fallback,later uniform audit: target 1e-3; hard maximum 2e-3,current_unified_matched_spacing_contract,boundary_bracket,accepted,results/bvk2_ud_theta_gl_matched_spacing_audit/matched_boundary_promotions.csv,results/bvk2_ud_theta_gl_matched_spacing_audit/matched_boundary_promotions.csv;results/bvk2_ud_theta_gl_matched_spacing_audit/promotion_endpoints/chiN45_lower.csv;results/bvk2_ud_theta_gl_matched_spacing_audit/promotion_endpoints/chiN45_upper.csv;results/bvk2_publication_phase_diagram/accepted_phase_boundaries.csv,df64c1930680d7ff5e8752916fbfd0a1227787cfce7e8d96142d8bee4ad8cc44;5ab73b93d6e121bb65e266686866511f8f2a6e0e38b99bd6a1f60951a6f35faf;0a4703b5e1976da499b9179c6090c0b95b05173486814dfc4af15d98b3a11dc7;e1bd7408c4c65a3f6d001f7515557b75904676198c86dcb7c81553f1e700c454
bvk2-resolution-uncertainty-table-v1,G/L,48.0,0.3732038614148298,GL_MATCHED_GYR96_LAM40_AUDIT3,fA,fA,0.0015000000000000013,0.0007500000000000007,GYR,LAM,96x96x96,40,gyr_factor3_minus_matched_lam_factor3,matched-spacing direct factor-3 bracket,false,,strict signed endpoint secant,accepted signed-bracket half-width; excludes residual matched-spacing bias,false,0.0017621897894719574,fallback,later uniform audit: target 1e-3; hard maximum 2e-3,current_unified_matched_spacing_contract,boundary_bracket,accepted,results/bvk2_ud_theta_gl_matched_spacing_audit/matched_boundary_promotions.csv,results/bvk2_ud_theta_gl_matched_spacing_audit/matched_boundary_promotions.csv;results/bvk2_ud_theta_gl_matched_spacing_audit/promotion_endpoints/chiN48_lower.csv;results/bvk2_ud_theta_gl_matched_spacing_audit/promotion_endpoints/chiN48_upper.csv;results/bvk2_publication_phase_diagram/accepted_phase_boundaries.csv,df64c1930680d7ff5e8752916fbfd0a1227787cfce7e8d96142d8bee4ad8cc44;04338139e5ede85ae70479b6ba2a0f293147490f8d986e40988234af09c984b3;f65b50016a9c0b4f1b5a4609176cd816fbf4f47e1c6f79ec2ea17ef8a357430a;e1bd7408c4c65a3f6d001f7515557b75904676198c86dcb7c81553f1e700c454
bvk2-resolution-uncertainty-table-v1,G/L,50.0,0.3723319536111758,GL_MATCHED_GYR112_LAM46_AUDIT3,fA,fA,0.0010000000000000009,0.0005000000000000004,GYR,LAM,112x112x112,46,gyr_factor3_minus_matched_lam_factor3,matched-spacing direct factor-3 bracket,false,,strict signed endpoint secant,accepted signed-bracket half-width; excludes residual matched-spacing bias,false,0.0009240954246778621,target,later uniform audit: target 1e-3; hard maximum 2e-3,current_unified_matched_spacing_contract,boundary_bracket,accepted,results/bvk2_ud_theta_gl_matched_spacing_audit/matched_boundary_promotions.csv,results/bvk2_ud_theta_gl_matched_spacing_audit/matched_boundary_promotions.csv;results/bvk2_ud_theta_gl_matched_spacing_audit/promotion_endpoints/chiN50_lower.csv;results/bvk2_ud_theta_gl_matched_spacing_audit/promotion_endpoints/chiN50_upper.csv;results/bvk2_publication_phase_diagram/accepted_phase_boundaries.csv,df64c1930680d7ff5e8752916fbfd0a1227787cfce7e8d96142d8bee4ad8cc44;9bd06ad18e85a0fe3664e672326964f6e8d6db837919d6dd0cd0b973ec2037d5;defb3daa01ce71573c3a7d46463e4b88cdb1312600ff9623fc754f037335d28c;e1bd7408c4c65a3f6d001f7515557b75904676198c86dcb7c81553f1e700c454
bvk2-resolution-uncertainty-table-v1,G/L,51.0,0.371870784056501,GL_MATCHED_GYR96_LAM40_AUDIT3,fA,fA,0.0010000000000000009,0.0005000000000000004,GYR,LAM,96x96x96,40,gyr_factor3_minus_matched_lam_factor3,matched-spacing direct factor-3 bracket,false,,strict signed endpoint secant,accepted signed-bracket half-width; excludes residual matched-spacing bias,false,0.00180105513943829,fallback,later uniform audit: target 1e-3; hard maximum 2e-3,current_unified_matched_spacing_contract,boundary_bracket,accepted,results/bvk2_ud_theta_gl_matched_spacing_audit/matched_boundary_promotions.csv,results/bvk2_ud_theta_gl_matched_spacing_audit/matched_boundary_promotions.csv;results/bvk2_ud_theta_gl_matched_spacing_audit/promotion_endpoints/chiN51_lower.csv;results/bvk2_ud_theta_gl_matched_spacing_audit/promotion_endpoints/chiN51_upper.csv;results/bvk2_publication_phase_diagram/accepted_phase_boundaries.csv,df64c1930680d7ff5e8752916fbfd0a1227787cfce7e8d96142d8bee4ad8cc44;e2d8b03dcd911f0f44bbc3d330a2cf4dc7cba711234ef3250d357133bb42b612;2eaa4cd350ddfe20708ea417a4cacf6fa8ab7b2ea21bc32be37f0567b9d41d04;e1bd7408c4c65a3f6d001f7515557b75904676198c86dcb7c81553f1e700c454
bvk2-resolution-uncertainty-table-v1,G/L,52.0,0.36410298960735327,GL_THETA_GYR112_LAM1024_AUDIT3,fA,fA,0.0010000000000000009,0.0005000000000000004,GYR,LAM,112x112x112,1024,factor-2 optimization; signed factor-3 audit,direct; no Richardson correction,false,,strict signed endpoint secant,accepted signed-bracket half-width; excludes residual spatial-grid bias,false,0.0009394331674772438,target,target 1e-3; accepted fallback through 2e-3,current_direct_contract,boundary_bracket,accepted,results/bvk2_ud_theta_gl_direct_fine/chi52/long_period_reroot/boundary_point.csv,results/bvk2_ud_theta_gl_direct_fine/accepted_boundaries.csv;results/bvk2_ud_theta_gl_direct_fine/chi52/long_period_reroot/boundary_point.csv;results/bvk2_publication_phase_diagram/accepted_phase_boundaries.csv,862afe7e9060fd5ab19b3b17954710af3a2b4c9cf94654bd2c87c36e9a466b7f;7a216b9984d570a2473025f82c3a55f3901337906aaeff72eccf001078fb53be;e1bd7408c4c65a3f6d001f7515557b75904676198c86dcb7c81553f1e700c454
bvk2-resolution-uncertainty-table-v1,G/L,53.0,0.37104187267906313,GL_MATCHED_GYR112_LAM46_AUDIT3,fA,fA,0.0010000000000000009,0.0005000000000000004,GYR,LAM,112x112x112,46,gyr_factor3_minus_matched_lam_factor3,matched-spacing direct factor-3 bracket,false,,strict signed endpoint secant,accepted signed-bracket half-width; excludes residual matched-spacing bias,false,0.0011541571910260728,fallback,later uniform audit: target 1e-3; hard maximum 2e-3,current_unified_matched_spacing_contract,boundary_bracket,accepted,results/bvk2_ud_theta_gl_matched_spacing_audit/matched_boundary_promotions.csv,results/bvk2_ud_theta_gl_matched_spacing_audit/matched_boundary_promotions.csv;results/bvk2_ud_theta_gl_matched_spacing_audit/promotion_endpoints/chiN53_lower.csv;results/bvk2_ud_theta_gl_matched_spacing_audit/promotion_endpoints/chiN53_upper.csv;results/bvk2_publication_phase_diagram/accepted_phase_boundaries.csv,df64c1930680d7ff5e8752916fbfd0a1227787cfce7e8d96142d8bee4ad8cc44;bf79c5806e01b31a73e7c14eadf2e1a52389691e7015fa3d241547ff442578e5;02976bc7053627df90e59c1be8b5c96f415c8c0855a33b651795796c50e2f115;e1bd7408c4c65a3f6d001f7515557b75904676198c86dcb7c81553f1e700c454
bvk2-resolution-uncertainty-table-v1,G/L,54.0,0.37062227735453607,GL_MATCHED_GYR112_LAM46_AUDIT3,fA,fA,0.0005000000000000004,0.0002500000000000002,GYR,LAM,112x112x112,46,gyr_factor3_minus_matched_lam_factor3,matched-spacing direct factor-3 bracket,false,,strict signed endpoint secant,accepted signed-bracket half-width; excludes residual matched-spacing bias,false,0.0011356092927692352,fallback,later uniform audit: target 1e-3; hard maximum 2e-3,current_unified_matched_spacing_contract,boundary_bracket,accepted,results/bvk2_ud_theta_gl_matched_spacing_audit/matched_boundary_promotions.csv,results/bvk2_ud_theta_gl_matched_spacing_audit/matched_boundary_promotions.csv;results/bvk2_ud_theta_gl_matched_spacing_audit/promotion_endpoints/chiN54_lower.csv;results/bvk2_ud_theta_gl_matched_spacing_audit/promotion_endpoints/chiN54_upper.csv;results/bvk2_publication_phase_diagram/accepted_phase_boundaries.csv,df64c1930680d7ff5e8752916fbfd0a1227787cfce7e8d96142d8bee4ad8cc44;05ba2d899542e6e95a11adf9215c510bbb537c5c39d57b1e3daaceee243c03ca;0027e423f273e3bf2b200c4ef411e03d1983e6c763c77c204db5e12012f99ea5;e1bd7408c4c65a3f6d001f7515557b75904676198c86dcb7c81553f1e700c454
bvk2-resolution-uncertainty-table-v1,G/L,55.0,0.37017875469977274,GL_MATCHED_GYR112_LAM46_AUDIT3,fA,fA,0.0010000000000000009,0.0005000000000000004,GYR,LAM,112x112x112,46,gyr_factor3_minus_matched_lam_factor3,matched-spacing direct factor-3 bracket,false,,strict signed endpoint secant,accepted signed-bracket half-width; excludes residual matched-spacing bias,false,0.00138067044813317,fallback,later uniform audit: target 1e-3; hard maximum 2e-3,current_unified_matched_spacing_contract,boundary_bracket,accepted,results/bvk2_ud_theta_gl_matched_spacing_audit/matched_boundary_promotions.csv,results/bvk2_ud_theta_gl_matched_spacing_audit/matched_boundary_promotions.csv;results/bvk2_ud_theta_gl_matched_spacing_audit/promotion_endpoints/chiN55_lower.csv;results/bvk2_ud_theta_gl_matched_spacing_audit/promotion_endpoints/chiN55_upper.csv;results/bvk2_publication_phase_diagram/accepted_phase_boundaries.csv,df64c1930680d7ff5e8752916fbfd0a1227787cfce7e8d96142d8bee4ad8cc44;1479ed35e8ae606294c066016cd37202697bfeb221a6cfd7bf0743e7598b042d;e984278b8c7ce3c5cfa2477fde9c7731b5f1dbb9e541405f4c4e18a697da68fe;e1bd7408c4c65a3f6d001f7515557b75904676198c86dcb7c81553f1e700c454
bvk2-resolution-uncertainty-table-v1,G/L,58.0,0.36863913642776036,GL_MATCHED_GYR96_LAM40_AUDIT3,fA,fA,0.0010000000000000009,0.0005000000000000004,GYR,LAM,96x96x96,40,gyr_factor3_minus_matched_lam_factor3,matched-spacing direct factor-3 bracket,false,,strict signed endpoint secant,accepted signed-bracket half-width; excludes residual matched-spacing bias,false,0.0018183879695352623,fallback,later uniform audit: target 1e-3; hard maximum 2e-3,current_unified_matched_spacing_contract,boundary_bracket,accepted,results/bvk2_ud_theta_gl_matched_spacing_audit/matched_boundary_promotions.csv,results/bvk2_ud_theta_gl_matched_spacing_audit/matched_boundary_promotions.csv;results/bvk2_ud_theta_gl_matched_spacing_audit/promotion_endpoints/chiN58_lower.csv;results/bvk2_ud_theta_gl_matched_spacing_audit/promotion_endpoints/chiN58_upper.csv;results/bvk2_publication_phase_diagram/accepted_phase_boundaries.csv,df64c1930680d7ff5e8752916fbfd0a1227787cfce7e8d96142d8bee4ad8cc44;b70114f08c319aae2a57c972b2e4e2b57e74b67ab624ab1856d31c24053a55fa;38f383ed490b54570310e85f9ac86d94d628ffb3a25f9162c4f4cf88931c7c29;e1bd7408c4c65a3f6d001f7515557b75904676198c86dcb7c81553f1e700c454
bvk2-resolution-uncertainty-table-v1,G/L,59.0,0.3587038223863515,GL_THETA_GYR112_LAM1024_AUDIT3,fA,fA,0.001,0.0005,GYR,LAM,112x112x112,1024,factor-2 optimization; signed factor-3 audit,direct; no Richardson correction,false,,strict signed endpoint secant,accepted signed-bracket half-width; excludes residual spatial-grid bias,false,0.000586228410670131,target,target 1e-3; accepted fallback through 2e-3,current_direct_contract,boundary_bracket,accepted,results/bvk2_ud_theta_gl_smoothness_audit/chi59_gl_boundary_point.csv,results/bvk2_ud_theta_gl_direct_fine/accepted_boundaries.csv;results/bvk2_ud_theta_gl_smoothness_audit/chi59_gl_boundary_point.csv;results/bvk2_publication_phase_diagram/accepted_phase_boundaries.csv,862afe7e9060fd5ab19b3b17954710af3a2b4c9cf94654bd2c87c36e9a466b7f;f584f6baa00705b4d91a1f56ccab565ffc694fc87a9330fbdaf727b4bf4a331d;e1bd7408c4c65a3f6d001f7515557b75904676198c86dcb7c81553f1e700c454
bvk2-resolution-uncertainty-table-v1,G/L,60.0,0.35668107615397987,GL_THETA_GYR112_LAM1024_AUDIT3,fA,fA,0.0010000000000000009,0.0005000000000000004,GYR,LAM,112x112x112,1024,factor-2 optimization; signed factor-3 audit,direct; no Richardson correction,false,,strict signed endpoint secant,accepted signed-bracket half-width; excludes residual spatial-grid bias,false,0.0014821460453089408,fallback,target 1e-3; accepted fallback through 2e-3,current_direct_contract,boundary_bracket,accepted,results/bvk2_ud_theta_gl_direct_fine/chi60_signed_reroot/boundary_point.csv,results/bvk2_ud_theta_gl_direct_fine/accepted_boundaries.csv;results/bvk2_ud_theta_gl_direct_fine/chi60_signed_reroot/boundary_point.csv;results/bvk2_publication_phase_diagram/accepted_phase_boundaries.csv,862afe7e9060fd5ab19b3b17954710af3a2b4c9cf94654bd2c87c36e9a466b7f;ffac559696ac0ba225a19d4a6af7f1962329a08ebbe224bc02037f29a73e4e52;e1bd7408c4c65a3f6d001f7515557b75904676198c86dcb7c81553f1e700c454
bvk2-resolution-uncertainty-table-v1,S/C,10.757187499999999,0.45,SC_FIXED_FA_BCC48_CYL48x84,chiN,chiN,0.015000000000000568,0.007500000000000284,BCC,CYL,48x48x48,48x84,signed BCC-CYL free-energy bracket,direct grid; no fine-grid correction,false,,signed endpoint root at fixed fA,accepted signed-bracket half-width; excludes spatial-grid bias,false,,not_tabulated,phase-specific campaign gate; no uniform recertification,legacy_phase_specific_acceptance_not_uniformly_recertified,boundary_bracket,accepted,results/bvk2_sc_fixed_fa_chi_continuation/refinement/fA0p450000_scft1/points/S_C_target_fA0p450000.csv,results/bvk2_sc_fixed_fa_chi_continuation/refinement/fA0p450000_scft1/points/S_C_target_fA0p450000.csv;results/bvk2_publication_phase_diagram/accepted_phase_boundaries.csv,9b4a8099c5f8591bc852a3c5920bee0dcc1d06049359e7284d9da89449272f10;e1bd7408c4c65a3f6d001f7515557b75904676198c86dcb7c81553f1e700c454
bvk2-resolution-uncertainty-table-v1,S/C,10.8575,0.44,SC_FIXED_FA_BCC48_CYL48x84,chiN,chiN,0.015000000000000568,0.007500000000000284,BCC,CYL,48x48x48,48x84,signed BCC-CYL free-energy bracket,direct grid; no fine-grid correction,false,,signed endpoint root at fixed fA,accepted signed-bracket half-width; excludes spatial-grid bias,false,,not_tabulated,phase-specific campaign gate; no uniform recertification,legacy_phase_specific_acceptance_not_uniformly_recertified,boundary_bracket,accepted,results/bvk2_sc_fixed_fa_chi_continuation/refinement/fA0p440000_scft1/points/S_C_target_fA0p440000.csv,results/bvk2_sc_fixed_fa_chi_continuation/refinement/fA0p440000_scft1/points/S_C_target_fA0p440000.csv;results/bvk2_publication_phase_diagram/accepted_phase_boundaries.csv,45ed62c8a735f0237a31780dedf048a78dd592efbd3284deff1852e0b69e49b0;e1bd7408c4c65a3f6d001f7515557b75904676198c86dcb7c81553f1e700c454
bvk2-resolution-uncertainty-table-v1,S/C,10.9746875,0.43,SC_FIXED_FA_BCC48_CYL48x84,chiN,chiN,0.015000000000000568,0.007500000000000284,BCC,CYL,48x48x48,48x84,signed BCC-CYL free-energy bracket,direct grid; no fine-grid correction,false,,signed endpoint root at fixed fA,accepted signed-bracket half-width; excludes spatial-grid bias,false,,not_tabulated,phase-specific campaign gate; no uniform recertification,legacy_phase_specific_acceptance_not_uniformly_recertified,boundary_bracket,accepted,results/bvk2_sc_fixed_fa_chi_continuation/refinement/fA0p430000_scft1/points/S_C_target_fA0p430000.csv,results/bvk2_sc_fixed_fa_chi_continuation/refinement/fA0p430000_scft1/points/S_C_target_fA0p430000.csv;results/bvk2_publication_phase_diagram/accepted_phase_boundaries.csv,5f29a50d31ac6e90f281c978971162709aba9a4b4f199414983709fb2587495d;e1bd7408c4c65a3f6d001f7515557b75904676198c86dcb7c81553f1e700c454
bvk2-resolution-uncertainty-table-v1,S/C,11.1,0.42,SC_FIXED_FA_BCC48_CYL48x84,chiN,chiN,0.025000000000000355,0.012500000000000178,BCC,CYL,48x48x48,48x84,signed BCC-CYL free-energy bracket,direct grid; no fine-grid correction,false,,signed endpoint root at fixed fA,accepted signed-bracket half-width; excludes spatial-grid bias,false,,not_tabulated,phase-specific campaign gate; no uniform recertification,legacy_phase_specific_acceptance_not_uniformly_recertified,boundary_bracket,accepted,results/bvk2_sc_fixed_fa_chi_continuation/refinement/fA0p420000_local3/points/S_C_target_fA0p420000.csv,results/bvk2_sc_fixed_fa_chi_continuation/refinement/fA0p420000_local3/points/S_C_target_fA0p420000.csv;results/bvk2_publication_phase_diagram/accepted_phase_boundaries.csv,e893851b12846c17d5286ab7ad5c09a11215a0a195f6c5313cccad99c3f85844;e1bd7408c4c65a3f6d001f7515557b75904676198c86dcb7c81553f1e700c454
bvk2-resolution-uncertainty-table-v1,S/C,11.267303167342499,0.41,SC_FIXED_FA_BCC48_CYL48x84,chiN,chiN,0.04519683265750096,0.02259841632875048,BCC,CYL,48x48x48,48x84,signed BCC-CYL free-energy bracket,direct grid; no fine-grid correction,false,,signed endpoint root at fixed fA,accepted signed-bracket half-width; excludes spatial-grid bias,false,,not_tabulated,phase-specific campaign gate; no uniform recertification,legacy_phase_specific_acceptance_not_uniformly_recertified,boundary_bracket,accepted,results/bvk2_sc_fixed_fa_chi_continuation/points/S_C_target_fA0p410000.csv,results/bvk2_sc_fixed_fa_chi_continuation/points/S_C_target_fA0p410000.csv;results/bvk2_publication_phase_diagram/accepted_phase_boundaries.csv,eb0bc151465309ed0d3d877dbe50dae77f4f36c3bf2c62d97e58db9f9252ff0b;e1bd7408c4c65a3f6d001f7515557b75904676198c86dcb7c81553f1e700c454
bvk2-resolution-uncertainty-table-v1,S/C,11.45,0.4,SC_FIXED_FA_BCC48_CYL48x84,chiN,chiN,0.025000000000000355,0.012500000000000178,BCC,CYL,48x48x48,48x84,signed BCC-CYL free-energy bracket,direct grid; no fine-grid correction,false,,signed endpoint root at fixed fA,accepted signed-bracket half-width; excludes spatial-grid bias,false,,not_tabulated,phase-specific campaign gate; no uniform recertification,legacy_phase_specific_acceptance_not_uniformly_recertified,boundary_bracket,accepted,results/bvk2_sc_fixed_fa_chi_continuation/refinement/fA0p400000_local3/points/S_C_target_fA0p400000.csv,results/bvk2_sc_fixed_fa_chi_continuation/refinement/fA0p400000_local3/points/S_C_target_fA0p400000.csv;results/bvk2_publication_phase_diagram/accepted_phase_boundaries.csv,023601cd13773d83697b941173e521317026aa0d1a95b8dc84d40a5cdc162bbb;e1bd7408c4c65a3f6d001f7515557b75904676198c86dcb7c81553f1e700c454
bvk2-resolution-uncertainty-table-v1,S/C,12.0,0.37611317023429763,SC_RICHARDSON_48x48x48_TO_64x64x64_48x84_TO_128x224,fA,fA,0.0007979048267002242,0.0003989524133501121,BCC,CYL,48x48x48 -> 64x64x64,48x84 -> 128x224,continuum estimate E=E_inf-C*dx^2,second-order Richardson on both phases,true,0.0001587842761947722,corrected coordinate from legacy raw bracket,stored raw-bracket half-width only; Richardson-model uncertainty is not quantified,false,,not_tabulated,legacy campaign gate; no unified recertification,resolution_shift_within_stored_half_width_but_total_bound_missing,boundary_bracket,accepted,results/bvk2_gc_gl_boundary_campaign,results/bvk2_gc_gl_boundary_campaign/points/S_C_target_chiN12p000000.csv;results/bvk2_richardson_correction/zz_resolved_S_C12/corrected_roots.csv;results/bvk2_publication_phase_diagram/boundary_diagnostics.csv;results/bvk2_publication_phase_diagram/accepted_phase_boundaries.csv,d181f953e4f7d156c34372d0e600f8d00525438dd62459bc8fcb51909275c3b3;b122a6ad8851f15e73c1a2c5e3e008b71be65b2d16ade8a39b47d69b1cf55544;e97bb35670cf405ece4106ecb721854a11f383bf395901857d9f1d120edd3c86;e1bd7408c4c65a3f6d001f7515557b75904676198c86dcb7c81553f1e700c454
bvk2-resolution-uncertainty-table-v1,S/C,13.0,0.3449701103958254,SC_RICHARDSON_48x48x48_TO_64x64x64_48x84_TO_128x224,fA,fA,0.001129343848607578,0.000564671924303789,BCC,CYL,48x48x48 -> 64x64x64,48x84 -> 128x224,continuum estimate E=E_inf-C*dx^2,second-order Richardson on both phases,true,8.095780987328202e-05,corrected coordinate from legacy raw bracket,stored raw-bracket half-width only; Richardson-model uncertainty is not quantified,false,,not_tabulated,legacy campaign gate; no unified recertification,resolution_shift_within_stored_half_width_but_total_bound_missing,boundary_bracket,accepted,results/bvk2_gc_gl_boundary_campaign,results/bvk2_gc_gl_boundary_campaign/points/S_C_target_chiN13p000000.csv;results/bvk2_richardson_correction/zz_resolved_S_C13/corrected_roots.csv;results/bvk2_publication_phase_diagram/boundary_diagnostics.csv;results/bvk2_publication_phase_diagram/accepted_phase_boundaries.csv,79c613434f738054adf9668056309860f4d2f60698979604001f13ca20a88b16;ad76efa322b9f9e0bea04f710262be2b1b252fd13511149dd4b76b10b0f1bfb5;e97bb35670cf405ece4106ecb721854a11f383bf395901857d9f1d120edd3c86;e1bd7408c4c65a3f6d001f7515557b75904676198c86dcb7c81553f1e700c454
bvk2-resolution-uncertainty-table-v1,S/C,14.0,0.322268128049595,SC_RICHARDSON_48x48x48_TO_64x64x64_48x84_TO_128x224,fA,fA,0.0010988438945301882,0.0005494219472650941,BCC,CYL,48x48x48 -> 64x64x64,48x84 -> 128x224,continuum estimate E=E_inf-C*dx^2,second-order Richardson on both phases,true,2.5677335893482196e-05,corrected coordinate from legacy raw bracket,stored raw-bracket half-width only; Richardson-model uncertainty is not quantified,false,,not_tabulated,legacy campaign gate; no unified recertification,resolution_shift_within_stored_half_width_but_total_bound_missing,boundary_bracket,accepted,results/bvk2_gc_gl_boundary_campaign,results/bvk2_gc_gl_boundary_campaign/points/S_C_target_chiN14p000000.csv;results/bvk2_richardson_correction/zz_resolved_S_C14/corrected_roots.csv;results/bvk2_publication_phase_diagram/boundary_diagnostics.csv;results/bvk2_publication_phase_diagram/accepted_phase_boundaries.csv,da23899a462a248d121c254b0b37fca44fc913e3d49a5d4ee58ac75b7c620976;c24e392a7b24c9faf3bc1e6d37a7f45c50057865d48990bd17cfe8e5970a21e2;e97bb35670cf405ece4106ecb721854a11f383bf395901857d9f1d120edd3c86;e1bd7408c4c65a3f6d001f7515557b75904676198c86dcb7c81553f1e700c454
bvk2-resolution-uncertainty-table-v1,S/C,15.0,0.3045143468186049,SC_RICHARDSON_48x48x48_TO_64x64x64_48x84_TO_128x224,fA,fA,0.0016657879378443319,0.0008328939689221659,BCC,CYL,48x48x48 -> 64x64x64,48x84 -> 128x224,continuum estimate E=E_inf-C*dx^2,second-order Richardson on both phases,true,-2.0402114691256786e-05,corrected coordinate from legacy raw bracket,stored raw-bracket half-width only; Richardson-model uncertainty is not quantified,false,,not_tabulated,legacy campaign gate; no unified recertification,resolution_shift_within_stored_half_width_but_total_bound_missing,boundary_bracket,accepted,results/bvk2_gc_gl_boundary_campaign,results/bvk2_gc_gl_boundary_campaign/points/S_C_target_chiN15p000000.csv;results/bvk2_richardson_correction/zz_resolved_S_C15/corrected_roots.csv;results/bvk2_publication_phase_diagram/boundary_diagnostics.csv;results/bvk2_publication_phase_diagram/accepted_phase_boundaries.csv,7eea315a4351a350f1148595f835712b3eea8006da6dbf28a053e876056cb5b5;8da428f39411bf561549b5de000848ee6330ab52f30eef5c99c6c4a69c1c7f3d;e97bb35670cf405ece4106ecb721854a11f383bf395901857d9f1d120edd3c86;e1bd7408c4c65a3f6d001f7515557b75904676198c86dcb7c81553f1e700c454
bvk2-resolution-uncertainty-table-v1,S/C,16.0,0.2902070187762115,SC_RICHARDSON_48x48x48_TO_64x64x64_48x84_TO_128x224,fA,fA,0.001464427108850419,0.0007322135544252095,BCC,CYL,48x48x48 -> 64x64x64,48x84 -> 128x224,continuum estimate E=E_inf-C*dx^2,second-order Richardson on both phases,true,-6.440773404875423e-05,corrected coordinate from legacy raw bracket,stored raw-bracket half-width only; Richardson-model uncertainty is not quantified,false,,not_tabulated,legacy campaign gate; no unified recertification,resolution_shift_within_stored_half_width_but_total_bound_missing,boundary_bracket,accepted,results/bvk2_gc_gl_boundary_campaign,results/bvk2_gc_gl_boundary_campaign/points/S_C_target_chiN16p000000.csv;results/bvk2_richardson_correction/zz_resolved_S_C16/corrected_roots.csv;results/bvk2_publication_phase_diagram/boundary_diagnostics.csv;results/bvk2_publication_phase_diagram/accepted_phase_boundaries.csv,e3330cfae86c9070bfa8b12c2a1488b538820b6cafe9cf723ffff2d7baad0a2b;94f0183d0b09cfbd1f65ebced7f5485bebd908496ccb702caeccf1dd5fed537c;e97bb35670cf405ece4106ecb721854a11f383bf395901857d9f1d120edd3c86;e1bd7408c4c65a3f6d001f7515557b75904676198c86dcb7c81553f1e700c454
bvk2-resolution-uncertainty-table-v1,S/C,18.0,0.2662779711148658,SC_RICHARDSON_48x48x48_TO_64x64x64_48x84_TO_128x224,fA,fA,0.0017584710712106877,0.0008792355356053438,BCC,CYL,48x48x48 -> 64x64x64,48x84 -> 128x224,continuum estimate E=E_inf-C*dx^2,second-order Richardson on both phases,true,-0.002135234673634179,corrected coordinate from legacy raw bracket,stored raw-bracket half-width only; Richardson-model uncertainty is not quantified,false,,not_tabulated,legacy campaign gate; no unified recertification,resolution_shift_exceeds_stored_half_width,boundary_bracket,accepted,results/bvk2_gc_gl_boundary_campaign,results/bvk2_gc_gl_boundary_campaign/points/S_C_target_chiN18p000000.csv;results/bvk2_richardson_correction/zz_resolved_S_C18/corrected_roots.csv;results/bvk2_publication_phase_diagram/boundary_diagnostics.csv;results/bvk2_publication_phase_diagram/accepted_phase_boundaries.csv,fc3b5aaa3ef749105136ce479c4e5c859c6c577de83be5061c936d59319c117c;820d49c79df3b37f1a470909e18c346fa397cd3e5c2dea2cccc9ea2c5ca9f9d0;e97bb35670cf405ece4106ecb721854a11f383bf395901857d9f1d120edd3c86;e1bd7408c4c65a3f6d001f7515557b75904676198c86dcb7c81553f1e700c454
bvk2-resolution-uncertainty-table-v1,S/C,20.0,0.2499985574500409,SC_RICHARDSON_48x48x48_TO_64x64x64_48x84_TO_128x224,fA,fA,0.0016238891054614624,0.0008119445527307312,BCC,CYL,48x48x48 -> 64x64x64,48x84 -> 128x224,continuum estimate E=E_inf-C*dx^2,second-order Richardson on both phases,true,-0.0021296158095176396,corrected coordinate from legacy raw bracket,stored raw-bracket half-width only; Richardson-model uncertainty is not quantified,false,,not_tabulated,legacy campaign gate; no unified recertification,resolution_shift_exceeds_stored_half_width,boundary_bracket,accepted,results/bvk2_gc_gl_boundary_campaign,results/bvk2_gc_gl_boundary_campaign/points/S_C_target_chiN20p000000.csv;results/bvk2_richardson_correction/zz_resolved_S_C20/corrected_roots.csv;results/bvk2_publication_phase_diagram/boundary_diagnostics.csv;results/bvk2_publication_phase_diagram/accepted_phase_boundaries.csv,6eb2dbb5130a9222fa0137b49f656b7dbb793b7cdb79d2776a0034843db5cf3e;d9cdd39b0cca2027f0953ca1f1692fb46eddab6684ffc0561949c5332224cc17;e97bb35670cf405ece4106ecb721854a11f383bf395901857d9f1d120edd3c86;e1bd7408c4c65a3f6d001f7515557b75904676198c86dcb7c81553f1e700c454
bvk2-resolution-uncertainty-table-v1,S/C,22.0,0.23905155855162213,SC_RICHARDSON_48x48x48_TO_64x64x64_48x84_TO_128x224,fA,fA,0.0019202696857490709,0.0009601348428745354,BCC,CYL,48x48x48 -> 64x64x64,48x84 -> 128x224,continuum estimate E=E_inf-C*dx^2,second-order Richardson on both phases,true,-0.0019728348913769143,corrected coordinate from legacy raw bracket,stored raw-bracket half-width only; Richardson-model uncertainty is not quantified,false,,not_tabulated,legacy campaign gate; no unified recertification,resolution_shift_exceeds_stored_half_width,boundary_bracket,accepted,results/bvk2_gc_gl_boundary_campaign,results/bvk2_gc_gl_boundary_campaign/points/S_C_target_chiN22p000000.csv;results/bvk2_richardson_correction/zz_resolved_S_C22/corrected_roots.csv;results/bvk2_publication_phase_diagram/boundary_diagnostics.csv;results/bvk2_publication_phase_diagram/accepted_phase_boundaries.csv,5482e2b73956d69f34e2aa36929518b0c9d51bc4881ebd48538790ad94419356;d3d19562b76eeca9ed7e48b28280142fb1e96104b44d891e867e02451d805faf;e97bb35670cf405ece4106ecb721854a11f383bf395901857d9f1d120edd3c86;e1bd7408c4c65a3f6d001f7515557b75904676198c86dcb7c81553f1e700c454
bvk2-resolution-uncertainty-table-v1,S/C,25.0,0.22629380210969618,SC_RICHARDSON_48x48x48_TO_64x64x64_48x84_TO_128x224,fA,fA,0.0018749999999999878,0.0009374999999999939,BCC,CYL,48x48x48 -> 64x64x64,48x84 -> 128x224,continuum estimate E=E_inf-C*dx^2,second-order Richardson on both phases,true,-0.002160363451692217,corrected coordinate from legacy raw bracket,stored raw-bracket half-width only; Richardson-model uncertainty is not quantified,false,,not_tabulated,legacy campaign gate; no unified recertification,resolution_shift_exceeds_stored_half_width,boundary_bracket,accepted,results/bvk2_gc_gl_boundary_campaign,results/bvk2_gc_gl_boundary_campaign/points/S_C_target_chiN25p000000.csv;results/bvk2_richardson_correction/zz_resolved_S_C25/corrected_roots.csv;results/bvk2_publication_phase_diagram/boundary_diagnostics.csv;results/bvk2_publication_phase_diagram/accepted_phase_boundaries.csv,7d7dc29e0d514330af963a78cd05dd3004dd9c4e23e64a04a3b92ba7955fadfb;c9388bd88af2cff2dc6fe7c6a4f3f5a20c7f38b41998719c1e310e6bd25799ed;e97bb35670cf405ece4106ecb721854a11f383bf395901857d9f1d120edd3c86;e1bd7408c4c65a3f6d001f7515557b75904676198c86dcb7c81553f1e700c454
bvk2-resolution-uncertainty-table-v1,S/C,30.0,0.21486685540147166,SC_RICHARDSON_48x48x48_TO_64x64x64_48x84_TO_128x224,fA,fA,0.0015755271122603054,0.0007877635561301527,BCC,CYL,48x48x48 -> 64x64x64,48x84 -> 128x224,continuum estimate E=E_inf-C*dx^2,second-order Richardson on both phases,true,-0.002430734102066648,corrected coordinate from legacy raw bracket,stored raw-bracket half-width only; Richardson-model uncertainty is not quantified,false,,not_tabulated,legacy campaign gate; no unified recertification,resolution_shift_exceeds_stored_half_width,boundary_bracket,accepted,results/bvk2_gc_gl_boundary_campaign,results/bvk2_gc_gl_boundary_campaign/points/S_C_target_chiN30p000000.csv;results/bvk2_richardson_correction/zz_resolved_S_C30/corrected_roots.csv;results/bvk2_publication_phase_diagram/boundary_diagnostics.csv;results/bvk2_publication_phase_diagram/accepted_phase_boundaries.csv,fdce85503c783a56ccb11cb03094ec9523c3e7f2b1bdc109c5b707315822f813;4c077348640b7f6c75cae17dbd2e54a7b92bd3711f3b47607d5f1af31eec40ab;e97bb35670cf405ece4106ecb721854a11f383bf395901857d9f1d120edd3c86;e1bd7408c4c65a3f6d001f7515557b75904676198c86dcb7c81553f1e700c454
bvk2-resolution-uncertainty-table-v1,S/C,35.0,0.2105879469882431,SC_RICHARDSON_48x48x48_TO_128x128x128_48x84_TO_128x224,fA,fA,0.0016427746360215545,0.0008213873180107772,BCC,CYL,48x48x48 -> 128x128x128,48x84 -> 128x224,continuum estimate E=E_inf-C*dx^2,second-order Richardson on both phases,true,-0.001855174906486296,corrected coordinate from legacy raw bracket,stored raw-bracket half-width only; Richardson-model uncertainty is not quantified,false,,not_tabulated,legacy campaign gate; no unified recertification,resolution_shift_exceeds_stored_half_width,boundary_bracket,accepted,results/bvk2_gc_gl_boundary_campaign,results/bvk2_gc_gl_boundary_campaign/points/S_C_target_chiN35p000000.csv;results/bvk2_richardson_correction/zz_resolved_S_C35/corrected_roots.csv;results/bvk2_publication_phase_diagram/boundary_diagnostics.csv;results/bvk2_publication_phase_diagram/accepted_phase_boundaries.csv,05e77c1197c7e6eaa3a2f3ca287840793347372a97698ac5916f9c6c3ee25a66;09d9ba5195a8537a5f3af9c944ed11313ece2a9f5f606e7eb6fc28cef88f7caf;e97bb35670cf405ece4106ecb721854a11f383bf395901857d9f1d120edd3c86;e1bd7408c4c65a3f6d001f7515557b75904676198c86dcb7c81553f1e700c454
bvk2-resolution-uncertainty-table-v1,S/C,40.0,0.20830419495407895,SC_THETA_BCC48_CYL48x84_AUDIT4,fA,fA,0.001,0.0005,BCC,CYL,48x48x48,48x84,factor-3 optimization; signed factor-4 audit,direct; no Richardson correction,false,,strict signed endpoint secant,accepted signed-bracket half-width; excludes spatial-grid bias,false,0.004348000775290739,above_current_maximum,current target 1e-3; hard maximum 2e-3,legacy_accepted_endpoint_exceeds_current_stress_maximum,boundary_bracket,accepted,results/bvk2_ud_theta_sc_highchi/chi40/boundary_point.csv,results/bvk2_ud_theta_sc_highchi/accepted_boundaries.csv;results/bvk2_ud_theta_sc_highchi/chi40/boundary_point.csv;results/bvk2_ud_theta_sc_highchi/chi40/endpoint_energies.csv;results/bvk2_publication_phase_diagram/accepted_phase_boundaries.csv,4fbafb08a4ddbc1545a9db293f2a18bcf9fd12649a7c1756f8ab77dec57fe6c5;0dacaf2c703edcc191039f6497fafdc0d45edba0cff7c871fc7b0edd887f1119;b17156acd3784ad720e42ba664f5ce0fb6f06f85d50c97ecce31caccee6a024c;e1bd7408c4c65a3f6d001f7515557b75904676198c86dcb7c81553f1e700c454
bvk2-resolution-uncertainty-table-v1,S/C,45.0,0.20770580529200713,SC_THETA_BCC48_CYL48x84_AUDIT4,fA,fA,0.001,0.0005,BCC,CYL,48x48x48,48x84,factor-3 optimization; signed factor-4 audit,direct; no Richardson correction,false,,strict signed endpoint secant,accepted signed-bracket half-width; excludes spatial-grid bias,false,0.0032732894707727667,above_current_maximum,current target 1e-3; hard maximum 2e-3,legacy_accepted_endpoint_exceeds_current_stress_maximum,boundary_bracket,accepted,results/bvk2_ud_theta_sc_highchi/chi45/boundary_point.csv,results/bvk2_ud_theta_sc_highchi/accepted_boundaries.csv;results/bvk2_ud_theta_sc_highchi/chi45/boundary_point.csv;results/bvk2_ud_theta_sc_highchi/chi45/endpoint_energies.csv;results/bvk2_publication_phase_diagram/accepted_phase_boundaries.csv,4fbafb08a4ddbc1545a9db293f2a18bcf9fd12649a7c1756f8ab77dec57fe6c5;051950af071af0cb491667449df13c011b9ef7df801bcf72e5df281241718ecd;24e3aad68b5b2c9d569eb9cd3c9366a51c16bc50a1503c8e29e1672129a845a0;e1bd7408c4c65a3f6d001f7515557b75904676198c86dcb7c81553f1e700c454
bvk2-resolution-uncertainty-table-v1,S/C,47.5,0.207827654974695,SC_THETA_BCC48_CYL48x84_AUDIT4,fA,fA,0.001,0.0005,BCC,CYL,48x48x48,48x84,factor-3 optimization; signed factor-4 audit,direct; no Richardson correction,false,,strict signed endpoint secant,accepted signed-bracket half-width; excludes spatial-grid bias,false,0.000530956972860874,target,current target 1e-3; hard maximum 2e-3,direct_root_current_stress_gate_pass,boundary_bracket,accepted,results/bvk2_ud_theta_sc_highchi/chi47p5/boundary_point.csv,results/bvk2_ud_theta_sc_highchi/accepted_boundaries.csv;results/bvk2_ud_theta_sc_highchi/chi47p5/boundary_point.csv;results/bvk2_ud_theta_sc_highchi/chi47p5/endpoint_energies.csv;results/bvk2_publication_phase_diagram/accepted_phase_boundaries.csv,4fbafb08a4ddbc1545a9db293f2a18bcf9fd12649a7c1756f8ab77dec57fe6c5;006524cf943cbddf1586273a49c9457d2b06a0bedf03c9fe5ff2c012f290514d;52972b225555a16e2301d07bc8a32959ae25317137eb08933b0038f9a0ea22f4;e1bd7408c4c65a3f6d001f7515557b75904676198c86dcb7c81553f1e700c454
bvk2-resolution-uncertainty-table-v1,S/C,48.0,0.207824845960239,SC_THETA_BCC48_CYL48x84_AUDIT4,fA,fA,0.001,0.0005,BCC,CYL,48x48x48,48x84,factor-3 optimization; signed factor-4 audit,direct; no Richardson correction,false,,strict signed endpoint secant,accepted signed-bracket half-width; excludes spatial-grid bias,false,0.00103326471778598,fallback,current target 1e-3; hard maximum 2e-3,direct_root_current_stress_gate_pass,boundary_bracket,accepted,results/bvk2_ud_theta_sc_highchi/chi48/boundary_point.csv,results/bvk2_ud_theta_sc_highchi/accepted_boundaries.csv;results/bvk2_ud_theta_sc_highchi/chi48/boundary_point.csv;results/bvk2_ud_theta_sc_highchi/chi48/endpoint_energies.csv;results/bvk2_publication_phase_diagram/accepted_phase_boundaries.csv,4fbafb08a4ddbc1545a9db293f2a18bcf9fd12649a7c1756f8ab77dec57fe6c5;5c69ba2ec76489fa7bc4148e615405e83bf78297d88d14a4c55b8009db791f82;13ec006f16cf89b04b2c2daf9894c4c47dc09ebab9c79282d97b141ecefaa7af;e1bd7408c4c65a3f6d001f7515557b75904676198c86dcb7c81553f1e700c454
bvk2-resolution-uncertainty-table-v1,S/C,49.0,0.207628628425548,SC_THETA_BCC48_CYL48x84_AUDIT4,fA,fA,0.001,0.0005,BCC,CYL,48x48x48,48x84,factor-3 optimization; signed factor-4 audit,direct; no Richardson correction,false,,strict signed endpoint secant,accepted signed-bracket half-width; excludes spatial-grid bias,false,0.00217469941297122,above_current_maximum,current target 1e-3; hard maximum 2e-3,legacy_accepted_endpoint_exceeds_current_stress_maximum,boundary_bracket,accepted,results/bvk2_ud_theta_sc_highchi/chi49/boundary_point.csv,results/bvk2_ud_theta_sc_highchi/accepted_boundaries.csv;results/bvk2_ud_theta_sc_highchi/chi49/boundary_point.csv;results/bvk2_ud_theta_sc_highchi/chi49/endpoint_energies.csv;results/bvk2_publication_phase_diagram/accepted_phase_boundaries.csv,4fbafb08a4ddbc1545a9db293f2a18bcf9fd12649a7c1756f8ab77dec57fe6c5;a94dcd4228484f89376fceb1453d31c211402435d586120e998ce27316175131;a746999b53bd178b88c4ad759f002e494d904b7aebc1916736472e2a823bb0db;e1bd7408c4c65a3f6d001f7515557b75904676198c86dcb7c81553f1e700c454
bvk2-resolution-uncertainty-table-v1,S/C,50.0,0.207268710703474,SC_THETA_BCC48_CYL48x84_AUDIT4,fA,fA,0.001,0.0005,BCC,CYL,48x48x48,48x84,factor-3 optimization; signed factor-4 audit,direct; no Richardson correction,false,,strict signed endpoint secant,accepted signed-bracket half-width; excludes spatial-grid bias,false,0.00151387948267567,fallback,current target 1e-3; hard maximum 2e-3,direct_root_current_stress_gate_pass,boundary_bracket,accepted,results/bvk2_ud_theta_sc_highchi/chi50/boundary_point.csv,results/bvk2_ud_theta_sc_highchi/accepted_boundaries.csv;results/bvk2_ud_theta_sc_highchi/chi50/boundary_point.csv;results/bvk2_ud_theta_sc_highchi/chi50/endpoint_energies.csv;results/bvk2_publication_phase_diagram/accepted_phase_boundaries.csv,4fbafb08a4ddbc1545a9db293f2a18bcf9fd12649a7c1756f8ab77dec57fe6c5;017765349c88f859c523f305184f789442df81fdb442f3bf644e42cf85f11725;da7521e6f11155961093ddb9e583703d4eb3b8ab2b6bd635840fe0d93dbceb5f;e1bd7408c4c65a3f6d001f7515557b75904676198c86dcb7c81553f1e700c454
bvk2-resolution-uncertainty-table-v1,S/C,52.0,0.2063873148298,SC_THETA_BCC48_CYL48x84_AUDIT4,fA,fA,0.001,0.0005,BCC,CYL,48x48x48,48x84,factor-3 optimization; signed factor-4 audit,direct; no Richardson correction,false,,strict signed endpoint secant,accepted signed-bracket half-width; excludes spatial-grid bias,false,0.007803591959955725,above_current_maximum,current target 1e-3; hard maximum 2e-3,legacy_accepted_endpoint_exceeds_current_stress_maximum,boundary_bracket,accepted,results/bvk2_ud_theta_sc_highchi/chi52/boundary_point.csv,results/bvk2_ud_theta_sc_highchi/accepted_boundaries.csv;results/bvk2_ud_theta_sc_highchi/chi52/boundary_point.csv;results/bvk2_ud_theta_sc_highchi/chi52/endpoint_energies.csv;results/bvk2_publication_phase_diagram/accepted_phase_boundaries.csv,4fbafb08a4ddbc1545a9db293f2a18bcf9fd12649a7c1756f8ab77dec57fe6c5;ddf3341c4b2d0e273f41230fea685cac5c2b20086485771b354f3919eb24cf72;71313bef2c5dc65231f91623b9a83af1eee42651f042360280a986d4d902fe0c;e1bd7408c4c65a3f6d001f7515557b75904676198c86dcb7c81553f1e700c454
bvk2-resolution-uncertainty-table-v1,S/C,55.0,0.204355154271983,SC_THETA_BCC48_CYL48x84_AUDIT4,fA,fA,0.001,0.0005,BCC,CYL,48x48x48,48x84,factor-3 optimization; signed factor-4 audit,direct; no Richardson correction,false,,strict signed endpoint secant,accepted signed-bracket half-width; excludes spatial-grid bias,false,0.004524651853791806,above_current_maximum,current target 1e-3; hard maximum 2e-3,legacy_accepted_endpoint_exceeds_current_stress_maximum,boundary_bracket,accepted,results/bvk2_ud_theta_sc_highchi/chi55/boundary_point.csv,results/bvk2_ud_theta_sc_highchi/accepted_boundaries.csv;results/bvk2_ud_theta_sc_highchi/chi55/boundary_point.csv;results/bvk2_ud_theta_sc_highchi/chi55/endpoint_energies.csv;results/bvk2_publication_phase_diagram/accepted_phase_boundaries.csv,4fbafb08a4ddbc1545a9db293f2a18bcf9fd12649a7c1756f8ab77dec57fe6c5;7c19226b74eaf2d4b6b9411cd28b26f7e4d7a9764bafd4371e065f91b94c0466;a08ddbc3f7b2ee0120a9ea6fd013692596b86ff9f2bdd820a7dde748f696f620;e1bd7408c4c65a3f6d001f7515557b75904676198c86dcb7c81553f1e700c454
bvk2-resolution-uncertainty-table-v1,S/C,58.0,0.202213929337916,SC_THETA_BCC48_CYL48x84_AUDIT4,fA,fA,0.001,0.0005,BCC,CYL,48x48x48,48x84,factor-3 optimization; signed factor-4 audit,direct; no Richardson correction,false,,strict signed endpoint secant,accepted signed-bracket half-width; excludes spatial-grid bias,false,0.00660824922893033,above_current_maximum,current target 1e-3; hard maximum 2e-3,legacy_accepted_endpoint_exceeds_current_stress_maximum,boundary_bracket,accepted,results/bvk2_ud_theta_sc_highchi/chi58/boundary_point.csv,results/bvk2_ud_theta_sc_highchi/accepted_boundaries.csv;results/bvk2_ud_theta_sc_highchi/chi58/boundary_point.csv;results/bvk2_ud_theta_sc_highchi/chi58/endpoint_energies.csv;results/bvk2_publication_phase_diagram/accepted_phase_boundaries.csv,4fbafb08a4ddbc1545a9db293f2a18bcf9fd12649a7c1756f8ab77dec57fe6c5;9f466513190836496b0cf24c674e583e23f9d3e8f4c25434335651e1dd205fb1;f10027d87d09c1dfe2da6045a844ff2e8ed2f44bd6eec3dcaf53a33328692432;e1bd7408c4c65a3f6d001f7515557b75904676198c86dcb7c81553f1e700c454
bvk2-resolution-uncertainty-table-v1,S/C,60.0,0.200837836320967,SC_THETA_BCC48_CYL48x84_AUDIT4,fA,fA,0.001,0.0005,BCC,CYL,48x48x48,48x84,factor-3 optimization; signed factor-4 audit,direct; no Richardson correction,false,,strict signed endpoint secant,accepted signed-bracket half-width; excludes spatial-grid bias,false,0.007191245903646948,above_current_maximum,current target 1e-3; hard maximum 2e-3,legacy_accepted_endpoint_exceeds_current_stress_maximum,boundary_bracket,accepted,results/bvk2_ud_theta_sc_highchi/chi60/boundary_point.csv,results/bvk2_ud_theta_sc_highchi/accepted_boundaries.csv;results/bvk2_ud_theta_sc_highchi/chi60/boundary_point.csv;results/bvk2_ud_theta_sc_highchi/chi60/endpoint_energies.csv;results/bvk2_publication_phase_diagram/accepted_phase_boundaries.csv,4fbafb08a4ddbc1545a9db293f2a18bcf9fd12649a7c1756f8ab77dec57fe6c5;a31f44db3600ea1584e83dbabac467c2e874e5dad432e499be4616b964b04786;cab7b55c171d7e9382f46510ba281c593db731d344a25d7c65e4b80f5182729b;e1bd7408c4c65a3f6d001f7515557b75904676198c86dcb7c81553f1e700c454
bvk2-resolution-uncertainty-table-v1,S/DIS,10.5828125,0.49,SDIS_BCC48_ROOT_CHIN_REFINED,chiN,chiN,0.007500000000000284,0.003750000000000142,BCC,DIS,48x48x48,analytic homogeneous,direct BCC excess energy; F_DIS=0 analytic,direct grid; no fine-grid correction,false,,ordered-branch survival midpoint,predicate-bracket coordinate half-width; excludes BCC grid bias,false,,not_tabulated,stress-oriented interior cell root; family observed |stress| <= 2.80e-6,accepted_survival_root_resolution_bias_unquantified,boundary_bracket,accepted,results/bvk2_sdis_fixed_fa_chi_refinement,results/bvk2_sdis_fixed_fa_chi_refinement/points/S_DIS_target_fA0p490000.csv;results/bvk2_publication_phase_diagram/accepted_phase_boundaries.csv,634e50df4518e942d6f6735adb5cc8a6e30d351e190635a5e8dc1d3bb474ccf4;e1bd7408c4c65a3f6d001f7515557b75904676198c86dcb7c81553f1e700c454
bvk2-resolution-uncertainty-table-v1,S/DIS,10.60625,0.48,SDIS_BCC48_ROOT_CHIN_REFINED,chiN,chiN,0.007500000000000284,0.003750000000000142,BCC,DIS,48x48x48,analytic homogeneous,direct BCC excess energy; F_DIS=0 analytic,direct grid; no fine-grid correction,false,,ordered-branch survival midpoint,predicate-bracket coordinate half-width; excludes BCC grid bias,false,,not_tabulated,stress-oriented interior cell root; family observed |stress| <= 2.80e-6,accepted_survival_root_resolution_bias_unquantified,boundary_bracket,accepted,results/bvk2_sdis_fixed_fa_chi_refinement,results/bvk2_sdis_fixed_fa_chi_refinement/points/S_DIS_target_fA0p480000.csv;results/bvk2_publication_phase_diagram/accepted_phase_boundaries.csv,d77d54438ceaf91c559df5e3a9c12ef6430376f2551164d8b35964bde9fa2853;e1bd7408c4c65a3f6d001f7515557b75904676198c86dcb7c81553f1e700c454
bvk2-resolution-uncertainty-table-v1,S/DIS,10.6446875,0.47,SDIS_BCC48_ROOT_CHIN_REFINED,chiN,chiN,0.007500000000000284,0.003750000000000142,BCC,DIS,48x48x48,analytic homogeneous,direct BCC excess energy; F_DIS=0 analytic,direct grid; no fine-grid correction,false,,ordered-branch survival midpoint,predicate-bracket coordinate half-width; excludes BCC grid bias,false,,not_tabulated,stress-oriented interior cell root; family observed |stress| <= 2.80e-6,accepted_survival_root_resolution_bias_unquantified,boundary_bracket,accepted,results/bvk2_sdis_fixed_fa_chi_refinement,results/bvk2_sdis_fixed_fa_chi_refinement/points/S_DIS_target_fA0p470000.csv;results/bvk2_publication_phase_diagram/accepted_phase_boundaries.csv,b6ee98f4687597343363e4982193d75fdccbe2f73e7b74ccb0f636eed8adb91d;e1bd7408c4c65a3f6d001f7515557b75904676198c86dcb7c81553f1e700c454
bvk2-resolution-uncertainty-table-v1,S/DIS,10.7,0.46,SDIS_BCC48_ROOT_CHIN_REFINED,chiN,chiN,0.007500000000000284,0.003750000000000142,BCC,DIS,48x48x48,analytic homogeneous,direct BCC excess energy; F_DIS=0 analytic,direct grid; no fine-grid correction,false,,ordered-branch survival midpoint,predicate-bracket coordinate half-width; excludes BCC grid bias,false,,not_tabulated,stress-oriented interior cell root; family observed |stress| <= 2.80e-6,accepted_survival_root_resolution_bias_unquantified,boundary_bracket,accepted,results/bvk2_sdis_fixed_fa_chi_refinement,results/bvk2_sdis_fixed_fa_chi_refinement/points/S_DIS_target_fA0p460000.csv;results/bvk2_publication_phase_diagram/accepted_phase_boundaries.csv,b51fe70ac2c9216e2621af67c3783abc40912d03eb1f4d677826487d8575131b;e1bd7408c4c65a3f6d001f7515557b75904676198c86dcb7c81553f1e700c454
bvk2-resolution-uncertainty-table-v1,S/DIS,10.7459375,0.45,SDIS_BCC48_ROOT_CHIN_REFINED,chiN,chiN,0.007500000000000284,0.003750000000000142,BCC,DIS,48x48x48,analytic homogeneous,direct BCC excess energy; F_DIS=0 analytic,direct grid; no fine-grid correction,false,,ordered-branch survival midpoint,predicate-bracket coordinate half-width; excludes BCC grid bias,false,,not_tabulated,stress-oriented interior cell root; family observed |stress| <= 2.80e-6,accepted_survival_root_resolution_bias_unquantified,boundary_bracket,accepted,results/bvk2_sdis_fixed_fa_chi_refinement,results/bvk2_sdis_fixed_fa_chi_refinement/points/S_DIS_target_fA0p450000.csv;results/bvk2_publication_phase_diagram/accepted_phase_boundaries.csv,558a889217f18027f329ec5df762c9a0db4b3b8c3ab19c8b907f8d5c466be7e7;e1bd7408c4c65a3f6d001f7515557b75904676198c86dcb7c81553f1e700c454
bvk2-resolution-uncertainty-table-v1,S/DIS,10.82375,0.44,SDIS_BCC48_ROOT_CHIN_REFINED,chiN,chiN,0.007500000000000284,0.003750000000000142,BCC,DIS,48x48x48,analytic homogeneous,direct BCC excess energy; F_DIS=0 analytic,direct grid; no fine-grid correction,false,,ordered-branch survival midpoint,predicate-bracket coordinate half-width; excludes BCC grid bias,false,,not_tabulated,stress-oriented interior cell root; family observed |stress| <= 2.80e-6,accepted_survival_root_resolution_bias_unquantified,boundary_bracket,accepted,results/bvk2_sdis_fixed_fa_chi_refinement,results/bvk2_sdis_fixed_fa_chi_refinement/points/S_DIS_target_fA0p440000.csv;results/bvk2_publication_phase_diagram/accepted_phase_boundaries.csv,fc012c818ae62ce34050531d71baab7fab93263774216b08a54a377d17b46df0;e1bd7408c4c65a3f6d001f7515557b75904676198c86dcb7c81553f1e700c454
bvk2-resolution-uncertainty-table-v1,S/DIS,10.9184375,0.43,SDIS_BCC48_ROOT_CHIN_REFINED,chiN,chiN,0.007500000000000284,0.003750000000000142,BCC,DIS,48x48x48,analytic homogeneous,direct BCC excess energy; F_DIS=0 analytic,direct grid; no fine-grid correction,false,,ordered-branch survival midpoint,predicate-bracket coordinate half-width; excludes BCC grid bias,false,,not_tabulated,stress-oriented interior cell root; family observed |stress| <= 2.80e-6,accepted_survival_root_resolution_bias_unquantified,boundary_bracket,accepted,results/bvk2_sdis_fixed_fa_chi_refinement,results/bvk2_sdis_fixed_fa_chi_refinement/points/S_DIS_target_fA0p430000.csv;results/bvk2_publication_phase_diagram/accepted_phase_boundaries.csv,cae615fef45003f957e031568baa285879a4323091105c214f3ceaeb1b74db44;e1bd7408c4c65a3f6d001f7515557b75904676198c86dcb7c81553f1e700c454
bvk2-resolution-uncertainty-table-v1,S/DIS,11.0,0.4223487632072487,SDIS_BCC48_ROOT_FA,fA,fA,0.0007031249999999711,0.00035156249999998557,BCC,DIS,48x48x48,analytic homogeneous,direct BCC excess energy; F_DIS=0 analytic,direct grid; no fine-grid correction,false,,ordered-branch survival midpoint,predicate-bracket coordinate half-width; excludes BCC grid bias,false,,not_tabulated,stress-oriented interior cell root; family observed |stress| <= 2.80e-6,accepted_survival_root_resolution_bias_unquantified,boundary_bracket,accepted,results/bvk2_sdis_boundary_campaign,results/bvk2_sdis_boundary_campaign/points/S_DIS_target_chiN11p000000.csv;results/bvk2_publication_phase_diagram/accepted_phase_boundaries.csv,d99f7e5c28c8d6c1f7df9ffd18f0067592ce607b397d92fb4f623e55f0bc004e;e1bd7408c4c65a3f6d001f7515557b75904676198c86dcb7c81553f1e700c454
bvk2-resolution-uncertainty-table-v1,S/DIS,11.15929864,0.41,SDIS_BCC48_ROOT_CHIN_REFINED,chiN,chiN,0.007500000000000284,0.003750000000000142,BCC,DIS,48x48x48,analytic homogeneous,direct BCC excess energy; F_DIS=0 analytic,direct grid; no fine-grid correction,false,,ordered-branch survival midpoint,predicate-bracket coordinate half-width; excludes BCC grid bias,false,,not_tabulated,stress-oriented interior cell root; family observed |stress| <= 2.80e-6,accepted_survival_root_resolution_bias_unquantified,boundary_bracket,accepted,results/bvk2_sdis_fixed_fa_chi_refinement,results/bvk2_sdis_fixed_fa_chi_refinement/points/S_DIS_target_fA0p410000.csv;results/bvk2_publication_phase_diagram/accepted_phase_boundaries.csv,d4baa902555eacda4b4b9ea15493067241a2d32e81d88ac78aff960efc34347f;e1bd7408c4c65a3f6d001f7515557b75904676198c86dcb7c81553f1e700c454
bvk2-resolution-uncertainty-table-v1,S/DIS,11.306897986,0.4,SDIS_BCC48_ROOT_CHIN_REFINED,chiN,chiN,0.007499999999998508,0.003749999999999254,BCC,DIS,48x48x48,analytic homogeneous,direct BCC excess energy; F_DIS=0 analytic,direct grid; no fine-grid correction,false,,ordered-branch survival midpoint,predicate-bracket coordinate half-width; excludes BCC grid bias,false,,not_tabulated,stress-oriented interior cell root; family observed |stress| <= 2.80e-6,accepted_survival_root_resolution_bias_unquantified,boundary_bracket,accepted,results/bvk2_sdis_fixed_fa_chi_refinement,results/bvk2_sdis_fixed_fa_chi_refinement/points/S_DIS_target_fA0p400000.csv;results/bvk2_publication_phase_diagram/accepted_phase_boundaries.csv,841a6f6da1cb5388e667fb81706fe2bd77072580ffde0aa014051a5ccb90d7f8;e1bd7408c4c65a3f6d001f7515557b75904676198c86dcb7c81553f1e700c454
bvk2-resolution-uncertainty-table-v1,S/DIS,11.5,0.3883232873625515,SDIS_BCC48_ROOT_FA,fA,fA,0.0006250000000000422,0.0003125000000000211,BCC,DIS,48x48x48,analytic homogeneous,direct BCC excess energy; F_DIS=0 analytic,direct grid; no fine-grid correction,false,,ordered-branch survival midpoint,predicate-bracket coordinate half-width; excludes BCC grid bias,false,,not_tabulated,stress-oriented interior cell root; family observed |stress| <= 2.80e-6,accepted_survival_root_resolution_bias_unquantified,boundary_bracket,accepted,results/bvk2_sdis_boundary_campaign,results/bvk2_sdis_boundary_campaign/points/S_DIS_target_chiN11p500000.csv;results/bvk2_publication_phase_diagram/accepted_phase_boundaries.csv,cd7fe5547ebdfd9467b4d51f3aebc7c2a32b30ef1857c6928f0b4dea260ca00c;e1bd7408c4c65a3f6d001f7515557b75904676198c86dcb7c81553f1e700c454
bvk2-resolution-uncertainty-table-v1,S/DIS,12.0,0.36425464773706023,SDIS_BCC48_ROOT_FA,fA,fA,0.0006249999999999867,0.00031249999999999334,BCC,DIS,48x48x48,analytic homogeneous,direct BCC excess energy; F_DIS=0 analytic,direct grid; no fine-grid correction,false,,ordered-branch survival midpoint,predicate-bracket coordinate half-width; excludes BCC grid bias,false,,not_tabulated,stress-oriented interior cell root; family observed |stress| <= 2.80e-6,accepted_survival_root_resolution_bias_unquantified,boundary_bracket,accepted,results/bvk2_sdis_boundary_campaign,results/bvk2_sdis_boundary_campaign/points/S_DIS_target_chiN12p000000.csv;results/bvk2_publication_phase_diagram/accepted_phase_boundaries.csv,6a9f7c43f1f1926856db0c5fbe5479a5cb621bdb3351865bad3d7f42fd2fa250;e1bd7408c4c65a3f6d001f7515557b75904676198c86dcb7c81553f1e700c454
bvk2-resolution-uncertainty-table-v1,S/DIS,12.5,0.34487350811156897,SDIS_BCC48_ROOT_FA,fA,fA,0.0006249999999999867,0.00031249999999999334,BCC,DIS,48x48x48,analytic homogeneous,direct BCC excess energy; F_DIS=0 analytic,direct grid; no fine-grid correction,false,,ordered-branch survival midpoint,predicate-bracket coordinate half-width; excludes BCC grid bias,false,,not_tabulated,stress-oriented interior cell root; family observed |stress| <= 2.80e-6,accepted_survival_root_resolution_bias_unquantified,boundary_bracket,accepted,results/bvk2_sdis_boundary_campaign,results/bvk2_sdis_boundary_campaign/points/S_DIS_target_chiN12p500000.csv;results/bvk2_publication_phase_diagram/accepted_phase_boundaries.csv,e2a7085db1e92f68c9d108cf0f3379fe6796330414da65b75255aa586248f01c;e1bd7408c4c65a3f6d001f7515557b75904676198c86dcb7c81553f1e700c454
bvk2-resolution-uncertainty-table-v1,S/DIS,13.0,0.3283048684860777,SDIS_BCC48_ROOT_FA,fA,fA,0.0006249999999999867,0.00031249999999999334,BCC,DIS,48x48x48,analytic homogeneous,direct BCC excess energy; F_DIS=0 analytic,direct grid; no fine-grid correction,false,,ordered-branch survival midpoint,predicate-bracket coordinate half-width; excludes BCC grid bias,false,,not_tabulated,stress-oriented interior cell root; family observed |stress| <= 2.80e-6,accepted_survival_root_resolution_bias_unquantified,boundary_bracket,accepted,results/bvk2_sdis_boundary_campaign,results/bvk2_sdis_boundary_campaign/points/S_DIS_target_chiN13p000000.csv;results/bvk2_publication_phase_diagram/accepted_phase_boundaries.csv,65606246e23cd6b1f27229d391b182a1a901d3fe2d4db6b0cdcc4efc0c3aaa1a;e1bd7408c4c65a3f6d001f7515557b75904676198c86dcb7c81553f1e700c454
bvk2-resolution-uncertainty-table-v1,S/DIS,13.5,0.31458779136058646,SDIS_BCC48_ROOT_FA,fA,fA,0.0007031250000000266,0.0003515625000000133,BCC,DIS,48x48x48,analytic homogeneous,direct BCC excess energy; F_DIS=0 analytic,direct grid; no fine-grid correction,false,,ordered-branch survival midpoint,predicate-bracket coordinate half-width; excludes BCC grid bias,false,,not_tabulated,stress-oriented interior cell root; family observed |stress| <= 2.80e-6,accepted_survival_root_resolution_bias_unquantified,boundary_bracket,accepted,results/bvk2_sdis_boundary_campaign,results/bvk2_sdis_boundary_campaign/points/S_DIS_target_chiN13p500000.csv;results/bvk2_publication_phase_diagram/accepted_phase_boundaries.csv,bfd85d6c165396611af0292d3c2ba0286e2b87f1cc1c54e4c91af1a43e9710e5;e1bd7408c4c65a3f6d001f7515557b75904676198c86dcb7c81553f1e700c454
bvk2-resolution-uncertainty-table-v1,S/DIS,14.0,0.30209467256842853,SDIS_BCC48_ROOT_FA,fA,fA,0.0006249999999999867,0.00031249999999999334,BCC,DIS,48x48x48,analytic homogeneous,direct BCC excess energy; F_DIS=0 analytic,direct grid; no fine-grid correction,false,,ordered-branch survival midpoint,predicate-bracket coordinate half-width; excludes BCC grid bias,false,,not_tabulated,stress-oriented interior cell root; family observed |stress| <= 2.80e-6,accepted_survival_root_resolution_bias_unquantified,boundary_bracket,accepted,results/bvk2_sdis_boundary_campaign,results/bvk2_sdis_boundary_campaign/points/S_DIS_target_chiN14p000000.csv;results/bvk2_publication_phase_diagram/accepted_phase_boundaries.csv,5933b41542556d12fa91c0dddfa1c63f285048638079ace7f9db1da1604b30c2;e1bd7408c4c65a3f6d001f7515557b75904676198c86dcb7c81553f1e700c454
bvk2-resolution-uncertainty-table-v1,S/DIS,14.5,0.29086457460960397,SDIS_BCC48_ROOT_FA,fA,fA,0.0006249999999999867,0.00031249999999999334,BCC,DIS,48x48x48,analytic homogeneous,direct BCC excess energy; F_DIS=0 analytic,direct grid; no fine-grid correction,false,,ordered-branch survival midpoint,predicate-bracket coordinate half-width; excludes BCC grid bias,false,,not_tabulated,stress-oriented interior cell root; family observed |stress| <= 2.80e-6,accepted_survival_root_resolution_bias_unquantified,boundary_bracket,accepted,results/bvk2_sdis_boundary_campaign,results/bvk2_sdis_boundary_campaign/points/S_DIS_target_chiN14p500000.csv;results/bvk2_publication_phase_diagram/accepted_phase_boundaries.csv,38de2e92ff749550b11939eb685c6e94e91b3937a942f0b370e29c0ce0d053ac;e1bd7408c4c65a3f6d001f7515557b75904676198c86dcb7c81553f1e700c454
bvk2-resolution-uncertainty-table-v1,S/DIS,15.0,0.2812490599841127,SDIS_BCC48_ROOT_FA,fA,fA,0.0006249999999999867,0.00031249999999999334,BCC,DIS,48x48x48,analytic homogeneous,direct BCC excess energy; F_DIS=0 analytic,direct grid; no fine-grid correction,false,,ordered-branch survival midpoint,predicate-bracket coordinate half-width; excludes BCC grid bias,false,,not_tabulated,stress-oriented interior cell root; family observed |stress| <= 2.80e-6,accepted_survival_root_resolution_bias_unquantified,boundary_bracket,accepted,results/bvk2_sdis_boundary_campaign,results/bvk2_sdis_boundary_campaign/points/S_DIS_target_chiN15p000000.csv;results/bvk2_publication_phase_diagram/accepted_phase_boundaries.csv,87b00ff9fd05ecb13a9d467605b5a90cf914e43847d8a962856955abea478533;e1bd7408c4c65a3f6d001f7515557b75904676198c86dcb7c81553f1e700c454
bvk2-resolution-uncertainty-table-v1,S/DIS,15.5,0.2718028161919548,SDIS_BCC48_ROOT_FA,fA,fA,0.0006250000000000422,0.0003125000000000211,BCC,DIS,48x48x48,analytic homogeneous,direct BCC excess energy; F_DIS=0 analytic,direct grid; no fine-grid correction,false,,ordered-branch survival midpoint,predicate-bracket coordinate half-width; excludes BCC grid bias,false,,not_tabulated,stress-oriented interior cell root; family observed |stress| <= 2.80e-6,accepted_survival_root_resolution_bias_unquantified,boundary_bracket,accepted,results/bvk2_sdis_boundary_campaign,results/bvk2_sdis_boundary_campaign/points/S_DIS_target_chiN15p500000.csv;results/bvk2_publication_phase_diagram/accepted_phase_boundaries.csv,e994292ac65a00c81b7924c9dc03cd560558e3921bcf444c4d5e9d5cb11d1055;e1bd7408c4c65a3f6d001f7515557b75904676198c86dcb7c81553f1e700c454
bvk2-resolution-uncertainty-table-v1,S/DIS,16.0,0.2637367807331303,SDIS_BCC48_ROOT_FA,fA,fA,0.0006249999999999867,0.00031249999999999334,BCC,DIS,48x48x48,analytic homogeneous,direct BCC excess energy; F_DIS=0 analytic,direct grid; no fine-grid correction,false,,ordered-branch survival midpoint,predicate-bracket coordinate half-width; excludes BCC grid bias,false,,not_tabulated,stress-oriented interior cell root; family observed |stress| <= 2.80e-6,accepted_survival_root_resolution_bias_unquantified,boundary_bracket,accepted,results/bvk2_sdis_boundary_campaign,results/bvk2_sdis_boundary_campaign/points/S_DIS_target_chiN16p000000.csv;results/bvk2_publication_phase_diagram/accepted_phase_boundaries.csv,5e691f7a1944d68128f9b4064f43ebc2219d947ff9bc4dab7e5e4ea79c22b0c5;e1bd7408c4c65a3f6d001f7515557b75904676198c86dcb7c81553f1e700c454
bvk2-resolution-uncertainty-table-v1,S/DIS,17.0,0.24872450148214764,SDIS_BCC48_ROOT_FA,fA,fA,0.0006250000000000144,0.0003125000000000072,BCC,DIS,48x48x48,analytic homogeneous,direct BCC excess energy; F_DIS=0 analytic,direct grid; no fine-grid correction,false,,ordered-branch survival midpoint,predicate-bracket coordinate half-width; excludes BCC grid bias,false,,not_tabulated,stress-oriented interior cell root; family observed |stress| <= 2.80e-6,accepted_survival_root_resolution_bias_unquantified,boundary_bracket,accepted,results/bvk2_sdis_boundary_campaign,results/bvk2_sdis_boundary_campaign/points/S_DIS_target_chiN17p000000.csv;results/bvk2_publication_phase_diagram/accepted_phase_boundaries.csv,7106e3665bc5f08d6197643ae8f6ed1d7538141e25e0db1578ac494b61d7e4fa;e1bd7408c4c65a3f6d001f7515557b75904676198c86dcb7c81553f1e700c454
bvk2-resolution-uncertainty-table-v1,S/DIS,18.0,0.23613409723116524,SDIS_BCC48_ROOT_FA,fA,fA,0.0006250000000000144,0.0003125000000000072,BCC,DIS,48x48x48,analytic homogeneous,direct BCC excess energy; F_DIS=0 analytic,direct grid; no fine-grid correction,false,,ordered-branch survival midpoint,predicate-bracket coordinate half-width; excludes BCC grid bias,false,,not_tabulated,stress-oriented interior cell root; family observed |stress| <= 2.80e-6,accepted_survival_root_resolution_bias_unquantified,boundary_bracket,accepted,results/bvk2_sdis_boundary_campaign,results/bvk2_sdis_boundary_campaign/points/S_DIS_target_chiN18p000000.csv;results/bvk2_publication_phase_diagram/accepted_phase_boundaries.csv,f96651184f3b6f6b5abdaa5dbb127e09a2f1327084a7e16d9abd6f6ef688a4d2;e1bd7408c4c65a3f6d001f7515557b75904676198c86dcb7c81553f1e700c454
bvk2-resolution-uncertainty-table-v1,S/DIS,19.0,0.2252624429801824,SDIS_BCC48_ROOT_FA,fA,fA,0.0006250000000000144,0.0003125000000000072,BCC,DIS,48x48x48,analytic homogeneous,direct BCC excess energy; F_DIS=0 analytic,direct grid; no fine-grid correction,false,,ordered-branch survival midpoint,predicate-bracket coordinate half-width; excludes BCC grid bias,false,,not_tabulated,stress-oriented interior cell root; family observed |stress| <= 2.80e-6,accepted_survival_root_resolution_bias_unquantified,boundary_bracket,accepted,results/bvk2_sdis_boundary_campaign,results/bvk2_sdis_boundary_campaign/points/S_DIS_target_chiN19p000000.csv;results/bvk2_publication_phase_diagram/accepted_phase_boundaries.csv,a0a91c8a5f68535a725f2491014a74d53563203336af28963a05fced0a36202f;e1bd7408c4c65a3f6d001f7515557b75904676198c86dcb7c81553f1e700c454
bvk2-resolution-uncertainty-table-v1,S/DIS,20.0,0.21525016372919975,SDIS_BCC48_ROOT_FA,fA,fA,0.0006250000000000144,0.0003125000000000072,BCC,DIS,48x48x48,analytic homogeneous,direct BCC excess energy; F_DIS=0 analytic,direct grid; no fine-grid correction,false,,ordered-branch survival midpoint,predicate-bracket coordinate half-width; excludes BCC grid bias,false,,not_tabulated,stress-oriented interior cell root; family observed |stress| <= 2.80e-6,accepted_survival_root_resolution_bias_unquantified,boundary_bracket,accepted,results/bvk2_sdis_boundary_campaign,results/bvk2_sdis_boundary_campaign/points/S_DIS_target_chiN20p000000.csv;results/bvk2_publication_phase_diagram/accepted_phase_boundaries.csv,79f4e2eb8dabc8cf6eb374393c0932589ac7f907d156538ae896873905eaef53;e1bd7408c4c65a3f6d001f7515557b75904676198c86dcb7c81553f1e700c454
bvk2-resolution-uncertainty-table-v1,S/DIS,21.0,0.20617538447821804,SDIS_BCC48_ROOT_FA,fA,fA,0.0006249999999999867,0.00031249999999999334,BCC,DIS,48x48x48,analytic homogeneous,direct BCC excess energy; F_DIS=0 analytic,direct grid; no fine-grid correction,false,,ordered-branch survival midpoint,predicate-bracket coordinate half-width; excludes BCC grid bias,false,,not_tabulated,stress-oriented interior cell root; family observed |stress| <= 2.80e-6,accepted_survival_root_resolution_bias_unquantified,boundary_bracket,accepted,results/bvk2_sdis_boundary_campaign,results/bvk2_sdis_boundary_campaign/points/S_DIS_target_chiN21p000000.csv;results/bvk2_publication_phase_diagram/accepted_phase_boundaries.csv,4edbd8e91d117c0000ebcd87d945f8a14dc136830c1b0336e92109c73bbed97e;e1bd7408c4c65a3f6d001f7515557b75904676198c86dcb7c81553f1e700c454
bvk2-resolution-uncertainty-table-v1,S/DIS,25.0,0.17784501747428527,SDIS_BCC48_ROOT_FA,fA,fA,0.0006249999999999867,0.00031249999999999334,BCC,DIS,48x48x48,analytic homogeneous,direct BCC excess energy; F_DIS=0 analytic,direct grid; no fine-grid correction,false,,ordered-branch survival midpoint,predicate-bracket coordinate half-width; excludes BCC grid bias,false,,not_tabulated,stress-oriented interior cell root; family observed |stress| <= 2.80e-6,accepted_survival_root_resolution_bias_unquantified,boundary_bracket,accepted,results/bvk2_sdis_boundary_campaign,results/bvk2_sdis_boundary_campaign/points/S_DIS_target_chiN25p000000.csv;results/bvk2_publication_phase_diagram/accepted_phase_boundaries.csv,ee8b745d819d6cc05f0b0b4bb9d58340f659b2a92dd1bfb646ee47466c5b9346;e1bd7408c4c65a3f6d001f7515557b75904676198c86dcb7c81553f1e700c454
bvk2-resolution-uncertainty-table-v1,S/DIS,30.0,0.15326867640792585,SDIS_BCC48_ROOT_FA,fA,fA,0.0006249999999999867,0.00031249999999999334,BCC,DIS,48x48x48,analytic homogeneous,direct BCC excess energy; F_DIS=0 analytic,direct grid; no fine-grid correction,false,,ordered-branch survival midpoint,predicate-bracket coordinate half-width; excludes BCC grid bias,false,,not_tabulated,stress-oriented interior cell root; family observed |stress| <= 2.80e-6,accepted_survival_root_resolution_bias_unquantified,boundary_bracket,accepted,results/bvk2_sdis_boundary_campaign,results/bvk2_sdis_boundary_campaign/points/S_DIS_target_chiN30p000000.csv;results/bvk2_publication_phase_diagram/accepted_phase_boundaries.csv,2c716adfa80e8163682f534eb5682ba4708bfde28332b08a09a7ede307b7b719;e1bd7408c4c65a3f6d001f7515557b75904676198c86dcb7c81553f1e700c454
bvk2-resolution-uncertainty-table-v1,S/DIS,35.0,0.13574967655305525,SDIS_BCC48_ROOT_FA,fA,fA,0.0006250000000000144,0.0003125000000000072,BCC,DIS,48x48x48,analytic homogeneous,direct BCC excess energy; F_DIS=0 analytic,direct grid; no fine-grid correction,false,,ordered-branch survival midpoint,predicate-bracket coordinate half-width; excludes BCC grid bias,false,,not_tabulated,stress-oriented interior cell root; family observed |stress| <= 2.80e-6,accepted_survival_root_resolution_bias_unquantified,boundary_bracket,accepted,results/bvk2_sdis_boundary_campaign,results/bvk2_sdis_boundary_campaign/points/S_DIS_target_chiN35p000000.csv;results/bvk2_publication_phase_diagram/accepted_phase_boundaries.csv,327652cfff7ec69b7d85b440971abd0c9869aeb785cba21bdefb4a320f444c64;e1bd7408c4c65a3f6d001f7515557b75904676198c86dcb7c81553f1e700c454
bvk2-resolution-uncertainty-table-v1,S/DIS,40.0,0.12252133499488754,SDIS_BCC48_ROOT_FA,fA,fA,0.0008593749999999956,0.0004296874999999978,BCC,DIS,48x48x48,analytic homogeneous,direct BCC excess energy; F_DIS=0 analytic,direct grid; no fine-grid correction,false,,ordered-branch survival midpoint,predicate-bracket coordinate half-width; excludes BCC grid bias,false,,not_tabulated,stress-oriented interior cell root; family observed |stress| <= 2.80e-6,accepted_survival_root_resolution_bias_unquantified,boundary_bracket,accepted,results/bvk2_sdis_boundary_campaign,results/bvk2_sdis_boundary_campaign/points/S_DIS_target_chiN40p000000.csv;results/bvk2_publication_phase_diagram/accepted_phase_boundaries.csv,c9b0e0a2e02dfce8492a897b9881a3fcbe2806cd1f92c3c5489f9d384e28c535;e1bd7408c4c65a3f6d001f7515557b75904676198c86dcb7c81553f1e700c454
bvk2-resolution-uncertainty-table-v1,S/DIS,45.0,0.11189260750175495,SDIS_BCC48_ROOT_FA,fA,fA,0.0006250000000000006,0.0003125000000000003,BCC,DIS,48x48x48,analytic homogeneous,direct BCC excess energy; F_DIS=0 analytic,direct grid; no fine-grid correction,false,,ordered-branch survival midpoint,predicate-bracket coordinate half-width; excludes BCC grid bias,false,,not_tabulated,stress-oriented interior cell root; family observed |stress| <= 2.80e-6,accepted_survival_root_resolution_bias_unquantified,boundary_bracket,accepted,results/bvk2_sdis_boundary_campaign,results/bvk2_sdis_boundary_campaign/points/S_DIS_target_chiN45p000000.csv;results/bvk2_publication_phase_diagram/accepted_phase_boundaries.csv,a679b3cbcf082961e29dd9c17101606fac97e86e2a68c462425295bbff0a9677;e1bd7408c4c65a3f6d001f7515557b75904676198c86dcb7c81553f1e700c454
bvk2-resolution-uncertainty-table-v1,S/DIS,50.0,0.10324218750000001,SDIS_BCC48_ROOT_FA,fA,fA,0.0007031249999999989,0.00035156249999999944,BCC,DIS,48x48x48,analytic homogeneous,direct BCC excess energy; F_DIS=0 analytic,direct grid; no fine-grid correction,false,,ordered-branch survival midpoint,predicate-bracket coordinate half-width; excludes BCC grid bias,false,,not_tabulated,stress-oriented interior cell root; family observed |stress| <= 2.80e-6,accepted_survival_root_resolution_bias_unquantified,boundary_bracket,accepted,results/bvk2_sdis_boundary_campaign,results/bvk2_sdis_boundary_campaign/points/S_DIS_target_chiN50p000000.csv;results/bvk2_publication_phase_diagram/accepted_phase_boundaries.csv,a9bdf00f8ca90675190b291ef972c8ab48a37d407dfb5cc62cd4a71220c11994;e1bd7408c4c65a3f6d001f7515557b75904676198c86dcb7c81553f1e700c454
bvk2-resolution-uncertainty-table-v1,S/DIS,55.0,0.0953125,SDIS_BCC48_ROOT_FA,fA,fA,0.0006250000000000006,0.0003125000000000003,BCC,DIS,48x48x48,analytic homogeneous,direct BCC excess energy; F_DIS=0 analytic,direct grid; no fine-grid correction,false,,ordered-branch survival midpoint,predicate-bracket coordinate half-width; excludes BCC grid bias,false,,not_tabulated,stress-oriented interior cell root; family observed |stress| <= 2.80e-6,accepted_survival_root_resolution_bias_unquantified,boundary_bracket,accepted,results/bvk2_sdis_boundary_campaign,results/bvk2_sdis_boundary_campaign/points/S_DIS_target_chiN55p000000.csv;results/bvk2_publication_phase_diagram/accepted_phase_boundaries.csv,e58ee311dab363d05080c0b21757c82a72002392a131583129b1a1f431def41a;e1bd7408c4c65a3f6d001f7515557b75904676198c86dcb7c81553f1e700c454
bvk2-resolution-uncertainty-table-v1,S/DIS,60.0,0.0896875,SDIS_BCC48_ROOT_FA,fA,fA,0.0006250000000000006,0.0003125000000000003,BCC,DIS,48x48x48,analytic homogeneous,direct BCC excess energy; F_DIS=0 analytic,direct grid; no fine-grid correction,false,,ordered-branch survival midpoint,predicate-bracket coordinate half-width; excludes BCC grid bias,false,,not_tabulated,stress-oriented interior cell root; family observed |stress| <= 2.80e-6,accepted_survival_root_resolution_bias_unquantified,boundary_bracket,accepted,results/bvk2_sdis_boundary_campaign,results/bvk2_sdis_boundary_campaign/points/S_DIS_target_chiN60p000000.csv;results/bvk2_publication_phase_diagram/accepted_phase_boundaries.csv,d666a626dd25d1938999d02ccd561db03614308681ebb25b229e339832b495b0;e1bd7408c4c65a3f6d001f7515557b75904676198c86dcb7c81553f1e700c454
